日期,变量,基准,权重
2025-02-01,负载,附件1先验,0.06323430711014458
2025-02-01,负载,前1天,0.08107223955745227
2025-02-01,负载,前7天,0.3646090073784168
2025-02-01,负载,近7天中位数,0.08073364427138685
2025-02-01,负载,同星期中位数,0.4103508016825994
2025-02-02,负载,附件1先验,0.0638613303182933
2025-02-02,负载,前1天,0.08241415018715079
2025-02-02,负载,前7天,0.36516138323612174
2025-02-02,负载,近7天中位数,0.08158950581166294
2025-02-02,负载,同星期中位数,0.40697363044677115
2025-02-03,负载,附件1先验,0.06527349962655082
2025-02-03,负载,前1天,0.0835148438551723
2025-02-03,负载,前7天,0.3629707540480714
2025-02-03,负载,近7天中位数,0.08641086178933079
2025-02-03,负载,同星期中位数,0.4018300406808747
2025-02-04,负载,附件1先验,0.06603247774149586
2025-02-04,负载,前1天,0.08393004489861026
2025-02-04,负载,前7天,0.36344284563237933
2025-02-04,负载,近7天中位数,0.08688635240220519
2025-02-04,负载,同星期中位数,0.39970827932530945
2025-02-05,负载,附件1先验,0.06770496639849553
2025-02-05,负载,前1天,0.0853025619625179
2025-02-05,负载,前7天,0.3616552840933133
2025-02-05,负载,近7天中位数,0.08840322633239958
2025-02-05,负载,同星期中位数,0.3969339612132737
2025-02-06,负载,附件1先验,0.06855180579424841
2025-02-06,负载,前1天,0.08583981472531213
2025-02-06,负载,前7天,0.3618962076496365
2025-02-06,负载,近7天中位数,0.08889743163202193
2025-02-06,负载,同星期中位数,0.39481474019878093
2025-02-07,负载,附件1先验,0.06981948976912242
2025-02-07,负载,前1天,0.08680456601655588
2025-02-07,负载,前7天,0.3613453279316062
2025-02-07,负载,近7天中位数,0.08979320192376218
2025-02-07,负载,同星期中位数,0.3922374143589533
2025-02-08,负载,附件1先验,0.06993366171728327
2025-02-08,负载,前1天,0.08770378427358069
2025-02-08,负载,前7天,0.3611979975820553
2025-02-08,负载,近7天中位数,0.09076356758867792
2025-02-08,负载,同星期中位数,0.39040098883840285
2025-02-09,负载,附件1先验,0.06972032704775549
2025-02-09,负载,前1天,0.08834986279163919
2025-02-09,负载,前7天,0.36420925678297694
2025-02-09,负载,近7天中位数,0.0912715093542816
2025-02-09,负载,同星期中位数,0.3864490440233468
2025-02-10,负载,附件1先验,0.07038625583572117
2025-02-10,负载,前1天,0.08831357887342568
2025-02-10,负载,前7天,0.36746112081189997
2025-02-10,负载,近7天中位数,0.09148667946593818
2025-02-10,负载,同星期中位数,0.3823523650130149
2025-02-11,负载,附件1先验,0.07132955579942822
2025-02-11,负载,前1天,0.08882208517489698
2025-02-11,负载,前7天,0.3687801900550366
2025-02-11,负载,近7天中位数,0.09198022569691074
2025-02-11,负载,同星期中位数,0.37908794327372747
2025-02-12,负载,附件1先验,0.07205831828939721
2025-02-12,负载,前1天,0.0889693555626522
2025-02-12,负载,前7天,0.3714753756623807
2025-02-12,负载,近7天中位数,0.09221158583027528
2025-02-12,负载,同星期中位数,0.3752853646552946
2025-02-13,负载,附件1先验,0.07297166728656687
2025-02-13,负载,前1天,0.08934779966575579
2025-02-13,负载,前7天,0.3755459053952018
2025-02-13,负载,近7天中位数,0.0926471113098318
2025-02-13,负载,同星期中位数,0.3694875163426437
2025-02-14,负载,附件1先验,0.07417562328798215
2025-02-14,负载,前1天,0.09013857807242869
2025-02-14,负载,前7天,0.377654585636273
2025-02-14,负载,近7天中位数,0.09340721846870237
2025-02-14,负载,同星期中位数,0.36462399453461375
2025-02-15,负载,附件1先验,0.07381635282050278
2025-02-15,负载,前1天,0.09065501711058162
2025-02-15,负载,前7天,0.3807690776855165
2025-02-15,负载,近7天中位数,0.09384706498944625
2025-02-15,负载,同星期中位数,0.3609124873939528
2025-02-16,负载,附件1先验,0.0735732609348388
2025-02-16,负载,前1天,0.09135470362863819
2025-02-16,负载,前7天,0.38290359833783477
2025-02-16,负载,近7天中位数,0.09442262512402201
2025-02-16,负载,同星期中位数,0.35774581197466626
2025-02-17,负载,附件1先验,0.07426452406289184
2025-02-17,负载,前1天,0.09142563502971154
2025-02-17,负载,前7天,0.3851882354620757
2025-02-17,负载,近7天中位数,0.09464844414798107
2025-02-17,负载,同星期中位数,0.3544731612973399
2025-02-18,负载,附件1先验,0.07529205855714707
2025-02-18,负载,前1天,0.09182504355841316
2025-02-18,负载,前7天,0.388038701118621
2025-02-18,负载,近7天中位数,0.09501596126657084
2025-02-18,负载,同星期中位数,0.349828235499248
2025-02-19,负载,附件1先验,0.07588462088383034
2025-02-19,负载,前1天,0.09187217349174955
2025-02-19,负载,前7天,0.3897451009811842
2025-02-19,负载,近7天中位数,0.09514406212267264
2025-02-19,负载,同星期中位数,0.3473540425205632
2025-02-20,负载,附件1先验,0.07675556377697879
2025-02-20,负载,前1天,0.09214999926011318
2025-02-20,负载,前7天,0.3916294506051751
2025-02-20,负载,近7天中位数,0.09541902508656877
2025-02-20,负载,同星期中位数,0.34404596127116416
2025-02-21,负载,附件1先验,0.07778931338656507
2025-02-21,负载,前1天,0.09244994340976337
2025-02-21,负载,前7天,0.39466749194952394
2025-02-21,负载,近7天中位数,0.09589719759781316
2025-02-21,负载,同星期中位数,0.33919605365633443
2025-02-22,负载,附件1先验,0.07737178102156517
2025-02-22,负载,前1天,0.0929164957975461
2025-02-22,负载,前7天,0.3970885091882515
2025-02-22,负载,近7天中位数,0.09629265216955905
2025-02-22,负载,同星期中位数,0.33633056182307813
2025-02-23,负载,附件1先验,0.07709061192120206
2025-02-23,负载,前1天,0.09334713433873154
2025-02-23,负载,前7天,0.3991553419845659
2025-02-23,负载,近7天中位数,0.09681794878492395
2025-02-23,负载,同星期中位数,0.33358896297057655
2025-02-24,负载,附件1先验,0.07792531353735443
2025-02-24,负载,前1天,0.0935525716077101
2025-02-24,负载,前7天,0.4009117446021991
2025-02-24,负载,近7天中位数,0.09702760450925772
2025-02-24,负载,同星期中位数,0.3305827657434786
2025-02-25,负载,附件1先验,0.07859673517551449
2025-02-25,负载,前1天,0.09357079883523502
2025-02-25,负载,前7天,0.40350397574846536
2025-02-25,负载,近7天中位数,0.09706581527517978
2025-02-25,负载,同星期中位数,0.3272626749656054
2025-02-26,负载,附件1先验,0.07922363024538202
2025-02-26,负载,前1天,0.09348011729127037
2025-02-26,负载,前7天,0.4053636823183991
2025-02-26,负载,近7天中位数,0.09700177356159119
2025-02-26,负载,同星期中位数,0.32493079658335733
2025-02-27,负载,附件1先验,0.07995269022062167
2025-02-27,负载,前1天,0.09376772370750706
2025-02-27,负载,前7天,0.40668280289853137
2025-02-27,负载,近7天中位数,0.09721736015268519
2025-02-27,负载,同星期中位数,0.32237942302065475
2025-02-28,负载,附件1先验,0.08112856568023126
2025-02-28,负载,前1天,0.09418309628146314
2025-02-28,负载,前7天,0.4089551013356651
2025-02-28,负载,近7天中位数,0.09775452158464831
2025-02-28,负载,同星期中位数,0.3179787151179922
2025-03-01,负载,附件1先验,0.08052427241909313
2025-03-01,负载,前1天,0.09450420317748605
2025-03-01,负载,前7天,0.4119312726466954
2025-03-01,负载,近7天中位数,0.09799761974416951
2025-03-01,负载,同星期中位数,0.31504263201255606
2025-03-02,负载,附件1先验,0.08020452205640655
2025-03-02,负载,前1天,0.09492553959489294
2025-03-02,负载,前7天,0.413681295562568
2025-03-02,负载,近7天中位数,0.09860185536759272
2025-03-02,负载,同星期中位数,0.31258678741853974
2025-03-03,负载,附件1先验,0.08085124300334788
2025-03-03,负载,前1天,0.09492121671286391
2025-03-03,负载,前7天,0.4159573948190664
2025-03-03,负载,近7天中位数,0.0986418198020161
2025-03-03,负载,同星期中位数,0.3096283256627058
2025-03-04,负载,附件1先验,0.08219023410011078
2025-03-04,负载,前1天,0.09568503249907981
2025-03-04,负载,前7天,0.4165695010788264
2025-03-04,负载,近7天中位数,0.09914655737540252
2025-03-04,负载,同星期中位数,0.3064086749465804
2025-03-05,负载,附件1先验,0.08237316192278889
2025-03-05,负载,前1天,0.09533945565176084
2025-03-05,负载,前7天,0.41984905248937054
2025-03-05,负载,近7天中位数,0.09875789116734901
2025-03-05,负载,同星期中位数,0.3036804387687307
2025-03-06,负载,附件1先验,0.08325331712188837
2025-03-06,负载,前1天,0.09569020587088725
2025-03-06,负载,前7天,0.4201791348157235
2025-03-06,负载,近7天中位数,0.09914228730747995
2025-03-06,负载,同星期中位数,0.301735054884021
2025-03-07,负载,附件1先验,0.08438062979286748
2025-03-07,负载,前1天,0.09609789725627849
2025-03-07,负载,前7天,0.4210250277481981
2025-03-07,负载,近7天中位数,0.09964114784563011
2025-03-07,负载,同星期中位数,0.2988552973570259
2025-03-08,负载,附件1先验,0.08420093508531407
2025-03-08,负载,前1天,0.09679601578204429
2025-03-08,负载,前7天,0.42196272331026496
2025-03-08,负载,近7天中位数,0.10019989172775037
2025-03-08,负载,同星期中位数,0.2968404340946263
2025-03-09,负载,附件1先验,0.08352729702304172
2025-03-09,负载,前1天,0.09686167222671883
2025-03-09,负载,前7天,0.4234274713792441
2025-03-09,负载,近7天中位数,0.10020456102166322
2025-03-09,负载,同星期中位数,0.29597899834933206
2025-03-10,负载,附件1先验,0.08442088197328412
2025-03-10,负载,前1天,0.09728821054240266
2025-03-10,负载,前7天,0.42284883048639
2025-03-10,负载,近7天中位数,0.1005605582934122
2025-03-10,负载,同星期中位数,0.294881518704511
2025-03-11,负载,附件1先验,0.08516642109986237
2025-03-11,负载,前1天,0.0973764165590413
2025-03-11,负载,前7天,0.42362374281452764
2025-03-11,负载,近7天中位数,0.10063447485051433
2025-03-11,负载,同星期中位数,0.29319894467605434
2025-03-12,负载,附件1先验,0.08603811602287423
2025-03-12,负载,前1天,0.09763303623031158
2025-03-12,负载,前7天,0.42357559301573033
2025-03-12,负载,近7天中位数,0.1008710889352701
2025-03-12,负载,同星期中位数,0.29188216579581366
2025-03-13,负载,附件1先验,0.08670074976285738
2025-03-13,负载,前1天,0.09757894513457512
2025-03-13,负载,前7天,0.42401437360538624
2025-03-13,负载,近7天中位数,0.10083642296740668
2025-03-13,负载,同星期中位数,0.2908695085297745
2025-03-14,负载,附件1先验,0.08710300916635917
2025-03-14,负载,前1天,0.09741051034024847
2025-03-14,负载,前7天,0.4254695919706974
2025-03-14,负载,近7天中位数,0.10058276563389121
2025-03-14,负载,同星期中位数,0.28943412288880366
2025-03-15,负载,附件1先验,0.08671862575209517
2025-03-15,负载,前1天,0.09759232532126337
2025-03-15,负载,前7天,0.426504906719938
2025-03-15,负载,近7天中位数,0.10087228440033284
2025-03-15,负载,同星期中位数,0.28831185780637075
2025-03-16,负载,附件1先验,0.08600657179844491
2025-03-16,负载,前1天,0.09735360926951528
2025-03-16,负载,前7天,0.42915965350864743
2025-03-16,负载,近7天中位数,0.10077326293542994
2025-03-16,负载,同星期中位数,0.28670690248796243
2025-03-17,负载,附件1先验,0.08652060048061525
2025-03-17,负载,前1天,0.09727622352126845
2025-03-17,负载,前7天,0.42930273486752146
2025-03-17,负载,近7天中位数,0.10066155892832256
2025-03-17,负载,同星期中位数,0.2862388822022724
2025-03-18,负载,附件1先验,0.08711219407991268
2025-03-18,负载,前1天,0.09737376952273376
2025-03-18,负载,前7天,0.42824373349627376
2025-03-18,负载,近7天中位数,0.1008098142791987
2025-03-18,负载,同星期中位数,0.2864604886218812
2025-03-19,负载,附件1先验,0.08791964862306133
2025-03-19,负载,前1天,0.09755611969045795
2025-03-19,负载,前7天,0.42874249704319123
2025-03-19,负载,近7天中位数,0.10094317432668273
2025-03-19,负载,同星期中位数,0.2848385603166067
2025-03-20,负载,附件1先验,0.08875153454387638
2025-03-20,负载,前1天,0.09772555614907762
2025-03-20,负载,前7天,0.42880122364046735
2025-03-20,负载,近7天中位数,0.10120710489891728
2025-03-20,负载,同星期中位数,0.2835145807676613
2025-03-21,负载,附件1先验,0.08928722997800236
2025-03-21,负载,前1天,0.09781442084575158
2025-03-21,负载,前7天,0.42836449412577177
2025-03-21,负载,近7天中位数,0.10114908647239476
2025-03-21,负载,同星期中位数,0.28338476857807965
2025-03-22,负载,附件1先验,0.08852086945706292
2025-03-22,负载,前1天,0.09770037252679893
2025-03-22,负载,前7天,0.42953817144221723
2025-03-22,负载,近7天中位数,0.10108563659295239
2025-03-22,负载,同星期中位数,0.2831549499809686
2025-03-23,负载,附件1先验,0.08768561882987175
2025-03-23,负载,前1天,0.0975870606286082
2025-03-23,负载,前7天,0.43061429056035294
2025-03-23,负载,近7天中位数,0.10092393355656532
2025-03-23,负载,同星期中位数,0.2831890964246019
2025-03-24,负载,附件1先验,0.08811133756247064
2025-03-24,负载,前1天,0.09733172062593397
2025-03-24,负载,前7天,0.43091143308421315
2025-03-24,负载,近7天中位数,0.10077274038410704
2025-03-24,负载,同星期中位数,0.2828727683432752
2025-03-25,负载,附件1先验,0.08850138337637353
2025-03-25,负载,前1天,0.09727372491336096
2025-03-25,负载,前7天,0.4304126179177506
2025-03-25,负载,近7天中位数,0.10065465660090392
2025-03-25,负载,同星期中位数,0.2831576171916111
2025-03-26,负载,附件1先验,0.08910333211500142
2025-03-26,负载,前1天,0.09734544477625674
2025-03-26,负载,前7天,0.4294131834618414
2025-03-26,负载,近7天中位数,0.1006672786985711
2025-03-26,负载,同星期中位数,0.28347076094832935
2025-03-27,负载,附件1先验,0.08936454942640362
2025-03-27,负载,前1天,0.09695416013206723
2025-03-27,负载,前7天,0.4307501270139972
2025-03-27,负载,近7天中位数,0.10033810602048641
2025-03-27,负载,同星期中位数,0.28259305740704554
2025-03-28,负载,附件1先验,0.08971379986036544
2025-03-28,负载,前1天,0.09682293149017658
2025-03-28,负载,前7天,0.42946702319179736
2025-03-28,负载,近7天中位数,0.10012133019007953
2025-03-28,负载,同星期中位数,0.283874915267581
2025-03-29,负载,附件1先验,0.08912895092824845
2025-03-29,负载,前1天,0.09673475518473554
2025-03-29,负载,前7天,0.42924457800669785
2025-03-29,负载,近7天中位数,0.10013043834619738
2025-03-29,负载,同星期中位数,0.2847612775341208
2025-03-30,负载,附件1先验,0.08736859391340822
2025-03-30,负载,前1天,0.09521486091878453
2025-03-30,负载,前7天,0.4317374348813081
2025-03-30,负载,近7天中位数,0.09889224742703333
2025-03-30,负载,同星期中位数,0.2867868628594657
2025-03-31,负载,附件1先验,0.08603280194837937
2025-03-31,负载,前1天,0.09374882766556322
2025-03-31,负载,前7天,0.4324161510699376
2025-03-31,负载,近7天中位数,0.09766909271868182
2025-03-31,负载,同星期中位数,0.2901331265974381
2025-04-01,负载,附件1先验,0.08485863538175416
2025-04-01,负载,前1天,0.09238225212508122
2025-04-01,负载,前7天,0.433668075420159
2025-04-01,负载,近7天中位数,0.09657727288743173
2025-04-01,负载,同星期中位数,0.29251376418557384
2025-04-02,负载,附件1先验,0.08387520793181448
2025-04-02,负载,前1天,0.09127510720157173
2025-04-02,负载,前7天,0.43434898313621845
2025-04-02,负载,近7天中位数,0.09535638758198095
2025-04-02,负载,同星期中位数,0.2951443141484144
2025-04-03,负载,附件1先验,0.08261732528926283
2025-04-03,负载,前1天,0.08987214050458377
2025-04-03,负载,前7天,0.4357678716190051
2025-04-03,负载,近7天中位数,0.09375655005213017
2025-04-03,负载,同星期中位数,0.29798611253501817
2025-04-04,负载,附件1先验,0.08117275203319092
2025-04-04,负载,前1天,0.08834167340793005
2025-04-04,负载,前7天,0.437029540479324
2025-04-04,负载,近7天中位数,0.09209775306357049
2025-04-04,负载,同星期中位数,0.30135828101598444
2025-04-05,负载,附件1先验,0.07960868141987437
2025-04-05,负载,前1天,0.08658027948395106
2025-04-05,负载,前7天,0.4383535800169421
2025-04-05,负载,近7天中位数,0.09040601020771177
2025-04-05,负载,同星期中位数,0.30505144887152064
2025-04-06,负载,附件1先验,0.07915671917239327
2025-04-06,负载,前1天,0.08594870139479237
2025-04-06,负载,前7天,0.43493293803299193
2025-04-06,负载,近7天中位数,0.0899806579541693
2025-04-06,负载,同星期中位数,0.3099809834456532
2025-04-07,负载,附件1先验,0.07859048045216908
2025-04-07,负载,前1天,0.08541176993026918
2025-04-07,负载,前7天,0.4314299446004101
2025-04-07,负载,近7天中位数,0.08929568461500537
2025-04-07,负载,同星期中位数,0.3152721204021462
2025-04-08,负载,附件1先验,0.0777898948398961
2025-04-08,负载,前1天,0.08449236520180385
2025-04-08,负载,前7天,0.4286611206534875
2025-04-08,负载,近7天中位数,0.08838994107727412
2025-04-08,负载,同星期中位数,0.32066667822753847
2025-04-09,负载,附件1先验,0.07716228713827387
2025-04-09,负载,前1天,0.08382823353156046
2025-04-09,负载,前7天,0.42462641560584424
2025-04-09,负载,近7天中位数,0.08764585533530134
2025-04-09,负载,同星期中位数,0.32673720838902015
2025-04-10,负载,附件1先验,0.07657652639253491
2025-04-10,负载,前1天,0.08317082816352651
2025-04-10,负载,前7天,0.42135168651145954
2025-04-10,负载,近7天中位数,0.0869597673800009
2025-04-10,负载,同星期中位数,0.33194119155247814
2025-04-11,负载,附件1先验,0.07583675791878426
2025-04-11,负载,前1天,0.08229217442821635
2025-04-11,负载,前7天,0.41757853675248896
2025-04-11,负载,近7天中位数,0.08613586944981394
2025-04-11,负载,同星期中位数,0.33815666145069656
2025-04-12,负载,附件1先验,0.07514282079385033
2025-04-12,负载,前1天,0.08163727503231398
2025-04-12,负载,前7天,0.413361729647061
2025-04-12,负载,近7天中位数,0.08544777129625193
2025-04-12,负载,同星期中位数,0.3444104032305228
2025-04-13,负载,附件1先验,0.07457214253549505
2025-04-13,负载,前1天,0.08121113127459369
2025-04-13,负载,前7天,0.4093085445485668
2025-04-13,负载,近7天中位数,0.08488595365820631
2025-04-13,负载,同星期中位数,0.3500222279831381
2025-04-14,负载,附件1先验,0.0741785598544037
2025-04-14,负载,前1天,0.08072463235876422
2025-04-14,负载,前7天,0.4061683543755509
2025-04-14,负载,近7天中位数,0.08443413082807749
2025-04-14,负载,同星期中位数,0.3544943225832037
2025-04-15,负载,附件1先验,0.07346028351796587
2025-04-15,负载,前1天,0.07989516785543459
2025-04-15,负载,前7天,0.4032640467368086
2025-04-15,负载,近7天中位数,0.08355980308758618
2025-04-15,负载,同星期中位数,0.35982069880220485
2025-04-16,负载,附件1先验,0.07276756337428093
2025-04-16,负载,前1天,0.07919130428341918
2025-04-16,负载,前7天,0.39970797317157314
2025-04-16,负载,近7天中位数,0.08285304140449715
2025-04-16,负载,同星期中位数,0.36548011776622963
2025-04-17,负载,附件1先验,0.0719988292365038
2025-04-17,负载,前1天,0.07838737163356374
2025-04-17,负载,前7天,0.396020843893456
2025-04-17,负载,近7天中位数,0.08191808112725942
2025-04-17,负载,同星期中位数,0.371674874109217
2025-04-18,负载,附件1先验,0.0709442958261696
2025-04-18,负载,前1天,0.07725615564453493
2025-04-18,负载,前7天,0.39332500637921797
2025-04-18,负载,近7天中位数,0.08076327053960011
2025-04-18,负载,同星期中位数,0.37771127161047735
2025-04-19,负载,附件1先验,0.07027338199824516
2025-04-19,负载,前1天,0.07653750211552195
2025-04-19,负载,前7天,0.38888099860559466
2025-04-19,负载,近7天中位数,0.07996550628484521
2025-04-19,负载,同星期中位数,0.3843426109957931
2025-04-20,负载,附件1先验,0.06977217335963005
2025-04-20,负载,前1天,0.07602549422628924
2025-04-20,负载,前7天,0.3850950467852222
2025-04-20,负载,近7天中位数,0.07937798686057916
2025-04-20,负载,同星期中位数,0.38972929876827933
2025-04-21,负载,附件1先验,0.06925504104048869
2025-04-21,负载,前1天,0.07552041907380677
2025-04-21,负载,前7天,0.3808119266716372
2025-04-21,负载,近7天中位数,0.07877325893031356
2025-04-21,负载,同星期中位数,0.3956393542837538
2025-04-22,负载,附件1先验,0.06872027339873467
2025-04-22,负载,前1天,0.07497426515212377
2025-04-22,负载,前7天,0.37734693496686034
2025-04-22,负载,近7天中位数,0.07815799638831908
2025-04-22,负载,同星期中位数,0.4008005300939622
2025-04-23,负载,附件1先验,0.06823953472611723
2025-04-23,负载,前1天,0.07432860608867287
2025-04-23,负载,前7天,0.3749711787320591
2025-04-23,负载,近7天中位数,0.07755731323313991
2025-04-23,负载,同星期中位数,0.4049033672200109
2025-04-24,负载,附件1先验,0.06766044484954353
2025-04-24,负载,前1天,0.07380637246368915
2025-04-24,负载,前7天,0.37048963933180157
2025-04-24,负载,近7天中位数,0.07693463691588176
2025-04-24,负载,同星期中位数,0.41110890643908404
2025-04-25,负载,附件1先验,0.06694773690430698
2025-04-25,负载,前1天,0.07303926397130005
2025-04-25,负载,前7天,0.3686683403753546
2025-04-25,负载,近7天中位数,0.07614290121281703
2025-04-25,负载,同星期中位数,0.4152017575362213
2025-04-26,负载,附件1先验,0.06629548210203551
2025-04-26,负载,前1天,0.0724123949557701
2025-04-26,负载,前7天,0.3661307843237535
2025-04-26,负载,近7天中位数,0.07536586127159166
2025-04-26,负载,同星期中位数,0.4197954773468492
2025-04-27,负载,附件1先验,0.06631000226216335
2025-04-27,负载,前1天,0.0724408589065177
2025-04-27,负载,前7天,0.3636578634631813
2025-04-27,负载,近7天中位数,0.07535112890043176
2025-04-27,负载,同星期中位数,0.4222401464677059
2025-04-28,负载,附件1先验,0.06626333972971377
2025-04-28,负载,前1天,0.07244312509533068
2025-04-28,负载,前7天,0.36308489887808815
2025-04-28,负载,近7天中位数,0.07521269519961458
2025-04-28,负载,同星期中位数,0.4229959410972529
2025-04-29,负载,附件1先验,0.06591457497540172
2025-04-29,负载,前1天,0.07206307905368121
2025-04-29,负载,前7天,0.3604843437405562
2025-04-29,负载,近7天中位数,0.07474430697375062
2025-04-29,负载,同星期中位数,0.42679369525661026
2025-04-30,负载,附件1先验,0.06515656535389626
2025-04-30,负载,前1天,0.07113611469113801
2025-04-30,负载,前7天,0.35912836819737043
2025-04-30,负载,近7天中位数,0.07392112100111424
2025-04-30,负载,同星期中位数,0.4306578307564811
2025-05-01,负载,附件1先验,0.0649944048551113
2025-05-01,负载,前1天,0.07098969332349635
2025-05-01,负载,前7天,0.35718447080878674
2025-05-01,负载,近7天中位数,0.07379341916618232
2025-05-01,负载,同星期中位数,0.4330380118464233
2025-05-02,负载,附件1先验,0.06593326114453998
2025-05-02,负载,前1天,0.07197210189911595
2025-05-02,负载,前7天,0.3553740080426307
2025-05-02,负载,近7天中位数,0.07478349305024294
2025-05-02,负载,同星期中位数,0.4319371358634705
2025-05-03,负载,附件1先验,0.06709300843107809
2025-05-03,负载,前1天,0.07286369731145301
2025-05-03,负载,前7天,0.35418147119280297
2025-05-03,负载,近7天中位数,0.07619880844445183
2025-05-03,负载,同星期中位数,0.42966301462021417
2025-05-04,负载,附件1先验,0.06857952271455119
2025-05-04,负载,前1天,0.07402077800750012
2025-05-04,负载,前7天,0.3528439944226976
2025-05-04,负载,近7天中位数,0.07796641607275345
2025-05-04,负载,同星期中位数,0.4265892887824976
2025-05-05,负载,附件1先验,0.06972299059876393
2025-05-05,负载,前1天,0.07548865190819672
2025-05-05,负载,前7天,0.3514897955219917
2025-05-05,负载,近7天中位数,0.07912955206127752
2025-05-05,负载,同星期中位数,0.42416900990977013
2025-05-06,负载,附件1先验,0.07072428709528547
2025-05-06,负载,前1天,0.07700193657173923
2025-05-06,负载,前7天,0.35025023880478884
2025-05-06,负载,近7天中位数,0.0803258869661963
2025-05-06,负载,同星期中位数,0.42169765056199027
2025-05-07,负载,附件1先验,0.07159818197650075
2025-05-07,负载,前1天,0.07821952828301605
2025-05-07,负载,前7天,0.34968046215368564
2025-05-07,负载,近7天中位数,0.08137518797862986
2025-05-07,负载,同星期中位数,0.41912663960816765
2025-05-08,负载,附件1先验,0.07228274101331592
2025-05-08,负载,前1天,0.07938534693946322
2025-05-08,负载,前7天,0.3481888812387262
2025-05-08,负载,近7天中位数,0.08251303677792089
2025-05-08,负载,同星期中位数,0.4176299940305737
2025-05-09,负载,附件1先验,0.0729044895811107
2025-05-09,负载,前1天,0.08033581338231868
2025-05-09,负载,前7天,0.34908677543011285
2025-05-09,负载,近7天中位数,0.08352637288069463
2025-05-09,负载,同星期中位数,0.4141465487257632
2025-05-10,负载,附件1先验,0.07378071007975859
2025-05-10,负载,前1天,0.08082473098771312
2025-05-10,负载,前7天,0.35052522840774286
2025-05-10,负载,近7天中位数,0.08393882211305002
2025-05-10,负载,同星期中位数,0.4109305084117354
2025-05-11,负载,附件1先验,0.07507806949351764
2025-05-11,负载,前1天,0.08167287040187322
2025-05-11,负载,前7天,0.35177379626054067
2025-05-11,负载,近7天中位数,0.08483867165158836
2025-05-11,负载,同星期中位数,0.40663659219248016
2025-05-12,负载,附件1先验,0.07562007365774501
2025-05-12,负载,前1天,0.08253748269427384
2025-05-12,负载,前7天,0.35432357844676515
2025-05-12,负载,近7天中位数,0.08577934537171854
2025-05-12,负载,同星期中位数,0.40173951982949746
2025-05-13,负载,附件1先验,0.07606826256528089
2025-05-13,负载,前1天,0.08329646897444025
2025-05-13,负载,前7天,0.3558425815821198
2025-05-13,负载,近7天中位数,0.08660457015388194
2025-05-13,负载,同星期中位数,0.3981881167242771
2025-05-14,负载,附件1先验,0.0762248662284478
2025-05-14,负载,前1天,0.08381738038359486
2025-05-14,负载,前7天,0.3565017322932084
2025-05-14,负载,近7天中位数,0.08710110541398179
2025-05-14,负载,同星期中位数,0.3963549156807672
2025-05-15,负载,附件1先验,0.0763354070605695
2025-05-15,负载,前1天,0.08426162756412132
2025-05-15,负载,前7天,0.3585558176966399
2025-05-15,负载,近7天中位数,0.0876533280312302
2025-05-15,负载,同星期中位数,0.3931938196474391
2025-05-16,负载,附件1先验,0.07692714196064522
2025-05-16,负载,前1天,0.08504279231662007
2025-05-16,负载,前7天,0.3575920320712964
2025-05-16,负载,近7天中位数,0.0885087254328311
2025-05-16,负载,同星期中位数,0.3919293082186071
2025-05-17,负载,附件1先验,0.07809622818816597
2025-05-17,负载,前1天,0.08597845684278689
2025-05-17,负载,前7天,0.35888248114483917
2025-05-17,负载,近7天中位数,0.08943102669481842
2025-05-17,负载,同星期中位数,0.38761180712938953
2025-05-18,负载,附件1先验,0.0793982364709365
2025-05-18,负载,前1天,0.08668424455964349
2025-05-18,负载,前7天,0.3601312865594199
2025-05-18,负载,近7天中位数,0.09049872611455187
2025-05-18,负载,同星期中位数,0.3832875062954482
2025-05-19,负载,附件1先验,0.07968550997578158
2025-05-19,负载,前1天,0.08742680826371413
2025-05-19,负载,前7天,0.36163184694120415
2025-05-19,负载,近7天中位数,0.09110758916430836
2025-05-19,负载,同星期中位数,0.3801482456549918
2025-05-20,负载,附件1先验,0.08003917531743256
2025-05-20,负载,前1天,0.08799915966526023
2025-05-20,负载,前7天,0.3623598906077627
2025-05-20,负载,近7天中位数,0.09179460087313975
2025-05-20,负载,同星期中位数,0.3778071735364048
2025-05-21,负载,附件1先验,0.08010492343470477
2025-05-21,负载,前1天,0.08846211925292947
2025-05-21,负载,前7天,0.36411407477824576
2025-05-21,负载,近7天中位数,0.09224054405834703
2025-05-21,负载,同星期中位数,0.37507833847577304
2025-05-22,负载,附件1先验,0.08028280419653941
2025-05-22,负载,前1天,0.08888379783887769
2025-05-22,负载,前7天,0.3660242411096365
2025-05-22,负载,近7天中位数,0.09270425627952389
2025-05-22,负载,同星期中位数,0.3721049005754226
2025-05-23,负载,附件1先验,0.08065319199173664
2025-05-23,负载,前1天,0.08943742883916056
2025-05-23,负载,前7天,0.3649059282590889
2025-05-23,负载,近7天中位数,0.0933410083054874
2025-05-23,负载,同星期中位数,0.3716624426045264
2025-05-24,负载,附件1先验,0.08158855496467463
2025-05-24,负载,前1天,0.09007396537251659
2025-05-24,负载,前7天,0.3642573561529888
2025-05-24,负载,近7天中位数,0.09403640609086739
2025-05-24,负载,同星期中位数,0.37004371741895253
2025-05-25,负载,附件1先验,0.08236217885334193
2025-05-25,负载,前1天,0.09042682541043259
2025-05-25,负载,前7天,0.3646642491377872
2025-05-25,负载,近7天中位数,0.0945168195049632
2025-05-25,负载,同星期中位数,0.368029927093475
2025-05-26,负载,附件1先验,0.08256421110748448
2025-05-26,负载,前1天,0.09095380573258371
2025-05-26,负载,前7天,0.365282406076622
2025-05-26,负载,近7天中位数,0.09511077298872433
2025-05-26,负载,同星期中位数,0.3660888040945855
2025-05-27,负载,附件1先验,0.0828153128581296
2025-05-27,负载,前1天,0.09153005881382525
2025-05-27,负载,前7天,0.36575584331858774
2025-05-27,负载,近7天中位数,0.09572465135378655
2025-05-27,负载,同星期中位数,0.36417413365567086
2025-05-28,负载,附件1先验,0.08315112393352131
2025-05-28,负载,前1天,0.09225761583688576
2025-05-28,负载,前7天,0.36669742834105395
2025-05-28,负载,近7天中位数,0.0963756576948654
2025-05-28,负载,同星期中位数,0.3615181741936735
2025-05-29,负载,附件1先验,0.08318212848209658
2025-05-29,负载,前1天,0.09244526357623714
2025-05-29,负载,前7天,0.3679647730425214
2025-05-29,负载,近7天中位数,0.09662517743816193
2025-05-29,负载,同星期中位数,0.3597826574609829
2025-05-30,负载,附件1先验,0.08236174767795013
2025-05-30,负载,前1天,0.09193996609744198
2025-05-30,负载,前7天,0.36955879947193204
2025-05-30,负载,近7天中位数,0.09612835023537995
2025-05-30,负载,同星期中位数,0.36001113651729594
2025-05-31,负载,附件1先验,0.08173524706924486
2025-05-31,负载,前1天,0.09122705383421816
2025-05-31,负载,前7天,0.3715840698944257
2025-05-31,负载,近7天中位数,0.09483715191398015
2025-05-31,负载,同星期中位数,0.360616477288131
2025-06-01,负载,附件1先验,0.0810984979861322
2025-06-01,负载,前1天,0.09047602105634449
2025-06-01,负载,前7天,0.3732591878350289
2025-06-01,负载,近7天中位数,0.09354596023031068
2025-06-01,负载,同星期中位数,0.3616203328921836
2025-06-02,负载,附件1先验,0.08249900285316229
2025-06-02,负载,前1天,0.09179501258614842
2025-06-02,负载,前7天,0.37356487414687345
2025-06-02,负载,近7天中位数,0.09561894551348503
2025-06-02,负载,同星期中位数,0.35652216490033073
2025-06-03,负载,附件1先验,0.0839790597408126
2025-06-03,负载,前1天,0.09479057513279951
2025-06-03,负载,前7天,0.3720325561213632
2025-06-03,负载,近7天中位数,0.09770347395376007
2025-06-03,负载,同星期中位数,0.35149433505126454
2025-06-04,负载,附件1先验,0.08530151890699506
2025-06-04,负载,前1天,0.09772030883662883
2025-06-04,负载,前7天,0.3709207157812667
2025-06-04,负载,近7天中位数,0.09972729640202885
2025-06-04,负载,同星期中位数,0.34633016007308054
2025-06-05,负载,附件1先验,0.08680336205617395
2025-06-05,负载,前1天,0.10066815890904697
2025-06-05,负载,前7天,0.3689948016706713
2025-06-05,负载,近7天中位数,0.10190888400554264
2025-06-05,负载,同星期中位数,0.3416247933585651
2025-06-06,负载,附件1先验,0.08810619512620056
2025-06-06,负载,前1天,0.10355826897594257
2025-06-06,负载,前7天,0.3659657852633897
2025-06-06,负载,近7天中位数,0.10465079229210014
2025-06-06,负载,同星期中位数,0.337718958342367
2025-06-07,负载,附件1先验,0.09214564930211566
2025-06-07,负载,前1天,0.10665352422455188
2025-06-07,负载,前7天,0.35966306002998627
2025-06-07,负载,近7天中位数,0.10795455409661779
2025-06-07,负载,同星期中位数,0.33358321234672833
2025-06-08,负载,附件1先验,0.09594679655261716
2025-06-08,负载,前1天,0.10921705935577553
2025-06-08,负载,前7天,0.35396747603670264
2025-06-08,负载,近7天中位数,0.11088937323463913
2025-06-08,负载,同星期中位数,0.32997929482026556
2025-06-09,负载,附件1先验,0.09554089390624167
2025-06-09,负载,前1天,0.11060027343320153
2025-06-09,负载,前7天,0.3581853812854641
2025-06-09,负载,近7天中位数,0.11195608927574775
2025-06-09,负载,同星期中位数,0.32371736209934493
2025-06-10,负载,附件1先验,0.0953500825982197
2025-06-10,负载,前1天,0.11192883327977744
2025-06-10,负载,前7天,0.3623999334825497
2025-06-10,负载,近7天中位数,0.11329568742371247
2025-06-10,负载,同星期中位数,0.31702546321574077
2025-06-11,负载,附件1先验,0.09522581283196006
2025-06-11,负载,前1天,0.11292246506051175
2025-06-11,负载,前7天,0.3661304177273743
2025-06-11,负载,近7天中位数,0.11451010548081915
2025-06-11,负载,同星期中位数,0.3112111988993347
2025-06-12,负载,附件1先验,0.0950858385836272
2025-06-12,负载,前1天,0.11423470315162701
2025-06-12,负载,前7天,0.3689936067346218
2025-06-12,负载,近7天中位数,0.11582693088746485
2025-06-12,负载,同星期中位数,0.3058589206426592
2025-06-13,负载,附件1先验,0.09474862009148428
2025-06-13,负载,前1天,0.11526192042915709
2025-06-13,负载,前7天,0.3726689233307967
2025-06-13,负载,近7天中位数,0.11693192367449755
2025-06-13,负载,同星期中位数,0.3003886124740644
2025-06-14,负载,附件1先验,0.09655313547824926
2025-06-14,负载,前1天,0.11563232768805584
2025-06-14,负载,前7天,0.3752362531331759
2025-06-14,负载,近7天中位数,0.11753812375263863
2025-06-14,负载,同星期中位数,0.29504015994788046
2025-06-15,负载,附件1先验,0.09832116914990853
2025-06-15,负载,前1天,0.11623670094785846
2025-06-15,负载,前7天,0.3774118306902599
2025-06-15,负载,近7天中位数,0.11811359164667444
2025-06-15,负载,同星期中位数,0.2899167075652987
2025-06-16,负载,附件1先验,0.09782505645323193
2025-06-16,负载,前1天,0.11719256809590549
2025-06-16,负载,前7天,0.37944306227116315
2025-06-16,负载,近7天中位数,0.11902641870451884
2025-06-16,负载,同星期中位数,0.2865128944751806
2025-06-17,负载,附件1先验,0.09730297564366824
2025-06-17,负载,前1天,0.11806864095466416
2025-06-17,负载,前7天,0.38151360005600027
2025-06-17,负载,近7天中位数,0.11995739289216097
2025-06-17,负载,同星期中位数,0.2831573904535064
2025-06-18,负载,附件1先验,0.09683118658912017
2025-06-18,负载,前1天,0.11884139513740982
2025-06-18,负载,前7天,0.383577793345747
2025-06-18,负载,近7天中位数,0.1208558745918709
2025-06-18,负载,同星期中位数,0.27989375033585207
2025-06-19,负载,附件1先验,0.09646815394464456
2025-06-19,负载,前1天,0.11963059252295685
2025-06-19,负载,前7天,0.384855031509739
2025-06-19,负载,近7天中位数,0.12180658319616515
2025-06-19,负载,同星期中位数,0.2772396388264944
2025-06-20,负载,附件1先验,0.09609916967812757
2025-06-20,负载,前1天,0.12052334657556643
2025-06-20,负载,前7天,0.38679813134053187
2025-06-20,负载,近7天中位数,0.12266512188347845
2025-06-20,负载,同星期中位数,0.27391423052229563
2025-06-21,负载,附件1先验,0.09762734243069425
2025-06-21,负载,前1天,0.12069905240095434
2025-06-21,负载,前7天,0.387814363258742
2025-06-21,负载,近7天中位数,0.12305485193646255
2025-06-21,负载,同星期中位数,0.2708043899731468
2025-06-22,负载,附件1先验,0.09919326814000949
2025-06-22,负载,前1天,0.12083080914094026
2025-06-22,负载,前7天,0.3885970963949406
2025-06-22,负载,近7天中位数,0.12349295270274863
2025-06-22,负载,同星期中位数,0.26788587362136107
2025-06-23,负载,附件1先验,0.09837573305422
2025-06-23,负载,前1天,0.12131752426889156
2025-06-23,负载,前7天,0.3900209597095029
2025-06-23,负载,近7天中位数,0.1237673314973743
2025-06-23,负载,同星期中位数,0.26651845147001124
2025-06-24,负载,附件1先验,0.09779265719786288
2025-06-24,负载,前1天,0.12183718479073956
2025-06-24,负载,前7天,0.39091911883697533
2025-06-24,负载,近7天中位数,0.12436970108676668
2025-06-24,负载,同星期中位数,0.26508133808765555
2025-06-25,负载,附件1先验,0.09738470476456638
2025-06-25,负载,前1天,0.12264595619736837
2025-06-25,负载,前7天,0.391310840159945
2025-06-25,负载,近7天中位数,0.12510086732898276
2025-06-25,负载,同星期中位数,0.2635576315491374
2025-06-26,负载,附件1先验,0.09697360847985549
2025-06-26,负载,前1天,0.12313145575770933
2025-06-26,负载,前7天,0.3919020069257416
2025-06-26,负载,近7天中位数,0.1258860523326571
2025-06-26,负载,同星期中位数,0.2621068765040365
2025-06-27,负载,附件1先验,0.09640565894684618
2025-06-27,负载,前1天,0.1235845107583742
2025-06-27,负载,前7天,0.3927470218649605
2025-06-27,负载,近7天中位数,0.1264498767159035
2025-06-27,负载,同星期中位数,0.26081293171391556
2025-06-28,负载,附件1先验,0.09767012080430314
2025-06-28,负载,前1天,0.12377862060780273
2025-06-28,负载,前7天,0.3922407180377372
2025-06-28,负载,近7天中位数,0.12661764756932287
2025-06-28,负载,同星期中位数,0.2596928929808341
2025-06-29,负载,附件1先验,0.09892092992378786
2025-06-29,负载,前1天,0.1241817222881633
2025-06-29,负载,前7天,0.3916180004958363
2025-06-29,负载,近7天中位数,0.1268517052751948
2025-06-29,负载,同星期中位数,0.25842764201701784
2025-06-30,负载,附件1先验,0.09672913431819136
2025-06-30,负载,前1天,0.12313330358604112
2025-06-30,负载,前7天,0.3954708551182337
2025-06-30,负载,近7天中位数,0.12539775661296554
2025-06-30,负载,同星期中位数,0.25926895036456826
2025-07-01,负载,附件1先验,0.09472678942918532
2025-07-01,负载,前1天,0.11987019308024584
2025-07-01,负载,前7天,0.40082170847141624
2025-07-01,负载,近7天中位数,0.124080549614006
2025-07-01,负载,同星期中位数,0.2605007594051466
2025-07-02,负载,附件1先验,0.09575827071023278
2025-07-02,负载,前1天,0.12073965025507008
2025-07-02,负载,前7天,0.3978859493653379
2025-07-02,负载,近7天中位数,0.12598115053999298
2025-07-02,负载,同星期中位数,0.25963497912936634
2025-07-03,负载,附件1先验,0.0964855475441901
2025-07-03,负载,前1天,0.12423992487028845
2025-07-03,负载,前7天,0.3936169787594529
2025-07-03,负载,近7天中位数,0.12731478902001653
2025-07-03,负载,同星期中位数,0.25834275980605204
2025-07-04,负载,附件1先验,0.0974515797505786
2025-07-04,负载,前1天,0.1280299526175738
2025-07-04,负载,前7天,0.38914686771164153
2025-07-04,负载,近7天中位数,0.12823942748152645
2025-07-04,负载,同星期中位数,0.25713217243867964
2025-07-05,负载,附件1先验,0.1011281490047989
2025-07-05,负载,前1天,0.1307494212998603
2025-07-05,负载,前7天,0.38021335955455676
2025-07-05,负载,近7天中位数,0.13436328854789983
2025-07-05,负载,同星期中位数,0.25354578159288427
2025-07-06,负载,附件1先验,0.10461308198674077
2025-07-06,负载,前1天,0.13302412536181887
2025-07-06,负载,前7天,0.3724733193893609
2025-07-06,负载,近7天中位数,0.14022632488109563
2025-07-06,负载,同星期中位数,0.24966314838098377
2025-07-07,负载,附件1先验,0.10619487641719629
2025-07-07,负载,前1天,0.13795476311978408
2025-07-07,负载,前7天,0.3613710374583082
2025-07-07,负载,近7天中位数,0.1423951088700565
2025-07-07,负载,同星期中位数,0.25208421413465504
2025-07-08,负载,附件1先验,0.10740283188923354
2025-07-08,负载,前1天,0.1423703110243535
2025-07-08,负载,前7天,0.35019727286824825
2025-07-08,负载,近7天中位数,0.14660145984717812
2025-07-08,负载,同星期中位数,0.25342812437098655
2025-07-09,负载,附件1先验,0.10611298939042275
2025-07-09,负载,前1天,0.1439594527286933
2025-07-09,负载,前7天,0.35236114183593764
2025-07-09,负载,近7天中位数,0.14789882582335745
2025-07-09,负载,同星期中位数,0.2496675902215888
2025-07-10,负载,附件1先验,0.10504426782565886
2025-07-10,负载,前1天,0.14516307149960905
2025-07-10,负载,前7天,0.35402273115721034
2025-07-10,负载,近7天中位数,0.14929483110891217
2025-07-10,负载,同星期中位数,0.2464750984086095
2025-07-11,负载,附件1先验,0.1040766284852467
2025-07-11,负载,前1天,0.14657909682428283
2025-07-11,负载,前7天,0.3554063283597561
2025-07-11,负载,近7天中位数,0.15064610198113842
2025-07-11,负载,同星期中位数,0.243291844349576
2025-07-12,负载,附件1先验,0.10619856800500592
2025-07-12,负载,前1天,0.1472705103348424
2025-07-12,负载,前7天,0.35646219147119024
2025-07-12,负载,近7天中位数,0.15126235208093897
2025-07-12,负载,同星期中位数,0.23880637810802244
2025-07-13,负载,附件1先验,0.10847832405032028
2025-07-13,负载,前1天,0.14789922368830996
2025-07-13,负载,前7天,0.3568905890661872
2025-07-13,负载,近7天中位数,0.1520226219658004
2025-07-13,负载,同星期中位数,0.23470924122938208
2025-07-14,负载,附件1先验,0.10716975509913183
2025-07-14,负载,前1天,0.1491875826385904
2025-07-14,负载,前7天,0.35879105717406223
2025-07-14,负载,近7天中位数,0.1529846552019551
2025-07-14,负载,同星期中位数,0.23186694988626042
2025-07-15,负载,附件1先验,0.10587389728102801
2025-07-15,负载,前1天,0.15025997259716534
2025-07-15,负载,前7天,0.3611971099397095
2025-07-15,负载,近7天中位数,0.15411543939477837
2025-07-15,负载,同星期中位数,0.22855358078731872
2025-07-16,负载,附件1先验,0.1048408543601777
2025-07-16,负载,前1天,0.15147201281115186
2025-07-16,负载,前7天,0.36133678680874615
2025-07-16,负载,近7天中位数,0.1551708465157576
2025-07-16,负载,同星期中位数,0.2271794995041666
2025-07-17,负载,附件1先验,0.10370997768669324
2025-07-17,负载,前1天,0.15230277755433466
2025-07-17,负载,前7天,0.3628692826238186
2025-07-17,负载,近7天中位数,0.1559409048996104
2025-07-17,负载,同星期中位数,0.22517705723554304
2025-07-18,负载,附件1先验,0.10266767707717747
2025-07-18,负载,前1天,0.1530249786727763
2025-07-18,负载,前7天,0.3638555343968908
2025-07-18,负载,近7天中位数,0.15701331187344714
2025-07-18,负载,同星期中位数,0.2234384979797083
2025-07-19,负载,附件1先验,0.10437153904816768
2025-07-19,负载,前1天,0.15341051875623318
2025-07-19,负载,前7天,0.36457724795500196
2025-07-19,负载,近7天中位数,0.1573349199246009
2025-07-19,负载,同星期中位数,0.22030577431599616
2025-07-20,负载,附件1先验,0.10627287574879887
2025-07-20,负载,前1天,0.15389157036062515
2025-07-20,负载,前7天,0.3649101670663232
2025-07-20,负载,近7天中位数,0.15800008588122058
2025-07-20,负载,同星期中位数,0.2169253009430322
2025-07-21,负载,附件1先验,0.10511930579538112
2025-07-21,负载,前1天,0.1552215876484508
2025-07-21,负载,前7天,0.3654522133705956
2025-07-21,负载,近7天中位数,0.15897579557597988
2025-07-21,负载,同星期中位数,0.21523109760959258
2025-07-22,负载,附件1先验,0.10404017074776303
2025-07-22,负载,前1天,0.15607554098425244
2025-07-22,负载,前7天,0.36613556728474
2025-07-22,负载,近7天中位数,0.15979031759652523
2025-07-22,负载,同星期中位数,0.21395840338671918
2025-07-23,负载,附件1先验,0.10272658420250683
2025-07-23,负载,前1天,0.1562563413121453
2025-07-23,负载,前7天,0.3677685329636322
2025-07-23,负载,近7天中位数,0.160523934574556
2025-07-23,负载,同星期中位数,0.21272460694715972
2025-07-24,负载,附件1先验,0.10150373421925427
2025-07-24,负载,前1天,0.1572232991248571
2025-07-24,负载,前7天,0.36823144365620236
2025-07-24,负载,近7天中位数,0.16125408902647115
2025-07-24,负载,同星期中位数,0.21178743397321514
2025-07-25,负载,附件1先验,0.10038911459106402
2025-07-25,负载,前1天,0.15788853831858013
2025-07-25,负载,前7天,0.36915357821949424
2025-07-25,负载,近7天中位数,0.16183274348304044
2025-07-25,负载,同星期中位数,0.21073602538782113
2025-07-26,负载,附件1先验,0.10194809618158292
2025-07-26,负载,前1天,0.15811390161182604
2025-07-26,负载,前7天,0.36901608751730947
2025-07-26,负载,近7天中位数,0.16222779156757985
2025-07-26,负载,同星期中位数,0.2086941231217017
2025-07-27,负载,附件1先验,0.10366892973133376
2025-07-27,负载,前1天,0.1583174493267706
2025-07-27,负载,前7天,0.3685914578783574
2025-07-27,负载,近7天中位数,0.16278528149085061
2025-07-27,负载,同星期中位数,0.20663688157268767
2025-07-28,负载,附件1先验,0.102498636929186
2025-07-28,负载,前1天,0.15940375833265572
2025-07-28,负载,前7天,0.3692574434047473
2025-07-28,负载,近7天中位数,0.1636803230103611
2025-07-28,负载,同星期中位数,0.2051598383230498
2025-07-29,负载,附件1先验,0.10129409595291396
2025-07-29,负载,前1天,0.16014916880271118
2025-07-29,负载,前7天,0.3706367069813125
2025-07-29,负载,近7天中位数,0.16427121761861263
2025-07-29,负载,同星期中位数,0.20364881064444976
2025-07-30,负载,附件1先验,0.09828950652954484
2025-07-30,负载,前1天,0.15820809570910782
2025-07-30,负载,前7天,0.376511594126476
2025-07-30,负载,近7天中位数,0.1634168019198808
2025-07-30,负载,同星期中位数,0.20357400171499063
2025-07-31,负载,附件1先验,0.09526864515353654
2025-07-31,负载,前1天,0.15281869886614008
2025-07-31,负载,前7天,0.3858434114608765
2025-07-31,负载,近7天中位数,0.16237875444399608
2025-07-31,负载,同星期中位数,0.20369049007545073
2025-08-01,负载,附件1先验,0.09247194586203886
2025-08-01,负载,前1天,0.1475579596170942
2025-08-01,负载,前7天,0.39432366214749753
2025-08-01,负载,近7天中位数,0.16113363473457887
2025-08-01,负载,同星期中位数,0.20451279763879052
2025-08-02,负载,附件1先验,0.0893114326099852
2025-08-02,负载,前1天,0.14301779064465475
2025-08-02,负载,前7天,0.4104174917825049
2025-08-02,负载,近7天中位数,0.15180157057438712
2025-08-02,负载,同星期中位数,0.20545171438846813
2025-08-03,负载,附件1先验,0.08603574113082986
2025-08-03,负载,前1天,0.13816566773122194
2025-08-03,负载,前7天,0.42600485973178687
2025-08-03,负载,近7天中位数,0.14264055223073105
2025-08-03,负载,同星期中位数,0.2071531791754303
2025-08-04,负载,附件1先验,0.08267148786604177
2025-08-04,负载,前1天,0.13182107652670988
2025-08-04,负载,前7天,0.4407382122659394
2025-08-04,负载,近7天中位数,0.1394714080338251
2025-08-04,负载,同星期中位数,0.20529781530748384
2025-08-05,负载,附件1先验,0.0792276761261089
2025-08-05,负载,前1天,0.12593210257854182
2025-08-05,负载,前7天,0.45809719951489836
2025-08-05,负载,近7天中位数,0.13344934293262892
2025-08-05,负载,同星期中位数,0.2032936788478221
2025-08-06,负载,附件1先验,0.07922439951413539
2025-08-06,负载,前1天,0.12476507632815528
2025-08-06,负载,前7天,0.4530153189483484
2025-08-06,负载,近7天中位数,0.13257399709974965
2025-08-06,负载,同星期中位数,0.21042120810961124
2025-08-07,负载,附件1先验,0.07910990106843108
2025-08-07,负载,前1天,0.12385770508245145
2025-08-07,负载,前7天,0.44806134603838565
2025-08-07,负载,近7天中位数,0.13145743361860493
2025-08-07,负载,同星期中位数,0.21751361419212698
2025-08-08,负载,附件1先验,0.07867941721038614
2025-08-08,负载,前1天,0.12235551893752138
2025-08-08,负载,前7天,0.4445764743030977
2025-08-08,负载,近7天中位数,0.1299674490801841
2025-08-08,负载,同星期中位数,0.22442114046881068
2025-08-09,负载,附件1先验,0.07766833507785395
2025-08-09,负载,前1天,0.12110275091198115
2025-08-09,负载,前7天,0.43931415957832115
2025-08-09,负载,近7天中位数,0.12869772747770347
2025-08-09,负载,同星期中位数,0.23321702695414026
2025-08-10,负载,附件1先验,0.0764370702090596
2025-08-10,负载,前1天,0.1196546436035783
2025-08-10,负载,前7天,0.43461067045562396
2025-08-10,负载,近7天中位数,0.12695167623421
2025-08-10,负载,同星期中位数,0.24234593949752817
2025-08-11,负载,附件1先验,0.0760013186528462
2025-08-11,负载,前1天,0.11798664116295693
2025-08-11,负载,前7天,0.429746273973991
2025-08-11,负载,近7天中位数,0.12564783476733385
2025-08-11,负载,同星期中位数,0.2506179314428719
2025-08-12,负载,附件1先验,0.0755473701125947
2025-08-12,负载,前1天,0.11650249516510085
2025-08-12,负载,前7天,0.4234703618193333
2025-08-12,负载,近7天中位数,0.1240362535268784
2025-08-12,负载,同星期中位数,0.26044351937609284
2025-08-13,负载,附件1先验,0.07471388217936889
2025-08-13,负载,前1天,0.11471698810449511
2025-08-13,负载,前7天,0.420744565925261
2025-08-13,负载,近7天中位数,0.12219358414747612
2025-08-13,负载,同星期中位数,0.2676309796433989
2025-08-14,负载,附件1先验,0.07404344208689023
2025-08-14,负载,前1天,0.1132150312450656
2025-08-14,负载,前7天,0.41562421611378425
2025-08-14,负载,近7天中位数,0.12069065536784768
2025-08-14,负载,同星期中位数,0.2764266551864122
2025-08-15,负载,附件1先验,0.07346091453947613
2025-08-15,负载,前1天,0.11187846047814938
2025-08-15,负载,前7天,0.41033103345673544
2025-08-15,负载,近7天中位数,0.11906077281316367
2025-08-15,负载,同星期中位数,0.28526881871247534
2025-08-16,负载,附件1先验,0.07237046233987825
2025-08-16,负载,前1天,0.11053722349387987
2025-08-16,负载,前7天,0.40405622289272036
2025-08-16,负载,近7天中位数,0.11759953314687446
2025-08-16,负载,同星期中位数,0.29543655812664704
2025-08-17,负载,附件1先验,0.07094261016432886
2025-08-17,负载,前1天,0.10869030044612187
2025-08-17,负载,前7天,0.39837940385223697
2025-08-17,负载,近7天中位数,0.11551568385760495
2025-08-17,负载,同星期中位数,0.3064720016797073
2025-08-18,负载,附件1先验,0.07031451421689153
2025-08-18,负载,前1天,0.10700002608142752
2025-08-18,负载,前7天,0.3937696261957678
2025-08-18,负载,近7天中位数,0.11392565682225084
2025-08-18,负载,同星期中位数,0.3149901766836624
2025-08-19,负载,附件1先验,0.06954215788465089
2025-08-19,负载,前1天,0.10538874126010232
2025-08-19,负载,前7天,0.3892517830443398
2025-08-19,负载,近7天中位数,0.11229353296353524
2025-08-19,负载,同星期中位数,0.3235237848473717
2025-08-20,负载,附件1先验,0.0690838423830278
2025-08-20,负载,前1天,0.10436167578042702
2025-08-20,负载,前7天,0.3836528890511414
2025-08-20,负载,近7天中位数,0.110861777038982
2025-08-20,负载,同星期中位数,0.3320398157464218
2025-08-21,负载,附件1先验,0.06863184709750231
2025-08-21,负载,前1天,0.10298863659859593
2025-08-21,负载,前7天,0.37878404191101755
2025-08-21,负载,近7天中位数,0.1094901950112088
2025-08-21,负载,同星期中位数,0.34010527938167545
2025-08-22,负载,附件1先验,0.06813843427021998
2025-08-22,负载,前1天,0.10174190118449054
2025-08-22,负载,前7天,0.37313890337215005
2025-08-22,负载,近7天中位数,0.10823115707060138
2025-08-22,负载,同星期中位数,0.3487496041025381
2025-08-23,负载,附件1先验,0.06713823347118515
2025-08-23,负载,前1天,0.10088366393845398
2025-08-23,负载,前7天,0.36802254932357237
2025-08-23,负载,近7天中位数,0.10718716618407224
2025-08-23,负载,同星期中位数,0.3567683870827163
2025-08-24,负载,附件1先验,0.06568694989083156
2025-08-24,负载,前1天,0.098950023726626
2025-08-24,负载,前7天,0.3647073144325306
2025-08-24,负载,近7天中位数,0.10523293225874285
2025-08-24,负载,同星期中位数,0.36542277969126896
2025-08-25,负载,附件1先验,0.06516583576787967
2025-08-25,负载,前1天,0.09763451808761381
2025-08-25,负载,前7天,0.35978746856514654
2025-08-25,负载,近7天中位数,0.10379606351376973
2025-08-25,负载,同星期中位数,0.37361611406559025
2025-08-26,负载,附件1先验,0.06454618263448182
2025-08-26,负载,前1天,0.09624733386990351
2025-08-26,负载,前7天,0.3554217084648567
2025-08-26,负载,近7天中位数,0.10237906608432736
2025-08-26,负载,同星期中位数,0.3814057089464306
2025-08-27,负载,附件1先验,0.06470640184611882
2025-08-27,负载,前1天,0.0962076220286557
2025-08-27,负载,前7天,0.3546600902960795
2025-08-27,负载,近7天中位数,0.1020278259017706
2025-08-27,负载,同星期中位数,0.3823980599273754
2025-08-28,负载,附件1先验,0.06505517824998731
2025-08-28,负载,前1天,0.09614135561424121
2025-08-28,负载,前7天,0.3545219100530035
2025-08-28,负载,近7天中位数,0.10195716799343323
2025-08-28,负载,同星期中位数,0.3823243880893347
2025-08-29,负载,附件1先验,0.06539609903106655
2025-08-29,负载,前1天,0.0962663019684557
2025-08-29,负载,前7天,0.3544516201284142
2025-08-29,负载,近7天中位数,0.10188032305042652
2025-08-29,负载,同星期中位数,0.38200565582163704
2025-08-30,负载,附件1先验,0.06504457612727253
2025-08-30,负载,前1天,0.09595247232484878
2025-08-30,负载,前7天,0.3531940177143211
2025-08-30,负载,近7天中位数,0.10166855495849877
2025-08-30,负载,同星期中位数,0.38414037887505886
2025-08-31,负载,附件1先验,0.06473759874122968
2025-08-31,负载,前1天,0.09585607594269802
2025-08-31,负载,前7天,0.3536560663703837
2025-08-31,负载,近7天中位数,0.10179451596599447
2025-08-31,负载,同星期中位数,0.38395574297969415
2025-09-01,负载,附件1先验,0.06524019806010585
2025-09-01,负载,前1天,0.09636358580474802
2025-09-01,负载,前7天,0.35142798067280834
2025-09-01,负载,近7天中位数,0.10180285240739084
2025-09-01,负载,同星期中位数,0.38516538305494696
2025-09-02,负载,附件1先验,0.07116155407646783
2025-09-02,负载,前1天,0.10063031268741052
2025-09-02,负载,前7天,0.3487317130221838
2025-09-02,负载,近7天中位数,0.10643757668784774
2025-09-02,负载,同星期中位数,0.37303884352609007
2025-09-03,负载,附件1先验,0.07686723735311529
2025-09-03,负载,前1天,0.1066566112788524
2025-09-03,负载,前7天,0.3471479859292765
2025-09-03,负载,近7天中位数,0.11100999932034007
2025-09-03,负载,同星期中位数,0.35831816611841566
2025-09-04,负载,附件1先验,0.08241659300575292
2025-09-04,负载,前1天,0.11195070533659199
2025-09-04,负载,前7天,0.3446307698039219
2025-09-04,负载,近7天中位数,0.11648482538989346
2025-09-04,负载,同星期中位数,0.34451710646383976
2025-09-05,负载,附件1先验,0.08830241852916465
2025-09-05,负载,前1天,0.11733369765395765
2025-09-05,负载,前7天,0.3398706749733977
2025-09-05,负载,近7天中位数,0.12202893334408882
2025-09-05,负载,同星期中位数,0.3324642754993912
2025-09-06,负载,附件1先验,0.09042097633413466
2025-09-06,负载,前1天,0.12306423324503021
2025-09-06,负载,前7天,0.33714046774025697
2025-09-06,负载,近7天中位数,0.12768117494759645
2025-09-06,负载,同星期中位数,0.32169314773298174
2025-09-07,负载,附件1先验,0.09241751475225915
2025-09-07,负载,前1天,0.12863125150904695
2025-09-07,负载,前7天,0.33260047492456507
2025-09-07,负载,近7天中位数,0.1332831260688045
2025-09-07,负载,同星期中位数,0.3130676327453244
2025-09-08,负载,附件1先验,0.09795332126328296
2025-09-08,负载,前1天,0.13337623203405216
2025-09-08,负载,前7天,0.32790216023073404
2025-09-08,负载,近7天中位数,0.13795971976464214
2025-09-08,负载,同星期中位数,0.30280856670728873
2025-09-09,负载,附件1先验,0.10146448577097729
2025-09-09,负载,前1天,0.13525226848502322
2025-09-09,负载,前7天,0.33401651780684016
2025-09-09,负载,近7天中位数,0.13975801699439788
2025-09-09,负载,同星期中位数,0.2895087109427613
2025-09-10,负载,附件1先验,0.10532150984115515
2025-09-10,负载,前1天,0.1371956606391499
2025-09-10,负载,前7天,0.3389215917739538
2025-09-10,负载,近7天中位数,0.1416017249484796
2025-09-10,负载,同星期中位数,0.27695951279726144
2025-09-11,负载,附件1先验,0.10904155084768807
2025-09-11,负载,前1天,0.1387495675500777
2025-09-11,负载,前7天,0.3433673682645994
2025-09-11,负载,近7天中位数,0.14314987921207004
2025-09-11,负载,同星期中位数,0.26569163412556485
2025-09-12,负载,附件1先验,0.1125328605590638
2025-09-12,负载,前1天,0.13985650194013105
2025-09-12,负载,前7天,0.3486539905799704
2025-09-12,负载,近7天中位数,0.14438069886996316
2025-09-12,负载,同星期中位数,0.25457594805087164
2025-09-13,负载,附件1先验,0.11113063663698886
2025-09-13,负载,前1天,0.14169131965151355
2025-09-13,负载,前7天,0.3546557855309254
2025-09-13,负载,近7天中位数,0.14623452138611756
2025-09-13,负载,同星期中位数,0.24628773679445456
2025-09-14,负载,附件1先验,0.10984906849769491
2025-09-14,负载,前1天,0.14379770776047937
2025-09-14,负载,前7天,0.3598356709780138
2025-09-14,负载,近7天中位数,0.14801825380488193
2025-09-14,负载,同星期中位数,0.23849929895893004
2025-09-15,负载,附件1先验,0.11312947662217175
2025-09-15,负载,前1天,0.14429318500821736
2025-09-15,负载,前7天,0.362976382749793
2025-09-15,负载,近7天中位数,0.14891026790690703
2025-09-15,负载,同星期中位数,0.2306906877129108
2025-09-16,负载,附件1先验,0.11643964418561542
2025-09-16,负载,前1天,0.14495385365111194
2025-09-16,负载,前7天,0.3659178555866636
2025-09-16,负载,近7天中位数,0.1495714125467083
2025-09-16,负载,同星期中位数,0.2231172340299006
2025-09-17,负载,附件1先验,0.11944257137402615
2025-09-17,负载,前1天,0.14519913202053486
2025-09-17,负载,前7天,0.3687036311196519
2025-09-17,负载,近7天中位数,0.14994512770716167
2025-09-17,负载,同星期中位数,0.21670953777862534
2025-09-18,负载,附件1先验,0.12251408641848682
2025-09-18,负载,前1天,0.14532816150716266
2025-09-18,负载,前7天,0.3721990161827381
2025-09-18,负载,近7天中位数,0.15008836965172104
2025-09-18,负载,同星期中位数,0.20987036623989147
2025-09-19,负载,附件1先验,0.12566565856029463
2025-09-19,负载,前1天,0.145410836177042
2025-09-19,负载,前7天,0.37551906615397407
2025-09-19,负载,近7天中位数,0.15020710069928925
2025-09-19,负载,同星期中位数,0.20319733840939996
2025-09-20,负载,附件1先验,0.12341305905974248
2025-09-20,负载,前1天,0.14636062266192038
2025-09-20,负载,前7天,0.38023780650968764
2025-09-20,负载,近7天中位数,0.15112036956633476
2025-09-20,负载,同星期中位数,0.1988681422023148
2025-09-21,负载,附件1先验,0.1214613956556948
2025-09-21,负载,前1天,0.147806935843945
2025-09-21,负载,前7天,0.383625118526156
2025-09-21,负载,近7天中位数,0.15231515122977735
2025-09-21,负载,同星期中位数,0.1947913987444269
2025-09-22,负载,附件1先验,0.12451654455529514
2025-09-22,负载,前1天,0.1475859447433708
2025-09-22,负载,前7天,0.3862649820614274
2025-09-22,负载,近7天中位数,0.15244942236588513
2025-09-22,负载,同星期中位数,0.18918310627402152
2025-09-23,负载,附件1先验,0.1276836906396869
2025-09-23,负载,前1天,0.1477748490508124
2025-09-23,负载,前7天,0.38713078726189815
2025-09-23,负载,近7天中位数,0.15251984605037727
2025-09-23,负载,同星期中位数,0.1848908269972253
2025-09-24,负载,附件1先验,0.13062988527493422
2025-09-24,负载,前1天,0.1476326997589191
2025-09-24,负载,前7天,0.3882628229642242
2025-09-24,负载,近7天中位数,0.1524680200843495
2025-09-24,负载,同星期中位数,0.18100657191757294
2025-09-25,负载,附件1先验,0.13392108961591878
2025-09-25,负载,前1天,0.14769163637165061
2025-09-25,负载,前7天,0.3884808956432218
2025-09-25,负载,近7天中位数,0.15244464198784227
2025-09-25,负载,同星期中位数,0.17746173638136664
2025-09-26,负载,附件1先验,0.1371770399251906
2025-09-26,负载,前1天,0.1475032611359333
2025-09-26,负载,前7天,0.38953219858809857
2025-09-26,负载,近7天中位数,0.15233935691495462
2025-09-26,负载,同星期中位数,0.1734481434358229
2025-09-27,负载,附件1先验,0.13406583588263932
2025-09-27,负载,前1天,0.1481791420288297
2025-09-27,负载,前7天,0.3943172957201549
2025-09-27,负载,近7天中位数,0.15278926859714978
2025-09-27,负载,同星期中位数,0.17064845777122623
2025-09-28,负载,附件1先验,0.13186716330827514
2025-09-28,负载,前1天,0.14939749670245966
2025-09-28,负载,前7天,0.39604772168952945
2025-09-28,负载,近7天中位数,0.15395629315209164
2025-09-28,负载,同星期中位数,0.1687313251476441
2025-09-29,负载,附件1先验,0.13478225148751288
2025-09-29,负载,前1天,0.14891088633097355
2025-09-29,负载,前7天,0.39749908150585084
2025-09-29,负载,近7天中位数,0.15362649443893156
2025-09-29,负载,同星期中位数,0.1651812862367312
2025-09-30,负载,附件1先验,0.1303861540363111
2025-09-30,负载,前1天,0.1468666217042912
2025-09-30,负载,前7天,0.40788813588513934
2025-09-30,负载,近7天中位数,0.1513100043128648
2025-09-30,负载,同星期中位数,0.16354908406139362
2025-10-01,负载,附件1先验,0.1264088687468214
2025-10-01,负载,前1天,0.14208156263459598
2025-10-01,负载,前7天,0.42090154822387993
2025-10-01,负载,近7天中位数,0.14869129101581646
2025-10-01,负载,同星期中位数,0.16191672937888632
2025-10-02,负载,附件1先验,0.12414935353769352
2025-10-02,负载,前1天,0.1380147635221283
2025-10-02,负载,前7天,0.43303656881528635
2025-10-02,负载,近7天中位数,0.14468298947325955
2025-10-02,负载,同星期中位数,0.1601163246516323
2025-10-03,负载,附件1先验,0.12124293639698254
2025-10-03,负载,前1天,0.1342162042017572
2025-10-03,负载,前7天,0.4465366713400543
2025-10-03,负载,近7天中位数,0.14023103740590603
2025-10-03,负载,同星期中位数,0.15777315065529995
2025-10-04,负载,附件1先验,0.11646758408134802
2025-10-04,负载,前1天,0.1299474605597184
2025-10-04,负载,前7天,0.46286453245350423
2025-10-04,负载,近7天中位数,0.13563276160618898
2025-10-04,负载,同星期中位数,0.15508766129924037
2025-10-05,负载,附件1先验,0.11173127196722772
2025-10-05,负载,前1天,0.12560482790047267
2025-10-05,负载,前7天,0.4796545324758832
2025-10-05,负载,近7天中位数,0.13101932953787612
2025-10-05,负载,同星期中位数,0.15199003811854025
2025-10-06,负载,附件1先验,0.107978196083849
2025-10-06,负载,前1天,0.12065666544351178
2025-10-06,负载,前7天,0.49661906806292533
2025-10-06,负载,近7天中位数,0.1261640284446991
2025-10-06,负载,同星期中位数,0.14858204196501476
2025-10-07,负载,附件1先验,0.10904232177748946
2025-10-07,负载,前1天,0.1210953616587602
2025-10-07,负载,前7天,0.49024907632854337
2025-10-07,负载,近7天中位数,0.12671053897456414
2025-10-07,负载,同星期中位数,0.15290270126064287
2025-10-08,负载,附件1先验,0.10990358420311584
2025-10-08,负载,前1天,0.12138608815971023
2025-10-08,负载,前7天,0.4844789443024221
2025-10-08,负载,近7天中位数,0.1271486250391479
2025-10-08,负载,同星期中位数,0.15708275829560397
2025-10-09,负载,附件1先验,0.10957004014585126
2025-10-09,负载,前1天,0.12047482257079413
2025-10-09,负载,前7天,0.48411974484879394
2025-10-09,负载,近7天中位数,0.12611394448392246
2025-10-09,负载,同星期中位数,0.1597214479506382
2025-10-10,负载,附件1先验,0.1092091071418027
2025-10-10,负载,前1天,0.11959015217396043
2025-10-10,负载,前7天,0.48307554998786256
2025-10-10,负载,近7天中位数,0.12512178705182903
2025-10-10,负载,同星期中位数,0.16300340364454524
2025-10-11,负载,附件1先验,0.10783689765571608
2025-10-11,负载,前1天,0.11888822233765776
2025-10-11,负载,前7天,0.48212996103445716
2025-10-11,负载,近7天中位数,0.12434242812236794
2025-10-11,负载,同星期中位数,0.16680249084980112
2025-10-12,负载,附件1先验,0.10642742805363288
2025-10-12,负载,前1天,0.11831692198279158
2025-10-12,负载,前7天,0.4810574026722634
2025-10-12,负载,近7天中位数,0.12349484828975396
2025-10-12,负载,同星期中位数,0.1707033990015582
2025-10-13,负载,附件1先验,0.10602851577562887
2025-10-13,负载,前1天,0.11720681773869482
2025-10-13,负载,前7天,0.4801773995392925
2025-10-13,负载,近7天中位数,0.12253642907749228
2025-10-13,负载,同星期中位数,0.17405083786889153
2025-10-14,负载,附件1先验,0.10528323597283419
2025-10-14,负载,前1天,0.11607053201486832
2025-10-14,负载,前7天,0.4798366702070835
2025-10-14,负载,近7天中位数,0.1213167273068418
2025-10-14,负载,同星期中位数,0.17749283449837222
2025-10-15,负载,附件1先验,0.10498652430236331
2025-10-15,负载,前1天,0.11539175116497467
2025-10-15,负载,前7天,0.47835169106119724
2025-10-15,负载,近7天中位数,0.12043401644862135
2025-10-15,负载,同星期中位数,0.1808360170228434
2025-10-16,负载,附件1先验,0.10470482562786168
2025-10-16,负载,前1天,0.11458426847205717
2025-10-16,负载,前7天,0.47605105890496524
2025-10-16,负载,近7天中位数,0.11957132781565626
2025-10-16,负载,同星期中位数,0.18508851917945968
2025-10-17,负载,附件1先验,0.10430926555566497
2025-10-17,负载,前1天,0.11370859893671881
2025-10-17,负载,前7天,0.4731412237346606
2025-10-17,负载,近7天中位数,0.11864496899743057
2025-10-17,负载,同星期中位数,0.19019594277552512
2025-10-18,负载,附件1先验,0.10263920285884218
2025-10-18,负载,前1天,0.11261610545193555
2025-10-18,负载,前7天,0.4719223554889432
2025-10-18,负载,近7天中位数,0.11741004842998147
2025-10-18,负载,同星期中位数,0.19541228777029762
2025-10-19,负载,附件1先验,0.10103185853134607
2025-10-19,负载,前1天,0.11201272231233672
2025-10-19,负载,前7天,0.4700478912925503
2025-10-19,负载,近7天中位数,0.11619994233715762
2025-10-19,负载,同星期中位数,0.20070758552660928
2025-10-20,负载,附件1先验,0.10042326605361693
2025-10-20,负载,前1天,0.11060255869771482
2025-10-20,负载,前7天,0.46751452038297514
2025-10-20,负载,近7天中位数,0.11508023411237943
2025-10-20,负载,同星期中位数,0.20637942075331364
2025-10-21,负载,附件1先验,0.09972179321202879
2025-10-21,负载,前1天,0.10942897168612307
2025-10-21,负载,前7天,0.46565584452022585
2025-10-21,负载,近7天中位数,0.11384246124290379
2025-10-21,负载,同星期中位数,0.21135092933871855
2025-10-22,负载,附件1先验,0.0990563576092872
2025-10-22,负载,前1天,0.10820577137636675
2025-10-22,负载,前7天,0.4646584296999863
2025-10-22,负载,近7天中位数,0.11256699938421014
2025-10-22,负载,同星期中位数,0.21551244193014962
2025-10-23,负载,附件1先验,0.0983220868207489
2025-10-23,负载,前1天,0.10704482240584959
2025-10-23,负载,前7天,0.4617879036168651
2025-10-23,负载,近7天中位数,0.11133163957434826
2025-10-23,负载,同星期中位数,0.22151354758218822
2025-10-24,负载,附件1先验,0.09734363759220582
2025-10-24,负载,前1天,0.10550286011814175
2025-10-24,负载,前7天,0.46012793388590156
2025-10-24,负载,近7天中位数,0.10982142579760933
2025-10-24,负载,同星期中位数,0.2272041426061416
2025-10-25,负载,附件1先验,0.0956597743698372
2025-10-25,负载,前1天,0.10445015269712582
2025-10-25,负载,前7天,0.455977785377889
2025-10-25,负载,近7天中位数,0.10858432856958201
2025-10-25,负载,同星期中位数,0.23532795898556597
2025-10-26,负载,附件1先验,0.09344218585081537
2025-10-26,负载,前1天,0.10311272812928196
2025-10-26,负载,前7天,0.4551027992475293
2025-10-26,负载,近7天中位数,0.1066599817843034
2025-10-26,负载,同星期中位数,0.24168230498806995
2025-10-27,负载,附件1先验,0.09259842440852921
2025-10-27,负载,前1天,0.10141878302730879
2025-10-27,负载,前7天,0.4508686499478301
2025-10-27,负载,近7天中位数,0.10540103678600085
2025-10-27,负载,同星期中位数,0.24971310583033102
2025-10-28,负载,附件1先验,0.09201201078862951
2025-10-28,负载,前1天,0.10034905263323965
2025-10-28,负载,前7天,0.45070345503111325
2025-10-28,负载,近7天中位数,0.10438252176756144
2025-10-28,负载,同星期中位数,0.2525529597794562
2025-10-29,负载,附件1先验,0.09163670824115026
2025-10-29,负载,前1天,0.09953092585833269
2025-10-29,负载,前7天,0.44985838184551147
2025-10-29,负载,近7天中位数,0.10344753890898148
2025-10-29,负载,同星期中位数,0.25552644514602396
2025-10-30,负载,附件1先验,0.0891786211273196
2025-10-30,负载,前1天,0.09746953851237913
2025-10-30,负载,前7天,0.45022788961494237
2025-10-30,负载,近7天中位数,0.10119458928633691
2025-10-30,负载,同星期中位数,0.2619293614590219
2025-10-31,负载,附件1先验,0.08694173910102193
2025-10-31,负载,前1天,0.09491702201113436
2025-10-31,负载,前7天,0.45086171971618066
2025-10-31,负载,近7天中位数,0.09886127284922154
2025-10-31,负载,同星期中位数,0.26841824632244143
2025-11-01,负载,附件1先验,0.08494624725120134
2025-11-01,负载,前1天,0.09281661411103077
2025-11-01,负载,前7天,0.44886452740291843
2025-11-01,负载,近7天中位数,0.096813348023449
2025-11-01,负载,同星期中位数,0.27655926321140045
2025-11-02,负载,附件1先验,0.0825883816547558
2025-11-02,负载,前1天,0.09039365798340177
2025-11-02,负载,前7天,0.4485226347623434
2025-11-02,负载,近7天中位数,0.09432285328452163
2025-11-02,负载,同星期中位数,0.2841724723149775
2025-11-03,负载,附件1先验,0.08033086013350531
2025-11-03,负载,前1天,0.08783168102439903
2025-11-03,负载,前7天,0.4474797799005209
2025-11-03,负载,近7天中位数,0.09174619788290549
2025-11-03,负载,同星期中位数,0.2926114810586692
2025-11-04,负载,附件1先验,0.07859292363364348
2025-11-04,负载,前1天,0.08603511770484902
2025-11-04,负载,前7天,0.45154847253312935
2025-11-04,负载,近7天中位数,0.0897691121054211
2025-11-04,负载,同星期中位数,0.29405437402295714
2025-11-05,负载,附件1先验,0.0771856516556429
2025-11-05,负载,前1天,0.08442726362682235
2025-11-05,负载,前7天,0.45301205947202855
2025-11-05,负载,近7天中位数,0.08809317977570302
2025-11-05,负载,同星期中位数,0.29728184546980313
2025-11-06,负载,附件1先验,0.07655159728152762
2025-11-06,负载,前1天,0.0837028550738859
2025-11-06,负载,前7天,0.44746518965463
2025-11-06,负载,近7天中位数,0.08734836979299515
2025-11-06,负载,同星期中位数,0.3049319881969613
2025-11-07,负载,附件1先验,0.07598062190366768
2025-11-07,负载,前1天,0.0831861101629497
2025-11-07,负载,前7天,0.4420142615698789
2025-11-07,负载,近7天中位数,0.08669104979628812
2025-11-07,负载,同星期中位数,0.31212795656721565
2025-11-08,负载,附件1先验,0.07541995004821613
2025-11-08,负载,前1天,0.08251172831165042
2025-11-08,负载,前7天,0.43751085108867144
2025-11-08,负载,近7天中位数,0.08605741839591871
2025-11-08,负载,同星期中位数,0.3185000521555432
2025-11-09,负载,附件1先验,0.07451508776221882
2025-11-09,负载,前1天,0.08146135776156094
2025-11-09,负载,前7天,0.4332466839276064
2025-11-09,负载,近7天中位数,0.08503634216227039
2025-11-09,负载,同星期中位数,0.32574052838634343
2025-11-10,负载,附件1先验,0.07369257707210651
2025-11-10,负载,前1天,0.08064202044628917
2025-11-10,负载,前7天,0.42881601744849007
2025-11-10,负载,近7天中位数,0.0840694303215843
2025-11-10,负载,同星期中位数,0.33277995471153
2025-11-11,负载,附件1先验,0.07312723728870535
2025-11-11,负载,前1天,0.08013326567675788
2025-11-11,负载,前7天,0.42382390736820813
2025-11-11,负载,近7天中位数,0.08340986075703431
2025-11-11,负载,同星期中位数,0.33950572890929437
2025-11-12,负载,附件1先验,0.07244737987630073
2025-11-12,负载,前1天,0.07931593115878634
2025-11-12,负载,前7天,0.418111804002652
2025-11-12,负载,近7天中位数,0.08262664207932749
2025-11-12,负载,同星期中位数,0.3474982428829335
2025-11-13,负载,附件1先验,0.07171073719034204
2025-11-13,负载,前1天,0.07862698723205738
2025-11-13,负载,前7天,0.4125317142520669
2025-11-13,负载,近7天中位数,0.08182721537508007
2025-11-13,负载,同星期中位数,0.35530334595045354
2025-11-14,负载,附件1先验,0.07130164391382382
2025-11-14,负载,前1天,0.07828084635004803
2025-11-14,负载,前7天,0.4072430448340925
2025-11-14,负载,近7天中位数,0.08135561149992776
2025-11-14,负载,同星期中位数,0.36181885340210784
2025-11-15,负载,附件1先验,0.07053960009448018
2025-11-15,负载,前1天,0.07742581555231993
2025-11-15,负载,前7天,0.4034652611421647
2025-11-15,负载,近7天中位数,0.08048622208648615
2025-11-15,负载,同星期中位数,0.36808310112454906
2025-11-16,负载,附件1先验,0.06970760138696969
2025-11-16,负载,前1天,0.07639901623444159
2025-11-16,负载,前7天,0.39899556521998797
2025-11-16,负载,近7天中位数,0.07956155720277389
2025-11-16,负载,同星期中位数,0.3753362599558268
2025-11-17,负载,附件1先验,0.06929111805473936
2025-11-17,负载,前1天,0.07609457173090567
2025-11-17,负载,前7天,0.39367664101688066
2025-11-17,负载,近7天中位数,0.07904170743799348
2025-11-17,负载,同星期中位数,0.3818959617594809
2025-11-18,负载,附件1先验,0.06904111492315981
2025-11-18,负载,前1天,0.07575618144792863
2025-11-18,负载,前7天,0.38931149100805823
2025-11-18,负载,近7天中位数,0.07868652821690962
2025-11-18,负载,同星期中位数,0.38720468440394373
2025-11-19,负载,附件1先验,0.06846993046016077
2025-11-19,负载,前1天,0.07506206979281284
2025-11-19,负载,前7天,0.38369080547401635
2025-11-19,负载,近7天中位数,0.07799069747958168
2025-11-19,负载,同星期中位数,0.3947864967934283
2025-11-20,负载,附件1先验,0.06805228001478454
2025-11-20,负载,前1天,0.07459831081944682
2025-11-20,负载,前7天,0.380890270448472
2025-11-20,负载,近7天中位数,0.0774449993657169
2025-11-20,负载,同星期中位数,0.3990141393515797
2025-11-21,负载,附件1先验,0.0674733190225149
2025-11-21,负载,前1天,0.07400664106824009
2025-11-21,负载,前7天,0.37769685860548324
2025-11-21,负载,近7天中位数,0.0768124232848859
2025-11-21,负载,同星期中位数,0.4040107580188759
2025-11-22,负载,附件1先验,0.06696292012305127
2025-11-22,负载,前1天,0.07333509566633284
2025-11-22,负载,前7天,0.37522654663199023
2025-11-22,负载,近7天中位数,0.07623242430458294
2025-11-22,负载,同星期中位数,0.4082430132740427
2025-11-23,负载,附件1先验,0.06630960816259944
2025-11-23,负载,前1天,0.07250270475465292
2025-11-23,负载,前7天,0.3728894939050909
2025-11-23,负载,近7天中位数,0.07550103607598771
2025-11-23,负载,同星期中位数,0.412797157101669
2025-11-24,负载,附件1先验,0.06566439506078246
2025-11-24,负载,前1天,0.07189253442243536
2025-11-24,负载,前7天,0.36956559085227725
2025-11-24,负载,近7天中位数,0.07478219994407664
2025-11-24,负载,同星期中位数,0.4180952797204283
2025-11-25,负载,附件1先验,0.06528709332381773
2025-11-25,负载,前1天,0.07147502907110906
2025-11-25,负载,前7天,0.36633901417168363
2025-11-25,负载,近7天中位数,0.07434761714615208
2025-11-25,负载,同星期中位数,0.42255124628723756
2025-11-26,负载,附件1先验,0.06472660419902793
2025-11-26,负载,前1天,0.07084886440273881
2025-11-26,负载,前7天,0.36107247106779294
2025-11-26,负载,近7天中位数,0.07371053945796206
2025-11-26,负载,同星期中位数,0.4296415208724783
2025-11-27,负载,附件1先验,0.06487187839994989
2025-11-27,负载,前1天,0.07096040606344203
2025-11-27,负载,前7天,0.3590727577876652
2025-11-27,负载,近7天中位数,0.07382046182430312
2025-11-27,负载,同星期中位数,0.4312744959246398
2025-11-28,负载,附件1先验,0.06440186349100895
2025-11-28,负载,前1天,0.07048476626049267
2025-11-28,负载,前7天,0.35793891487643587
2025-11-28,负载,近7天中位数,0.07337959706952026
2025-11-28,负载,同星期中位数,0.4337948583025423
2025-11-29,负载,附件1先验,0.06435737418989507
2025-11-29,负载,前1天,0.07038050516635252
2025-11-29,负载,前7天,0.35502517727232225
2025-11-29,负载,近7天中位数,0.07332040874186478
2025-11-29,负载,同星期中位数,0.43691653462956537
2025-11-30,负载,附件1先验,0.06406844342622728
2025-11-30,负载,前1天,0.07000452085412691
2025-11-30,负载,前7天,0.3540199106672714
2025-11-30,负载,近7天中位数,0.07297106050980638
2025-11-30,负载,同星期中位数,0.43893606454256806
2025-12-01,负载,附件1先验,0.06396625928154048
2025-12-01,负载,前1天,0.06990918779797962
2025-12-01,负载,前7天,0.3517597782115541
2025-12-01,负载,近7天中位数,0.07284584002600389
2025-12-01,负载,同星期中位数,0.44151893468292197
2025-12-02,负载,附件1先验,0.06672477176797698
2025-12-02,负载,前1天,0.07310327913503706
2025-12-02,负载,前7天,0.3494438051631756
2025-12-02,负载,近7天中位数,0.0759470028188499
2025-12-02,负载,同星期中位数,0.43478114111496047
2025-12-03,负载,附件1先验,0.06896897017911088
2025-12-03,负载,前1天,0.07673480745204375
2025-12-03,负载,前7天,0.3479925641439023
2025-12-03,负载,近7天中位数,0.07857336893738215
2025-12-03,负载,同星期中位数,0.42773028928756085
2025-12-04,负载,附件1先验,0.07124308525985436
2025-12-04,负载,前1天,0.08028280179316222
2025-12-04,负载,前7天,0.3475138097489273
2025-12-04,负载,近7天中位数,0.08131529323906816
2025-12-04,负载,同星期中位数,0.41964500995898785
2025-12-05,负载,附件1先验,0.07364315284735334
2025-12-05,负载,前1天,0.08407375678535454
2025-12-05,负载,前7天,0.3455912768506828
2025-12-05,负载,近7天中位数,0.08439390379146083
2025-12-05,负载,同星期中位数,0.4122979097251485
2025-12-06,负载,附件1先验,0.07735018847070413
2025-12-06,负载,前1天,0.08691566532033668
2025-12-06,负载,前7天,0.34348886238018633
2025-12-06,负载,近7天中位数,0.08746251418063528
2025-12-06,负载,同星期中位数,0.40478276964813764
2025-12-07,负载,附件1先验,0.08153048573148745
2025-12-07,负载,前1天,0.09004243096356944
2025-12-07,负载,前7天,0.34039338999061036
2025-12-07,负载,近7天中位数,0.09097180201779549
2025-12-07,负载,同星期中位数,0.3970618912965373
2025-12-08,负载,附件1先验,0.08326912395128735
2025-12-08,负载,前1天,0.09323919701197142
2025-12-08,负载,前7天,0.3385562660810275
2025-12-08,负载,近7天中位数,0.09410542481190937
2025-12-08,负载,同星期中位数,0.39082998814380443
2025-12-09,负载,附件1先验,0.0837598446452143
2025-12-09,负载,前1天,0.09479808125775686
2025-12-09,负载,前7天,0.34433975403586503
2025-12-09,负载,近7天中位数,0.09584957154655259
2025-12-09,负载,同星期中位数,0.3812527485146113
2025-12-10,负载,附件1先验,0.08432437809358802
2025-12-10,负载,前1天,0.09653931592538802
2025-12-10,负载,前7天,0.3501487859516085
2025-12-10,负载,近7天中位数,0.09764645212392498
2025-12-10,负载,同星期中位数,0.37134106790549054
2025-12-11,负载,附件1先验,0.08473704294739909
2025-12-11,负载,前1天,0.09802765257676636
2025-12-11,负载,前7天,0.355522218821997
2025-12-11,负载,近7天中位数,0.09919607449960614
2025-12-11,负载,同星期中位数,0.36251701115423135
2025-12-12,负载,附件1先验,0.08507821354410777
2025-12-12,负载,前1天,0.09918082143216435
2025-12-12,负载,前7天,0.36004588714590696
2025-12-12,负载,近7天中位数,0.10062082919801375
2025-12-12,负载,同星期中位数,0.3550742486798072
2025-12-13,负载,附件1先验,0.08758046051177687
2025-12-13,负载,前1天,0.1009095056012708
2025-12-13,负载,前7天,0.36278185304562344
2025-12-13,负载,近7天中位数,0.10231467808916204
2025-12-13,负载,同星期中位数,0.3464135027521669
2025-12-14,负载,附件1先验,0.089762798697495
2025-12-14,负载,前1天,0.1019934124309662
2025-12-14,负载,前7天,0.36650115457479676
2025-12-14,负载,近7天中位数,0.10354692369976091
2025-12-14,负载,同星期中位数,0.3381957105969811
2025-12-15,负载,附件1先验,0.08968076056218528
2025-12-15,负载,前1天,0.10308377393051979
2025-12-15,负载,前7天,0.3713078358302136
2025-12-15,负载,近7天中位数,0.10461970265380789
2025-12-15,负载,同星期中位数,0.33130792702327344
2025-12-16,负载,附件1先验,0.08934815503982177
2025-12-16,负载,前1天,0.10388655952948998
2025-12-16,负载,前7天,0.3763038669530513
2025-12-16,负载,近7天中位数,0.10546494300563822
2025-12-16,负载,同星期中位数,0.3249964754719988
2025-12-17,负载,附件1先验,0.08914584731330491
2025-12-17,负载,前1天,0.10491682378830043
2025-12-17,负载,前7天,0.3806681149454175
2025-12-17,负载,近7天中位数,0.10650976172103438
2025-12-17,负载,同星期中位数,0.31875945223194274
2025-12-18,负载,附件1先验,0.08913533934808132
2025-12-18,负载,前1天,0.10599960989805696
2025-12-18,负载,前7天,0.38389675744350854
2025-12-18,负载,近7天中位数,0.10772750758365837
2025-12-18,负载,同星期中位数,0.3132407857266948
2025-12-19,负载,附件1先验,0.08920118246169335
2025-12-19,负载,前1天,0.10728852705091005
2025-12-19,负载,前7天,0.3865876170420828
2025-12-19,负载,近7天中位数,0.1089621014379087
2025-12-19,负载,同星期中位数,0.3079605720074051
2025-12-20,负载,附件1先验,0.09108270638789899
2025-12-20,负载,前1天,0.10819872779127049
2025-12-20,负载,前7天,0.38803554218098424
2025-12-20,负载,近7天中位数,0.10989147112094136
2025-12-20,负载,同星期中位数,0.3027915525189048
2025-12-21,负载,附件1先验,0.09278873866728297
2025-12-21,负载,前1天,0.10886784995050051
2025-12-21,负载,前7天,0.3903788767453174
2025-12-21,负载,近7天中位数,0.11053926492814516
2025-12-21,负载,同星期中位数,0.297425269708754
2025-12-22,负载,附件1先验,0.0927061543267297
2025-12-22,负载,前1天,0.10997841759719201
2025-12-22,负载,前7天,0.3929583395307315
2025-12-22,负载,近7天中位数,0.11158862920985269
2025-12-22,负载,同星期中位数,0.29276845933549417
2025-12-23,负载,附件1先验,0.09242819581243158
2025-12-23,负载,前1天,0.11088830230828416
2025-12-23,负载,前7天,0.39530238790262123
2025-12-23,负载,近7天中位数,0.11254029159673498
2025-12-23,负载,同星期中位数,0.28884082237992803
2025-12-24,负载,附件1先验,0.09194687985483282
2025-12-24,负载,前1天,0.1113621250632157
2025-12-24,负载,前7天,0.3985874931880093
2025-12-24,负载,近7天中位数,0.11316394314921106
2025-12-24,负载,同星期中位数,0.2849395587447311
2025-12-25,负载,附件1先验,0.09146167374896208
2025-12-25,负载,前1天,0.11194795195630962
2025-12-25,负载,前7天,0.4008993893902616
2025-12-25,负载,近7天中位数,0.11373515780558052
2025-12-25,负载,同星期中位数,0.2819558270988861
2025-12-26,负载,附件1先验,0.09136554572803694
2025-12-26,负载,前1天,0.11309565339636564
2025-12-26,负载,前7天,0.40168230661038845
2025-12-26,负载,近7天中位数,0.11482358165713678
2025-12-26,负载,同星期中位数,0.27903291260807217
2025-12-27,负载,附件1先验,0.09273182066625948
2025-12-27,负载,前1天,0.11337722859498713
2025-12-27,负载,前7天,0.40359024401045596
2025-12-27,负载,近7天中位数,0.11517644421991637
2025-12-27,负载,同星期中位数,0.275124262508381
2025-12-28,负载,附件1先验,0.09433164050325103
2025-12-28,负载,前1天,0.11398233539213463
2025-12-28,负载,前7天,0.4039571259974755
2025-12-28,负载,近7天中位数,0.115796638279121
2025-12-28,负载,同星期中位数,0.2719322598280179
2025-12-29,负载,附件1先验,0.09404343423534707
2025-12-29,负载,前1天,0.11500122659044937
2025-12-29,负载,前7天,0.40452119272818887
2025-12-29,负载,近7天中位数,0.11664547029847862
2025-12-29,负载,同星期中位数,0.2697886761475361
2025-12-30,负载,附件1先验,0.09186499733053115
2025-12-30,负载,前1天,0.11322511225322293
2025-12-30,负载,前7天,0.4105588923095412
2025-12-30,负载,近7天中位数,0.11525046707541899
2025-12-30,负载,同星期中位数,0.26910053103128584
2025-12-31,负载,附件1先验,0.08969726387332579
2025-12-31,负载,前1天,0.11024065468252206
2025-12-31,负载,前7天,0.4176411467020477
2025-12-31,负载,近7天中位数,0.113849357234334
2025-12-31,负载,同星期中位数,0.26857157750777044
2025-02-01,光伏,附件1先验,0.038427088176453024
2025-02-01,光伏,前1天,0.252219391596016
2025-02-01,光伏,前7天,0.21250151786129023
2025-02-01,光伏,近7天中位数,0.2931629906920397
2025-02-01,光伏,同星期中位数,0.2036890116742011
2025-02-02,光伏,附件1先验,0.03867480784025141
2025-02-02,光伏,前1天,0.24870252646142182
2025-02-02,光伏,前7天,0.21433409075905122
2025-02-02,光伏,近7天中位数,0.29688698170791844
2025-02-02,光伏,同星期中位数,0.20140159323135712
2025-02-03,光伏,附件1先验,0.03980425912429924
2025-02-03,光伏,前1天,0.2531074922495618
2025-02-03,光伏,前7天,0.21294633756731812
2025-02-03,光伏,近7天中位数,0.2968987760085472
2025-02-03,光伏,同星期中位数,0.19724313505027355
2025-02-04,光伏,附件1先验,0.040475448325560014
2025-02-04,光伏,前1天,0.25043762418183463
2025-02-04,光伏,前7天,0.2151561085822515
2025-02-04,光伏,近7天中位数,0.2974734055209071
2025-02-04,光伏,同星期中位数,0.1964574133894467
2025-02-05,光伏,附件1先验,0.04087942357713034
2025-02-05,光伏,前1天,0.24928199279605057
2025-02-05,光伏,前7天,0.21709026406402523
2025-02-05,光伏,近7天中位数,0.2950797932756252
2025-02-05,光伏,同星期中位数,0.19766852628716855
2025-02-06,光伏,附件1先验,0.04129743778161941
2025-02-06,光伏,前1天,0.2517854545595324
2025-02-06,光伏,前7天,0.2169797484369916
2025-02-06,光伏,近7天中位数,0.2938276991285633
2025-02-06,光伏,同星期中位数,0.19610966009329325
2025-02-07,光伏,附件1先验,0.041912509179247666
2025-02-07,光伏,前1天,0.25391887646383293
2025-02-07,光伏,前7天,0.21730830128100262
2025-02-07,光伏,近7天中位数,0.29659730431144044
2025-02-07,光伏,同星期中位数,0.19026300876447627
2025-02-08,光伏,附件1先验,0.04372815121716106
2025-02-08,光伏,前1天,0.25259723612241697
2025-02-08,光伏,前7天,0.21936359133373692
2025-02-08,光伏,近7天中位数,0.296369556207182
2025-02-08,光伏,同星期中位数,0.187941465119503
2025-02-09,光伏,附件1先验,0.04547411068054079
2025-02-09,光伏,前1天,0.2500542125833898
2025-02-09,光伏,前7天,0.22200707151033286
2025-02-09,光伏,近7天中位数,0.296418464374284
2025-02-09,光伏,同星期中位数,0.18604614085145255
2025-02-10,光伏,附件1先验,0.04709685504733179
2025-02-10,光伏,前1天,0.24914999642229052
2025-02-10,光伏,前7天,0.2217367905485467
2025-02-10,光伏,近7天中位数,0.29697950053894767
2025-02-10,光伏,同星期中位数,0.18503685744288328
2025-02-11,光伏,附件1先验,0.04954620154789706
2025-02-11,光伏,前1天,0.24914283190941747
2025-02-11,光伏,前7天,0.22309317152435285
2025-02-11,光伏,近7天中位数,0.2962893974098194
2025-02-11,光伏,同星期中位数,0.18192839760851331
2025-02-12,光伏,附件1先验,0.05164650897393281
2025-02-12,光伏,前1天,0.2514233308033968
2025-02-12,光伏,前7天,0.22237352991206494
2025-02-12,光伏,近7天中位数,0.2948289214995181
2025-02-12,光伏,同星期中位数,0.17972770881108724
2025-02-13,光伏,附件1先验,0.05408024443837592
2025-02-13,光伏,前1天,0.25545850126734393
2025-02-13,光伏,前7天,0.22063220010119006
2025-02-13,光伏,近7天中位数,0.2956554507614704
2025-02-13,光伏,同星期中位数,0.1741736034316198
2025-02-14,光伏,附件1先验,0.05787908390018806
2025-02-14,光伏,前1天,0.26063913020454577
2025-02-14,光伏,前7天,0.2184199189162354
2025-02-14,光伏,近7天中位数,0.2946726856670748
2025-02-14,光伏,同星期中位数,0.16838918131195602
2025-02-15,光伏,附件1先验,0.06017973150640981
2025-02-15,光伏,前1天,0.25923800588550305
2025-02-15,光伏,前7天,0.21908618719671843
2025-02-15,光伏,近7天中位数,0.2962472813356405
2025-02-15,光伏,同星期中位数,0.1652487940757282
2025-02-16,光伏,附件1先验,0.06196603797544494
2025-02-16,光伏,前1天,0.26149946594959583
2025-02-16,光伏,前7天,0.2177705021090908
2025-02-16,光伏,近7天中位数,0.2974494263058962
2025-02-16,光伏,同星期中位数,0.16131456765997212
2025-02-17,光伏,附件1先验,0.06397496497695303
2025-02-17,光伏,前1天,0.26435815469600193
2025-02-17,光伏,前7天,0.21694089312650353
2025-02-17,光伏,近7天中位数,0.2975517745556751
2025-02-17,光伏,同星期中位数,0.1571742126448665
2025-02-18,光伏,附件1先验,0.06752807984372006
2025-02-18,光伏,前1天,0.263669970537766
2025-02-18,光伏,前7天,0.2185180710654844
2025-02-18,光伏,近7天中位数,0.2979095767969762
2025-02-18,光伏,同星期中位数,0.15237430175605335
2025-02-19,光伏,附件1先验,0.06795176862381419
2025-02-19,光伏,前1天,0.26564890581272915
2025-02-19,光伏,前7天,0.21780674046485304
2025-02-19,光伏,近7天中位数,0.3013603449405248
2025-02-19,光伏,同星期中位数,0.14723224015807887
2025-02-20,光伏,附件1先验,0.07047447482938991
2025-02-20,光伏,前1天,0.27396769346300676
2025-02-20,光伏,前7天,0.21542024702556856
2025-02-20,光伏,近7天中位数,0.29956266183736924
2025-02-20,光伏,同星期中位数,0.14057492284466552
2025-02-21,光伏,附件1先验,0.0745011654595751
2025-02-21,光伏,前1天,0.2721172152280199
2025-02-21,光伏,前7天,0.21728062236042828
2025-02-21,光伏,近7天中位数,0.30094546327893235
2025-02-21,光伏,同星期中位数,0.13515553367304442
2025-02-22,光伏,附件1先验,0.07664123817291983
2025-02-22,光伏,前1天,0.2776568223280432
2025-02-22,光伏,前7天,0.21400209399375472
2025-02-22,光伏,近7天中位数,0.302269340873511
2025-02-22,光伏,同星期中位数,0.12943050463177133
2025-02-23,光伏,附件1先验,0.07733265346605149
2025-02-23,光伏,前1天,0.2736400115812332
2025-02-23,光伏,前7天,0.21609719418733964
2025-02-23,光伏,近7天中位数,0.3060172645670006
2025-02-23,光伏,同星期中位数,0.12691287619837502
2025-02-24,光伏,附件1先验,0.08047506730329952
2025-02-24,光伏,前1天,0.27863065445025514
2025-02-24,光伏,前7天,0.21318386792631608
2025-02-24,光伏,近7天中位数,0.30505931304735395
2025-02-24,光伏,同星期中位数,0.12265109727277537
2025-02-25,光伏,附件1先验,0.08400595206600396
2025-02-25,光伏,前1天,0.2767321968664053
2025-02-25,光伏,前7天,0.21584552960684977
2025-02-25,光伏,近7天中位数,0.30451885855068983
2025-02-25,光伏,同星期中位数,0.11889746291005113
2025-02-26,光伏,附件1先验,0.08950689662984525
2025-02-26,光伏,前1天,0.2818186761570262
2025-02-26,光伏,前7天,0.2171103084341909
2025-02-26,光伏,近7天中位数,0.29673164108556355
2025-02-26,光伏,同星期中位数,0.11483247769337401
2025-02-27,光伏,附件1先验,0.09054992258490058
2025-02-27,光伏,前1天,0.2812047022590838
2025-02-27,光伏,前7天,0.21881186205556333
2025-02-27,光伏,近7天中位数,0.29886680710285507
2025-02-27,光伏,同星期中位数,0.11056670599759728
2025-02-28,光伏,附件1先验,0.09418786517896292
2025-02-28,光伏,前1天,0.27729142358877173
2025-02-28,光伏,前7天,0.22261633123575983
2025-02-28,光伏,近7天中位数,0.29810688825093656
2025-02-28,光伏,同星期中位数,0.10779749174556896
2025-03-01,光伏,附件1先验,0.0985916976256475
2025-03-01,光伏,前1天,0.27212109837211357
2025-03-01,光伏,前7天,0.22503767874083816
2025-03-01,光伏,近7天中位数,0.2994585136988909
2025-03-01,光伏,同星期中位数,0.10479101156250982
2025-03-02,光伏,附件1先验,0.10310400645660903
2025-03-02,光伏,前1天,0.27020177263120154
2025-03-02,光伏,前7天,0.22692883116564924
2025-03-02,光伏,近7天中位数,0.29460700358808145
2025-03-02,光伏,同星期中位数,0.10515838615845875
2025-03-03,光伏,附件1先验,0.10717820395133766
2025-03-03,光伏,前1天,0.26602812766486084
2025-03-03,光伏,前7天,0.23205149383208748
2025-03-03,光伏,近7天中位数,0.2863275735545307
2025-03-03,光伏,同星期中位数,0.10841460099718331
2025-03-04,光伏,附件1先验,0.11186999416429394
2025-03-04,光伏,前1天,0.2671825073170709
2025-03-04,光伏,前7天,0.22956044193813274
2025-03-04,光伏,近7天中位数,0.2801460897244497
2025-03-04,光伏,同星期中位数,0.1112409668560528
2025-03-05,光伏,附件1先验,0.11713670328402617
2025-03-05,光伏,前1天,0.2684912596959922
2025-03-05,光伏,前7天,0.22218243797797402
2025-03-05,光伏,近7天中位数,0.282281085715912
2025-03-05,光伏,同星期中位数,0.10990851332609566
2025-03-06,光伏,附件1先验,0.12353993859265569
2025-03-06,光伏,前1天,0.2657470139243345
2025-03-06,光伏,前7天,0.22330224544943725
2025-03-06,光伏,近7天中位数,0.27919454863420873
2025-03-06,光伏,同星期中位数,0.10821625339936393
2025-03-07,光伏,附件1先验,0.13018390342309033
2025-03-07,光伏,前1天,0.26517396549820765
2025-03-07,光伏,前7天,0.2198952801338461
2025-03-07,光伏,近7天中位数,0.2777301383461813
2025-03-07,光伏,同星期中位数,0.10701671259867468
2025-03-08,光伏,附件1先验,0.13249267165830245
2025-03-08,光伏,前1天,0.2668579942047398
2025-03-08,光伏,前7天,0.2181959738418439
2025-03-08,光伏,近7天中位数,0.27757474619681094
2025-03-08,光伏,同星期中位数,0.10487861409830289
2025-03-09,光伏,附件1先验,0.13862582714729804
2025-03-09,光伏,前1天,0.26932580097490233
2025-03-09,光伏,前7天,0.21483218182970226
2025-03-09,光伏,近7天中位数,0.2742574858822926
2025-03-09,光伏,同星期中位数,0.10295870416580474
2025-03-10,光伏,附件1先验,0.1471599540189131
2025-03-10,光伏,前1天,0.27423133846881864
2025-03-10,光伏,前7天,0.20723708014370013
2025-03-10,光伏,近7天中位数,0.2710818899699759
2025-03-10,光伏,同星期中位数,0.10028973739859216
2025-03-11,光伏,附件1先验,0.14810573099430743
2025-03-11,光伏,前1天,0.27398328101576136
2025-03-11,光伏,前7天,0.2051786054480994
2025-03-11,光伏,近7天中位数,0.2727922815160273
2025-03-11,光伏,同星期中位数,0.09994010102580447
2025-03-12,光伏,附件1先验,0.15309717480704582
2025-03-12,光伏,前1天,0.2670630475708192
2025-03-12,光伏,前7天,0.20617358152190013
2025-03-12,光伏,近7天中位数,0.2743329316015821
2025-03-12,光伏,同星期中位数,0.09933326449865282
2025-03-13,光伏,附件1先验,0.15818756593535704
2025-03-13,光伏,前1天,0.26557029175905306
2025-03-13,光伏,前7天,0.20682488697291065
2025-03-13,光伏,近7天中位数,0.27125862691338437
2025-03-13,光伏,同星期中位数,0.09815862841929497
2025-03-14,光伏,附件1先验,0.15843681550544267
2025-03-14,光伏,前1天,0.25876858806098
2025-03-14,光伏,前7天,0.21129479903634588
2025-03-14,光伏,近7天中位数,0.27152725178270704
2025-03-14,光伏,同星期中位数,0.0999725456145244
2025-03-15,光伏,附件1先验,0.16538168619075896
2025-03-15,光伏,前1天,0.2541187536648423
2025-03-15,光伏,前7天,0.21037128470344024
2025-03-15,光伏,近7天中位数,0.2707529690601306
2025-03-15,光伏,同星期中位数,0.09937530638082792
2025-03-16,光伏,附件1先验,0.1721097513290986
2025-03-16,光伏,前1天,0.24598647999505546
2025-03-16,光伏,前7天,0.2123540829867836
2025-03-16,光伏,近7天中位数,0.26876000508436626
2025-03-16,光伏,同星期中位数,0.1007896806046961
2025-03-17,光伏,附件1先验,0.17960734251185206
2025-03-17,光伏,前1天,0.23995771338262414
2025-03-17,光伏,前7天,0.21281344662644242
2025-03-17,光伏,近7天中位数,0.2675406416262703
2025-03-17,光伏,同星期中位数,0.10008085585281118
2025-03-18,光伏,附件1先验,0.18351598086873114
2025-03-18,光伏,前1天,0.2434028167865363
2025-03-18,光伏,前7天,0.20665054046727796
2025-03-18,光伏,近7天中位数,0.26577228540091924
2025-03-18,光伏,同星期中位数,0.10065837647653535
2025-03-19,光伏,附件1先验,0.1887985229098494
2025-03-19,光伏,前1天,0.23911652336743608
2025-03-19,光伏,前7天,0.20555190636608317
2025-03-19,光伏,近7天中位数,0.26522883245397966
2025-03-19,光伏,同星期中位数,0.1013042149026517
2025-03-20,光伏,附件1先验,0.19207004146882373
2025-03-20,光伏,前1天,0.24031746192349798
2025-03-20,光伏,前7天,0.2034276049122493
2025-03-20,光伏,近7天中位数,0.26313121765532943
2025-03-20,光伏,同星期中位数,0.10105367404009963
2025-03-21,光伏,附件1先验,0.1956475182190964
2025-03-21,光伏,前1天,0.23901850107981126
2025-03-21,光伏,前7天,0.20000033382180918
2025-03-21,光伏,近7天中位数,0.2633627219329583
2025-03-21,光伏,同星期中位数,0.10197092494632493
2025-03-22,光伏,附件1先验,0.19727972722428133
2025-03-22,光伏,前1天,0.23542407135309368
2025-03-22,光伏,前7天,0.20190208089547143
2025-03-22,光伏,近7天中位数,0.2624465613802679
2025-03-22,光伏,同星期中位数,0.1029475591468857
2025-03-23,光伏,附件1先验,0.20529032722955745
2025-03-23,光伏,前1天,0.23229948528311678
2025-03-23,光伏,前7天,0.19811082578584577
2025-03-23,光伏,近7天中位数,0.2618047031100944
2025-03-23,光伏,同星期中位数,0.10249465859138562
2025-03-24,光伏,附件1先验,0.20835654651079072
2025-03-24,光伏,前1天,0.23169352435576357
2025-03-24,光伏,前7天,0.19648472177408705
2025-03-24,光伏,近7天中位数,0.26079499559645386
2025-03-24,光伏,同星期中位数,0.10267021176290486
2025-03-25,光伏,附件1先验,0.2077551635848983
2025-03-25,光伏,前1天,0.23082112531198637
2025-03-25,光伏,前7天,0.19561802910934345
2025-03-25,光伏,近7天中位数,0.26253387875541606
2025-03-25,光伏,同星期中位数,0.10327180323835579
2025-03-26,光伏,附件1先验,0.2071068024261368
2025-03-26,光伏,前1天,0.22543869993325805
2025-03-26,光伏,前7天,0.19691035666253295
2025-03-26,光伏,近7天中位数,0.26608102521535315
2025-03-26,光伏,同星期中位数,0.10446311576271906
2025-03-27,光伏,附件1先验,0.20580438611641153
2025-03-27,光伏,前1天,0.22396310398620925
2025-03-27,光伏,前7天,0.1985208245590104
2025-03-27,光伏,近7天中位数,0.26570944198051527
2025-03-27,光伏,同星期中位数,0.10600224335785349
2025-03-28,光伏,附件1先验,0.20570849792143164
2025-03-28,光伏,前1天,0.22343247029115407
2025-03-28,光伏,前7天,0.19826367995867114
2025-03-28,光伏,近7天中位数,0.2653561084745973
2025-03-28,光伏,同星期中位数,0.10723924335414589
2025-03-29,光伏,附件1先验,0.20293695436396672
2025-03-29,光伏,前1天,0.22529642730082824
2025-03-29,光伏,前7天,0.19921736292995365
2025-03-29,光伏,近7天中位数,0.2650339910220946
2025-03-29,光伏,同星期中位数,0.10751526438315688
2025-03-30,光伏,附件1先验,0.2022697727004832
2025-03-30,光伏,前1天,0.23007281894503528
2025-03-30,光伏,前7天,0.19516949172858644
2025-03-30,光伏,近7天中位数,0.26683353567972934
2025-03-30,光伏,同星期中位数,0.10565438094616562
2025-03-31,光伏,附件1先验,0.20244868545748862
2025-03-31,光伏,前1天,0.23136557766375257
2025-03-31,光伏,前7天,0.19184738291373085
2025-03-31,光伏,近7天中位数,0.2729675932882735
2025-03-31,光伏,同星期中位数,0.10137076067675437
2025-04-01,光伏,附件1先验,0.20574026233343137
2025-04-01,光伏,前1天,0.22865621471944836
2025-04-01,光伏,前7天,0.1927384729690164
2025-04-01,光伏,近7天中位数,0.2745148146376799
2025-04-01,光伏,同星期中位数,0.09835023534042397
2025-04-02,光伏,附件1先验,0.20900920713320592
2025-04-02,光伏,前1天,0.2275619517648239
2025-04-02,光伏,前7天,0.19669935324380508
2025-04-02,光伏,近7天中位数,0.26794129271481704
2025-04-02,光伏,同星期中位数,0.09878819514334795
2025-04-03,光伏,附件1先验,0.21039414709748522
2025-04-03,光伏,前1天,0.22935662547393504
2025-04-03,光伏,前7天,0.19486249491370486
2025-04-03,光伏,近7天中位数,0.26445333720725883
2025-04-03,光伏,同星期中位数,0.10093339530761604
2025-04-04,光伏,附件1先验,0.2081112663544606
2025-04-04,光伏,前1天,0.22408843111102567
2025-04-04,光伏,前7天,0.1985797110230669
2025-04-04,光伏,近7天中位数,0.26722201846848603
2025-04-04,光伏,同星期中位数,0.10199857304296085
2025-04-05,光伏,附件1先验,0.20406786838539762
2025-04-05,光伏,前1天,0.22489890977020954
2025-04-05,光伏,前7天,0.20012745494778836
2025-04-05,光伏,近7天中位数,0.26895103163165673
2025-04-05,光伏,同星期中位数,0.10195473526494782
2025-04-06,光伏,附件1先验,0.201388781216152
2025-04-06,光伏,前1天,0.22302352104071044
2025-04-06,光伏,前7天,0.20014224926268745
2025-04-06,光伏,近7天中位数,0.27263588834366936
2025-04-06,光伏,同星期中位数,0.10280956013678069
2025-04-07,光伏,附件1先验,0.19468448945927092
2025-04-07,光伏,前1天,0.22006181738078393
2025-04-07,光伏,前7天,0.20715230833266765
2025-04-07,光伏,近7天中位数,0.2753501302012747
2025-04-07,光伏,同星期中位数,0.10275125462600293
2025-04-08,光伏,附件1先验,0.19178152467140214
2025-04-08,光伏,前1天,0.22215307698255388
2025-04-08,光伏,前7天,0.2096228325450106
2025-04-08,光伏,近7天中位数,0.2748981177116051
2025-04-08,光伏,同星期中位数,0.10154444808942817
2025-04-09,光伏,附件1先验,0.18856064579036735
2025-04-09,光伏,前1天,0.2224155633954665
2025-04-09,光伏,前7天,0.20886321499249164
2025-04-09,光伏,近7天中位数,0.27792844487969987
2025-04-09,光伏,同星期中位数,0.10223213094197461
2025-04-10,光伏,附件1先验,0.18970463324177655
2025-04-10,光伏,前1天,0.21805222456857584
2025-04-10,光伏,前7天,0.210624638614534
2025-04-10,光伏,近7天中位数,0.27658263334483474
2025-04-10,光伏,同星期中位数,0.10503587023027888
2025-04-11,光伏,附件1先验,0.18639544201968108
2025-04-11,光伏,前1天,0.21765998284693494
2025-04-11,光伏,前7天,0.21198961446326745
2025-04-11,光伏,近7天中位数,0.2799267589382672
2025-04-11,光伏,同星期中位数,0.10402820173184937
2025-04-12,光伏,附件1先验,0.17865206677250617
2025-04-12,光伏,前1天,0.22129765291109993
2025-04-12,光伏,前7天,0.21689182925830958
2025-04-12,光伏,近7天中位数,0.2790954369786387
2025-04-12,光伏,同星期中位数,0.10406301407944556
2025-04-13,光伏,附件1先验,0.1761483714625679
2025-04-13,光伏,前1天,0.22311003673687754
2025-04-13,光伏,前7天,0.21721688178937312
2025-04-13,光伏,近7天中位数,0.2802503275873321
2025-04-13,光伏,同星期中位数,0.10327438242384934
2025-04-14,光伏,附件1先验,0.17172951029421835
2025-04-14,光伏,前1天,0.22518301482636102
2025-04-14,光伏,前7天,0.21784712783427124
2025-04-14,光伏,近7天中位数,0.2818106538852578
2025-04-14,光伏,同星期中位数,0.10342969315989162
2025-04-15,光伏,附件1先验,0.16540506725785534
2025-04-15,光伏,前1天,0.2245915130059527
2025-04-15,光伏,前7天,0.22143944269352142
2025-04-15,光伏,近7天中位数,0.28517554351972796
2025-04-15,光伏,同星期中位数,0.1033884335229426
2025-04-16,光伏,附件1先验,0.16094907392101837
2025-04-16,光伏,前1天,0.22730908007163345
2025-04-16,光伏,前7天,0.2228241138438058
2025-04-16,光伏,近7天中位数,0.2846169518312266
2025-04-16,光伏,同星期中位数,0.10430078033231581
2025-04-17,光伏,附件1先验,0.15983035410784338
2025-04-17,光伏,前1天,0.22197861620822618
2025-04-17,光伏,前7天,0.2245927843225552
2025-04-17,光伏,近7天中位数,0.28737058754074457
2025-04-17,光伏,同星期中位数,0.10622765782063069
2025-04-18,光伏,附件1先验,0.15531385768590097
2025-04-18,光伏,前1天,0.22271014310601692
2025-04-18,光伏,前7天,0.22703866141770615
2025-04-18,光伏,近7天中位数,0.2884908699301027
2025-04-18,光伏,同星期中位数,0.10644646786027329
2025-04-19,光伏,附件1先验,0.15141583686614823
2025-04-19,光伏,前1天,0.22332473113673693
2025-04-19,光伏,前7天,0.22746674874769496
2025-04-19,光伏,近7天中位数,0.290443616785956
2025-04-19,光伏,同星期中位数,0.1073490664634639
2025-04-20,光伏,附件1先验,0.14704283739890103
2025-04-20,光伏,前1天,0.22663464163184358
2025-04-20,光伏,前7天,0.22933087810594613
2025-04-20,光伏,近7天中位数,0.2894246268597147
2025-04-20,光伏,同星期中位数,0.10756701600359453
2025-04-21,光伏,附件1先验,0.14304392050040127
2025-04-21,光伏,前1天,0.226217628011823
2025-04-21,光伏,前7天,0.23231480227292212
2025-04-21,光伏,近7天中位数,0.2899750669984325
2025-04-21,光伏,同星期中位数,0.10844858221642116
2025-04-22,光伏,附件1先验,0.13904067550472565
2025-04-22,光伏,前1天,0.22845804863887859
2025-04-22,光伏,前7天,0.23466003158525703
2025-04-22,光伏,近7天中位数,0.28809026163636603
2025-04-22,光伏,同星期中位数,0.1097509826347728
2025-04-23,光伏,附件1先验,0.136467868161948
2025-04-23,光伏,前1天,0.2285767871542406
2025-04-23,光伏,前7天,0.2349758146702887
2025-04-23,光伏,近7天中位数,0.2893526560547579
2025-04-23,光伏,同星期中位数,0.11062687395876478
2025-04-24,光伏,附件1先验,0.13324526361269864
2025-04-24,光伏,前1天,0.23282811775881357
2025-04-24,光伏,前7天,0.2329457070178019
2025-04-24,光伏,近7天中位数,0.2901010720883535
2025-04-24,光伏,同星期中位数,0.11087983952233237
2025-04-25,光伏,附件1先验,0.12991161543427462
2025-04-25,光伏,前1天,0.2349103867928677
2025-04-25,光伏,前7天,0.23293190087757829
2025-04-25,光伏,近7天中位数,0.29078594972426486
2025-04-25,光伏,同星期中位数,0.11146014717101466
2025-04-26,光伏,附件1先验,0.12728428461931704
2025-04-26,光伏,前1天,0.23745709633512274
2025-04-26,光伏,前7天,0.23096281430158072
2025-04-26,光伏,近7天中位数,0.2909834182009952
2025-04-26,光伏,同星期中位数,0.11331238654298424
2025-04-27,光伏,附件1先验,0.12539747589959402
2025-04-27,光伏,前1天,0.2340161912770654
2025-04-27,光伏,前7天,0.2341661617262033
2025-04-27,光伏,近7天中位数,0.2910413411691594
2025-04-27,光伏,同星期中位数,0.11537882992797772
2025-04-28,光伏,附件1先验,0.12288943282616104
2025-04-28,光伏,前1天,0.23216911224716238
2025-04-28,光伏,前7天,0.2371314847751542
2025-04-28,光伏,近7天中位数,0.29033075604971065
2025-04-28,光伏,同星期中位数,0.11747921410181168
2025-04-29,光伏,附件1先验,0.12520595259504796
2025-04-29,光伏,前1天,0.23073952192812852
2025-04-29,光伏,前7天,0.23410554290623325
2025-04-29,光伏,近7天中位数,0.2886542395667823
2025-04-29,光伏,同星期中位数,0.1212947430038079
2025-04-30,光伏,附件1先验,0.1223892618744384
2025-04-30,光伏,前1天,0.22585347433551994
2025-04-30,光伏,前7天,0.23495147579664816
2025-04-30,光伏,近7天中位数,0.2956539277222761
2025-04-30,光伏,同星期中位数,0.12115186027111735
2025-05-01,光伏,附件1先验,0.11837983287751558
2025-05-01,光伏,前1天,0.22460488656528632
2025-05-01,光伏,前7天,0.23825894545694157
2025-05-01,光伏,近7天中位数,0.2990545682365236
2025-05-01,光伏,同星期中位数,0.11970176686373292
2025-05-02,光伏,附件1先验,0.11606814712134204
2025-05-02,光伏,前1天,0.2273009637420393
2025-05-02,光伏,前7天,0.2373246583267479
2025-05-02,光伏,近7天中位数,0.2990747920364184
2025-05-02,光伏,同星期中位数,0.12023143877345235
2025-05-03,光伏,附件1先验,0.12056528179755409
2025-05-03,光伏,前1天,0.2247435586119276
2025-05-03,光伏,前7天,0.23463014127025533
2025-05-03,光伏,近7天中位数,0.29416883694490076
2025-05-03,光伏,同星期中位数,0.12589218137536212
2025-05-04,光伏,附件1先验,0.1188896660800003
2025-05-04,光伏,前1天,0.22528042825131842
2025-05-04,光伏,前7天,0.2334587006506364
2025-05-04,光伏,近7天中位数,0.2945789480170741
2025-05-04,光伏,同星期中位数,0.1277922570009707
2025-05-05,光伏,附件1先验,0.11841597758263021
2025-05-05,光伏,前1天,0.22698467779380405
2025-05-05,光伏,前7天,0.23043560523059484
2025-05-05,光伏,近7天中位数,0.2934498722676676
2025-05-05,光伏,同星期中位数,0.13071386712530328
2025-05-06,光伏,附件1先验,0.11896665822260455
2025-05-06,光伏,前1天,0.22585109088319955
2025-05-06,光伏,前7天,0.22739280083009514
2025-05-06,光伏,近7天中位数,0.29282209450888
2025-05-06,光伏,同星期中位数,0.13496735555522077
2025-05-07,光伏,附件1先验,0.11708027170393494
2025-05-07,光伏,前1天,0.22926141598715125
2025-05-07,光伏,前7天,0.22909536564758104
2025-05-07,光伏,近7天中位数,0.28843403867055567
2025-05-07,光伏,同星期中位数,0.1361289079907771
2025-05-08,光伏,附件1先验,0.11419171614811888
2025-05-08,光伏,前1天,0.2316859098405359
2025-05-08,光伏,前7天,0.22632766848065283
2025-05-08,光伏,近7天中位数,0.2920388269854727
2025-05-08,光伏,同星期中位数,0.13575587854521973
2025-05-09,光伏,附件1先验,0.1144162992055045
2025-05-09,光伏,前1天,0.23592361833402647
2025-05-09,光伏,前7天,0.2218309446930751
2025-05-09,光伏,近7天中位数,0.2900970498500807
2025-05-09,光伏,同星期中位数,0.13773208791731315
2025-05-10,光伏,附件1先验,0.11433842182970394
2025-05-10,光伏,前1天,0.2364283397550477
2025-05-10,光伏,前7天,0.21615915307242053
2025-05-10,光伏,近7天中位数,0.2913633062263104
2025-05-10,光伏,同星期中位数,0.14171077911651733
2025-05-11,光伏,附件1先验,0.11427610329789066
2025-05-11,光伏,前1天,0.23760814612304648
2025-05-11,光伏,前7天,0.21478516442433002
2025-05-11,光伏,近7天中位数,0.2887849231466115
2025-05-11,光伏,同星期中位数,0.14454566300812127
2025-05-12,光伏,附件1先验,0.11449180710775718
2025-05-12,光伏,前1天,0.23820390430506072
2025-05-12,光伏,前7天,0.2125368037518705
2025-05-12,光伏,近7天中位数,0.28725199903244397
2025-05-12,光伏,同星期中位数,0.1475154858028677
2025-05-13,光伏,附件1先验,0.11519555826412586
2025-05-13,光伏,前1天,0.23627352996583634
2025-05-13,光伏,前7天,0.21395718168324154
2025-05-13,光伏,近7天中位数,0.2834577370275475
2025-05-13,光伏,同星期中位数,0.1511159930592488
2025-05-14,光伏,附件1先验,0.11383817226960415
2025-05-14,光伏,前1天,0.2339374223956738
2025-05-14,光伏,前7天,0.21266950559243952
2025-05-14,光伏,近7天中位数,0.2862532625208944
2025-05-14,光伏,同星期中位数,0.15330163722138812
2025-05-15,光伏,附件1先验,0.11166008780967827
2025-05-15,光伏,前1天,0.23794329608671927
2025-05-15,光伏,前7天,0.2114828586775695
2025-05-15,光伏,近7天中位数,0.2850568954076769
2025-05-15,光伏,同星期中位数,0.15385686201835594
2025-05-16,光伏,附件1先验,0.1109809846256391
2025-05-16,光伏,前1天,0.23800787288666217
2025-05-16,光伏,前7天,0.21164957828854444
2025-05-16,光伏,近7天中位数,0.2824678497298348
2025-05-16,光伏,同星期中位数,0.15689371446931943
2025-05-17,光伏,附件1先验,0.11054101987143476
2025-05-17,光伏,前1天,0.23962808814897954
2025-05-17,光伏,前7天,0.21058379564922552
2025-05-17,光伏,近7天中位数,0.2801379450221931
2025-05-17,光伏,同星期中位数,0.15910915130816716
2025-05-18,光伏,附件1先验,0.11115045336816065
2025-05-18,光伏,前1天,0.23506373139482137
2025-05-18,光伏,前7天,0.21123265605711106
2025-05-18,光伏,近7天中位数,0.2800289267235879
2025-05-18,光伏,同星期中位数,0.16252423245631892
2025-05-19,光伏,附件1先验,0.11093996041003236
2025-05-19,光伏,前1天,0.23262231469552538
2025-05-19,光伏,前7天,0.2110581825316681
2025-05-19,光伏,近7天中位数,0.2808190035581465
2025-05-19,光伏,同星期中位数,0.1645605388046276
2025-05-20,光伏,附件1先验,0.11079377424532612
2025-05-20,光伏,前1天,0.2315412165830019
2025-05-20,光伏,前7天,0.20844801411046138
2025-05-20,光伏,近7天中位数,0.2811540727194966
2025-05-20,光伏,同星期中位数,0.16806292234171402
2025-05-21,光伏,附件1先验,0.11083945283974672
2025-05-21,光伏,前1天,0.22858993325093802
2025-05-21,光伏,前7天,0.2093385290608805
2025-05-21,光伏,近7天中位数,0.2815273439469073
2025-05-21,光伏,同星期中位数,0.16970474090152748
2025-05-22,光伏,附件1先验,0.11119351548926369
2025-05-22,光伏,前1天,0.22487397472922382
2025-05-22,光伏,前7天,0.2097223010565395
2025-05-22,光伏,近7天中位数,0.2807671335679603
2025-05-22,光伏,同星期中位数,0.1734430751570127
2025-05-23,光伏,附件1先验,0.10993157722449573
2025-05-23,光伏,前1天,0.2231762946334539
2025-05-23,光伏,前7天,0.2093025294551708
2025-05-23,光伏,近7天中位数,0.2811366645268833
2025-05-23,光伏,同星期中位数,0.17645293415999624
2025-05-24,光伏,附件1先验,0.1095686689185141
2025-05-24,光伏,前1天,0.2221005603368759
2025-05-24,光伏,前7天,0.20930340224814104
2025-05-24,光伏,近7天中位数,0.28134358012314825
2025-05-24,光伏,同星期中位数,0.17768378837332072
2025-05-25,光伏,附件1先验,0.10835839010173082
2025-05-25,光伏,前1天,0.2224307390351458
2025-05-25,光伏,前7天,0.20660549091741368
2025-05-25,光伏,近7天中位数,0.280924050206105
2025-05-25,光伏,同星期中位数,0.18168132973960466
2025-05-26,光伏,附件1先验,0.10755420557995773
2025-05-26,光伏,前1天,0.22310598215894675
2025-05-26,光伏,前7天,0.20405621105415217
2025-05-26,光伏,近7天中位数,0.28163475267031474
2025-05-26,光伏,同星期中位数,0.18364884853662855
2025-05-27,光伏,附件1先验,0.10549790714232406
2025-05-27,光伏,前1天,0.22322248135229464
2025-05-27,光伏,前7天,0.20375579506236768
2025-05-27,光伏,近7天中位数,0.2833781969511184
2025-05-27,光伏,同星期中位数,0.18414561949189517
2025-05-28,光伏,附件1先验,0.10405576147783752
2025-05-28,光伏,前1天,0.2255615002934402
2025-05-28,光伏,前7天,0.2011431947936674
2025-05-28,光伏,近7天中位数,0.28174278875837855
2025-05-28,光伏,同星期中位数,0.18749675467667634
2025-05-29,光伏,附件1先验,0.10426868414266866
2025-05-29,光伏,前1天,0.22392198566347365
2025-05-29,光伏,前7天,0.1999568983514428
2025-05-29,光伏,近7天中位数,0.2795372885436432
2025-05-29,光伏,同星期中位数,0.19231514329877178
2025-05-30,光伏,附件1先验,0.1045393642730654
2025-05-30,光伏,前1天,0.2261631967928495
2025-05-30,光伏,前7天,0.19861596828283457
2025-05-30,光伏,近7天中位数,0.27526090666489206
2025-05-30,光伏,同星期中位数,0.1954205639863585
2025-05-31,光伏,附件1先验,0.10061910184015044
2025-05-31,光伏,前1天,0.22614837088604908
2025-05-31,光伏,前7天,0.2004168592427264
2025-05-31,光伏,近7天中位数,0.27887706972457577
2025-05-31,光伏,同星期中位数,0.1939385983064984
2025-06-01,光伏,附件1先验,0.10015911343715943
2025-06-01,光伏,前1天,0.2257167434006057
2025-06-01,光伏,前7天,0.20212655481159303
2025-06-01,光伏,近7天中位数,0.2760689699414716
2025-06-01,光伏,同星期中位数,0.19592861840917034
2025-06-02,光伏,附件1先验,0.10417108432506261
2025-06-02,光伏,前1天,0.2249004950959764
2025-06-02,光伏,前7天,0.19989387406446793
2025-06-02,光伏,近7天中位数,0.27129223569598704
2025-06-02,光伏,同星期中位数,0.19974231081850605
2025-06-03,光伏,附件1先验,0.1066171724928352
2025-06-03,光伏,前1天,0.22491488607401205
2025-06-03,光伏,前7天,0.20087639440762203
2025-06-03,光伏,近7天中位数,0.2683413623184828
2025-06-03,光伏,同星期中位数,0.19925018470704786
2025-06-04,光伏,附件1先验,0.10962763503329817
2025-06-04,光伏,前1天,0.22369933154665947
2025-06-04,光伏,前7天,0.19788773259525388
2025-06-04,光伏,近7天中位数,0.2680915679139063
2025-06-04,光伏,同星期中位数,0.20069373291088222
2025-06-05,光伏,附件1先验,0.11144358657301084
2025-06-05,光伏,前1天,0.22524323219671422
2025-06-05,光伏,前7天,0.19643723774992758
2025-06-05,光伏,近7天中位数,0.267201514294012
2025-06-05,光伏,同星期中位数,0.19967442918633532
2025-06-06,光伏,附件1先验,0.11313207892102062
2025-06-06,光伏,前1天,0.22618077440101927
2025-06-06,光伏,前7天,0.19632277223488234
2025-06-06,光伏,近7天中位数,0.26784002829473
2025-06-06,光伏,同星期中位数,0.1965243461483478
2025-06-07,光伏,附件1先验,0.11737818349028409
2025-06-07,光伏,前1天,0.23157444961739426
2025-06-07,光伏,前7天,0.19282317551943337
2025-06-07,光伏,近7天中位数,0.26691906673512583
2025-06-07,光伏,同星期中位数,0.1913051246377624
2025-06-08,光伏,附件1先验,0.11885365518648296
2025-06-08,光伏,前1天,0.23644161627180396
2025-06-08,光伏,前7天,0.18861290527121577
2025-06-08,光伏,近7天中位数,0.26948362834200223
2025-06-08,光伏,同星期中位数,0.18660819492849506
2025-06-09,光伏,附件1先验,0.12093387215983614
2025-06-09,光伏,前1天,0.2310285933659744
2025-06-09,光伏,前7天,0.1899029336126817
2025-06-09,光伏,近7天中位数,0.26853558730766136
2025-06-09,光伏,同星期中位数,0.18959901355384645
2025-06-10,光伏,附件1先验,0.12233013701361278
2025-06-10,光伏,前1天,0.2294336871287799
2025-06-10,光伏,前7天,0.18999324447776567
2025-06-10,光伏,近7天中位数,0.2718178450468174
2025-06-10,光伏,同星期中位数,0.18642508633302418
2025-06-11,光伏,附件1先验,0.12477455651458545
2025-06-11,光伏,前1天,0.23212071113495047
2025-06-11,光伏,前7天,0.18998019314164907
2025-06-11,光伏,近7天中位数,0.27104567844441885
2025-06-11,光伏,同星期中位数,0.18207886076439625
2025-06-12,光伏,附件1先验,0.12778198816408756
2025-06-12,光伏,前1天,0.23255097980865747
2025-06-12,光伏,前7天,0.19045532227563094
2025-06-12,光伏,近7天中位数,0.2714234802102775
2025-06-12,光伏,同星期中位数,0.17778822954134652
2025-06-13,光伏,附件1先验,0.12953715982574132
2025-06-13,光伏,前1天,0.2323474999231172
2025-06-13,光伏,前7天,0.1915250129279509
2025-06-13,光伏,近7天中位数,0.27394504870995423
2025-06-13,光伏,同星期中位数,0.1726452786132364
2025-06-14,光伏,附件1先验,0.13289941670675037
2025-06-14,光伏,前1天,0.23100463100892082
2025-06-14,光伏,前7天,0.19222045587451336
2025-06-14,光伏,近7天中位数,0.27542749633343333
2025-06-14,光伏,同星期中位数,0.16844800007638203
2025-06-15,光伏,附件1先验,0.13345383100330574
2025-06-15,光伏,前1天,0.23231013487857982
2025-06-15,光伏,前7天,0.1919960630214312
2025-06-15,光伏,近7天中位数,0.27631015431720707
2025-06-15,光伏,同星期中位数,0.16592981677947607
2025-06-16,光伏,附件1先验,0.13510302655368828
2025-06-16,光伏,前1天,0.23499455107259232
2025-06-16,光伏,前7天,0.19002867468461593
2025-06-16,光伏,近7天中位数,0.276176605155421
2025-06-16,光伏,同星期中位数,0.16369714253368253
2025-06-17,光伏,附件1先验,0.13750478679558018
2025-06-17,光伏,前1天,0.2353503634675048
2025-06-17,光伏,前7天,0.18994242195138017
2025-06-17,光伏,近7天中位数,0.27748781364907055
2025-06-17,光伏,同星期中位数,0.15971461413646446
2025-06-18,光伏,附件1先验,0.13807078526674813
2025-06-18,光伏,前1天,0.24041536184939963
2025-06-18,光伏,前7天,0.18908806493458333
2025-06-18,光伏,近7天中位数,0.27664704030370874
2025-06-18,光伏,同星期中位数,0.1557787476455601
2025-06-19,光伏,附件1先验,0.13919273928215534
2025-06-19,光伏,前1天,0.2412223130349779
2025-06-19,光伏,前7天,0.18830730451207955
2025-06-19,光伏,近7天中位数,0.2789100084979565
2025-06-19,光伏,同星期中位数,0.15236763467283074
2025-06-20,光伏,附件1先验,0.143805739935105
2025-06-20,光伏,前1天,0.24033731863909596
2025-06-20,光伏,前7天,0.18802338073536654
2025-06-20,光伏,近7天中位数,0.2755449777621529
2025-06-20,光伏,同星期中位数,0.15228858292827957
2025-06-21,光伏,附件1先验,0.14743697450305893
2025-06-21,光伏,前1天,0.2393490005058946
2025-06-21,光伏,前7天,0.18709971356652527
2025-06-21,光伏,近7天中位数,0.2741068950948181
2025-06-21,光伏,同星期中位数,0.1520074163297031
2025-06-22,光伏,附件1先验,0.1518042634806028
2025-06-22,光伏,前1天,0.23782918379291976
2025-06-22,光伏,前7天,0.18662006573392503
2025-06-22,光伏,近7天中位数,0.2703886946849633
2025-06-22,光伏,同星期中位数,0.15335779230758903
2025-06-23,光伏,附件1先验,0.1556484479965362
2025-06-23,光伏,前1天,0.2340067908654843
2025-06-23,光伏,前7天,0.18877862140060245
2025-06-23,光伏,近7天中位数,0.2683881439284431
2025-06-23,光伏,同星期中位数,0.15317799580893388
2025-06-24,光伏,附件1先验,0.15538972023565908
2025-06-24,光伏,前1天,0.2353970498244441
2025-06-24,光伏,前7天,0.18886639225574012
2025-06-24,光伏,近7天中位数,0.2689766556355515
2025-06-24,光伏,同星期中位数,0.15137018204860528
2025-06-25,光伏,附件1先验,0.16023026486628866
2025-06-25,光伏,前1天,0.23410940629949623
2025-06-25,光伏,前7天,0.19138578303479645
2025-06-25,光伏,近7天中位数,0.26558068794152484
2025-06-25,光伏,同星期中位数,0.1486938578578937
2025-06-26,光伏,附件1先验,0.16131612027659178
2025-06-26,光伏,前1天,0.23424235229390195
2025-06-26,光伏,前7天,0.19151220931411958
2025-06-26,光伏,近7天中位数,0.26689556857126145
2025-06-26,光伏,同星期中位数,0.1460337495441253
2025-06-27,光伏,附件1先验,0.16339702331461697
2025-06-27,光伏,前1天,0.23253059861378989
2025-06-27,光伏,前7天,0.19135475420317527
2025-06-27,光伏,近7天中位数,0.2667185102921046
2025-06-27,光伏,同星期中位数,0.14599911357631323
2025-06-28,光伏,附件1先验,0.16588349114361486
2025-06-28,光伏,前1天,0.23336229436471081
2025-06-28,光伏,前7天,0.19029171817606427
2025-06-28,光伏,近7天中位数,0.26586474911431784
2025-06-28,光伏,同星期中位数,0.14459774720129223
2025-06-29,光伏,附件1先验,0.16803921517348994
2025-06-29,光伏,前1天,0.234262493281442
2025-06-29,光伏,前7天,0.18947937388021044
2025-06-29,光伏,近7天中位数,0.26523003974461823
2025-06-29,光伏,同星期中位数,0.1429888779202393
2025-06-30,光伏,附件1先验,0.164681610288804
2025-06-30,光伏,前1天,0.23316227541445528
2025-06-30,光伏,前7天,0.1915911085805677
2025-06-30,光伏,近7天中位数,0.2697532369941203
2025-06-30,光伏,同星期中位数,0.14081176872205273
2025-07-01,光伏,附件1先验,0.16137043320733388
2025-07-01,光伏,前1天,0.2349731245556476
2025-07-01,光伏,前7天,0.19050704510191868
2025-07-01,光伏,近7天中位数,0.27427290461089177
2025-07-01,光伏,同星期中位数,0.13887649252420808
2025-07-02,光伏,附件1先验,0.1600708563248862
2025-07-02,光伏,前1天,0.23397355831111818
2025-07-02,光伏,前7天,0.18925988172275926
2025-07-02,光伏,近7天中位数,0.27525997427342636
2025-07-02,光伏,同星期中位数,0.14143572936781001
2025-07-03,光伏,附件1先验,0.15955449472565592
2025-07-03,光伏,前1天,0.23597843059242904
2025-07-03,光伏,前7天,0.18920404871324054
2025-07-03,光伏,近7天中位数,0.2707144050601242
2025-07-03,光伏,同星期中位数,0.14454862090855033
2025-07-04,光伏,附件1先验,0.15732006340292518
2025-07-04,光伏,前1天,0.23109301389672415
2025-07-04,光伏,前7天,0.19173626420934947
2025-07-04,光伏,近7天中位数,0.27198252697709946
2025-07-04,光伏,同星期中位数,0.1478681315139017
2025-07-05,光伏,附件1先验,0.15288089532590818
2025-07-05,光伏,前1天,0.22740990011614243
2025-07-05,光伏,前7天,0.19717832829614637
2025-07-05,光伏,近7天中位数,0.2711704456862359
2025-07-05,光伏,同星期中位数,0.15136043057556722
2025-07-06,光伏,附件1先验,0.15006311076708276
2025-07-06,光伏,前1天,0.22552985826773314
2025-07-06,光伏,前7天,0.2005759940741215
2025-07-06,光伏,近7天中位数,0.2688581547707622
2025-07-06,光伏,同星期中位数,0.15497288212030033
2025-07-07,光伏,附件1先验,0.14864990781416362
2025-07-07,光伏,前1天,0.2291998993891842
2025-07-07,光伏,前7天,0.19949107112511646
2025-07-07,光伏,近7天中位数,0.2687743992271682
2025-07-07,光伏,同星期中位数,0.15388472244436746
2025-07-08,光伏,附件1先验,0.14665267241825836
2025-07-08,光伏,前1天,0.23142667529140212
2025-07-08,光伏,前7天,0.1944754857581165
2025-07-08,光伏,近7天中位数,0.27029171196840696
2025-07-08,光伏,同星期中位数,0.15715345456381605
2025-07-09,光伏,附件1先验,0.14504923126392355
2025-07-09,光伏,前1天,0.2290362938755057
2025-07-09,光伏,前7天,0.1951939099151623
2025-07-09,光伏,近7天中位数,0.26924324757359974
2025-07-09,光伏,同星期中位数,0.1614773173718087
2025-07-10,光伏,附件1先验,0.14228201056781806
2025-07-10,光伏,前1天,0.2260945316765544
2025-07-10,光伏,前7天,0.19605704803125945
2025-07-10,光伏,近7天中位数,0.26902546484819256
2025-07-10,光伏,同星期中位数,0.16654094487617546
2025-07-11,光伏,附件1先验,0.1402008218079717
2025-07-11,光伏,前1天,0.2266316823090699
2025-07-11,光伏,前7天,0.19333198419282022
2025-07-11,光伏,近7天中位数,0.2686541567361915
2025-07-11,光伏,同星期中位数,0.17118135495394668
2025-07-12,光伏,附件1先验,0.1395534450374815
2025-07-12,光伏,前1天,0.2246788924665634
2025-07-12,光伏,前7天,0.19161376270137054
2025-07-12,光伏,近7天中位数,0.2658562324450184
2025-07-12,光伏,同星期中位数,0.17829766734956626
2025-07-13,光伏,附件1先验,0.13778445200423783
2025-07-13,光伏,前1天,0.2238541328123135
2025-07-13,光伏,前7天,0.19119447330942577
2025-07-13,光伏,近7天中位数,0.26432067632174566
2025-07-13,光伏,同星期中位数,0.18284626555227715
2025-07-14,光伏,附件1先验,0.13601505193110794
2025-07-14,光伏,前1天,0.22351074760979286
2025-07-14,光伏,前7天,0.19130619632110332
2025-07-14,光伏,近7天中位数,0.2634260488706764
2025-07-14,光伏,同星期中位数,0.18574195526731938
2025-07-15,光伏,附件1先验,0.1328680144078181
2025-07-15,光伏,前1天,0.22345083231188512
2025-07-15,光伏,前7天,0.19325130140822475
2025-07-15,光伏,近7天中位数,0.26261649571013335
2025-07-15,光伏,同星期中位数,0.18781335616193873
2025-07-16,光伏,附件1先验,0.1319330999246091
2025-07-16,光伏,前1天,0.22288682842933474
2025-07-16,光伏,前7天,0.19034496791439748
2025-07-16,光伏,近7天中位数,0.26012990361143806
2025-07-16,光伏,同星期中位数,0.1947052001202207
2025-07-17,光伏,附件1先验,0.12953406317758137
2025-07-17,光伏,前1天,0.2239905090054236
2025-07-17,光伏,前7天,0.19111268615133303
2025-07-17,光伏,近7天中位数,0.2574903578259588
2025-07-17,光伏,同星期中位数,0.19787238383970318
2025-07-18,光伏,附件1先验,0.12615177901611851
2025-07-18,光伏,前1天,0.22335916450986473
2025-07-18,光伏,前7天,0.19272093130389575
2025-07-18,光伏,近7天中位数,0.26004398227371045
2025-07-18,光伏,同星期中位数,0.19772414289641055
2025-07-19,光伏,附件1先验,0.12546702664687082
2025-07-19,光伏,前1天,0.22105946269593993
2025-07-19,光伏,前7天,0.19444057928465883
2025-07-19,光伏,近7天中位数,0.25667487395925004
2025-07-19,光伏,同星期中位数,0.20235805741328045
2025-07-20,光伏,附件1先验,0.12224441953421848
2025-07-20,光伏,前1天,0.21922267085250396
2025-07-20,光伏,前7天,0.19756534623032068
2025-07-20,光伏,近7天中位数,0.2610764521733762
2025-07-20,光伏,同星期中位数,0.19989111120958067
2025-07-21,光伏,附件1先验,0.1208234822821385
2025-07-21,光伏,前1天,0.2216578937847212
2025-07-21,光伏,前7天,0.19527253728178234
2025-07-21,光伏,近7天中位数,0.262362111324497
2025-07-21,光伏,同星期中位数,0.199883975326861
2025-07-22,光伏,附件1先验,0.12049166944217646
2025-07-22,光伏,前1天,0.22125913636806357
2025-07-22,光伏,前7天,0.19505955639627615
2025-07-22,光伏,近7天中位数,0.26281985473077923
2025-07-22,光伏,同星期中位数,0.2003697830627045
2025-07-23,光伏,附件1先验,0.11800184152580948
2025-07-23,光伏,前1天,0.2217749077063597
2025-07-23,光伏,前7天,0.19113489802189051
2025-07-23,光伏,近7天中位数,0.2635713180469243
2025-07-23,光伏,同星期中位数,0.20551703469901608
2025-07-24,光伏,附件1先验,0.1173903515516238
2025-07-24,光伏,前1天,0.2206304299648306
2025-07-24,光伏,前7天,0.1892175787870569
2025-07-24,光伏,近7天中位数,0.2630834122812159
2025-07-24,光伏,同星期中位数,0.20967822741527278
2025-07-25,光伏,附件1先验,0.11682786273680962
2025-07-25,光伏,前1天,0.22070815541272104
2025-07-25,光伏,前7天,0.18929999531930822
2025-07-25,光伏,近7天中位数,0.263624887932773
2025-07-25,光伏,同星期中位数,0.2095390985983881
2025-07-26,光伏,附件1先验,0.11593949664233535
2025-07-26,光伏,前1天,0.2199181852377474
2025-07-26,光伏,前7天,0.18966953468610176
2025-07-26,光伏,近7天中位数,0.26639489931655796
2025-07-26,光伏,同星期中位数,0.20807788411725758
2025-07-27,光伏,附件1先验,0.11485264421759302
2025-07-27,光伏,前1天,0.21978259063844896
2025-07-27,光伏,前7天,0.18900065842303038
2025-07-27,光伏,近7天中位数,0.2669772153979094
2025-07-27,光伏,同星期中位数,0.20938689132301824
2025-07-28,光伏,附件1先验,0.11406424127766929
2025-07-28,光伏,前1天,0.2206352583130703
2025-07-28,光伏,前7天,0.18953371520904191
2025-07-28,光伏,近7天中位数,0.26708640802525896
2025-07-28,光伏,同星期中位数,0.20868037717495963
2025-07-29,光伏,附件1先验,0.11399198646762898
2025-07-29,光伏,前1天,0.2182648491986581
2025-07-29,光伏,前7天,0.19100824933454827
2025-07-29,光伏,近7天中位数,0.26386642032063595
2025-07-29,光伏,同星期中位数,0.2128684946785286
2025-07-30,光伏,附件1先验,0.1123577886655787
2025-07-30,光伏,前1天,0.2186631952904274
2025-07-30,光伏,前7天,0.19565654619781242
2025-07-30,光伏,近7天中位数,0.2635185769301654
2025-07-30,光伏,同星期中位数,0.20980389291601612
2025-07-31,光伏,附件1先验,0.1109924706653739
2025-07-31,光伏,前1天,0.21342876677943318
2025-07-31,光伏,前7天,0.20034186931334633
2025-07-31,光伏,近7天中位数,0.26860702262755193
2025-07-31,光伏,同星期中位数,0.20662987061429466
2025-08-01,光伏,附件1先验,0.11059566590677908
2025-08-01,光伏,前1天,0.21533649665877705
2025-08-01,光伏,前7天,0.19915698986155803
2025-08-01,光伏,近7天中位数,0.2691853380306168
2025-08-01,光伏,同星期中位数,0.20572550954226912
2025-08-02,光伏,附件1先验,0.1107498008485559
2025-08-02,光伏,前1天,0.2145039547814086
2025-08-02,光伏,前7天,0.20404953623937067
2025-08-02,光伏,近7天中位数,0.27016391268009915
2025-08-02,光伏,同星期中位数,0.20053279545056577
2025-08-03,光伏,附件1先验,0.10987771405820469
2025-08-03,光伏,前1天,0.21587027696184538
2025-08-03,光伏,前7天,0.20732953165622892
2025-08-03,光伏,近7天中位数,0.268966297667908
2025-08-03,光伏,同星期中位数,0.19795617965581302
2025-08-04,光伏,附件1先验,0.10903524533822734
2025-08-04,光伏,前1天,0.22365693840231204
2025-08-04,光伏,前7天,0.2083095470682828
2025-08-04,光伏,近7天中位数,0.2653797693393156
2025-08-04,光伏,同星期中位数,0.1936184998518622
2025-08-05,光伏,附件1先验,0.10803958368369847
2025-08-05,光伏,前1天,0.2308652585211977
2025-08-05,光伏,前7天,0.20859889781571606
2025-08-05,光伏,近7天中位数,0.2625957058998865
2025-08-05,光伏,同星期中位数,0.18990055407950132
2025-08-06,光伏,附件1先验,0.10652404603942249
2025-08-06,光伏,前1天,0.23644836495415406
2025-08-06,光伏,前7天,0.20483364391071313
2025-08-06,光伏,近7天中位数,0.26663887422707966
2025-08-06,光伏,同星期中位数,0.1855550708686307
2025-08-07,光伏,附件1先验,0.1067280238184029
2025-08-07,光伏,前1天,0.2386308160155409
2025-08-07,光伏,前7天,0.20241931291537824
2025-08-07,光伏,近7天中位数,0.2669387919643358
2025-08-07,光伏,同星期中位数,0.18528305528634226
2025-08-08,光伏,附件1先验,0.10621302187349607
2025-08-08,光伏,前1天,0.2401830284529178
2025-08-08,光伏,前7天,0.20028128265622339
2025-08-08,光伏,近7天中位数,0.2707090932260138
2025-08-08,光伏,同星期中位数,0.18261357379134904
2025-08-09,光伏,附件1先验,0.10288486309189035
2025-08-09,光伏,前1天,0.24630107617959085
2025-08-09,光伏,前7天,0.20234298673376108
2025-08-09,光伏,近7天中位数,0.27388876101832765
2025-08-09,光伏,同星期中位数,0.17458231297643018
2025-08-10,光伏,附件1先验,0.10172753444918661
2025-08-10,光伏,前1天,0.24831766818048617
2025-08-10,光伏,前7天,0.20349127909473158
2025-08-10,光伏,近7天中位数,0.27494214361308206
2025-08-10,光伏,同星期中位数,0.1715213746625135
2025-08-11,光伏,附件1先验,0.10010809800703409
2025-08-11,光伏,前1天,0.24989186204094355
2025-08-11,光伏,前7天,0.20518892717830067
2025-08-11,光伏,近7天中位数,0.27485495088943357
2025-08-11,光伏,同星期中位数,0.1699561618842882
2025-08-12,光伏,附件1先验,0.09941335105845785
2025-08-12,光伏,前1天,0.25125926124554404
2025-08-12,光伏,前7天,0.20447889161558633
2025-08-12,光伏,近7天中位数,0.27561756557525113
2025-08-12,光伏,同星期中位数,0.16923093050516066
2025-08-13,光伏,附件1先验,0.09861438382662835
2025-08-13,光伏,前1天,0.24977442656018442
2025-08-13,光伏,前7天,0.20790753256984315
2025-08-13,光伏,近7天中位数,0.27525908109574876
2025-08-13,光伏,同星期中位数,0.1684445759475953
2025-08-14,光伏,附件1先验,0.09814629601559964
2025-08-14,光伏,前1天,0.2496420919303867
2025-08-14,光伏,前7天,0.2064677804235113
2025-08-14,光伏,近7天中位数,0.2770045729790652
2025-08-14,光伏,同星期中位数,0.16873925865143716
2025-08-15,光伏,附件1先验,0.09796477932470628
2025-08-15,光伏,前1天,0.2514683481974208
2025-08-15,光伏,前7天,0.20473756522554631
2025-08-15,光伏,近7天中位数,0.27777797134064486
2025-08-15,光伏,同星期中位数,0.16805133591168187
2025-08-16,光伏,附件1先验,0.09550473885560838
2025-08-16,光伏,前1天,0.25400672101200444
2025-08-16,光伏,前7天,0.20539178331857044
2025-08-16,光伏,近7天中位数,0.2823314166877313
2025-08-16,光伏,同星期中位数,0.1627653401260854
2025-08-17,光伏,附件1先验,0.09443644183885942
2025-08-17,光伏,前1天,0.25726800129080296
2025-08-17,光伏,前7天,0.20540255370034538
2025-08-17,光伏,近7天中位数,0.28239114097431434
2025-08-17,光伏,同星期中位数,0.1605018621956779
2025-08-18,光伏,附件1先验,0.09354243417311277
2025-08-18,光伏,前1天,0.2559354250155444
2025-08-18,光伏,前7天,0.20813925458727328
2025-08-18,光伏,近7天中位数,0.28283519749819336
2025-08-18,光伏,同星期中位数,0.15954768872587619
2025-08-19,光伏,附件1先验,0.09177960999796554
2025-08-19,光伏,前1天,0.25719226186617633
2025-08-19,光伏,前7天,0.20992810650621546
2025-08-19,光伏,近7天中位数,0.2839259762634734
2025-08-19,光伏,同星期中位数,0.15717404536616936
2025-08-20,光伏,附件1先验,0.09020747079270693
2025-08-20,光伏,前1天,0.2578363946787607
2025-08-20,光伏,前7天,0.2109976621365913
2025-08-20,光伏,近7天中位数,0.28520888337079114
2025-08-20,光伏,同星期中位数,0.15574958902115002
2025-08-21,光伏,附件1先验,0.09157491961940575
2025-08-21,光伏,前1天,0.25727321669304526
2025-08-21,光伏,前7天,0.21221371237165382
2025-08-21,光伏,近7天中位数,0.28142744036991
2025-08-21,光伏,同星期中位数,0.15751071094598504
2025-08-22,光伏,附件1先验,0.09064615617360117
2025-08-22,光伏,前1天,0.25564279611698154
2025-08-22,光伏,前7天,0.21262607850503543
2025-08-22,光伏,近7天中位数,0.28334972856148516
2025-08-22,光伏,同星期中位数,0.1577352406428968
2025-08-23,光伏,附件1先验,0.08992286084062369
2025-08-23,光伏,前1天,0.2583921949215414
2025-08-23,光伏,前7天,0.2114993101310273
2025-08-23,光伏,近7天中位数,0.28210459692938966
2025-08-23,光伏,同星期中位数,0.1580810371774179
2025-08-24,光伏,附件1先验,0.08973305525924524
2025-08-24,光伏,前1天,0.257618580143274
2025-08-24,光伏,前7天,0.21099238356833044
2025-08-24,光伏,近7天中位数,0.28230602330763394
2025-08-24,光伏,同星期中位数,0.15934995772151644
2025-08-25,光伏,附件1先验,0.08904269040661383
2025-08-25,光伏,前1天,0.2560383482838713
2025-08-25,光伏,前7天,0.21190844758656935
2025-08-25,光伏,近7天中位数,0.28231532188308145
2025-08-25,光伏,同星期中位数,0.16069519183986414
2025-08-26,光伏,附件1先验,0.0897646328308858
2025-08-26,光伏,前1天,0.2550932024957683
2025-08-26,光伏,前7天,0.20983588165158307
2025-08-26,光伏,近7天中位数,0.28423417824697655
2025-08-26,光伏,同星期中位数,0.1610721047747864
2025-08-27,光伏,附件1先验,0.08898275134593166
2025-08-27,光伏,前1天,0.25335925738407056
2025-08-27,光伏,前7天,0.21119156947779058
2025-08-27,光伏,近7天中位数,0.2865815916337489
2025-08-27,光伏,同星期中位数,0.15988483015845822
2025-08-28,光伏,附件1先验,0.08859248468452578
2025-08-28,光伏,前1天,0.25630224813891894
2025-08-28,光伏,前7天,0.20915317317655996
2025-08-28,光伏,近7天中位数,0.2864425756747896
2025-08-28,光伏,同星期中位数,0.15950951832520566
2025-08-29,光伏,附件1先验,0.08937483703340875
2025-08-29,光伏,前1天,0.2575938375109721
2025-08-29,光伏,前7天,0.21025698646055216
2025-08-29,光伏,近7天中位数,0.28326811628497456
2025-08-29,光伏,同星期中位数,0.1595062227100924
2025-08-30,光伏,附件1先验,0.08850971332131867
2025-08-30,光伏,前1天,0.2577923927248034
2025-08-30,光伏,前7天,0.2058590560115348
2025-08-30,光伏,近7天中位数,0.2874272245354762
2025-08-30,光伏,同星期中位数,0.1604116134068669
2025-08-31,光伏,附件1先验,0.08841726267444787
2025-08-31,光伏,前1天,0.2525134942549581
2025-08-31,光伏,前7天,0.2056843362460798
2025-08-31,光伏,近7天中位数,0.2917660497752353
2025-08-31,光伏,同星期中位数,0.16161885704927886
2025-09-01,光伏,附件1先验,0.08717523556755374
2025-09-01,光伏,前1天,0.24487250650065018
2025-09-01,光伏,前7天,0.20454210287304392
2025-09-01,光伏,近7天中位数,0.3006857485608485
2025-09-01,光伏,同星期中位数,0.1627244064979036
2025-09-02,光伏,附件1先验,0.08614848904341717
2025-09-02,光伏,前1天,0.23938140222665635
2025-09-02,光伏,前7天,0.2085349549654567
2025-09-02,光伏,近7天中位数,0.3012145038103812
2025-09-02,光伏,同星期中位数,0.16472064995408853
2025-09-03,光伏,附件1先验,0.0860908392197599
2025-09-03,光伏,前1天,0.23395953814429127
2025-09-03,光伏,前7天,0.21389546659275943
2025-09-03,光伏,近7天中位数,0.2974880587432052
2025-09-03,光伏,同星期中位数,0.16856609729998412
2025-09-04,光伏,附件1先验,0.08593148609261288
2025-09-04,光伏,前1天,0.23209987996694728
2025-09-04,光伏,前7天,0.2168258839922859
2025-09-04,光伏,近7天中位数,0.2962798176781526
2025-09-04,光伏,同星期中位数,0.16886293227000138
2025-09-05,光伏,附件1先验,0.08669204059483476
2025-09-05,光伏,前1天,0.2321131204108068
2025-09-05,光伏,前7天,0.21873973422423554
2025-09-05,光伏,近7天中位数,0.29054078315889764
2025-09-05,光伏,同星期中位数,0.17191432161122525
2025-09-06,光伏,附件1先验,0.08693990090922887
2025-09-06,光伏,前1天,0.22719085862642835
2025-09-06,光伏,前7天,0.21818449706023585
2025-09-06,光伏,近7天中位数,0.2898230663692999
2025-09-06,光伏,同星期中位数,0.17786167703480704
2025-09-07,光伏,附件1先验,0.08834108658456326
2025-09-07,光伏,前1天,0.22871919789794792
2025-09-07,光伏,前7天,0.21546436097827235
2025-09-07,光伏,近7天中位数,0.286767270123124
2025-09-07,光伏,同星期中位数,0.1807080844160926
2025-09-08,光伏,附件1先验,0.08883321357918993
2025-09-08,光伏,前1天,0.22467737980104435
2025-09-08,光伏,前7天,0.21620985890690947
2025-09-08,光伏,近7天中位数,0.28716096031118715
2025-09-08,光伏,同星期中位数,0.18311858740166917
2025-09-09,光伏,附件1先验,0.09171038788602749
2025-09-09,光伏,前1天,0.2240948588414131
2025-09-09,光伏,前7天,0.2137056107651286
2025-09-09,光伏,近7天中位数,0.2828981624214725
2025-09-09,光伏,同星期中位数,0.18759098008595834
2025-09-10,光伏,附件1先验,0.09216181010928741
2025-09-10,光伏,前1天,0.22269586655867143
2025-09-10,光伏,前7天,0.21317229308626612
2025-09-10,光伏,近7天中位数,0.28424505584864873
2025-09-10,光伏,同星期中位数,0.18772497439712627
2025-09-11,光伏,附件1先验,0.09591472931341165
2025-09-11,光伏,前1天,0.21902943330506006
2025-09-11,光伏,前7天,0.2144565441154343
2025-09-11,光伏,近7天中位数,0.2809115105593959
2025-09-11,光伏,同星期中位数,0.18968778270669817
2025-09-12,光伏,附件1先验,0.09660402089151449
2025-09-12,光伏,前1天,0.21479411078001506
2025-09-12,光伏,前7天,0.215480804134255
2025-09-12,光伏,近7天中位数,0.28032846979847237
2025-09-12,光伏,同星期中位数,0.19279259439574303
2025-09-13,光伏,附件1先验,0.09838405388519904
2025-09-13,光伏,前1天,0.2133678405543158
2025-09-13,光伏,前7天,0.21189960251205195
2025-09-13,光伏,近7天中位数,0.27975862854737477
2025-09-13,光伏,同星期中位数,0.19658987450105855
2025-09-14,光伏,附件1先验,0.10035409423943158
2025-09-14,光伏,前1天,0.21356375158413488
2025-09-14,光伏,前7天,0.20940352220775182
2025-09-14,光伏,近7天中位数,0.2781443415397597
2025-09-14,光伏,同星期中位数,0.19853429042892207
2025-09-15,光伏,附件1先验,0.10355376642280074
2025-09-15,光伏,前1天,0.212305378284502
2025-09-15,光伏,前7天,0.2081234103087557
2025-09-15,光伏,近7天中位数,0.27650027724019427
2025-09-15,光伏,同星期中位数,0.19951716774374723
2025-09-16,光伏,附件1先验,0.10609589965229595
2025-09-16,光伏,前1天,0.2106681945490734
2025-09-16,光伏,前7天,0.20638216139977641
2025-09-16,光伏,近7天中位数,0.2759993360094226
2025-09-16,光伏,同星期中位数,0.20085440838943167
2025-09-17,光伏,附件1先验,0.10881212248636667
2025-09-17,光伏,前1天,0.21024744911313856
2025-09-17,光伏,前7天,0.2043670743616001
2025-09-17,光伏,近7天中位数,0.27507992171054657
2025-09-17,光伏,同星期中位数,0.20149343232834813
2025-09-18,光伏,附件1先验,0.10773868257716547
2025-09-18,光伏,前1天,0.21109352371086723
2025-09-18,光伏,前7天,0.20388424353785228
2025-09-18,光伏,近7天中位数,0.27908132104154315
2025-09-18,光伏,同星期中位数,0.1982022291325719
2025-09-19,光伏,附件1先验,0.10932806555486098
2025-09-19,光伏,前1天,0.21380344292707248
2025-09-19,光伏,前7天,0.2019862286427546
2025-09-19,光伏,近7天中位数,0.279106549703811
2025-09-19,光伏,同星期中位数,0.19577571317150094
2025-09-20,光伏,附件1先验,0.11302152982456784
2025-09-20,光伏,前1天,0.21450097339491597
2025-09-20,光伏,前7天,0.20288857516907946
2025-09-20,光伏,近7天中位数,0.27794492345720795
2025-09-20,光伏,同星期中位数,0.1916439981542288
2025-09-21,光伏,附件1先验,0.11570862345123024
2025-09-21,光伏,前1天,0.2167364506208141
2025-09-21,光伏,前7天,0.202403596784234
2025-09-21,光伏,近7天中位数,0.279588098621466
2025-09-21,光伏,同星期中位数,0.1855632305222558
2025-09-22,光伏,附件1先验,0.11773481038418923
2025-09-22,光伏,前1天,0.21601624772185662
2025-09-22,光伏,前7天,0.20216140482049366
2025-09-22,光伏,近7天中位数,0.2792100924724588
2025-09-22,光伏,同星期中位数,0.18487744460100167
2025-09-23,光伏,附件1先验,0.11619217431252053
2025-09-23,光伏,前1天,0.2190187445939264
2025-09-23,光伏,前7天,0.20140696743956663
2025-09-23,光伏,近7天中位数,0.28349934093792967
2025-09-23,光伏,同星期中位数,0.17988277271605685
2025-09-24,光伏,附件1先验,0.11885244166216434
2025-09-24,光伏,前1天,0.22191323024441667
2025-09-24,光伏,前7天,0.20015391717829814
2025-09-24,光伏,近7天中位数,0.2830492651913112
2025-09-24,光伏,同星期中位数,0.1760311457238096
2025-09-25,光伏,附件1先验,0.1198572998944726
2025-09-25,光伏,前1天,0.22019047779130882
2025-09-25,光伏,前7天,0.20120884568589673
2025-09-25,光伏,近7天中位数,0.2842836671876625
2025-09-25,光伏,同星期中位数,0.17445970944065933
2025-09-26,光伏,附件1先验,0.1189884109639826
2025-09-26,光伏,前1天,0.2212648878279036
2025-09-26,光伏,前7天,0.20102660748076975
2025-09-26,光伏,近7天中位数,0.28846566373195864
2025-09-26,光伏,同星期中位数,0.17025442999538531
2025-09-27,光伏,附件1先验,0.12218921210742038
2025-09-27,光伏,前1天,0.22261736906396412
2025-09-27,光伏,前7天,0.20418199703961676
2025-09-27,光伏,近7天中位数,0.2869066284165532
2025-09-27,光伏,同星期中位数,0.16410479337244557
2025-09-28,光伏,附件1先验,0.12639712932863217
2025-09-28,光伏,前1天,0.22231738366857604
2025-09-28,光伏,前7天,0.2044816125474445
2025-09-28,光伏,近7天中位数,0.2873128922397379
2025-09-28,光伏,同星期中位数,0.15949098221560942
2025-09-29,光伏,附件1先验,0.13098610577095718
2025-09-29,光伏,前1天,0.2241370190827494
2025-09-29,光伏,前7天,0.20429404099730689
2025-09-29,光伏,近7天中位数,0.2860209498352166
2025-09-29,光伏,同星期中位数,0.1545618843137699
2025-09-30,光伏,附件1先验,0.13382252107589668
2025-09-30,光伏,前1天,0.22341477868734308
2025-09-30,光伏,前7天,0.20538036659793787
2025-09-30,光伏,近7天中位数,0.28759133172437706
2025-09-30,光伏,同星期中位数,0.14979100191444525
2025-10-01,光伏,附件1先验,0.13878859757518763
2025-10-01,光伏,前1天,0.22539128517492357
2025-10-01,光伏,前7天,0.20566710666088
2025-10-01,光伏,近7天中位数,0.2854704680632186
2025-10-01,光伏,同星期中位数,0.14468254252579027
2025-10-02,光伏,附件1先验,0.14185247341676685
2025-10-02,光伏,前1天,0.2229935444097344
2025-10-02,光伏,前7天,0.2069908423749548
2025-10-02,光伏,近7天中位数,0.2809352352655517
2025-10-02,光伏,同星期中位数,0.14722790453299223
2025-10-03,光伏,附件1先验,0.14236519675862874
2025-10-03,光伏,前1天,0.2229075815371583
2025-10-03,光伏,前7天,0.21130641547767343
2025-10-03,光伏,近7天中位数,0.27433130700789776
2025-10-03,光伏,同星期中位数,0.14908949921864176
2025-10-04,光伏,附件1先验,0.14532140447809064
2025-10-04,光伏,前1天,0.2272270323301653
2025-10-04,光伏,前7天,0.20777992694274672
2025-10-04,光伏,近7天中位数,0.2706514396075545
2025-10-04,光伏,同星期中位数,0.14902019664144284
2025-10-05,光伏,附件1先验,0.14747369890065412
2025-10-05,光伏,前1天,0.22460035118030144
2025-10-05,光伏,前7天,0.20820096322955878
2025-10-05,光伏,近7天中位数,0.27425671623821046
2025-10-05,光伏,同星期中位数,0.14546827045127508
2025-10-06,光伏,附件1先验,0.14864916523934393
2025-10-06,光伏,前1天,0.22714138880155804
2025-10-06,光伏,前7天,0.20545846748261656
2025-10-06,光伏,近7天中位数,0.27360237685665495
2025-10-06,光伏,同星期中位数,0.14514860161982654
2025-10-07,光伏,附件1先验,0.1460866558888947
2025-10-07,光伏,前1天,0.22687053579637032
2025-10-07,光伏,前7天,0.2067489735915421
2025-10-07,光伏,近7天中位数,0.2764004979468559
2025-10-07,光伏,同星期中位数,0.143893336776337
2025-10-08,光伏,附件1先验,0.14777518410731436
2025-10-08,光伏,前1天,0.22978049716928103
2025-10-08,光伏,前7天,0.20430789331658675
2025-10-08,光伏,近7天中位数,0.2757995095263154
2025-10-08,光伏,同星期中位数,0.14233691588050254
2025-10-09,光伏,附件1先验,0.14391216580239793
2025-10-09,光伏,前1天,0.23600110301372465
2025-10-09,光伏,前7天,0.19931665621225272
2025-10-09,光伏,近7天中位数,0.2791054668521884
2025-10-09,光伏,同星期中位数,0.14166460811943632
2025-10-10,光伏,附件1先验,0.14430224904028574
2025-10-10,光伏,前1天,0.24158583565085742
2025-10-10,光伏,前7天,0.19736404339589383
2025-10-10,光伏,近7天中位数,0.27713646350032745
2025-10-10,光伏,同星期中位数,0.1396114084126355
2025-10-11,光伏,附件1先验,0.1432116186006207
2025-10-11,光伏,前1天,0.24437092953085435
2025-10-11,光伏,前7天,0.1987756688497931
2025-10-11,光伏,近7天中位数,0.27480800592782284
2025-10-11,光伏,同星期中位数,0.13883377709090897
2025-10-12,光伏,附件1先验,0.1460187245122031
2025-10-12,光伏,前1天,0.24033524556020483
2025-10-12,光伏,前7天,0.20145869180060125
2025-10-12,光伏,近7天中位数,0.27477733674307625
2025-10-12,光伏,同星期中位数,0.13741000138391454
2025-10-13,光伏,附件1先验,0.14387577756713707
2025-10-13,光伏,前1天,0.2443111258696074
2025-10-13,光伏,前7天,0.1999180724344017
2025-10-13,光伏,近7天中位数,0.2749895854103631
2025-10-13,光伏,同星期中位数,0.13690543871849065
2025-10-14,光伏,附件1先验,0.14237405696438737
2025-10-14,光伏,前1天,0.24613647073208222
2025-10-14,光伏,前7天,0.20178375581046704
2025-10-14,光伏,近7天中位数,0.2742033137600234
2025-10-14,光伏,同星期中位数,0.13550240273303998
2025-10-15,光伏,附件1先验,0.14185798790036663
2025-10-15,光伏,前1天,0.2457096708527026
2025-10-15,光伏,前7天,0.204708790370801
2025-10-15,光伏,近7天中位数,0.27356297259851586
2025-10-15,光伏,同星期中位数,0.1341605782776139
2025-10-16,光伏,附件1先验,0.14370600702589362
2025-10-16,光伏,前1天,0.24854701309408186
2025-10-16,光伏,前7天,0.202304704778328
2025-10-16,光伏,近7天中位数,0.2723675911890046
2025-10-16,光伏,同星期中位数,0.13307468391269192
2025-10-17,光伏,附件1先验,0.1453336686355146
2025-10-17,光伏,前1天,0.2500841211571781
2025-10-17,光伏,前7天,0.20152494199775303
2025-10-17,光伏,近7天中位数,0.27078376899233364
2025-10-17,光伏,同星期中位数,0.13227349921722056
2025-10-18,光伏,附件1先验,0.1446698859115789
2025-10-18,光伏,前1天,0.25086368489792377
2025-10-18,光伏,前7天,0.19777856365504518
2025-10-18,光伏,近7天中位数,0.2733474320191065
2025-10-18,光伏,同星期中位数,0.1333404335163456
2025-10-19,光伏,附件1先验,0.1429611605899647
2025-10-19,光伏,前1天,0.2524253471654935
2025-10-19,光伏,前7天,0.19963226520394475
2025-10-19,光伏,近7天中位数,0.2716090450318636
2025-10-19,光伏,同星期中位数,0.1333721820087334
2025-10-20,光伏,附件1先验,0.1435584966405466
2025-10-20,光伏,前1天,0.25726683052344196
2025-10-20,光伏,前7天,0.19652382536470855
2025-10-20,光伏,近7天中位数,0.27176966661466195
2025-10-20,光伏,同星期中位数,0.13088118085664088
2025-10-21,光伏,附件1先验,0.14567292825687697
2025-10-21,光伏,前1天,0.2564008893721053
2025-10-21,光伏,前7天,0.19627936012726266
2025-10-21,光伏,近7天中位数,0.27034954411602835
2025-10-21,光伏,同星期中位数,0.13129727812772665
2025-10-22,光伏,附件1先验,0.14715757898947238
2025-10-22,光伏,前1天,0.25807227288229184
2025-10-22,光伏,前7天,0.19538267737269707
2025-10-22,光伏,近7天中位数,0.2684644096402402
2025-10-22,光伏,同星期中位数,0.13092306111529853
2025-10-23,光伏,附件1先验,0.147983769385391
2025-10-23,光伏,前1天,0.26180128956204457
2025-10-23,光伏,前7天,0.19507919196199563
2025-10-23,光伏,近7天中位数,0.2658872729424981
2025-10-23,光伏,同星期中位数,0.12924847614807067
2025-10-24,光伏,附件1先验,0.14871279769070145
2025-10-24,光伏,前1天,0.2602768815699252
2025-10-24,光伏,前7天,0.19682164343200995
2025-10-24,光伏,近7天中位数,0.26582851474900066
2025-10-24,光伏,同星期中位数,0.12836016255836277
2025-10-25,光伏,附件1先验,0.1453403038801147
2025-10-25,光伏,前1天,0.2622821446065345
2025-10-25,光伏,前7天,0.19516520272289875
2025-10-25,光伏,近7天中位数,0.26767910457918187
2025-10-25,光伏,同星期中位数,0.12953324421127024
2025-10-26,光伏,附件1先验,0.1426670191470986
2025-10-26,光伏,前1天,0.26619643557127065
2025-10-26,光伏,前7天,0.1942711328930403
2025-10-26,光伏,近7天中位数,0.2680437117059952
2025-10-26,光伏,同星期中位数,0.12882170068259527
2025-10-27,光伏,附件1先验,0.13937532604566402
2025-10-27,光伏,前1天,0.268192369207741
2025-10-27,光伏,前7天,0.19525874426233295
2025-10-27,光伏,近7天中位数,0.268834193167295
2025-10-27,光伏,同星期中位数,0.128339367316967
2025-10-28,光伏,附件1先验,0.13926646745873697
2025-10-28,光伏,前1天,0.26689570470129553
2025-10-28,光伏,前7天,0.1955514488971084
2025-10-28,光伏,近7天中位数,0.2670949383768412
2025-10-28,光伏,同星期中位数,0.13119144056601795
2025-10-29,光伏,附件1先验,0.1368050205907296
2025-10-29,光伏,前1天,0.2647803893855184
2025-10-29,光伏,前7天,0.19516795313556204
2025-10-29,光伏,近7天中位数,0.27055938305575455
2025-10-29,光伏,同星期中位数,0.13268725383243543
2025-10-30,光伏,附件1先验,0.13501584673901487
2025-10-30,光伏,前1天,0.2746176453056822
2025-10-30,光伏,前7天,0.19290098973848852
2025-10-30,光伏,近7天中位数,0.27237431302568577
2025-10-30,光伏,同星期中位数,0.12509120519112857
2025-10-31,光伏,附件1先验,0.1354996548406389
2025-10-31,光伏,前1天,0.2704388116146976
2025-10-31,光伏,前7天,0.19216899765287074
2025-10-31,光伏,近7天中位数,0.28257752794910784
2025-10-31,光伏,同星期中位数,0.11931500794268482
2025-11-01,光伏,附件1先验,0.1372756277065745
2025-11-01,光伏,前1天,0.26594544439161455
2025-11-01,光伏,前7天,0.19489333781914867
2025-11-01,光伏,近7天中位数,0.2856482037597755
2025-11-01,光伏,同星期中位数,0.11623738632288687
2025-11-02,光伏,附件1先验,0.13590781469964
2025-11-02,光伏,前1天,0.27044543407452387
2025-11-02,光伏,前7天,0.19528450684333226
2025-11-02,光伏,近7天中位数,0.2835852997302485
2025-11-02,光伏,同星期中位数,0.11477694465225538
2025-11-03,光伏,附件1先验,0.1361433557942352
2025-11-03,光伏,前1天,0.27248416287790966
2025-11-03,光伏,前7天,0.19687183859130242
2025-11-03,光伏,近7天中位数,0.2835881931031617
2025-11-03,光伏,同星期中位数,0.11091244963339103
2025-11-04,光伏,附件1先验,0.13739091663068045
2025-11-04,光伏,前1天,0.2751159411331037
2025-11-04,光伏,前7天,0.1939079438244451
2025-11-04,光伏,近7天中位数,0.28472633541580916
2025-11-04,光伏,同星期中位数,0.1088588629959615
2025-11-05,光伏,附件1先验,0.1366860463927611
2025-11-05,光伏,前1天,0.2745527378238676
2025-11-05,光伏,前7天,0.1950674226668422
2025-11-05,光伏,近7天中位数,0.286166207781124
2025-11-05,光伏,同星期中位数,0.10752758533540514
2025-11-06,光伏,附件1先验,0.13506466323838737
2025-11-06,光伏,前1天,0.2724047236888738
2025-11-06,光伏,前7天,0.20149942628110648
2025-11-06,光伏,近7天中位数,0.2872845517302011
2025-11-06,光伏,同星期中位数,0.10374663506143121
2025-11-07,光伏,附件1先验,0.1362391998751333
2025-11-07,光伏,前1天,0.2746402334197358
2025-11-07,光伏,前7天,0.2000781116148575
2025-11-07,光伏,近7天中位数,0.2874453474359414
2025-11-07,光伏,同星期中位数,0.1015971076543319
2025-11-08,光伏,附件1先验,0.1385076909683291
2025-11-08,光伏,前1天,0.2757500792974174
2025-11-08,光伏,前7天,0.1982810914992677
2025-11-08,光伏,近7天中位数,0.2865444323760435
2025-11-08,光伏,同星期中位数,0.10091670585894237
2025-11-09,光伏,附件1先验,0.1356678670055217
2025-11-09,光伏,前1天,0.27895649876965756
2025-11-09,光伏,前7天,0.19599106448996417
2025-11-09,光伏,近7天中位数,0.29041075094040136
2025-11-09,光伏,同星期中位数,0.09897381879445528
2025-11-10,光伏,附件1先验,0.13411424826163826
2025-11-10,光伏,前1天,0.2803150144524765
2025-11-10,光伏,前7天,0.19761283797355184
2025-11-10,光伏,近7天中位数,0.2910459876051454
2025-11-10,光伏,同星期中位数,0.09691191170718809
2025-11-11,光伏,附件1先验,0.13363921317696845
2025-11-11,光伏,前1天,0.2845697576511194
2025-11-11,光伏,前7天,0.19772651095570132
2025-11-11,光伏,近7天中位数,0.2893245154778672
2025-11-11,光伏,同星期中位数,0.09474000273834365
2025-11-12,光伏,附件1先验,0.13124072581108548
2025-11-12,光伏,前1天,0.2886286111854628
2025-11-12,光伏,前7天,0.195382473115513
2025-11-12,光伏,近7天中位数,0.29131756550543925
2025-11-12,光伏,同星期中位数,0.09343062438249952
2025-11-13,光伏,附件1先验,0.1264157803156501
2025-11-13,光伏,前1天,0.2896368674253685
2025-11-13,光伏,前7天,0.19750489170435695
2025-11-13,光伏,近7天中位数,0.2950813655547243
2025-11-13,光伏,同星期中位数,0.09136109499990018
2025-11-14,光伏,附件1先验,0.12329708001398443
2025-11-14,光伏,前1天,0.2879521846441892
2025-11-14,光伏,前7天,0.20075063429866058
2025-11-14,光伏,近7天中位数,0.29788890323087086
2025-11-14,光伏,同星期中位数,0.09011119781229493
2025-11-15,光伏,附件1先验,0.11931282717703258
2025-11-15,光伏,前1天,0.2913074021644348
2025-11-15,光伏,前7天,0.20274117230656363
2025-11-15,光伏,近7天中位数,0.2980626202496791
2025-11-15,光伏,同星期中位数,0.08857597810228987
2025-11-16,光伏,附件1先验,0.11643302348438361
2025-11-16,光伏,前1天,0.29024533769529137
2025-11-16,光伏,前7天,0.20359356883432064
2025-11-16,光伏,近7天中位数,0.3020569047892624
2025-11-16,光伏,同星期中位数,0.08767116519674199
2025-11-17,光伏,附件1先验,0.11279022532101778
2025-11-17,光伏,前1天,0.2917152623906327
2025-11-17,光伏,前7天,0.2066109110755197
2025-11-17,光伏,近7天中位数,0.3027158502261924
2025-11-17,光伏,同星期中位数,0.08616775098663733
2025-11-18,光伏,附件1先验,0.10782154811983767
2025-11-18,光伏,前1天,0.2930295227686717
2025-11-18,光伏,前7天,0.21238374401356758
2025-11-18,光伏,近7天中位数,0.3033120459317359
2025-11-18,光伏,同星期中位数,0.08345313916618713
2025-11-19,光伏,附件1先验,0.1035412078866539
2025-11-19,光伏,前1天,0.28998138992253575
2025-11-19,光伏,前7天,0.21566593849949175
2025-11-19,光伏,近7天中位数,0.3077789939202053
2025-11-19,光伏,同星期中位数,0.0830324697711133
2025-11-20,光伏,附件1先验,0.09988925926100706
2025-11-20,光伏,前1天,0.2875074700230377
2025-11-20,光伏,前7天,0.21616001574049085
2025-11-20,光伏,近7天中位数,0.31442679367320103
2025-11-20,光伏,同星期中位数,0.08201646130226334
2025-11-21,光伏,附件1先验,0.09716972870667594
2025-11-21,光伏,前1天,0.28793625392827005
2025-11-21,光伏,前7天,0.21710436589965404
2025-11-21,光伏,近7天中位数,0.31640358347976294
2025-11-21,光伏,同星期中位数,0.081386067985637
2025-11-22,光伏,附件1先验,0.0943161485270979
2025-11-22,光伏,前1天,0.29074743505787126
2025-11-22,光伏,前7天,0.2183781475086888
2025-11-22,光伏,近7天中位数,0.3163306366707142
2025-11-22,光伏,同星期中位数,0.08022763223562776
2025-11-23,光伏,附件1先验,0.0913203832176653
2025-11-23,光伏,前1天,0.29058433290659025
2025-11-23,光伏,前7天,0.22114434531544694
2025-11-23,光伏,近7天中位数,0.3176449409237977
2025-11-23,光伏,同星期中位数,0.07930599763649976
2025-11-24,光伏,附件1先验,0.08947727186870512
2025-11-24,光伏,前1天,0.29177054152254356
2025-11-24,光伏,前7天,0.2250570082648116
2025-11-24,光伏,近7天中位数,0.3140791468235775
2025-11-24,光伏,同星期中位数,0.07961603152036224
2025-11-25,光伏,附件1先验,0.08720493721735566
2025-11-25,光伏,前1天,0.28749454171942557
2025-11-25,光伏,前7天,0.22709382313143844
2025-11-25,光伏,近7天中位数,0.3200243036686585
2025-11-25,光伏,同星期中位数,0.07818239426312176
2025-11-26,光伏,附件1先验,0.08464226003227326
2025-11-26,光伏,前1天,0.29073999207944046
2025-11-26,光伏,前7天,0.22700105873767654
2025-11-26,光伏,近7天中位数,0.3201054109309114
2025-11-26,光伏,同星期中位数,0.07751127821969844
2025-11-27,光伏,附件1先验,0.08065531149919156
2025-11-27,光伏,前1天,0.2921351871811618
2025-11-27,光伏,前7天,0.22528695578164137
2025-11-27,光伏,近7天中位数,0.3257112161330125
2025-11-27,光伏,同星期中位数,0.0762113294049927
2025-11-28,光伏,附件1先验,0.07804398256094712
2025-11-28,光伏,前1天,0.2984270316026678
2025-11-28,光伏,前7天,0.22519674159865483
2025-11-28,光伏,近7天中位数,0.3230029668265157
2025-11-28,光伏,同星期中位数,0.07532927741121449
2025-11-29,光伏,附件1先验,0.07413630041696372
2025-11-29,光伏,前1天,0.2962807060923759
2025-11-29,光伏,前7天,0.22690911916580814
2025-11-29,光伏,近7天中位数,0.3292310443143655
2025-11-29,光伏,同星期中位数,0.07344283001048672
2025-11-30,光伏,附件1先验,0.07320105636618307
2025-11-30,光伏,前1天,0.29697705635035165
2025-11-30,光伏,前7天,0.2292757404117372
2025-11-30,光伏,近7天中位数,0.3262676103260793
2025-11-30,光伏,同星期中位数,0.07427853654564882
2025-12-01,光伏,附件1先验,0.07144407140826045
2025-12-01,光伏,前1天,0.3013460337589013
2025-12-01,光伏,前7天,0.22920117464054632
2025-12-01,光伏,近7天中位数,0.32355603989325876
2025-12-01,光伏,同星期中位数,0.07445268029903322
2025-12-02,光伏,附件1先验,0.06900213037342427
2025-12-02,光伏,前1天,0.30195958985807236
2025-12-02,光伏,前7天,0.23114210526852025
2025-12-02,光伏,近7天中位数,0.32383217894733335
2025-12-02,光伏,同星期中位数,0.07406399555264971
2025-12-03,光伏,附件1先验,0.06738209599905294
2025-12-03,光伏,前1天,0.30411831496456776
2025-12-03,光伏,前7天,0.23033940775275566
2025-12-03,光伏,近7天中位数,0.3244256376558292
2025-12-03,光伏,同星期中位数,0.07373454362779437
2025-12-04,光伏,附件1先验,0.0659397078080297
2025-12-04,光伏,前1天,0.3062051317384828
2025-12-04,光伏,前7天,0.22886971112282414
2025-12-04,光伏,近7天中位数,0.3248048636279472
2025-12-04,光伏,同星期中位数,0.07418058570271624
2025-12-05,光伏,附件1先验,0.06333194471118303
2025-12-05,光伏,前1天,0.3033930009616354
2025-12-05,光伏,前7天,0.2319351594498568
2025-12-05,光伏,近7天中位数,0.32794063431508624
2025-12-05,光伏,同星期中位数,0.07339926056223856
2025-12-06,光伏,附件1先验,0.0605895474698034
2025-12-06,光伏,前1天,0.3013158833950436
2025-12-06,光伏,前7天,0.23168008584546007
2025-12-06,光伏,近7天中位数,0.33467489734091327
2025-12-06,光伏,同星期中位数,0.07173958594877965
2025-12-07,光伏,附件1先验,0.0591372883191663
2025-12-07,光伏,前1天,0.3043441549511987
2025-12-07,光伏,前7天,0.23399897791866264
2025-12-07,光伏,近7天中位数,0.33103234348654803
2025-12-07,光伏,同星期中位数,0.07148723532442423
2025-12-08,光伏,附件1先验,0.05734123068228434
2025-12-08,光伏,前1天,0.30257655744315476
2025-12-08,光伏,前7天,0.2351079335453007
2025-12-08,光伏,近7天中位数,0.3338775395921732
2025-12-08,光伏,同星期中位数,0.07109673873708706
2025-12-09,光伏,附件1先验,0.05534818428945464
2025-12-09,光伏,前1天,0.30206581024882023
2025-12-09,光伏,前7天,0.23364291799001077
2025-12-09,光伏,近7天中位数,0.33810196481384563
2025-12-09,光伏,同星期中位数,0.07084112265786868
2025-12-10,光伏,附件1先验,0.0539855255127522
2025-12-10,光伏,前1天,0.30246315914160077
2025-12-10,光伏,前7天,0.23502530549613357
2025-12-10,光伏,近7天中位数,0.3380522473048234
2025-12-10,光伏,同星期中位数,0.07047376254469008
2025-12-11,光伏,附件1先验,0.052900599811845826
2025-12-11,光伏,前1天,0.2996505340287095
2025-12-11,光伏,前7天,0.23779004187870495
2025-12-11,光伏,近7天中位数,0.3389266830639788
2025-12-11,光伏,同星期中位数,0.0707321412167609
2025-12-12,光伏,附件1先验,0.05123548079503111
2025-12-12,光伏,前1天,0.2959785516213832
2025-12-12,光伏,前7天,0.24193938135898232
2025-12-12,光伏,近7天中位数,0.34036129305887114
2025-12-12,光伏,同星期中位数,0.07048529316573228
2025-12-13,光伏,附件1先验,0.04999588731882824
2025-12-13,光伏,前1天,0.2916894955865057
2025-12-13,光伏,前7天,0.24810090003026222
2025-12-13,光伏,近7天中位数,0.3395550869594159
2025-12-13,光伏,同星期中位数,0.07065863010498792
2025-12-14,光伏,附件1先验,0.04873357646560444
2025-12-14,光伏,前1天,0.29107378220613983
2025-12-14,光伏,前7天,0.2517425425303262
2025-12-14,光伏,近7天中位数,0.33813387158072195
2025-12-14,光伏,同星期中位数,0.07031622721720754
2025-12-15,光伏,附件1先验,0.047411307103879995
2025-12-15,光伏,前1天,0.28890099933026653
2025-12-15,光伏,前7天,0.25268569502087485
2025-12-15,光伏,近7天中位数,0.3409242032097471
2025-12-15,光伏,同星期中位数,0.07007779533523151
2025-12-16,光伏,附件1先验,0.04657359414593217
2025-12-16,光伏,前1天,0.29144548464679737
2025-12-16,光伏,前7天,0.2506127149419392
2025-12-16,光伏,近7天中位数,0.3406628740097412
2025-12-16,光伏,同星期中位数,0.07070533225559004
2025-12-17,光伏,附件1先验,0.04506105293625938
2025-12-17,光伏,前1天,0.2954988552204815
2025-12-17,光伏,前7天,0.24752238678059313
2025-12-17,光伏,近7天中位数,0.34213229182784344
2025-12-17,光伏,同星期中位数,0.06978541323482249
2025-12-18,光伏,附件1先验,0.04373109809662734
2025-12-18,光伏,前1天,0.2979624496439329
2025-12-18,光伏,前7天,0.24816244789787692
2025-12-18,光伏,近7天中位数,0.3407965250106524
2025-12-18,光伏,同星期中位数,0.06934747935091044
2025-12-19,光伏,附件1先验,0.043017211203258174
2025-12-19,光伏,前1天,0.2997699781019814
2025-12-19,光伏,前7天,0.24787884380109215
2025-12-19,光伏,近7天中位数,0.3391290342428918
2025-12-19,光伏,同星期中位数,0.0702049326507763
2025-12-20,光伏,附件1先验,0.042775755050415434
2025-12-20,光伏,前1天,0.2960809912681338
2025-12-20,光伏,前7天,0.24830928753058643
2025-12-20,光伏,近7天中位数,0.34122203440913695
2025-12-20,光伏,同星期中位数,0.0716119317417273
2025-12-21,光伏,附件1先验,0.042113774016465017
2025-12-21,光伏,前1天,0.29710985461442097
2025-12-21,光伏,前7天,0.2482444844736178
2025-12-21,光伏,近7天中位数,0.34021462379546014
2025-12-21,光伏,同星期中位数,0.07231726310003617
2025-12-22,光伏,附件1先验,0.04107451266314641
2025-12-22,光伏,前1天,0.29242109463540655
2025-12-22,光伏,前7天,0.24962345107567438
2025-12-22,光伏,近7天中位数,0.3446027465568569
2025-12-22,光伏,同星期中位数,0.07227819506891572
2025-12-23,光伏,附件1先验,0.039575929646848966
2025-12-23,光伏,前1天,0.29714032456854556
2025-12-23,光伏,前7天,0.2476892307414932
2025-12-23,光伏,近7天中位数,0.3444406614730733
2025-12-23,光伏,同星期中位数,0.07115385357003891
2025-12-24,光伏,附件1先验,0.038584097210365084
2025-12-24,光伏,前1天,0.2998702778899242
2025-12-24,光伏,前7天,0.24691256692003755
2025-12-24,光伏,近7天中位数,0.3434393608897479
2025-12-24,光伏,同星期中位数,0.0711936970899252
2025-12-25,光伏,附件1先验,0.038235912371061026
2025-12-25,光伏,前1天,0.29823434373931984
2025-12-25,光伏,前7天,0.24818034211929826
2025-12-25,光伏,近7天中位数,0.34314901873510756
2025-12-25,光伏,同星期中位数,0.0722003830352133
2025-12-26,光伏,附件1先验,0.037686099728580134
2025-12-26,光伏,前1天,0.2961662777766949
2025-12-26,光伏,前7天,0.24642125893759914
2025-12-26,光伏,近7天中位数,0.3464335581353064
2025-12-26,光伏,同星期中位数,0.07329280542181944
2025-12-27,光伏,附件1先验,0.03731066845535352
2025-12-27,光伏,前1天,0.2970691292292742
2025-12-27,光伏,前7天,0.24829106835964226
2025-12-27,光伏,近7天中位数,0.34279522108570615
2025-12-27,光伏,同星期中位数,0.07453391287002385
2025-12-28,光伏,附件1先验,0.03569151498621198
2025-12-28,光伏,前1天,0.293543319561793
2025-12-28,光伏,前7天,0.24840325086984522
2025-12-28,光伏,近7天中位数,0.34834268733193635
2025-12-28,光伏,同星期中位数,0.07401922725021351
2025-12-29,光伏,附件1先验,0.034820133436855354
2025-12-29,光伏,前1天,0.2847442562908101
2025-12-29,光伏,前7天,0.2512417456610869
2025-12-29,光伏,近7天中位数,0.35414502815611054
2025-12-29,光伏,同星期中位数,0.07504883645513703
2025-12-30,光伏,附件1先验,0.03391949034260101
2025-12-30,光伏,前1天,0.27923071483973366
2025-12-30,光伏,前7天,0.2572717727184077
2025-12-30,光伏,近7天中位数,0.35419212211605583
2025-12-30,光伏,同星期中位数,0.07538589998320182
2025-12-31,光伏,附件1先验,0.03339513284185532
2025-12-31,光伏,前1天,0.272865470562642
2025-12-31,光伏,前7天,0.2632945005884368
2025-12-31,光伏,近7天中位数,0.35304009211471304
2025-12-31,光伏,同星期中位数,0.07740480389235292
