date,q0_kwh,active_kwh,up_kwh,down_kwh,emergency_kwh,charge_kwh,discharge_kwh,spill_kwh,storage_loss_kwh,plan_cost,up_cost,down_penalty,refund,emergency_cost,total_cost,start_soc_kwh,end_soc_kwh,forecast_plan_cost,price_mae_0,mean_actual_price
2025-02-01,50237.08592745909,50271.81524012021,34.72931266111732,0.0,0.0,16362.802281209088,12981.62062442222,12512.457650000008,3078.682519723378,23072.64114482976,42.61286663519095,0.0,0.0,0.0,23115.25401146495,7351.026421393297,7653.525558456791,24281.4677383081,0.07714965277777777,0.6514930555555556
2025-02-02,95557.89304708007,95644.05165552451,86.1586084444416,0.0,0.0,17624.822473491084,14493.538928694446,14156.490160727883,3372.8754616484916,69564.73258070908,165.23067134432787,0.0,0.0,0.0,69729.9632520534,7653.525558456791,7411.933641604937,74014.12676094563,0.08738142361111112,0.8363881944444445
2025-02-03,97205.08581547256,97292.749877917,87.66406244444266,0.0,0.0,18274.292575857333,14770.080268444448,13571.621070504123,3468.5492874128945,71896.2344145688,165.2642905202633,0.0,0.0,0.0,72061.49870508905,7411.933641604937,7447.596661604935,74566.4345091276,0.07680399305555556,0.8447902777777778
2025-02-04,99801.36205347616,100472.55980969839,671.1977562222287,0.0,0.0,17550.695461388892,14125.595535263888,15852.595933573395,3324.58016116821,74597.06963362402,1110.2386853580547,0.0,0.0,0.0,75707.30831898208,7447.596661604935,7548.116426561728,77151.56952839148,0.0688545138888889,0.8491895833333333
2025-02-05,93545.16347597633,94422.59382711523,877.4303511388932,0.0,0.0,17201.285985432103,14123.407949083337,10596.28880743313,3289.396148441359,69081.98219975125,1503.0106820143567,0.0,0.0,0.0,70584.9928817656,7548.116426561728,7336.5983144691345,71236.55771931939,0.07384149305555557,0.8482541666666666
2025-02-06,100309.37079592506,100550.11138827229,240.7405923472204,0.0,0.0,18341.110346337446,14808.135975222225,16746.079800490403,3479.4594763251034,74570.99565013166,447.4270101921634,0.0,0.0,0.0,75018.42266032382,7336.5983144691345,7390.113209259257,77583.90484949255,0.07758333333333334,0.8439645833333334
2025-02-07,49578.09145382991,49578.09145382991,0.0,0.0,0.0,15149.815120953359,12633.430805888891,15256.02747209878,2918.696046082991,22749.33739708914,0.0,0.0,0.0,0.0,22749.33739708914,7390.113209259257,6987.80147824074,23901.398513139924,0.07940121527777777,0.6440388888888889
2025-02-08,42167.58372183264,42327.57528655487,159.9915647222243,0.0,0.0,16671.28719183814,13498.001550055558,7577.126928105621,3166.9066691899875,18244.854080795078,194.84258955582658,0.0,0.0,0.0,18439.696670350902,6987.80147824074,6994.1804508333325,19012.97014989237,0.06820381944444445,0.6423513888888889
2025-02-09,91735.174419667,91859.47260900034,124.29818933333377,0.0,0.0,18721.901707544574,15353.093440527777,8935.24837531688,3578.089441924211,66532.00153788962,232.3133158640008,0.0,0.0,0.0,66764.31485375362,6994.1804508333325,6784.899275925925,69312.05290881588,0.06405555555555557,0.8413840277777778
2025-02-10,88530.76203290107,88530.76203290107,0.0,0.0,0.0,18901.105367781212,15188.64960765278,10491.668689439302,3577.7382709617636,62541.473747817356,0.0,0.0,0.0,0.0,62541.473747817356,6784.899275925925,6919.616765092593,63805.65792572045,0.04313611111111111,0.8180638888888888
2025-02-11,88550.69027050411,89243.09053322634,692.4002627222237,0.0,0.0,18978.596367592592,15562.709438666669,10606.60647096708,3627.049574388889,62737.87359336637,1191.8134733982772,0.0,0.0,0.0,63929.68706676464,6919.616765092593,6708.454119629627,63838.59435420254,0.039537499999999996,0.828492361111111
2025-02-12,88944.68808709687,88944.68808709687,0.0,0.0,0.0,19004.66760697875,15389.452935986115,10062.737282770917,3610.4059758074436,62985.686384221386,0.0,0.0,0.0,0.0,62985.686384221386,6708.454119629627,6713.262814814814,64166.83664780056,0.044407638888888885,0.8264243055555556
2025-02-13,83777.54543102605,83784.01379460939,6.468363583330529,0.0,0.0,17797.025283641982,14318.896439249998,8976.405933550746,3370.6910216141982,57892.581793480116,9.699634611383296,0.0,0.0,0.0,57902.2814280915,6713.262814814814,6820.700637592595,58977.31653769993,0.053643055555555555,0.8147909722222222
2025-02-14,41641.46760570455,42107.140571232325,465.67296552777293,0.0,0.0,17229.233076869,13850.012661541672,8926.11833923833,3261.813603413753,17947.651344794598,565.0018240750355,0.0,0.0,0.0,18512.653168869634,6820.700637592595,6938.107449506173,17787.573106603755,0.04500277777777778,0.6311
2025-02-15,41734.7529697668,41959.49809010013,224.74512033333212,0.0,0.0,17571.12945596709,14580.629480222226,9688.90701435527,3377.182887843623,18398.486156926174,264.6710909605486,0.0,0.0,0.0,18663.157247886724,6938.107449506173,6551.424537407409,17595.304124476683,0.03733611111111111,0.6378472222222222
2025-02-16,89421.52827160407,89453.29601454851,31.767742944444763,0.0,0.0,18019.599883641968,14370.14846775,10426.465498656553,3398.6431514475303,63464.684654307166,60.14586771671727,0.0,0.0,0.0,63524.83052202388,6551.424537407409,6802.232801851853,63710.71470332477,0.03430486111111111,0.8303222222222222
2025-02-17,89357.54373511214,89357.54373511214,0.0,0.0,0.0,17768.679957774348,14458.460816388886,14863.461427060014,3383.363642042867,62299.83705558324,0.0,0.0,0.0,0.0,62299.83705558324,6802.232801851853,6729.088301194447,61359.78951294879,0.0341125,0.8173527777777778
2025-02-18,80055.5627652114,80514.80918158642,459.24641637499883,0.0,0.0,18318.679840716733,14642.354240388891,4747.095797925239,3458.7962330037726,54673.011503257134,717.2341969742341,0.0,0.0,0.0,55390.24570023137,6729.088301194447,6946.617668518518,55281.41582638441,0.03575138888888888,0.8145215277777778
2025-02-19,80081.63505904115,80081.63505904115,9.947598300641403e-14,0.0,0.0,19527.418685596713,16186.591277481482,3861.4802675925876,3751.2520105020585,55205.52308983768,1.6522463397450337e-13,0.0,0.0,0.0,55205.52308983768,6946.617668518518,6536.19306613169,55074.05796845143,0.03846666666666668,0.8164298611111112
2025-02-20,83679.21046398793,83828.72195771015,149.51149372222312,0.0,37.51693611111102,18810.918410752172,14968.735735888891,9030.922485624651,3544.2847006184275,57189.47530450602,267.7165038283978,0.0,0.0,210.4887700513884,57667.68057838581,6536.19306613169,6834.091040376546,56372.18692174477,0.03620069444444445,0.8168069444444445
2025-02-21,40030.29075863786,40030.29075863786,0.0,0.0,0.0,16469.216196563782,13263.444713111112,11264.257241851852,3120.6376988909465,17112.56484791866,0.0,0.0,0.0,0.0,17112.56484791866,6834.091040376546,6919.224824938273,16621.729097350923,0.03660833333333333,0.62085
2025-02-22,40877.5078021063,40925.979066606305,48.47126450000309,0.0,0.0,17748.264899382724,14387.801845444445,9720.753129334696,3373.4711394321,17566.164877517385,74.24828296110474,0.0,0.0,0.0,17640.41316047849,6919.224824938273,6906.216739444447,17326.101841085554,0.033522916666666666,0.6352840277777778
2025-02-23,82465.7020565967,83089.89105756892,624.1890009722258,0.0,6.089919444444604,18467.16786189986,15060.724314138886,8157.683745919065,3520.1305988720846,56326.35134975707,1003.4225681396935,0.0,0.0,31.484883527778603,57361.25880142454,6906.216739444447,6792.529688333335,56557.80281452551,0.03893263888888889,0.8153784722222223
2025-02-24,78955.68444174861,79000.2462622764,44.56182052777703,0.0,23.626330555555683,18727.06645898491,15101.022473444453,7194.794990624829,3550.5980318367638,54403.38385383698,87.02255121766935,0.0,0.0,120.71873597361177,54611.125141028264,6792.529688333335,6867.975642037035,54124.06416331347,0.03705625,0.8082493055555555
2025-02-25,81826.87288072599,81826.87288072599,0.0,0.0,0.0,17304.261469375866,14227.992003861113,12929.280181877908,3311.314147366599,55028.252958553276,0.0,0.0,0.0,0.0,55028.252958553276,6867.975642037035,6632.930960185191,55166.70197824201,0.04598472222222222,0.7940965277777778
2025-02-26,75771.12292891889,75825.96264236333,54.839713444443305,0.0,0.0,20578.757075222897,16329.104942041666,2761.462475848769,3872.220701082475,50779.72041143182,73.21091335966409,0.0,0.0,0.0,50852.93132479149,6632.930960185191,7010.362392283953,50274.73472533069,0.03988749999999999,0.8055381944444444
2025-02-27,75628.36204890259,75628.36204890259,0.0,0.0,0.0,20994.050041358023,17314.2153,4991.943107544576,4023.2067041358023,49317.64310252618,0.0,0.0,0.0,0.0,49317.64310252618,7010.362392283953,6666.990429506175,50561.46145881137,0.04176180555555556,0.7979118055555555
2025-02-28,37597.78115260631,37597.78115260631,0.0,0.0,0.0,18071.41013021262,14559.141873962619,10792.91934635631,3424.823443461553,15444.602831535147,0.0,0.0,0.0,0.0,15444.602831535147,6666.990429506175,6754.435242294623,15528.314497249316,0.037295138888888885,0.6166784722222222
2025-03-01,41609.507476143,41609.507476143,0.0,0.0,0.0,17689.89305366941,14330.442207204047,14591.290696344307,3361.2606617229467,17094.77153180409,0.0,0.0,0.0,0.0,17094.77153180409,6754.435242294623,6752.62542703704,17149.534295846384,0.041203472222222225,0.6142222222222222
2025-03-02,85322.38078856481,87029.20575589815,1706.8249673333335,0.0,0.0,19316.89777753772,15802.071554472217,11156.072466165977,3687.4755060284633,57869.664403075,2495.633336562787,0.0,0.0,0.0,60365.29773963779,6752.62542703704,6579.976144074078,57509.07995232578,0.04558958333333333,0.8122930555555556
2025-03-03,87127.51145908778,87541.13210981,413.6206507222214,0.0,0.0,21167.766034259254,17163.767310416664,11519.986752634086,4023.8618601388885,59073.09950984842,584.7878662291906,0.0,0.0,0.0,59657.88737607761,6579.976144074078,6560.113007777777,58448.728641499016,0.042131249999999995,0.8118500000000001
2025-03-04,77721.13725107715,78441.0149922517,719.8777411745571,0.0,0.0,20298.565628463642,16304.155692055558,5247.147122510289,3841.4294175192044,51479.87441063782,1038.5477350733975,0.0,0.0,0.0,52518.42214571122,6560.113007777777,6713.093526666665,50805.98187553618,0.04432569444444444,0.8006277777777778
2025-03-05,81003.15976559499,81003.15976559499,0.0,0.0,0.0,19476.07075178327,15927.78914861111,11324.40614575617,3717.361425024006,52827.0009548718,0.0,0.0,0.0,0.0,52827.0009548718,6713.093526666665,6544.013704814815,53633.681584799946,0.03601388888888889,0.7945006944444445
2025-03-06,76291.71852684121,76879.73453828566,588.0160114444473,0.0,0.0,21045.169125274344,17002.500823305552,6896.4121029835405,3993.683670672496,49146.22805547251,819.336743590979,0.0,0.0,0.0,49965.56479906349,6544.013704814815,6592.998336111113,48683.65528067044,0.03754791666666667,0.7918569444444444
2025-03-07,36285.924667990395,36285.924667990395,0.0,0.0,0.0,17215.93300727023,13836.31341222222,11984.019539609057,3258.9614576406034,15054.3079420736,0.0,0.0,0.0,0.0,15054.3079420736,6592.998336111113,6713.656473518518,14745.422808797643,0.04369097222222222,0.6085013888888889
2025-03-08,33211.243126045265,33211.243126045265,0.0,0.0,0.0,19481.468572067904,15766.377065055556,10433.01210236625,3699.9665311018525,13659.814749116582,0.0,0.0,0.0,0.0,13659.814749116582,6713.656473518518,6728.781449429015,13463.771807967269,0.040070138888888884,0.5972631944444444
2025-03-09,77711.26011478051,77711.26011478051,1.1368683772161603e-13,0.0,0.0,21849.451302091904,17703.09865102881,10231.38241371742,4151.956091434614,49392.61959161309,1.3818066690873822e-13,0.0,0.0,0.0,49392.61959161309,6728.781449429015,6723.178009057498,50451.97990796459,0.05063541666666667,0.7838090277777777
2025-03-10,74396.54967416107,75491.45836362096,1094.9086894598784,0.0,0.0,22111.084295371646,18049.85640236111,3388.15902061042,4216.64802979951,48634.48510723296,1203.9172216852592,0.0,0.0,0.0,49838.40232891822,6723.178009057498,6567.757872268522,47821.664248724046,0.041366666666666656,0.8024513888888889
2025-03-11,66060.5125768004,70167.1500460048,4106.637469204394,0.0,0.0,21897.25150353223,17554.13452361111,1885.1142660836817,4140.1845418655685,42033.70105953527,3926.4964857687605,0.0,0.0,0.0,45960.19754530403,6567.757872268522,6770.6903103240775,42032.856679004406,0.039281944444444446,0.7893930555555556
2025-03-12,75478.2203357884,75478.2203357884,0.0,0.0,0.0,19714.156491958165,16232.600322527784,9561.129483024692,3775.0379072544592,48063.357866442995,0.0,0.0,0.0,0.0,48063.357866442995,6770.6903103240775,6477.208572499999,47952.30127128506,0.040403472222222216,0.7801680555555556
2025-03-13,75456.4504557356,75654.88275504115,198.4322993055566,0.0,0.0,21031.625637997262,17178.698738194445,4256.337838571669,4011.906868043554,48806.27455747537,282.20793264864733,0.0,0.0,0.0,49088.48249012401,6477.208572499999,6318.2286042592605,47702.12129453317,0.045145833333333336,0.7996375
2025-03-14,32412.981643072704,32490.869090017146,77.8874469444417,0.0,0.0,17686.570626063094,14066.171202777774,12841.043683398493,3331.5649740260624,12902.160392168245,78.78612274614726,0.0,0.0,0.0,12980.946514914393,6318.2286042592605,6607.06305351852,12786.482680263334,0.04711180555555555,0.5913868055555556
2025-03-15,32753.667400147115,32956.35024209156,202.68284194444348,0.0,0.0,19785.72724331275,16451.080899750003,8697.578748528811,3806.4706020812755,13270.783224809975,192.50878614812405,0.0,0.0,0.0,13463.2920109581,6607.06305351852,6135.238794999999,12691.129673298625,0.04032291666666667,0.6047722222222222
2025-03-16,73178.8731912987,73249.43606210424,70.56287080555876,0.0,1.6400000000001,22871.179357115907,18010.269209277772,5039.118980932788,4288.258958964677,46827.01161557723,91.23779195158747,0.0,0.0,8.081100000000493,46926.330507528815,6135.238794999999,6707.8899838734615,45755.20308227528,0.04234305555555556,0.784895138888889
2025-03-17,68125.10281069958,68291.88422081068,166.78141011110893,0.0,0.0,21183.878133967755,17110.458771833335,6360.333425342933,4019.549899156035,41215.342220683575,208.93964174784736,0.0,0.0,0.0,41424.281862431424,6707.8899838734615,6761.759446851853,43107.885287986195,0.05467847222222222,0.7601756944444444
2025-03-18,76137.56819631344,76137.56819631344,0.0,0.0,0.0,19646.776084156372,16104.840304166668,11469.67404965707,3754.1043088786005,48358.490155760606,0.0,0.0,0.0,0.0,48358.490155760606,6761.759446851853,6549.590917962965,48719.3189373858,0.03752638888888889,0.7760166666666666
2025-03-19,63402.998427709186,66473.20915173455,3070.210724025372,0.0,0.0,21458.097229921113,16981.06819811111,2530.7096699245594,4032.5950783377903,39656.37735093345,2632.2876538049954,0.0,0.0,0.0,42288.66500473845,6549.590917962965,6994.024871435183,39607.382123320356,0.04139513888888889,0.7718381944444445
2025-03-20,71895.80086995027,72169.95614342249,274.15527347222377,0.0,0.0,21636.12582174212,17759.292457777778,6084.160962791486,4136.867299705076,45671.06839037411,325.306153098606,0.0,0.0,0.0,45996.37454347272,6994.024871435183,6733.9909356944445,46098.80507312294,0.04661319444444444,0.7786381944444445
2025-03-21,32061.084816083676,32061.084816083676,0.0,0.0,0.0,19348.320104989707,15997.5615625,16676.8617569273,3712.3388507767486,12816.39129925682,0.0,0.0,0.0,0.0,12816.39129925682,6733.9909356944445,6372.41062740741,12173.108251953105,0.045622916666666666,0.5702902777777777
2025-03-22,33950.218993435185,33950.218993435185,0.0,0.0,0.0,17526.401141460905,13573.185708416666,14115.803827057613,3260.77185952572,13986.84353731701,0.0,0.0,0.0,0.0,13986.84353731701,6372.41062740741,7064.854200925926,13760.5622562566,0.0473548611111111,0.5873881944444445
2025-03-23,72795.10912690329,72795.10912690329,0.0,0.0,0.0,18509.69868144719,15588.781859722221,11104.472188511656,3583.0567414471884,45280.955656501275,0.0,0.0,0.0,0.0,45280.955656501275,7064.854200925926,6402.714281203703,45988.70640943485,0.044475,0.7671784722222221
2025-03-24,69181.51057990706,69459.7553092404,278.2447293333282,0.0,0.0,19754.315920850484,15832.630408638883,7539.572713695461,3734.6127486004802,42674.781248465035,343.1000309104769,0.0,0.0,0.0,43017.881279375506,6402.714281203703,6589.78704481482,42079.52937535665,0.038775694444444446,0.7674861111111111
2025-03-25,75846.92609374141,75846.92609374141,0.0,0.0,0.0,19587.513560322353,16140.868677777777,11450.156494530172,3752.1812091186553,47607.05056999291,0.0,0.0,0.0,0.0,47607.05056999291,6589.78704481482,6284.250718240739,47316.33188519581,0.036240972222222216,0.7712756944444444
2025-03-26,65519.686590972226,66242.21761069445,722.5310197222258,0.0,0.0,20028.241011505484,16087.188557361103,6708.610289883408,3790.2894964128936,40345.85373617645,853.6436663641291,0.0,0.0,0.0,41199.497402540575,6284.250718240739,6435.013675972227,41165.146099417405,0.044211284722222216,0.7566111111111111
2025-03-27,69796.53886267146,69796.53886267146,0.0,0.0,0.0,19162.343743227022,15480.189663888887,7397.395383333332,3636.255448088134,42901.41366000003,0.0,0.0,0.0,0.0,42901.41366000003,6435.013675972227,6480.912307222226,44064.748933329676,0.03981666666666666,0.7664159722222222
2025-03-28,32310.43854365569,32310.43854365569,0.0,0.0,0.0,14584.402265637855,11601.721080555551,18505.876591906723,2747.5203466255134,12841.603753162059,0.0,0.0,0.0,0.0,12841.603753162059,6480.912307222226,6716.073145679014,12812.588552444866,0.041873958333333336,0.5747680555555555
2025-03-29,30721.807717577158,30994.578475632712,272.77075805555296,0.0,0.0,15041.598500874486,12471.48042513889,20717.25121656378,2889.8798973251032,11873.725106080115,258.08175239562263,0.0,0.0,0.0,12131.806858475738,6716.073145679014,6396.311324089511,12150.990494956364,0.05118194444444445,0.5630868055555556
2025-03-30,68890.11871039093,68890.11871039093,0.0,0.0,0.0,19666.00373235596,15694.147084722223,9572.642362757202,3710.394493760288,41075.29537568109,0.0,0.0,0.0,0.0,41075.29537568109,6396.311324089511,6657.773477962962,42728.3281891331,0.04280364583333332,0.7520270833333333
2025-03-31,59463.823362431416,62639.13932836025,3175.315965928838,0.0,0.0,19731.051289557607,16046.522788117798,2003.2213435871158,3756.052105413294,36536.175164829765,2361.913613249381,0.0,0.0,0.0,38898.088778079145,6657.773477962962,6586.249873989484,36961.89424163705,0.03790677083333334,0.7607041666666666
2025-04-01,73353.15605522087,73353.15605522087,0.0,0.0,0.0,18590.42324309811,15037.956771965019,9591.838067421115,3529.926410083702,45873.38988607999,0.0,0.0,0.0,0.0,45873.38988607999,6586.249873989484,6608.789935038865,44465.63204415402,0.04680694444444445,0.7731090277777778
2025-04-02,69054.66114992253,69054.66114992253,0.0,0.0,0.0,18637.97099410976,15344.282732638887,5325.63748845165,3568.717403037519,43029.9312067836,0.0,0.0,0.0,0.0,43029.9312067836,6608.789935038865,6333.760793472225,41811.341228778285,0.04866458333333333,0.772320138888889
2025-04-03,70953.73768008401,70953.73768008401,0.0,0.0,0.0,18518.375688151573,14874.121725694442,11445.95345096022,3504.5177605589843,44380.7959071912,0.0,0.0,0.0,0.0,44380.7959071912,6333.760793472225,6473.49699537037,44683.710152472944,0.04374618055555557,0.7644638888888889
2025-04-04,30501.99806552675,30501.99806552675,0.0,0.0,0.0,15486.045436711245,12323.672454277776,20908.82283309328,2917.901483035322,11859.541116053188,0.0,0.0,0.0,0.0,11859.541116053188,6473.49699537037,6717.968494768522,11777.10488461928,0.03969114583333333,0.5595027777777778
2025-04-05,30003.748768552978,30003.748768552978,0.0,0.0,0.0,15417.363508058981,12693.280401097225,15235.550678257889,2952.1008398167014,11866.532844669002,0.0,0.0,0.0,0.0,11866.532844669002,6717.968494768522,6489.95076191358,11745.215280091854,0.0339859375,0.5755284722222221
2025-04-06,67184.57809343278,67658.498554655,473.92046122222257,0.0,0.0,19092.230959122095,15504.285031430041,9660.476360296283,3631.92143273777,40589.103412696764,635.6896337821173,0.0,0.0,0.0,41224.79304647889,6489.95076191358,6445.975256867855,40418.55208667148,0.03647777777777777,0.7556868055555556
2025-04-07,58428.52168093215,59572.04113024285,1143.5194493106983,0.0,0.0,18427.00977364477,14982.443446141973,2884.7555194067195,3507.4169158246964,35296.41958676917,1276.0026982755799,0.0,0.0,0.0,36572.42228504475,6445.975256867855,6383.124668545955,35685.10486232817,0.033903993055555554,0.7517159722222222
2025-04-08,68457.10437337485,68457.10437337485,0.0,0.0,0.0,18845.349275741126,15278.604399999998,10537.16588096707,3582.157638685224,41541.20671663385,0.0,0.0,0.0,0.0,41541.20671663385,6383.124668545955,6367.711905601853,42632.57090117568,0.04130555555555557,0.7519159722222222
2025-04-09,66670.85036184841,67102.665921262,431.8155594135901,0.0,0.0,18996.306854715367,15272.750094444445,4244.798144324413,3596.6029181875865,40849.82156544033,339.69939730030904,0.0,0.0,0.0,41189.520962740644,6367.711905601853,6494.665747685184,40783.648029908516,0.031146180555555555,0.7662708333333333
2025-04-10,64854.44760320645,64854.44760320645,0.0,0.0,0.0,19397.35623233882,15634.535893364196,6630.989364231824,3676.9062780521263,39873.93003218678,0.0,0.0,0.0,0.0,39873.93003218678,6494.665747685184,6580.579808607685,40371.300309258884,0.037393749999999996,0.7580270833333334
2025-04-11,28698.842748359046,28712.773899525713,13.931151166668315,0.0,0.0,15336.861058676268,12674.196639774695,20733.459313957475,2941.930176953704,11218.262837760773,17.768213664601923,0.0,0.0,0.0,11236.031051425374,6580.579808607685,6301.314050555554,10903.044161830614,0.041954687500000004,0.5514784722222221
2025-04-12,30923.799839736625,30923.799839736625,0.0,0.0,0.0,14976.941885733886,11766.891451388889,18688.588855391627,2805.126572061043,12035.328598684857,0.0,0.0,0.0,0.0,12035.328598684857,6301.314050555554,6706.237912839506,12255.331801311155,0.03866232638888888,0.5638673611111111
2025-04-13,61492.602412002736,61492.602412002736,0.0,0.0,0.0,18804.50009535322,15386.756698611109,3798.5005319272964,3590.089642714335,37211.21350204084,0.0,0.0,0.0,0.0,37211.21350204084,6706.237912839506,6533.891666867278,37195.85518519412,0.03158402777777777,0.7562548611111111
2025-04-14,65255.78955574417,65255.78955574417,0.0,0.0,0.0,17923.066135442386,14711.991961111109,9516.683581412895,3426.972387001029,39580.69632259761,0.0,0.0,0.0,0.0,39580.69632259761,6533.891666867278,6317.993454197533,39725.5297664946,0.03819791666666667,0.7465972222222222
2025-04-15,57378.966738040115,58232.32942300753,853.3626849674201,0.0,0.0,18737.101069615906,14998.838613009262,4354.638133067558,3540.2477306292867,33994.468494561115,949.2883290307952,0.0,0.0,0.0,34943.75682359192,6317.993454197533,6516.008180174898,34674.115881204074,0.047760590277777785,0.7385326388888889
2025-04-16,63685.52956606081,64314.6116873379,629.0821212770913,0.0,0.0,18360.67214894834,14827.61115277778,5001.958741167345,3483.5795652034762,38157.69334678082,799.2038152237457,0.0,0.0,0.0,38956.89716200456,6516.008180174898,6565.489611141975,37962.07123582337,0.029284722222222226,0.7623541666666667
2025-04-17,57338.9355470336,59243.739578772285,1904.8040317386788,0.0,0.0,19766.56836755829,16029.12109861111,2637.9499598251036,3757.670292157064,34805.29736411814,1272.5141279642794,0.0,0.0,0.0,36077.811492082415,6565.489611141975,6545.266587932099,35272.838130072436,0.033329340277777786,0.7477673611111111
2025-04-18,29447.36427415329,29447.36427415329,0.0,0.0,0.0,15608.891874691359,12285.231305990743,19769.586522119338,2925.914888134774,11343.611632592807,0.0,0.0,0.0,0.0,11343.611632592807,6545.266587932099,6943.012268497941,11201.300429206269,0.03357309027777778,0.5594201388888889
2025-04-19,28179.852366291154,28615.337847013376,435.4854807222207,0.0,0.0,15288.521671982167,12652.036456175922,19194.173381207132,2934.6339956622082,10763.825989276625,375.48770233404866,0.0,0.0,0.0,11139.313691610674,6943.012268497941,6644.863488641974,10609.394059874336,0.03378993055555554,0.5579763888888889
2025-04-20,58715.797110030864,59133.289428169744,417.49231813888383,0.0,0.0,19512.2195774177,15680.805375000004,3344.1303424187186,3693.533666075104,35270.49534478124,455.47012599333567,0.0,0.0,0.0,35725.96547077457,6644.863488641974,6782.7440249845695,35283.27670484752,0.030858333333333335,0.7454388888888889
2025-04-21,63270.00605565843,63270.00605565843,0.0,0.0,0.0,18903.347479561035,15578.519166666667,11428.26735943073,3621.2813220301778,36853.76663701063,0.0,0.0,0.0,0.0,36853.76663701063,6782.7440249845695,6486.291015848764,37542.53657285106,0.0403654513888889,0.7339520833333333
2025-04-22,56040.93410818758,57774.86066685288,1733.9265586652975,0.0,0.0,18177.82790881683,14745.216179363857,2189.3196207332394,3456.140144144334,33864.33567114907,1619.2216097092098,0.0,0.0,0.0,35483.55728085828,6486.291015848764,6462.762601157405,33908.933452272344,0.03309131944444446,0.7509583333333334
2025-04-23,54620.87625383127,56765.44702664334,2144.5707728120706,0.0,0.0,19566.0167252572,15685.880061611111,1485.3936463305915,3699.4772349269547,32888.46955280649,1627.0802890349125,0.0,0.0,0.0,34515.549841841406,6462.762601157405,6643.422029876539,32579.73807465198,0.038685243055555554,0.7479125
2025-04-24,55375.25740739335,56034.53988561557,659.282478222221,0.0,0.0,17648.764353738003,14403.373235027775,5699.042066905346,3365.2512392657754,33426.72963140254,819.4957948458144,0.0,0.0,0.0,34246.22542624835,6643.422029876539,6523.56190932099,33523.14510424077,0.04184947916666666,0.7361847222222222
2025-04-25,28274.114450613164,28274.114450613164,0.0,0.0,0.0,15459.05991616941,12601.94795838889,23416.644842832644,2946.122431437929,10695.482393496804,0.0,0.0,0.0,0.0,10695.482393496804,6523.56190932099,6434.551435663584,10725.301882071735,0.039760763888888884,0.5406916666666667
2025-04-26,28298.54595398302,28298.54595398302,0.0,0.0,0.0,15514.715085802474,12591.099679041672,25304.736913888883,2950.4825840293224,10965.973988695083,0.0,0.0,0.0,0.0,10965.973988695083,6434.551435663584,6407.684258395065,10712.938514379135,0.047471006944444456,0.5378048611111111
2025-04-27,54801.99061174553,55791.21860776303,989.227996017494,0.0,0.0,19365.529835133737,15784.450338138884,3636.6679274348458,3690.380798862139,32303.72872163723,1338.0598123083003,0.0,0.0,0.0,33641.78853394553,6407.684258395065,6298.382956527778,32467.157729381186,0.03401440972222223,0.7337826388888888
2025-04-28,67806.06440978189,68156.91614230967,350.8517325277761,0.0,0.0,19817.927407133055,15716.919746905347,7433.941165415298,3728.1171570361216,40660.61533433138,363.67131683845236,0.0,0.0,0.0,41024.28665116983,6298.382956527778,6671.273459719368,39472.26751193635,0.03991458333333334,0.7660520833333333
2025-04-29,56708.571939835136,57397.65025516847,689.0783153333315,0.0,0.0,17919.092097534038,14599.224984722221,6644.569425689986,3414.045319166984,33281.35076868052,871.8060491898807,0.0,0.0,0.0,34153.1568178704,6671.273459719368,6577.095253364199,33772.692890405924,0.03709565972222222,0.7303826388888889
2025-04-30,53744.11883410493,53744.11883410493,0.0,0.0,0.0,18025.7272970679,14793.250120987654,2254.787224691352,3446.267187594308,31907.61990240353,0.0,0.0,0.0,0.0,31907.61990240353,6577.095253364199,6363.305241850136,32495.99529108113,0.047080381944444444,0.729442361111111
2025-05-01,56648.735187570484,57590.206325681596,941.4711381111122,0.0,1271.1970332849755,18555.352079528646,15887.404402249998,5182.076881687931,3620.80236375842,34605.75283710938,1119.8315903600958,0.0,0.0,8149.0984175861295,43874.682845055606,6363.305241850136,5410.450555370369,34147.78612960261,0.03803576388888889,0.7473263888888888
2025-05-02,30735.33959139609,30735.33959139609,0.0,0.0,793.0255361111094,15289.0291941358,12162.670301916667,14111.686151954733,2880.3107307376545,12631.94704434776,0.0,0.0,0.0,3822.2837263881866,16454.230770735947,5410.450555370369,5656.498716851851,11909.032545685626,0.04689166666666666,0.5869513888888889
2025-05-03,29636.62111799074,29636.62111799074,0.0,0.0,1202.1863587839484,15139.978044547328,12045.066514583335,18876.724296810695,2852.338528297326,11777.791390912622,0.0,0.0,0.0,5763.966512146044,17541.757903058668,5656.498716851851,5899.0717185185185,11322.249848596315,0.031205729166666665,0.5698243055555555
2025-05-04,61484.10825113168,61484.10825113168,0.0,0.0,1247.2529416666684,18053.55382681755,14731.975588888889,7675.1156215363535,3442.2415592249654,37264.41732149144,0.0,0.0,0.0,7023.528182854178,44287.94550434562,5899.0717185185185,5778.4083972222215,36184.26220058669,0.04024809027777778,0.7461284722222222
2025-05-05,63090.13487298662,63109.03409215329,18.899219166668672,0.0,691.3244891666649,19025.05765024005,15592.476077527774,5291.770208607682,3635.003106971536,39087.84835147776,37.709612003254,0.0,0.0,3824.7091416816543,42950.26710516267,5778.4083972222215,5575.986862962964,38149.69778711935,0.033571354166666664,0.7604611111111111
2025-05-06,54350.50862280521,57048.79592265913,2698.287299853916,0.0,820.4613976666658,19420.78087146776,15991.862273055554,1570.2563552469198,3718.951673041838,33962.622991641205,3274.8001547073,0.0,0.0,3996.0569288914107,41233.48007523991,5575.986862962964,5285.953788333332,32595.596342929526,0.037767187499999993,0.7532361111111111
2025-05-07,58318.88637294238,59624.437906047315,1305.551533104928,0.0,669.6604015833325,20005.886133641976,16039.029420250004,1259.3956442386764,3782.702993391976,36427.76879086239,1415.4641584720073,0.0,0.0,3417.0796971199106,41260.31264645431,5285.953788333332,5470.107508333333,35276.66991286622,0.03488177083333333,0.7587291666666667
2025-05-08,67977.27617261659,68117.68062109077,140.40444847416506,0.0,0.0,20149.639162259944,14902.938744664722,7044.467803495541,3670.8459989665193,42011.11178904922,273.350283282551,0.0,0.0,0.0,42284.462072331764,5470.107508333333,7045.961926962041,40522.96701195243,0.037213888888888894,0.7616590277777777
2025-05-09,30587.53528723725,30843.789565015028,256.2542777777784,0.0,0.0,15892.95467940672,12721.918906126944,19173.36794173525,3002.8420130658883,13180.466881059196,338.1514384858342,0.0,0.0,0.0,13518.61831954503,7045.961926962041,7214.1556871759285,12799.753449336815,0.028846180555555562,0.5667381944444444
2025-05-10,30246.62607629475,30641.56197768364,394.9359013888902,0.0,0.0,15012.095256738687,12239.612339291667,15748.033776903287,2861.166452261832,13474.167102690964,351.57478709041754,0.0,0.0,0.0,13825.741889781382,7214.1556871759285,7125.472152361112,12871.065389267214,0.036513715277777775,0.5753076388888889
2025-05-11,64336.552910322345,64775.76051548901,439.2076051666676,0.0,41.18071666666674,17379.392615037716,14375.034040666666,6328.503574451305,3335.16526602229,39872.70444566343,656.0495238304018,0.0,0.0,272.24827716666715,40801.0022466605,7125.472152361112,6794.665460709878,39021.74594818132,0.036706770833333326,0.7607819444444445
2025-05-12,56675.45536337448,58442.69044126474,1767.2350778902664,0.0,0.0,16656.42674756516,13238.395093333333,3093.4635536995843,3136.5754629046646,36020.78764115871,1937.6438852379156,0.0,0.0,0.0,37958.43152639663,6794.665460709878,7076.12165203704,35099.36529461474,0.04209375,0.7517881944444444
2025-05-13,66497.92735648148,67156.01265459259,658.0852981111115,0.0,0.0,16027.96050334361,12745.834042166663,10744.67342674898,3018.999832797324,40933.69607044993,812.6392406325509,0.0,0.0,0.0,41746.33531108248,7076.12165203704,7339.248280416666,39838.97350300549,0.038676041666666675,0.7564458333333334
2025-05-14,63997.49115944787,64170.088705366936,172.5975459190734,0.0,0.0,16996.850112654312,13836.939445833332,7996.0292552126275,3237.122727469135,40039.64441001974,177.6601942653354,0.0,0.0,0.0,40217.30460428508,7339.248280416666,7262.036219768516,39938.69716003154,0.0280046875,0.747551388888889
2025-05-15,61775.97439802812,62742.64715018861,966.6727521604886,0.0,0.0,18219.449546913584,14559.56683472222,6317.706154663916,3439.6746029938276,39861.44984847102,616.8847873941168,0.0,0.0,0.0,40478.33463586513,7262.036219768516,7482.24432896605,39136.23194232888,0.032390277777777775,0.7527770833333334
2025-05-16,29237.478774995372,29237.478774995372,0.0,0.0,0.0,15583.580293295608,13265.093849541665,24203.48579790809,3032.2573459453015,12883.297207568918,0.0,0.0,0.0,0.0,12883.297207568918,7482.24432896605,6768.473426774692,12646.527258086482,0.03528715277777778,0.5453854166666666
2025-05-17,30249.737484332818,30254.895578777265,5.158094444445396,0.0,0.0,15794.988205915635,12764.403651263887,16775.51194079218,2997.7658929542176,13276.669030052568,8.786298076668286,0.0,0.0,0.0,13285.455328129236,6768.473426774692,6801.292088472223,13033.87694082891,0.042446354166666665,0.5734159722222222
2025-05-18,67625.82644588476,67664.00505277366,38.17860688889209,0.0,0.0,17654.217052074757,13808.552825055553,10142.172725754452,3299.7053524358707,41869.70753749574,71.60206828977242,0.0,0.0,0.0,41941.309605785515,6801.292088472223,7347.250963055557,41101.465634509594,0.03189409722222222,0.75068125
2025-05-19,59990.439356052804,60288.39465441391,297.9552983611061,0.0,12.233166666666648,16106.331719495885,13599.588545833334,10278.66809741803,3121.6985659310703,36835.725983669596,390.61045530146174,0.0,0.0,83.24669916666653,37309.58313813772,7347.250963055557,6732.295570787036,36921.57785784167,0.04215538194444445,0.7317597222222223
2025-05-20,60211.70029276783,60781.37286840723,569.6725756393976,0.0,0.0,17813.88934365569,14439.965868458337,2880.054576543211,3385.8295864164957,37284.05020111503,583.8040273546798,0.0,0.0,0.0,37867.85422846971,6732.295570787036,6720.389459567899,36982.96896829054,0.036265451388888884,0.7565819444444445
2025-05-21,56269.81465162894,58344.99057564713,2075.1759240181827,0.0,0.0,16807.307588648837,13458.975746833332,3634.0434504982913,3176.172508513032,35935.70045287775,1784.6066916409345,0.0,0.0,0.0,37720.30714451868,6720.389459567899,6892.548792870375,35369.9852170239,0.03908003472222222,0.7458243055555556
2025-05-22,58448.86337213648,58493.301957692034,44.43858555555471,0.0,0.0,17474.158181275718,14003.852560277777,4206.365520027431,3303.3994359362136,36566.63357815305,90.49473562533161,0.0,0.0,0.0,36657.12831377838,6892.548792870375,7059.454977932099,36674.32640203864,0.02996944444444445,0.7461930555555556
2025-05-23,29234.015930727368,29916.055429338478,682.039498611111,0.0,0.0,16239.52353041838,12874.328456361107,20129.91147194787,3054.433292637517,12356.649653417937,633.819239618125,0.0,0.0,0.0,12990.468893036063,7059.454977932099,7370.216759351856,12345.170011712842,0.033238194444444445,0.5569743055555556
2025-05-24,29788.022896161518,29788.022896161518,0.0,0.0,0.0,15713.41547854938,12746.943902861116,23067.04993713992,2987.6686481728398,13275.056737148012,0.0,0.0,0.0,0.0,13275.056737148012,7370.216759351856,7349.019686867283,13114.742518446194,0.03355729166666667,0.5532048611111111
2025-05-25,60893.4983555727,61027.5957695727,134.09741399999967,0.0,0.0,15804.44093770576,13201.612616555558,9879.757265089165,3047.289940054527,37247.491090222844,175.15204380513345,0.0,0.0,0.0,37422.64313402798,7349.019686867283,6904.558067962963,37234.15429848749,0.03792934027777777,0.7379618055555555
2025-05-26,58668.08041460905,61068.78180222256,2400.7013876135125,0.0,0.0,18363.649356755832,14657.792128881689,2783.0916243484203,3465.008505551327,36504.10954483472,1909.8821138247065,0.0,0.0,0.0,38413.991658659426,6904.558067962963,7145.406790285781,36800.177983337584,0.035302083333333345,0.7524722222222222
2025-05-27,55394.103581609765,56091.40453486765,697.3009532578857,0.0,0.0,16649.423479329245,13644.71700138889,3696.330756927299,3181.022014753912,35140.22685518891,475.0457532138823,0.0,0.0,0.0,35615.27260840279,7145.406790285781,6969.091253472221,35085.37726675802,0.035364409722222226,0.7429215277777778
2025-05-28,63775.45438756001,64002.86153817112,227.40715061111234,0.0,0.0,16665.985894170102,13325.207638361111,8388.259182362133,3147.1772159015786,39426.06367719959,326.75425634442763,0.0,0.0,0.0,39752.817933544015,6969.091253472221,7162.692293379633,38898.935484760375,0.03639895833333335,0.7512673611111111
2025-05-29,62146.64061965877,62861.16017259155,714.5195529327775,0.0,17.817433333333497,17487.337320850478,14486.268402305555,5767.785187379966,3358.3191101189987,38644.70396059876,622.8823469022418,0.0,0.0,119.80442173333444,39387.390729234336,7162.692293379633,6805.442101805557,38406.42003933955,0.03399722222222221,0.7595125
2025-05-30,30170.226598045778,30170.226598045778,0.0,0.0,0.0,15806.99281263717,12191.322913013892,19958.32343175583,2935.2907160430386,13394.981061164957,0.0,0.0,0.0,0.0,13394.981061164957,6805.442101805557,7485.821285385804,13106.064537849814,0.03273697916666666,0.5609930555555556
2025-05-31,31622.958969876025,31622.958969876025,0.0,0.0,0.0,15304.417749845683,12519.094126986114,20448.453797016457,2921.452233538581,13727.768042845975,0.0,0.0,0.0,0.0,13727.768042845975,7485.821285385804,7349.69267470679,13998.788141103863,0.03369756944444444,0.5663548611111111
2025-06-01,78460.13412740055,80019.80403528943,1559.6699078888882,0.0,958.5913654999996,18100.35768736282,16922.11649466667,8575.327908093288,3690.2709348103563,54233.66167163513,1919.9345706152985,0.0,0.0,5551.956285595831,61705.55252784625,7349.69267470679,4837.662932592592,48551.18442251507,0.07366996527777778,0.8191805555555556
2025-06-02,81871.7602616598,82539.7244707987,667.964209138891,0.0,801.7380241944435,20716.55999115226,16761.465516666663,10745.56057050755,3934.0410565226334,55308.63088123752,1389.599342482092,0.0,0.0,4314.252676894259,61012.482900613875,4837.662932592592,4858.7163505555545,50298.01792023491,0.06820538194444442,0.8099458333333334
2025-06-03,75640.53600358368,77082.15620658368,1441.6202029999986,0.0,661.2401360946495,19723.686065706446,15780.274268055557,5607.6177116941035,3725.7324141323734,50562.420836074016,2966.975815918347,0.0,0.0,3506.0759890447953,57035.47264103716,4858.7163505555545,5076.3957340740735,46484.09416789612,0.058958159722222216,0.8062826388888888
2025-06-04,85820.95559833676,86084.70801650343,263.75241816666596,0.0,536.0420012777777,17889.27641941015,14776.70987638889,13862.922658093277,3430.7842948731145,58945.6505775157,550.5172348183736,0.0,0.0,3300.917013591111,62797.08482592518,5076.3957340740735,4758.177982222223,53392.85481650161,0.0651829861111111,0.8136590277777778
2025-06-05,75724.3838077932,77695.33870412654,1970.9548963333323,0.0,286.96296666666683,20275.10058388203,16619.298577972222,3177.1816482167333,3874.098789274006,51318.66093074334,3587.779759268612,0.0,0.0,1968.9681964833344,56875.40888649529,4758.177982222223,4539.881198858025,46794.91590601158,0.07217013888888887,0.8220694444444444
2025-06-06,36061.330074577156,36885.344613729074,824.0145391519187,0.0,302.8022188158451,15223.285192455418,12203.418727194447,3313.2849672839516,2878.263933378258,18227.35285753043,1036.9498417413515,0.0,0.0,1246.8101538998533,20511.112853171635,4539.881198858025,4681.4837307407415,16200.749099993882,0.09417725694444445,0.6492826388888889
2025-06-07,41517.15222559671,42458.48123656893,941.3290109722211,0.0,78.84655845164522,16291.712902194786,12940.665281111113,8059.767007270236,3067.0229881207133,19842.81489284048,1553.2763198880818,0.0,0.0,169.04702132032736,21565.13823404889,4681.4837307407415,4965.508363703703,16974.24893492695,0.08660451388888889,0.6502881944444444
2025-06-08,81514.147451869,82597.58418104115,1083.4367291721574,0.0,0.0,18635.411053189302,12411.613507333335,11188.863368518529,3242.609272800412,55432.05771685273,1449.4030509293684,0.0,0.0,0.0,56881.4607677821,4965.508363703703,7946.69663675926,52523.35741725117,0.046809027777777776,0.7970791666666667
2025-06-09,87156.26469795953,87383.92761329286,227.6629153333348,0.0,0.0,17018.746321467752,13956.185944388886,13388.654502880667,3252.561959301096,62215.544681691994,466.959405640203,0.0,0.0,0.0,62682.5040873322,7946.69663675926,7756.695054537038,57344.2096249139,0.06146024305555556,0.81925625
2025-06-10,81309.74331335048,81589.11931685048,279.3760035000024,0.0,0.0,19348.76302386832,15673.165070666666,6295.077130315493,3676.3390880164616,57189.919044095994,545.7889604376047,0.0,0.0,0.0,57735.7080045336,7756.695054537038,7755.953919722226,52969.482146007205,0.05832569444444444,0.8168180555555555
2025-06-11,86958.84208595679,88074.91515376269,1116.0730678059033,0.0,0.0,20138.440031447175,16047.14222397222,7899.171029621066,3796.859805808298,62219.970586515796,1608.680589861392,0.0,0.0,0.0,63828.651176377185,7755.953919722226,8050.391921388887,57663.63397377661,0.0733765625,0.8316965277777778
2025-06-12,84800.21558416495,85027.13677977606,226.92119561111076,0.0,0.0,17921.567951063113,14459.84738702778,9113.0247824074,3398.8065047760647,60181.80825996665,466.7655533122743,0.0,0.0,0.0,60648.57381327893,8050.391921388887,8113.3059806481515,56345.051362790255,0.06205815972222222,0.8219833333333333
2025-06-13,39680.19528456584,39936.19032153806,255.99503697222121,0.0,0.0,15810.78485536694,12769.012340138892,8549.104106310017,2999.8576344410153,21232.066079119766,498.4223369849147,0.0,0.0,0.0,21730.488416104683,8113.3059806481515,8155.220861435186,19654.571146321978,0.06702065972222221,0.6400291666666666
2025-06-14,40437.14141310854,40669.37127421965,232.2298611111117,0.0,0.0,16162.477645901921,13096.081491263889,11409.632369581617,3071.36793028618,22240.994344397597,407.0757235416677,0.0,0.0,0.0,22648.070067939265,8155.220861435186,8150.249085787039,19805.66303337897,0.05873819444444444,0.6368673611111111
2025-06-15,78422.90400174896,79556.27463976543,1133.3706380164663,0.0,0.0,19736.512853686552,15916.379115944443,5109.166568689992,3742.137853806927,55327.72723592344,1410.6677964799385,0.0,0.0,0.0,56738.39503240338,8150.249085787039,8228.244969722222,52735.24841857372,0.054200347222222216,0.8178270833333333
2025-06-16,81615.38249970165,82480.58639332373,865.2038936220868,0.0,0.0,18299.12654747942,14917.624466055555,6405.031495233203,3487.4264843096703,58490.89371913442,1226.7755547397367,0.0,0.0,0.0,59717.669273874155,8228.244969722222,8122.320566836421,55073.48430735047,0.05259357638888888,0.8232416666666666
2025-06-17,83243.09124205212,84369.13547102433,1126.0442289722173,0.0,0.0,19390.85492640603,16078.706923694448,6419.976251646093,3725.6084841622087,59159.82608379093,1440.9773720227465,0.0,0.0,0.0,60600.80345581368,8122.320566836421,7708.8600853858015,55697.09935769126,0.05515,0.8286263888888888
2025-06-18,84628.48924951989,85168.79187576988,540.302626250002,0.0,0.0,17792.572884362136,14119.479045972223,10567.307137379976,3348.0882935442387,60258.41562977773,790.1630237638153,0.0,0.0,0.0,61048.57865354154,7708.8600853858015,8033.86563023148,57000.67014400172,0.04407916666666666,0.82005
2025-06-19,79700.63752587448,82257.17270403703,2556.5351781625527,0.0,9.228986111111453,17849.730910871054,14589.90357886111,10747.0701581382,3406.07348873834,55061.064231161814,3293.590593568697,0.0,0.0,63.56546055972461,58418.220285290234,8033.86563023148,7887.619473503087,55172.190279480616,0.03952291666666666,0.8079104166666666
2025-06-20,38185.31755411986,38352.361720786525,167.0441666666676,0.0,0.0,15821.044204543896,12613.795117124999,12744.531783367627,2983.6372112460563,20832.82601890382,292.38575712500165,0.0,0.0,0.0,21125.21177602882,7887.619473503087,8111.231349675929,20472.6225230194,0.04507222222222223,0.6213069444444445
2025-06-21,38336.08622476903,38493.13693654681,157.0507117777763,0.0,0.0,16569.18649607338,13087.888536652777,15677.098577126208,3111.1284870132026,20237.52980256378,271.61920601966415,0.0,0.0,0.0,20509.149008583445,8111.231349675929,8481.400822083333,19481.922657266827,0.03529513888888889,0.6095256944444444
2025-06-22,76117.66286050205,77593.50291836145,1475.840057859396,0.0,0.0,16862.688340003424,14252.051532444444,7525.525010802476,3269.8301153830585,52991.34024693556,2047.2240154326996,0.0,0.0,0.0,55038.56426236825,8481.400822083333,7822.2075142592585,51688.77396077314,0.03875486111111111,0.8074916666666667
2025-06-23,78191.05616562963,78354.63253546297,163.5763698333335,0.0,0.0,17316.11279507887,13899.89174277777,7877.125483161869,3276.043695372084,54661.92072998461,343.9029599376003,0.0,0.0,0.0,55005.82368992221,7822.2075142592585,7962.384871188275,54142.021893010744,0.034024131944444445,0.8048722222222222
2025-06-24,89771.71348441477,90002.96199274811,231.2485083333313,0.0,0.0,20883.471378326478,16798.838453513894,9649.536817935526,3954.8847437786358,65087.236273551214,480.73096154874577,0.0,0.0,0.0,65567.96723509996,7962.384871188275,8092.133052222221,63677.19274536405,0.04217638888888889,0.8405347222222223
2025-06-25,79607.18455704732,81796.0764159801,2188.8918589327823,0.0,0.0,16991.83850973937,13856.615519666664,8223.432059240737,3238.8077976035665,55255.69988544404,2878.1468463282026,0.0,0.0,0.0,58133.846731772246,8092.133052222221,7988.548244691361,55472.49264802944,0.03923680555555556,0.8163465277777777
2025-06-26,76639.70586522015,77170.87493533126,531.1690701111097,0.0,0.5679333333334853,16465.31628983196,13539.682666000002,6698.425411499309,3150.9408140943074,53097.031577348724,783.8768683074322,0.0,0.0,3.9775211000010646,53884.88596675616,7988.548244691361,7763.2410544290115,53285.35783172031,0.03955694444444444,0.8059743055555555
2025-06-27,39375.312490262855,39432.894167096194,57.58167683333738,0.0,0.0,15908.476798885462,12409.32117493055,16162.09267647462,2969.661143769719,20196.958691459466,103.20651847223226,0.0,0.0,0.0,20300.1652099317,7763.2410544290115,8292.735534614203,20419.348624858863,0.03700208333333334,0.6051201388888888
2025-06-28,37763.649689191865,37841.97981263631,78.33012344444387,0.0,0.0,17873.220013786005,14917.807790347226,13109.641472530868,3444.8562003060706,19422.852294923385,144.4250816068656,0.0,0.0,0.0,19567.277376530248,8292.735534614203,7803.291557746915,19137.971885833398,0.03780347222222222,0.6229888888888888
2025-06-29,75403.79421895233,78400.61385265329,2996.819633700958,0.0,0.0,21035.72059417009,16955.785878416667,5052.910603566532,3987.5482681299723,51970.312979502356,3956.7218243233497,0.0,0.0,0.0,55927.0348038257,7803.291557746915,7895.678005370372,50906.63276509856,0.04909236111111111,0.8118270833333333
2025-06-30,81139.85042379629,81337.64589976851,197.79547597222233,0.0,1.8808888888887623,17787.91795675583,14586.04932527778,8259.974173846014,3399.46394292867,56309.6930976775,403.0202201634503,0.0,0.0,13.063713777776899,56725.77703161872,7895.678005370372,7698.082693919754,55760.69863300008,0.04592847222222222,0.8101881944444445
2025-07-01,71799.12748279389,78960.3713793618,7161.2438965679,0.0,499.40960769444393,17843.577212722907,17252.187059,1.8467999999998028,3701.267394494513,54507.359630936175,12180.58670157677,0.0,0.0,2947.198604570303,69635.14493708324,7698.082693919754,4588.205453148149,50225.40535745127,0.07931041666666666,0.8907618055555555
2025-07-02,70460.64497062757,75851.58764123387,5390.9426706062995,0.0,402.9961215833334,18322.32215517832,14972.504759027777,0.0,3495.8438554098075,53391.507256265984,9563.581539839643,0.0,0.0,3029.1001985584585,65984.18899466409,4588.205453148149,4442.178993888888,47612.59258257957,0.08724861111111111,0.8753215277777778
2025-07-03,80150.59175806756,83633.8133490463,3483.2215909787424,0.0,601.4124699722239,21731.885885185187,17413.6720245,156.59302499999967,4108.041035685185,60636.32606062608,5281.943347470346,0.0,0.0,4107.750650993136,70026.02005908957,4442.178993888888,4652.351818888888,53589.14539802332,0.1038048611111111,0.9014361111111112
2025-07-04,38074.139212202674,39413.333241591565,1339.1940293888908,0.0,2508.015229833335,18047.772211008232,14768.280739583328,9760.98953333333,3445.697303276749,21543.89225886419,2589.0918420402463,0.0,0.0,7652.787674148337,31785.771775052777,4652.351818888888,4486.145987037037,18623.99409661848,0.09999375,0.6903083333333333
2025-07-05,39537.223545540124,41703.06946051029,2165.8459149701666,0.0,1292.1308653611088,17072.767416975305,13476.82131775,10609.174259979427,3204.7013325586418,21989.865245716755,3451.4902265998226,0.0,0.0,4346.717394247259,29788.072866563838,4486.145987037037,4877.390753703702,19564.391749809383,0.08129930555555556,0.68431875
2025-07-06,74753.29478655693,83519.75102522496,8766.456238668032,0.0,360.7393222222224,20462.12515490398,16609.899788012346,234.28343055555592,3891.7569363806588,57385.059451875815,11898.697618533679,0.0,0.0,3063.9996604888906,72347.75673089839,4877.390753703702,4837.859184214675,51219.07708310745,0.10673125,0.8986708333333334
2025-07-07,76283.59249914075,77453.2866841747,1169.694185033956,0.0,691.1405419166645,21001.943917813594,16723.00248338889,456.00302499999884,3958.3057788245696,56991.22599306197,2640.6191810645228,0.0,0.0,4054.595500204072,63686.440674330566,4837.859184214675,5158.494839814816,51122.5606583502,0.09219097222222222,0.8773902777777778
2025-07-08,95910.86437093621,96199.99206874176,289.1276978055538,0.0,7.309999999999945,20153.32674989712,13323.438289694446,13806.026591872425,3495.714707177984,72452.63283636999,703.6211653795958,0.0,0.0,61.382069999999544,73217.63607174958,5158.494839814816,8492.668592839507,68714.02944214517,0.07726579861111112,0.8836034722222222
2025-07-09,92256.9460470679,92559.73575379013,302.7897067222209,0.0,0.0,16775.785768261314,13332.807290499999,15058.032259362142,3159.0016091039092,69900.45085967628,751.0395885537966,0.0,0.0,0.0,70651.49044823008,8492.668592839507,8776.645461496912,69606.55452950753,0.0351375,0.8791770833333333
2025-07-10,84756.57381019444,85047.91614941666,291.342339222222,0.0,0.0,16044.73175862483,13233.081290861115,9382.642298319619,3074.815541513718,66036.08965028146,737.9847123668495,0.0,0.0,0.0,66774.07436264832,8776.645461496912,8513.480387746917,66293.00980331322,0.05789097222222222,0.8775076388888888
2025-07-11,50162.294848790116,50438.454387679005,276.1595388888887,0.0,0.0,17595.06895677298,13995.621569111114,14320.229850017142,3314.575958911866,30769.605209430694,626.0621460502077,0.0,0.0,0.0,31395.667355480902,8513.480387746917,8798.351816496914,30098.948116996107,0.05754513888888889,0.7069465277777778
2025-07-12,47630.25075399022,48348.95069168467,718.6999376944474,0.0,0.0,17508.18979005487,14508.474373736111,14264.991942032584,3362.8716871983884,28814.315116326736,1049.923019766948,0.0,0.0,0.0,29864.238136093685,8798.351816496914,8435.195545617284,27970.480032035084,0.04338541666666666,0.6942819444444445
2025-07-13,90752.04699164952,91054.6641065384,302.6171148888877,0.0,0.0,15414.309958933474,12270.733485111112,18643.367232716042,2904.84582757236,68783.46223548261,732.4090723098304,0.0,0.0,0.0,69515.87130779245,8435.195545617284,8673.926191867284,71183.0343148966,0.05881666666666666,0.8542875
2025-07-14,86894.55439067214,87241.0830417277,346.52865105555236,0.0,0.0,15448.833329869694,12588.473298944446,12573.04379413579,2943.6025884252413,64964.71195805906,840.270353607961,0.0,0.0,0.0,65804.98231166702,8673.926191867284,8590.683634367288,65292.30772834251,0.043297222222222216,0.8722152777777779
2025-07-15,90341.60465512687,90666.0867593491,324.4821042222228,0.0,0.0,17721.15316923869,13981.680480500003,14177.56348727708,3325.635370312758,68276.39221830766,795.5003267112014,0.0,0.0,0.0,69071.89254501887,8590.683634367288,9004.520952793211,68237.65667235169,0.053684027777777775,0.8721083333333334
2025-07-16,86129.49926496553,86449.1958041322,319.69653916666505,0.0,0.0,18087.28248940329,14899.875797513889,11127.225728909472,3464.27000421965,66606.99573401579,806.2586869513707,0.0,0.0,0.0,67413.25442096716,9004.520952793211,8727.65764046296,65976.25903380875,0.039634722222222224,0.8758020833333333
2025-07-17,84122.83276061385,85403.71076328291,1280.8780026690706,0.0,0.0,18776.820446930735,15005.053334916669,8911.52758460219,3544.9101930171482,64197.145290868175,2022.0480991958516,0.0,0.0,0.0,66219.19339006403,8727.65764046296,8954.514559459874,64013.45611796088,0.04532013888888889,0.8748208333333333
2025-07-18,49540.44506133282,49826.5803266106,286.1352652777756,0.0,0.0,15195.581721296294,12433.401950652773,15790.15245596708,2901.0472777577156,29646.629856776075,630.7678615914535,0.0,0.0,0.0,30277.39771836753,8954.514559459874,8815.64705234568,30068.457065843104,0.04010347222222222,0.6942027777777777
2025-07-19,49856.31696289402,50179.5957781718,323.2788152777763,0.0,0.0,16156.661725325786,13273.507266555556,20113.622269401574,3090.500313260974,29970.11460713227,713.0638575506217,0.0,0.0,0.0,30683.17846468289,8815.64705234568,8608.301197854935,29865.034081528644,0.037957638888888895,0.6802993055555555
2025-07-20,89599.90983417352,89916.68186334019,316.77202916666465,0.0,0.0,17332.931299125517,13866.483681944443,14360.25602949245,3274.01353901749,66985.55062726818,783.9157405787449,0.0,0.0,0.0,67769.46636784692,8608.301197854935,8800.735276018517,65508.74903241904,0.04084861111111112,0.8676125
2025-07-21,91821.25130934498,92121.7888829561,300.53757361111104,0.0,0.0,21145.541019650205,16931.63772222222,13918.136235528116,3995.8471822119345,70251.7120251239,746.8959779383331,0.0,0.0,0.0,70998.60800306223,8800.735276018517,9018.791391234568,68400.55608482161,0.0407125,0.8791791666666666
2025-07-22,85430.4131073731,87750.77814903978,2320.365041666669,0.0,0.0,19660.869006395744,16413.1065125,10707.871038477362,3789.7654020284635,65089.57219938998,2361.465938155836,0.0,0.0,0.0,67451.03813754581,9018.791391234568,8476.788483101851,64319.27865675627,0.04397777777777776,0.8751333333333333
2025-07-23,96392.03450836676,96677.68226147788,285.64775311111146,0.0,0.0,15825.737136419757,12810.342569180553,19445.74057757201,3005.945110217593,73215.50797703554,712.2483899949009,0.0,0.0,0.0,73927.75636703044,8476.788483101851,8486.23794012346,73967.30692229021,0.04453194444444444,0.8755840277777778
2025-07-24,95305.58841103909,95590.57351798353,284.9851069444421,0.0,0.0,18307.161416255134,14282.033943333336,17948.974045061736,3417.6088019958843,73281.98942954624,705.4663829856194,0.0,0.0,0.0,73987.45581253187,8486.23794012346,9093.75661104938,71995.11966664415,0.04905833333333334,0.8774458333333333
2025-07-25,46420.70337676851,46696.96746704629,276.2640902777767,0.0,0.0,17124.155609636495,14234.66851188889,17302.160802632025,3294.045395617971,27693.17617632744,603.153575098956,0.0,0.0,0.0,28296.329751426398,9093.75661104938,8689.19831317901,27237.045662083623,0.04341180555555555,0.67696875
2025-07-26,47845.47091252331,48128.48166946776,283.01075694444205,0.0,0.0,18921.11957734911,15213.147447833331,15951.417973285317,3582.4616741608365,28351.573254107087,621.122530952078,0.0,0.0,0.0,28972.695785059164,8689.19831317901,8814.70876853395,27761.133728465255,0.04698472222222222,0.6880090277777778
2025-07-27,86484.88634165276,87753.06785372752,1268.1815120747613,0.0,0.0,18001.575888837455,14475.622359458337,10541.924524348415,3408.560073268005,65369.64748634213,1907.2931411612549,0.0,0.0,0.0,67276.94062750338,8814.70876853395,8932.102224645056,64423.51463259086,0.03921458333333333,0.87713125
2025-07-28,88497.81783151132,88813.04423567798,315.22640416666525,0.0,0.0,16789.45324969137,13905.98964230556,7974.703394958838,3224.0552852253104,67990.84666643103,771.7688053212465,0.0,0.0,0.0,68762.61547175227,8932.102224645056,8591.510546805557,67725.28617131946,0.04007013888888889,0.8862368055555555
2025-07-29,87269.71973900891,88989.82639888545,1720.1066598765372,0.0,0.0,19896.7884920439,16360.590643055557,9384.382599897115,3807.5222539883407,65995.10438145208,2313.9353753639425,0.0,0.0,0.0,68309.03975681603,8591.510546805557,8320.186141805552,65222.14505026616,0.045979166666666654,0.8846277777777778
2025-07-30,79352.99191699176,84937.94996489026,5584.958047898494,0.0,0.0,17099.211599914266,13636.366923055555,7371.85123803155,3225.073040330933,61477.3539344919,6104.468714173052,0.0,0.0,0.0,67581.82264866495,8320.186141805552,8557.957778333335,60366.42812354624,0.03720694444444445,0.8796965277777777
2025-07-31,83147.18557032476,83812.57042635253,665.3848560277802,0.0,0.0,18204.306840929356,15254.56667291667,6167.833991673186,3515.3825366392325,62675.962280898755,1148.7438109361287,0.0,0.0,0.0,63824.70609183489,8557.957778333335,7992.315409706791,62541.268783196945,0.03964513888888889,0.88143125
2025-08-01,44987.84285004166,45145.23532504166,157.39247500000215,0.0,0.0,16432.955884962274,13423.508906902776,20884.4286803155,3134.7965781520916,26929.772798073005,347.2538332618798,0.0,0.0,0.0,27277.026631334887,7992.315409706791,7866.965809614203,26600.442318903893,0.04195208333333333,0.6663972222222223
2025-08-02,46637.187734856816,46889.44960152348,252.26186666667024,0.0,0.0,16973.63523578532,13689.943991875001,22678.733424279835,3218.4684115646437,27325.758596940766,568.5351820000081,0.0,0.0,0.0,27894.293778940777,7866.965809614203,7932.18864195988,27295.618082623554,0.052538194444444436,0.6621875
2025-08-03,72041.88273413922,72203.907218417,162.0244842777787,0.0,48.29819999999984,16394.535727520568,14359.24771572222,7377.437423285323,3234.925541165637,54086.90178042123,398.75035703182726,0.0,0.0,402.63757657499866,54888.28971402805,7932.18864195988,6732.551112592593,55237.115393099775,0.05809027777777778,0.83336875
2025-08-04,78868.05155504114,79062.56538004114,194.5138250000001,0.0,0.0,18065.10053981481,13726.884549999999,9308.694306893001,3331.7194484259257,59308.27719424165,478.76660316375023,0.0,0.0,0.0,59787.0437974054,6732.551112592593,7739.047653981481,60111.0302394295,0.06145208333333333,0.8447847222222222
2025-08-05,76551.90208047771,76732.84382686659,180.94174638889,0.0,0.0,18390.771957510282,15014.081274916663,8203.843410939648,3507.308448519547,57518.00380274377,447.5322684309611,0.0,0.0,0.0,57965.53607117473,7739.047653981481,7608.429888055556,58064.98622536623,0.05624166666666667,0.8445958333333334
2025-08-06,84007.26118947152,84170.43400936041,163.17281988888726,0.0,0.0,16659.67240075446,13629.592461250002,13025.954803189294,3180.3664024365576,64703.209582488955,395.9225301783961,0.0,0.0,0.0,65099.13211266735,7608.429888055556,7458.143425123459,65289.6928913259,0.050486805555555556,0.8577486111111111
2025-08-07,85901.25678767146,86421.21664831035,519.9598606388852,0.0,0.0,17192.04071325445,13771.444530166666,19612.635215222566,3249.364574677297,62326.175579387935,984.8477860878261,0.0,0.0,0.0,63311.02336547576,7458.143425123459,7629.375033533946,63730.2934369532,0.05954861111111111,0.8411048611111112
2025-08-08,44687.7190908215,44900.53791026595,212.8188194444474,0.0,0.0,16601.28757757202,13365.954850124997,25890.033932818922,3145.2348522155353,25982.842032180804,475.72967296417323,0.0,0.0,0.0,26458.57170514498,7629.375033533946,7719.472908765436,25961.55746035663,0.05532986111111111,0.6379520833333333
2025-08-09,43797.13320062962,43975.11125062962,177.97805000000164,0.0,0.0,17173.5805116941,14106.750986638894,21986.352725574416,3284.7748274626206,25747.99109787846,394.6476671731284,0.0,0.0,0.0,26142.63876505159,7719.472908765436,7501.527606358023,25276.172276223522,0.044643055555555554,0.6529750000000001
2025-08-10,80287.19932482853,80569.36958335631,282.17025852777766,0.0,0.0,17105.02698290466,13291.517643777779,11451.241194229427,3187.3379920435527,61204.69018364973,553.6200910128791,0.0,0.0,0.0,61758.3102746626,7501.527606358023,8127.698953441359,59430.10355645081,0.04314444444444446,0.8486909722222222
2025-08-11,77569.07342494855,78158.36019679526,589.2867718467076,0.0,0.0,15681.746921484908,13424.105962222222,11339.46590419924,3059.7420212842935,56956.25607309866,986.8763372257595,0.0,0.0,0.0,57943.13241032442,8127.698953441359,7325.597891419753,58487.7470569965,0.04522864583333333,0.8396298611111112
2025-08-12,83177.8655315072,83389.62301059053,211.75747908333176,0.0,28.850000000000023,16314.260364643347,13157.50419141667,12501.173187363851,3093.370946621743,61519.410871382395,523.6687516493345,0.0,0.0,231.37700000000018,62274.45662303173,7325.597891419753,7388.983118024691,61959.59631038574,0.03514236111111112,0.8573708333333333
2025-08-13,75468.48751204253,75706.77590182029,238.28838977777647,0.0,1.0535833333331084,16351.411971810703,13042.612749000004,6278.050812342934,3084.320391514404,55921.22935653864,572.113683817865,0.0,0.0,9.127719208331383,56502.470759564836,7388.983118024691,7613.461949320987,56910.79659736427,0.03569322916666666,0.8531652777777778
2025-08-14,77298.1188809928,78530.85372846364,1232.7348474708476,0.0,65.96909444444452,17290.20964972565,14009.1563,9389.478489849109,3285.5938871947874,58292.87478897777,1638.1872637070442,0.0,0.0,564.6523551777784,60495.71440786259,7613.461949320987,7608.921411851853,58803.639400762215,0.040437847222222226,0.8501201388888888
2025-08-15,44423.18051462997,44653.7276479633,230.54713333333194,0.0,0.0,15139.547288031546,12381.662311638891,24736.11578823731,2889.6949856519204,26328.70706928184,492.41409472999703,0.0,0.0,0.0,26821.121164011838,7608.921411851853,7477.111402592593,26274.55856361874,0.04352187500000001,0.6512152777777778
2025-08-16,46481.87508398868,46695.274200655345,213.39911666666615,0.0,0.0,17387.084150857332,14002.770371361112,26381.68005449246,3294.5717896814126,27551.671875737735,474.5782955549988,0.0,0.0,0.0,28026.250171292733,7477.111402592593,7566.853392407405,27320.83977912313,0.04233854166666666,0.6473409722222222
2025-08-17,81147.07444997874,81586.93173028428,439.8572803055548,0.0,14.265461111111108,15914.9707351166,12915.036043111111,15435.868882723247,3026.5010783017833,59314.66916419955,893.6245249935863,0.0,0.0,115.61720226944443,60323.91089146258,7566.853392407405,7540.28700611111,59931.32823672162,0.04019392361111111,0.8399
2025-08-18,78424.87260192043,78635.72625292045,210.85365100000075,0.0,45.51568333333341,16712.689989369002,13459.384379555555,11033.820709773665,3166.756152220851,59272.32641518125,529.0107249939019,0.0,0.0,383.7337151000006,60185.070855275146,7540.28700611111,7626.836463703704,59614.4140119977,0.03965520833333333,0.8475611111111111
2025-08-19,77551.93725574829,77751.30896541495,199.3717096666677,0.0,18.647483333333184,16084.643110699591,13132.138070833334,10499.79135888203,3067.590763384774,58309.86396569144,489.49742157360254,0.0,0.0,157.48073860833205,58956.84212587337,7626.836463703704,7511.7507401851835,58723.95827255855,0.03936006944444445,0.8429152777777777
2025-08-20,86328.35592877229,87267.6156877284,939.2597589561012,0.0,47.93479999999988,17661.206940586424,14343.028669833333,13346.681150308641,3359.790546262346,64116.96376515344,1240.4867699788856,0.0,0.0,397.5793135166657,65755.02984864899,7511.7507401851835,7470.1384646759225,64178.70803427288,0.03514375000000001,0.866348611111111
2025-08-21,81991.04580285528,82212.76064829972,221.71484544444377,0.0,0.0,15704.713046519206,12632.089846222223,13295.718964669413,2974.036843121057,60540.514219097,545.5182914737816,0.0,0.0,0.0,61086.03251057078,7470.1384646759225,7568.7248218518525,61058.76535157632,0.033959201388888895,0.8472069444444444
2025-08-22,44640.87323481035,44873.18103481035,232.30780000000067,0.0,0.0,15370.73235754458,12683.741818138888,20955.621095404662,2946.377882214335,26377.947396032825,510.7869384368764,0.0,0.0,0.0,26888.7343344697,7568.7248218518525,7309.337479043211,26184.053680703524,0.03345451388888888,0.6604708333333333
2025-08-23,43899.670806671806,44475.551822727364,575.8810160555561,0.0,0.0,15338.20179715363,12352.303008333332,18959.646883907066,2906.2982917524,25031.878047555714,886.6221087666087,0.0,0.0,0.0,25918.500156322323,7309.337479043211,7388.937976111111,25497.249874810943,0.0386361111111111,0.6591965277777778
2025-08-24,76921.45261159739,77129.21864709738,207.76603549999902,0.0,0.0,17612.95834026063,13865.264606777779,9647.935430281208,3301.880790334705,58947.280925945175,511.44726128857246,0.0,0.0,0.0,59458.72818723375,7388.937976111111,7834.750919259257,58707.846213747034,0.031652604166666674,0.8410215277777778
2025-08-25,98391.46060419238,98623.67587919238,232.21527499999922,0.0,14.518666666666832,13857.227962654333,11346.815118750003,25354.694685288057,2646.4800316821006,73407.2020205077,570.6574275487482,0.0,0.0,120.64286066666804,74098.50230872311,7834.750919259257,7698.683731481481,72853.68155142466,0.029661805555555556,0.8601569444444445
2025-08-26,76879.0854596022,77068.73105043553,189.6455908333313,0.0,0.0,16483.019176337446,13074.791400833336,8131.684891598087,3101.056517726338,58574.94201419787,463.56968223299504,0.0,0.0,0.0,59038.51169643086,7698.683731481481,8005.854989259258,58957.27590475226,0.035681597222222215,0.8444180555555555
2025-08-27,77043.29567195302,78821.3681542795,1778.0724823264766,0.0,0.0,15493.683363820308,12949.995590027778,8363.5315138203,2988.2567352740066,58623.06149094787,2110.797280478934,0.0,0.0,0.0,60733.8587714268,8005.854989259258,7561.286027777781,59473.947514991916,0.038039062500000005,0.8533875
2025-08-28,76415.80765015433,78645.00395506961,2229.1963049152905,0.0,7.526666666666642,17335.98332201645,14181.294681666664,4730.0469980531625,3309.297741275719,56906.33770749295,3110.566993481782,0.0,0.0,63.29550333333312,60080.200204308065,7561.286027777781,7406.676926851849,57024.25647549278,0.041269618055555554,0.8635048611111111
2025-08-29,46430.75662705761,46629.46507705762,198.708450000001,0.0,0.0,15584.224255006855,12515.815997222218,21005.83646927298,2949.0686474142653,27423.955186324314,440.2868338162521,0.0,0.0,0.0,27864.242020140566,7406.676926851849,7526.016537222222,27381.42898288767,0.034292881944444444,0.6645076388888889
2025-08-30,44487.25319478086,44547.14644179475,59.89324701388955,0.0,0.0,15222.377297085048,12787.72148855504,23599.770799931408,2943.095672881287,25629.37964480549,113.33299666203251,0.0,0.0,0.0,25742.712641467522,7526.016537222222,7017.576672870945,25231.331688829054,0.0369076388888889,0.6546625
2025-08-31,75431.12355509195,76606.35930087384,1175.235745781892,0.0,42.794033333333346,19081.69112801719,15412.710623611112,6333.5497464677655,3620.692515425176,55116.15801781195,1303.5954302596267,0.0,0.0,355.96955719166675,56775.723005263244,7017.576672870945,7065.86466185185,55764.182432807625,0.03614322916666667,0.846538888888889
2025-09-01,84401.9868428498,84401.9868428498,0.0,0.0,0.0,17248.932733950616,11184.344495833335,24763.264071399186,2967.5982173765433,54084.26741796344,0.0,0.0,0.0,0.0,54084.26741796344,7065.86466185185,10162.854682592591,60196.13945729991,0.10078975694444445,0.7517326388888889
2025-09-02,70744.0958930919,71844.344150345,1100.2482572530944,0.0,0.0,16241.192097410838,13381.72759327778,14927.12379621194,3110.9778312163926,46579.88537160424,872.5425658082258,0.0,0.0,0.0,47452.427937412474,10162.854682592591,9911.34135550926,52450.39398789585,0.102096875,0.7539930555555556
2025-09-03,75495.9731007716,75495.9731007716,0.0,0.0,0.0,15422.335165020579,12609.7263375,17135.647023251022,2943.314220668725,50844.37167702483,0.0,0.0,0.0,0.0,50844.37167702483,9911.34135550926,9780.63596236111,55870.481764093725,0.10179687500000001,0.7609944444444445
2025-09-04,74399.40179408333,74399.40179408333,0.0,0.0,0.0,17515.052462757198,13969.393104166667,16928.1768854928,3303.6600356275717,50226.26787133823,0.0,0.0,0.0,0.0,50226.26787133823,9780.63596236111,10022.635285324075,55585.98924713048,0.09844184027777776,0.7569979166666667
2025-09-05,40014.10166139249,40014.10166139249,0.0,0.0,0.0,16504.68316193416,13614.403450541664,30299.560283333325,3163.1798106980455,20334.492683745942,0.0,0.0,0.0,0.0,20334.492683745942,10022.635285324075,9749.735186018519,23035.907649087458,0.09993576388888889,0.5586402777777777
2025-09-06,40742.6454001502,40742.6454001502,0.0,0.0,0.0,16367.006523645401,12701.895855611112,29356.451032115914,3048.022414099108,20669.58990070024,0.0,0.0,0.0,0.0,20669.58990070024,9749.735186018519,10366.823439953705,23374.253151856272,0.10417152777777777,0.5657111111111112
2025-09-07,69475.3600238527,71464.93937593604,1989.57935208333,0.0,0.0,16133.411085373795,13701.932229319445,14072.476903215022,3135.778022906207,46457.64366582633,1742.358516958434,0.0,0.0,0.0,48200.00218278476,10366.823439953705,9662.524273101852,52116.90688432448,0.097940625,0.7593138888888888
2025-09-08,66349.78766235767,67140.12379027263,790.3361279149515,0.0,0.0,14404.213145370373,14322.285079583335,7662.626191152258,3031.78632337963,43331.12524199776,915.6986674345519,0.0,0.0,0.0,44246.823909432314,9662.524273101852,6712.6660155092595,45840.895628325125,0.06910659722222223,0.7735236111111111
2025-09-09,60164.2889014465,61215.81956242387,1051.5306609773688,0.0,9.099616666666748,19414.798754715353,15721.495530117278,4428.7816878257945,3688.3127121512334,39634.14838448041,1329.563178000036,0.0,0.0,62.02298720000055,41025.73454968044,6712.6660155092595,6717.656527956102,42485.900818779,0.08226805555555555,0.7518833333333332
2025-09-10,71898.00379908169,72184.83983601585,286.8360369341526,0.0,3.6414499999999634,19977.30670876962,16240.146301388886,7135.322228635114,3802.191371031283,46145.43494593781,308.8517152543788,0.0,0.0,23.95892027499976,46478.24558146719,6717.656527956102,6652.625564305555,49230.319655637926,0.07367951388888888,0.7818236111111111
2025-09-11,70849.16499650206,71051.30267289095,202.13767638888837,0.0,0.0,19690.150564266114,15868.828409722219,13733.894735013719,3732.2182130624137,45078.84509236008,202.5297070702078,0.0,0.0,0.0,45281.37479943029,6652.625564305555,6741.729505787043,48791.78942898452,0.08275017361111112,0.7530638888888889
2025-09-12,34014.54670072016,34014.54670072016,0.0,0.0,0.0,15593.863882973248,12293.059456944444,19162.086074691353,2925.2818835133744,15909.955506029288,0.0,0.0,0.0,0.0,15909.955506029288,6741.729505787043,7117.252048302468,17567.599800982745,0.0735126736111111,0.5750854166666667
2025-09-13,34084.48136316358,34084.48136316358,0.0,0.0,0.0,16080.45210068587,12970.682233749998,22967.610012894373,3049.2321249296983,15703.201967279518,0.0,0.0,0.0,0.0,15703.201967279518,7117.252048302468,7177.789790308642,17332.04349389767,0.08120034722222222,0.5665159722222222
2025-09-14,74954.38287636556,74954.38287636556,1.1368683772161603e-13,0.0,0.0,17794.022560219477,15047.508950211932,12108.54451635803,3451.347694934385,49018.05621349665,1.422392870153999e-13,0.0,0.0,0.0,49018.05621349665,7177.789790308642,6472.9557053818025,47611.65134995205,0.04026875,0.77590625
2025-09-15,63267.04282537001,63379.06698839607,112.02416302606309,0.0,1.1717666666667128,22773.86117251816,18006.520305555554,3545.8672547668,4278.110595646878,41978.27029137554,123.1472752539,0.0,0.0,7.876615533333644,42109.294182162776,6472.9557053818025,6962.185976697535,41137.45626798562,0.04763194444444444,0.7617263888888889
2025-09-16,75159.60285216049,75159.60285216049,0.0,0.0,8.238266666666732,18423.813530658434,15165.136091666667,12417.393696502053,3527.3964743621395,49295.920340501376,0.0,0.0,0.0,55.52179820000045,49351.44213870137,6962.185976697535,6693.466941327162,47266.78575513799,0.04493402777777779,0.7779465277777777
2025-09-17,71656.45611023867,71682.79620896089,26.34009872222333,0.0,0.0,20907.197663323048,16690.565453333336,7506.045598971186,3945.2270389248984,47269.977204059396,33.745617477976424,0.0,0.0,0.0,47303.722821537376,6693.466941327162,6964.872112391976,46829.6135631871,0.04005486111111111,0.7780548611111111
2025-09-18,62598.477805258226,66451.4279409465,3852.9501356882724,0.0,0.0,19384.77227074759,15885.786116666666,3996.3906701989117,3703.5645733710558,41538.52629426598,2997.6341255273896,0.0,0.0,0.0,44536.16041979337,6964.872112391976,6760.293693101849,40916.312257474754,0.04194236111111111,0.7698256944444445
2025-09-19,35538.46287067902,35538.46287067902,0.0,0.0,0.0,18824.61338768862,14757.405558333332,15369.902724657062,3522.1730674725654,16537.56071673038,0.0,0.0,0.0,0.0,16537.56071673038,6760.293693101849,7305.328454984568,15956.365070138685,0.04250416666666667,0.5932520833333332
2025-09-20,35057.47728776183,35057.47728776183,0.0,0.0,0.0,19049.43464874828,15597.232264347222,15959.84117002744,3637.9692720245193,16067.980803691646,0.0,0.0,0.0,0.0,16067.980803691646,7305.328454984568,7119.561567361112,15785.678762061296,0.04802569444444444,0.5874611111111111
2025-09-21,71225.0352459165,71225.0352459165,0.0,0.0,0.0,18137.189795850485,14712.031972430552,9512.389939163231,3448.3891987439993,46769.78397542188,0.0,0.0,0.0,0.0,46769.78397542188,7119.561567361112,7096.330192037043,46038.29202557981,0.037968055555555554,0.7738493055555555
2025-09-22,74686.66790618209,74686.66790618209,0.0,0.0,10.906666666666638,18247.457241906715,14948.469903549381,10784.567351158092,3485.6868245850474,50101.80355801386,0.0,0.0,0.0,71.60771999999982,50173.41127801386,7096.330192037043,6909.630705809327,48558.17889425377,0.04611875,0.7821659722222223
2025-09-23,74817.44146658188,74817.44146658188,0.0,0.0,0.0,21560.14666545877,17343.521534722222,8484.200752512003,4083.0726148483463,49394.11247970907,0.0,0.0,0.0,0.0,49394.11247970907,6909.630705809327,7043.183221697532,48946.038856471314,0.03995138888888889,0.7817520833333333
2025-09-24,64747.22502584568,66410.82027760323,1663.5952517575442,0.0,0.0,21773.990433607683,17570.714144138885,1144.3188881344274,4129.700614931756,43344.47676126311,1405.3519130849493,0.0,0.0,0.0,44749.828674348064,7043.183221697532,7116.758896234573,42664.24732238898,0.03823125,0.7761097222222222
2025-09-25,69677.35679035391,69988.98910396844,311.63231361454297,0.0,16.51470000000006,19632.89018921467,15888.257881611114,5925.422596364892,3728.6510057671467,46221.70396652691,189.7403727179026,0.0,0.0,111.1026442500004,46522.546983494816,7116.758896234573,7132.740198070991,45034.19461386353,0.03416944444444443,0.7776076388888888
2025-09-26,36855.13684250685,36855.13684250685,0.0,0.0,0.0,16738.147465980794,13374.051973405349,15796.79784993141,3159.820521420896,16747.32560931449,0.0,0.0,0.0,0.0,16747.32560931449,7132.740198070991,7337.015169225541,16715.45097268511,0.04110347222222222,0.5928138888888889
2025-09-27,35547.284814891456,35613.50237461368,66.21755972222152,0.0,0.0,18932.774063648834,16098.570340458336,14977.996401423181,3682.0074441935876,16670.519940294293,51.36378153437444,0.0,0.0,0.0,16721.883721828664,7337.015169225541,6489.211448222455,15644.63325575217,0.045689583333333325,0.5996840277777777
2025-09-28,70782.10496699563,72543.71572952854,1761.61076253292,0.0,0.0,20280.307165486713,15839.427850944445,4615.207248319613,3787.9671444313876,47367.445222801376,1431.2773491732626,0.0,0.0,0.0,48798.72257197464,6489.211448222455,7142.123618333335,46352.61491426804,0.040681944444444444,0.7893881944444444
2025-09-29,74091.31203499656,74091.31203499656,0.0,0.0,26.015016666666725,18810.576017043888,15427.902548611113,7974.761983230455,3595.268995994513,49818.88317007061,0.0,0.0,0.0,142.85538336666704,49961.73855343727,7142.123618333335,6929.528090771602,49556.92949821782,0.037185416666666665,0.7877583333333333
2025-09-30,72522.57116814128,72538.6901162524,16.118948111109944,0.0,0.0,20735.20705594993,16386.020558833334,2767.328852469135,3894.189656576475,49738.45687949445,21.900487061765006,0.0,0.0,0.0,49760.35736655622,6929.528090771602,7384.524931311728,48999.8903211979,0.04463194444444444,0.7938243055555555
2025-10-01,68489.61742380829,68489.61742380829,0.0,0.0,0.0,19235.350564317556,13951.25973125,13544.00505740741,3473.6750265706446,43561.431255042764,0.0,0.0,0.0,0.0,43561.431255042764,7384.524931311728,9194.940737808642,44789.54280719386,0.05636805555555556,0.7381555555555556
2025-10-02,73034.50565222737,73034.50565222737,0.0,0.0,0.0,17004.747728223592,13543.453812638889,17842.428619976,3205.302974226681,47087.26717710735,0.0,0.0,0.0,0.0,47087.26717710735,9194.940737808642,9450.931679166664,48755.81753388063,0.04844930555555555,0.7419722222222221
2025-10-03,32573.12692809259,32573.12692809259,0.0,0.0,0.0,18091.98544466735,15089.389046444445,21753.37682986969,3485.797327405007,13976.945341260905,0.0,0.0,0.0,0.0,13976.945341260905,9450.931679166664,8967.730749984565,14123.198433783475,0.05364097222222222,0.5579645833333333
2025-10-04,36040.93470294924,36040.93470294924,0.0,0.0,0.0,16989.786891323736,13742.971266666666,19698.136644958842,3225.975496539781,16147.54822170816,0.0,0.0,0.0,0.0,16147.54822170816,8967.730749984565,8988.57087810185,16666.295344961454,0.04236458333333334,0.5858305555555555
2025-10-05,72192.93534730264,72192.93534730264,0.0,0.0,0.0,15856.165396502063,13055.195951402775,14656.004835536693,3036.1938675838483,46597.23836729791,0.0,0.0,0.0,0.0,46597.23836729791,8988.57087810185,8753.346455617286,48371.05460332231,0.05321041666666666,0.7525611111111111
2025-10-06,63560.53622005521,63572.46676237346,11.930542318246978,0.0,0.0,18595.408720781903,14906.994227750003,2150.9430193415574,3515.8735640504133,42697.14430188796,8.52019679657608,0.0,0.0,0.0,42705.664498684535,8753.346455617286,8925.887384598764,43268.457852944484,0.04218263888888889,0.7684895833333333
2025-10-07,66738.45598981483,67430.67275836456,692.2167685497274,0.0,0.0,19939.27963743141,15972.51832361111,5692.348444544255,3768.6522219221533,43549.421259966875,817.9446319299121,0.0,0.0,0.0,44367.365891896785,8925.887384598764,9123.996476496915,44163.68658378579,0.047318055555555544,0.7657534722222222
2025-10-08,60549.53606424897,60549.53606424897,0.0,0.0,0.0,16920.94961153977,15964.933774999998,3115.0245610425345,3465.9764917095326,39005.4582897358,0.0,0.0,0.0,0.0,39005.4582897358,9123.996476496915,6614.035821327157,38082.123220425965,0.04577847222222223,0.7606854166666667
2025-10-09,73415.45440516974,73415.45440516974,0.0,0.0,0.0,17574.457353034984,14386.165512474283,14467.180881275717,3355.9085700228634,46378.649131299695,0.0,0.0,0.0,0.0,46378.649131299695,6614.035821327157,6446.419091864998,45234.941731783605,0.03668125,0.7578034722222222
2025-10-10,34841.316569721326,34841.316569721326,0.0,0.0,0.0,18910.112977540262,15313.114626131688,21900.70730164608,3592.4684784353253,14190.963469685636,0.0,0.0,0.0,0.0,14190.963469685636,6446.419091864998,6450.948964838247,13301.400291392287,0.03852986111111111,0.5595319444444444
2025-10-11,35759.41167723734,35759.41167723734,0.0,0.0,0.0,17928.136457947217,14385.029620833331,18109.99125679012,3391.1502703317587,14562.987682379422,0.0,0.0,0.0,0.0,14562.987682379422,6450.948964838247,6602.905531620376,14214.138414215182,0.035679166666666665,0.5845513888888889
2025-10-12,66970.31207819787,67339.81900044787,369.506922249999,0.0,20.929933333333338,17871.816792352533,14827.862902055556,5801.83906015089,3434.722001685871,42247.85364014391,702.4141838511356,0.0,0.0,105.12059016666669,43055.388414161716,6602.905531620376,6212.137420231481,41666.698116279804,0.04246736111111111,0.76634375
2025-10-13,69793.82096923869,69793.82096923869,0.0,0.0,0.0,19832.9530364026,15551.198429166663,8484.671062002757,3711.206240214334,44132.19170785477,0.0,0.0,0.0,0.0,44132.19170785477,6212.137420231481,6782.685787253089,44110.51430959922,0.03298402777777778,0.764651388888889
2025-10-14,71643.51479306413,71643.51479306413,0.0,0.0,0.0,19199.24802002743,15897.157206250002,7567.594695953359,3686.275602697188,46244.62892972384,0.0,0.0,0.0,0.0,46244.62892972384,6782.685787253089,6398.500998333329,46473.44498852007,0.03565972222222221,0.7730666666666667
2025-10-15,75139.99141278293,75139.99141278293,0.0,0.0,0.0,18783.691050994512,14995.298752237653,9431.575464026067,3544.5134109036353,48357.368400823274,0.0,0.0,0.0,0.0,48357.368400823274,6398.500998333329,6642.379886186559,48216.87963111421,0.03697569444444445,0.7760555555555555
2025-10-16,71120.92805138222,71120.92805138222,0.0,0.0,0.0,19853.908276768016,15940.01572013889,4240.562544753094,3756.503685470012,46771.541704297306,0.0,0.0,0.0,0.0,46771.541704297306,6642.379886186559,6799.768757345677,45771.47138010812,0.04333940972222223,0.7822208333333333
2025-10-17,33112.23234953704,33715.777183314814,603.544833777778,0.0,0.0,15736.877283196163,12937.587328722222,14912.287912174212,3011.1974315109746,13580.013542894105,599.0818389745002,0.0,0.0,0.0,14179.095381868605,6799.768757345677,6587.861280308642,13407.304655771572,0.03414861111111111,0.58880625
2025-10-18,35345.03844878258,35345.03844878258,0.0,0.0,0.0,16236.02396303155,12774.768952726336,15807.190171810702,3043.0211688283034,14833.01276434561,0.0,0.0,0.0,0.0,14833.01276434561,6587.861280308642,7006.095121785552,15018.004516041328,0.03174114583333334,0.5830680555555555
2025-10-19,72804.40092707127,72804.40092707127,0.0,0.0,0.0,18638.79582054692,15435.06009375,5714.942666941018,3578.8862591380257,48403.117891104084,0.0,0.0,0.0,0.0,48403.117891104084,7006.095121785552,6630.944589444446,47540.57405371834,0.037607118055555555,0.7893604166666667
2025-10-20,77338.52462783779,77338.52462783779,0.0,0.0,0.0,18663.24825150892,15200.392173611115,9434.886183273313,3555.2572888854606,51564.73993303089,0.0,0.0,0.0,0.0,51564.73993303089,6630.944589444446,6538.54337845679,51244.84713585615,0.034684027777777765,0.7871270833333334
2025-10-21,76565.62856318586,76565.62856318586,0.0,0.0,0.0,19754.92442061043,15748.665009722226,6096.787802297667,3725.3441098079575,50691.49456170458,0.0,0.0,0.0,0.0,50691.49456170458,6538.54337845679,6819.458679537035,49839.63878398081,0.03953246527777777,0.79530625
2025-10-22,72626.9146795439,72626.9146795439,0.0,0.0,0.0,18266.7598419753,15149.870426388887,3955.1285639574853,3509.9949204629625,48393.1471758596,0.0,0.0,0.0,0.0,48393.1471758596,6819.458679537035,6426.353174660491,47260.82667913709,0.04688836805555557,0.7929506944444444
2025-10-23,83917.40231346022,84170.95607346021,253.55376000000302,0.0,0.0,17416.914770919062,13910.978703888886,17285.52297309671,3287.3557775240047,55275.06358129945,359.59115970081666,0.0,0.0,0.0,55634.65474100027,6426.353174660491,6644.933464166666,54169.99644493976,0.04230868055555556,0.7813361111111111
2025-10-24,35457.51698425514,35465.76052783847,8.24354358333278,0.0,0.0,17484.433708487653,14371.659984044238,13932.936086728394,3345.2944801870144,14599.043926877504,12.162524202849184,0.0,0.0,0.0,14611.206451080354,6644.933464166666,6412.4127084230695,14401.336105961283,0.03921284722222223,0.5963583333333333
2025-10-25,35814.69069621374,35814.69069621374,0.0,0.0,0.0,16796.59885914241,13781.772727777778,13401.431831515767,3210.967966778439,14656.573699573515,0.0,0.0,0.0,0.0,14656.573699573515,6412.4127084230695,6216.270873009263,14621.025063442286,0.034252604166666666,0.5985090277777778
2025-10-26,78549.91252587448,78597.63491437447,47.72238850000082,0.0,0.0,17358.952020936213,13450.450219833336,10144.821096604932,3230.389670963992,52215.381478838666,90.64629083632654,0.0,0.0,0.0,52306.027769675,6216.270873009263,6894.3830031481475,51443.89519276224,0.031609895833333325,0.7873305555555556
2025-10-27,70826.51649730247,71895.08095251577,1068.564455213304,0.0,15.485422222222155,18084.04090799039,14766.500080166663,5040.4438802476025,3449.1263219286684,47600.93121944105,1204.0299122453828,0.0,0.0,81.29846666666631,48886.2595983531,6894.3830031481475,6762.797509043214,46914.382377112976,0.03920208333333334,0.7828958333333333
2025-10-28,70892.99152429697,72142.3043730192,1249.3128487222234,0.0,0.0,17733.23411392318,14469.939760999998,2906.588320096021,3381.0944959478734,47662.61817026983,1531.8179574799499,0.0,0.0,0.0,49194.43612774978,6762.797509043214,6644.997366018521,46884.97082679714,0.03269531249999999,0.7930666666666667
2025-10-29,79754.727709405,79754.727709405,1.1368683772161603e-13,0.0,0.0,18783.220814729084,15228.4350625,6887.685157175921,3570.3704217506865,53809.245706304864,1.6659100765537007e-13,0.0,0.0,0.0,53809.245706304864,6644.997366018521,6629.412696496912,51726.40250550545,0.04925902777777777,0.8069569444444444
2025-10-30,70504.14192686042,71473.0297616135,968.8878347530867,0.0,0.0,18545.29803504801,15129.709777001028,3269.623853566528,3535.6086676160267,47456.50397305367,1205.1542601638616,0.0,0.0,0.0,48661.65823321753,6629.412696496912,6509.392286927873,45964.403959281044,0.03914982638888889,0.7919604166666666
2025-10-31,38425.21822697314,38425.21822697314,0.0,0.0,0.0,16690.16979698343,13230.808120833333,11061.564484156379,3139.106770902047,16505.60614584866,0.0,0.0,0.0,0.0,16505.60614584866,6509.392286927873,6829.647192175928,16049.745836154487,0.05369236111111111,0.617732638888889
2025-11-01,36942.59710070302,36942.59710070302,0.0,0.0,0.0,17223.887937105625,13711.384645833334,10886.055376097389,3245.875976580933,15303.02763598067,0.0,0.0,0.0,0.0,15303.02763598067,6829.647192175928,7096.274506867287,15320.409471617988,0.034834201388888895,0.6046034722222222
2025-11-02,76193.09691003086,77420.40435375515,1227.3074437242856,0.0,0.0,19087.06706769547,16023.536026388889,5560.489379115236,3689.0995985905347,51880.237782191136,925.2080279622575,0.0,0.0,0.0,52805.44581015339,7096.274506867287,6470.705949583334,50264.18113814739,0.038939236111111115,0.8022444444444444
2025-11-03,82361.19919513888,82361.19919513888,0.0,0.0,0.0,18510.503617695475,14686.22639861111,9031.99169272119,3482.85329494856,55923.992298491525,0.0,0.0,0.0,0.0,55923.992298491525,6470.705949583334,6812.129873719137,53599.566493005485,0.04705069444444445,0.8054708333333334
2025-11-04,75666.2230896862,75666.2230896862,0.0,0.0,13.751927777777837,18418.18275829903,15396.560477777779,5078.280703609398,3552.547217805212,50915.94331933407,0.0,0.0,0.0,65.89236194722251,50981.83568128129,6812.129873719137,6281.204936435186,49757.3762134872,0.03166527777777779,0.7975826388888889
2025-11-05,84773.29065932785,84773.29065932785,0.0,0.0,0.0,19657.69574422153,15325.343995833333,10762.918844272977,3668.5855739591902,58145.670732447834,0.0,0.0,0.0,0.0,58145.670732447834,6281.204936435186,6944.971110864199,55999.098331979876,0.03863090277777778,0.8089555555555555
2025-11-06,78047.81960187756,78115.41080237756,67.5912005000024,0.0,0.0,19218.571917489706,16029.64425,3556.8985848878606,3702.928775082304,53631.27293238316,79.21396007805288,0.0,0.0,0.0,53710.48689246121,6944.971110864199,6430.9700032716055,51376.00129557458,0.05062743055555557,0.8150673611111111
2025-11-07,38017.64258357339,38042.089462601165,24.44687902777737,0.0,0.0,17950.80540660151,14385.334464027776,11158.156736694098,3393.4510366632376,15637.714387477434,22.799673653624623,0.0,0.0,0.0,15660.514061131058,6430.9700032716055,6602.989909182099,15552.262495507373,0.040314583333333334,0.6155340277777778
2025-11-08,38709.09571291152,38709.09571291152,5.684341886080802e-14,0.0,0.0,17500.99808609396,14177.990841666668,11594.881368484226,3325.432124350137,16103.832868666088,6.690754617011407e-14,0.0,0.0,0.0,16103.832868666088,6602.989909182099,6600.565029259259,15693.468954534788,0.03917326388888889,0.6173409722222222
2025-11-09,81058.19504618483,81088.13595232372,29.94090613889216,0.0,0.0,19150.48737103909,15409.588036556586,6000.419434507889,3627.2251856101966,55649.651158846245,39.45623659570016,0.0,0.0,0.0,55689.10739544195,6600.565029259259,6714.239178131573,53964.882104874996,0.041617013888888894,0.8103173611111111
2025-11-10,81587.85073830716,82333.10780531676,745.2570670096028,0.0,0.0,19496.912304476584,16107.237976388891,5084.990377229074,3739.3843389353133,56802.133419934966,679.1245449166106,0.0,0.0,0.0,57481.257964851575,6714.239178131573,6364.529167283951,54373.31925105265,0.05152829861111112,0.8189729166666667
2025-11-11,83877.91189730246,83877.91189730246,0.0,0.0,0.0,18542.013672085046,14665.707856944442,8442.586415495196,3483.724462424554,58155.26742695824,0.0,0.0,0.0,0.0,58155.26742695824,6364.529167283951,6757.110520000003,56601.38852011053,0.0374982638888889,0.8138590277777777
2025-11-12,80402.40589167729,81152.90905669787,750.5031650205771,0.0,0.0,19629.58084886831,16026.090702749998,6593.431160579557,3743.634829636831,54882.90716320938,642.4684527572691,0.0,0.0,0.0,55525.375615966645,6757.110520000003,6616.965836481484,53896.88735851297,0.0322109375,0.8123951388888888
2025-11-13,78213.31428719992,79926.84497324622,1713.5306860462983,0.0,0.0,18653.853711659798,15097.21785677778,3974.337801697534,3542.854021919067,54250.07832259336,2376.907639727932,0.0,0.0,0.0,56626.98596232129,6616.965836481484,6630.747669444445,52747.03345475049,0.03579062499999999,0.8185361111111111
2025-11-14,38887.10468458505,38887.10468458505,0.0,0.0,0.0,17352.50909012345,13907.313781944442,7843.454076406039,3280.5079958950614,16213.580364529213,0.0,0.0,0.0,0.0,16213.580364529213,6630.747669444445,6795.434981728403,16247.792987567444,0.03932309027777778,0.6290784722222222
2025-11-15,40703.174472651226,40703.174472651226,0.0,0.0,0.0,17373.45105428669,14339.238739694447,9457.075241392324,3330.5938542836075,17662.586898121153,0.0,0.0,0.0,0.0,17662.586898121153,6795.434981728403,6499.05344203704,17011.876974202245,0.03493541666666667,0.6287680555555555
2025-11-16,81017.19053363099,81860.96180732784,843.7712736968479,0.0,0.0,21188.871591889583,17062.872053594656,3300.417885699585,4014.761831810587,56587.32496690984,1015.1208013746207,0.0,0.0,0.0,57602.44576828446,6499.05344203704,6610.291148521375,55175.413973220144,0.03973611111111111,0.8205798611111111
2025-11-17,78482.04241361993,82088.68864342103,3606.646229801095,0.0,0.0,21519.69081445156,17088.432306249997,4961.675801886142,4050.6837821396,54471.27396683689,3484.0348972686324,0.0,0.0,0.0,57955.30886410552,6610.291148521375,6990.865874583335,54061.77805783162,0.03644444444444445,0.815854861111111
2025-11-18,81355.34786754972,81355.34786754972,0.0,0.0,0.0,19945.001208933467,16236.29467986111,2756.089505144033,3798.532863100137,57084.62831569418,0.0,0.0,0.0,0.0,57084.62831569418,6990.865874583335,6901.03954055556,55633.51139314303,0.041778472222222224,0.8219125
2025-11-19,80535.62606313442,83510.42087937739,2974.79481624297,0.0,0.0,21144.298370130316,17561.61495347222,4559.4258627193,4065.720387398834,56906.6826304525,3275.307582140685,0.0,0.0,0.0,60181.990212593184,6901.03954055556,6418.002569814816,54852.705709946655,0.03880208333333333,0.8290138888888889
2025-11-20,80898.05123374486,81683.4499363004,785.398702555552,0.0,0.0,20119.297298765436,16239.830578,3010.9071822016404,3816.3553496543213,55851.9774029457,1131.522074717061,0.0,0.0,0.0,56983.49947766276,6418.002569814816,6481.113940925927,55752.030670377324,0.03327638888888888,0.8211791666666666
2025-11-21,39452.13318439643,39452.13318439643,0.0,0.0,0.0,18527.516579903975,14753.883488888887,6814.116026714677,3492.0720456447184,16928.581648831627,0.0,0.0,0.0,0.0,16928.581648831627,6481.113940925927,6762.6749862963,16243.65535984217,0.031583333333333324,0.6326340277777778
2025-11-22,42420.54769732578,42420.54769732578,0.0,0.0,0.0,17514.033268432777,14286.469000222218,8973.153945781893,3338.7887713124132,18235.256886563053,0.0,0.0,0.0,0.0,18235.256886563053,6762.6749862963,6651.450483194447,17848.289599578893,0.035522222222222226,0.636675
2025-11-23,81802.46133243467,83141.22574052657,1338.7644080919058,0.0,0.0,20216.27593014403,16408.3776881929,4101.23121524211,3844.780669480281,57079.51937841326,2092.2570460425145,0.0,0.0,0.0,59171.77642445577,6651.450483194447,6614.568055665297,56217.12732289192,0.03587986111111111,0.8264944444444445
2025-11-24,79792.86960691476,80039.90091871173,247.0313117969764,0.0,0.0,21191.30956093773,17499.73316808333,2186.380825857334,4063.545752547477,55461.200759281775,343.03134879565664,0.0,0.0,0.0,55804.232108077435,6614.568055665297,6242.598695972225,54263.322606665904,0.040025000000000005,0.8210506944444445
2025-11-25,92187.55843044409,92187.55843044409,0.0,0.0,0.0,20870.173210030858,16683.412968750003,11832.137722496573,3940.7298730864195,65115.40515744103,0.0,0.0,0.0,0.0,65115.40515744103,6242.598695972225,6488.629064166667,64982.40963620054,0.04032430555555555,0.8241243055555556
2025-11-26,87008.84008335904,87870.1709405535,861.3308571944441,0.0,0.0,20693.912097873803,16406.245183777777,6824.837143124137,3892.3073413182447,61382.55929172333,1357.6997136355333,0.0,0.0,0.0,62740.259005358865,6488.629064166667,6883.988636944446,61071.15652344827,0.035725694444444435,0.8299340277777777
2025-11-27,84192.27237286625,84710.63727464403,518.3649017777774,0.0,0.0,21546.66541676955,17608.322530499998,4991.401655041152,4111.1468228436215,59385.75382852942,651.4651059686495,0.0,0.0,0.0,60037.21893449807,6883.988636944446,6711.184700370375,57981.11636699718,0.03937916666666667,0.8285638888888889
2025-11-28,39075.924396261995,39075.924396261995,0.0,0.0,0.0,20206.41639506172,16488.857944444444,4437.127395644723,3852.736966666666,16328.594845196993,0.0,0.0,0.0,0.0,16328.594845196993,6711.184700370375,6576.006184320989,16349.087166539979,0.03495416666666667,0.6340243055555556
2025-11-29,49713.76367057407,49713.76367057407,0.0,0.0,0.0,18944.932021879285,15178.43988611111,11017.821434805897,3580.986522866941,21209.76831247552,0.0,0.0,0.0,0.0,21209.76831247552,6576.006184320989,6761.511797222226,20476.795236972255,0.04523819444444445,0.6504381944444444
2025-11-30,87061.23192998114,88068.36129165809,1007.129361676954,0.0,0.0,21548.849626766118,17600.866984722226,3875.550532947529,4110.536849867971,61965.52737861155,1467.4046810487564,0.0,0.0,0.0,63432.93205966031,6761.511797222226,6598.957589398147,60557.84336299557,0.042849305555555564,0.8395993055555555
2025-12-01,90954.05039590191,91449.81924938802,495.7688534861113,0.0,468.4621804027721,23373.89659588477,18902.39898416667,1147.85608473937,4437.656213384774,69678.54658483344,834.8995377132858,0.0,0.0,2987.372992947147,73500.81911549387,6598.957589398147,6632.798987731481,64181.46621819025,0.09356736111111111,0.9076055555555556
2025-12-02,93639.50926175411,95000.18330761523,1360.674045861114,0.0,521.356500249999,23228.992818381343,19200.923095324073,2855.660134807959,4456.335181318587,72847.88406078884,2183.8182126131437,0.0,0.0,3709.457268517535,78741.15954191952,6632.798987731481,6204.53352947017,65795.45284401669,0.09573125,0.915313888888889
2025-12-03,84618.68414319844,91808.41786806502,7189.733724866596,0.0,27.869797222222473,23367.769180732732,18819.86974600103,125.63966388888844,4427.873556517832,63802.07803307123,10733.936350825854,0.0,0.0,199.0519791375018,74735.06636303458,6204.53352947017,6324.559407684043,59108.243593080704,0.09021666666666667,0.9120326388888889
2025-12-04,91475.80324387128,93398.68526215832,1922.882018287035,0.0,788.8031122962941,23006.15729604036,18756.010959000007,3166.1332874142627,4384.616947270704,70600.10481821014,3059.878820578747,0.0,0.0,5372.702908729543,79032.68654751843,6324.559407684043,6190.088797453705,65671.173791664,0.08928958333333334,0.9050854166666666
2025-12-05,45480.73714720987,46576.661161404314,1095.9240141944415,0.0,0.0,22815.763762191353,18348.5510791821,797.8207950617314,4320.304273906036,20405.316572275467,1394.1920166958296,0.0,0.0,0.0,21799.508588971297,6190.088797453705,6336.997206556928,18485.135724902044,0.09143472222222221,0.7171770833333333
2025-12-06,48113.924432892854,49144.92792685836,1031.003493965512,0.0,0.0,23414.477891906714,18845.491187373453,911.3104056584407,4435.391254454389,22272.96467662581,1338.4605511437173,0.0,0.0,0.0,23611.425227769523,6336.997206556928,6470.592656635803,20194.46736783726,0.08626388888888889,0.7271965277777778
2025-12-07,95353.61172818072,96134.84241559499,781.2306874142715,0.0,117.82138888888926,23946.28960090878,19583.757077289094,4237.450030864197,4570.601968678556,73437.43046238288,1020.2091546942972,0.0,0.0,819.9234632555583,75277.56308033274,6470.592656635803,6262.523211576933,68812.4043704501,0.08342569444444443,0.9101083333333333
2025-12-08,102628.29606320841,102628.29606320841,0.0,0.0,0.0,20603.158495487216,16316.771436805553,10494.697887860086,3873.290453638228,78829.56871998047,0.0,0.0,0.0,0.0,78829.56871998047,6262.523211576933,6675.619816620371,78270.08601076924,0.029863888888888888,0.9085152777777777
2025-12-09,101510.30968867455,101510.30968867455,0.0,0.0,0.0,21479.549479115216,17371.06323333333,10013.369176226002,4078.0730849485585,77192.11298778154,0.0,0.0,0.0,0.0,77192.11298778154,6675.619816620371,6706.032977453704,78328.4652972827,0.039031249999999997,0.9057770833333334
2025-12-10,96987.94695889059,98000.09885090878,1012.1518920181768,0.0,0.0,22523.773128583674,18417.85041111111,5506.557666769547,4298.805136315158,73775.91781811406,1551.148873519248,0.0,0.0,0.0,75327.0666916333,6706.032977453704,6513.1505586111125,73213.47034488434,0.03335277777777779,0.9161590277777777
2025-12-11,101011.72443912036,101011.72443912036,0.0,0.0,0.0,20444.496188168727,16423.132947916667,11029.106498868307,3869.242168585391,75905.8708672795,0.0,0.0,0.0,0.0,75905.8708672795,6513.1505586111125,6665.271630277783,76609.92835888403,0.032499999999999994,0.8976340277777778
2025-12-12,53202.23077551268,53566.39654674004,364.1657712273643,0.0,0.0,18273.50971308299,14671.475232563786,6249.94858288751,3457.5148860376084,25162.013025915458,389.57119538163437,0.0,0.0,0.0,25551.584221297093,6665.271630277783,6809.791224759376,24257.966538738994,0.04174166666666666,0.7237798611111111
2025-12-13,54863.96287009623,55138.07733467098,274.1144645747592,0.0,0.0,19897.830908669275,16094.36743497222,7536.0804776406,3778.046139197175,26271.454729358604,253.91906848950032,0.0,0.0,0.0,26525.373797848104,6809.791224759376,6835.208559259258,25832.609359455037,0.03412916666666667,0.7296965277777778
2025-12-14,96069.74383842591,97549.49091098183,1479.7470725559015,0.0,0.0,23287.558877743482,19006.348774752056,4489.5590079904005,4440.572418302355,73188.28469796602,2604.2144997509217,0.0,0.0,0.0,75792.49919771694,6835.208559259258,6675.846243948332,72067.61939688654,0.03962361111111111,0.9207375
2025-12-15,95301.5396841332,97390.069128912,2088.5294447788083,0.0,0.0,21635.888682890047,17573.35833819444,3857.98081754973,4116.184239199499,72359.17869824659,3626.769629026942,0.0,0.0,0.0,75985.94832727352,6675.846243948332,6622.192349444445,71661.94210697866,0.03865555555555556,0.9144402777777777
2025-12-16,100877.67033567386,100976.99623897942,99.32590330555928,0.0,0.0,21462.680539094643,17350.928408333333,7447.152774884783,4074.1489881687235,77765.88652494122,196.3673108350907,0.0,0.0,0.0,77962.25383577631,6622.192349444445,6659.795492037038,76600.37721254528,0.03145069444444444,0.910913888888889
2025-12-17,101083.34027099554,101083.34027099554,0.0,0.0,0.0,21022.477448113852,17099.664733805555,8968.680490020577,4002.210493012003,77605.00926843761,0.0,0.0,0.0,0.0,77605.00926843761,6659.795492037038,6580.397713333336,77571.5164001576,0.03633680555555557,0.9088097222222221
2025-12-18,96070.11571790981,96255.67695024314,185.56123233333494,0.0,0.0,21880.3999728395,17747.562344749997,4756.572355486976,4159.991368922839,72874.90573392251,373.3793715390822,0.0,0.0,0.0,73248.28510546159,6580.397713333336,6553.243972500003,71747.14540341904,0.03946319444444445,0.9094777777777777
2025-12-19,51078.21496160836,51479.39438802503,401.17942641666593,0.0,0.0,19723.365095233195,15924.144524972222,4771.782517764056,3741.6859011869,23972.587865760044,392.5035049065242,0.0,0.0,0.0,24365.091370666567,6553.243972500003,6610.7786415740775,23476.07325979141,0.03742152777777777,0.7250944444444445
2025-12-20,53894.569295471876,53894.569295471876,0.0,0.0,0.0,19777.281525703016,15938.612058248971,7199.547578017834,3748.685047931299,25509.48837596396,0.0,0.0,0.0,0.0,25509.48837596396,6610.7786415740775,6700.763061096826,25453.63672720181,0.04013541666666666,0.7189708333333333
2025-12-21,99800.57370155909,99800.57370155909,0.0,0.0,16.601800000000367,23053.983516939737,18680.502091666665,6405.912209619345,4381.009695212492,76212.36911339659,0.0,0.0,0.0,116.73555670000259,76329.10467009658,6700.763061096826,6693.23479115741,76489.51742443217,0.03244305555555556,0.9100763888888888
2025-12-22,97339.11459401577,97339.11459401577,0.0,0.0,0.0,21819.535816872423,17991.115343467078,4573.267037277096,4180.966397628029,75037.82905502478,0.0,0.0,0.0,0.0,75037.82905502478,6693.23479115741,6340.688866934725,74419.43642789619,0.032772916666666665,0.9192854166666667
2025-12-23,100464.95216125908,100464.95216125908,0.0,0.0,0.0,21684.397508412716,17189.13861388889,8711.600733401921,4078.3440412733707,76712.04528862443,0.0,0.0,0.0,0.0,76712.04528862443,6340.688866934725,6757.603720185186,76602.70238553983,0.02923194444444443,0.9126888888888889
2025-12-24,98688.19485024862,98688.19485024862,0.0,0.0,0.7194999999999254,21169.943956670093,17404.302669444445,7068.713746356312,4050.805803383059,75442.80791050397,0.0,0.0,0.0,5.543747499999426,75448.35165800397,6757.603720185186,6472.439204027778,75391.0369063993,0.03101944444444444,0.9082652777777778
2025-12-25,95593.3041946243,96165.05161348576,571.7474188614531,0.0,0.0,22932.80830843622,18495.667175291666,3915.4619470078846,4348.354961431585,71917.58981991744,837.6760500428229,0.0,0.0,0.0,72755.26586996026,6472.439204027778,6561.225375740743,71092.72177743503,0.03849236111111111,0.9102520833333334
2025-12-26,51416.66889704218,51887.39407345885,470.72517641666576,0.0,0.0,20516.3234204904,15941.881572888888,4305.329792524003,3822.952516814472,24177.201819886406,565.3227194785364,0.0,0.0,0.0,24742.524539364942,6561.225375740743,7312.714706527782,23532.067516601728,0.039502777777777776,0.7237750000000001
2025-12-27,52416.279034885105,52813.19207721844,396.91304233333665,0.0,0.0,19754.07218710562,16315.48515972222,6035.795983168382,3788.2389031241423,23901.261161834806,472.30667472455394,0.0,0.0,0.0,24373.56783655936,7312.714706527782,6963.062830787037,23755.95330351346,0.041311111111111104,0.7212277777777777
2025-12-28,97864.75053262174,97864.75053262174,0.0,0.0,0.0,21885.471881772977,17827.395286111114,6997.419186959877,4169.368886634088,74047.3451780623,0.0,0.0,0.0,0.0,74047.3451780623,6963.062830787037,6851.77053981481,74249.11767641616,0.03498333333333333,0.9058916666666667
2025-12-29,96929.56190906207,97374.10937972873,444.5474706666662,0.0,0.0,21501.13002107339,17540.588681944442,5889.801773933127,4099.067300101166,72814.10373274016,761.4855508742496,0.0,0.0,0.0,73575.5892836144,6851.77053981481,6713.244578842593,73619.13404964119,0.03246111111111112,0.90653125
2025-12-30,97855.63873786865,97947.88219997975,92.24346211111254,0.0,0.36828333333346563,23349.15736234568,19005.4060365,7380.096557467416,4446.627518067901,72971.50654251373,181.56280647330283,0.0,0.0,2.6939925833343015,73155.76334157036,6713.244578842593,6610.36838662037,73705.5173039717,0.03412638888888888,0.9004583333333334
2025-12-31,99538.7118964249,99538.7118964249,0.0,0.0,0.0,22030.602977812076,18013.69457777778,6875.380563057268,4204.581917534294,75656.18726595491,0.0,0.0,0.0,0.0,75656.18726595491,6610.36838662037,6422.69486912037,75046.20449817379,0.03075486111111111,0.9102437499999999
