date,issue_hour,t,interval,forecast_load_kwh,forecast_pv_kwh,forecast_price,objective_price,margin_kwh,reserve_grid_kwh,q0_kwh,previous_active_kwh,new_active_kwh,planned_charge_kwh,planned_discharge_kwh,planned_end_soc_kwh,reserve_slack_soc_kwh
2025-07-01,0,0,0:00-0:10,661.4240833333333,0.0,0.4611,0.47436562499999996,32.8442,815.897900595238,694.2682833333333,694.2682833333333,694.2682833333333,0.0,0.0,7491.984276931217,0.0
2025-07-01,0,1,0:10-0:20,649.4039499999999,0.0,0.452,0.4632633928571428,47.82923333333338,727.4605607142859,697.2331833333333,697.2331833333333,697.2331833333333,0.0,0.0,7491.984276931216,0.0
2025-07-01,0,2,0:20-0:30,640.7533333333333,0.0,0.4707,0.48482767857142856,55.9083333333333,673.3427339285713,696.6616666666666,696.6616666666666,696.6616666666666,0.0,0.0,7491.984276931216,0.0
2025-07-01,0,3,0:30-0:40,659.3426166666666,0.0,0.5037,0.5184276785714286,43.22608333333329,648.3991291666666,702.5686999999998,702.5686999999998,702.5686999999998,0.0,0.0,7491.984276931216,0.0
2025-07-01,0,4,0:40-0:50,661.8295833333333,0.0,0.4636,0.47554375000000004,46.65216666666669,591.9354666666666,708.4817499999999,708.4817499999999,708.4817499999999,0.0,0.0,7491.984276931216,0.0
2025-07-01,0,5,0:50-1:00,646.3083333333333,0.0,0.3998,0.40960580357142884,55.145000000000095,513.8732041666665,1534.7866666666666,1534.7866666666666,1534.7866666666666,833.3333333333333,0.0,8241.984276931216,0.0
2025-07-01,0,6,1:00-1:10,657.0583999999999,0.0,0.4557,0.46842857142857147,44.177533333333315,450.55195416666663,701.2359333333332,701.2359333333332,701.2359333333332,0.0,0.0,8241.984276931216,0.0
2025-07-01,0,7,1:10-1:20,688.3032,0.0,0.5327,0.5454084821428571,43.52531666666664,403.5033386904762,484.571000761906,484.571000761906,484.571000761906,0.0,247.25751590476057,7967.253703703705,0.0
2025-07-01,0,8,1:20-1:30,704.4266666666667,0.0,0.5376,0.5476955357142858,36.07999999999993,359.63330535714283,0.0,0.0,0.0,0.0,740.5066666666667,7144.468518518519,0.0
2025-07-01,0,9,1:30-1:40,679.28635,0.0,0.4785,0.49108035714285714,37.78418333333332,341.52288869047607,717.0705333333333,717.0705333333333,717.0705333333333,0.0,0.0,7144.468518518519,0.0
2025-07-01,0,10,1:40-1:50,686.3312333333333,0.0,0.4907,0.5023642857142857,36.24969999999996,317.8517595238094,722.5809333333333,722.5809333333333,722.5809333333333,0.0,0.0,7144.468518518519,0.0
2025-07-01,0,11,1:50-2:00,709.5916666666667,0.0,0.5551,0.5633294642857142,50.42999999999995,283.3934595238094,0.0,0.0,0.0,0.0,760.0216666666666,6300.0,0.0
2025-07-01,0,12,2:00-2:10,660.5796333333333,0.0,0.5255,0.5372776785714285,38.75513333333333,267.10318333333316,699.3347666666666,699.3347666666666,699.3347666666666,0.0,0.0,6300.0,0.0
2025-07-01,0,13,2:10-2:20,615.0758666666666,0.0,0.4874,0.5000589285714286,24.780566666666687,226.96811249999982,639.8564333333333,639.8564333333333,639.8564333333333,0.0,0.0,6300.0,0.0
2025-07-01,0,14,2:20-2:30,607.9833333333333,0.0,0.4739,0.4827709821428571,33.5766666666666,173.51805833333316,641.56,641.56,641.56,0.0,0.0,6300.0,0.0
2025-07-01,0,15,2:30-2:40,605.6828166666667,0.0,0.4353,0.4437147321428571,32.65833333333342,118.65055833333318,638.3411500000001,638.3411500000001,638.3411500000001,0.0,0.0,6300.0,0.0
2025-07-01,0,16,2:40-2:50,630.4376333333332,0.0,0.4337,0.4428495535714286,24.96636666666666,85.30423869047618,655.4039999999999,655.4039999999999,655.4039999999999,0.0,0.0,6300.0,0.0
2025-07-01,0,17,2:50-3:00,654.76,0.0,0.4575,0.4657727678571429,41.28833333333341,65.55324047619044,696.0483333333334,696.0483333333334,696.0483333333334,0.0,0.0,6300.0,0.0
2025-07-01,0,18,3:00-3:10,623.9198666666666,0.00025714285714285715,0.4326,0.4383263392857142,26.440683333333368,70.57019047619049,1483.6936261904762,1483.6936261904762,1483.6936261904762,833.3333333333333,0.0,7050.0,0.0
2025-07-01,0,19,3:10-3:20,626.8295333333333,0.0,0.443,0.4472888392857143,28.010926190476198,72.39283154761908,654.8404595238095,654.8404595238095,654.8404595238095,0.0,0.0,7050.0,0.0
2025-07-01,0,20,3:20-3:30,654.035,0.0,0.4853,0.4899495535714287,28.45166666666671,109.92733749999995,682.4866666666667,682.4866666666667,682.4866666666667,0.0,0.0,7050.0,0.0
2025-07-01,0,21,3:30-3:40,609.1281833333333,0.0035404761904761902,0.4671,0.4721388392857144,23.665057142857222,100.87858750000004,632.7897,632.7897,632.7897,0.0,0.0,7050.0,0.0
2025-07-01,0,22,3:40-3:50,582.5349333333334,0.0,0.4473,0.45224776785714266,24.45976666666661,83.30324107142877,606.9947,606.9947,606.9947,0.0,0.0,7050.0,0.0
2025-07-01,0,23,3:50-4:00,592.3383333333334,0.0,0.447,0.4502986607142857,25.464999999999918,105.5604166666665,617.8033333333333,617.8033333333333,617.8033333333333,0.0,0.0,7050.0,0.0
2025-07-01,0,24,4:00-4:10,568.8508166666666,0.04933095238095237,0.4248,0.4242160714285714,25.938449999999875,88.97233035714255,1428.0732690476189,1428.0732690476189,1428.0732690476189,833.3333333333333,0.0,7800.0,0.0
2025-07-01,0,25,4:10-4:20,569.8410666666666,0.0,0.397,0.394709375,27.761833333333357,111.19699880952321,1430.9362333333333,1430.9362333333333,1430.9362333333333,833.3333333333333,0.0,8550.0,0.0
2025-07-01,0,26,4:20-4:30,604.3766666666667,0.0,0.4006,0.39950223214285724,27.05833333333328,146.1261315476185,1464.7683333333332,1464.7683333333332,1464.7683333333332,833.3333333333333,0.0,9300.0,0.0
2025-07-01,0,27,4:30-4:40,616.5071666666666,0.687097619047619,0.4532,0.4530401785714284,21.272966666666775,195.9964559523801,637.0930357142859,637.0930357142859,637.0930357142859,0.0,0.0,9300.0,0.0
2025-07-01,0,28,4:40-4:50,617.1476333333333,0.0,0.4789,0.48053794642857156,24.845752380952376,197.83028035714221,641.9933857142856,641.9933857142856,641.9933857142856,0.0,0.0,9300.0,0.0
2025-07-01,0,29,4:50-5:00,620.6866666666666,0.8053571428571427,0.4613,0.46312767857142834,30.333333333333314,253.87832380952378,650.2146428571428,650.2146428571428,650.2146428571428,0.0,0.0,9300.0,0.0
2025-07-01,0,30,5:00-5:10,626.9529,22.203549999999996,0.4545,0.45089419642857165,29.69512857142854,331.1815529761905,634.4444785714286,634.4444785714286,634.4444785714286,0.0,0.0,9300.0,0.0
2025-07-01,0,31,5:10-5:20,633.2835333333333,50.517869047619044,0.459,0.45257187499999996,20.10045714285718,405.0404517857152,602.8661214285714,602.8661214285714,602.8661214285714,0.0,0.0,9300.0,0.0
2025-07-01,0,32,5:20-5:30,617.835,79.5,0.4274,0.4216821428571428,18.88833333333332,493.1661333333334,1390.5566666666666,1390.5566666666666,1390.5566666666666,833.3333333333333,0.0,10050.0,0.0
2025-07-01,0,33,5:30-5:40,581.3219666666666,112.98075476190476,0.3611,0.35277589285714267,22.754283333333376,509.85724583333365,1324.4288285714285,1324.4288285714285,1324.4288285714285,833.3333333333333,0.0,10800.0,0.0
2025-07-01,0,34,5:40-5:50,677.8672999999999,145.93969523809523,0.5719,0.5614330357142857,18.704433333333327,556.8742874999999,550.6320380952379,550.6320380952379,550.6320380952379,-0.0,0.0,10800.0,0.0
2025-07-01,0,35,5:50-6:00,834.48,176.09375000000003,0.9225,0.9136861607142859,27.697499999999934,610.2707226190477,0.0,0.0,0.0,0.0,686.08375,10037.684722222222,0.0
2025-07-01,0,36,6:00-6:10,815.4115166666667,206.5284333333333,0.9333,0.9287339285714288,21.64755952380952,681.4017422619048,0.0,0.0,0.0,0.0,630.5306428571429,9337.095119047619,0.0
2025-07-01,0,37,6:10-6:20,787.5824166666666,241.0987833333333,0.8502,0.8461839285714288,27.36066190476197,681.1995714285716,573.8442952380954,573.8442952380954,573.8442952380954,0.0,0.0,9337.095119047619,0.0
2025-07-01,0,38,6:20-6:30,817.0466666666666,275.575,0.8501,0.8448388392857143,39.18428571428569,706.1825755952382,580.6559523809524,580.6559523809524,580.6559523809524,0.0,0.0,9337.095119047619,0.0
2025-07-01,0,39,6:30-6:40,805.35675,303.73748571428564,0.8633,0.8625638392857146,37.52204047619057,825.3390964285715,539.141304761905,539.141304761905,539.141304761905,0.0,0.0,9337.095119047619,0.0
2025-07-01,0,40,6:40-6:50,809.2766666666666,343.15034523809527,0.8609,0.8636160714285713,41.73892619047615,866.8257291666669,507.8652476190475,507.8652476190475,507.8652476190475,0.0,0.0,9337.095119047619,0.0
2025-07-01,0,41,6:50-7:00,822.0533333333333,391.42142857142846,0.8253,0.8284066964285717,49.82577380952387,873.5832178571429,480.4576785714287,480.4576785714287,480.4576785714287,0.0,0.0,9337.095119047619,0.0
2025-07-01,0,42,7:00-7:10,777.8936333333332,428.0311,0.7593,0.7643714285714284,48.80176190476186,923.6493607142859,398.6642952380951,398.6642952380951,398.6642952380951,0.0,0.0,9337.095119047619,0.0
2025-07-01,0,43,7:10-7:20,785.1474,463.1855761904763,0.7442,0.7499093749999999,41.45968333333333,968.1177071428573,363.421507142857,363.421507142857,363.421507142857,0.0,0.0,9337.095119047619,0.0
2025-07-01,0,44,7:20-7:30,815.68,498.35892857142863,0.736,0.7419379464285712,51.18595238095236,952.7319428571432,368.5070238095237,368.5070238095237,368.5070238095237,0.0,0.0,9337.095119047619,0.0
2025-07-01,0,45,7:30-7:40,755.3095333333333,525.5930785714286,0.6596,0.6693316964285715,70.340507142857,940.2104571428572,1133.390295238095,1133.390295238095,1133.390295238095,833.3333333333333,0.0,10087.095119047619,0.0
2025-07-01,0,46,7:40-7:50,853.8446999999999,564.7304095238094,0.8695,0.8801125000000001,66.32740000000001,944.663730952381,355.4416904761905,355.4416904761905,355.4416904761905,0.0,0.0,10087.095119047619,0.0
2025-07-01,0,47,7:50-8:00,1078.7733333333333,613.9,1.2354,1.2440049107142854,73.9444047619048,957.9213892857144,0.0,0.0,0.0,0.0,538.817738095238,9488.408743386244,0.0
2025-07-01,0,48,8:00-8:10,1125.3129333333331,650.4385666666666,1.2384,1.2490687499999995,71.63232619047619,978.8745589285716,0.0,0.0,0.0,0.0,546.5066928571429,8881.179084656085,0.0
2025-07-01,0,49,8:10-8:20,1096.0901833333332,683.3142380952379,1.1681,1.1828276785714282,61.15888333333328,1008.5268541666668,0.0,0.0,0.0,0.0,473.9348285714286,8354.58483068783,0.0
2025-07-01,0,50,8:20-8:30,1091.7199999999998,716.3687500000001,1.1743,1.1927263392857141,81.22470238095252,1035.5340869047618,0.0,0.0,0.0,0.0,456.57595238095223,7847.278216931217,0.0
2025-07-01,0,51,8:30-8:40,1099.4605999999999,742.0710214285715,1.1212,1.1425638392857143,71.32669047619038,1072.4127922619045,0.0,0.0,0.0,0.0,428.71626904761877,7370.926806878307,0.0
2025-07-01,0,52,8:40-8:50,1087.1726833333332,761.3004619047617,1.1152,1.138059375,72.69865476190466,1084.0299666666665,0.0,0.0,0.0,0.0,398.57087619047616,6928.070277777778,0.0
2025-07-01,0,53,8:50-9:00,1066.2716666666665,788.4901785714284,1.1619,1.1871111607142861,90.69035714285707,1079.4021095238095,0.0,0.0,0.0,0.0,368.47184523809517,6518.657116402116,0.0
2025-07-01,0,54,9:00-9:10,1078.6420166666667,837.5546738095238,1.1476,1.1785013392857142,106.57186428571418,1083.1978113095238,0.0,0.0,0.0,0.0,347.659207142857,6132.369108465608,0.0
2025-07-01,0,55,9:10-9:20,1100.09845,876.8118428571429,1.1375,1.1688049107142857,91.54188095238084,1173.2277124999996,0.0,0.0,0.0,0.0,314.82848809523784,5782.559677248678,0.0
2025-07-01,0,56,9:20-9:30,1110.4283333333333,901.6223214285715,1.1384,1.1655839285714287,74.82285714285717,1239.5969648809514,0.0,0.0,0.0,0.0,283.628869047619,5467.41648941799,0.0
2025-07-01,0,57,9:30-9:40,1109.7769333333333,934.5124142857142,1.0897,1.1181700892857143,84.92055952380977,1333.0729470238089,0.0,0.0,0.0,0.0,260.1850785714289,5178.321957671958,0.0
2025-07-01,0,58,9:40-9:50,1096.327,953.8049452380953,1.075,1.107760714285714,97.26735714285724,1383.127833333333,0.0,0.0,0.0,0.0,239.7894119047619,4911.889277777778,0.0
2025-07-01,0,59,9:50-10:00,1082.135,958.1642857142856,1.1014,1.1369,97.22166666666698,1284.0424363095233,0.0,0.0,0.0,0.0,221.19238095238143,4666.1199656084655,0.0
2025-07-01,0,60,10:00-10:10,1085.0626166666666,974.6665261904761,1.0923,1.1268316964285712,119.48155238095228,1188.7337672619044,0.0,0.0,0.0,0.0,229.87764285714275,4410.700362433862,0.0
2025-07-01,0,61,10:10-10:20,1088.4919,1015.7199285714285,1.0875,1.1206455357142857,108.40300952380949,1206.432810714285,0.0,0.0,0.0,0.0,181.17498095238102,4209.394828042327,0.0
2025-07-01,0,62,10:20-10:30,1082.5,1065.8258928571427,1.1163,1.149120089285714,91.7222619047619,1292.5434928571422,0.0,0.0,0.0,0.0,108.39636904761915,4088.9544179894174,0.0
2025-07-01,0,63,10:30-10:40,1074.9275666666667,1095.885969047619,1.1286,1.161055803571429,142.08170476190475,1340.687436309523,0.0,0.0,0.0,0.0,121.12330238095251,3954.37297089947,0.0
2025-07-01,0,64,10:40-10:50,1081.7562333333333,1117.4134047619045,0.9344,0.9673874999999998,134.41279047619054,1336.744774404761,0.0,0.0,0.0,0.0,98.75561904761935,3844.6445052910044,0.0
2025-07-01,0,65,10:50-11:00,1097.8183333333332,1139.830357142857,0.6683,0.7022080357142856,119.40797619047635,1333.7828642857135,910.7292857142857,910.7292857142857,910.7292857142857,833.3333333333333,0.0,4594.644505291004,0.0
2025-07-01,0,66,11:00-11:10,1098.6542333333332,1159.4931523809523,0.6708,0.7036776785714283,119.40659523809518,1358.5067630952376,891.9010095238093,891.9010095238093,891.9010095238093,833.3333333333333,0.0,5344.644505291004,0.0
2025-07-01,0,67,11:10-11:20,1075.9409666666666,1170.7797023809521,0.6843,0.7128665178571431,114.0131523809523,1643.973019642857,852.50775,852.50775,852.50775,833.3333333333333,0.0,6094.644505291004,0.0
2025-07-01,0,68,11:20-11:30,1054.0083333333332,1173.5964285714285,0.6345,0.6597022321428571,112.20178571428562,2001.9156511904755,825.9470238095234,825.9470238095234,825.9470238095234,833.3333333333333,0.0,6844.644505291004,0.0
2025-07-01,0,69,11:30-11:40,1063.2839833333333,1173.0246904761902,0.6997,0.7291477678571431,118.42348809523801,2201.3419904761895,236.8555528512656,236.8555528512656,236.8555528512656,228.1727718988845,0.0,7050.0,0.0
2025-07-01,0,70,11:40-11:50,1048.6233666666667,1171.093007142857,0.7299,0.7665683035714286,146.6526976190475,2284.878081547618,24.18305714285725,24.18305714285725,24.18305714285725,0.0,0.0,7050.0,0.0
2025-07-01,0,71,11:50-12:00,1012.7816666666665,1164.230357142857,0.6765,0.7163504464285714,141.6414285714285,2352.923438095237,823.5260714285712,823.5260714285712,823.5260714285712,833.3333333333333,0.0,7800.0,0.0
2025-07-01,0,72,12:00-12:10,1016.6585499999999,1148.042611904762,0.6527,0.6885647321428573,140.8115047619048,2437.3673785714273,842.760776190476,842.760776190476,842.760776190476,833.3333333333333,0.0,8550.0,0.0
2025-07-01,0,73,12:10-12:20,1035.2487333333333,1133.2859119047616,0.6657,0.6999174107142858,140.08137619047642,2366.7531821428556,875.3775309523814,875.3775309523814,875.3775309523814,833.3333333333333,0.0,9300.0,0.0
2025-07-01,0,74,12:20-12:30,1019.7333333333332,1119.9071428571426,0.6485,0.6872901785714286,153.805892857143,2294.393735119046,886.9654166666669,886.9654166666669,886.9654166666669,833.3333333333333,0.0,10050.0,0.0
2025-07-01,0,75,12:30-12:40,955.0515,1101.0528095238092,0.5688,0.61280625,154.28699999999998,2244.2854017857135,841.6190238095242,841.6190238095242,841.6190238095242,833.3333333333333,0.0,10800.0,0.0
2025-07-01,0,76,12:40-12:50,960.2991833333333,1099.7022642857144,0.6998,0.7419937499999999,171.33227857142856,2176.5596261904752,31.9291976190475,31.9291976190475,31.9291976190475,-0.0,0.0,10800.0,0.0
2025-07-01,0,77,12:50-13:00,1035.1283333333333,1110.9035714285715,0.9754,1.0131415178571426,131.36803571428572,2068.607902976189,55.59279761904759,55.59279761904759,55.59279761904759,0.0,0.0,10800.0,0.0
2025-07-01,0,78,13:00-13:10,1064.1609833333332,1102.599352380952,1.0409,1.08269375,96.81308809523796,1886.956737499998,0.0,0.0,0.0,0.0,58.37471904761924,10735.1392010582,0.0
2025-07-01,0,79,13:10-13:20,1081.2977666666666,1077.0330214285714,1.0405,1.084000892857143,129.22695714285746,1733.4471476190456,0.0,0.0,0.0,0.0,133.49170238095257,10586.815087301586,0.0
2025-07-01,0,80,13:20-13:30,1100.3066666666666,1057.2624999999998,1.0781,1.1178861607142856,110.88565476190479,1662.1889345238096,0.0,0.0,0.0,0.0,153.92982142857159,10415.78195238095,0.0
2025-07-01,0,81,13:30-13:40,1090.1304833333334,1063.0605095238095,1.0969,1.1359758928571428,106.58160714285714,1730.6208988095232,0.0,0.0,0.0,0.0,133.65158095238098,10267.280195767195,0.0
2025-07-01,0,82,13:40-13:50,1076.0362333333333,1055.6206928571428,1.0793,1.1210982142857138,115.65714523809524,1777.8131601190469,0.0,0.0,0.0,0.0,136.07268571428563,10116.088322751322,0.0
2025-07-01,0,83,13:50-14:00,1077.3249999999998,1025.8669642857142,1.0535,1.097013392857143,121.85922619047619,1767.1441619047612,0.0,0.0,0.0,0.0,173.31726190476184,9923.513587301586,0.0
2025-07-01,0,84,14:00-14:10,1090.0374833333333,1000.5567214285716,1.0635,1.1030745535714284,129.7689476190476,1699.407495238095,0.0,0.0,0.0,0.0,219.24970952380932,9679.902798941797,0.0
2025-07-01,0,85,14:10-14:20,1100.6353833333333,972.2958380952382,1.0804,1.1157540178571428,112.24978333333331,1591.5339488095237,0.0,0.0,0.0,0.0,240.58932857142827,9412.58132275132,0.0
2025-07-01,0,86,14:20-14:30,1108.7916666666665,936.8419642857143,1.1119,1.1470941964285717,111.44678571428562,1584.7320357142855,0.0,0.0,0.0,0.0,283.3964880952378,9097.696335978835,0.0
2025-07-01,0,87,14:30-14:40,1118.8362333333332,902.3680690476191,1.162,1.2002374999999996,132.45756428571428,1631.734684523809,0.0,0.0,0.0,0.0,348.9257285714283,8710.001082010582,0.0
2025-07-01,0,88,14:40-14:50,1095.6172333333334,877.2989809523808,1.0148,1.052225,139.9886190476192,1618.9408172619044,214.3058976190483,214.3058976190483,214.3058976190483,0.0,144.00097380952357,8550.0,0.0
2025-07-01,0,89,14:50-15:00,1071.4033333333332,854.1901785714285,0.7775,0.8106745535714285,109.3261904761905,1622.5183654761904,1159.8726785714284,1159.8726785714284,1159.8726785714284,833.3333333333333,0.0,9300.0,0.0
2025-07-01,0,90,15:00-15:10,1117.7789666666665,818.5700071428571,0.7899,0.8223486607142859,98.68054761904756,1689.3360589285717,1231.2228404761902,1231.2228404761902,1231.2228404761902,833.3333333333333,0.0,10050.0,0.0
2025-07-01,0,91,15:10-15:20,1157.4329833333331,789.6612404761905,0.8208,0.8534142857142858,82.78711190476173,1715.8242565476194,450.5588547619044,450.5588547619044,450.5588547619044,0.0,0.0,10050.0,0.0
2025-07-01,0,92,15:20-15:30,1158.7233333333334,763.6392857142857,0.7907,0.8240370535714285,87.08000000000007,1664.1216660714285,1315.497380952381,1315.497380952381,1315.497380952381,833.3333333333333,0.0,10800.0,0.0
2025-07-01,0,93,15:30-15:40,1158.6456166666667,718.6329738095237,0.851,0.887411607142857,103.51314047619047,1625.838913095238,543.5257833333335,543.5257833333335,543.5257833333335,0.0,0.0,10800.0,0.0
2025-07-01,0,94,15:40-15:50,1136.2565833333333,685.2384023809523,0.8875,0.9209281250000003,81.35127142857145,1609.2269452380945,532.3694523809525,532.3694523809525,532.3694523809525,0.0,0.0,10800.0,0.0
2025-07-01,0,95,15:50-16:00,1111.7966666666666,663.7321428571427,0.8866,0.9146361607142859,53.39583333333337,1535.147330357143,501.46035714285745,501.46035714285745,501.46035714285745,0.0,0.0,10800.0,0.0
2025-07-01,0,96,16:00-16:10,1136.262,620.9765595238096,0.9536,0.9857133928571429,64.61611428571427,1493.5940565476194,579.9015547619047,579.9015547619047,579.9015547619047,0.0,0.0,10800.0,0.0
2025-07-01,0,97,16:10-16:20,1159.0900499999998,565.3271357142856,0.9959,1.0283316964285716,80.38925476190497,1432.7961875,674.1521690476192,674.1521690476192,674.1521690476192,0.0,0.0,10800.0,0.0
2025-07-01,0,98,16:20-16:30,1144.0583333333334,516.3026785714285,0.9811,1.006572767857143,82.15458333333333,1423.130793452381,709.9102380952384,709.9102380952384,709.9102380952384,0.0,0.0,10800.0,0.0
2025-07-01,0,99,16:30-16:40,1104.3668833333331,484.5257357142856,0.9718,0.9929290178571428,71.4016928571428,1404.0217488095245,691.2428404761903,691.2428404761903,691.2428404761903,0.0,0.0,10800.0,0.0
2025-07-01,0,100,16:40-16:50,1087.4229833333334,445.1593880952381,0.9673,0.9859464285714284,57.42464047619046,1389.5965363095245,699.6882357142857,699.6882357142857,699.6882357142857,0.0,0.0,10800.0,0.0
2025-07-01,0,101,16:50-17:00,1101.4933333333333,395.4625,0.9741,0.9918102678571428,64.60244047619051,1288.2948803571437,770.633273809524,770.633273809524,770.633273809524,0.0,0.0,10800.0,0.0
2025-07-01,0,102,17:00-17:10,1117.7958166666667,356.7556071428571,1.0141,1.0335732142857141,61.50169523809518,1226.725951785715,822.5419047619048,822.5419047619048,822.5419047619048,0.0,0.0,10800.0,0.0
2025-07-01,0,103,17:10-17:20,1147.2558333333332,323.0557119047619,1.0737,1.0920165178571428,62.246892857142825,1209.5435791666673,886.4470142857142,886.4470142857142,886.4470142857142,0.0,0.0,10800.0,0.0
2025-07-01,0,104,17:20-17:30,1186.3716666666664,288.17857142857133,1.1061,1.1200339285714287,93.61077380952383,1189.2477827380956,991.803869047619,991.803869047619,991.803869047619,0.0,0.0,10800.0,0.0
2025-07-01,0,105,17:30-17:40,1192.7364499999999,253.1368119047619,1.0851,1.0968419642857146,70.40061904761922,1163.1005059523811,1010.0002571428573,1010.0002571428573,1010.0002571428573,0.0,0.0,10800.0,0.0
2025-07-01,0,106,17:40-17:50,1075.327,219.69590238095236,1.1556,1.1674424107142851,46.625435714285686,1100.9862744047623,902.2565333333333,902.2565333333333,902.2565333333333,0.0,-0.0,10800.0,0.0
2025-07-01,0,107,17:50-18:00,902.1283333333333,185.75089285714287,1.2907,1.3028236607142865,42.43517857142842,1065.592525595238,758.8126190476189,758.8126190476189,758.8126190476189,0.0,-0.0,10800.0,0.0
2025-07-01,0,108,18:00-18:10,847.7157333333332,147.80616666666668,1.3125,1.3229924107142854,47.248845238095214,1083.3969857142852,747.1584119047618,747.1584119047618,747.1584119047618,0.0,-0.0,10800.0,0.0
2025-07-01,0,109,18:10-18:20,833.8008333333333,112.42300238095237,1.2957,1.3039861607142862,43.36195952380956,1124.6401636904764,764.7397904761906,764.7397904761906,764.7397904761906,0.0,0.0,10800.0,0.0
2025-07-01,0,110,18:20-18:30,815.5333333333333,81.69821428571427,1.3046,1.3137124999999994,53.99065476190469,1116.743986904762,787.8257738095238,787.8257738095238,787.8257738095238,0.0,0.0,10800.0,0.0
2025-07-01,0,111,18:30-18:40,830.1482666666667,51.5744857142857,1.3299,1.3455450892857144,42.86299523809521,1087.0674535714284,821.4367761904762,821.4367761904762,821.4367761904762,0.0,-0.0,10800.0,0.0
2025-07-01,0,112,18:40-18:50,850.4172333333332,21.8019119047619,1.3704,1.3918075892857142,42.333116666666626,1099.5379809523808,37.615104761904604,37.615104761904604,37.615104761904604,0.0,833.3333333333333,9874.074074074075,0.0
2025-07-01,0,113,18:50-19:00,862.0049999999999,0.7598214285714284,1.4031,1.4265776785714284,60.809999999999945,1103.9414732142857,88.72184523809517,88.72184523809517,88.72184523809517,0.0,833.3333333333333,8948.14814814815,0.0
2025-07-01,0,114,19:00-19:10,877.3038833333333,0.0,1.3988,1.4229040178571424,46.82230238095235,1065.0696565476183,90.79285238095235,90.79285238095235,90.79285238095235,0.0,833.3333333333333,8022.2222222222235,0.0
2025-07-01,0,115,19:10-19:20,894.8322833333333,0.6656666666666666,1.3999,1.4230330357142853,52.04627380952388,1087.6670089285712,112.87955714285727,112.87955714285727,112.87955714285727,0.0,833.3333333333333,7096.296296296297,0.0
2025-07-01,0,116,19:20-19:30,899.815,0.0,1.4089,1.4310325892857143,52.74000000000001,1063.9206178571426,119.2216666666668,119.2216666666668,119.2216666666668,0.0,833.3333333333333,6170.370370370371,0.0
2025-07-01,0,117,19:30-19:40,873.5524,0.0,1.3859,1.409167410714286,39.314259523809596,1118.1108720238092,79.53332619047637,79.53332619047637,79.53332619047637,0.0,833.3333333333333,5244.444444444445,0.0
2025-07-01,0,118,19:40-19:50,821.5722833333332,0.04779285714285714,1.3544,1.3763651785714293,44.37832619047617,1141.877694642857,865.9028166666665,865.9028166666665,865.9028166666665,0.0,0.0,5244.444444444445,0.0
2025-07-01,0,119,19:50-20:00,799.8666666666666,0.0,1.3589,1.379674107142857,48.24666666666667,1174.9137470238095,645.7208136904758,645.7208136904758,645.7208136904758,0.0,202.3925196428574,5019.563867063493,0.0
2025-07-01,0,120,20:00-20:10,863.4652666666666,0.0,1.4125,1.4392147321428574,52.50258333333335,1165.9409339285717,82.63451666666674,82.63451666666674,82.63451666666674,0.0,833.3333333333333,4093.6379411375665,0.0
2025-07-01,0,121,20:10-20:20,893.0400666666666,0.0034333333333333334,1.3917,1.421408035714286,41.9548166666666,1090.3922047619048,101.65811666666661,101.65811666666661,101.65811666666661,0.0,833.3333333333333,3167.7120152116404,0.0
2025-07-01,0,122,20:20-20:30,877.69,0.0,1.3467,1.3725642857142861,65.08166666666659,1032.625426190476,942.7716666666666,942.7716666666666,942.7716666666666,0.0,0.0,3167.7120152116404,0.0
2025-07-01,0,123,20:30-20:40,914.2640666666666,0.0,1.4158,1.4369441964285719,37.75604999999996,980.5053119047618,118.68678333333332,118.68678333333332,118.68678333333332,0.0,833.3333333333333,2241.7860892857143,0.0
2025-07-01,0,124,20:40-20:50,925.6037833333332,0.00024523809523809524,1.2783,1.2968035714285715,54.11904761904759,937.6074803571428,957.7549720238094,957.7549720238094,957.7549720238094,0.0,21.967613690476217,2217.3776296296296,0.0
2025-07-01,0,125,20:50-21:00,903.2399999999999,0.0,0.9982,1.0173517857142855,60.15833333333342,915.6398666666665,963.3983333333333,963.3983333333333,963.3983333333333,0.0,0.0,2217.3776296296296,0.0
2025-07-01,0,126,21:00-21:10,918.7262999999999,0.0,0.9836,1.006399553571429,46.86113333333333,884.0239374999999,965.5874333333333,965.5874333333333,965.5874333333333,0.0,0.0,2217.3776296296296,0.0
2025-07-01,0,127,21:10-21:20,912.3181999999999,0.0,1.0214,1.0476312500000005,58.785133333333306,838.7399249999997,826.6829541666661,826.6829541666661,826.6829541666661,0.0,144.4203791666671,2056.910541666666,0.0
2025-07-01,0,128,21:20-21:30,883.0083333333333,0.0,1.0065,1.0325473214285712,73.05666666666662,771.2194874999997,956.0649999999999,956.0649999999999,956.0649999999999,0.0,0.0,2056.910541666666,0.0
2025-07-01,0,129,21:30-21:40,879.3511,0.0,1.0179,1.0394285714285714,44.14648333333332,722.2518041666667,845.1955708333335,845.1955708333335,845.1955708333335,0.0,78.30201249999986,1969.9083055555552,0.0
2025-07-01,0,130,21:40-21:50,786.3435333333333,0.0,0.8157,0.8359017857142856,44.73658333333333,692.9174749999997,804.5178208333334,804.5178208333334,804.5178208333334,0.0,26.562295833333266,1940.3946435185183,0.0
2025-07-01,0,131,21:50-22:00,662.0083333333333,0.0,0.5084,0.5308383928571428,56.10666666666668,666.3551791666664,718.115,718.115,718.115,0.0,0.0,1940.3946435185183,0.0
2025-07-01,0,132,22:00-22:10,687.8491833333333,0.0,0.4772,0.49867723214285714,63.83096666666677,658.3744374999997,1585.0134833333332,1585.0134833333332,1585.0134833333332,833.3333333333333,0.0,2690.394643518518,0.0
2025-07-01,0,133,22:10-22:20,689.9305333333333,0.0,0.4868,0.5052602678571428,54.6499,580.6189999999999,1577.9137666666666,1577.9137666666666,1577.9137666666666,833.3333333333333,0.0,3440.394643518518,0.0
2025-07-01,0,134,22:20-22:30,639.155,0.0,0.4443,0.4615808035714285,48.64999999999998,519.6005041666667,1521.1383333333333,1521.1383333333333,1521.1383333333333,833.3333333333333,0.0,4190.394643518518,0.0
2025-07-01,0,135,22:30-22:40,678.6057833333333,0.0,0.4943,0.5143616071428572,44.085000000000036,479.1867541666667,1066.6967349794245,1066.6967349794245,1066.6967349794245,344.0059516460911,0.0,4500.0,0.0
2025-07-01,0,136,22:40-22:50,701.7695833333333,0.0,0.5322,0.5521116071428572,50.55851666666666,479.13878333333327,752.3281,752.3281,752.3281,0.0,0.0,4500.0,0.0
2025-07-01,0,137,22:50-23:00,671.8366666666666,0.0,0.5154,0.5330406249999999,59.65333333333342,450.8428083333331,731.49,731.49,731.49,0.0,0.0,4500.0,0.0
2025-07-01,0,138,23:00-23:10,670.75195,0.0,0.5141,0.5347142857142857,36.83215000000001,428.04457499999995,707.5841,707.5841,707.5841,0.0,0.0,4500.0,0.0
2025-07-01,0,139,23:10-23:20,713.8163999999999,0.0,0.5366,0.5593638392857142,38.25193333333323,326.4043,752.0683333333332,752.0683333333332,752.0683333333332,0.0,0.0,4500.0,0.0
2025-07-01,0,140,23:20-23:30,732.7749999999999,0.0,0.538,0.5591754464285714,39.501666666666665,207.75952083333317,772.2766666666665,772.2766666666665,772.2766666666665,0.0,0.0,4500.0,0.0
2025-07-01,0,141,23:30-23:40,655.2270666666666,0.0,0.4773,0.49681651785714287,44.35313333333329,136.99397916666652,1532.9135333333331,1532.9135333333331,1532.9135333333331,833.3333333333333,0.0,5250.0,0.0
2025-07-01,0,142,23:40-23:50,644.1887999999999,0.0,0.4661,0.48690044642857133,56.64665000000008,90.16872916666651,1534.1687833333333,1534.1687833333333,1534.1687833333333,833.3333333333333,0.0,6000.0,0.0
2025-07-01,0,143,23:50-24:00,702.5,0.0,0.5013,0.523125892857143,65.09666666666669,70.1633333333333,767.5966666666667,767.5966666666667,767.5966666666667,0.0,0.0,6000.0,0.0
2025-07-02,0,0,0:00-0:10,674.9731166666666,0.0,0.4725,0.48883883928571426,36.560916666666685,773.4128023809524,711.5340333333332,711.5340333333332,711.5340333333332,0.0,0.0,4588.205453148149,0.0
2025-07-02,0,1,0:10-0:20,648.44875,0.0,0.449,0.4628031249999999,52.526716666666516,666.8683773809523,700.9754666666665,700.9754666666665,700.9754666666665,0.0,0.0,4588.205453148149,0.0
2025-07-02,0,2,0:20-0:30,662.1199999999999,0.0,0.4742,0.4880816964285716,58.66500000000002,629.7483892857144,720.7849999999999,720.7849999999999,720.7849999999999,0.0,0.0,4588.205453148149,0.0
2025-07-02,0,3,0:30-0:40,662.1497166666666,0.0,0.5107,0.5236933035714285,43.22608333333329,600.7937988095241,705.3757999999998,705.3757999999998,705.3757999999998,0.0,0.0,4588.205453148149,0.0
2025-07-02,0,4,0:40-0:50,663.4396333333333,0.0,0.4944,0.5068767857142856,46.65216666666669,544.2696113095241,710.0917999999999,710.0917999999999,710.0917999999999,0.0,0.0,4588.205453148149,0.0
2025-07-02,0,5,0:50-1:00,667.04,0.0,0.4452,0.4582941964285713,56.561666666666724,480.99668214285737,723.6016666666667,723.6016666666667,723.6016666666667,0.0,0.0,4588.205453148149,0.0
2025-07-02,0,6,1:00-1:10,650.9552333333334,0.0,0.4444,0.45799821428571413,48.71703333333335,453.69334880952397,699.6722666666667,699.6722666666667,699.6722666666667,0.0,0.0,4588.205453148149,0.0
2025-07-02,0,7,1:10-1:20,630.0374666666667,0.0,0.4607,0.4727495535714286,43.52531666666664,413.57353869047625,673.5627833333333,673.5627833333333,673.5627833333333,0.0,0.0,4588.205453148149,0.0
2025-07-02,0,8,1:20-1:30,629.2916666666666,0.0,0.4677,0.47833883928571413,41.75999999999999,392.25438511904747,671.0516666666666,671.0516666666666,671.0516666666666,0.0,0.0,4588.205453148149,0.0
2025-07-02,0,9,1:30-1:40,655.8158166666666,0.0,0.4702,0.4832625,45.98398333333341,354.9817636904762,701.7998,701.7998,701.7998,0.0,0.0,4588.205453148149,0.0
2025-07-02,0,10,1:40-1:50,646.71895,0.0,0.4614,0.47368080357142867,53.43201666666664,332.57220535714293,700.1509666666666,700.1509666666666,700.1509666666666,0.0,0.0,4588.205453148149,0.0
2025-07-02,0,11,1:50-2:00,612.2616666666667,0.0,0.4467,0.4564566964285714,51.673333333333346,308.1025886904763,663.935,663.935,663.935,0.0,0.0,4588.205453148149,0.0
2025-07-02,0,12,2:00-2:10,621.7013499999999,0.0,0.4415,0.45491651785714277,42.95023333333336,255.813986309524,664.6515833333333,664.6515833333333,664.6515833333333,0.0,0.0,4588.205453148149,0.0
2025-07-02,0,13,2:10-2:20,621.2726333333333,0.0,0.4414,0.45406741071428575,26.267116666666766,228.79941547619077,647.53975,647.53975,647.53975,0.0,0.0,4588.205453148149,0.0
2025-07-02,0,14,2:20-2:30,607.6099999999999,0.0,0.4391,0.4466232142857143,33.5766666666666,169.94971964285753,641.1866666666665,641.1866666666665,641.1866666666665,0.0,0.0,4588.205453148149,0.0
2025-07-02,0,15,2:30-2:40,634.0155666666667,0.0,0.4365,0.4454593750000001,34.29309999999998,116.83805297619082,903.6359409465011,903.6359409465011,903.6359409465011,235.32727427983446,0.0,4800.0,0.0
2025-07-02,0,16,2:40-2:50,654.0471333333332,0.0,0.4598,0.4705866071428571,26.299216666666723,100.27566369047645,680.34635,680.34635,680.34635,0.0,0.0,4800.0,0.0
2025-07-02,0,17,2:50-3:00,645.285,0.0,0.4704,0.4795709821428572,46.31499999999994,91.39944464285742,691.5999999999999,691.5999999999999,691.5999999999999,0.0,0.0,4800.0,0.0
2025-07-02,0,18,3:00-3:10,631.8973,0.00027142857142857144,0.4114,0.4180727678571428,28.569799999999987,98.84883392857171,1493.8001619047618,1493.8001619047618,1493.8001619047618,833.3333333333333,0.0,5550.0,0.0
2025-07-02,0,19,3:10-3:20,624.4328666666667,0.0,0.4248,0.4290781249999999,28.010926190476198,98.63378452380965,1485.777126190476,1485.777126190476,1485.777126190476,833.3333333333333,0.0,6300.0,0.0
2025-07-02,0,20,3:20-3:30,617.54,0.0,0.4954,0.49868437499999996,35.36666666666656,137.5628250000002,652.9066666666665,652.9066666666665,652.9066666666665,0.0,0.0,6300.0,0.0
2025-07-02,0,21,3:30-3:40,602.0333166666667,0.003754761904761905,0.4665,0.47125535714285727,24.62652380952386,146.83324166666682,626.6560857142857,626.6560857142857,626.6560857142857,0.0,0.0,6300.0,0.0
2025-07-02,0,22,3:40-3:50,599.80495,0.0,0.4431,0.4488459821428572,24.85316428571423,160.15233630952412,624.6581142857142,624.6581142857142,624.6581142857142,0.0,0.0,6300.0,0.0
2025-07-02,0,23,3:50-4:00,609.2766666666666,0.0,0.4602,0.4642120535714285,28.519999999999982,142.0758708333335,637.7966666666666,637.7966666666666,637.7966666666666,0.0,0.0,6300.0,0.0
2025-07-02,0,24,4:00-4:10,609.2807666666666,0.052316666666666664,0.4464,0.44654955357142867,33.29689999999994,111.05749107142803,642.5253499999999,642.5253499999999,642.5253499999999,0.0,0.0,6300.0,0.0
2025-07-02,0,25,4:10-4:20,623.3202666666666,0.0,0.4496,0.4486794642857142,27.761833333333357,179.0668380952375,651.0821,651.0821,651.0821,0.0,0.0,6300.0,0.0
2025-07-02,0,26,4:20-4:30,630.5433333333333,0.0,0.448,0.448608482142857,27.05833333333328,172.35052976190445,657.6016666666666,657.6016666666666,657.6016666666666,0.0,0.0,6300.0,0.0
2025-07-02,0,27,4:30-4:40,587.10815,0.7286833333333333,0.3744,0.3748174107142857,21.272966666666775,238.87681130952245,1440.9857666666667,1440.9857666666667,1440.9857666666667,833.3333333333333,0.0,7050.0,0.0
2025-07-02,0,28,4:40-4:50,576.0725333333332,0.0,0.3753,0.37749285714285724,27.410216666666656,335.33424999999943,1436.8160833333332,1436.8160833333332,1436.8160833333332,833.3333333333333,0.0,7800.0,0.0
2025-07-02,0,29,4:50-5:00,607.9583333333333,0.625892857142857,0.4484,0.4514986607142858,32.56744047619054,296.3308005952377,639.899880952381,639.899880952381,639.899880952381,0.0,0.0,7800.0,0.0
2025-07-02,0,30,5:00-5:10,611.59515,22.598195238095236,0.4429,0.43923973214285705,34.103897619047586,352.56245297618966,1456.4341857142856,1456.4341857142856,1456.4341857142856,833.3333333333333,0.0,8550.0,0.0
2025-07-02,0,31,5:10-5:20,606.8327999999999,51.551073809523814,0.423,0.41607187500000004,20.10045714285718,430.8301208333334,1408.7155166666666,1408.7155166666666,1408.7155166666666,833.3333333333333,0.0,9300.0,0.0
2025-07-02,0,32,5:20-5:30,598.5283333333333,81.48214285714286,0.3952,0.39006026785714276,19.824107142857088,518.9558023809516,1370.2036309523808,1370.2036309523808,1370.2036309523808,833.3333333333333,0.0,10050.0,0.0
2025-07-02,0,33,5:30-5:40,582.77025,116.78928095238093,0.3384,0.3309214285714284,23.132409523809542,542.6905458333327,1322.446711904762,1322.446711904762,1322.446711904762,833.3333333333333,0.0,10800.0,0.0
2025-07-02,0,34,5:40-5:50,667.8392833333332,150.0158619047619,0.5516,0.5420473214285713,19.45794999999987,591.2624398809515,537.2813714285712,537.2813714285712,537.2813714285712,-0.0,0.0,10800.0,0.0
2025-07-02,0,35,5:50-6:00,800.8883333333333,179.41517857142856,0.9048,0.8970089285714286,27.697499999999934,655.44020595238,0.0,0.0,0.0,0.0,649.1706547619048,10078.699272486772,0.0
2025-07-02,0,36,6:00-6:10,809.0583666666666,210.8451761904762,0.9314,0.9273513392857146,22.338650000000058,726.9483761904753,0.0,0.0,0.0,0.0,620.5518404761905,9389.197227513227,0.0
2025-07-02,0,37,6:10-6:20,792.7932999999999,245.1408976190476,0.8501,0.8459723214285714,27.56048809523827,716.064854166666,575.2128904761906,575.2128904761906,575.2128904761906,0.0,0.0,9389.197227513227,0.0
2025-07-02,0,38,6:20-6:30,807.7616666666665,278.24285714285713,0.8434,0.8377808035714285,39.18428571428569,760.1990041666661,568.7030952380951,568.7030952380951,568.7030952380951,0.0,0.0,9389.197227513227,0.0
2025-07-02,0,39,6:30-6:40,808.2376166666666,307.2522476190476,0.8655,0.8648098214285717,37.52204047619057,879.3555249999996,538.5074095238095,538.5074095238095,538.5074095238095,0.0,0.0,9389.197227513227,0.0
2025-07-02,0,40,6:40-6:50,802.6322833333334,347.09227142857145,0.8195,0.8235866071428568,44.36143571428585,920.842157738095,499.9014476190477,499.9014476190477,499.9014476190477,0.0,0.0,9389.197227513227,0.0
2025-07-02,0,41,6:50-7:00,790.8666666666666,394.69821428571424,0.7358,0.7408745535714286,49.82577380952387,930.2221559523806,445.9942261904762,445.9942261904762,445.9942261904762,0.0,0.0,9389.197227513227,0.0
2025-07-02,0,42,7:00-7:10,763.1405,431.9040380952381,0.7357,0.7406709821428573,48.80176190476186,980.2882988095236,380.03822380952374,380.03822380952374,380.03822380952374,0.0,0.0,9389.197227513227,0.0
2025-07-02,0,43,7:10-7:20,760.9382499999999,469.31001428571426,0.7533,0.7585964285714285,41.45968333333333,1024.756645238095,333.08791904761904,333.08791904761904,333.08791904761904,0.0,0.0,9389.197227513227,0.0
2025-07-02,0,44,7:20-7:30,770.7816666666665,507.7214285714286,0.7235,0.7306379464285715,50.90982142857138,1009.370880952381,313.9700595238093,313.9700595238093,313.9700595238093,0.0,0.0,9389.197227513227,0.0
2025-07-02,0,45,7:30-7:40,761.2815999999999,538.371069047619,0.6856,0.6958705357142855,70.340507142857,996.573264285714,1126.584371428571,1126.584371428571,1126.584371428571,833.3333333333333,0.0,10139.197227513227,0.0
2025-07-02,0,46,7:40-7:50,889.7145166666666,581.7945714285713,0.8792,0.8890986607142858,64.11464523809536,1001.0265380952378,372.0345904761906,372.0345904761906,372.0345904761906,0.0,0.0,10139.197227513227,0.0
2025-07-02,0,47,7:50-8:00,1091.6833333333334,635.5178571428571,1.1815,1.1889272321428572,70.47065476190483,1010.4218226190475,0.0,0.0,0.0,0.0,526.6361309523811,9554.04597089947,0.0
2025-07-02,0,48,8:00-8:10,1123.0523666666666,673.9206333333334,1.2031,1.2125151785714283,71.02783809523805,1027.9012422619046,0.0,0.0,0.0,0.0,520.1595714285711,8976.09089153439,0.0
2025-07-02,0,49,8:10-8:20,1094.2777166666665,700.7955809523808,1.128,1.1415700892857141,58.29583571428583,1056.9490494047618,0.0,0.0,0.0,0.0,451.7779714285716,8474.115367724866,0.0
2025-07-02,0,50,8:20-8:30,1098.1366666666665,725.3169642857142,1.1088,1.126641517857143,65.12083333333354,1081.093234523809,0.0,0.0,0.0,0.0,437.94053571428594,7987.51477248677,0.0
2025-07-02,0,51,8:30-8:40,1115.5736,751.5648642857142,1.121,1.1429495535714285,65.49021904761935,1100.3574458333333,0.0,0.0,0.0,0.0,429.4989547619051,7510.293711640209,0.0
2025-07-02,0,52,8:40-8:50,1118.49895,773.4121809523809,1.1495,1.1724611607142859,72.69865476190466,1106.138148809524,0.0,0.0,0.0,0.0,417.78542380952365,7046.087685185183,0.0
2025-07-02,0,53,8:50-9:00,1103.7116666666666,803.619642857143,1.147,1.1710156249999997,90.69035714285707,1101.510291666667,0.0,0.0,0.0,0.0,390.78238095238055,6611.885039682537,0.0
2025-07-02,0,54,9:00-9:10,1092.18275,861.7230880952382,1.0745,1.1049691964285715,106.57186428571418,1105.3059934523812,0.0,0.0,0.0,0.0,337.0315261904759,6237.405566137564,0.0
2025-07-02,0,55,9:10-9:20,1096.6070166666666,910.4392833333333,1.0647,1.0948678571428572,91.54188095238084,1185.8551625,0.0,0.0,0.0,0.0,277.7096142857141,5928.839328042326,0.0
2025-07-02,0,56,9:20-9:30,1100.4616666666666,937.5767857142857,1.1001,1.1235875,68.71500000000009,1252.2244148809518,0.0,0.0,0.0,0.0,231.599880952381,5671.506126984125,0.0
2025-07-02,0,57,9:30-9:40,1076.1802833333331,963.3966214285715,1.0392,1.0634901785714286,83.74383333333338,1339.5925398809518,0.0,0.0,0.0,0.0,196.52749523809507,5453.142243386242,0.0
2025-07-02,0,58,9:40-9:50,1058.0912666666666,980.5882976190476,1.007,1.0389830357142855,87.23954285714291,1388.4706999999999,0.0,0.0,0.0,0.0,164.74251190476184,5270.095007936507,0.0
2025-07-02,0,59,9:50-10:00,1064.795,991.4919642857142,1.0507,1.089297767857143,90.10809523809523,1279.3574886904762,0.0,0.0,0.0,0.0,163.4111309523812,5088.527084656083,0.0
2025-07-02,0,60,10:00-10:10,1078.4164666666666,1014.2202119047618,1.0786,1.1150066964285712,118.63909523809541,1176.9352482142851,0.0,0.0,0.0,0.0,182.8353500000003,4885.376695767194,0.0
2025-07-02,0,61,10:10-10:20,1063.9536333333333,1060.818826190476,1.0373,1.0702638392857147,108.40300952380949,1193.791834523809,0.0,0.0,0.0,0.0,111.53781666666669,4761.445788359787,0.0
2025-07-02,0,62,10:20-10:30,1045.8833333333332,1113.3062499999999,0.9938,1.026835714285714,91.7222619047619,1279.902516666666,0.0,0.0,0.0,0.0,24.299345238095157,4734.4465158730145,0.0
2025-07-02,0,63,10:30-10:40,1075.6268166666666,1138.5888333333335,1.0358,1.0703665178571427,142.08170476190475,1328.046460119047,0.0,0.0,0.0,0.0,79.11968809523796,4646.53575132275,0.0
2025-07-02,0,64,10:40-10:50,1064.7845666666667,1155.5294357142857,0.9137,0.9484669642857144,134.41279047619054,1324.103798214285,0.0,0.0,0.0,0.0,43.66792142857162,4598.015838624337,0.0
2025-07-02,0,65,10:50-11:00,1027.1499999999999,1176.0169642857143,0.6874,0.720767857142857,119.40797619047635,1321.1418880952374,176.1817864491492,176.1817864491492,176.1817864491492,205.64077454438726,0.0,4783.092535714286,0.0
2025-07-02,0,66,11:00-11:10,1065.6006666666667,1192.336973809524,0.6853,0.7171450892857142,119.40659523809518,1343.3252214285708,826.0036214285713,826.0036214285713,826.0036214285713,833.3333333333333,0.0,5533.092535714286,0.0
2025-07-02,0,67,11:10-11:20,1092.28125,1199.6791595238092,0.7361,0.7645178571428571,114.0131523809523,1616.7903267857146,6.61524285714313,6.61524285714313,6.61524285714313,0.0,0.0,5533.092535714286,0.0
2025-07-02,0,68,11:20-11:30,1068.205,1199.192857142857,0.7086,0.7339142857142857,112.20178571428562,1969.2520916666663,0.0,0.0,0.0,18.78607142857163,0.0,5550.0,0.0
2025-07-02,0,69,11:30-11:40,1041.1970999999999,1196.3883857142855,0.6452,0.6731624999999996,118.42348809523801,2168.67843095238,796.5655357142857,796.5655357142857,796.5655357142857,833.3333333333333,0.0,6300.0,0.0
2025-07-02,0,70,11:40-11:50,1014.5651666666665,1194.050238095238,0.602,0.637108482142857,153.25117380952383,2252.214522023809,807.0994357142856,807.0994357142856,807.0994357142856,833.3333333333333,0.0,7050.0,0.0
2025-07-02,0,71,11:50-12:00,990.8033333333333,1191.3517857142856,0.5875,0.6273316964285715,141.6414285714285,2326.858354761904,774.4263095238096,774.4263095238096,774.4263095238096,833.3333333333333,0.0,7800.0,0.0
2025-07-02,0,72,12:00-12:10,978.6063999999999,1185.6598523809523,0.5701,0.6058419642857144,140.8115047619048,2411.3022952380943,767.0913857142857,767.0913857142857,767.0913857142857,833.3333333333333,0.0,8550.0,0.0
2025-07-02,0,73,12:10-12:20,966.71195,1178.3671523809523,0.5541,0.5874218750000001,140.08137619047642,2340.6880988095227,761.7595071428573,761.7595071428573,761.7595071428573,833.3333333333333,0.0,9300.0,0.0
2025-07-02,0,74,12:20-12:30,957.2566666666667,1166.299107142857,0.5261,0.5635138392857144,159.8483928571427,2268.3286517857136,784.1392857142855,784.1392857142855,784.1392857142855,833.3333333333333,0.0,10050.0,0.0
2025-07-02,0,75,12:30-12:40,976.1153166666666,1146.4336452380953,0.5031,0.5456549107142857,154.28699999999998,2224.26281845238,817.3020047619045,817.3020047619045,817.3020047619045,833.3333333333333,0.0,10800.0,0.0
2025-07-02,0,76,12:40-12:50,1064.7384666666667,1137.7276333333334,0.7126,0.7547308035714283,171.33227857142856,2155.7244999999994,98.34311190476183,98.34311190476183,98.34311190476183,-0.0,0.0,10800.0,0.0
2025-07-02,0,77,12:50-13:00,1147.19,1140.7517857142857,1.0237,1.0624941964285715,131.36803571428572,2046.9229904761892,0.0,0.0,0.0,0.0,137.8062500000001,10646.881944444445,0.0
2025-07-02,0,78,13:00-13:10,1098.8583166666667,1135.1645928571427,1.0443,1.0850352678571429,96.81308809523796,1860.1846589285703,0.0,0.0,0.0,0.0,60.50681190476212,10579.652153439154,0.0
2025-07-02,0,79,13:10-13:20,1075.9670833333332,1113.8487452380953,0.9759,1.0172160714285712,129.22695714285746,1699.53642142857,91.34529523809533,91.34529523809533,91.34529523809533,0.0,0.0,10579.652153439154,0.0
2025-07-02,0,80,13:20-13:30,1106.715,1098.3562499999998,0.9606,0.9990330357142857,110.88565476190479,1623.4184392857142,119.24440476190489,119.24440476190489,119.24440476190489,0.0,0.0,10579.652153439154,0.0
2025-07-02,0,81,13:30-13:40,1076.3791999999999,1113.2258452380952,0.9498,0.9876223214285715,106.58160714285714,1691.8504035714282,69.7349619047618,69.7349619047618,69.7349619047618,0.0,0.0,10579.652153439154,0.0
2025-07-02,0,82,13:40-13:50,1089.0326666666665,1098.0221309523808,0.9782,1.020760267857143,115.65714523809524,1739.0426648809516,106.6676809523808,106.6676809523808,106.6676809523808,0.0,0.0,10579.652153439154,0.0
2025-07-02,0,83,13:50-14:00,1128.7716666666665,1049.9508928571427,1.0193,1.0666455357142857,121.85922619047619,1728.373666666666,0.0,0.0,0.0,0.0,200.68000000000006,10356.674375661376,0.0
2025-07-02,0,84,14:00-14:10,1067.4807666666666,1025.744338095238,1.0016,1.0449767857142855,129.7689476190476,1667.225869047618,0.0,0.0,0.0,0.0,171.50537619047623,10166.112846560847,0.0
2025-07-02,0,85,14:10-14:20,1030.39295,1004.6278904761905,1.0067,1.0448562499999998,112.24978333333331,1559.3523226190473,0.0,0.0,0.0,0.0,138.01484285714264,10012.763021164023,0.0
2025-07-02,0,86,14:20-14:30,1087.9166666666665,969.0017857142857,1.0979,1.1363558035714287,111.44678571428562,1552.4145880952378,0.0,0.0,0.0,0.0,230.36166666666645,9756.805613756615,0.0
2025-07-02,0,87,14:30-14:40,1174.4431333333332,927.8395380952384,1.2113,1.2546526785714287,132.45756428571428,1599.4172369047615,0.0,0.0,0.0,0.0,379.06115952380924,9335.62654761905,0.0
2025-07-02,0,88,14:40-14:50,1167.5576333333333,901.2740738095238,1.0267,1.06806875,139.9886190476192,1586.623369642857,0.0,0.0,0.0,0.0,406.27217857142887,8884.213015873018,0.0
2025-07-02,0,89,14:50-15:00,1087.62,879.0258928571429,0.6904,0.7239410714285714,119.48845238095217,1590.200917857143,1161.4158928571424,1161.4158928571424,1161.4158928571424,833.3333333333333,0.0,9634.213015873018,0.0
2025-07-02,0,90,15:00-15:10,1069.8676333333333,833.0829690476189,0.6931,0.725276339285714,103.06000238095237,1666.4975398809524,1173.178,1173.178,1173.178,833.3333333333333,0.0,10384.213015873018,0.0
2025-07-02,0,91,15:10-15:20,1087.7962499999999,794.4901857142856,0.7959,0.8302723214285713,88.26797857142847,1697.3651922619051,843.5595807760118,843.5595807760118,843.5595807760118,461.985537918869,0.0,10800.0,0.0
2025-07-02,0,92,15:20-15:30,1103.98,768.6374999999999,0.8289,0.8655209821428569,87.08000000000007,1651.143468452381,422.42250000000024,422.42250000000024,422.42250000000024,0.0,0.0,10800.0,0.0
2025-07-02,0,93,15:30-15:40,1114.0787,732.0789976190476,0.8547,0.8924375000000003,103.51314047619047,1601.6057154761909,485.5128428571429,485.5128428571429,485.5128428571429,0.0,0.0,10800.0,0.0
2025-07-02,0,94,15:40-15:50,1120.8405833333331,707.3970309523809,0.8417,0.8744459821428574,81.35127142857145,1583.2427238095238,494.7948238095237,494.7948238095237,494.7948238095237,0.0,0.0,10800.0,0.0
2025-07-02,0,95,15:50-16:00,1120.32,689.2553571428571,0.8194,0.8466683035714287,53.39583333333337,1508.1179089285715,484.46047619047613,484.46047619047613,484.46047619047613,0.0,0.0,10800.0,0.0
2025-07-02,0,96,16:00-16:10,1109.6891999999998,644.2184428571428,0.8655,0.8974892857142855,64.61611428571427,1464.5963017857146,530.0868714285713,530.0868714285713,530.0868714285713,0.0,0.0,10800.0,0.0
2025-07-02,0,97,16:10-16:20,1121.0913166666664,585.7482261904761,0.9039,0.9361888392857142,80.38925476190497,1403.7984327380952,615.7323452380954,615.7323452380954,615.7323452380954,0.0,0.0,10800.0,0.0
2025-07-02,0,98,16:20-16:30,1150.1766666666667,534.9044642857143,0.9051,0.9299473214285717,82.15458333333333,1392.0135440476192,697.4267857142859,697.4267857142859,697.4267857142859,0.0,0.0,10800.0,0.0
2025-07-02,0,99,16:30-16:40,1156.4377333333332,500.2040452380952,0.9157,0.9366616071428568,74.65186428571417,1371.73583452381,730.885552380952,730.885552380952,730.885552380952,0.0,0.0,10800.0,0.0
2025-07-02,0,100,16:40-16:50,1136.6121166666667,459.42773571428563,0.9408,0.9603401785714288,60.82378571428572,1344.824226785715,738.0081666666669,738.0081666666669,738.0081666666669,0.0,0.0,10800.0,0.0
2025-07-02,0,101,16:50-17:00,1110.395,409.4848214285714,0.9724,0.9913500000000001,64.70261904761878,1249.4210113095246,765.6127976190473,765.6127976190473,765.6127976190473,0.0,0.0,10800.0,0.0
2025-07-02,0,102,17:00-17:10,1106.7825833333332,368.8884642857143,1.0018,1.0213004464285715,68.64034285714288,1187.9522613095246,806.5344619047619,806.5344619047619,806.5344619047619,0.0,0.0,10800.0,0.0
2025-07-02,0,103,17:10-17:20,1137.9210333333333,335.5145880952381,1.0246,1.0430825892857143,67.10666190476218,1177.9085363095244,869.5131071428574,869.5131071428574,869.5131071428574,0.0,-0.0,10800.0,0.0
2025-07-02,0,104,17:20-17:30,1178.3516666666665,301.71607142857135,1.0408,1.0561901785714285,93.61077380952383,1162.4725089285719,970.2463690476189,970.2463690476189,970.2463690476189,-0.0,0.0,10800.0,0.0
2025-07-02,0,105,17:30-17:40,1164.3179833333334,262.8019095238095,1.0666,1.079220089285714,70.40061904761922,1136.3252321428574,971.9166928571432,971.9166928571432,971.9166928571432,0.0,0.0,10800.0,0.0
2025-07-02,0,106,17:40-17:50,1019.82975,225.78887142857144,1.1626,1.1746125,46.625435714285686,1121.0037672619053,840.6663142857142,840.6663142857142,840.6663142857142,0.0,0.0,10800.0,0.0
2025-07-02,0,107,17:50-18:00,847.4416666666666,191.62857142857143,1.2842,1.2965446428571425,35.84630952380962,1044.6669797619056,691.6594047619049,691.6594047619049,691.6594047619049,0.0,0.0,10800.0,0.0
2025-07-02,0,108,18:00-18:10,844.6179999999999,154.6693380952381,1.3176,1.328250892857143,47.248845238095214,1070.2669458333344,737.197507142857,737.197507142857,737.197507142857,0.0,-0.0,10800.0,0.0
2025-07-02,0,109,18:10-18:20,870.6225999999999,118.63594285714285,1.3325,1.3410209821428576,43.49778095238082,1121.4326345238094,795.4844380952379,795.4844380952379,795.4844380952379,0.0,-0.0,10800.0,0.0
2025-07-02,0,110,18:20-18:30,859.995,85.56339285714284,1.3552,1.364851785714286,53.99065476190469,1138.1263809523812,624.1613958333332,624.1613958333332,624.1613958333332,0.0,204.2608660714286,10573.043482142857,0.0
2025-07-02,0,111,18:30-18:40,881.2155166666666,53.634588095238094,1.3474,1.3638839285714286,42.86299523809521,1100.3518857142858,870.4439238095238,870.4439238095238,870.4439238095238,0.0,0.0,10573.043482142857,0.0
2025-07-02,0,112,18:40-18:50,893.3935333333334,22.51980714285714,1.3681,1.3910459821428574,42.333116666666626,1115.436019047619,79.87350952380962,79.87350952380962,79.87350952380962,0.0,833.3333333333333,9647.117556216932,0.0
2025-07-02,0,113,18:50-19:00,875.0933333333334,0.6107142857142857,1.3944,1.4208361607142856,61.493333333333226,1087.956868452381,102.64261904761906,102.64261904761906,102.64261904761906,0.0,833.3333333333333,8721.191630291007,0.0
2025-07-02,0,114,19:00-19:10,852.2549166666665,0.0,1.3485,1.377365625,46.82230238095235,1081.0739059523803,65.74388571428562,65.74388571428562,65.74388571428562,0.0,833.3333333333333,7795.265704365081,0.0
2025-07-02,0,115,19:10-19:20,844.8283499999999,0.7123547619047619,1.357,1.3852424107142856,52.04627380952388,1060.1714124999994,62.82893571428576,62.82893571428576,62.82893571428576,0.0,833.3333333333333,6869.3397784391545,0.0
2025-07-02,0,116,19:20-19:30,843.6733333333333,0.0,1.4004,1.4267549107142858,63.99499999999989,1084.8387148809522,74.33499999999992,74.33499999999992,74.33499999999992,0.0,833.3333333333333,5943.413852513228,0.0
2025-07-02,0,117,19:30-19:40,828.7366,0.0,1.3352,1.362671875,41.065283333333355,1140.3804476190476,869.8018833333333,869.8018833333333,869.8018833333333,0.0,0.0,5943.413852513228,0.0
2025-07-02,0,118,19:40-19:50,841.9980999999999,0.05114523809523809,1.3072,1.3340714285714284,45.423526190476196,1152.207768452381,887.3704809523808,887.3704809523808,887.3704809523808,0.0,0.0,5943.413852513228,0.0
2025-07-02,0,119,19:50-20:00,883.2049999999999,0.0,1.3642,1.3903165178571428,50.21500000000003,1171.667494642857,100.0866666666667,100.0866666666667,100.0866666666667,0.0,833.3333333333333,5017.487926587302,0.0
2025-07-02,0,120,20:00-20:10,903.6558833333333,0.0,1.3968,1.4283517857142856,52.50258333333335,1137.6607934523809,122.8251333333335,122.8251333333335,122.8251333333335,0.0,833.3333333333333,4091.5620006613763,0.0
2025-07-02,0,121,20:10-20:20,893.7182333333333,0.0036738095238095236,1.3603,1.3950392857142855,44.78080952380947,1089.2037392857142,105.16203571428571,105.16203571428571,105.16203571428571,0.0,833.3333333333333,3165.63607473545,0.0
2025-07-02,0,122,20:20-20:30,870.3083333333334,0.0,1.3271,1.358887946428571,70.71833333333325,1029.1808172619046,941.0266666666666,941.0266666666666,941.0266666666666,0.0,0.0,3165.63607473545,0.0
2025-07-02,0,123,20:30-20:40,858.1075833333332,0.0,1.3775,1.4041218749999997,48.3181166666667,977.1505720238096,73.09236666666663,73.09236666666663,73.09236666666663,0.0,833.3333333333333,2239.710148809524,0.0
2025-07-02,0,124,20:40-20:50,849.2421833333333,0.0002619047619047619,1.244,1.2650906250000005,51.61975238095238,935.7391339285714,899.6251107142856,899.6251107142856,899.6251107142856,0.0,1.2365630952381252,2238.336189814815,0.0
2025-07-02,0,125,20:50-21:00,849.35,0.0,1.0112,1.0298674107142858,60.15833333333342,934.5025708333333,909.5083333333334,909.5083333333334,909.5083333333334,0.0,0.0,2238.336189814815,0.0
2025-07-02,0,126,21:00-21:10,870.1201333333333,0.0,1.0408,1.0636325892857144,46.86113333333333,900.9211291666666,916.9812666666667,916.9812666666667,916.9812666666667,0.0,0.0,2238.336189814815,0.0
2025-07-02,0,127,21:10-21:20,864.1361166666667,0.0,1.0635,1.0913004464285714,58.785133333333306,845.4517999999999,922.92125,922.92125,922.92125,0.0,0.0,2238.336189814815,0.0
2025-07-02,0,128,21:20-21:30,859.9866666666667,0.0,1.0207,1.0488562500000003,73.05666666666662,787.0419666666666,933.0433333333333,933.0433333333333,933.0433333333333,0.0,0.0,2238.336189814815,0.0
2025-07-02,0,129,21:30-21:40,917.9914999999999,0.0,1.085,1.1082339285714284,44.14648333333332,740.2444666666665,767.1733208333329,767.1733208333329,767.1733208333329,0.0,194.9646625000003,2021.708787037037,0.0
2025-07-02,0,130,21:40-21:50,871.6625833333333,0.0,0.8865,0.9067687500000001,44.73658333333333,739.5379083333332,890.0127458333334,890.0127458333334,890.0127458333334,0.0,26.386420833333247,1992.3905416666666,0.0
2025-07-02,0,131,21:50-22:00,732.3733333333332,0.0,0.5111,0.5319147321428572,56.10666666666668,713.1514875,788.4799999999999,788.4799999999999,788.4799999999999,0.0,0.0,1992.3905416666666,0.0
2025-07-02,0,132,22:00-22:10,684.3658666666666,0.0,0.4553,0.47557053571428554,63.83096666666677,648.276175,1581.5301666666667,1581.5301666666667,1581.5301666666667,833.3333333333333,0.0,2742.3905416666666,0.0
2025-07-02,0,133,22:10-22:20,665.5705166666667,0.0,0.4847,0.5040705357142857,54.6499,604.2106791666669,720.2204166666667,720.2204166666667,720.2204166666667,0.0,0.0,2742.3905416666666,0.0
2025-07-02,0,134,22:20-22:30,651.3983333333333,0.0,0.4741,0.4934638392857143,48.64999999999998,537.9184291666669,986.2810648148147,986.2810648148147,986.2810648148147,286.2327314814815,0.0,3000.0,0.0
2025-07-02,0,135,22:30-22:40,689.5890833333333,0.0,0.5338,0.5537214285714287,44.085000000000036,476.46426250000025,733.6740833333333,733.6740833333333,733.6740833333333,0.0,0.0,3000.0,0.0
2025-07-02,0,136,22:40-22:50,713.6075999999999,0.0,0.5313,0.5497727678571428,50.55851666666666,459.6537666666667,764.1661166666665,764.1661166666665,764.1661166666665,0.0,0.0,3000.0,0.0
2025-07-02,0,137,22:50-23:00,695.4616666666667,0.0,0.4552,0.472259375,59.65333333333342,431.35779166666657,1588.4483333333333,1588.4483333333333,1588.4483333333333,833.3333333333333,0.0,3750.0,0.0
2025-07-02,0,138,23:00-23:10,670.3536333333333,0.0,0.4379,0.45812053571428585,36.83215000000001,408.55955833333337,1540.5191166666666,1540.5191166666666,1540.5191166666666,833.3333333333333,0.0,4500.0,0.0
2025-07-02,0,139,23:10-23:20,653.5242,0.0,0.4513,0.47339821428571405,38.25193333333323,306.9192833333334,1525.1094666666663,1525.1094666666663,1525.1094666666663,833.3333333333333,0.0,5250.0,0.0
2025-07-02,0,140,23:20-23:30,658.4566666666666,0.0,0.4671,0.4880370535714285,40.92666666666662,218.59467916666677,1532.7166666666665,1532.7166666666665,1532.7166666666665,833.3333333333333,0.0,6000.0,0.0
2025-07-02,0,141,23:30-23:40,687.1295833333334,0.0,0.489,0.5097491071428573,56.103033333333315,148.10545833333325,743.2326166666667,743.2326166666667,743.2326166666667,0.0,0.0,6000.0,0.0
2025-07-02,0,142,23:40-23:50,683.4749666666667,0.0,0.4829,0.5043267857142856,56.823433333333355,92.33875833333326,740.2984,740.2984,740.2984,0.0,0.0,6000.0,0.0
2025-07-02,0,143,23:50-24:00,665.6733333333333,0.0,0.4744,0.49557901785714265,71.23000000000002,64.02999999999997,736.9033333333333,736.9033333333333,736.9033333333333,0.0,0.0,6000.0,0.0
2025-07-03,0,0,0:00-0:10,699.7003166666666,0.0,0.5176,0.5356888392857143,44.77388333333329,713.2975624999997,744.4741999999999,744.4741999999999,744.4741999999999,0.0,0.0,4442.178993888888,0.0
2025-07-03,0,1,0:10-0:20,693.4887666666666,0.0,0.5094,0.5257111607142857,74.4727333333334,643.497245833333,767.9615,767.9615,767.9615,0.0,0.0,4442.178993888888,0.0
2025-07-03,0,2,0:20-0:30,650.81,0.0,0.4568,0.4711058035714285,62.07833333333326,608.8220124999997,712.8883333333332,712.8883333333332,712.8883333333332,0.0,0.0,4442.178993888888,0.0
2025-07-03,0,3,0:30-0:40,666.7603333333333,0.0,0.4718,0.48460178571428564,43.22608333333329,569.6050654761906,709.9864166666666,709.9864166666666,709.9864166666666,0.0,0.0,4442.178993888888,0.0
2025-07-03,0,4,0:40-0:50,661.8298,0.0,0.4898,0.5028531249999999,46.65216666666669,522.9952196428571,708.4819666666667,708.4819666666667,708.4819666666667,0.0,0.0,4442.178993888888,0.0
2025-07-03,0,5,0:50-1:00,634.0766666666666,0.0,0.4733,0.4879066964285714,57.63499999999999,497.44663630952397,691.7116666666666,691.7116666666666,691.7116666666666,0.0,0.0,4442.178993888888,0.0
2025-07-03,0,6,1:00-1:10,661.7664166666666,0.0,0.4575,0.4727825892857145,48.92545000000007,524.854949404762,710.6918666666667,710.6918666666667,710.6918666666667,0.0,0.0,4442.178993888888,0.0
2025-07-03,0,7,1:10-1:20,659.1074166666666,0.0,0.4728,0.4860526785714286,51.961400000000026,510.65555952380976,711.0688166666666,711.0688166666666,711.0688166666666,0.0,0.0,4442.178993888888,0.0
2025-07-03,0,8,1:20-1:30,634.1066666666666,0.0,0.5064,0.5178004464285715,49.004999999999995,454.9888553571428,683.1116666666666,683.1116666666666,683.1116666666666,0.0,0.0,4442.178993888888,0.0
2025-07-03,0,9,1:30-1:40,677.80175,0.0,0.5124,0.526440625,48.358499999999935,407.8994994047621,726.1602499999999,726.1602499999999,726.1602499999999,0.0,0.0,4442.178993888888,0.0
2025-07-03,0,10,1:40-1:50,675.5910333333334,0.0,0.4789,0.49211830357142855,56.70626666666681,343.8537827380954,732.2973000000002,732.2973000000002,732.2973000000002,0.0,0.0,4442.178993888888,0.0
2025-07-03,0,11,1:50-2:00,616.5899999999999,0.0,0.4467,0.4574035714285714,53.76999999999998,297.2013827380955,670.3599999999999,670.3599999999999,670.3599999999999,0.0,0.0,4442.178993888888,0.0
2025-07-03,0,12,2:00-2:10,608.2398,0.0,0.4661,0.481490625,52.00610000000006,255.16804940476212,660.2459,660.2459,660.2459,0.0,0.0,4442.178993888888,0.0
2025-07-03,0,13,2:10-2:20,607.8684,0.0,0.4529,0.46702008928571426,34.98633333333328,212.4685369047622,642.8547333333332,642.8547333333332,642.8547333333332,0.0,0.0,4442.178993888888,0.0
2025-07-03,0,14,2:20-2:30,603.5583333333333,0.0,0.4217,0.42947812500000015,35.389999999999986,155.35284940476214,1472.2816666666665,1472.2816666666665,1472.2816666666665,833.3333333333333,0.0,5192.178993888888,0.0
2025-07-03,0,15,2:30-2:40,631.8883,0.0,0.4688,0.4794111607142857,34.741166666666686,115.39241249999995,666.6294666666666,666.6294666666666,666.6294666666666,0.0,0.0,5192.178993888888,0.0
2025-07-03,0,16,2:40-2:50,645.7831166666666,0.0,0.4937,0.5058223214285714,31.357433333333233,114.91398273809548,677.1405499999998,677.1405499999998,677.1405499999998,0.0,0.0,5192.178993888888,0.0
2025-07-03,0,17,2:50-3:00,630.5716666666666,0.0,0.4667,0.47564464285714275,48.66166666666663,133.9738720238094,679.2333333333332,679.2333333333332,679.2333333333332,0.0,0.0,5192.178993888888,0.0
2025-07-03,0,18,3:00-3:10,619.2827,0.0002714285714285714,0.4592,0.46744642857142854,29.7192,170.00480952380923,649.0016285714286,649.0016285714286,649.0016285714286,0.0,0.0,5192.178993888888,0.0
2025-07-03,0,19,3:10-3:20,618.721,0.0,0.4604,0.46613571428571443,28.012483333333307,153.7822029761902,646.7334833333333,646.7334833333333,646.7334833333333,0.0,0.0,5192.178993888888,0.0
2025-07-03,0,20,3:20-3:30,613.1533333333333,0.0,0.4621,0.46512232142857146,36.261666666666656,144.89386785714242,649.415,649.415,649.415,0.0,0.0,5192.178993888888,0.0
2025-07-03,0,21,3:30-3:40,586.8158999999999,0.0037476190476190474,0.4719,0.4785799107142857,28.028911904762026,169.1092845238091,614.8410642857143,614.8410642857143,614.8410642857143,0.0,0.0,5192.178993888888,0.0
2025-07-03,0,22,3:40-3:50,582.9638,0.0,0.4642,0.4720415178571429,29.15629285714283,181.22532142857125,612.1200928571428,612.1200928571428,612.1200928571428,0.0,0.0,5192.178993888888,0.0
2025-07-03,0,23,3:50-4:00,604.9583333333333,0.0,0.4504,0.4544156250000001,32.31999999999999,192.3572124999997,637.2783333333332,637.2783333333332,637.2783333333332,0.0,0.0,5192.178993888888,0.0
2025-07-03,0,24,4:00-4:10,613.44215,0.052238095238095236,0.466,0.46771651785714274,33.504352380952355,195.3088047619044,646.8942642857143,646.8942642857143,646.8942642857143,0.0,0.0,5192.178993888888,0.0
2025-07-03,0,25,4:10-4:20,616.6484333333333,0.0,0.4655,0.4676803571428571,27.761833333333357,191.86263928571415,644.4102666666666,644.4102666666666,644.4102666666666,0.0,0.0,5192.178993888888,0.0
2025-07-03,0,26,4:20-4:30,616.9816666666666,0.0,0.4465,0.44991651785714265,29.029999999999973,216.42936726190374,1479.3449999999998,1479.3449999999998,1479.3449999999998,833.3333333333333,0.0,5942.178993888888,0.0
2025-07-03,0,27,4:30-4:40,604.0920833333332,0.7275833333333332,0.4485,0.45150714285714283,22.579192857142914,282.28682261904635,1023.5225885361564,1023.5225885361564,1023.5225885361564,397.5788956790135,0.0,6300.0,0.0
2025-07-03,0,28,4:40-4:50,589.4895666666666,0.0,0.4271,0.4308924107142858,28.617966666666575,342.6808613095224,1451.4408666666664,1451.4408666666664,1451.4408666666664,833.3333333333333,0.0,7050.0,0.0
2025-07-03,0,29,4:50-5:00,580.3699999999999,0.4526785714285714,0.3783,0.3817491071428573,34.51833333333332,387.9188547619036,1447.768988095238,1447.768988095238,1447.768988095238,833.3333333333333,0.0,7800.0,0.0
2025-07-03,0,30,5:00-5:10,579.51045,22.005035714285714,0.3585,0.35543125,34.103897619047586,372.8814934523805,1424.942645238095,1424.942645238095,1424.942645238095,833.3333333333333,0.0,8550.0,0.0
2025-07-03,0,31,5:10-5:20,608.91085,51.11874761904762,0.4143,0.4080616071428572,20.10045714285718,420.3916255952377,1411.2258928571428,1411.2258928571428,1411.2258928571428,833.3333333333333,0.0,9300.0,0.0
2025-07-03,0,32,5:20-5:30,626.7183333333332,81.15,0.4446,0.44016026785714285,20.80744047619055,508.5173071428559,1399.7091071428572,1399.7091071428572,1399.7091071428572,833.3333333333333,0.0,10050.0,0.0
2025-07-03,0,33,5:30-5:40,581.5300333333332,115.3128880952381,0.3376,0.3321249999999999,25.107230952380974,533.2353839285704,1324.6577095238094,1324.6577095238094,1324.6577095238094,833.3333333333333,0.0,10800.0,0.0
2025-07-03,0,34,5:40-5:50,647.4825999999999,149.3923857142857,0.4926,0.48445714285714286,20.403847619047724,583.7820994047606,518.494061904762,518.494061904762,518.494061904762,-0.0,0.0,10800.0,0.0
2025-07-03,0,35,5:50-6:00,798.03,181.06874999999997,0.8567,0.8486834821428567,29.267619047619178,648.905763095237,0.0,0.0,0.0,0.0,646.2288690476191,10081.967923280423,0.0
2025-07-03,0,36,6:00-6:10,824.6059333333333,212.90833333333333,0.9442,0.9412276785714285,25.398247619047538,721.9840523809517,0.0,0.0,0.0,0.0,637.0958476190475,9374.083648148147,0.0
2025-07-03,0,37,6:10-6:20,816.6048333333333,251.05310714285713,0.8582,0.8553022321428572,27.56048809523827,714.1601279761896,0.0,0.0,0.0,0.0,593.1122142857145,8715.070076719576,0.0
2025-07-03,0,38,6:20-6:30,821.2749999999999,292.4491071428571,0.7891,0.78299375,39.18428571428569,758.2942779761898,568.0101785714285,568.0101785714285,568.0101785714285,0.0,0.0,8715.070076719576,0.0
2025-07-03,0,39,6:30-6:40,795.4195333333333,328.1033047619047,0.8157,0.814480803571428,37.52204047619057,877.4507988095232,277.2048434523815,277.2048434523815,277.2048434523815,0.0,227.6334255952377,8462.144048280423,0.0
2025-07-03,0,40,6:40-6:50,806.9202499999999,365.0238738095238,0.8435,0.847588839285714,44.36143571428585,918.9374315476186,0.0,0.0,0.0,0.0,486.25781190476187,7921.857590608465,0.0
2025-07-03,0,41,6:50-7:00,838.5683333333333,404.51874999999995,0.8254,0.8307062499999999,49.82577380952387,928.3174297619044,0.0,0.0,0.0,0.0,483.8753571428572,7384.21830489418,0.0
2025-07-03,0,42,7:00-7:10,804.6968166666667,441.10993809523814,0.7995,0.8049116071428574,48.80176190476186,978.3835726190473,412.3886404761904,412.3886404761904,412.3886404761904,0.0,0.0,7384.21830489418,0.0
2025-07-03,0,43,7:10-7:20,796.0732166666667,480.92988571428566,0.7823,0.7874504464285714,43.36440952380963,1018.2004285714281,358.50774047619063,358.50774047619063,358.50774047619063,0.0,0.0,7384.21830489418,0.0
2025-07-03,0,44,7:20-7:30,802.655,521.9875,0.7334,0.7391995535714287,50.90982142857138,1004.7193904761905,331.5773214285714,331.5773214285714,331.5773214285714,0.0,0.0,7384.21830489418,0.0
2025-07-03,0,45,7:30-7:40,750.0257166666667,556.8122214285714,0.6499,0.6584455357142855,70.340507142857,995.4103916666663,1096.8873357142857,1096.8873357142857,1096.8873357142857,833.3333333333333,0.0,8134.21830489418,0.0
2025-07-03,0,46,7:40-7:50,873.8720333333333,599.5898261904762,0.8547,0.8644910714285713,64.11464523809536,999.8636654761901,0.0,0.0,0.0,0.0,338.3968523809525,7758.221802248677,0.0
2025-07-03,0,47,7:50-8:00,1100.1016666666665,648.1607142857142,1.2032,1.212196875,70.47065476190483,1005.8230720238092,0.0,0.0,0.0,0.0,522.4116071428571,7177.764460978836,0.0
2025-07-03,0,48,8:00-8:10,1099.9202833333334,684.208692857143,1.1997,1.2091611607142858,71.02783809523805,1023.3024916666665,0.0,0.0,0.0,0.0,486.73942857142856,6636.942873677249,0.0
2025-07-03,0,49,8:10-8:20,1070.83485,712.1377642857142,1.1314,1.1438955357142857,58.29583571428583,1052.3502988095236,0.0,0.0,0.0,0.0,416.99292142857166,6173.617405423281,0.0
2025-07-03,0,50,8:20-8:30,1106.5349999999999,738.1633928571429,1.1685,1.1857950892857143,65.12083333333354,1076.494483928571,0.0,0.0,0.0,0.0,433.4924404761906,5691.959138227513,0.0
2025-07-03,0,51,8:30-8:40,1099.9798999999998,763.6064547619046,1.1885,1.209804017857143,65.49021904761935,1095.758695238095,0.0,0.0,0.0,0.0,401.86366428571455,5245.443955687831,0.0
2025-07-03,0,52,8:40-8:50,1096.7871333333333,787.2158333333333,1.1716,1.1931897321428573,72.69865476190466,1101.539398214286,0.0,0.0,0.0,0.0,382.2699547619046,4820.699561507937,0.0
2025-07-03,0,53,8:50-9:00,1113.17,820.1169642857144,1.1417,1.1636794642857142,90.69035714285707,1096.9115410714287,0.0,0.0,0.0,0.0,383.7433928571427,4394.318013888889,0.0
2025-07-03,0,54,9:00-9:10,1106.84625,875.8366309523809,1.1191,1.1475263392857145,106.57186428571418,1100.707242857143,0.0,0.0,0.0,0.0,337.58148333333327,4019.227476851852,0.0
2025-07-03,0,55,9:10-9:20,1083.2192499999999,926.749380952381,1.0559,1.0845660714285714,91.54188095238084,1167.4601601190475,0.0,0.0,0.0,0.0,248.01174999999967,3743.658865740741,0.0
2025-07-03,0,56,9:20-9:30,1079.8983333333333,960.7348214285713,1.0014,1.0241165178571427,68.71500000000009,1233.8294124999993,0.0,0.0,0.0,0.0,187.87851190476215,3534.9049636243385,0.0
2025-07-03,0,57,9:30-9:40,1120.93445,989.2596928571427,1.0508,1.0748584821428568,83.74383333333338,1321.1975374999993,0.0,0.0,0.0,0.0,215.41859047619073,3295.5509742063487,0.0
2025-07-03,0,58,9:40-9:50,1104.8165999999999,1014.4204238095236,1.0377,1.0697330357142858,87.23954285714291,1370.0756976190469,0.0,0.0,0.0,0.0,177.6357190476191,3098.1779530423273,0.0
2025-07-03,0,59,9:50-10:00,1051.3999999999999,1036.2348214285712,0.9599,0.9990571428571432,90.10809523809523,1260.9624863095232,0.0,0.0,0.0,0.0,105.27327380952397,2981.207648809523,0.0
2025-07-03,0,60,10:00-10:10,1080.6450499999999,1059.1659642857144,0.9835,1.0216687499999997,118.63909523809541,1158.5402458333326,0.0,0.0,0.0,0.0,140.11818095238095,2825.5207810846555,0.0
2025-07-03,0,61,10:10-10:20,1105.4016833333333,1101.8376619047617,1.0295,1.0646361607142858,108.40300952380949,1175.3968321428565,0.0,0.0,0.0,0.0,111.96703095238104,2701.112968915343,0.0
2025-07-03,0,62,10:20-10:30,1084.105,1153.9964285714282,1.0421,1.0773933035714283,91.7222619047619,1261.5075142857136,0.0,0.0,0.0,0.0,21.830833333333658,2676.8564874338613,0.0
2025-07-03,0,63,10:30-10:40,1066.3890166666665,1185.0086785714286,1.0211,1.0591227678571429,142.08170476190475,1309.6514577380945,0.0,0.0,0.0,0.0,23.462042857142706,2650.7875509259247,0.0
2025-07-03,0,64,10:40-10:50,1069.5182499999999,1211.42015,0.8514,0.8878142857142859,134.41279047619054,1305.7087958333325,0.0,0.0,0.0,7.489109523809475,0.0,2657.5277494973534,0.0
2025-07-03,0,65,10:50-11:00,1079.0533333333333,1240.4080357142857,0.6223,0.6530133928571428,119.40797619047635,1302.7468857142849,671.9113299235757,671.9113299235757,671.9113299235757,713.8580561140518,0.0,3300.0,0.0
2025-07-03,0,66,11:00-11:10,1069.3376833333332,1259.3676071428572,0.5639,0.5914758928571425,124.05808571428574,1327.4707845238088,767.3614952380949,767.3614952380949,767.3614952380949,833.3333333333333,0.0,4050.0,0.0
2025-07-03,0,67,11:10-11:20,1059.1722333333332,1262.9043285714286,0.5394,0.5643102678571431,114.0131523809523,1613.209076785714,743.6143904761902,743.6143904761902,743.6143904761902,833.3333333333333,0.0,4800.0,0.0
2025-07-03,0,68,11:20-11:30,1061.3,1253.5723214285715,0.4876,0.5114642857142856,125.94529761904766,1965.670841666666,767.0063095238093,767.0063095238093,767.0063095238093,833.3333333333333,0.0,5550.0,0.0
2025-07-03,0,69,11:30-11:40,1066.1630166666666,1239.6764523809525,0.4912,0.5201848214285714,118.42348809523801,2195.9968238095225,778.2433857142855,778.2433857142855,778.2433857142855,833.3333333333333,0.0,6300.0,0.0
2025-07-03,0,70,11:40-11:50,1046.5487666666666,1228.6541642857144,0.5298,0.5661683035714286,153.25117380952383,2279.5329148809515,804.4791095238093,804.4791095238093,804.4791095238093,833.3333333333333,0.0,7050.0,0.0
2025-07-03,0,71,11:50-12:00,1013.5699999999999,1222.3892857142855,0.5437,0.5834678571428571,141.6414285714285,2354.1767476190466,766.1554761904761,766.1554761904761,766.1554761904761,833.3333333333333,0.0,7800.0,0.0
2025-07-03,0,72,12:00-12:10,1003.8550333333333,1217.8536309523809,0.5008,0.5368205357142857,140.8115047619048,2434.8472357142846,760.1462404761905,760.1462404761905,760.1462404761905,833.3333333333333,0.0,8550.0,0.0
2025-07-03,0,73,12:10-12:20,988.1036,1213.2910285714286,0.5183,0.5523441964285715,140.08137619047642,2358.049117857142,748.2272809523811,748.2272809523811,748.2272809523811,833.3333333333333,0.0,9300.0,0.0
2025-07-03,0,74,12:20-12:30,970.0933333333334,1203.516964285714,0.5556,0.5938370535714287,159.8483928571427,2285.4561386904757,759.7580952380952,759.7580952380952,759.7580952380952,833.3333333333333,0.0,10050.0,0.0
2025-07-03,0,75,12:30-12:40,987.8667166666667,1184.6675047619046,0.4963,0.5404986607142858,154.28699999999998,2242.9954988095233,790.8195452380953,790.8195452380953,790.8195452380953,833.3333333333333,0.0,10800.0,0.0
2025-07-03,0,76,12:40-12:50,1017.6486499999999,1172.5577976190475,0.6775,0.7206178571428569,171.33227857142856,2174.457180357142,16.423130952380916,16.423130952380916,16.423130952380916,0.0,0.0,10800.0,0.0
2025-07-03,0,77,12:50-13:00,1047.7183333333332,1169.3017857142856,1.0036,1.041663839285714,131.36803571428572,2063.0499392857128,0.0,0.0,0.0,0.0,9.78458333333333,10789.128240740742,0.0
2025-07-03,0,78,13:00-13:10,1081.8527833333333,1160.575607142857,1.0072,1.047253125,96.81308809523796,1871.657432738094,0.0,0.0,0.0,0.0,18.090264285714284,10769.027947089948,0.0
2025-07-03,0,79,13:10-13:20,1077.2932166666665,1141.7662476190476,0.9168,0.9578785714285712,129.22695714285746,1711.0091952380935,64.75392619047625,64.75392619047625,64.75392619047625,0.0,0.0,10769.027947089948,0.0
2025-07-03,0,80,13:20-13:30,1063.6516666666666,1129.3464285714285,0.9166,0.9549370535714287,110.88565476190479,1634.8912130952376,45.1908928571429,45.1908928571429,45.1908928571429,0.0,0.0,10769.027947089948,0.0
2025-07-03,0,81,13:30-13:40,1114.4079,1141.2357833333333,0.9571,0.9954754464285714,106.58160714285714,1724.316034523809,0.0,0.0,0.0,0.0,79.75372380952376,10680.4126984127,0.0
2025-07-03,0,82,13:40-13:50,1145.6656666666665,1129.9468523809521,0.9535,0.9977375000000002,115.65714523809524,1774.223748214285,0.0,0.0,0.0,0.0,131.37595952380957,10534.439410052912,0.0
2025-07-03,0,83,13:50-14:00,1133.48,1090.9758928571428,0.9457,0.9960513392857143,121.85922619047619,1763.5547499999996,0.0,0.0,0.0,0.0,164.36333333333346,10351.813484126986,0.0
2025-07-03,0,84,14:00-14:10,1131.4701166666666,1066.7084928571428,1.0343,1.0816459821428568,129.7689476190476,1702.4069523809521,0.0,0.0,0.0,0.0,194.53057142857142,10135.668404761906,0.0
2025-07-03,0,85,14:10-14:20,1105.6328166666667,1049.1172309523809,1.0505,1.091565625,112.24978333333331,1594.5334059523811,0.0,0.0,0.0,0.0,168.76536904761906,9948.15132804233,0.0
2025-07-03,0,86,14:20-14:30,1067.3916666666667,1021.0696428571428,1.0107,1.0499991071428572,111.44678571428562,1586.0874446428572,0.0,0.0,0.0,0.0,157.76880952380952,9772.852650793653,0.0
2025-07-03,0,87,14:30-14:40,1076.8984666666665,978.0119238095238,1.0712,1.1152232142857148,132.45756428571428,1632.587351190476,0.0,0.0,0.0,0.0,231.34410714285718,9515.803642857145,0.0
2025-07-03,0,88,14:40-14:50,1115.0616499999999,947.1472571428569,0.9491,0.9915584821428574,139.9886190476192,1616.533936309524,0.0,0.0,0.0,0.0,307.90301190476225,9173.689185185187,0.0
2025-07-03,0,89,14:50-15:00,1132.6283333333333,919.2589285714286,0.6987,0.7326397321428572,109.3261904761905,1620.11148452381,1156.0289285714284,1156.0289285714284,1156.0289285714284,833.3333333333333,0.0,9923.689185185187,0.0
2025-07-03,0,90,15:00-15:10,1104.79475,860.0016976190477,0.6932,0.7238700892857144,103.06000238095237,1686.245844642858,1181.186388095238,1181.186388095238,1181.186388095238,833.3333333333333,0.0,10673.689185185187,0.0
2025-07-03,0,91,15:10-15:20,1135.1118999999999,809.6583357142856,0.7852,0.8182892857142857,88.26797857142847,1717.1134970238104,413.7215428571428,413.7215428571428,413.7215428571428,0.0,0.0,10673.689185185187,0.0
2025-07-03,0,92,15:20-15:30,1181.06,779.6107142857142,0.8101,0.8471374999999999,69.92386904761906,1669.6220458333341,471.37315476190486,471.37315476190486,471.37315476190486,0.0,0.0,10673.689185185187,0.0
2025-07-03,0,93,15:30-15:40,1104.7626166666666,743.3221166666665,0.76,0.7975928571428571,103.51314047619047,1599.1189797619056,605.2989902704275,605.2989902704275,605.2989902704275,140.34534979423674,0.0,10800.0,0.0
2025-07-03,0,94,15:40-15:50,1089.0468833333332,713.6873166666666,0.7765,0.8093772321428573,81.35127142857145,1576.2199047619051,456.71083809523805,456.71083809523805,456.71083809523805,0.0,0.0,10800.0,0.0
2025-07-03,0,95,15:50-16:00,1150.225,689.5678571428571,0.8577,0.8867674107142857,57.16928571428571,1497.9722160714293,517.8264285714286,517.8264285714286,517.8264285714286,0.0,0.0,10800.0,0.0
2025-07-03,0,96,16:00-16:10,1118.9484,649.9298023809523,0.8662,0.900165625,70.80003571428551,1451.2990613095244,539.8186333333332,539.8186333333332,539.8186333333332,0.0,0.0,10800.0,0.0
2025-07-03,0,97,16:10-16:20,1074.33605,592.4711333333332,0.839,0.8724901785714285,81.32338333333333,1396.6851136904766,563.1883,563.1883,563.1883,0.0,0.0,10800.0,0.0
2025-07-03,0,98,16:20-16:30,1081.0049999999999,534.34375,0.8494,0.8747383928571425,75.73380952380938,1385.834353571429,622.3950595238093,622.3950595238093,622.3950595238093,0.0,0.0,10800.0,0.0
2025-07-03,0,99,16:30-16:40,1117.8708333333334,497.0200333333333,0.931,0.9524919642857144,74.65186428571417,1359.1358702380958,695.5026642857142,695.5026642857142,695.5026642857142,0.0,0.0,10800.0,0.0
2025-07-03,0,100,16:40-16:50,1140.8432166666666,462.03114047619044,1.0026,1.0243562499999999,71.24671190476201,1332.2242625000008,750.0587880952381,750.0587880952381,750.0587880952381,0.0,-0.0,10800.0,0.0
2025-07-03,0,101,16:50-17:00,1155.4366666666665,418.67142857142846,1.0346,1.0570343749999997,65.65458333333333,1247.2439732142866,802.4198214285715,802.4198214285715,802.4198214285715,0.0,-0.0,10800.0,0.0
2025-07-03,0,102,17:00-17:10,1192.1874166666666,374.7441452380952,1.0602,1.0808491071428572,68.64034285714288,1186.3438541666678,886.0836142857145,886.0836142857145,886.0836142857145,0.0,0.0,10800.0,0.0
2025-07-03,0,103,17:10-17:20,1170.1578666666665,339.81605476190475,1.0437,1.0616285714285716,67.10666190476218,1176.141212500001,897.4484738095239,897.4484738095239,897.4484738095239,0.0,0.0,10800.0,0.0
2025-07-03,0,104,17:20-17:30,1125.0049999999999,309.1285714285714,0.9982,1.0130910714285715,72.61791666666659,1181.6452744047622,888.4943452380951,888.4943452380951,888.4943452380951,0.0,0.0,10800.0,0.0
2025-07-03,0,105,17:30-17:40,1154.9341166666666,269.2900523809524,0.9995,1.0107348214285714,67.68516666666665,1137.108095238096,953.3292309523808,953.3292309523808,953.3292309523808,-0.0,0.0,10800.0,0.0
2025-07-03,0,106,17:40-17:50,1043.1956833333334,230.1170357142857,1.1022,1.1129080357142862,46.625435714285686,1108.3801660714294,859.7040833333333,859.7040833333333,859.7040833333333,0.0,0.0,10800.0,0.0
2025-07-03,0,107,17:50-18:00,836.2199999999999,195.16071428571428,1.235,1.2473276785714285,35.84630952380962,1065.8682994047626,676.9055952380952,676.9055952380952,676.9055952380952,0.0,0.0,10800.0,0.0
2025-07-03,0,108,18:00-18:10,819.7135833333333,158.11224047619046,1.2618,1.2729138392857144,47.248845238095214,1118.0107357142865,708.8501880952381,708.8501880952381,708.8501880952381,0.0,-0.0,10800.0,0.0
2025-07-03,0,109,18:10-18:20,867.9851833333333,121.96274047619048,1.2626,1.2716232142857145,45.508749999999964,1135.854695833334,791.5311928571429,791.5311928571429,791.5311928571429,0.0,0.0,10800.0,0.0
2025-07-03,0,110,18:20-18:30,874.9200000000001,88.30357142857142,1.3007,1.3106165178571427,53.99065476190469,1135.4090071428577,840.6070833333333,840.6070833333333,840.6070833333333,0.0,-0.0,10800.0,0.0
2025-07-03,0,111,18:30-18:40,859.7031333333332,55.27667857142857,1.3561,1.3722147321428577,46.122542857142776,1141.3235178571433,850.5489976190474,850.5489976190474,850.5489976190474,0.0,0.0,10800.0,0.0
2025-07-03,0,112,18:40-18:50,839.0889666666667,23.02444047619047,1.3661,1.3897334821428573,42.333116666666626,1131.3236124999999,25.064309523809698,25.064309523809698,25.064309523809698,0.0,833.3333333333333,9874.074074074075,0.0
2025-07-03,0,113,18:50-19:00,854.5216666666666,0.4580357142857142,1.3591,1.3890424107142856,61.493333333333226,1099.0515851190476,710.14950892857,710.14950892857,710.14950892857,0.0,205.40745535714413,9645.843568121692,0.0
2025-07-03,0,114,19:00-19:10,931.2700499999999,0.0,1.4109,1.4454174107142859,46.82230238095235,1088.2891029761906,144.75901904761895,144.75901904761895,144.75901904761895,0.0,833.3333333333333,8719.917642195767,0.0
2025-07-03,0,115,19:10-19:20,931.6020333333332,0.7511857142857142,1.3954,1.4286308035714284,57.125183333333325,1085.61930952381,154.64269761904757,154.64269761904757,154.64269761904757,0.0,833.3333333333333,7793.991716269842,0.0
2025-07-03,0,116,19:20-19:30,868.6966666666667,0.0,1.3386,1.3679183035714284,63.99499999999989,1159.2375184523812,932.6916666666666,932.6916666666666,932.6916666666666,0.0,0.0,7793.991716269842,0.0
2025-07-03,0,117,19:30-19:40,887.2672666666667,0.0,1.3917,1.4225316964285712,45.601366666666536,1168.9905672619052,99.5353,99.5353,99.5353,0.0,833.3333333333333,6868.065790343916,0.0
2025-07-03,0,118,19:40-19:50,895.7677166666667,0.05393333333333333,1.4007,1.4329263392857141,48.54640000000006,1173.6505505952384,110.92685000000017,110.92685000000017,110.92685000000017,0.0,833.3333333333333,5942.13986441799,0.0
2025-07-03,0,119,19:50-20:00,864.8249999999999,0.0,1.3452,1.3779026785714283,57.139999999999986,1217.0890648809525,921.9649999999999,921.9649999999999,921.9649999999999,0.0,0.0,5942.13986441799,0.0
2025-07-03,0,120,20:00-20:10,864.0647,0.0,1.362,1.3988718749999998,52.50258333333335,1123.5725642857146,83.23395000000005,83.23395000000005,83.23395000000005,0.0,833.3333333333333,5016.213938492064,0.0
2025-07-03,0,121,20:10-20:20,867.4813166666665,0.003873809523809524,1.374,1.4124553571428573,44.78080952380947,1110.438747619048,78.92491904761891,78.92491904761891,78.92491904761891,0.0,833.3333333333333,4090.2880125661377,0.0
2025-07-03,0,122,20:20-20:30,863.925,0.0,1.3766,1.4120959821428567,70.71833333333325,1063.4266125000004,101.30999999999995,101.30999999999995,101.30999999999995,0.0,833.3333333333333,3164.3620866402116,0.0
2025-07-03,0,123,20:30-20:40,870.3252166666666,0.0,1.417,1.4487875000000006,48.3181166666667,986.2411958333337,85.31000000000006,85.31000000000006,85.31000000000006,0.0,833.3333333333333,2238.436160714286,0.0
2025-07-03,0,124,20:40-20:50,857.8529166666667,0.00027619047619047615,1.2557,1.2815245535714284,51.61975238095238,934.5925446428573,887.0903273809521,887.0903273809521,887.0903273809521,0.0,22.38206547619088,2213.567199074074,0.0
2025-07-03,0,125,20:50-21:00,840.3966666666666,0.0,0.988,1.0087745535714288,60.54166666666663,912.2104791666667,900.9383333333333,900.9383333333333,900.9383333333333,0.0,0.0,2213.567199074074,0.0
2025-07-03,0,126,21:00-21:10,865.2220833333333,0.0,0.9755,0.9985116071428571,47.02004999999997,880.6085666666667,912.2421333333333,912.2421333333333,912.2421333333333,0.0,0.0,2213.567199074074,0.0
2025-07-03,0,127,21:10-21:20,896.46845,0.0,1.0201,1.047221428571429,58.785133333333306,811.8980791666667,955.2535833333333,955.2535833333333,955.2535833333333,0.0,0.0,2213.567199074074,0.0
2025-07-03,0,128,21:20-21:30,916.8916666666667,0.0,1.0291,1.0571901785714286,73.05666666666662,760.0012333333334,989.9483333333333,989.9483333333333,989.9483333333333,0.0,0.0,2213.567199074074,0.0
2025-07-03,0,129,21:30-21:40,925.5144499999999,0.0,1.0699,1.095088392857143,48.04273333333333,732.2223,769.7167291666668,769.7167291666668,769.7167291666668,0.0,203.8404541666664,1987.0778055555556,0.0
2025-07-03,0,130,21:40-21:50,833.4485500000001,0.0,0.8702,0.891407142857143,43.55484999999999,708.3700250000002,854.6611666666669,854.6611666666669,854.6611666666669,0.0,22.342233333333205,1962.253101851852,0.0
2025-07-03,0,131,21:50-22:00,688.975,0.0,0.5203,0.5395973214285715,44.40499999999997,686.0277916666669,733.38,733.38,733.38,0.0,0.0,1962.253101851852,0.0
2025-07-03,0,132,22:00-22:10,651.5677166666667,0.0,0.4306,0.45131785714285705,63.83096666666677,614.7195625000002,1548.7320166666668,1548.7320166666668,1548.7320166666668,833.3333333333333,0.0,2712.253101851852,0.0
2025-07-03,0,133,22:10-22:20,686.9925166666667,0.0,0.4921,0.5130928571428572,56.308766666666656,609.2753416666666,1063.0200590534978,1063.0200590534978,1063.0200590534978,319.71877572016433,0.0,3000.0,0.0
2025-07-03,0,134,22:20-22:30,707.7983333333333,0.0,0.531,0.5507138392857142,48.64999999999998,535.5694250000001,756.4483333333333,756.4483333333333,756.4483333333333,0.0,0.0,3000.0,0.0
2025-07-03,0,135,22:30-22:40,663.9996,0.0,0.4866,0.5067549107142857,44.085000000000036,447.6386583333336,1541.4179333333332,1541.4179333333332,1541.4179333333332,833.3333333333333,0.0,3750.0,0.0
2025-07-03,0,136,22:40-22:50,661.6026333333333,0.0,0.4663,0.4851633928571429,50.55851666666666,425.71891666666676,1545.4944833333332,1545.4944833333332,1545.4944833333332,833.3333333333333,0.0,4500.0,0.0
2025-07-03,0,137,22:50-23:00,708.81,0.0,0.5067,0.5241410714285715,59.65333333333342,387.0563749999999,768.4633333333334,768.4633333333334,768.4633333333334,0.0,0.0,4500.0,0.0
2025-07-03,0,138,23:00-23:10,703.7156333333334,0.0,0.5357,0.5569727678571429,36.83215000000001,373.6646291666668,740.5477833333334,740.5477833333334,740.5477833333334,0.0,0.0,4500.0,0.0
2025-07-03,0,139,23:10-23:20,653.1863333333333,0.0,0.4959,0.5196977678571427,38.25193333333323,266.3003666666667,691.4382666666666,691.4382666666666,691.4382666666666,0.0,0.0,4500.0,0.0
2025-07-03,0,140,23:20-23:30,635.2616666666667,0.0,0.4501,0.47286071428571425,55.608333333333235,177.9757625000001,1524.2033333333331,1524.2033333333331,1524.2033333333331,833.3333333333333,0.0,5250.0,0.0
2025-07-03,0,141,23:30-23:40,703.53215,0.0,0.506,0.5283772321428574,70.4022500000001,118.48570833333318,773.9344000000001,773.9344000000001,773.9344000000001,0.0,0.0,5250.0,0.0
2025-07-03,0,142,23:40-23:50,656.9407166666666,0.0,0.4978,0.5209857142857143,57.41396666666674,77.01822499999997,714.3546833333334,714.3546833333334,714.3546833333334,0.0,0.0,5250.0,0.0
2025-07-03,0,143,23:50-24:00,527.2449999999999,0.0,0.4079,0.4308968750000001,85.95999999999992,49.30000000000007,1446.538333333333,1446.538333333333,1446.538333333333,833.3333333333333,0.0,6000.0,0.0
2025-07-04,0,0,0:00-0:10,545.1662333333334,0.0,0.3873,0.40625178571428566,71.12010000000004,787.2796898809522,0.0,0.0,0.0,0.0,616.2863333333335,3967.5892262962957,0.0
2025-07-04,0,1,0:10-0:20,558.0325166666667,0.0,0.3957,0.41232723214285694,82.38476666666679,773.1685755952382,0.0,0.0,0.0,0.0,640.4172833333334,3256.0144670370364,0.0
2025-07-04,0,2,0:20-0:30,508.0183333333333,0.0,0.3872,0.40243616071428573,62.46333333333337,783.2624297619047,570.4816666666667,570.4816666666667,570.4816666666667,0.0,0.0,3256.0144670370364,0.0
2025-07-04,0,3,0:30-0:40,495.8854666666667,0.0,0.3663,0.3809973214285715,58.29603333333341,761.1428464285714,554.1815000000001,554.1815000000001,554.1815000000001,0.0,0.0,3256.0144670370364,0.0
2025-07-04,0,4,0:40-0:50,483.39768333333336,0.0,0.3612,0.37569196428571433,47.19839999999999,741.9050678571429,530.5960833333334,530.5960833333334,530.5960833333334,0.0,0.0,3256.0144670370364,0.0
2025-07-04,0,5,0:50-1:00,451.9483333333333,0.0,0.3704,0.3856299107142856,60.83333333333337,735.4768672619049,512.7816666666668,512.7816666666668,512.7816666666668,0.0,0.0,3256.0144670370364,0.0
2025-07-04,0,6,1:00-1:10,436.62555,0.0,0.3669,0.3841875,50.447966666666616,753.7773571428572,487.0735166666666,487.0735166666666,487.0735166666666,0.0,0.0,3256.0144670370364,0.0
2025-07-04,0,7,1:10-1:20,458.91533333333336,0.0,0.3631,0.37850803571428554,65.01371666666671,731.4549583333335,523.9290500000001,523.9290500000001,523.9290500000001,0.0,0.0,3256.0144670370364,0.0
2025-07-04,0,8,1:20-1:30,483.07499999999993,0.0,0.3708,0.38273526785714285,50.70333333333326,722.7321250000002,533.7783333333332,533.7783333333332,533.7783333333332,0.0,0.0,3256.0144670370364,0.0
2025-07-04,0,9,1:30-1:40,454.5573166666666,0.0,0.3835,0.3977383928571429,52.698999999999955,679.4397023809522,507.2563166666666,507.2563166666666,507.2563166666666,0.0,0.0,3256.0144670370364,0.0
2025-07-04,0,10,1:40-1:50,451.97785,0.0,0.3706,0.38466874999999984,69.81039999999996,644.0423291666666,521.78825,521.78825,521.78825,0.0,0.0,3256.0144670370364,0.0
2025-07-04,0,11,1:50-2:00,486.645,0.0,0.3544,0.3663691964285714,56.539999999999964,620.3756529761904,543.185,543.185,543.185,0.0,0.0,3256.0144670370364,0.0
2025-07-04,0,12,2:00-2:10,489.6854333333333,0.0,0.3856,0.40183883928571434,55.55908333333332,589.2598196428572,545.2445166666666,545.2445166666666,545.2445166666666,0.0,0.0,3256.0144670370364,0.0
2025-07-04,0,13,2:10-2:20,475.65979999999996,0.0,0.3939,0.40959866071428574,36.39796666666666,536.9273303571429,0.0,0.0,0.0,0.0,512.0577666666666,2687.0613929629626,0.0
2025-07-04,0,14,2:20-2:30,468.15,0.0,0.3748,0.3848611607142857,36.53666666666663,473.5503845238095,504.6866666666666,504.6866666666666,504.6866666666666,0.0,0.0,2687.0613929629626,0.0
2025-07-04,0,15,2:30-2:40,470.63985,0.0,0.3912,0.40171919642857146,35.100900000000024,430.6016345238096,505.74075000000005,505.74075000000005,505.74075000000005,0.0,0.0,2687.0613929629626,0.0
2025-07-04,0,16,2:40-2:50,459.7637,0.0,0.3928,0.4037848214285713,35.84635000000003,404.8789636904762,495.61005,495.61005,495.61005,0.0,0.0,2687.0613929629626,0.0
2025-07-04,0,17,2:50-3:00,445.32,0.0,0.3647,0.37399374999999996,49.79666666666674,403.7154363095238,495.11666666666673,495.11666666666673,495.11666666666673,0.0,0.0,2687.0613929629626,0.0
2025-07-04,0,18,3:00-3:10,457.01863333333336,0.00027619047619047615,0.3485,0.3580205357142857,33.56348809523797,447.51543630952375,490.5818452380951,490.5818452380951,490.5818452380951,0.0,0.0,2687.0613929629626,0.0
2025-07-04,0,19,3:10-3:20,448.35001666666665,0.0,0.3547,0.36226517857142854,28.915283333333377,435.09531845238087,477.2653,477.2653,477.2653,0.0,0.0,2687.0613929629626,0.0
2025-07-04,0,20,3:20-3:30,423.1983333333333,0.0,0.3615,0.3661852678571429,38.211666666666645,390.13032678571426,461.40999999999997,461.40999999999997,461.40999999999997,0.0,0.0,2687.0613929629626,0.0
2025-07-04,0,21,3:30-3:40,436.15708333333333,0.0038214285714285715,0.3442,0.35098571428571423,35.31691666666666,368.85782678571434,471.47017857142856,471.47017857142856,471.47017857142856,0.0,0.0,2687.0613929629626,0.0
2025-07-04,0,22,3:40-3:50,464.9743833333333,0.0,0.3547,0.36317723214285724,30.771849999999972,370.2111416666667,495.7462333333333,495.7462333333333,495.7462333333333,0.0,0.0,2687.0613929629626,0.0
2025-07-04,0,23,3:50-4:00,464.18999999999994,0.0,0.3674,0.37372098214285715,32.76999999999998,365.69903750000014,496.9599999999999,496.9599999999999,496.9599999999999,0.0,0.0,2687.0613929629626,0.0
2025-07-04,0,24,4:00-4:10,414.77585,0.0532595238095238,0.3127,0.3152629464285714,38.943788095238006,332.96028750000005,1286.9997119047616,1286.9997119047616,1286.9997119047616,833.3333333333333,0.0,3437.0613929629626,0.0
2025-07-04,0,25,4:10-4:20,411.12235,0.0,0.3266,0.3291308035714285,31.43425000000002,283.9886130952381,442.5566,442.5566,442.5566,0.0,0.0,3437.0613929629626,0.0
2025-07-04,0,26,4:20-4:30,457.12166666666667,0.0,0.4059,0.41081473214285713,33.456666666666706,267.3076797619048,0.0,0.0,0.0,0.0,490.5783333333334,2891.9743559259255,0.0
2025-07-04,0,27,4:30-4:40,466.4297833333333,0.7418285714285713,0.4084,0.41230937500000003,24.53857857142856,299.21017976190484,0.0,0.0,0.0,0.0,490.2265333333333,2347.2782077777774,0.0
2025-07-04,0,28,4:40-4:50,465.2765,0.0,0.3993,0.4040214285714284,30.55320238095237,347.03190595238084,410.05711300000064,410.05711300000064,410.05711300000064,0.0,85.77258938095174,2251.975330687831,0.0
2025-07-04,0,29,4:50-5:00,463.04333333333335,0.3053571428571428,0.3818,0.38718437499999986,34.51833333333332,417.94280654761906,497.25630952380953,497.25630952380953,497.25630952380953,0.0,0.0,2251.975330687831,0.0
2025-07-04,0,30,5:00-5:10,438.1192833333333,21.871135714285714,0.297,0.29558794642857145,34.103897619047586,382.63783333333333,1283.6853785714284,1283.6853785714284,1283.6853785714284,833.3333333333333,0.0,3001.975330687831,0.0
2025-07-04,0,31,5:10-5:20,428.23355,51.37403095238095,0.291,0.2859281249999999,20.704285714285675,397.74130654761933,1230.897138095238,1230.897138095238,1230.897138095238,833.3333333333333,0.0,3751.975330687831,0.0
2025-07-04,0,32,5:20-5:30,443.64,82.03571428571428,0.3374,0.33388928571428567,25.337380952380954,486.470816666666,386.94166666666666,386.94166666666666,386.94166666666666,0.0,0.0,3751.975330687831,0.0
2025-07-04,0,33,5:30-5:40,456.2464333333333,116.86935238095238,0.294,0.288971875,28.131564285714205,515.7188339285709,1200.8419785714284,1200.8419785714284,1200.8419785714284,833.3333333333333,0.0,4501.975330687831,0.0
2025-07-04,0,34,5:40-5:50,456.12719999999996,152.76024999999998,0.4372,0.4302044642857142,20.69488333333328,569.2898827380944,0.0,0.0,0.0,0.0,324.06183333333325,4141.906626984128,0.0
2025-07-04,0,35,5:50-6:00,444.59833333333336,187.02767857142854,0.6953,0.6895995535714287,35.51458333333346,634.7045821428563,0.0,0.0,0.0,0.0,293.0852380952383,3816.2563624338627,0.0
2025-07-04,0,36,6:00-6:10,430.8669666666666,220.598769047619,0.6913,0.6898857142857141,25.398247619047538,714.0298357142851,0.0,0.0,0.0,0.0,235.66644523809515,3554.404756613757,0.0
2025-07-04,0,37,6:10-6:20,429.8260333333333,260.0549428571428,0.6351,0.6325013392857144,27.56048809523827,706.2059113095233,0.0,0.0,0.0,0.0,197.3315785714288,3335.147447089947,0.0
2025-07-04,0,38,6:20-6:30,435.86833333333334,303.9348214285714,0.6335,0.6271325892857144,39.18428571428569,750.3400613095234,0.0,0.0,0.0,0.0,171.11779761904762,3145.016560846561,0.0
2025-07-04,0,39,6:30-6:40,435.70931666666667,343.2985238095238,0.5864,0.5849803571428571,37.52204047619057,869.4965821428568,0.0,0.0,0.0,0.0,129.93283333333346,3000.646746031746,0.0
2025-07-04,0,40,6:40-6:50,469.9375666666666,377.17984523809525,0.5813,0.5854348214285715,44.36143571428585,910.9832148809523,0.0,0.0,0.0,0.0,137.11915714285726,2848.2921269841268,0.0
2025-07-04,0,41,6:50-7:00,528.4649999999999,410.2169642857142,0.6155,0.6208026785714287,49.82577380952387,920.3632130952379,0.0,0.0,0.0,0.0,168.0738095238096,2661.5434497354495,0.0
2025-07-04,0,42,7:00-7:10,552.4907333333333,447.90758571428574,0.5898,0.5948299107142858,48.80176190476186,968.9919452380952,0.0,0.0,0.0,0.0,153.38490952380943,2491.115772486772,0.0
2025-07-04,0,43,7:10-7:20,545.7333833333332,485.4009952380952,0.5715,0.5770794642857143,43.8354976190476,993.3048154761905,0.0,0.0,0.0,0.0,104.1678857142856,2375.373677248677,0.0
2025-07-04,0,44,7:20-7:30,524.4,520.7464285714285,0.5517,0.5591924107142858,51.18595238095236,986.3748226190474,0.0,0.0,0.0,0.0,54.839523809523826,2314.4408730158725,0.0
2025-07-04,0,45,7:30-7:40,501.81933333333336,556.9509285714286,0.4796,0.48947098214285717,71.25651190476168,981.5025904761903,0.0,0.0,0.0,0.0,16.124916666666536,2296.5242989417984,0.0
2025-07-04,0,46,7:40-7:50,494.66726666666665,594.843219047619,0.5957,0.6076227678571426,66.32740000000001,986.8718690476187,0.0,0.0,0.0,33.84855238095224,0.0,2326.9879960846556,0.0
2025-07-04,0,47,7:50-8:00,508.30499999999995,636.7535714285714,0.8278,0.8404218750000002,73.9444047619048,982.9404553571426,0.0,0.0,0.0,54.50416666667172,0.0,2376.04174608466,0.0
2025-07-04,0,48,8:00-8:10,531.16085,683.3495714285715,0.8437,0.8555098214285713,71.63232619047619,987.9684613095236,0.0,0.0,0.0,-0.0,41.44446850000385,2329.9923366402113,0.0
2025-07-04,0,49,8:10-8:20,533.4462166666666,720.9350595238094,0.8067,0.8201879464285716,58.29583571428583,1016.9931029761901,0.0,0.0,0.0,29.807635949441874,0.0,2356.819208994709,0.0
2025-07-04,0,50,8:20-8:30,497.7783333333333,748.4553571428571,0.8035,0.8210276785714282,65.12083333333354,1041.1372880952376,0.0,0.0,0.0,30.919647266314854,-0.0,2384.646891534392,0.0
2025-07-04,0,51,8:30-8:40,449.1053,777.1042476190476,0.7559,0.7756325892857142,65.49021904761935,1060.4014994047616,0.0,0.0,0.0,0.0,0.0,2384.6468915343917,0.0
2025-07-04,0,52,8:40-8:50,505.90751666666665,802.8355499999999,0.741,0.7613691964285714,72.69865476190466,1066.1822023809525,0.0,0.0,0.0,-0.0,4.627857142857328,2379.504828042328,0.0
2025-07-04,0,53,8:50-9:00,616.785,835.5535714285713,0.7744,0.7968437500000004,90.69035714285707,1061.5543452380953,0.0,0.0,0.0,0.0,-0.0,2379.504828042328,0.0
2025-07-04,0,54,9:00-9:10,610.7704833333332,891.4060833333331,0.7894,0.8174522321428571,106.57186428571418,1058.854804761905,0.0,0.0,0.0,16.186358024691128,0.0,2394.07255026455,0.0
2025-07-04,0,55,9:10-9:20,604.1994,940.9887047619047,0.8011,0.8307375,91.54188095238084,1074.6652952380953,0.0,0.0,0.0,-0.0,25.211442261905177,2366.059836640211,0.0
2025-07-04,0,56,9:20-9:30,633.9766666666667,971.3053571428572,0.8082,0.8339236607142858,68.71500000000009,1049.4538529761899,0.0,0.0,0.0,91.76647927689582,0.0,2448.649667989417,0.0
2025-07-04,0,57,9:30-9:40,620.078,996.3524999999997,0.7841,0.8079763392857148,83.74383333333338,1123.7847011904755,0.0,0.0,0.0,89.69398883010004,0.0,2529.374257936507,0.0
2025-07-04,0,58,9:40-9:50,624.175,1025.5353571428568,0.7538,0.7865334821428573,87.23954285714291,1196.4368321428565,0.0,0.0,0.0,0.0,-0.0,2529.3742579365053,0.0
2025-07-04,0,59,9:50-10:00,651.805,1053.4419642857142,0.7227,0.7675410714285716,90.10809523809523,1076.4702065476188,0.0,0.0,0.0,-0.0,205.16571488095022,2301.4123525132272,0.0
2025-07-04,0,60,10:00-10:10,638.9512,1071.9617976190475,0.6782,0.7215392857142857,118.63909523809541,991.2711172619042,0.0,0.0,0.0,2.26117467291612e-13,30.698063690476562,2267.303392857142,0.0
2025-07-04,0,61,10:10-10:20,615.15225,1113.3697285714284,0.6645,0.7031933035714287,108.40300952380949,960.5730535714279,0.0,0.0,0.0,103.5019238683127,0.0,2360.4551243386236,0.0
2025-07-04,0,62,10:20-10:30,606.9916666666666,1168.598214285714,0.688,0.7271267857142855,91.7222619047619,1044.4096119047613,0.0,0.0,0.0,469.8842857142856,-0.0,2783.3509814814806,0.0
2025-07-04,0,63,10:30-10:40,610.84935,1195.7694833333333,0.6762,0.7181861607142859,142.08170476190475,1063.0752315476184,0.0,0.0,0.0,0.0,364.11354702380896,2378.7803736772485,0.0
2025-07-04,0,64,10:40-10:50,612.5255333333333,1225.9314785714284,0.4649,0.5034026785714286,134.41279047619054,1060.9023363095234,0.0,0.0,0.0,148.81368877053492,4.691855792771094e-10,2512.71269357073,0.0
2025-07-04,0,65,10:50-11:00,612.7783333333333,1259.4348214285715,0.1947,0.22532857142857146,125.1576190476191,1060.4893773809517,0.0,0.0,0.0,521.4988690476191,0.0,2982.061675713587,0.0
2025-07-04,0,66,11:00-11:10,618.4638,1261.0625333333332,0.1889,0.21841742857142865,145.1116571428572,1095.18131547619,0.0,0.0,0.0,497.4870761904761,-0.0,3429.8000442850157,0.0
2025-07-04,0,67,11:10-11:20,594.7234333333333,1250.2369666666664,0.2059,0.2323339464285714,140.1659095238096,1402.3566410714288,0.0,0.0,0.0,515.3476238095234,0.0,3893.6129057135868,0.0
2025-07-04,0,68,11:20-11:30,566.645,1236.182142857143,0.1708,0.1957174107142857,130.34708333333342,1758.672703571428,0.0,0.0,0.0,539.1900595238095,0.0,4378.883959285015,0.0
2025-07-04,0,69,11:30-11:40,596.54775,1212.4185714285716,0.2447,0.2757638392857143,163.40148809523808,1970.5782690476185,0.0,0.0,0.0,452.46933333333357,0.0,4786.106359285016,0.0
2025-07-04,0,70,11:40-11:50,616.9203333333332,1205.8165095238096,0.2972,0.33489375000000005,174.5667595238097,2097.0046547619045,0.0,0.0,0.0,414.3294166666667,-0.0,5159.002834285016,0.0
2025-07-04,0,71,11:50-12:00,606.7283333333332,1218.9910714285716,0.2856,0.324625892857143,159.4188690476189,2188.201563095238,0.0,0.0,0.0,452.84386904761936,0.0,5566.562316427873,0.0
2025-07-04,0,72,12:00-12:10,611.8613499999999,1227.8341738095237,0.3071,0.3429049107142857,140.8115047619048,2278.8077,0.0,0.0,0.0,475.1613190476189,0.0,5994.20750357073,0.0
2025-07-04,0,73,12:10-12:20,627.17485,1232.2894904761904,0.357,0.39129062499999995,140.08137619047642,2199.450746428571,0.0,0.0,0.0,465.03326428571404,0.0,6412.737441427873,0.0
2025-07-04,0,74,12:20-12:30,636.385,1227.3375,0.3425,0.3804281249999999,159.8483928571427,2126.5968321428572,0.0,0.0,0.0,431.1041071428574,0.0,6800.731137856445,0.0
2025-07-04,0,75,12:30-12:40,625.5666833333332,1205.3845333333334,0.2121,0.255896875,163.2928047619048,2078.823111904762,0.0,0.0,0.0,416.52504523809534,0.0,7175.60367857073,0.0
2025-07-04,0,76,12:40-12:50,583.04985,1192.561171428571,0.3029,0.34377187499999995,187.52065714285723,2019.2463904761903,0.0,0.0,0.0,421.9906642857138,0.0,7555.395276427873,0.0
2025-07-04,0,77,12:50-13:00,561.415,1193.3401785714284,0.5827,0.6163031250000001,132.1548214285712,1923.3192613095237,0.0,0.0,0.0,499.7703571428572,0.0,8005.188597856444,0.0
2025-07-04,0,78,13:00-13:10,627.7963333333332,1185.0589761904762,0.6739,0.7110647321428573,105.40643095238102,1721.9740976190476,0.0,0.0,0.0,451.85621190476195,0.0,8411.85918857073,0.0
2025-07-04,0,79,13:10-13:20,658.9167833333333,1158.5546238095235,0.6836,0.7243160714285714,137.5994214285712,1551.1293547619043,0.0,0.0,0.0,362.0384190476189,0.0,8737.693765713588,0.0
2025-07-04,0,80,13:20-13:30,624.9333333333333,1135.3821428571428,0.7055,0.7442718750000002,128.2686904761905,1483.383836904762,0.0,0.0,0.0,382.18011904761886,0.0,9081.655872856445,0.0
2025-07-04,0,81,13:30-13:40,615.009,1143.1833095238094,0.7055,0.7436602678571429,114.1368833333332,1569.1988369047617,0.0,0.0,0.0,414.0374261904761,0.0,9454.289556427873,0.0
2025-07-04,0,82,13:40-13:50,627.3494666666666,1129.018902380952,0.6984,0.7444218750000001,118.30913571428584,1623.9463744047614,0.0,0.0,0.0,383.3602999999996,-0.0,9799.313826428572,0.0
2025-07-04,0,83,13:50-14:00,635.1099999999999,1090.399107142857,0.7119,0.7676941964285714,124.71714285714262,1605.0264142857143,0.0,0.0,0.0,330.57196428571444,-0.0,10096.828594285715,0.0
2025-07-04,0,84,14:00-14:10,628.1209333333334,1075.9665714285713,0.7568,0.8098227678571429,129.7689476190476,1530.4652238095236,0.0,0.0,0.0,318.0766904761904,0.0,10383.097615714287,0.0
2025-07-04,0,85,14:10-14:20,661.0620166666666,1056.7923928571427,0.7823,0.8283848214285715,121.34627857142857,1422.5840559523808,0.0,0.0,0.0,274.3840976190474,-0.0,10630.043303571429,0.0
2025-07-04,0,86,14:20-14:30,694.1466666666666,1017.0901785714283,0.7918,0.836074107142857,134.10273809523792,1413.1852005952383,0.0,0.0,0.0,188.84077380952397,0.0,10800.0,0.0
2025-07-04,0,87,14:30-14:40,636.1509166666666,974.1843166666665,0.8126,0.8608892857142857,125.37849761904764,1476.098108333333,0.0,0.0,0.0,-0.0,355.1770388571451,10405.358845714283,0.0
2025-07-04,0,88,14:40-14:50,624.9918833333334,943.4022690476191,0.7006,0.7456035714285717,129.79281428571431,1448.3716315476188,0.0,0.0,0.0,188.61757142857152,0.0,10575.114659999997,0.0
2025-07-04,0,89,14:50-15:00,678.3299999999999,912.3035714285713,0.5123,0.5472888392857144,109.3261904761905,1438.9516702380952,0.0,0.0,0.0,124.6473809523809,0.0,10687.29730285714,0.0
2025-07-04,0,90,15:00-15:10,673.19575,855.6726761904761,0.4695,0.5016401785714285,111.41429761904766,1501.4976970238095,0.0,0.0,0.0,71.062628571429,0.0,10751.253668571426,0.0
2025-07-04,0,91,15:10-15:20,638.7219,803.4509285714286,0.4857,0.5208968750000001,110.56643809523803,1539.2057470238094,0.0,0.0,0.0,54.16259047618183,-9.490008778811897e-12,10800.0,0.0
2025-07-04,0,92,15:20-15:30,634.665,768.8821428571429,0.497,0.5359120535714285,92.74607142857124,1514.0127553571429,0.0,0.0,0.0,-0.0,-0.0,10800.0,0.0
2025-07-04,0,93,15:30-15:40,679.71605,738.074457142857,0.5241,0.5628892857142858,111.86396190476188,1455.2518916666666,53.50555476190493,53.50555476190493,53.50555476190493,0.0,0.0,10800.0,0.0
2025-07-04,0,94,15:40-15:50,672.4826499999999,711.3426095238094,0.5183,0.5517638392857143,82.62061190476186,1439.9922755952377,43.760652380952365,43.760652380952365,43.760652380952365,-0.0,0.0,10800.0,0.0
2025-07-04,0,95,15:50-16:00,634.4166666666666,684.2437499999999,0.5142,0.5436977678571427,62.241130952380956,1359.8688422619043,12.414047619047778,12.414047619047778,12.414047619047778,0.0,0.0,10800.0,0.0
2025-07-04,0,96,16:00-16:10,680.8783999999999,645.3414428571427,0.5947,0.6296696428571426,73.35887142857138,1312.4941994047617,108.89582857142864,108.89582857142864,108.89582857142864,0.0,0.0,10800.0,0.0
2025-07-04,0,97,16:10-16:20,698.5657333333334,590.5629642857141,0.6382,0.6742718749999999,82.36712380952379,1260.4390874999995,190.3698928571431,190.3698928571431,190.3698928571431,0.0,0.0,10800.0,0.0
2025-07-04,0,98,16:20-16:30,668.9549999999999,534.7883928571429,0.6288,0.657597767857143,96.98613095238113,1250.6320678571421,231.1527380952382,231.1527380952382,231.1527380952382,0.0,0.0,10800.0,0.0
2025-07-04,0,99,16:30-16:40,682.6930333333332,499.80102380952377,0.6659,0.6888517857142858,74.82869523809518,1243.5671559523807,257.72070476190464,257.72070476190464,257.72070476190464,0.0,0.0,10800.0,0.0
2025-07-04,0,100,16:40-16:50,657.9316666666666,467.66346904761906,0.6835,0.7054602678571428,74.07977857142862,1259.7854642857137,264.3479761904762,264.3479761904762,264.3479761904762,0.0,-0.0,10800.0,0.0
2025-07-04,0,101,16:50-17:00,588.9116666666666,427.0133928571427,0.6676,0.6908593749999997,76.2044047619047,1202.1629857142857,238.1026785714286,238.1026785714286,238.1026785714286,0.0,0.0,10800.0,0.0
2025-07-04,0,102,17:00-17:10,560.4787166666666,383.8884619047619,0.6744,0.6962263392857143,68.64034285714288,1138.3465559523806,245.23059761904756,245.23059761904756,245.23059761904756,0.0,0.0,10800.0,0.0
2025-07-04,0,103,17:10-17:20,538.89375,346.6532071428572,0.6633,0.683070982142857,67.10666190476218,1088.8629428571426,259.34720476190495,259.34720476190495,259.34720476190495,0.0,0.0,10800.0,0.0
2025-07-04,0,104,17:20-17:30,518.5649999999999,312.6017857142857,0.6291,0.6466124999999999,93.61077380952383,1056.2307827380946,299.57398809523806,299.57398809523806,299.57398809523806,0.0,0.0,10800.0,0.0
2025-07-04,0,105,17:30-17:40,538.3065999999999,271.9450642857143,0.646,0.6596008928571427,70.40061904761922,1063.559770833333,336.7621547619048,336.7621547619048,336.7621547619048,-0.0,0.0,10800.0,0.0
2025-07-04,0,106,17:40-17:50,577.52915,232.05548809523808,0.8515,0.8643544642857142,57.52838809523814,1033.1839654761905,403.00205000000005,403.00205000000005,403.00205000000005,0.0,-0.0,10800.0,0.0
2025-07-04,0,107,17:50-18:00,587.885,196.07946428571427,1.1167,1.1310754464285713,52.11761904761909,1085.4986565476188,443.9231547619048,443.9231547619048,443.9231547619048,0.0,0.0,10800.0,0.0
2025-07-04,0,108,18:00-18:10,544.2919166666666,159.83185952380953,1.1503,1.1627178571428571,47.25646666666671,1129.8675607142852,431.7165238095238,431.7165238095238,431.7165238095238,0.0,0.0,10800.0,0.0
2025-07-04,0,109,18:10-18:20,556.5572833333333,124.29448809523808,1.1283,1.1391160714285717,58.9079357142856,1077.296595238095,491.17073095238084,491.17073095238084,491.17073095238084,0.0,0.0,10800.0,0.0
2025-07-04,0,110,18:20-18:30,604.4766666666667,90.09285714285713,1.1437,1.1561562500000002,56.88380952380953,1089.377591666666,571.2676190476191,571.2676190476191,571.2676190476191,0.0,0.0,10800.0,0.0
2025-07-04,0,111,18:30-18:40,566.0975166666666,56.329288095238084,1.1247,1.1417821428571429,50.71653809523809,1111.3546303571425,560.4847666666666,560.4847666666666,560.4847666666666,0.0,0.0,10800.0,0.0
2025-07-04,0,112,18:40-18:50,561.0408833333333,23.357104761904765,1.1453,1.1708357142857142,45.1348214285714,1071.88724047619,132.35165714285694,132.35165714285694,132.35165714285694,0.0,450.466942857143,10299.481174603174,0.0
2025-07-04,0,113,18:50-19:00,613.9333333333333,0.3196428571428571,1.1982,1.2328419642857142,65.0816666666667,1071.2464196428564,0.0,0.0,0.0,0.0,678.6953571428571,9545.375222222223,0.0
2025-07-04,0,114,19:00-19:10,622.4081666666666,0.0,1.1912,1.229649553571429,48.336200000000076,1013.3965720238091,0.0,0.0,0.0,0.0,670.7443666666667,8800.103703703704,0.0
2025-07-04,0,115,19:10-19:20,603.9715,0.7828928571428572,1.1699,1.2072383928571429,57.125183333333325,1096.4248726190476,0.0,0.0,0.0,0.0,660.3137904761904,8066.421714285714,0.0
2025-07-04,0,116,19:20-19:30,587.16,0.0,1.1736,1.2087566964285712,75.07499999999993,1144.253376190476,0.0,0.0,0.0,0.0,662.2349999999999,7330.605047619048,0.0
2025-07-04,0,117,19:30-19:40,583.00135,0.0,1.1949,1.230799107142857,48.44681666666668,1099.80067797619,0.0,0.0,0.0,0.0,631.4481666666667,6628.995973544974,0.0
2025-07-04,0,118,19:40-19:50,612.5866833333333,0.0562095238095238,1.2082,1.2450866071428575,49.557397619047606,1110.7135529761897,0.0,0.0,0.0,0.0,662.0878714285714,5893.342783068783,0.0
2025-07-04,0,119,19:50-20:00,641.4883333333332,0.0,1.205,1.2423183035714287,62.9133333333333,1149.403329166666,0.0,0.0,0.0,0.0,704.4016666666665,5110.6742645502645,0.0
2025-07-04,0,120,20:00-20:10,609.41815,0.0,1.197,1.2358933035714286,52.50258333333335,1076.5733940476184,0.0,0.0,0.0,0.0,661.9207333333334,4375.206783068783,0.0
2025-07-04,0,121,20:10-20:20,582.7402999999999,0.004035714285714286,1.1884,1.2278093749999999,44.78080952380947,1016.7467273809518,0.0,0.0,0.0,0.0,627.5170738095237,3677.96558994709,0.0
2025-07-04,0,122,20:20-20:30,592.9516666666666,0.0,1.2068,1.2458250000000002,77.19333333333327,964.416860119047,0.0,0.0,0.0,0.0,670.1449999999999,2933.360034391534,0.0
2025-07-04,0,123,20:30-20:40,607.5942333333332,0.0,1.2437,1.2825678571428578,59.93178333333344,913.4635267857138,0.0,0.0,0.0,0.0,667.5260166666667,2191.66446031746,0.0
2025-07-04,0,124,20:40-20:50,607.16585,0.00028809523809523806,1.0674,1.0983651785714286,54.11904761904759,892.4980142857139,619.3782952380946,619.3782952380946,619.3782952380946,0.0,41.90631428571482,2145.101888888888,0.0
2025-07-04,0,125,20:50-21:00,578.2533333333333,0.0,0.8135,0.8345258928571427,61.90166666666664,850.5916999999993,640.155,640.155,640.155,0.0,0.0,2145.101888888888,0.0
2025-07-04,0,126,21:00-21:10,532.9242166666667,0.0,0.8656,0.8898674107142855,48.381316666666635,821.0613249999994,581.3055333333333,581.3055333333333,581.3055333333333,0.0,0.0,2145.101888888888,0.0
2025-07-04,0,127,21:10-21:20,569.99195,0.0,0.9208,0.9508625000000002,71.59113333333335,756.4099958333326,641.5830833333333,641.5830833333333,641.5830833333333,0.0,0.0,2145.101888888888,0.0
2025-07-04,0,128,21:20-21:30,656.8249999999999,0.0,0.8884,0.9187183035714284,81.745,685.4537583333326,738.5699999999999,738.5699999999999,738.5699999999999,0.0,0.0,2145.101888888888,0.0
2025-07-04,0,129,21:30-21:40,647.8726166666667,0.0,0.9336,0.9599616071428573,50.852183333333414,664.7646583333328,479.18794166666714,479.18794166666714,479.18794166666714,0.0,219.53685833333296,1901.1720462962958,0.0
2025-07-04,0,130,21:40-21:50,559.7895166666666,0.0,0.7207,0.7413209821428569,43.55484999999999,631.0548416666663,581.0021333333334,581.0021333333334,581.0021333333334,0.0,22.342233333333205,1876.3473425925922,0.0
2025-07-04,0,131,21:50-22:00,484.4316666666667,0.0,0.3602,0.37830267857142863,56.10666666666668,608.712608333333,1373.8716666666667,1373.8716666666667,1373.8716666666667,833.3333333333333,0.0,2626.347342592592,0.0
2025-07-04,0,132,22:00-22:10,500.50538333333327,0.0,0.3438,0.36639285714285724,72.27215000000001,549.106045833333,1406.1108666666664,1406.1108666666664,1406.1108666666664,833.3333333333333,0.0,3376.347342592592,0.0
2025-07-04,0,133,22:10-22:20,507.96736666666663,0.0,0.3949,0.4184325892857142,69.48326666666674,552.1030083333327,577.4506333333334,577.4506333333334,577.4506333333334,0.0,0.0,3376.347342592592,0.0
2025-07-04,0,134,22:20-22:30,491.8316666666666,0.0,0.3669,0.38670312500000004,49.46333333333325,491.57159166666634,1374.628333333333,1374.628333333333,1374.628333333333,833.3333333333333,0.0,4126.347342592592,0.0
2025-07-04,0,135,22:30-22:40,526.40235,0.0,0.3886,0.4085017857142856,47.59043333333341,404.4541583333331,573.9927833333334,573.9927833333334,573.9927833333334,0.0,0.0,4126.347342592592,0.0
2025-07-04,0,136,22:40-22:50,528.4353166666666,0.0,0.3861,0.4052205357142856,57.997749999999996,386.898183333333,586.4330666666666,586.4330666666666,586.4330666666666,0.0,0.0,4126.347342592592,0.0
2025-07-04,0,137,22:50-23:00,504.005,0.0,0.3559,0.3734669642857143,61.76999999999998,354.8165416666661,1399.1083333333331,1399.1083333333331,1399.1083333333331,833.3333333333333,0.0,4876.347342592592,0.0
2025-07-04,0,138,23:00-23:10,540.4379666666666,0.0,0.3834,0.4043401785714287,39.20085000000006,343.5414624999996,994.808436008231,994.808436008231,994.808436008231,415.1696193415642,0.0,5250.0,0.0
2025-07-04,0,139,23:10-23:20,536.1095499999999,0.0,0.4123,0.4366066964285716,44.411,239.4042333333329,580.52055,580.52055,580.52055,0.0,0.0,5250.0,0.0
2025-07-04,0,140,23:20-23:30,490.4566666666666,0.0,0.4164,0.4408705357142857,70.51833333333343,157.23869583333305,560.975,560.975,560.975,0.0,0.0,5250.0,0.0
2025-07-04,0,141,23:30-23:40,508.35981666666663,0.0,0.4198,0.44288303571428556,73.65431666666677,112.05012083333307,582.0141333333333,582.0141333333333,582.0141333333333,0.0,0.0,5250.0,0.0
2025-07-04,0,142,23:40-23:50,521.0401666666667,0.0,0.3849,0.4080500000000001,57.41396666666674,73.58489166666646,578.4541333333334,578.4541333333334,578.4541333333334,0.0,0.0,5250.0,0.0
2025-07-04,0,143,23:50-24:00,493.92999999999995,0.0,0.3356,0.3593700892857142,89.39333333333343,45.86666666666656,1416.6566666666668,1416.6566666666668,1416.6566666666668,833.3333333333333,0.0,6000.0,0.0
2025-07-05,0,0,0:00-0:10,469.6861666666667,0.0,0.3487,0.3693941964285714,72.25406666666663,1231.9763333333321,541.9402333333333,541.9402333333333,541.9402333333333,0.0,0.0,4486.145987037037,0.0
2025-07-05,0,1,0:10-0:20,480.6001833333333,0.0,0.4027,0.42010848214285723,82.38476666666679,1278.5121095238085,562.98495,562.98495,562.98495,0.0,0.0,4486.145987037037,0.0
2025-07-05,0,2,0:20-0:30,505.94333333333327,0.0,0.4423,0.4567375000000001,62.46333333333337,1324.589526190475,0.0,0.0,0.0,0.0,568.4066666666666,3854.5830240740743,0.0
2025-07-05,0,3,0:30-0:40,500.46511666666663,0.0,0.4236,0.4386008928571429,73.11486666666667,1319.0036928571417,573.5799833333333,573.5799833333333,573.5799833333333,0.0,0.0,3854.5830240740743,0.0
2025-07-05,0,4,0:40-0:50,515.2122333333333,0.0,0.3812,0.3969700892857143,47.19839999999999,1386.750373809523,562.4106333333333,562.4106333333333,562.4106333333333,0.0,0.0,3854.5830240740743,0.0
2025-07-05,0,5,0:50-1:00,538.3433333333332,0.0,0.3791,0.39566607142857135,60.83333333333337,1459.24104047619,599.1766666666666,599.1766666666666,599.1766666666666,0.0,0.0,3854.5830240740743,0.0
2025-07-05,0,6,1:00-1:10,504.27441666666664,0.0,0.4455,0.4651861607142856,64.32720000000018,1502.7820077380945,0.0,0.0,0.0,0.0,568.6016166666668,3222.80345,0.0
2025-07-05,0,7,1:10-1:20,478.96186666666665,0.0,0.4371,0.4554428571428571,74.6242666666667,1491.6443720238085,280.4550592857132,280.4550592857132,280.4550592857132,0.0,273.13107404762013,2919.3244788359775,0.0
2025-07-05,0,8,1:20-1:30,482.1983333333333,0.0,0.3562,0.37057946428571426,53.91666666666663,1523.9944416666658,536.115,536.115,536.115,0.0,0.0,2919.3244788359775,0.0
2025-07-05,0,9,1:30-1:40,472.82546666666667,0.0,0.3483,0.3647089285714286,57.98921666666672,1547.3920309523799,542.5657915049976,542.5657915049976,542.5657915049976,11.751108171664177,0.0,2929.9004761904753,0.0
2025-07-05,0,10,1:40-1:50,483.19961666666666,0.0,0.3752,0.39177857142857125,71.00720000000001,1544.8254095238083,554.2068166666667,554.2068166666667,554.2068166666667,0.0,0.0,2929.9004761904753,0.0
2025-07-05,0,11,1:50-2:00,502.9866666666667,0.0,0.3876,0.4026625000000001,85.69000000000005,1525.754342261904,588.6766666666667,588.6766666666667,588.6766666666667,0.0,0.0,2929.9004761904753,0.0
2025-07-05,0,12,2:00-2:10,482.78931666666665,0.0,0.3811,0.40039866071428565,62.86976666666658,1556.9104285714277,545.6590833333332,545.6590833333332,545.6590833333332,0.0,0.0,2929.9004761904753,0.0
2025-07-05,0,13,2:10-2:20,462.7318,0.0,0.3827,0.4002124999999999,43.63763333333338,1532.167091666666,506.3694333333334,506.3694333333334,506.3694333333334,0.0,0.0,2929.9004761904753,0.0
2025-07-05,0,14,2:20-2:30,460.0716666666666,0.0,0.3931,0.4036245535714285,37.488333333333344,1440.6046928571423,310.34134761904727,310.34134761904727,310.34134761904727,0.0,187.2186523809527,2721.87975132275,0.0
2025-07-05,0,15,2:30-2:40,449.71085,0.0,0.3825,0.3938401785714284,35.100900000000024,1369.6917761904751,484.81175,484.81175,484.81175,0.0,0.0,2721.87975132275,0.0
2025-07-05,0,16,2:40-2:50,422.50194999999997,0.0,0.3356,0.34766651785714286,36.29851666666673,1284.9353422619042,458.8004666666667,458.8004666666667,458.8004666666667,0.0,0.0,2721.87975132275,0.0
2025-07-05,0,17,2:50-3:00,411.59666666666664,0.0,0.3038,0.31379062500000005,50.7650000000001,1216.795892261904,1295.695,1295.695,1295.695,833.3333333333333,0.0,3471.87975132275,0.0
2025-07-05,0,18,3:00-3:10,457.08315,0.00028809523809523806,0.3545,0.3648794642857144,43.49665000000016,1202.7575374999992,500.57951190476206,500.57951190476206,500.57951190476206,0.0,0.0,3471.87975132275,0.0
2025-07-05,0,19,3:10-3:20,479.7230833333333,0.0,0.3723,0.3808866071428572,29.859550000000013,1123.4764839285708,509.5826333333333,509.5826333333333,509.5826333333333,0.0,0.0,3471.87975132275,0.0
2025-07-05,0,20,3:20-3:30,464.5516666666666,0.0,0.3423,0.3481352678571428,42.29333333333341,1019.3585255952376,506.845,506.845,506.845,0.0,0.0,3471.87975132275,0.0
2025-07-05,0,21,3:30-3:40,470.53116666666665,0.00398095238095238,0.3586,0.3670857142857143,40.18390476190484,974.4231089285709,510.7110904761905,510.7110904761905,510.7110904761905,0.0,0.0,3471.87975132275,0.0
2025-07-05,0,22,3:40-3:50,475.6655666666666,0.0,0.3701,0.37995714285714294,31.78138333333345,912.0559041666663,507.4469500000001,507.4469500000001,507.4469500000001,0.0,0.0,3471.87975132275,0.0
2025-07-05,0,23,3:50-4:00,468.89,0.0,0.3616,0.36876205357142844,34.039999999999964,829.1573333333332,502.92999999999995,502.92999999999995,502.92999999999995,0.0,0.0,3471.87975132275,0.0
2025-07-05,0,24,4:00-4:10,463.2266333333333,0.05547619047619047,0.3703,0.37476607142857155,39.02819285714281,723.5561023809524,502.1993499999999,502.1993499999999,502.1993499999999,0.0,0.0,3471.87975132275,0.0
2025-07-05,0,25,4:10-4:20,441.3489333333333,0.0,0.3502,0.3544075892857141,31.743033333333415,605.5488541666666,473.09196666666674,473.09196666666674,473.09196666666674,0.0,0.0,3471.87975132275,0.0
2025-07-05,0,26,4:20-4:30,426.6866666666666,0.0,0.3364,0.3416611607142858,35.83000000000004,502.9188458333333,462.51666666666665,462.51666666666665,462.51666666666665,0.0,0.0,3471.87975132275,0.0
2025-07-05,0,27,4:30-4:40,466.14958333333334,0.7727071428571427,0.4091,0.41403928571428567,31.73320000000001,437.7590833333334,0.0,0.0,0.0,0.0,497.1100761904762,2919.535222222221,0.0
2025-07-05,0,28,4:40-4:50,506.96254999999996,0.0,0.4249,0.43107991071428575,33.05093333333332,356.7098517857144,0.0,0.0,0.0,0.0,540.0134833333333,2319.5202407407396,0.0
2025-07-05,0,29,4:50-5:00,497.8516666666667,0.19374999999999998,0.3429,0.3491120535714286,43.03642857142859,400.94798630952414,540.6943452380953,540.6943452380953,540.6943452380953,0.0,0.0,2319.5202407407396,0.0
2025-07-05,0,30,5:00-5:10,439.5565333333333,22.21654523809524,0.2785,0.27776562500000007,39.87868809523809,389.197054761905,1290.5520095238094,1290.5520095238094,1290.5520095238094,833.3333333333333,0.0,3069.5202407407396,0.0
2025-07-05,0,31,5:10-5:20,427.67521666666664,52.039740476190474,0.327,0.3224754464285714,23.2317023809523,387.1402690476194,803.5162225161675,803.5162225161675,803.5162225161675,404.64904394473905,0.0,3433.704380291005,0.0
2025-07-05,0,32,5:20-5:30,459.1716666666667,82.97767857142858,0.3731,0.3696223214285715,25.337380952380954,458.37883154761926,401.531369047619,401.531369047619,401.531369047619,0.0,0.0,3433.704380291005,0.0
2025-07-05,0,33,5:30-5:40,447.88678333333337,118.93334999999998,0.2521,0.24657053571428572,28.758488095238135,488.6544005952385,1191.0452547619047,1191.0452547619047,1191.0452547619047,833.3333333333333,0.0,4183.704380291005,0.0
2025-07-05,0,34,5:40-5:50,458.40930000000003,156.9101761904762,0.389,0.3818834821428571,22.06232142857141,542.852373214286,323.56144523809525,323.56144523809525,323.56144523809525,0.0,0.0,4183.704380291005,0.0
2025-07-05,0,35,5:50-6:00,481.2783333333333,192.96785714285716,0.7163,0.7113620535714285,36.38886904761898,609.634510714286,0.0,0.0,0.0,0.0,324.69934523809513,3822.927330026455,0.0
2025-07-05,0,36,6:00-6:10,437.3886166666667,226.74952857142856,0.7158,0.7152754464285717,26.675333333333242,689.8340500000004,0.0,0.0,0.0,0.0,237.31442142857136,3559.2446395502643,0.0
2025-07-05,0,37,6:10-6:20,416.59231666666665,267.9025047619047,0.627,0.625888392857143,27.96427619047597,683.2872113095241,0.0,0.0,0.0,0.0,176.6540880952379,3362.9623194444443,0.0
2025-07-05,0,38,6:20-6:30,443.56499999999994,313.4767857142857,0.6252,0.6214183035714285,41.28726190476188,727.8251494047621,0.0,0.0,0.0,0.0,171.3754761904761,3172.5451236772487,0.0
2025-07-05,0,39,6:30-6:40,456.35226666666665,349.86686904761893,0.6345,0.6356375000000002,39.34455238095239,849.0846464285715,0.0,0.0,0.0,0.0,145.8299500000001,3010.5118458994707,0.0
2025-07-05,0,40,6:40-6:50,479.25325,381.1351666666667,0.621,0.6257348214285715,47.22947619047608,892.3937910714288,0.0,0.0,0.0,0.0,145.34755952380942,2849.0145575396823,0.0
2025-07-05,0,41,6:50-7:00,516.9866666666667,414.4919642857143,0.6032,0.6070437499999998,49.82577380952387,904.6418297619048,0.0,0.0,0.0,0.0,152.32047619047626,2679.7695839947087,0.0
2025-07-05,0,42,7:00-7:10,537.7388333333333,453.21455238095234,0.6128,0.617066517857143,48.80176190476186,954.7079726190477,0.0,0.0,0.0,0.0,133.32604285714285,2531.6295363756612,0.0
2025-07-05,0,43,7:10-7:20,534.114,490.9400666666666,0.5829,0.588749107142857,43.8354976190476,979.020842857143,0.0,0.0,0.0,0.0,87.00943095238102,2434.9523908730157,0.0
2025-07-05,0,44,7:20-7:30,532.5033333333333,526.9285714285713,0.521,0.5290933035714285,51.18595238095236,972.09085,0.0,0.0,0.0,0.0,56.76071428571436,2371.8849305555555,0.0
2025-07-05,0,45,7:30-7:40,562.1925,566.3497904761905,0.5272,0.5384218749999998,71.25651190476168,967.2186178571429,0.0,0.0,0.0,0.0,67.09922142857113,2297.3302400793655,0.0
2025-07-05,0,46,7:40-7:50,558.8634333333333,606.2501,0.6655,0.6788883928571428,66.32740000000001,972.5878964285713,0.0,0.0,0.0,0.0,18.940733333333355,2276.284980820106,0.0
2025-07-05,0,47,7:50-8:00,518.3866666666667,648.5321428571427,0.8358,0.8493482142857144,73.9444047619048,968.6564827380952,0.0,0.0,0.0,56.201071428571254,0.0,2326.86594510582,0.0
2025-07-05,0,48,8:00-8:10,504.47630000000004,695.8688714285714,0.8566,0.8692491071428573,71.63232619047619,978.1684244047617,0.0,0.0,0.0,119.7602452380952,0.0,2434.6501658201055,0.0
2025-07-05,0,49,8:10-8:20,516.0415166666667,727.5096071428571,0.8358,0.8498241071428572,58.29583571428583,1007.3614416666666,0.0,0.0,0.0,153.17225476190458,0.0,2572.50519510582,0.0
2025-07-05,0,50,8:20-8:30,520.6533333333333,748.5330357142858,0.8368,0.8540660714285714,81.22470238095252,1025.8258916666666,0.0,0.0,0.0,0.0,164.90065714285714,2389.2822427248675,0.0
2025-07-05,0,51,8:30-8:40,497.2163833333333,783.3488309523809,0.8257,0.8445035714285715,71.32669047619038,1058.7368440476191,0.0,0.0,0.0,0.0,-0.0,2389.2822427248684,0.0
2025-07-05,0,52,8:40-8:50,522.5326833333334,808.7113333333334,0.8478,0.8674955357142855,72.69865476190466,1070.3540184523808,0.0,0.0,0.0,-2.26117467291612e-13,4.627857142857724,2384.1401792328043,0.0
2025-07-05,0,53,8:50-9:00,600.2666666666667,836.1687499999999,0.8843,0.9067374999999996,88.58160714285725,1065.7261613095238,0.0,0.0,0.0,0.0,-0.0,2384.1401792328043,0.0
2025-07-05,0,54,9:00-9:10,649.3877,903.1625166666668,0.861,0.8887616071428572,102.46165714285712,1063.3379107142857,0.0,0.0,0.0,11.496336713697884,0.0,2394.4868822751323,0.0
2025-07-05,0,55,9:10-9:20,643.36195,964.3739285714287,0.8212,0.8498428571428571,91.54188095238084,1075.038194047619,0.0,0.0,0.0,0.0,-4.0927261579781767e-13,2394.4868822751328,0.0
2025-07-05,0,56,9:20-9:30,620.5133333333333,996.3651785714285,0.8007,0.8245441964285715,68.71500000000009,1059.3179124999988,0.0,0.0,0.0,72.35872427983338,0.0,2459.6097341269824,0.0
2025-07-05,0,57,9:30-9:40,641.4631166666666,1018.1327619047617,0.7922,0.8133526785714286,83.74383333333338,1133.6487607142844,0.0,0.0,0.0,292.92581190476255,0.0,2723.2429648412685,0.0
2025-07-05,0,58,9:40-9:50,657.7458999999999,1045.240138095238,0.7708,0.8029941964285715,87.23954285714291,1201.7877357142852,0.0,0.0,0.0,300.25469523809966,-0.0,2993.4721905555575,0.0
2025-07-05,0,59,9:50-10:00,646.785,1073.3107142857143,0.7448,0.7930357142857144,90.10809523809523,1081.821110119047,0.0,0.0,0.0,-0.0,620.3959828095268,2304.1433207671944,0.0
2025-07-05,0,60,10:00-10:10,636.6556833333333,1090.2881785714285,0.7399,0.7875727678571428,118.63909523809541,993.7289886904753,0.0,0.0,0.0,-0.0,22.624574999999187,2279.0049041005286,0.0
2025-07-05,0,61,10:10-10:20,641.82445,1125.8908261904762,0.7074,0.7496727678571429,108.40300952380949,971.1044136904757,0.0,0.0,0.0,375.6633666666668,0.0,2617.1019341005285,0.0
2025-07-05,0,62,10:20-10:30,641.5899999999999,1176.3580357142855,0.6765,0.7189459821428571,91.7222619047619,1050.416295238094,0.0,0.0,0.0,0.0,206.30982580952394,2387.8687943121686,0.0
2025-07-05,0,63,10:30-10:40,610.5781833333333,1207.692945238095,0.6967,0.7427477678571428,142.08170476190475,1069.0819148809514,0.0,0.0,0.0,0.0,3.94266190476219,2383.488058862433,0.0
2025-07-05,0,64,10:40-10:50,624.1939833333333,1239.9498880952378,0.5301,0.5712254464285714,134.41279047619054,1065.1392529761897,0.0,0.0,0.0,0.0,5.472392261905043,2377.4076230158716,0.0
2025-07-05,0,65,10:50-11:00,664.3766666666667,1272.7830357142857,0.2587,0.28903526785714284,119.40797619047635,1059.6668607142847,0.0,0.0,0.0,27.135508524397665,0.0,2401.8295806878295,0.0
2025-07-05,0,66,11:00-11:10,638.1434666666667,1281.3989095238094,0.2292,0.2574723392857142,145.1116571428572,1081.6466226190469,0.0,0.0,0.0,348.9798905055866,0.0,2715.9114821428575,0.0
2025-07-05,0,67,11:10-11:20,623.9686166666667,1279.947426190476,0.2789,0.3059370535714285,119.46776666666665,1364.3203339285715,0.0,0.0,0.0,536.5110428571428,0.0,3198.7714207142863,0.0
2025-07-05,0,68,11:20-11:30,633.7683333333333,1273.186607142857,0.2859,0.31175669642857134,128.45107142857142,1699.938253571428,0.0,0.0,0.0,510.96720238095224,-0.0,3658.6419028571436,0.0
2025-07-05,0,69,11:30-11:40,603.2526166666667,1252.5326833333334,0.2905,0.3206370535714286,163.40148809523808,1905.4645333333324,0.0,0.0,0.0,485.87857857142865,0.0,4095.9326235714293,0.0
2025-07-05,0,70,11:40-11:50,601.78115,1233.8898547619046,0.2917,0.32699330357142864,174.5667595238097,2031.890919047618,0.0,0.0,0.0,457.54194523809497,-0.0,4507.720374285715,0.0
2025-07-05,0,71,11:50-12:00,632.2183333333332,1235.6830357142858,0.2636,0.30041160714285714,161.56666666666658,2121.9234374999987,0.0,0.0,0.0,441.8980357142859,0.0,4905.4286064285725,0.0
2025-07-05,0,72,12:00-12:10,625.10475,1262.5739023809524,0.1995,0.23386071428571428,142.6486166666666,2211.184202380951,0.0,0.0,0.0,494.8205357142858,0.0,5350.76708857143,0.0
2025-07-05,0,73,12:10-12:20,623.3539999999999,1280.619988095238,0.213,0.24564017857142856,162.80031666666662,2133.664360714284,0.0,0.0,0.0,494.46567142857157,0.0,5795.786192857144,0.0
2025-07-05,0,74,12:20-12:30,634.7116666666666,1273.2589285714284,0.2677,0.30332991071428567,169.67690476190472,2083.52938690476,0.0,0.0,0.0,468.8703571428571,0.0,6217.769514285716,0.0
2025-07-05,0,75,12:30-12:40,616.5096,1251.6718261904762,0.2379,0.28039732142857143,158.95608571428593,2045.584178571427,0.0,0.0,0.0,476.2061404761903,0.0,6646.355040714287,0.0
2025-07-05,0,76,12:40-12:50,582.7522833333333,1229.7255523809522,0.3483,0.3899749999999999,182.17721666666694,1979.155557738094,0.0,0.0,0.0,464.796052380952,0.0,7064.671487857144,0.0
2025-07-05,0,77,12:50-13:00,581.3766666666667,1214.1285714285714,0.5921,0.6279379464285714,132.1548214285712,1877.6853452380944,0.0,0.0,0.0,500.59708333333356,-0.0,7515.208862857144,0.0
2025-07-05,0,78,13:00-13:10,645.6814666666667,1201.3304285714285,0.7128,0.751572767857143,105.40643095238102,1676.3401815476184,0.0,0.0,0.0,450.2425309523808,0.0,7920.427140714286,0.0
2025-07-05,0,79,13:10-13:20,678.5718499999999,1178.054742857143,0.7362,0.7779776785714284,129.22695714285746,1497.3509690476183,0.0,0.0,0.0,370.2559357142857,0.0,8253.657482857143,0.0
2025-07-05,0,80,13:20-13:30,649.9483333333333,1155.4499999999998,0.7369,0.7767611607142857,128.2686904761905,1418.57293452381,0.0,0.0,0.0,377.23297619047605,0.0,8593.167161428571,0.0
2025-07-05,0,81,13:30-13:40,621.2914,1154.7957547619048,0.7479,0.7866785714285716,114.98794285714274,1502.7325773809525,0.0,0.0,0.0,418.5164119047622,-0.0,8969.831932142857,0.0
2025-07-05,0,82,13:40-13:50,620.0087666666666,1133.5790666666667,0.7402,0.7884040178571429,121.31545238095231,1552.193931547619,0.0,0.0,0.0,392.2548476190477,0.0,9322.861295,0.0
2025-07-05,0,83,13:50-14:00,637.04,1096.2321428571427,0.7375,0.7980066964285718,124.71714285714262,1530.6011642857145,0.0,0.0,0.0,334.47500000000014,0.0,9623.888795,0.0
2025-07-05,0,84,14:00-14:10,641.6786,1088.473476190476,0.794,0.8513526785714285,129.7689476190476,1448.620569047619,0.0,0.0,0.0,317.0259285714285,-0.0,9909.212130714286,0.0
2025-07-05,0,85,14:10-14:20,625.3480333333333,1070.3920690476189,0.8205,0.870525892857143,121.34627857142857,1339.9348011904765,0.0,0.0,0.0,323.697757142857,0.0,10200.540112142857,0.0
2025-07-05,0,86,14:20-14:30,614.9,1024.9125,0.821,0.8701919642857143,134.10273809523792,1328.2093261904765,0.0,0.0,0.0,275.909761904762,-0.0,10448.858897857142,0.0
2025-07-05,0,87,14:30-14:40,646.2053666666666,977.6973357142856,0.8596,0.9132026785714286,132.45756428571428,1384.032436309524,0.0,0.0,0.0,-0.0,39.5912442857177,10404.868626428568,0.0
2025-07-05,0,88,14:40-14:50,674.2856833333333,944.5851928571429,0.7379,0.7861839285714287,150.03054761904752,1360.1183720238096,0.0,0.0,0.0,120.26896190476216,0.0,10513.110692142855,0.0
2025-07-05,0,89,14:50-15:00,667.2216666666666,915.1044642857144,0.5278,0.5632441964285715,120.30273809523798,1370.012741666667,0.0,0.0,0.0,127.58005952381035,0.0,10627.932745714286,0.0
2025-07-05,0,90,15:00-15:10,637.5058333333333,865.5424642857143,0.5224,0.555046875,111.41429761904766,1441.600316071429,0.0,0.0,0.0,116.62233333333336,0.0,10732.892845714287,0.0
2025-07-05,0,91,15:10-15:20,637.9091833333333,812.2018642857142,0.5602,0.5969383928571429,110.56643809523803,1473.400916071429,0.0,0.0,0.0,63.72624285714289,0.0,10790.246464285716,0.0
2025-07-05,0,92,15:20-15:30,663.0699999999999,771.1366071428571,0.5567,0.5973857142857143,97.22934523809539,1446.3326369047622,0.0,0.0,0.0,10.837261904758634,0.0,10800.0,0.0
2025-07-05,0,93,15:30-15:40,663.3140999999999,744.1286833333334,0.5931,0.6331410714285715,111.86396190476188,1389.4192291666673,31.049378571428406,31.049378571428406,31.049378571428406,0.0,-0.0,10800.0,0.0
2025-07-05,0,94,15:40-15:50,679.7467999999999,718.326507142857,0.6322,0.6669133928571431,87.27817142857168,1368.2167023809525,48.69846428571452,48.69846428571452,48.69846428571452,0.0,0.0,10800.0,0.0
2025-07-05,0,95,15:50-16:00,701.7716666666666,686.8267857142856,0.6402,0.671292857142857,62.241130952380956,1290.0370398809528,77.18601190476204,77.18601190476204,77.18601190476204,0.0,0.0,10800.0,0.0
2025-07-05,0,96,16:00-16:10,675.4354833333333,649.8527952380953,0.6274,0.6633946428571429,73.35887142857138,1240.2407303571435,98.94155952380947,98.94155952380947,98.94155952380947,0.0,0.0,10800.0,0.0
2025-07-05,0,97,16:10-16:20,670.1234499999999,599.070207142857,0.6399,0.6766651785714285,82.36712380952379,1188.1856184523815,153.42036666666672,153.42036666666672,153.42036666666672,0.0,0.0,10800.0,0.0
2025-07-05,0,98,16:20-16:30,700.3716666666666,544.3964285714286,0.6858,0.7157410714285717,96.98613095238113,1172.8230184523813,252.9613690476191,252.9613690476191,252.9613690476191,0.0,0.0,10800.0,0.0
2025-07-05,0,99,16:30-16:40,702.4640999999999,507.1946190476191,0.7243,0.74888125,84.88941666666676,1164.2251601190485,280.1588976190476,280.1588976190476,280.1588976190476,0.0,0.0,10800.0,0.0
2025-07-05,0,100,16:40-16:50,648.0269,473.2801333333334,0.7085,0.7317482142857141,74.87834999999995,1205.2081863095245,249.6251166666665,249.6251166666665,249.6251166666665,0.0,0.0,10800.0,0.0
2025-07-05,0,101,16:50-17:00,571.0999999999999,434.1633928571428,0.6604,0.6837169642857143,76.2044047619047,1183.266478571429,213.1410119047618,213.1410119047618,213.1410119047618,0.0,0.0,10800.0,0.0
2025-07-05,0,102,17:00-17:10,542.3515333333332,395.5269357142856,0.6518,0.6726749999999999,68.64034285714288,1138.181136904762,215.46494047619046,215.46494047619046,215.46494047619046,0.0,0.0,10800.0,0.0
2025-07-05,0,103,17:10-17:20,566.6248833333333,360.2868904761904,0.6742,0.6945549107142857,69.76671428571422,1100.101149404762,276.1047071428571,276.1047071428571,276.1047071428571,0.0,0.0,10800.0,0.0
2025-07-05,0,104,17:20-17:30,590.15,325.36785714285713,0.6758,0.6963098214285711,95.26613095238076,1047.7512392857143,360.0482738095236,360.0482738095236,360.0482738095236,0.0,0.0,10800.0,0.0
2025-07-05,0,105,17:30-17:40,551.81485,285.09259285714285,0.6465,0.6623174107142855,76.53786190476194,1053.1589511904756,343.26011904761907,343.26011904761907,343.26011904761907,-0.0,0.0,10800.0,0.0
2025-07-05,0,106,17:40-17:50,524.1787333333333,243.7336547619047,0.8138,0.8281772321428569,63.20751190476187,1069.12929047619,343.6525904761905,343.6525904761905,343.6525904761905,0.0,-0.0,10800.0,0.0
2025-07-05,0,107,17:50-18:00,539.135,203.74642857142857,1.0927,1.1087950892857141,59.53702380952376,1061.5308071428565,394.92559523809524,394.92559523809524,394.92559523809524,0.0,-0.0,10800.0,0.0
2025-07-05,0,108,18:00-18:10,560.2122499999999,164.07688809523808,1.1459,1.1587857142857143,48.061066666666534,1038.680866666666,444.1964285714284,444.1964285714284,444.1964285714284,0.0,0.0,10800.0,0.0
2025-07-05,0,109,18:10-18:20,575.5015666666666,126.93616428571428,1.11,1.1210191964285714,62.010095238095346,1022.6030815476183,510.5754976190476,510.5754976190476,510.5754976190476,0.0,0.0,10800.0,0.0
2025-07-05,0,110,18:20-18:30,576.8399999999999,92.18392857142857,1.1136,1.1272964285714286,64.27410714285713,1079.0482232142854,548.9301785714285,548.9301785714285,548.9301785714285,0.0,0.0,10800.0,0.0
2025-07-05,0,111,18:30-18:40,563.6002166666666,57.299545238095234,1.1451,1.1636848214285713,52.9071523809522,1086.0109464285713,511.28436011904756,511.28436011904756,511.28436011904756,0.0,47.92346369047601,10746.751707010582,0.0
2025-07-05,0,112,18:40-18:50,575.6640166666666,23.43385476190476,1.1573,1.1855508928571425,46.058223809523724,1076.4755303571424,0.0,0.0,0.0,0.0,598.2883857142856,10081.98683399471,0.0
2025-07-05,0,113,18:50-19:00,606.4749999999999,0.20357142857142854,1.1592,1.1987691964285716,67.01666666666665,1002.6884226190472,0.0,0.0,0.0,0.0,673.2880952380951,9333.888950396826,0.0
2025-07-05,0,114,19:00-19:10,608.6219833333333,0.0,1.1999,1.244347321428571,54.24365,988.9130630952376,0.0,0.0,0.0,0.0,662.8656333333333,8597.371580026454,0.0
2025-07-05,0,115,19:10-19:20,596.7457666666667,0.7983214285714284,1.2365,1.279515625,64.62633333333349,1027.5352309523805,0.0,0.0,0.0,0.0,660.5737785714288,7863.40071494709,0.0
2025-07-05,0,116,19:20-19:30,580.4166666666666,0.0,1.2345,1.274225,77.27999999999986,1077.203300595238,0.0,0.0,0.0,0.0,657.6966666666665,7132.626640873016,0.0
2025-07-05,0,117,19:30-19:40,559.1356166666667,0.0,1.2034,1.2428718749999998,51.43828095238098,1090.9270505952381,0.0,0.0,0.0,0.0,610.5738976190477,6454.211199074074,0.0
2025-07-05,0,118,19:40-19:50,574.28055,0.05731666666666666,1.1991,1.2394205357142856,50.027588095238116,1063.4071148809523,0.0,0.0,0.0,0.0,624.2508214285714,5760.5991752645505,0.0
2025-07-05,0,119,19:50-20:00,617.2516666666667,0.0,1.2292,1.2708294642857143,65.33500000000004,1019.5783178571429,0.0,0.0,0.0,0.0,682.5866666666667,5002.169545634921,0.0
2025-07-05,0,120,20:00-20:10,628.0102833333333,0.0,1.2402,1.2846495535714284,52.50258333333335,991.6165601190473,0.0,0.0,0.0,0.0,680.5128666666667,4246.044138227513,0.0
2025-07-05,0,121,20:10-20:20,586.2951333333333,0.004114285714285714,1.1768,1.2217977678571426,52.18825000000004,923.7287017857141,0.0,0.0,0.0,0.0,638.479269047619,3536.6227281746033,0.0
2025-07-05,0,122,20:20-20:30,546.4483333333333,0.0,1.1303,1.1742901785714286,98.1400000000001,879.6869511904761,0.0,0.0,0.0,0.0,644.5883333333334,2820.4134689153443,0.0
2025-07-05,0,123,20:30-20:40,584.8610166666666,0.0,1.2217,1.2660696428571423,62.46686666666676,873.8211178571429,0.0,0.0,0.0,0.0,647.3278833333334,2101.1602652116403,0.0
2025-07-05,0,124,20:40-20:50,614.6865,0.0002952380952380952,1.1281,1.163674553571429,55.428116666666654,811.0442386904763,639.5759410714284,639.5759410714284,639.5759410714284,0.0,30.538380357143204,2067.228731481481,0.0
2025-07-05,0,125,20:50-21:00,610.7333333333333,0.0,0.8835,0.9064272321428569,72.32333333333327,780.5058583333332,683.0566666666666,683.0566666666666,683.0566666666666,0.0,0.0,2067.228731481481,0.0
2025-07-05,0,126,21:00-21:10,624.4709333333333,0.0,0.8573,0.8815937500000002,48.67683333333321,775.3535083333336,673.1477666666665,673.1477666666665,673.1477666666665,0.0,0.0,2067.228731481481,0.0
2025-07-05,0,127,21:10-21:20,605.5821166666666,0.0,0.8878,0.9183330357142856,74.02948333333347,703.712995833333,679.6116000000001,679.6116000000001,679.6116000000001,0.0,0.0,2067.228731481481,0.0
2025-07-05,0,128,21:20-21:30,573.6683333333333,0.0,0.8986,0.9308133928571428,81.745,635.3896416666664,655.4133333333333,655.4133333333333,655.4133333333333,0.0,0.0,2067.228731481481,0.0
2025-07-05,0,129,21:30-21:40,600.9089833333333,0.0,0.9472,0.9750651785714288,65.0344500000001,611.9296416666666,454.33563333333404,454.33563333333404,454.33563333333404,0.0,211.60779999999932,1832.1089537037042,0.0
2025-07-05,0,130,21:40-21:50,589.9012,0.0,0.7579,0.7790147321428572,44.73658333333333,568.8980583333337,613.0700624999998,613.0700624999998,613.0700624999998,0.0,21.56772083333353,1808.1448194444447,0.0
2025-07-05,0,131,21:50-22:00,538.6033333333332,0.0,0.4481,0.46620714285714293,56.854999999999905,547.3303375000003,595.4583333333331,595.4583333333331,595.4583333333331,0.0,0.0,1808.1448194444447,0.0
2025-07-05,0,132,22:00-22:10,542.2898,0.0,0.4399,0.4625861607142857,85.86169999999993,502.8877333333337,628.1514999999999,628.1514999999999,628.1514999999999,0.0,0.0,1808.1448194444447,0.0
2025-07-05,0,133,22:10-22:20,534.0864999999999,0.0,0.4691,0.4935508928571429,78.03221666666673,496.636641666667,612.1187166666666,612.1187166666666,612.1187166666666,0.0,0.0,1808.1448194444447,0.0
2025-07-05,0,134,22:20-22:30,492.7683333333333,0.0,0.3957,0.4171450892857144,77.34500000000003,457.3054375000004,1061.063533950617,1061.063533950617,1061.063533950617,490.95020061728366,0.0,2250.0,0.0
2025-07-05,0,135,22:30-22:40,478.3714166666667,0.0,0.3547,0.37571026785714284,51.00851666666665,398.32887916666687,1362.7132666666666,1362.7132666666666,1362.7132666666666,833.3333333333333,0.0,3000.0,0.0
2025-07-05,0,136,22:40-22:50,521.1712166666666,0.0,0.3767,0.3967174107142856,60.994533333333266,364.0145833333334,1415.4990833333331,1415.4990833333331,1415.4990833333331,833.3333333333333,0.0,3750.0,0.0
2025-07-05,0,137,22:50-23:00,552.9783333333332,0.0,0.4124,0.43110357142857136,62.01666666666654,354.8159791666668,614.9949999999998,614.9949999999998,614.9949999999998,0.0,0.0,3750.0,0.0
2025-07-05,0,138,23:00-23:10,484.43924999999996,0.0,0.3958,0.4172058035714285,52.61826666666673,315.21046250000006,537.0575166666667,537.0575166666667,537.0575166666667,0.0,0.0,3750.0,0.0
2025-07-05,0,139,23:10-23:20,490.40546666666665,0.0,0.3908,0.41526339285714275,44.411,250.87279166666673,1368.1498,1368.1498,1368.1498,833.3333333333333,0.0,4500.0,0.0
2025-07-05,0,140,23:20-23:30,553.8249999999999,0.0,0.3934,0.418675,78.06166666666661,174.15050000000005,631.8866666666665,631.8866666666665,631.8866666666665,0.0,0.0,4500.0,0.0
2025-07-05,0,141,23:30-23:40,500.0285666666667,0.0,0.3414,0.3661959821428572,74.72611666666671,139.93020833333338,1408.0880166666666,1408.0880166666666,1408.0880166666666,833.3333333333333,0.0,5250.0,0.0
2025-07-05,0,142,23:40-23:50,545.7467333333333,0.0,0.3395,0.36508392857142863,63.36116666666658,85.98514166666678,1442.441233333333,1442.441233333333,1442.441233333333,833.3333333333333,0.0,6000.0,0.0
2025-07-05,0,143,23:50-24:00,691.9833333333332,0.0,0.4189,0.44537678571428574,90.43333333333334,44.826666666666654,782.4166666666665,782.4166666666665,782.4166666666665,0.0,0.0,6000.0,0.0
2025-07-06,0,0,0:00-0:10,705.1198999999999,0.0,0.4981,0.52113125,72.25406666666663,1241.8109880952375,777.3739666666665,777.3739666666665,777.3739666666665,0.0,0.0,4877.390753703702,0.0
2025-07-06,0,1,0:10-0:20,674.3509333333333,0.0,0.5145,0.5328950892857142,86.40531666666669,1240.4372880952374,760.7562499999999,760.7562499999999,760.7562499999999,0.0,0.0,4877.390753703702,0.0
2025-07-06,0,2,0:20-0:30,673.2516666666667,0.0,0.4864,0.5004428571428573,72.22500000000002,1279.6021880952376,745.4766666666667,745.4766666666667,745.4766666666667,0.0,0.0,4877.390753703702,0.0
2025-07-06,0,3,0:30-0:40,676.7456333333333,0.0,0.4788,0.4937084821428572,79.58943333333332,1312.5238547619042,756.3350666666666,756.3350666666666,756.3350666666666,0.0,0.0,4877.390753703702,0.0
2025-07-06,0,4,0:40-0:50,665.3013,0.0,0.445,0.4622133928571429,47.5016833333334,1332.92751547619,712.8029833333334,712.8029833333334,712.8029833333334,0.0,0.0,4877.390753703702,0.0
2025-07-06,0,5,0:50-1:00,643.5533333333333,0.0,0.4135,0.4325236607142859,83.72833333333335,1392.1323619047616,1560.6149999999998,1560.6149999999998,1560.6149999999998,833.3333333333333,0.0,5627.390753703702,0.0
2025-07-06,0,6,1:00-1:10,635.2361666666666,0.0,0.4675,0.48873839285714293,71.39769999999999,1458.5683291666664,706.6338666666666,706.6338666666666,706.6338666666666,0.0,0.0,5627.390753703702,0.0
2025-07-06,0,7,1:10-1:20,651.9194,0.0,0.4986,0.5184165178571428,75.55776666666668,1454.50119345238,727.4771666666667,727.4771666666667,727.4771666666667,0.0,0.0,5627.390753703702,0.0
2025-07-06,0,8,1:20-1:30,660.2266666666667,0.0,0.4597,0.47639508928571433,56.945000000000164,1486.9820083333325,717.1716666666669,717.1716666666669,717.1716666666669,0.0,0.0,5627.390753703702,0.0
2025-07-06,0,9,1:30-1:40,625.0110833333333,0.0,0.4191,0.4369312499999999,64.37408333333337,1513.40793095238,1436.728773662553,1436.728773662553,1436.728773662553,747.3436069958865,0.0,6300.0,0.0
2025-07-06,0,10,1:40-1:50,661.7818,0.0,0.4582,0.4747700892857143,71.00720000000001,1509.491847619047,732.789,732.789,732.789,0.0,0.0,6300.0,0.0
2025-07-06,0,11,1:50-2:00,721.0616666666666,0.0,0.5234,0.5381370535714285,64.54999999999995,1485.2271279761899,785.6116666666666,785.6116666666666,785.6116666666666,0.0,0.0,6300.0,0.0
2025-07-06,0,12,2:00-2:10,640.7914333333333,0.0,0.484,0.5042124999999998,69.39686666666665,1494.6010267857132,710.1883,710.1883,710.1883,0.0,0.0,6300.0,0.0
2025-07-06,0,13,2:10-2:20,610.5717,0.0,0.443,0.4620245535714284,51.65983333333327,1476.2288970238087,662.2315333333332,662.2315333333332,662.2315333333332,0.0,0.0,6300.0,0.0
2025-07-06,0,14,2:20-2:30,672.5433333333333,0.0,0.4628,0.47404732142857153,45.524999999999864,1448.5837607142848,718.0683333333332,718.0683333333332,718.0683333333332,0.0,0.0,6300.0,0.0
2025-07-06,0,15,2:30-2:40,674.6642833333333,0.0,0.4979,0.5091232142857143,38.22351666666668,1371.0140434523803,712.8878,712.8878,712.8878,0.0,0.0,6300.0,0.0
2025-07-06,0,16,2:40-2:50,637.6977666666667,0.0,0.4747,0.4870089285714286,36.29851666666673,1308.161093452381,673.9962833333334,673.9962833333334,673.9962833333334,0.0,0.0,6300.0,0.0
2025-07-06,0,17,2:50-3:00,607.9866666666667,0.0,0.432,0.4433656250000001,51.866666666666674,1230.8643494047622,659.8533333333334,659.8533333333334,659.8533333333334,0.0,0.0,6300.0,0.0
2025-07-06,0,18,3:00-3:10,602.3376166666667,0.00028809523809523806,0.4704,0.48251830357142855,43.49665000000016,1169.3890321428564,645.8339785714287,645.8339785714287,645.8339785714287,0.0,0.0,6300.0,0.0
2025-07-06,0,19,3:10-3:20,601.2627833333333,0.0,0.4739,0.4843642857142857,29.859550000000013,1097.499264285714,631.1223333333334,631.1223333333334,631.1223333333334,0.0,0.0,6300.0,0.0
2025-07-06,0,20,3:20-3:30,597.3399999999999,0.0,0.4158,0.4232276785714285,42.60833333333335,1023.1659851190471,1473.2816666666665,1473.2816666666665,1473.2816666666665,833.3333333333333,0.0,7050.0,0.0
2025-07-06,0,21,3:30-3:40,599.6289833333333,0.003995238095238095,0.3954,0.4041089285714285,42.07823095238098,957.2451517857138,1475.0365523809523,1475.0365523809523,1475.0365523809523,833.3333333333333,0.0,7800.0,0.0
2025-07-06,0,22,3:40-3:50,600.3096166666667,0.0,0.4335,0.4436290178571428,40.81929761904769,896.6652726190473,641.1289142857144,641.1289142857144,641.1289142857144,0.0,0.0,7800.0,0.0
2025-07-06,0,23,3:50-4:00,606.6949999999999,0.0,0.4851,0.4937450892857142,37.671666666666624,808.1689827380951,644.3666666666666,644.3666666666666,644.3666666666666,0.0,0.0,7800.0,0.0
2025-07-06,0,24,4:00-4:10,633.07485,0.05568809523809524,0.4851,0.49078928571428565,39.54929047619055,725.6738351190477,672.5684523809524,672.5684523809524,672.5684523809524,0.0,0.0,7800.0,0.0
2025-07-06,0,25,4:10-4:20,645.0201333333333,0.0,0.4643,0.4699669642857144,32.37580000000003,658.2782738095239,677.3959333333333,677.3959333333333,677.3959333333333,0.0,0.0,7800.0,0.0
2025-07-06,0,26,4:20-4:30,634.5316666666666,0.0,0.4383,0.4457062500000001,40.306666666666615,595.1803261904759,674.8383333333333,674.8383333333333,674.8383333333333,0.0,0.0,7800.0,0.0
2025-07-06,0,27,4:30-4:40,624.7284,0.7756404761904762,0.4027,0.40867723214285706,32.20966904761917,541.5819624999997,1489.4957619047618,1489.4957619047618,1489.4957619047618,833.3333333333333,0.0,8550.0,0.0
2025-07-06,0,28,4:40-4:50,608.8477833333333,0.0,0.4247,0.430722767857143,33.19125476190476,464.05894047619046,1475.3723714285713,1475.3723714285713,1475.3723714285713,833.3333333333333,0.0,9300.0,0.0
2025-07-06,0,29,4:50-5:00,593.7366666666667,0.09910714285714287,0.483,0.4896352678571429,43.03642857142859,411.24918869047576,636.6739880952381,636.6739880952381,636.6739880952381,0.0,0.0,9300.0,0.0
2025-07-06,0,30,5:00-5:10,598.5418,21.967654761904758,0.4814,0.48312678571428563,39.87868809523809,425.8293107142855,616.4528333333333,616.4528333333333,616.4528333333333,0.0,0.0,9300.0,0.0
2025-07-06,0,31,5:10-5:20,606.0290166666666,51.86703095238096,0.4455,0.4417803571428571,24.03445714285715,421.6845785714284,578.1964428571428,578.1964428571428,578.1964428571428,0.0,0.0,9300.0,0.0
2025-07-06,0,32,5:20-5:30,599.7616666666667,82.95982142857142,0.392,0.38631160714285706,25.337380952380954,445.08451666666656,1375.4725595238094,1375.4725595238094,1375.4725595238094,833.3333333333333,0.0,10050.0,0.0
2025-07-06,0,33,5:30-5:40,593.4455166666667,118.6231976190476,0.3508,0.34588928571428573,36.49281666666661,476.91751011904756,1344.648469047619,1344.648469047619,1344.648469047619,833.3333333333333,0.0,10800.0,0.0
2025-07-06,0,34,5:40-5:50,674.1110166666666,155.98284999999998,0.5531,0.5477433035714285,27.255973809523766,538.8498113095236,545.3841404761904,545.3841404761904,545.3841404761904,-0.0,0.0,10800.0,0.0
2025-07-06,0,35,5:50-6:00,793.93,192.0857142857143,0.8724,0.8671375000000001,37.24511904761914,610.825601190476,0.0,0.0,0.0,0.0,639.0894047619048,10089.900661375661,0.0
2025-07-06,0,36,6:00-6:10,807.3885333333333,227.28122857142858,0.9143,0.9142821428571429,29.011404761904828,691.0221940476189,0.0,0.0,0.0,0.0,609.1187095238095,9413.102095238095,0.0
2025-07-06,0,37,6:10-6:20,787.1801499999999,268.2302238095238,0.8391,0.8399906249999997,29.031795238095242,687.6534297619048,0.0,0.0,0.0,0.0,547.9817214285713,8804.233515873017,0.0
2025-07-06,0,38,6:20-6:30,785.7083333333333,313.05892857142857,0.8024,0.8004352678571429,42.361190476190416,740.6350994047625,515.010595238095,515.010595238095,515.010595238095,0.0,0.0,8804.233515873017,0.0
2025-07-06,0,39,6:30-6:40,786.8998333333334,352.15546190476186,0.8005,0.8019830357142854,48.541159523809426,864.6636886904768,483.285530952381,483.285530952381,483.285530952381,0.0,0.0,8804.233515873017,0.0
2025-07-06,0,40,6:40-6:50,805.1825,385.44897380952375,0.7883,0.7933098214285713,47.22947619047608,919.5307869047625,466.9630023809523,466.9630023809523,466.9630023809523,0.0,0.0,8804.233515873017,0.0
2025-07-06,0,41,6:50-7:00,825.05,417.9741071428571,0.7658,0.7708218750000003,49.82577380952387,946.6084744047621,456.9016666666667,456.9016666666667,456.9016666666667,0.0,0.0,8804.233515873017,0.0
2025-07-06,0,42,7:00-7:10,812.5890333333333,454.9289785714286,0.7705,0.7751312499999995,48.80176190476186,1000.0404684523812,406.46181666666655,406.46181666666655,406.46181666666655,0.0,0.0,8804.233515873017,0.0
2025-07-06,0,43,7:10-7:20,810.93055,492.10467142857135,0.7765,0.7828897321428573,46.749969047619004,1057.7585071428575,365.57584761904775,365.57584761904775,365.57584761904775,0.0,0.0,8804.233515873017,0.0
2025-07-06,0,44,7:20-7:30,816.2399999999999,531.4767857142856,0.7416,0.751021875,59.15535714285704,1046.2389303571433,343.91857142857134,343.91857142857134,343.91857142857134,0.0,0.0,8804.233515873017,0.0
2025-07-06,0,45,7:30-7:40,801.0925833333333,579.0338404761903,0.686,0.6967348214285716,70.340507142857,1028.6542011904762,292.39924999999994,292.39924999999994,292.39924999999994,0.0,0.0,8804.233515873017,0.0
2025-07-06,0,46,7:40-7:50,900.2693833333333,623.3620261904762,0.8619,0.8735946428571427,64.11464523809536,1033.107475,0.0,0.0,0.0,0.0,341.0220023809525,8425.320179894181,0.0
2025-07-06,0,47,7:50-8:00,1061.7083333333333,666.9276785714286,1.1544,1.1667709821428573,70.47065476190483,1032.693293452381,0.0,0.0,0.0,0.0,465.2513095238095,7908.374280423282,0.0
2025-07-06,0,48,8:00-8:10,1085.1868666666664,719.6821928571428,1.1801,1.1916964285714287,71.02783809523805,1049.243992857143,0.0,0.0,0.0,0.0,436.5325119047618,7423.338156084657,0.0
2025-07-06,0,49,8:10-8:20,1083.8076166666665,750.3685952380952,1.167,1.1796008928571433,58.29583571428583,1079.5161476190476,0.0,0.0,0.0,0.0,391.7348571428572,6988.077203703705,0.0
2025-07-06,0,50,8:20-8:30,1102.705,766.1616071428571,1.2021,1.2173999999999996,81.22470238095252,1099.412375595238,0.0,0.0,0.0,0.0,417.7680952380954,6523.8904312169325,0.0
2025-07-06,0,51,8:30-8:40,1076.5082166666666,806.0197857142857,1.1451,1.161528571428572,65.49021904761935,1134.780455952381,0.0,0.0,0.0,0.0,335.97865000000024,6150.580820105821,0.0
2025-07-06,0,52,8:40-8:50,1087.2121666666667,842.3209499999999,1.13,1.1477294642857143,70.79077380952361,1140.5611589285722,0.0,0.0,0.0,0.0,315.68199047619044,5799.823052910054,0.0
2025-07-06,0,53,8:50-9:00,1122.445,876.3178571428571,1.1473,1.1683196428571427,86.29666666666657,1134.0254208333338,0.0,0.0,0.0,0.0,332.4238095238095,5430.463264550265,0.0
2025-07-06,0,54,9:00-9:10,1084.9190166666667,938.2281976190476,1.0542,1.0799102678571424,97.44426428571433,1133.4274321428577,0.0,0.0,0.0,0.0,244.13508333333345,5159.202060846561,0.0
2025-07-06,0,55,9:10-9:20,1064.3483666666666,991.5532714285714,1.0245,1.0511035714285712,88.33581666666669,1186.6680744047621,0.0,0.0,0.0,0.0,161.1309119047619,4980.167714285714,0.0
2025-07-06,0,56,9:20-9:30,1091.5516666666667,1020.2705357142856,1.0815,1.1038558035714288,67.56940476190465,1252.8118244047619,0.0,0.0,0.0,0.0,138.8505357142858,4825.889341269841,0.0
2025-07-06,0,57,9:30-9:40,1102.07205,1044.5961666666665,1.0703,1.0893446428571427,83.74383333333338,1348.8398005952379,0.0,0.0,0.0,0.0,141.21971666666695,4668.978544973545,0.0
2025-07-06,0,58,9:40-9:50,1080.5157333333332,1078.103819047619,1.0468,1.0777830357142857,87.23954285714291,1385.0054452380953,0.0,0.0,0.0,0.0,89.651457142857,4569.365814814814,0.0
2025-07-06,0,59,9:50-10:00,1064.5566666666666,1110.6419642857143,1.0298,1.0793375,90.10809523809523,1285.6976803571429,0.0,0.0,0.0,0.0,44.02279761904765,4520.451595238094,0.0
2025-07-06,0,60,10:00-10:10,1095.86715,1125.152569047619,0.9642,1.0143160714285715,115.27108333333308,1170.5327898809521,0.0,0.0,0.0,0.0,85.98566428571417,4424.911968253968,0.0
2025-07-06,0,61,10:10-10:20,1079.7578833333332,1160.9576952380953,0.8693,0.913386160714286,104.41200238095229,1201.3733749999992,0.0,0.0,0.0,0.0,23.212190476190244,4399.120645502645,0.0
2025-07-06,0,62,10:20-10:30,1026.81,1212.641964285714,0.8303,0.8736138392857139,84.94160714285735,1282.9362886904753,0.0,0.0,0.0,100.89035714285683,0.0,4489.921966931216,0.0
2025-07-06,0,63,10:30-10:40,1042.5528166666666,1234.8290785714285,0.8968,0.9440049107142857,132.63631904761905,1322.6292934523806,0.0,0.0,0.0,59.63994285714284,0.0,4543.597915502644,0.0
2025-07-06,0,64,10:40-10:50,1057.6397333333332,1256.9349238095238,0.8083,0.8495499999999998,120.06438809523792,1309.2412458333329,0.0,0.0,0.0,79.23080238095258,0.0,4614.905637645502,0.0
2025-07-06,0,65,10:50-11:00,1060.2216666666666,1290.2830357142857,0.6109,0.6393500000000001,109.65249999999999,1289.4204511904754,712.9244642857141,712.9244642857141,712.9244642857141,833.3333333333333,0.0,5364.905637645502,0.0
2025-07-06,0,66,11:00-11:10,1103.9267,1310.9808095238095,0.6122,0.6383669642857143,124.23481190476204,1299.9954511904755,750.5140357142857,750.5140357142857,750.5140357142857,833.3333333333333,0.0,6114.905637645502,0.0
2025-07-06,0,67,11:10-11:20,1099.6170666666667,1304.9013857142854,0.6376,0.6639071428571428,115.91194999999988,1556.8444601190474,743.9609642857145,743.9609642857145,743.9609642857145,833.3333333333333,0.0,6864.905637645502,0.0
2025-07-06,0,68,11:20-11:30,1065.4866666666667,1280.6142857142854,0.6157,0.6414660714285715,128.45107142857142,1888.9065630952373,746.6567857142859,746.6567857142859,746.6567857142859,833.3333333333333,0.0,7614.905637645502,0.0
2025-07-06,0,69,11:30-11:40,1103.6352,1260.441888095238,0.652,0.6823428571428573,118.43235714285727,2094.2918309523798,0.0,0.0,0.0,38.37433095238089,0.0,7649.442535502645,0.0
2025-07-06,0,70,11:40-11:50,1083.4900833333331,1242.9358190476191,0.656,0.6913495535714284,174.33208571428577,2177.8367910714273,14.886349999999766,14.886349999999766,14.886349999999766,0.0,0.0,7649.442535502645,0.0
2025-07-06,0,71,11:50-12:00,1003.8516666666666,1233.957142857143,0.6137,0.6509205357142859,145.3563095238098,2272.292195238095,748.5841666666665,748.5841666666665,748.5841666666665,833.3333333333333,0.0,8399.442535502645,0.0
2025-07-06,0,72,12:00-12:10,1004.6614666666666,1246.5227642857142,0.6134,0.6499959821428571,135.91411428571413,2351.6057190476185,727.3861499999998,727.3861499999998,727.3861499999998,833.3333333333333,0.0,9149.442535502645,0.0
2025-07-06,0,73,12:10-12:20,1035.6910333333333,1268.4268404761906,0.6388,0.6737602678571429,157.07320476190478,2266.453881547618,584.7263121399186,584.7263121399186,584.7263121399186,660.3889145208713,0.0,9743.79255857143,0.0
2025-07-06,0,74,12:20-12:30,1037.2733333333333,1281.8008928571426,0.6391,0.6749308035714287,159.8483928571427,2210.5213124999996,0.0,0.0,0.0,84.67916666666656,0.0,9820.00380857143,0.0
2025-07-06,0,75,12:30-12:40,1007.7592833333333,1275.1542047619048,0.6142,0.6554102678571425,154.28699999999998,2162.747592261904,720.2254119047618,720.2254119047618,720.2254119047618,833.3333333333333,0.0,10570.00380857143,0.0
2025-07-06,0,76,12:40-12:50,1013.4431500000001,1259.0281476190476,0.7778,0.8181125,171.33227857142856,2091.069591666666,0.0,0.0,0.0,74.25271904761894,0.0,10636.831255714287,0.0
2025-07-06,0,77,12:50-13:00,1059.8216666666667,1242.3053571428572,1.0232,1.0582058035714288,131.36803571428572,1972.4360220238086,0.0,0.0,0.0,51.11565476190481,0.0,10682.835345000001,0.0
2025-07-06,0,78,13:00-13:10,1083.9338833333331,1224.6294,1.0092,1.0468522321428573,88.16537380952391,1766.3751738095232,0.0,0.0,0.0,52.53014285714289,0.0,10730.11247357143,0.0
2025-07-06,0,79,13:10-13:20,1060.7741833333332,1198.347957142857,0.9391,0.9788660714285713,126.24639523809537,1556.2159505952377,0.0,0.0,0.0,11.327378571428426,0.0,10740.307114285715,0.0
2025-07-06,0,80,13:20-13:30,1030.6999999999998,1177.4580357142856,0.9514,0.9881821428571429,97.81172619047629,1460.6996625000002,0.0,0.0,0.0,48.94630952380953,0.0,10784.358792857143,0.0
2025-07-06,0,81,13:30-13:40,1058.8255666666666,1182.7862928571428,0.9834,1.0185611607142857,106.58160714285714,1489.799979761905,0.0,0.0,0.0,17.379119047619042,0.0,10800.0,0.0
2025-07-06,0,82,13:40-13:50,1091.2559333333334,1171.3051547619048,0.9902,1.037172767857143,115.65714523809524,1525.2232577380955,0.0,0.0,0.0,0.0,35.607923809523754,10760.435640211641,0.0
2025-07-06,0,83,13:50-14:00,1090.6166666666666,1138.4964285714284,0.9778,1.040584375,123.42541666666659,1489.640140476191,0.0,0.0,0.0,0.0,75.54565476190487,10676.496023809525,0.0
2025-07-06,0,84,14:00-14:10,1069.7928166666666,1120.018376190476,0.9814,1.0411629464285714,129.7689476190476,1402.494604761905,0.0,0.0,0.0,0.0,79.54338809523824,10588.114481481482,0.0
2025-07-06,0,85,14:10-14:20,1054.2028833333334,1094.4028809523807,0.9774,1.029658035714286,114.47682857142838,1297.8952244047618,0.0,0.0,0.0,0.0,74.27683095238103,10505.58466931217,0.0
2025-07-06,0,86,14:20-14:30,1049.25,1050.0482142857143,0.984,1.0365566964285713,111.44678571428562,1259.6679511904767,0.0,0.0,0.0,0.0,110.64857142857136,10382.641812169313,0.0
2025-07-06,0,87,14:30-14:40,1047.4416166666665,1001.2039523809524,1.0247,1.08244375,132.45756428571428,1282.178992857143,0.0,0.0,0.0,0.0,178.69522857142852,10184.091558201058,0.0
2025-07-06,0,88,14:40-14:50,1077.9008833333332,965.3796357142857,0.9278,0.9794763392857142,150.03054761904752,1249.4668029761906,262.551795238095,262.551795238095,262.551795238095,0.0,0.0,10184.091558201058,0.0
2025-07-06,0,89,14:50-15:00,1126.0166666666667,934.5142857142856,0.7614,0.798289732142857,126.89988095238111,1242.331813095238,1002.7449750146973,1002.7449750146973,1002.7449750146973,684.3427131099351,0.0,10800.0,0.0
2025-07-06,0,90,15:00-15:10,1136.65985,883.6663523809525,0.7743,0.806975892857143,111.41429761904766,1314.8842089285718,364.4077952380951,364.4077952380951,364.4077952380951,0.0,0.0,10800.0,0.0
2025-07-06,0,91,15:10-15:20,1106.8978,824.8155452380952,0.7927,0.8303482142857143,110.56643809523803,1335.456354166667,392.6486928571428,392.6486928571428,392.6486928571428,0.0,0.0,10800.0,0.0
2025-07-06,0,92,15:20-15:30,1086.5666666666666,779.2178571428572,0.77,0.8128571428571431,97.37035714285719,1307.6876172619052,404.71916666666675,404.71916666666675,404.71916666666675,0.0,0.0,10800.0,0.0
2025-07-06,0,93,15:30-15:40,1126.3240166666665,757.9957047619047,0.8318,0.8719982142857144,103.51314047619047,1250.1681380952382,471.8414523809523,471.8414523809523,471.8414523809523,0.0,0.0,10800.0,0.0
2025-07-06,0,94,15:40-15:50,1129.702,733.8787285714284,0.8569,0.8905718750000001,82.62061190476186,1214.8848410714286,478.44388333333336,478.44388333333336,478.44388333333336,0.0,0.0,10800.0,0.0
2025-07-06,0,95,15:50-16:00,1102.52,696.7928571428571,0.8244,0.8553339285714289,62.241130952380956,1204.719995238096,467.9682738095238,467.9682738095238,467.9682738095238,0.0,0.0,10800.0,0.0
2025-07-06,0,96,16:00-16:10,1145.55405,657.7216714285714,0.8498,0.8858995535714286,76.94884523809526,1116.100158928572,564.7812238095239,564.7812238095239,564.7812238095239,0.0,0.0,10800.0,0.0
2025-07-06,0,97,16:10-16:20,1184.4357666666665,605.8629404761904,0.932,0.9690116071428571,82.64905714285703,1101.7533625000005,661.2218833333333,661.2218833333333,661.2218833333333,0.0,0.0,10800.0,0.0
2025-07-06,0,98,16:20-16:30,1168.2733333333333,550.8553571428571,1.0002,1.0308910714285717,96.98613095238113,1106.4016452380956,714.4041071428572,714.4041071428572,714.4041071428572,0.0,-0.0,10800.0,0.0
2025-07-06,0,99,16:30-16:40,1122.5797666666667,517.0410952380952,0.9789,1.004695089285714,87.21059285714284,1034.5581636904767,692.7492642857143,692.7492642857143,692.7492642857143,0.0,0.0,10800.0,0.0
2025-07-06,0,100,16:40-16:50,1101.1629666666665,483.8156857142858,0.9253,0.9497620535714285,100.15202619047616,1007.5105940476196,717.4993071428569,717.4993071428569,717.4993071428569,0.0,0.0,10800.0,0.0
2025-07-06,0,101,16:50-17:00,1115.405,441.03928571428565,0.9182,0.9427499999999996,91.91999999999997,1008.6610934523817,766.2857142857144,766.2857142857144,766.2857142857144,0.0,0.0,10800.0,0.0
2025-07-06,0,102,17:00-17:10,1132.4412,399.05154761904765,0.9886,1.0116464285714286,74.8914285714286,996.8245029761907,808.281080952381,808.281080952381,808.281080952381,0.0,0.0,10800.0,0.0
2025-07-06,0,103,17:10-17:20,1138.5919666666666,361.92049285714285,1.0299,1.0532611607142857,73.95477380952377,1052.289164880953,850.6262476190475,850.6262476190475,850.6262476190475,0.0,0.0,10800.0,0.0
2025-07-06,0,104,17:20-17:30,1152.7649999999999,326.58928571428567,1.0335,1.0570357142857147,101.7292261904762,1087.055685714286,927.9049404761905,927.9049404761905,927.9049404761905,0.0,-0.0,10800.0,0.0
2025-07-06,0,105,17:30-17:40,1173.2892833333333,286.99864285714284,1.0912,1.1093540178571426,82.16960238095226,1070.9927839285717,968.4602428571427,968.4602428571427,968.4602428571427,0.0,0.0,10800.0,0.0
2025-07-06,0,106,17:40-17:50,1021.3815,246.1778833333333,1.1685,1.1840004464285716,71.5395547619047,1031.258922619048,846.7431714285713,846.7431714285713,846.7431714285713,0.0,-0.0,10800.0,0.0
2025-07-06,0,107,17:50-18:00,797.28,205.7839285714286,1.2216,1.237950892857143,63.41023809523813,984.1745559523811,654.9063095238096,654.9063095238096,654.9063095238096,0.0,-0.0,10800.0,0.0
2025-07-06,0,108,18:00-18:10,806.9883499999999,164.92556190476188,1.2448,1.2584026785714286,62.51924047619036,911.4520708333336,704.5820285714283,704.5820285714283,704.5820285714283,0.0,-0.0,10800.0,0.0
2025-07-06,0,109,18:10-18:20,891.5106000000001,127.12402142857141,1.2886,1.300977232142857,68.27986904761906,918.5676464285718,832.6664476190477,832.6664476190477,832.6664476190477,0.0,-0.0,10800.0,0.0
2025-07-06,0,110,18:20-18:30,916.2033333333334,92.34107142857142,1.3532,1.368178125,78.48226190476191,926.5317059523808,902.3445238095238,902.3445238095238,902.3445238095238,0.0,-0.0,10800.0,0.0
2025-07-06,0,111,18:30-18:40,896.10645,57.07454523809524,1.382,1.4014767857142858,52.971252380952365,945.8635660714284,492.4562160714279,492.4562160714279,492.4562160714279,0.0,399.5469410714293,10356.058954365079,0.0
2025-07-06,0,112,18:40-18:50,867.8535166666667,23.07197380952381,1.3514,1.3821455357142862,63.087583333333555,973.6251630952383,907.8691261904764,907.8691261904764,907.8691261904764,0.0,0.0,10356.058954365079,0.0
2025-07-06,0,113,18:50-19:00,860.385,0.10089285714285713,1.3276,1.372392857142857,72.64898809523811,889.5821880952382,932.9330952380952,932.9330952380952,932.9330952380952,0.0,0.0,10356.058954365079,0.0
2025-07-06,0,114,19:00-19:10,875.49545,0.0,1.3938,1.4438218749999996,65.47210476190475,878.3939625000005,107.63422142857144,107.63422142857144,107.63422142857144,0.0,833.3333333333333,9430.133028439153,0.0
2025-07-06,0,115,19:10-19:20,856.2907499999999,0.7969904761904762,1.3848,1.4317678571428574,67.42816428571427,901.7576374999999,89.58859047619046,89.58859047619046,89.58859047619046,0.0,833.3333333333333,8504.207102513228,0.0
2025-07-06,0,116,19:20-19:30,819.265,0.0,1.3161,1.3585241071428575,80.26833333333343,917.7030101190475,899.5333333333334,899.5333333333334,899.5333333333334,0.0,0.0,8504.207102513228,0.0
2025-07-06,0,117,19:30-19:40,839.1819666666667,0.0,1.3648,1.4082093749999989,56.98758333333319,948.7163434523809,62.83621666666659,62.83621666666659,62.83621666666659,0.0,833.3333333333333,7578.281176587302,0.0
2025-07-06,0,118,19:40-19:50,873.6782499999999,0.05722142857142856,1.3903,1.4358334821428573,63.31721428571427,936.6124059523808,103.60490952380951,103.60490952380951,103.60490952380951,0.0,833.3333333333333,6652.355250661376,0.0
2025-07-06,0,119,19:50-20:00,884.9516666666666,0.0,1.359,1.4053683035714284,68.98333333333323,894.0189529761903,120.60166666666657,120.60166666666657,120.60166666666657,0.0,833.3333333333333,5726.42932473545,0.0
2025-07-06,0,120,20:00-20:10,875.47865,0.0,1.3804,1.4279486607142855,69.97084999999993,876.6991261904759,112.11616666666669,112.11616666666669,112.11616666666669,0.0,833.3333333333333,4800.503398809524,0.0
2025-07-06,0,121,20:10-20:20,868.3789166666667,0.004107142857142857,1.3814,1.4294433035714278,87.92940714285714,821.879734523809,122.9708833333334,122.9708833333334,122.9708833333334,0.0,833.3333333333333,3874.5774728835977,0.0
2025-07-06,0,122,20:20-20:30,863.4649999999999,0.0,1.359,1.4076254464285713,103.6433333333332,792.4885833333328,133.77499999999986,133.77499999999986,133.77499999999986,0.0,833.3333333333333,2948.6515469576716,0.0
2025-07-06,0,123,20:30-20:40,846.2700166666666,0.0,1.373,1.4223151785714283,65.43219999999997,803.6226630952378,78.36888333333332,78.36888333333332,78.36888333333332,0.0,833.3333333333333,2022.7256210317455,0.0
2025-07-06,0,124,20:40-20:50,854.9092333333333,0.00029523809523809526,1.2734,1.3110973214285717,55.428116666666654,740.4530589285711,842.4438916666674,842.4438916666674,842.4438916666674,0.0,67.89316309523751,1947.2887731481483,0.0
2025-07-06,0,125,20:50-21:00,880.8416666666667,0.0,1.0972,1.1187870535714288,72.32333333333327,672.5598958333334,939.0893583333326,939.0893583333326,939.0893583333326,0.0,14.075641666667343,1931.6491712962957,0.0
2025-07-06,0,126,21:00-21:10,876.1688,0.0,1.0501,1.0734477678571428,66.32439999999997,658.4842541666661,942.4932,942.4932,942.4932,0.0,0.0,1931.6491712962957,0.0
2025-07-06,0,127,21:10-21:20,874.7082,0.0,1.0535,1.083891517857143,76.34785000000011,630.9632833333332,951.0560500000001,951.0560500000001,951.0560500000001,0.0,0.0,1931.6491712962957,0.0
2025-07-06,0,128,21:20-21:30,901.885,0.0,1.0647,1.0964205357142853,85.89833333333331,629.8210291666667,987.7833333333333,987.7833333333333,987.7833333333333,0.0,0.0,1931.6491712962957,0.0
2025-07-06,0,129,21:30-21:40,931.1088,0.0,1.0823,1.1098424107142861,70.15336666666656,620.8376958333333,879.7131333333336,879.7131333333336,879.7131333333336,0.0,121.54903333333283,1796.5946898148147,0.0
2025-07-06,0,130,21:40-21:50,852.8915333333332,0.0,0.855,0.8755732142857143,53.69331666666665,536.9352208333332,842.4925041666664,842.4925041666664,842.4925041666664,0.0,64.09234583333345,1725.380972222222,0.0
2025-07-06,0,131,21:50-22:00,701.975,0.0,0.5044,0.5213285714285716,56.854999999999905,472.8428749999998,773.673209876543,773.673209876543,773.673209876543,14.843209876543016,0.0,1738.7398611111107,0.0
2025-07-06,0,132,22:00-22:10,634.26605,0.0,0.4383,0.45989196428571427,85.86169999999993,484.86587499999973,1553.4610833333331,1553.4610833333331,1553.4610833333331,833.3333333333333,0.0,2488.7398611111107,0.0
2025-07-06,0,133,22:10-22:20,632.8281333333333,0.0,0.4724,0.49611339285714295,78.03221666666673,455.080458333333,1278.9271709876548,1278.9271709876548,1278.9271709876548,568.0668209876548,0.0,3000.0,0.0
2025-07-06,0,134,22:20-22:30,658.8599999999999,0.0,0.4794,0.5008142857142858,80.65666666666675,404.69712083333286,739.5166666666667,739.5166666666667,739.5166666666667,0.0,0.0,3000.0,0.0
2025-07-06,0,135,22:30-22:40,684.6108333333333,0.0,0.5049,0.5272375000000001,52.33274999999992,363.40045416666624,736.9435833333332,736.9435833333332,736.9435833333332,0.0,0.0,3000.0,0.0
2025-07-06,0,136,22:40-22:50,640.2407166666667,0.0,0.4541,0.47513214285714284,61.23646666666673,304.6153041666662,1534.8105166666667,1534.8105166666667,1534.8105166666667,833.3333333333333,0.0,3750.0,0.0
2025-07-06,0,137,22:50-23:00,589.1566666666666,0.0,0.3893,0.40809910714285713,64.72500000000002,296.4009666666665,1487.215,1487.215,1487.215,833.3333333333333,0.0,4500.0,0.0
2025-07-06,0,138,23:00-23:10,662.364,0.0,0.4783,0.5013633928571427,83.81395000000009,234.93014583333309,746.1779500000001,746.1779500000001,746.1779500000001,0.0,0.0,4500.0,0.0
2025-07-06,0,139,23:10-23:20,694.1335166666665,0.0,0.5416,0.5670808035714284,84.37098333333347,204.91409583333336,778.5045,778.5045,778.5045,0.0,0.0,4500.0,0.0
2025-07-06,0,140,23:20-23:30,646.96,0.0,0.4935,0.5177999999999999,78.06166666666661,162.48395,725.0216666666666,725.0216666666666,725.0216666666666,0.0,0.0,4500.0,0.0
2025-07-06,0,141,23:30-23:40,646.4827666666666,0.0,0.4298,0.4559187500000002,76.49556666666672,128.95240833333332,1556.3116666666665,1556.3116666666665,1556.3116666666665,833.3333333333333,0.0,5250.0,0.0
2025-07-06,0,142,23:40-23:50,657.4988666666666,0.0,0.433,0.46147008928571415,73.48784999999998,76.77679166666672,1564.3200499999998,1564.3200499999998,1564.3200499999998,833.3333333333333,0.0,6000.0,0.0
2025-07-06,0,143,23:50-24:00,660.1533333333333,0.0,0.484,0.5122857142857143,89.51499999999999,45.745000000000005,749.6683333333333,749.6683333333333,749.6683333333333,0.0,0.0,6000.0,0.0
2025-07-07,0,0,0:00-0:10,676.1646833333333,0.0,0.4965,0.5207392857142858,73.19683333333342,1115.9451142857142,749.3615166666667,749.3615166666667,749.3615166666667,0.0,0.0,4783.041177407408,0.0
2025-07-07,0,1,0:10-0:20,665.0127666666666,0.0,0.4968,0.5160598214285714,89.07933333333335,1109.676157142857,754.0921,754.0921,754.0921,0.0,0.0,4783.041177407408,0.0
2025-07-07,0,2,0:20-0:30,630.6866666666666,0.0,0.4868,0.5013799107142857,80.45000000000005,1149.697826190476,711.1366666666667,711.1366666666667,711.1366666666667,0.0,0.0,4783.041177407408,0.0
2025-07-07,0,3,0:30-0:40,626.8769166666666,0.0,0.4448,0.46048392857142856,83.92328333333342,1186.7028261904761,710.8002,710.8002,710.8002,0.0,0.0,4783.041177407408,0.0
2025-07-07,0,4,0:40-0:50,661.0318833333333,0.0,0.4628,0.48172589285714285,67.45838333333324,1204.8266029761908,728.4902666666666,728.4902666666666,728.4902666666666,0.0,0.0,4783.041177407408,0.0
2025-07-07,0,5,0:50-1:00,677.605,0.0,0.5004,0.5213633928571431,83.72833333333335,1279.138092857143,761.3333333333334,761.3333333333334,761.3333333333334,0.0,0.0,4783.041177407408,0.0
2025-07-07,0,6,1:00-1:10,615.6362999999999,0.0,0.4288,0.4501044642857143,87.29025000000001,1327.0484053571429,702.9265499999999,702.9265499999999,702.9265499999999,0.0,0.0,4783.041177407408,0.0
2025-07-07,0,7,1:10-1:20,589.8929166666667,0.0,0.4024,0.42253035714285714,75.58381666666673,1332.6549053571423,1498.8100666666667,1498.8100666666667,1498.8100666666667,833.3333333333333,0.0,5533.041177407408,0.0
2025-07-07,0,8,1:20-1:30,630.2183333333332,0.0,0.4611,0.4801075892857143,64.71333333333325,1359.663972619047,694.9316666666665,694.9316666666665,694.9316666666665,0.0,0.0,5533.041177407408,0.0
2025-07-07,0,9,1:30-1:40,654.0341,0.0,0.4894,0.5087361607142857,75.53449999999998,1388.4551333333325,729.5686,729.5686,729.5686,0.0,0.0,5533.041177407408,0.0
2025-07-07,0,10,1:40-1:50,647.4498333333333,0.0,0.4945,0.5115437499999999,75.8064833333334,1389.1106428571418,723.2563166666667,723.2563166666667,723.2563166666667,0.0,0.0,5533.041177407408,0.0
2025-07-07,0,11,1:50-2:00,631.6183333333333,0.0,0.4771,0.49251339285714296,64.54999999999995,1366.2060398809513,696.1683333333333,696.1683333333333,696.1683333333333,0.0,0.0,5533.041177407408,0.0
2025-07-07,0,12,2:00-2:10,633.6887666666667,0.0,0.4237,0.4448464285714286,78.09561666666673,1374.8707422619036,711.7843833333334,711.7843833333334,711.7843833333334,0.0,0.0,5533.041177407408,0.0
2025-07-07,0,13,2:10-2:20,638.7870166666667,0.0,0.4168,0.4372022321428571,76.13265000000001,1387.2529375,1548.253,1548.253,1548.253,833.3333333333333,0.0,6283.041177407408,0.0
2025-07-07,0,14,2:20-2:30,616.5216666666666,0.0,0.4679,0.48062633928571424,45.524999999999864,1386.323481547618,662.0466666666665,662.0466666666665,662.0466666666665,0.0,0.0,6283.041177407408,0.0
2025-07-07,0,15,2:30-2:40,561.9352333333333,0.0,0.5008,0.5124995535714286,38.22351666666668,1321.9038113095235,600.1587499999999,600.1587499999999,600.1587499999999,0.0,0.0,6283.041177407408,0.0
2025-07-07,0,16,2:40-2:50,583.82645,0.0,0.4743,0.48723973214285715,41.32341666666662,1233.2955071428569,625.1498666666666,625.1498666666666,625.1498666666666,0.0,0.0,6283.041177407408,0.0
2025-07-07,0,17,2:50-3:00,653.3583333333333,0.0,0.435,0.4476732142857142,55.40499999999997,1173.3614363095235,708.7633333333333,708.7633333333333,708.7633333333333,0.0,0.0,6283.041177407408,0.0
2025-07-07,0,18,3:00-3:10,632.2866833333333,0.0002904761904761905,0.4656,0.4775120535714287,44.0605833333334,1124.8232172619048,676.3469761904762,676.3469761904762,676.3469761904762,0.0,0.0,6283.041177407408,0.0
2025-07-07,0,19,3:10-3:20,604.7176833333333,0.0,0.4825,0.492428125,29.97011666666674,1051.3570166666668,634.6878,634.6878,634.6878,0.0,0.0,6283.041177407408,0.0
2025-07-07,0,20,3:20-3:30,609.055,0.0,0.4595,0.46788348214285724,44.183333333333394,987.133079166667,653.2383333333333,653.2383333333333,653.2383333333333,0.0,0.0,6283.041177407408,0.0
2025-07-07,0,21,3:30-3:40,600.7050999999999,0.004011904761904762,0.4539,0.4640325892857143,47.57540238095237,953.995579166667,648.2764904761904,648.2764904761904,648.2764904761904,0.0,0.0,6283.041177407408,0.0
2025-07-07,0,22,3:40-3:50,612.5833,0.0,0.4597,0.4710272321428572,41.42473333333328,877.3721369047622,654.0080333333333,654.0080333333333,654.0080333333333,0.0,0.0,6283.041177407408,0.0
2025-07-07,0,23,3:50-4:00,630.6733333333333,0.0,0.4525,0.46211607142857136,37.671666666666624,763.6925785714288,668.3449999999999,668.3449999999999,668.3449999999999,0.0,0.0,6283.041177407408,0.0
2025-07-07,0,24,4:00-4:10,602.5818333333333,0.05591428571428572,0.4272,0.43381696428571426,45.3873142857143,676.2904952380954,1481.2465666666667,1481.2465666666667,1481.2465666666667,833.3333333333333,0.0,7033.041177407408,0.0
2025-07-07,0,25,4:10-4:20,589.4155166666667,0.0,0.4561,0.4629767857142858,34.19304761904766,610.2370702380947,623.6085642857144,623.6085642857144,623.6085642857144,0.0,0.0,7033.041177407408,0.0
2025-07-07,0,26,4:20-4:30,618.6183333333333,0.0,0.5122,0.5212566964285713,44.44833333333338,544.1443702380953,663.0666666666667,663.0666666666667,663.0666666666667,0.0,0.0,7033.041177407408,0.0
2025-07-07,0,27,4:30-4:40,651.57845,0.7787714285714284,0.4878,0.49548080357142876,40.85434761904753,492.2681250000001,691.6540261904761,691.6540261904761,691.6540261904761,0.0,0.0,7033.041177407408,0.0
2025-07-07,0,28,4:40-4:50,639.4541999999999,0.0,0.4243,0.4310375,36.010366666666755,446.6389249999995,1508.7979,1508.7979,1508.7979,833.3333333333333,0.0,7783.041177407408,0.0
2025-07-07,0,29,4:50-5:00,597.02,0.03214285714285714,0.3969,0.40290223214285714,61.56208333333336,395.8728166666664,1491.8832738095239,1491.8832738095239,1491.8832738095239,833.3333333333333,0.0,8533.04117740741,0.0
2025-07-07,0,30,5:00-5:10,588.1189833333333,21.77401428571428,0.4376,0.4385964285714286,46.09760238095237,409.52683571428554,631.2857076425612,631.2857076425612,631.2857076425612,18.84313621398986,0.0,8550.0,0.0
2025-07-07,0,31,5:10-5:20,609.8054833333333,51.47746904761904,0.4309,0.427566517857143,29.532254761904824,454.98090714285706,1421.1936023809524,1421.1936023809524,1421.1936023809524,833.3333333333333,0.0,9300.0,0.0
2025-07-07,0,32,5:20-5:30,616.0283333333333,82.82946428571427,0.3529,0.34904776785714287,30.740476190476215,422.67999523809493,1397.2726785714285,1397.2726785714285,1397.2726785714285,833.3333333333333,0.0,10050.0,0.0
2025-07-07,0,33,5:30-5:40,580.4018333333333,119.60364999999999,0.3316,0.3292553571428571,43.081640476190614,451.092705357143,1337.2131571428572,1337.2131571428572,1337.2131571428572,833.3333333333333,0.0,10800.0,0.0
2025-07-07,0,34,5:40-5:50,648.71655,156.9145333333333,0.5747,0.5717651785714287,30.69514047619049,519.6138303571429,522.4971571428571,522.4971571428571,522.4971571428571,-0.0,0.0,10800.0,0.0
2025-07-07,0,35,5:50-6:00,799.8683333333333,193.05267857142854,0.9185,0.9146968750000003,38.19071428571419,602.607048809524,0.0,0.0,0.0,0.0,645.006369047619,10083.326256613756,0.0
2025-07-07,0,36,6:00-6:10,850.6552833333333,231.10834761904758,0.9609,0.9610674107142856,31.123773809523755,678.0655404761906,0.0,0.0,0.0,0.0,650.6707095238095,9360.358801587301,0.0
2025-07-07,0,37,6:10-6:20,811.1328666666666,271.44370952380956,0.8962,0.8980263392857145,33.07534999999996,676.8091452380954,0.0,0.0,0.0,0.0,572.7645071428569,8723.953793650793,0.0
2025-07-07,0,38,6:20-6:30,759.37,313.1723214285714,0.8659,0.866586160714286,44.10797619047628,739.5180660714293,0.0,0.0,0.0,0.0,490.30565476190486,8179.169732804232,0.0
2025-07-07,0,39,6:30-6:40,764.6169166666666,354.28731190476185,0.825,0.8284683035714288,48.81606904761901,865.2934410714294,248.42972845238126,248.42972845238126,248.42972845238126,0.0,210.71594535714257,7945.040904629629,0.0
2025-07-07,0,40,6:40-6:50,792.6131999999999,390.73274047619043,0.8055,0.8121455357142858,47.22947619047608,920.4354488095247,449.1099357142855,449.1099357142855,449.1099357142855,0.0,0.0,7945.040904629629,0.0
2025-07-07,0,41,6:50-7:00,813.0666666666666,427.20714285714286,0.8291,0.8358227678571432,49.82577380952387,947.5131363095244,0.0,0.0,0.0,0.0,435.6852976190476,7460.9461294973535,0.0
2025-07-07,0,42,7:00-7:10,825.0826666666667,471.6659523809524,0.8719,0.8762767857142855,48.80176190476186,1000.9451303571436,0.0,0.0,0.0,0.0,402.21847619047617,7014.036711507935,0.0
2025-07-07,0,43,7:10-7:20,824.7088333333332,509.15795238095234,0.8573,0.8632053571428571,46.749969047619004,1058.6631690476197,0.0,0.0,0.0,0.0,362.30084999999985,6611.480211507936,0.0
2025-07-07,0,44,7:20-7:30,795.5249999999999,544.1723214285714,0.7649,0.7752236607142857,59.15535714285704,1044.4767297619055,310.5080357142855,310.5080357142855,310.5080357142855,0.0,0.0,6611.480211507936,0.0
2025-07-07,0,45,7:30-7:40,754.3912,596.0581404761904,0.6919,0.7027334821428571,70.340507142857,1029.5588630952386,228.6735666666666,228.6735666666666,228.6735666666666,0.0,0.0,6611.480211507936,0.0
2025-07-07,0,46,7:40-7:50,883.1522499999999,643.8035547619047,0.9104,0.922113392857143,64.11464523809536,1034.0121369047624,0.0,0.0,0.0,0.0,303.4633404761905,6274.298722089946,0.0
2025-07-07,0,47,7:50-8:00,1094.9633333333331,685.0250000000001,1.2305,1.2446473214285712,70.47065476190483,1031.7198988095242,0.0,0.0,0.0,0.0,480.4089880952379,5740.510957539682,0.0
2025-07-07,0,48,8:00-8:10,1104.3297666666667,735.0576261904762,1.1731,1.1876178571428575,71.63232619047619,1048.270598214286,0.0,0.0,0.0,0.0,440.90446666666685,5250.61710568783,0.0
2025-07-07,0,49,8:10-8:20,1064.3034833333331,766.113680952381,1.1032,1.1169513392857147,61.15888333333328,1079.147241071429,0.0,0.0,0.0,0.0,359.34868571428547,4851.340788227513,0.0
2025-07-07,0,50,8:20-8:30,1079.5216666666665,784.5151785714286,1.1682,1.1819366071428572,81.22470238095252,1101.906516666667,0.0,0.0,0.0,0.0,376.2311904761905,4433.306132142857,0.0
2025-07-07,0,51,8:30-8:40,1101.1516166666665,825.7146761904761,1.1472,1.162683482142857,65.49021904761935,1137.27459702381,0.0,0.0,0.0,0.0,340.9271595238098,4054.498177116401,0.0
2025-07-07,0,52,8:40-8:50,1112.3675166666667,862.6386833333333,1.0808,1.0983897321428573,70.79077380952361,1143.055300000001,0.0,0.0,0.0,0.0,320.519607142857,3698.3652802910046,0.0
2025-07-07,0,53,8:50-9:00,1107.29,892.7669642857143,1.0459,1.0666785714285711,86.29666666666657,1136.5195619047627,0.0,0.0,0.0,0.0,300.8197023809523,3364.121166534391,0.0
2025-07-07,0,54,9:00-9:10,1085.3404666666665,943.6214261904762,1.0633,1.0897549107142857,97.44426428571433,1135.724876785715,0.0,0.0,0.0,0.0,239.16330476190467,3098.3841612433857,0.0
2025-07-07,0,55,9:10-9:20,1062.3514833333334,1000.512338095238,1.0678,1.0958160714285718,91.54188095238084,1174.0935458333342,0.0,0.0,0.0,0.0,153.38102619047618,2927.960798809523,0.0
2025-07-07,0,56,9:20-9:30,1055.7483333333332,1045.624107142857,1.0359,1.0580348214285713,67.56940476190465,1240.462798214286,0.0,0.0,0.0,0.0,77.693630952381,2841.6345421957662,0.0
2025-07-07,0,57,9:30-9:40,1073.812,1073.7729357142857,1.0053,1.0204473214285714,83.74383333333338,1326.6853279761908,0.0,0.0,0.0,0.0,83.78289761904762,2748.542433730158,0.0
2025-07-07,0,58,9:40-9:50,1097.9652666666666,1098.081461904762,1.0049,1.0338120535714286,79.66128095238093,1375.7601845238098,0.0,0.0,0.0,0.0,79.5450857142855,2660.1590051587295,0.0
2025-07-07,0,59,9:50-10:00,1096.7966666666666,1119.6875,1.0255,1.0788745535714284,90.10809523809523,1251.4132613095242,0.0,0.0,0.0,0.0,67.21726190476193,2585.473158597883,0.0
2025-07-07,0,60,10:00-10:10,1053.84735,1132.8631309523807,1.0288,1.0835616071428569,115.27108333333308,1153.7735678571428,0.0,0.0,0.0,0.0,36.255302380952344,2545.1894892857135,0.0
2025-07-07,0,61,10:10-10:20,1034.20615,1168.1556642857142,1.0039,1.051203125,104.41200238095229,1154.7503738095234,0.0,0.0,0.0,29.537511904761914,0.0,2571.7732499999993,0.0
2025-07-07,0,62,10:20-10:30,1058.5433333333333,1216.1919642857142,0.9929,1.0394357142857145,84.94160714285735,1234.5959249999994,0.0,0.0,0.0,72.70702380952366,0.0,2637.2095714285706,0.0
2025-07-07,0,63,10:30-10:40,1087.02045,1236.9048666666665,1.0171,1.0689031249999998,132.63631904761905,1235.2153720238086,0.0,0.0,0.0,17.248097619047485,0.0,2652.7328592857134,0.0
2025-07-07,0,64,10:40-10:50,1097.8433,1262.2522904761904,0.8457,0.8889611607142855,120.06438809523792,1214.1168113095232,0.0,0.0,0.0,44.34460238095244,0.0,2692.6430014285706,0.0
2025-07-07,0,65,10:50-11:00,1087.7983333333332,1299.9660714285715,0.5708,0.5967776785714286,109.65249999999999,1193.7736345238084,730.8180952380949,730.8180952380949,730.8180952380949,833.3333333333333,0.0,3442.6430014285706,0.0
2025-07-07,0,66,11:00-11:10,1068.9493333333332,1321.5893547619048,0.5385,0.5632415178571429,124.23481190476204,1204.08751845238,704.9281238095236,704.9281238095236,704.9281238095236,833.3333333333333,0.0,4192.643001428571,0.0
2025-07-07,0,67,11:10-11:20,1060.1515666666664,1325.1313309523807,0.5729,0.5987790178571429,119.46776666666665,1433.0009720238093,687.8213357142856,687.8213357142856,687.8213357142856,833.3333333333333,0.0,4942.643001428571,0.0
2025-07-07,0,68,11:20-11:30,1061.5283333333332,1318.648214285714,0.5572,0.5813223214285713,128.45107142857142,1767.7897726190467,704.6645238095239,704.6645238095239,704.6645238095239,833.3333333333333,0.0,5692.643001428571,0.0
2025-07-07,0,69,11:30-11:40,1057.8071166666666,1309.1482857142855,0.5534,0.5820808035714287,122.38876666666663,1941.77367142857,704.380930952381,704.380930952381,704.380930952381,833.3333333333333,0.0,6442.643001428571,0.0
2025-07-07,0,70,11:40-11:50,1051.9885166666666,1288.7862023809523,0.5617,0.5952763392857143,174.33208571428577,2027.1873357142842,770.8677333333333,770.8677333333333,770.8677333333333,833.3333333333333,0.0,7192.643001428571,0.0
2025-07-07,0,71,11:50-12:00,1022.8466666666666,1272.8196428571428,0.568,0.6028223214285713,145.3563095238098,2116.985180357142,728.7166666666669,728.7166666666669,728.7166666666669,833.3333333333333,0.0,7942.643001428571,0.0
2025-07-07,0,72,12:00-12:10,955.0762333333333,1288.3825857142856,0.571,0.6053410714285711,135.91411428571413,2182.2486238095225,635.9410952380952,635.9410952380952,635.9410952380952,833.3333333333333,0.0,8692.64300142857,0.0
2025-07-07,0,73,12:10-12:20,965.3709,1304.1703857142857,0.6017,0.6350526785714286,157.07320476190478,2203.039284523809,651.6070523809524,651.6070523809524,651.6070523809524,833.3333333333333,0.0,9442.64300142857,0.0
2025-07-07,0,74,12:20-12:30,1027.3366666666666,1307.0098214285713,0.6298,0.6642660714285714,159.8483928571427,2271.432433333332,272.7527809523813,272.7527809523813,272.7527809523813,392.57754285714327,0.0,9795.96279,0.0
2025-07-07,0,75,12:30-12:40,1004.2552000000001,1309.3647904761906,0.6135,0.6527495535714286,154.28699999999998,2327.8288023809514,682.5107428571428,682.5107428571428,682.5107428571428,833.3333333333333,0.0,10545.96279,0.0
2025-07-07,0,76,12:40-12:50,1016.0727166666667,1295.0991523809523,0.7326,0.7717553571428573,171.33227857142856,2391.5299648809505,0.0,0.0,0.0,107.6941571428572,0.0,10642.88753142857,0.0
2025-07-07,0,77,12:50-13:00,1074.5083333333332,1263.2205357142857,0.9276,0.963428125,132.1548214285712,2440.6305505952373,0.0,0.0,0.0,56.55738095238121,0.0,10693.789174285714,0.0
2025-07-07,0,78,13:00-13:10,1062.4528333333333,1231.1759452380952,0.9463,0.9853558035714288,96.81308809523796,2373.702351190475,0.0,0.0,0.0,71.91002380952386,0.0,10758.508195714285,0.0
2025-07-07,0,79,13:10-13:20,1041.7668666666666,1200.1038642857143,0.9403,0.9812589285714288,129.22695714285746,2320.395593452379,0.0,0.0,0.0,29.110040476190306,0.0,10784.707232142857,0.0
2025-07-07,0,80,13:20-13:30,1051.7116666666666,1179.5892857142858,0.9738,1.0109861607142856,110.88565476190479,2258.0556470238084,0.0,0.0,0.0,16.991964285714403,0.0,10800.0,0.0
2025-07-07,0,81,13:30-13:40,1067.7105,1179.382626190476,0.9573,0.9916151785714286,114.1368833333332,2115.058459523809,0.0,0.0,0.0,0.0,2.4647571428570245,10797.261380952381,0.0
2025-07-07,0,82,13:40-13:50,1086.1171,1161.1142595238096,0.9505,0.9992160714285714,118.30913571428584,1980.4725476190467,0.0,0.0,0.0,0.0,43.311976190476116,10749.136962962963,0.0
2025-07-07,0,83,13:50-14:00,1092.25,1126.7705357142854,0.9779,1.0470879464285712,124.71714285714262,1875.7890148809513,0.0,0.0,0.0,0.0,90.19660714285715,10648.91851058201,0.0
2025-07-07,0,84,14:00-14:10,1069.8848833333332,1113.922930952381,0.992,1.0582660714285714,138.26011428571442,1785.2379636904752,0.0,0.0,0.0,0.0,94.2220666666667,10544.227325396825,0.0
2025-07-07,0,85,14:10-14:20,1062.9161166666665,1093.5559499999997,0.96,1.016748214285714,121.34627857142857,1627.0994422619037,0.0,0.0,0.0,0.0,90.70644523809528,10443.442386243385,0.0
2025-07-07,0,86,14:20-14:30,1088.9333333333334,1046.2267857142856,0.9679,1.0243156249999996,138.99988095238123,1455.4845142857132,0.0,0.0,0.0,0.0,181.70642857142911,10241.546354497354,0.0
2025-07-07,0,87,14:30-14:40,1120.09105,985.8839809523811,1.1012,1.1642477678571428,163.29961666666665,1369.0297672619038,0.0,0.0,0.0,0.0,297.5066857142856,9910.98337037037,0.0
2025-07-07,0,88,14:40-14:50,1115.3211333333334,950.4513190476189,1.0079,1.063441964285714,152.12007619047614,1272.961287499999,0.0,0.0,0.0,0.0,316.98989047619057,9558.77238095238,0.0
2025-07-07,0,89,14:50-15:00,1086.0249999999999,928.8651785714285,0.7443,0.7813517857142854,127.94434523809525,1211.30060595238,830.9126322751339,830.9126322751339,830.9126322751339,545.8084656084671,0.0,10050.0,0.0
2025-07-07,0,90,15:00-15:10,1080.9843666666666,873.6628833333332,0.7345,0.7671397321428576,113.86781904761904,1266.8983249999983,1154.5226357142856,1154.5226357142856,1154.5226357142856,833.3333333333333,0.0,10800.0,0.0
2025-07-07,0,91,15:10-15:20,1079.6694,809.9636476190476,0.8066,0.8459499999999996,111.39555714285746,1302.7881809523792,381.10130952380996,381.10130952380996,381.10130952380996,0.0,0.0,10800.0,0.0
2025-07-07,0,92,15:20-15:30,1099.1933333333332,768.6901785714286,0.8381,0.8833620535714284,128.7717261904763,1269.6375095238084,459.27488095238084,459.27488095238084,459.27488095238084,0.0,0.0,10800.0,0.0
2025-07-07,0,93,15:30-15:40,1170.9230166666666,755.7603047619046,0.8812,0.9222941964285715,111.86396190476188,1225.16164642857,527.0266738095239,527.0266738095239,527.0266738095239,0.0,0.0,10800.0,0.0
2025-07-07,0,94,15:40-15:50,1169.1135,730.7966761904761,0.8758,0.9102620535714288,87.27817142857168,1164.3689869047612,525.5949952380954,525.5949952380954,525.5949952380954,0.0,0.0,10800.0,0.0
2025-07-07,0,95,15:50-16:00,1114.4299999999998,686.4133928571429,0.8431,0.8759566964285714,70.02809523809515,1199.2056113095236,498.0447023809521,498.0447023809521,498.0447023809521,0.0,0.0,10800.0,0.0
2025-07-07,0,96,16:00-16:10,1147.0860833333331,649.181969047619,0.8759,0.9127946428571432,79.9207880952381,1152.253319642857,577.8249023809523,577.8249023809523,577.8249023809523,0.0,0.0,10800.0,0.0
2025-07-07,0,97,16:10-16:20,1147.4158666666667,604.913807142857,0.908,0.945338839285714,82.64905714285703,1134.655364285714,625.1511166666669,625.1511166666669,625.1511166666669,0.0,0.0,10800.0,0.0
2025-07-07,0,98,16:20-16:30,1090.77,553.8151785714285,0.8965,0.9285584821428567,96.98613095238113,1153.9405875000002,633.9409523809527,633.9409523809527,633.9409523809527,0.0,0.0,10800.0,0.0
2025-07-07,0,99,16:30-16:40,1083.9832333333334,514.1953023809523,0.8745,0.9021062500000001,89.93659761904769,1032.0075529761907,659.7245285714288,659.7245285714288,659.7245285714288,0.0,0.0,10800.0,0.0
2025-07-07,0,100,16:40-16:50,1111.9232833333333,476.94456190476194,0.9192,0.9464191964285719,101.94744047619048,883.1483482142856,736.9261619047618,736.9261619047618,736.9261619047618,0.0,0.0,10800.0,0.0
2025-07-07,0,101,16:50-17:00,1132.4366666666665,436.32142857142856,1.0049,1.0329718749999997,96.45994047619041,839.7134565476189,792.5751785714284,792.5751785714284,792.5751785714284,0.0,-0.0,10800.0,0.0
2025-07-07,0,102,17:00-17:10,1121.9218166666665,396.34134523809513,1.0303,1.0554758928571428,79.86257380952361,880.5556529761902,805.443045238095,805.443045238095,805.443045238095,0.0,-0.0,10800.0,0.0
2025-07-07,0,103,17:10-17:20,1109.8112999999998,358.0492499999999,1.0413,1.0663464285714288,91.67820476190468,900.931678571428,843.4402547619046,843.4402547619046,843.4402547619046,0.0,0.0,10800.0,0.0
2025-07-07,0,104,17:20-17:30,1134.8883333333333,321.5178571428571,1.0328,1.0585223214285713,105.14577380952392,977.3638773809516,918.5162500000001,918.5162500000001,918.5162500000001,0.0,0.0,10800.0,0.0
2025-07-07,0,105,17:30-17:40,1180.9159333333332,286.03529761904764,0.9765,0.9954294642857142,85.27358333333336,986.5353958333326,980.1542190476189,980.1542190476189,980.1542190476189,0.0,0.0,10800.0,0.0
2025-07-07,0,106,17:40-17:50,1042.6799833333332,248.32676428571426,1.0894,1.1054964285714284,80.04112380952392,968.9488130952375,874.3943428571429,874.3943428571429,874.3943428571429,0.0,-0.0,10800.0,0.0
2025-07-07,0,107,17:50-18:00,825.0133333333333,207.17321428571427,1.3024,1.3207035714285713,70.6911904761904,925.7497285714278,688.5313095238095,688.5313095238095,688.5313095238095,0.0,-0.0,10800.0,0.0
2025-07-07,0,108,18:00-18:10,847.2144833333333,164.8314761904762,1.3114,1.3267598214285719,64.42852380952388,868.2126136904751,746.811530952381,746.811530952381,746.811530952381,0.0,-0.0,10800.0,0.0
2025-07-07,0,109,18:10-18:20,870.1445333333332,126.42241666666666,1.2601,1.2732437500000007,81.1401428571429,844.3759071428568,824.8622595238095,824.8622595238095,824.8622595238095,0.0,0.0,10800.0,0.0
2025-07-07,0,110,18:20-18:30,799.9433333333333,91.87589285714284,1.255,1.2694513392857143,84.32511904761895,822.0165916666665,792.3925595238094,792.3925595238094,792.3925595238094,0.0,0.0,10800.0,0.0
2025-07-07,0,111,18:30-18:40,793.8046166666666,56.74274999999999,1.2705,1.288235267857143,80.22453809523813,821.7311005952378,817.2864047619047,817.2864047619047,817.2864047619047,0.0,0.0,10800.0,0.0
2025-07-07,0,112,18:40-18:50,855.7675166666666,22.847866666666665,1.3586,1.3911517857142857,96.90337142857163,809.8493708333324,96.48968809523831,96.48968809523831,96.48968809523831,0.0,833.3333333333333,9874.074074074075,0.0
2025-07-07,0,113,18:50-19:00,900.3083333333334,0.034821428571428566,1.4347,1.4863687500000005,76.67333333333352,842.9394499999999,143.61351190476228,143.61351190476228,143.61351190476228,0.0,833.3333333333333,8948.14814814815,0.0
2025-07-07,0,114,19:00-19:10,849.3123499999999,0.0,1.3498,1.4049727678571433,72.04219999999998,856.2724261904763,88.02121666666665,88.02121666666665,88.02121666666665,0.0,833.3333333333333,8022.2222222222235,0.0
2025-07-07,0,115,19:10-19:20,839.3947833333333,0.797847619047619,1.3168,1.3674700892857141,72.19609047619053,860.5607285714284,910.7930261904762,910.7930261904762,910.7930261904762,0.0,0.0,8022.2222222222235,0.0
2025-07-07,0,116,19:20-19:30,895.1266666666667,0.0,1.3848,1.432033928571429,80.26833333333343,836.5347244047615,142.06166666666684,142.06166666666684,142.06166666666684,0.0,833.3333333333333,7096.296296296297,0.0
2025-07-07,0,117,19:30-19:40,902.2893166666665,0.0,1.3891,1.4363562500000004,67.91159999999991,889.2468077380951,136.8675833333332,136.8675833333332,136.8675833333332,0.0,833.3333333333333,6170.370370370371,0.0
2025-07-07,0,118,19:40-19:50,857.7424666666667,0.057280952380952384,1.3379,1.3867678571428577,67.87073333333342,890.2962369047618,92.22258571428586,92.22258571428586,92.22258571428586,0.0,833.3333333333333,5244.444444444445,0.0
2025-07-07,0,119,19:50-20:00,815.6116666666667,0.0,1.2971,1.3477821428571422,68.98333333333323,884.1046535714286,884.5949999999999,884.5949999999999,884.5949999999999,0.0,0.0,5244.444444444445,0.0
2025-07-07,0,120,20:00-20:10,830.7483,0.0,1.3181,1.3704906250000006,99.9396333333334,842.7034035714285,473.7558392857138,473.7558392857138,473.7558392857138,0.0,456.93209404761956,4736.742117724868,0.0
2025-07-07,0,121,20:10-20:20,852.8388666666666,0.004111904761904762,1.3462,1.3988098214285718,89.00022619047604,842.6647244047617,108.5016476190475,108.5016476190475,108.5016476190475,0.0,833.3333333333333,3810.816191798942,0.0
2025-07-07,0,122,20:20-20:30,864.3233333333333,0.0,1.3787,1.4319901785714284,115.10166666666657,814.588413690476,146.09166666666658,146.09166666666658,146.09166666666658,0.0,833.3333333333333,2884.890265873016,0.0
2025-07-07,0,123,20:30-20:40,888.2174166666666,0.0,1.4279,1.4832486607142854,69.44278809523803,771.3429970238092,124.3268714285714,124.3268714285714,124.3268714285714,0.0,833.3333333333333,1958.9643399470897,0.0
2025-07-07,0,124,20:40-20:50,876.16495,0.00029523809523809526,1.2712,1.3132209821428573,56.475742857142905,683.0679059523807,873.2829083333335,873.2829083333335,873.2829083333335,0.0,59.357489285714195,1893.011574074074,0.0
2025-07-07,0,125,20:50-21:00,845.9449999999999,0.0,1.0022,1.02435,76.91333333333341,623.7104166666666,922.8583333333333,922.8583333333333,922.8583333333333,0.0,0.0,1893.011574074074,0.0
2025-07-07,0,126,21:00-21:10,868.5374333333332,0.0,0.9648,0.9884169642857141,88.68583333333333,615.5800999999997,980.3496709876541,980.3496709876541,980.3496709876541,23.126404320987604,0.0,1913.8253379629627,0.0
2025-07-07,0,127,21:10-21:20,892.0675333333334,0.0,1.009,1.0398209821428572,81.55200000000002,631.342520833333,973.6195333333334,973.6195333333334,973.6195333333334,0.0,0.0,1913.8253379629627,0.0
2025-07-07,0,128,21:20-21:30,898.1666666666666,0.0,1.0582,1.0896044642857146,88.15166666666664,642.4428041666666,986.3183333333333,986.3183333333333,986.3183333333333,0.0,0.0,1913.8253379629627,0.0
2025-07-07,0,129,21:30-21:40,902.4714833333334,0.0,1.1341,1.161673660714286,70.15336666666656,601.8094708333332,852.7743083333332,852.7743083333332,852.7743083333332,0.0,119.85054166666669,1780.6580694444442,0.0
2025-07-07,0,130,21:40-21:50,804.3117833333333,0.0,0.8774,0.8993040178571429,54.514850000000024,522.5922624999997,790.8828541666668,790.8828541666668,790.8828541666668,0.0,67.94377916666653,1705.1649814814814,0.0
2025-07-07,0,131,21:50-22:00,661.3783333333333,0.0,0.4585,0.4778107142857141,59.59000000000003,454.64848333333316,1554.3016666666667,1554.3016666666667,1554.3016666666667,833.3333333333333,0.0,2455.1649814814814,0.0
2025-07-07,0,132,22:00-22:10,652.64555,0.0,0.4459,0.46941875,88.55083333333334,458.7175249999998,1574.5297166666664,1574.5297166666664,1574.5297166666664,833.3333333333333,0.0,3205.1649814814814,0.0
2025-07-07,0,133,22:10-22:20,692.9793333333333,0.0,0.5055,0.5296678571428571,85.93656666666652,443.4033416666666,778.9158999999999,778.9158999999999,778.9158999999999,0.0,0.0,3205.1649814814814,0.0
2025-07-07,0,134,22:20-22:30,705.8533333333332,0.0,0.4643,0.48578258928571444,82.505,419.25109166666647,1621.6916666666666,1621.6916666666666,1621.6916666666666,833.3333333333333,0.0,3955.1649814814814,0.0
2025-07-07,0,135,22:30-22:40,699.7236166666667,0.0,0.4806,0.5053866071428572,60.98980000000006,365.5315333333332,760.7134166666667,760.7134166666667,760.7134166666667,0.0,0.0,3955.1649814814814,0.0
2025-07-07,0,136,22:40-22:50,713.2219499999999,0.0,0.4708,0.49493392857142854,65.3424,307.818175,1383.936592798354,1383.936592798354,1383.936592798354,605.372242798354,0.0,4500.0,0.0
2025-07-07,0,137,22:50-23:00,724.7033333333334,0.0,0.4359,0.4560004464285714,74.59999999999991,266.2330333333332,1632.6366666666665,1632.6366666666665,1632.6366666666665,833.3333333333333,0.0,5250.0,0.0
2025-07-07,0,138,23:00-23:10,677.5043666666666,0.0,0.4738,0.4973852678571426,83.81395000000009,214.6372124999997,761.3183166666666,761.3183166666666,761.3183166666666,0.0,0.0,5250.0,0.0
2025-07-07,0,139,23:10-23:20,639.6417333333333,0.0,0.4818,0.5071629464285713,84.37098333333347,192.64434166666643,724.0127166666667,724.0127166666667,724.0127166666667,0.0,0.0,5250.0,0.0
2025-07-07,0,140,23:20-23:30,639.1966666666666,0.0,0.4505,0.4744508928571428,82.9183333333333,166.37762916666668,1555.4483333333333,1555.4483333333333,1555.4483333333333,833.3333333333333,0.0,6000.0,0.0
2025-07-07,0,141,23:30-23:40,651.0388833333333,0.0,0.4806,0.5079214285714284,90.00511666666671,126.2949625,741.044,741.044,741.044,0.0,0.0,6000.0,0.0
2025-07-07,0,142,23:40-23:50,720.1345833333332,0.0,0.5355,0.5653428571428571,74.72581666666667,83.196325,794.8603999999999,794.8603999999999,794.8603999999999,0.0,0.0,6000.0,0.0
2025-07-07,0,143,23:50-24:00,809.125,0.0,0.5774,0.6058151785714286,90.43333333333334,47.13458333333324,899.5583333333334,899.5583333333334,899.5583333333334,0.0,0.0,6000.0,0.0
2025-07-08,0,0,0:00-0:10,819.9106166666667,0.0,0.530025,0.5547861607142858,73.19683333333342,1188.6701345238087,893.1074500000001,893.1074500000001,893.1074500000001,0.0,0.0,5158.494839814816,0.0
2025-07-08,0,1,0:10-0:20,810.2852833333333,0.0,0.514525,0.5346732142857145,89.07933333333335,1227.592957142857,899.3646166666666,899.3646166666666,899.3646166666666,0.0,0.0,5158.494839814816,0.0
2025-07-08,0,2,0:20-0:30,794.0,0.0,0.47445000000000004,0.4897571428571429,80.63833333333332,1271.822919642857,874.6383333333333,874.6383333333333,874.6383333333333,0.0,0.0,5158.494839814816,0.0
2025-07-08,0,3,0:30-0:40,732.4574833333332,0.0,0.48267499999999997,0.4995254464285714,85.22788333333335,1293.984169642857,817.6853666666666,817.6853666666666,817.6853666666666,0.0,0.0,5158.494839814816,0.0
2025-07-08,0,4,0:40-0:50,709.3312666666667,0.0,0.48955000000000004,0.5089004464285714,86.42784999999992,1314.8434416666673,795.7591166666666,795.7591166666666,795.7591166666666,0.0,0.0,5158.494839814816,0.0
2025-07-08,0,5,0:50-1:00,730.0366666666666,0.0,0.48277499999999995,0.503286607142857,92.9899999999999,1375.8102375000005,823.0266666666665,823.0266666666665,823.0266666666665,0.0,0.0,5158.494839814816,0.0
2025-07-08,0,6,1:00-1:10,721.3856000000001,0.0,0.5015499999999999,0.5242982142857141,89.19088333333332,1435.643854761905,810.5764833333334,810.5764833333334,810.5764833333334,0.0,0.0,5158.494839814816,0.0
2025-07-08,0,7,1:10-1:20,731.6358833333334,0.0,0.5164,0.5387656249999999,90.53543333333346,1365.688364285714,822.1713166666668,822.1713166666668,822.1713166666668,0.0,0.0,5158.494839814816,0.0
2025-07-08,0,8,1:20-1:30,769.14,0.0,0.502875,0.5227589285714286,69.74666666666667,1359.110261904762,838.8866666666667,838.8866666666667,838.8866666666667,0.0,0.0,5158.494839814816,0.0
2025-07-08,0,9,1:30-1:40,783.4618333333333,0.0,0.472975,0.4924928571428571,77.4766166666667,1378.0479999999998,860.93845,860.93845,860.93845,0.0,0.0,5158.494839814816,0.0
2025-07-08,0,10,1:40-1:50,775.3548833333332,0.0,0.48895,0.5062941964285713,78.1231166666667,1343.4750809523805,853.4779999999998,853.4779999999998,853.4779999999998,0.0,0.0,5158.494839814816,0.0
2025-07-08,0,11,1:50-2:00,769.4449999999999,0.0,0.5268,0.5434191964285715,85.69000000000005,1319.537411904761,855.135,855.135,855.135,0.0,0.0,5158.494839814816,0.0
2025-07-08,0,12,2:00-2:10,781.2976666666666,0.0,0.503125,0.5270857142857144,84.23035000000004,1320.00634047619,865.5280166666666,865.5280166666666,865.5280166666666,0.0,0.0,5158.494839814816,0.0
2025-07-08,0,13,2:10-2:20,753.4945666666667,0.0,0.48807500000000004,0.5113200892857144,76.13265000000001,1311.9851577380946,829.6272166666668,829.6272166666668,829.6272166666668,0.0,0.0,5158.494839814816,0.0
2025-07-08,0,14,2:20-2:30,710.71,0.0,0.494675,0.5084424107142856,62.37833333333333,1298.4423047619043,773.0883333333334,773.0883333333334,773.0883333333334,0.0,0.0,5158.494839814816,0.0
2025-07-08,0,15,2:30-2:40,733.709,0.0,0.468225,0.4795375,38.42269999999996,1256.3106535714282,772.1316999999999,772.1316999999999,772.1316999999999,0.0,0.0,5158.494839814816,0.0
2025-07-08,0,16,2:40-2:50,731.8032,0.0,0.46549999999999997,0.47848660714285707,43.32846666666671,1161.5547636904755,775.1316666666667,775.1316666666667,775.1316666666667,0.0,0.0,5158.494839814816,0.0
2025-07-08,0,17,2:50-3:00,706.6266666666667,0.0,0.487825,0.5017723214285714,55.40499999999997,1101.99619047619,762.0316666666666,762.0316666666666,762.0316666666666,0.0,0.0,5158.494839814816,0.0
2025-07-08,0,18,3:00-3:10,749.529,0.00029285714285714283,0.47672499999999995,0.48967544642857147,44.0605833333334,1055.3454083333336,793.5892904761905,793.5892904761905,793.5892904761905,0.0,0.0,5158.494839814816,0.0
2025-07-08,0,19,3:10-3:20,770.0177833333333,0.0,0.46937500000000004,0.4809133928571429,40.558933333333414,981.8792077380956,810.5767166666667,810.5767166666667,810.5767166666667,0.0,0.0,5158.494839814816,0.0
2025-07-08,0,20,3:20-3:30,731.9816666666667,0.0,0.473375,0.4844888392857142,46.539999999999964,928.2440869047623,778.5216666666666,778.5216666666666,778.5216666666666,0.0,0.0,5158.494839814816,0.0
2025-07-08,0,21,3:30-3:40,696.5180333333333,0.004059523809523809,0.458425,0.47020892857142865,48.54383095238097,897.4632535714288,745.0578047619048,745.0578047619048,745.0578047619048,0.0,0.0,5158.494839814816,0.0
2025-07-08,0,22,3:40-3:50,705.7592500000001,0.0,0.456625,0.46821026785714276,43.017911904761945,822.7519583333336,1582.1104952380952,1582.1104952380952,1582.1104952380952,833.3333333333333,0.0,5908.494839814816,0.0
2025-07-08,0,23,3:50-4:00,740.4133333333332,0.0,0.46885,0.4790102678571428,37.671666666666624,710.6655785714289,778.0849999999998,778.0849999999998,778.0849999999998,0.0,0.0,5908.494839814816,0.0
2025-07-08,0,24,4:00-4:10,742.2846999999999,0.05657619047619048,0.46120000000000005,0.47019330357142863,47.064521428571425,623.2634952380956,1224.2983787771882,1224.2983787771882,1224.2983787771882,435.00573353909306,0.0,6300.0,0.0
2025-07-08,0,25,4:10-4:20,720.1472999999999,0.0,0.44920000000000004,0.4578428571428571,40.63338333333331,557.3634130952382,1594.1140166666664,1594.1140166666664,1594.1140166666664,833.3333333333333,0.0,7050.0,0.0
2025-07-08,0,26,4:20-4:30,707.0883333333333,0.0,0.44815,0.45698124999999995,51.03499999999997,499.23491309523826,1591.4566666666665,1591.4566666666665,1591.4566666666665,833.3333333333333,0.0,7800.0,0.0
2025-07-08,0,27,4:30-4:40,726.9205499999999,0.7879928571428569,0.4597,0.4686785714285714,54.5044976190477,453.9453345238096,1613.970388095238,1613.970388095238,1613.970388095238,833.3333333333333,0.0,8550.0,0.0
2025-07-08,0,28,4:40-4:50,739.9796666666666,0.0,0.4838,0.49336741071428586,37.169116666666696,419.1351291666663,777.1487833333333,777.1487833333333,777.1487833333333,0.0,0.0,8550.0,0.0
2025-07-08,0,29,4:50-5:00,723.9166666666666,0.0017857142857142857,0.495975,0.5044544642857139,61.56208333333336,369.52777083333297,785.4769642857143,785.4769642857143,785.4769642857143,0.0,0.0,8550.0,0.0
2025-07-08,0,30,5:00-5:10,693.7656999999999,22.04074761904762,0.467725,0.47063928571428565,49.08228809523814,381.81873333333283,720.8072404761905,720.8072404761905,720.8072404761905,0.0,0.0,8550.0,0.0
2025-07-08,0,31,5:10-5:20,679.5735333333333,52.84247142857143,0.44645,0.44509374999999984,31.59376666666674,430.3623249999997,1491.658161904762,1491.658161904762,1491.658161904762,833.3333333333333,0.0,9300.0,0.0
2025-07-08,0,32,5:20-5:30,681.1933333333333,85.34196428571428,0.418425,0.41687410714285716,44.809464285714284,400.43742857142837,1473.9941666666664,1473.9941666666664,1473.9941666666664,833.3333333333333,0.0,10050.0,0.0
2025-07-08,0,33,5:30-5:40,684.9990666666665,122.35942142857142,0.36785,0.36744687500000006,45.89738571428575,442.49978869047607,1441.870364285714,1441.870364285714,1441.870364285714,833.3333333333333,0.0,10800.0,0.0
2025-07-08,0,34,5:40-5:50,753.05045,162.21431904761903,0.572125,0.5704803571428573,32.278099999999995,513.8366589285712,623.1142309523809,623.1142309523809,623.1142309523809,-0.0,0.0,10800.0,0.0
2025-07-08,0,35,5:50-6:00,859.26,201.70089285714283,0.9061,0.9025750000000003,38.19071428571419,598.4128369047618,0.0,0.0,0.0,0.0,695.7498214285713,10026.944642857143,0.0
2025-07-08,0,36,6:00-6:10,894.8084999999999,239.4044380952381,0.9311,0.9300174107142857,31.123773809523755,673.8713285714282,0.0,0.0,0.0,0.0,686.5278357142855,9264.135936507937,0.0
2025-07-08,0,37,6:10-6:20,852.1053333333332,281.8243547619047,0.8515,0.8525723214285714,34.01212857142855,672.6149333333332,0.0,0.0,0.0,0.0,604.293107142857,8592.699150793651,0.0
2025-07-08,0,38,6:20-6:30,804.76,329.10535714285714,0.8354,0.8370727678571429,46.9460714285716,736.2606327380956,522.6007142857145,522.6007142857145,522.6007142857145,0.0,0.0,8592.699150793651,0.0
2025-07-08,0,39,6:30-6:40,841.2233666666666,374.06551428571424,0.84745,0.8514946428571429,48.81606904761901,864.874102976191,0.0,0.0,0.0,0.0,515.9739214285714,8019.394793650794,0.0
2025-07-08,0,40,6:40-6:50,891.9462666666666,413.8971476190476,0.84815,0.8547821428571425,47.22947619047608,920.0161107142864,0.0,0.0,0.0,0.0,525.2785952380951,7435.751910052911,0.0
2025-07-08,0,41,6:50-7:00,881.0366666666666,454.6178571428571,0.819525,0.8261647321428571,49.82577380952387,947.093798214286,476.2445833333334,476.2445833333334,476.2445833333334,0.0,0.0,7435.751910052911,0.0
2025-07-08,0,42,7:00-7:10,809.7498833333334,503.33983333333333,0.774,0.7775312500000001,48.80176190476186,1000.5257922619053,355.21181190476193,355.21181190476193,355.21181190476193,0.0,0.0,7435.751910052911,0.0
2025-07-08,0,43,7:10-7:20,841.3287333333333,542.217588095238,0.759825,0.7651058035714284,46.749969047619004,1058.2438309523814,345.8611142857143,345.8611142857143,345.8611142857143,0.0,0.0,7435.751910052911,0.0
2025-07-08,0,44,7:20-7:30,915.9549999999999,574.9410714285714,0.739675,0.7501959821428571,59.15535714285704,1048.148352380953,400.1692857142856,400.1692857142856,400.1692857142856,0.0,0.0,7435.751910052911,0.0
2025-07-08,0,45,7:30-7:40,841.5571833333333,623.5544357142855,0.6770750000000001,0.6874044642857143,70.340507142857,1029.1395250000003,434.5038764550247,434.5038764550247,434.5038764550247,146.16062169311994,0.0,7567.296469576719,0.0
2025-07-08,0,46,7:40-7:50,929.8065499999999,672.9025261904761,0.8913500000000001,0.9023758928571431,64.11464523809536,1033.592798809524,0.0,0.0,0.0,0.0,321.01866904761914,7210.609059523808,0.0
2025-07-08,0,47,7:50-8:00,1166.3766666666666,716.8562499999999,1.237575,1.2523388392857142,70.47065476190483,1033.6533166666668,0.0,0.0,0.0,0.0,519.9910714285714,6632.8412023809515,0.0
2025-07-08,0,48,8:00-8:10,1200.8249,761.4517261904762,1.220325,1.2368200892857144,71.63232619047619,1050.2040160714287,0.0,0.0,0.0,0.0,511.0055000000002,6065.057313492062,0.0
2025-07-08,0,49,8:10-8:20,1151.88875,788.3005071428571,1.1438249999999999,1.1586754464285713,61.578221428571624,1081.669430357143,0.0,0.0,0.0,0.0,425.1664642857146,5592.650130952379,0.0
2025-07-08,0,50,8:20-8:30,1131.8933333333332,805.5276785714284,1.164425,1.1779321428571425,81.22470238095252,1109.0960011904763,0.0,0.0,0.0,0.0,407.59035714285733,5139.771956349205,0.0
2025-07-08,0,51,8:30-8:40,1127.56585,842.5420523809526,1.1357,1.1529593750000002,65.49021904761935,1145.974706547619,0.0,0.0,0.0,0.0,350.51401666666675,4750.3119378306865,0.0
2025-07-08,0,52,8:40-8:50,1137.8602333333333,883.5441071428572,1.11135,1.1309651785714288,70.79077380952361,1151.9353684523815,0.0,0.0,0.0,0.0,325.10689999999977,4389.082048941797,0.0
2025-07-08,0,53,8:50-9:00,1161.5716666666667,922.7839285714286,1.11985,1.1405058035714288,86.29666666666657,1145.3996303571432,0.0,0.0,0.0,0.0,325.0844047619047,4027.877154761903,0.0
2025-07-08,0,54,9:00-9:10,1185.9382833333334,971.7552285714285,1.11645,1.1427785714285714,97.44426428571433,1145.194240476191,0.0,0.0,0.0,0.0,311.62731904761927,3681.624578042326,0.0
2025-07-08,0,55,9:10-9:20,1173.17875,1023.9982452380953,1.0813249999999999,1.1098424107142852,91.54188095238084,1203.377657738095,0.0,0.0,0.0,0.0,240.72238571428556,3414.155260582009,0.0
2025-07-08,0,56,9:20-9:30,1140.4883333333332,1066.5455357142855,1.03095,1.0532249999999999,67.56940476190465,1269.746910119047,0.0,0.0,0.0,0.0,141.51220238095243,3256.919480158728,0.0
2025-07-08,0,57,9:30-9:40,1146.3254666666667,1091.8206238095236,1.0098,1.0244142857142857,83.74383333333338,1355.9694398809515,0.0,0.0,0.0,0.0,138.24867619047654,3103.3098399470878,0.0
2025-07-08,0,58,9:40-9:50,1169.9391,1119.9330833333333,1.05215,1.0831843749999999,79.66128095238093,1406.42337797619,0.0,0.0,0.0,0.0,129.66729761904753,2959.2350648148126,0.0
2025-07-08,0,59,9:50-10:00,1180.5883333333331,1155.1696428571427,1.109125,1.1682741071428566,90.10809523809523,1282.0764547619037,0.0,0.0,0.0,0.0,115.52678571428578,2830.871969576717,0.0
2025-07-08,0,60,10:00-10:10,1167.6182666666666,1185.2384714285713,1.0886749999999998,1.147778571428571,115.27108333333308,1187.194924404761,0.0,0.0,0.0,0.0,97.6508785714284,2722.370993386241,0.0
2025-07-08,0,61,10:10-10:20,1157.6753999999999,1221.4622142857143,1.0458749999999999,1.0964214285714289,104.41200238095229,1184.034485714284,0.0,0.0,0.0,0.0,40.625188095237945,2677.2318955026435,0.0
2025-07-08,0,62,10:20-10:30,1161.5116666666665,1255.6830357142853,1.04995,1.101264732142857,84.94160714285735,1263.8800369047603,0.0,0.0,0.0,9.229761904761517,0.0,2685.538681216929,0.0
2025-07-08,0,63,10:30-10:40,1172.0440333333331,1266.4171547619046,1.085925,1.143341964285714,132.63631904761905,1292.052579166665,0.0,0.0,0.0,0.0,38.26319761904756,2643.0240171957653,0.0
2025-07-08,0,64,10:40-10:50,1208.2775666666666,1280.2311809523808,0.913475,0.9610267857142859,120.06438809523792,1270.9540184523796,0.0,0.0,0.0,0.0,48.110773809523835,2589.5676018518498,0.0
2025-07-08,0,65,10:50-11:00,1227.9766666666665,1309.0705357142856,0.62695,0.6544071428571429,109.65249999999999,1250.610841666665,861.891964285714,861.891964285714,861.891964285714,833.3333333333333,0.0,3339.5676018518498,0.0
2025-07-08,0,66,11:00-11:10,1165.5288666666665,1336.6286642857142,0.582425,0.6064999999999999,124.23481190476204,1260.9247255952364,786.4683476190476,786.4683476190476,786.4683476190476,833.3333333333333,0.0,4089.5676018518498,0.0
2025-07-08,0,67,11:10-11:20,1128.8469166666666,1342.408388095238,0.6264000000000001,0.6517611607142859,114.0131523809523,1489.8381791666657,733.7850142857142,733.7850142857142,733.7850142857142,833.3333333333333,0.0,4839.56760185185,0.0
2025-07-08,0,68,11:20-11:30,1153.4583333333333,1331.4455357142856,0.638625,0.6634866071428573,128.45107142857142,1819.1723654761888,783.7972023809523,783.7972023809523,783.7972023809523,833.3333333333333,0.0,5589.56760185185,0.0
2025-07-08,0,69,11:30-11:40,1170.6439666666665,1326.66825,0.651125,0.6799901785714285,118.43235714285727,1993.156264285712,719.7852788947691,719.7852788947691,719.7852788947691,757.3772050852454,0.0,6271.207086428571,0.0
2025-07-08,0,70,11:40-11:50,1161.3874333333333,1318.5641595238094,0.6458499999999999,0.6780464285714286,174.33208571428577,2074.613519047617,850.488692857143,850.488692857143,850.488692857143,833.3333333333333,0.0,7021.207086428571,0.0
2025-07-08,0,71,11:50-12:00,1134.7749999999999,1314.9276785714285,0.615325,0.6474857142857143,145.3563095238098,2164.4113636904744,798.5369642857145,798.5369642857145,798.5369642857145,833.3333333333333,0.0,7771.207086428571,0.0
2025-07-08,0,72,12:00-12:10,1113.0812833333332,1336.7076904761902,0.58205,0.6132299107142857,133.5590285714287,2229.6748071428556,743.2659547619048,743.2659547619048,743.2659547619048,833.3333333333333,0.0,8521.20708642857,0.0
2025-07-08,0,73,12:10-12:20,1112.56565,1355.860011904762,0.584775,0.6145669642857144,140.08137619047642,2248.110382142856,730.1203476190478,730.1203476190478,730.1203476190478,833.3333333333333,0.0,9271.20708642857,0.0
2025-07-08,0,74,12:20-12:30,1120.9183333333333,1359.3857142857141,0.5896,0.6198183035714288,153.805892857143,2299.511702380951,748.6718452380953,748.6718452380953,748.6718452380953,833.3333333333333,0.0,10021.20708642857,0.0
2025-07-08,0,75,12:30-12:40,1114.6300833333332,1355.9863809523808,0.558025,0.5925575892857143,153.5671642857144,2349.628354166666,745.5442,745.5442,745.5442,833.3333333333333,0.0,10771.20708642857,0.0
2025-07-08,0,76,12:40-12:50,1131.0194666666666,1331.9866904761907,0.7217250000000001,0.7575544642857145,168.97509761904743,2410.620307738094,0.0,0.0,0.0,31.99212619047671,0.0,10800.0,0.0
2025-07-08,0,77,12:50-13:00,1177.3433333333332,1293.4071428571428,0.9968,1.0316017857142854,132.1548214285712,2450.8158696428563,16.09101190476167,16.09101190476167,16.09101190476167,0.0,-0.0,10800.0,0.0
2025-07-08,0,78,13:00-13:10,1217.0357,1263.8606357142858,1.0411,1.079479017857143,105.40643095238102,2376.7198726190463,0.0,0.0,0.0,0.0,58.58149523809516,10734.909449735449,0.0
2025-07-08,0,79,13:10-13:20,1222.1538833333334,1235.6508047619047,1.0082,1.0478892857142856,129.22695714285746,2317.554857738094,115.73003571428603,115.73003571428603,115.73003571428603,0.0,0.0,10734.909449735449,0.0
2025-07-08,0,80,13:20-13:30,1205.11,1208.7517857142857,1.0244,1.0603504464285718,110.88565476190479,2238.2654898809515,107.243869047619,107.243869047619,107.243869047619,0.0,0.0,10734.909449735449,0.0
2025-07-08,0,81,13:30-13:40,1205.6758833333333,1192.3305952380952,1.058475,1.0930892857142858,114.1368833333332,2095.268302380952,0.0,0.0,0.0,0.0,127.48217142857129,10593.262592592591,0.0
2025-07-08,0,82,13:40-13:50,1221.6448,1170.3894547619047,1.07395,1.1257799107142856,118.30913571428584,1960.6823904761895,0.0,0.0,0.0,0.0,169.56448095238102,10404.857613756612,0.0
2025-07-08,0,83,13:50-14:00,1225.6999999999998,1147.3133928571428,1.0795,1.154021875,124.71714285714262,1855.998857738094,0.0,0.0,0.0,0.0,203.10374999999954,10179.186780423279,0.0
2025-07-08,0,84,14:00-14:10,1198.1938833333334,1141.0517666666665,1.107575,1.1788897321428569,138.26011428571442,1761.0717351190463,0.0,0.0,0.0,0.0,195.4022309523814,9962.073190476189,0.0
2025-07-08,0,85,14:10-14:20,1202.6582666666666,1118.0240547619046,1.11025,1.1725254464285713,121.34627857142857,1602.9332136904754,0.0,0.0,0.0,0.0,205.98049047619043,9733.205978835977,0.0
2025-07-08,0,86,14:20-14:30,1225.7116666666666,1067.925,1.1237750000000002,1.1866700892857145,111.44678571428562,1430.7979214285701,0.0,0.0,0.0,0.0,269.23345238095226,9434.057698412696,0.0
2025-07-08,0,87,14:30-14:40,1198.12795,1015.4343214285714,1.200075,1.2674513392857147,163.29961666666665,1316.5539482142844,0.0,0.0,0.0,0.0,345.99324523809537,9049.620759259256,0.0
2025-07-08,0,88,14:40-14:50,1213.2176166666666,978.2150976190475,1.0539999999999998,1.1113232142857143,152.12007619047614,1219.9204059523795,0.0,0.0,0.0,0.0,387.1225952380952,8619.48454232804,0.0
2025-07-08,0,89,14:50-15:00,1279.9299999999998,945.7133928571427,0.77495,0.8130968749999999,127.94434523809525,1157.6150166666653,1295.4942857142855,1295.4942857142855,1295.4942857142855,833.3333333333333,0.0,9369.48454232804,0.0
2025-07-08,0,90,15:00-15:10,1301.6252,891.9531499999999,0.763425,0.7978781250000002,113.86781904761904,1207.3139392857124,1356.873202380952,1356.873202380952,1356.873202380952,833.3333333333333,0.0,10119.48454232804,0.0
2025-07-08,0,91,15:10-15:20,1265.14825,833.366176190476,0.83185,0.8722825892857143,111.39555714285746,1236.1381785714268,1299.3059172545588,1299.3059172545588,1299.3059172545588,756.1282863021773,0.0,10800.0,0.0
2025-07-08,0,92,15:20-15:30,1215.06,793.7937499999999,0.8429749999999999,0.8874526785714284,128.7717261904763,1198.219404761903,550.0379761904763,550.0379761904763,550.0379761904763,0.0,0.0,10800.0,0.0
2025-07-08,0,93,15:30-15:40,1207.2369333333331,780.4905809523808,0.8495999999999999,0.8900263392857143,111.86396190476188,1153.743541666665,538.6103142857143,538.6103142857143,538.6103142857143,0.0,0.0,10800.0,0.0
2025-07-08,0,94,15:40-15:50,1204.0274166666666,750.5616285714286,0.857575,0.8928410714285715,87.27817142857168,1092.6415464285703,540.7439595238097,540.7439595238097,540.7439595238097,0.0,0.0,10800.0,0.0
2025-07-08,0,95,15:50-16:00,1213.3166666666666,700.5062499999999,0.88195,0.9161879464285716,70.02809523809515,1126.3481398809517,582.8385119047618,582.8385119047618,582.8385119047618,0.0,0.0,10800.0,0.0
2025-07-08,0,96,16:00-16:10,1271.6318333333334,664.1332285714286,0.93925,0.9757508928571432,79.9207880952381,1072.329598214285,687.4193928571428,687.4193928571428,687.4193928571428,0.0,0.0,10800.0,0.0
2025-07-08,0,97,16:10-16:20,1261.0612833333332,618.5145261904761,0.963775,1.0007482142857143,82.64905714285703,1052.3722928571422,725.195814285714,725.195814285714,725.195814285714,0.0,0.0,10800.0,0.0
2025-07-08,0,98,16:20-16:30,1211.4916666666666,562.3616071428571,0.957425,0.9914138392857145,97.93500000000017,1064.3861374999994,747.0650595238096,747.0650595238096,747.0650595238096,0.0,0.0,10800.0,0.0
2025-07-08,0,99,16:30-16:40,1266.4751166666665,521.4604404761903,0.983725,1.0139986607142861,91.21431904761914,940.3403053571423,836.2289952380952,836.2289952380952,836.2289952380952,0.0,0.0,10800.0,0.0
2025-07-08,0,100,16:40-16:50,1284.0364333333332,484.8905476190476,1.00105,1.0295874999999997,108.49528333333336,790.9271523809517,907.6411690476191,907.6411690476191,907.6411690476191,0.0,0.0,10800.0,0.0
2025-07-08,0,101,16:50-17:00,1241.8916666666667,445.1526785714286,0.995125,1.0228156250000002,103.62773809523787,739.360094642856,900.3667261904759,900.3667261904759,900.3667261904759,0.0,0.0,10800.0,0.0
2025-07-08,0,102,17:00-17:10,1261.8017166666666,406.4077904761905,1.0053999999999998,1.030302232142857,94.31417380952382,783.6955249999987,949.7081000000001,949.7081000000001,949.7081000000001,0.0,0.0,10800.0,0.0
2025-07-08,0,103,17:10-17:20,1274.2692166666666,367.5959976190475,1.0632000000000001,1.088212946428572,108.62762619047635,806.9600095238081,1015.3008452380955,1015.3008452380955,1015.3008452380955,0.0,0.0,10800.0,0.0
2025-07-08,0,104,17:20-17:30,1275.4783333333332,329.1544642857143,1.113675,1.139665625,105.14577380952392,897.8767547619034,1051.4696428571428,1051.4696428571428,1051.4696428571428,0.0,-0.0,10800.0,0.0
2025-07-08,0,105,17:30-17:40,1313.7239333333332,292.6909619047619,1.0821,1.1029437500000001,85.27358333333336,903.5218315476177,1106.3065547619046,1106.3065547619046,1106.3065547619046,0.0,0.0,10800.0,0.0
2025-07-08,0,106,17:40-17:50,1196.3883166666665,253.00239523809518,1.13795,1.1555919642857149,80.04112380952392,880.7499071428557,1023.4270452380952,1023.4270452380952,1023.4270452380952,0.0,0.0,10800.0,0.0
2025-07-08,0,107,17:50-18:00,967.7883333333332,209.68214285714285,1.2681499999999999,1.2858468749999994,75.06726190476184,854.2286154761892,833.1734523809522,833.1734523809522,833.1734523809522,0.0,-0.0,10800.0,0.0
2025-07-08,0,108,18:00-18:10,892.3437,167.85578809523807,1.2871249999999999,1.3018464285714284,64.42852380952388,785.702708333332,788.9164357142859,788.9164357142859,788.9164357142859,0.0,-0.0,10800.0,0.0
2025-07-08,0,109,18:10-18:20,922.9868166666666,128.6314071428571,1.2919,1.305970089285714,83.22160000000008,765.1359976190465,877.5770095238096,877.5770095238096,877.5770095238096,0.0,-0.0,10800.0,0.0
2025-07-08,0,110,18:20-18:30,973.2349999999999,91.58392857142856,1.3382,1.3547294642857144,85.26964285714268,813.6106547619031,966.9207142857141,966.9207142857141,966.9207142857141,0.0,0.0,10800.0,0.0
2025-07-08,0,111,18:30-18:40,1000.1735999999999,56.057673809523806,1.378775,1.3980964285714284,82.48478809523817,806.5765178571412,1026.6007142857143,1026.6007142857143,1026.6007142857143,0.0,0.0,10800.0,0.0
2025-07-08,0,112,18:40-18:50,971.5769499999999,22.643180952380952,1.4141,1.4490254464285712,99.48220238095246,735.9604053571414,1048.4159714285713,1048.4159714285713,1048.4159714285713,0.0,0.0,10800.0,0.0
2025-07-08,0,113,18:50-19:00,933.9066666666665,0.0017857142857142857,1.44775,1.5038562500000001,76.67333333333352,823.0802190476177,177.2448809523811,177.2448809523811,177.2448809523811,0.0,833.3333333333333,9874.074074074075,0.0
2025-07-08,0,114,19:00-19:10,966.8392666666666,0.0,1.469675,1.529520982142857,79.10781666666674,832.3930613095227,212.6137500000002,212.6137500000002,212.6137500000002,0.0,833.3333333333333,8948.14814814815,0.0
2025-07-08,0,115,19:10-19:20,982.0840666666666,0.7972833333333333,1.45825,1.5123741071428571,76.96419285714285,762.2987035714278,224.91764285714294,224.91764285714294,224.91764285714294,0.0,833.3333333333333,8022.2222222222235,0.0
2025-07-08,0,116,19:20-19:30,963.81,0.0,1.43575,1.485559375,80.26833333333343,773.1265767857134,1044.0783333333334,1044.0783333333334,1044.0783333333334,0.0,0.0,8022.2222222222235,0.0
2025-07-08,0,117,19:30-19:40,982.5058,0.0,1.4472749999999999,1.4982227678571427,68.22093571428582,790.8319934523803,217.3934023809527,217.3934023809527,217.3934023809527,0.0,833.3333333333333,7096.296296296297,0.0
2025-07-08,0,118,19:40-19:50,995.1066333333333,0.05724047619047618,1.44515,1.4998892857142858,69.00076428571435,758.1080999999995,230.71682380952416,230.71682380952416,230.71682380952416,0.0,833.3333333333333,6170.370370370371,0.0
2025-07-08,0,119,19:50-20:00,982.0049999999999,0.0,1.432575,1.4901428571428568,78.40499999999997,719.9487619047611,462.15739702380813,462.15739702380813,462.15739702380813,0.0,598.2526029761917,5505.6452559523805,0.0
2025-07-08,0,120,20:00-20:10,974.5165666666667,0.0,1.4574500000000001,1.5149848214285717,99.9435666666667,681.0587255952375,241.12680000000023,241.12680000000023,241.12680000000023,0.0,833.3333333333333,4579.719330026454,0.0
2025-07-08,0,121,20:10-20:20,993.2121833333333,0.0041095238095238094,1.453975,1.5106964285714282,96.27160476190488,680.9544880952376,256.14634523809536,256.14634523809536,256.14634523809536,0.0,833.3333333333333,3653.7934041005283,0.0
2025-07-08,0,122,20:20-20:30,1010.185,0.0,1.451025,1.5089973214285712,127.34833333333336,653.6945595238092,304.20000000000005,304.20000000000005,304.20000000000005,0.0,833.3333333333333,2727.8674781746026,0.0
2025-07-08,0,123,20:30-20:40,979.6962666666666,0.0,1.5090249999999998,1.5688812499999998,76.76946666666674,622.695809523809,223.1324000000002,223.1324000000002,223.1324000000002,0.0,833.3333333333333,1801.9415522486768,0.0
2025-07-08,0,124,20:40-20:50,962.9109666666666,0.00029523809523809526,1.33915,1.3847343750000003,64.07399761904765,541.7473970238091,975.2254345238097,975.2254345238097,975.2254345238097,0.0,51.75923452380941,1744.4312916666663,0.0
2025-07-08,0,125,20:50-21:00,989.0666666666666,0.0,1.034625,1.0592187499999999,84.01333333333332,489.98816249999976,1080.2867181069955,1080.2867181069955,1080.2867181069955,7.206718106995646,0.0,1750.9173379629624,0.0
2025-07-08,0,126,21:00-21:10,1020.48135,0.0,1.0031,1.0284169642857144,89.22528333333344,495.82560416666615,1138.0195962962969,1138.0195962962969,1138.0195962962969,28.31296296296336,0.0,1776.3990046296294,0.0
2025-07-08,0,127,21:10-21:20,993.8702,0.0,1.0366,1.069095535714286,87.38498333333337,501.82583749999964,1081.2551833333332,1081.2551833333332,1081.2551833333332,0.0,0.0,1776.3990046296294,0.0
2025-07-08,0,128,21:20-21:30,964.7533333333333,0.0,1.034625,1.067623660714286,88.30999999999995,518.7591041666666,1053.0633333333333,1053.0633333333333,1053.0633333333333,0.0,0.0,1776.3990046296294,0.0
2025-07-08,0,129,21:30-21:40,1027.2407333333333,0.0,1.0688,1.0967450892857147,77.11993333333339,478.28410416666645,991.635025,991.635025,991.635025,0.0,112.7256416666667,1651.1482916666664,0.0
2025-07-08,0,130,21:40-21:50,947.2126,0.0,0.856,0.877642857142857,56.5320333333334,406.0334624999998,937.8180375000002,937.8180375000002,937.8180375000002,0.0,65.9265958333332,1577.8965185185184,0.0
2025-07-08,0,131,21:50-22:00,762.7749999999999,0.0,0.5062500000000001,0.5256236607142856,82.26999999999998,340.10686666666663,878.0685082304525,878.0685082304525,878.0685082304525,33.023508230452684,0.0,1607.6176759259258,0.0
2025-07-08,0,132,22:00-22:10,760.1213333333333,0.0,0.45389999999999997,0.4775834821428571,94.82386666666673,366.8559083333332,1688.2785333333331,1688.2785333333331,1688.2785333333331,833.3333333333333,0.0,2357.617675925926,0.0
2025-07-08,0,133,22:10-22:20,802.2668666666666,0.0,0.50165,0.5268705357142857,92.26419999999996,357.81475833333343,894.5310666666666,894.5310666666666,894.5310666666666,0.0,0.0,2357.617675925926,0.0
2025-07-08,0,134,22:20-22:30,803.6166666666666,0.0,0.500975,0.5247013392857142,88.09000000000003,339.9901416666667,1605.4648045267486,1605.4648045267486,1605.4648045267486,713.7581378600821,0.0,3000.0,0.0
2025-07-08,0,135,22:30-22:40,813.0502333333334,0.0,0.499875,0.5265580357142858,91.18766666666659,291.85558333333347,904.2379,904.2379,904.2379,0.0,0.0,3000.0,0.0
2025-07-08,0,136,22:40-22:50,778.1287,0.0,0.48530000000000006,0.5103580357142858,65.3424,264.3400916666668,1676.8044333333332,1676.8044333333332,1676.8044333333332,833.3333333333333,0.0,3750.0,0.0
2025-07-08,0,137,22:50-23:00,736.5616666666666,0.0,0.47382500000000005,0.49423883928571427,74.59999999999991,222.75495,1644.495,1644.495,1644.495,833.3333333333333,0.0,4500.0,0.0
2025-07-08,0,138,23:00-23:10,788.6231166666666,0.0,0.50755,0.531521875,85.78036666666674,171.1591291666665,874.4034833333334,874.4034833333334,874.4034833333334,0.0,0.0,4500.0,0.0
2025-07-08,0,139,23:10-23:20,821.3735333333334,0.0,0.543825,0.5704066964285716,107.55713333333347,151.1326749999999,928.9306666666669,928.9306666666669,928.9306666666669,0.0,0.0,4500.0,0.0
2025-07-08,0,140,23:20-23:30,792.925,0.0,0.5408000000000001,0.5661450892857143,87.50833333333321,148.05211250000013,880.4333333333332,880.4333333333332,880.4333333333332,0.0,0.0,4500.0,0.0
2025-07-08,0,141,23:30-23:40,775.3262,0.0,0.49755,0.5242571428571431,103.74063333333334,112.55944583333337,1712.4001666666666,1712.4001666666666,1712.4001666666666,833.3333333333333,0.0,5250.0,0.0
2025-07-08,0,142,23:40-23:50,792.0830166666666,0.0,0.48235,0.5109607142857142,74.72581666666667,83.196325,1700.1421666666665,1700.1421666666665,1700.1421666666665,833.3333333333333,0.0,6000.0,0.0
2025-07-08,0,143,23:50-24:00,814.165,0.0,0.50095,0.5291718749999998,90.43333333333334,47.13458333333324,904.5983333333334,904.5983333333334,904.5983333333334,0.0,0.0,6000.0,0.0
2025-07-09,0,0,0:00-0:10,794.7639999999999,0.0,0.5762,0.6016183035714284,73.19683333333342,1185.4991511904752,867.9608333333333,867.9608333333333,867.9608333333333,0.0,0.0,8170.937503333336,0.0
2025-07-09,0,1,0:10-0:20,770.3078499999999,0.0,0.5905,0.6111750000000001,86.40531666666669,1224.4219738095235,856.7131666666667,856.7131666666667,856.7131666666667,0.0,0.0,8170.937503333336,0.0
2025-07-09,0,2,0:20-0:30,759.0266666666666,0.0,0.5587,0.5757316964285712,80.63833333333332,1265.977919642857,839.665,839.665,839.665,0.0,0.0,8170.937503333336,0.0
2025-07-09,0,3,0:30-0:40,747.3775999999999,0.0,0.5303,0.549584375,85.22788333333335,1288.1391696428568,832.6054833333333,832.6054833333333,832.6054833333333,0.0,0.0,8170.937503333336,0.0
2025-07-09,0,4,0:40-0:50,751.1030999999999,0.0,0.5312,0.5516209821428573,86.42784999999992,1308.998441666667,837.5309499999998,837.5309499999998,837.5309499999998,0.0,0.0,8170.937503333336,0.0
2025-07-09,0,5,0:50-1:00,762.6616666666666,0.0,0.5485,0.5684008928571428,92.9899999999999,1369.9652375000003,855.6516666666665,855.6516666666665,855.6516666666665,0.0,0.0,8170.937503333336,0.0
2025-07-09,0,6,1:00-1:10,756.4802666666666,0.0,0.5466,0.5699316964285713,89.19088333333332,1429.798854761905,845.6711499999999,845.6711499999999,845.6711499999999,0.0,0.0,8170.937503333336,0.0
2025-07-09,0,7,1:10-1:20,757.74145,0.0,0.5312,0.5544272321428572,90.53543333333346,1359.8433642857137,848.2768833333334,848.2768833333334,848.2768833333334,0.0,0.0,8170.937503333336,0.0
2025-07-09,0,8,1:20-1:30,775.71,0.0,0.5247,0.5447665178571429,69.74666666666667,1353.2652619047617,845.4566666666667,845.4566666666667,845.4566666666667,0.0,0.0,8170.937503333336,0.0
2025-07-09,0,9,1:30-1:40,792.2700499999999,0.0,0.5439,0.5654111607142859,77.4766166666667,1372.2029999999997,869.7466666666666,869.7466666666666,869.7466666666666,0.0,0.0,8170.937503333336,0.0
2025-07-09,0,10,1:40-1:50,795.9145333333332,0.0,0.5579,0.5771236607142854,78.1231166666667,1337.6300809523802,874.03765,874.03765,874.03765,0.0,0.0,8170.937503333336,0.0
2025-07-09,0,11,1:50-2:00,784.855,0.0,0.5528,0.569165625,85.69000000000005,1313.6924119047612,870.5450000000001,870.5450000000001,870.5450000000001,0.0,0.0,8170.937503333336,0.0
2025-07-09,0,12,2:00-2:10,765.97975,0.0,0.5385,0.56251875,84.23035000000004,1314.1613404761897,850.2101,850.2101,850.2101,0.0,0.0,8170.937503333336,0.0
2025-07-09,0,13,2:10-2:20,749.33535,0.0,0.5103,0.5337187500000001,76.13265000000001,1306.1401577380946,825.468,825.468,825.468,0.0,0.0,8170.937503333336,0.0
2025-07-09,0,14,2:20-2:30,733.035,0.0,0.4963,0.5094138392857144,62.37833333333333,1290.9450696428567,795.4133333333333,795.4133333333333,795.4133333333333,0.0,0.0,8170.937503333336,0.0
2025-07-09,0,15,2:30-2:40,709.3941166666666,0.0,0.5315,0.542690625,38.42269999999996,1250.4656535714284,747.8168166666666,747.8168166666666,747.8168166666666,0.0,0.0,8170.937503333336,0.0
2025-07-09,0,16,2:40-2:50,697.3756,0.0,0.5331,0.5474419642857142,43.32846666666671,1150.8882011904755,740.7040666666667,740.7040666666667,740.7040666666667,0.0,0.0,8170.937503333336,0.0
2025-07-09,0,17,2:50-3:00,706.535,0.0,0.5033,0.5196267857142857,61.25,1091.7087190476193,767.785,767.785,767.785,0.0,0.0,8170.937503333336,0.0
2025-07-09,0,18,3:00-3:10,723.4387666666667,0.00027380952380952377,0.5199,0.5347258928571429,44.0605833333334,1053.7382208333336,767.4990761904762,767.4990761904762,767.4990761904762,0.0,0.0,8170.937503333336,0.0
2025-07-09,0,19,3:10-3:20,710.9186666666666,0.0,0.5096,0.5221464285714286,40.558933333333414,980.2720202380956,751.4775999999999,751.4775999999999,751.4775999999999,0.0,0.0,8170.937503333336,0.0
2025-07-09,0,20,3:20-3:30,703.1499999999999,0.0,0.4871,0.49855312500000004,46.539999999999964,926.6368994047623,1583.023333333333,1583.023333333333,1583.023333333333,833.3333333333333,0.0,8920.937503333336,0.0
2025-07-09,0,21,3:30-3:40,764.3750666666666,0.003802380952380952,0.5392,0.5506437500000001,48.54383095238097,895.8560660714289,812.9150952380952,812.9150952380952,812.9150952380952,0.0,0.0,8920.937503333336,0.0
2025-07-09,0,22,3:40-3:50,777.4539166666666,0.0,0.543,0.5548870535714285,43.017911904761945,822.7519583333336,820.4718285714285,820.4718285714285,820.4718285714285,0.0,0.0,8920.937503333336,0.0
2025-07-09,0,23,3:50-4:00,732.5266666666666,0.0,0.4936,0.5055424107142855,37.671666666666624,710.6655785714289,770.1983333333333,770.1983333333333,770.1983333333333,0.0,0.0,8920.937503333336,0.0
2025-07-09,0,24,4:00-4:10,737.5110333333333,0.053000000000000005,0.5138,0.5248312500000002,47.064521428571425,623.2634952380956,784.5225547619048,784.5225547619048,784.5225547619048,0.0,0.0,8920.937503333336,0.0
2025-07-09,0,25,4:10-4:20,758.6474,0.0,0.5508,0.5608816964285713,40.63338333333331,557.3634130952382,799.2807833333333,799.2807833333333,799.2807833333333,0.0,0.0,8920.937503333336,0.0
2025-07-09,0,26,4:20-4:30,750.1783333333333,0.0,0.5532,0.562724107142857,51.03499999999997,499.23491309523826,801.2133333333333,801.2133333333333,801.2133333333333,0.0,0.0,8920.937503333336,0.0
2025-07-09,0,27,4:30-4:40,707.5800166666666,0.7381857142857142,0.5246,0.533791517857143,54.5044976190477,453.9453345238096,761.3463285714286,761.3463285714286,761.3463285714286,0.0,0.0,8920.937503333336,0.0
2025-07-09,0,28,4:40-4:50,688.4229999999999,0.0,0.4978,0.507778125,37.169116666666696,414.3135666666664,725.5921166666666,725.5921166666666,725.5921166666666,0.0,0.0,8920.937503333336,0.0
2025-07-09,0,29,4:50-5:00,710.75,0.0,0.4935,0.502574107142857,61.56208333333336,364.7062083333331,1193.4926351851818,1193.4926351851818,1193.4926351851818,421.1805518518486,0.0,9300.0,0.0
2025-07-09,0,30,5:00-5:10,734.4975999999999,20.736107142857144,0.5087,0.5114245535714285,49.08228809523814,368.3206999999999,762.8437809523809,762.8437809523809,762.8437809523809,0.0,0.0,9300.0,0.0
2025-07-09,0,31,5:10-5:20,709.5901833333334,50.22606904761905,0.5165,0.515425892857143,31.59376666666674,418.6316125000001,690.9578809523811,690.9578809523811,690.9578809523811,0.0,0.0,9300.0,0.0
2025-07-09,0,32,5:20-5:30,659.3533333333332,81.82321428571429,0.4796,0.4797808035714288,44.809464285714284,394.00867857142856,1455.6729166666664,1455.6729166666664,1455.6729166666664,833.3333333333333,0.0,10050.0,0.0
2025-07-09,0,33,5:30-5:40,669.4321166666666,117.87027857142857,0.4184,0.4194455357142856,45.89738571428575,429.0017553571431,1430.792557142857,1430.792557142857,1430.792557142857,833.3333333333333,0.0,10800.0,0.0
2025-07-09,0,34,5:40-5:50,769.3811333333333,157.63318095238094,0.5881,0.5866656249999996,32.278099999999995,500.3386255952381,644.0260523809524,644.0260523809524,644.0260523809524,-0.0,0.0,10800.0,0.0
2025-07-09,0,35,5:50-6:00,879.3016666666667,197.82142857142856,0.8947,0.8912241071428572,38.19071428571419,584.9148035714287,0.0,0.0,0.0,0.0,719.6709523809524,10000.365608465609,0.0
2025-07-09,0,36,6:00-6:10,875.0410833333333,235.99371190476188,0.9549,0.9557272321428572,31.123773809523755,660.3732952380954,0.0,0.0,0.0,0.0,670.1711452380952,9255.731002645503,0.0
2025-07-09,0,37,6:10-6:20,831.7912166666666,279.4172952380952,0.8598,0.8622031250000003,36.35771190476191,659.1169000000001,0.0,0.0,0.0,0.0,588.7316333333333,8601.584743386244,0.0
2025-07-09,0,38,6:20-6:30,828.9200000000001,328.5053571428571,0.7945,0.7952830357142856,48.41232142857143,725.108182738096,0.0,0.0,0.0,0.0,548.8269642857144,7991.7770052910055,0.0
2025-07-09,0,39,6:30-6:40,872.7402999999999,375.0059833333333,0.8486,0.8530754464285718,51.43298571428562,856.4342125000009,0.0,0.0,0.0,0.0,549.1673023809524,7381.591113756614,0.0
2025-07-09,0,40,6:40-6:50,869.5986666666665,413.7548309523809,0.8534,0.8617526785714287,47.22947619047608,914.1931369047627,0.0,0.0,0.0,0.0,503.07331190476174,6822.620767195767,0.0
2025-07-09,0,41,6:50-7:00,825.4783333333332,452.95714285714286,0.7773,0.784937053571429,49.82577380952387,945.0097529761913,192.64738154761764,192.64738154761764,192.64738154761764,0.0,229.6995827380966,6567.399008597882,0.0
2025-07-09,0,42,7:00-7:10,839.7626,503.8484380952382,0.7517,0.7551647321428572,52.54673333333329,996.0028779761914,388.4608952380952,388.4608952380952,388.4608952380952,0.0,0.0,6567.399008597882,0.0
2025-07-09,0,43,7:10-7:20,888.1045999999999,541.5360238095237,0.7539,0.7585848214285714,46.8959261904763,1050.1492809523818,393.46450238095247,393.46450238095247,393.46450238095247,0.0,0.0,6567.399008597882,0.0
2025-07-09,0,44,7:20-7:30,894.0583333333334,571.3794642857142,0.7047,0.7146401785714284,59.15535714285704,1036.1087988095248,381.8342261904762,381.8342261904762,381.8342261904762,0.0,0.0,6567.399008597882,0.0
2025-07-09,0,45,7:30-7:40,834.0195166666667,623.9619166666666,0.6099,0.6198321428571428,70.340507142857,1028.5075392857152,1113.7314404761903,1113.7314404761903,1113.7314404761903,833.3333333333333,0.0,7317.399008597882,0.0
2025-07-09,0,46,7:40-7:50,957.0784333333332,674.4106452380952,0.8492,0.8606825892857144,64.11464523809536,1032.9608130952388,0.0,0.0,0.0,0.0,346.7824333333334,6932.085193783068,0.0
2025-07-09,0,47,7:50-8:00,1173.8666666666666,713.9517857142856,1.2397,1.255766517857143,70.47065476190483,1030.6685750000006,0.0,0.0,0.0,0.0,530.3855357142858,6342.767931878306,0.0
2025-07-09,0,48,8:00-8:10,1137.7715166666667,756.6795095238095,1.1893,1.2066410714285714,71.63232619047619,1048.147994642858,0.0,0.0,0.0,0.0,452.72433333333345,5839.7408948412685,0.0
2025-07-09,0,49,8:10-8:20,1087.7749666666666,787.7939785714285,1.075,1.0906102678571423,61.578221428571624,1079.6134089285722,0.0,0.0,0.0,0.0,361.5592095238097,5438.008439814813,0.0
2025-07-09,0,50,8:20-8:30,1121.905,812.6500000000001,1.1084,1.122910267857143,82.27660714285719,1107.0399797619057,0.0,0.0,0.0,0.0,391.53160714285696,5002.973320767194,0.0
2025-07-09,0,51,8:30-8:40,1107.4912666666667,854.8561452380951,1.1251,1.1422321428571427,67.61666904761915,1144.9705898809532,0.0,0.0,0.0,0.0,320.25179047619065,4647.137998015872,0.0
2025-07-09,0,52,8:40-8:50,1147.5754,900.8712499999999,1.1148,1.1332946428571433,70.79077380952361,1152.8777428571439,0.0,0.0,0.0,0.0,317.4949238095237,4294.365860449734,0.0
2025-07-09,0,53,8:50-9:00,1207.395,943.1214285714287,1.0796,1.0988910714285713,86.29666666666657,1146.3420047619056,0.0,0.0,0.0,0.0,350.57023809523787,3904.843373677247,0.0
2025-07-09,0,54,9:00-9:10,1136.5929166666665,987.9695380952381,1.0144,1.039126339285714,97.44426428571433,1146.1366148809534,0.0,0.0,0.0,0.0,246.0676428571427,3631.4348816137554,0.0
2025-07-09,0,55,9:10-9:20,1112.5232333333333,1035.0399166666664,1.002,1.0292566964285716,91.54188095238084,1192.1914410714292,0.0,0.0,0.0,0.0,169.02519761904773,3443.62910648148,0.0
2025-07-09,0,56,9:20-9:30,1176.79,1076.4473214285713,1.0254,1.0469374999999999,67.56940476190465,1258.560693452381,0.0,0.0,0.0,0.0,167.91208333333338,3257.0601249999986,0.0
2025-07-09,0,57,9:30-9:40,1191.8173666666667,1104.9888500000002,0.9979,1.011445535714286,83.74383333333338,1344.7832232142855,0.0,0.0,0.0,0.0,170.57234999999991,3067.535291666665,0.0
2025-07-09,0,58,9:40-9:50,1181.3307499999999,1137.7390761904762,1.0348,1.065252678571429,79.66128095238093,1395.4171202380953,0.0,0.0,0.0,0.0,123.25295476190468,2930.5875641534376,0.0
2025-07-09,0,59,9:50-10:00,1178.1399999999999,1173.6142857142856,1.133,1.193141071428571,90.10809523809523,1271.0701970238094,0.0,0.0,0.0,0.0,94.63380952380953,2825.4388869047602,0.0
2025-07-09,0,60,10:00-10:10,1181.381483333333,1195.775107142857,1.1602,1.2212683035714285,115.27108333333308,1176.5485845238095,0.0,0.0,0.0,0.0,100.8774595238092,2713.3528207671943,0.0
2025-07-09,0,61,10:10-10:20,1189.3533,1220.5210904761905,1.1476,1.1994459821428571,104.41200238095229,1172.8482690476185,0.0,0.0,0.0,0.0,73.24421190476187,2631.9703630952367,0.0
2025-07-09,0,62,10:20-10:30,1182.9483333333333,1250.0124999999998,1.1726,1.2237495535714287,79.95636904761895,1252.6938202380943,0.0,0.0,0.0,0.0,12.892202380952313,2617.6456937830676,0.0
2025-07-09,0,63,10:30-10:40,1145.4393499999999,1269.7693428571426,1.224,1.2808035714285715,132.63631904761905,1275.8811244047608,0.0,0.0,0.0,0.0,8.306326190476284,2608.4164424603164,0.0
2025-07-09,0,64,10:40-10:50,1136.2389333333333,1289.34945,0.9521,0.9985959821428569,120.06438809523792,1254.7825636904754,0.0,0.0,0.0,33.04612857142865,0.0,2638.1579581746023,0.0
2025-07-09,0,65,10:50-11:00,1151.1383333333333,1320.8133928571428,0.5075,0.5325526785714286,119.40797619047635,1234.4393869047606,783.0662500000001,783.0662500000001,783.0662500000001,833.3333333333333,0.0,3388.1579581746023,0.0
2025-07-09,0,66,11:00-11:10,1136.4735666666666,1361.5419595238093,0.4351,0.4550709821428571,124.23481190476204,1254.5087470238084,732.4997523809525,732.4997523809525,732.4997523809525,833.3333333333333,0.0,4138.157958174603,0.0
2025-07-09,0,67,11:10-11:20,1166.73945,1367.9679571428571,0.5258,0.5479111607142858,119.46776666666665,1483.4222005952379,751.5725928571428,751.5725928571428,751.5725928571428,833.3333333333333,0.0,4888.157958174603,0.0
2025-07-09,0,68,11:20-11:30,1226.1216666666664,1348.81875,0.5833,0.6066294642857143,128.45107142857142,1818.2110011904751,839.0873214285712,839.0873214285712,839.0873214285712,833.3333333333333,0.0,5638.157958174603,0.0
2025-07-09,0,69,11:30-11:40,1208.7303499999998,1355.0414357142859,0.6085,0.6337299107142859,122.38876666666663,1992.1948999999986,664.3804202821873,664.3804202821873,664.3804202821873,688.3027393298066,0.0,6257.630423571429,0.0
2025-07-09,0,70,11:40-11:50,1141.5962833333333,1358.5481404761906,0.5627,0.5891540178571432,174.33208571428577,2077.608564285713,790.7135619047617,790.7135619047617,790.7135619047617,833.3333333333333,0.0,7007.630423571429,0.0
2025-07-09,0,71,11:50-12:00,1090.565,1357.3821428571428,0.5006,0.5274803571428571,141.6414285714285,2167.001207738094,708.1576190476192,708.1576190476192,708.1576190476192,833.3333333333333,0.0,7757.630423571429,0.0
2025-07-09,0,72,12:00-12:10,1102.1751166666666,1380.4143857142856,0.5283,0.5560566964285714,133.5590285714287,2195.2721428571417,688.6530928571428,688.6530928571428,688.6530928571428,833.3333333333333,0.0,8507.630423571429,0.0
2025-07-09,0,73,12:10-12:20,1130.0684833333332,1395.1617904761906,0.5404,0.5676160714285714,140.08137619047642,2213.707717857142,708.3214023809523,708.3214023809523,708.3214023809523,833.3333333333333,0.0,9257.630423571429,0.0
2025-07-09,0,74,12:20-12:30,1133.0866666666666,1390.6401785714284,0.5024,0.5299580357142855,153.805892857143,2265.1090380952373,729.5857142857144,729.5857142857144,729.5857142857144,833.3333333333333,0.0,10007.630423571429,0.0
2025-07-09,0,75,12:30-12:40,1114.9374666666665,1383.9381666666663,0.5138,0.5465004464285713,154.28699999999998,2315.225689880952,718.6196333333335,718.6196333333335,718.6196333333335,833.3333333333333,0.0,10757.630423571429,0.0
2025-07-09,0,76,12:40-12:50,1140.4908999999998,1356.5433047619047,0.6969,0.7306794642857145,168.97509761904743,2376.937479166666,0.0,0.0,0.0,47.077307142857535,0.0,10800.0,0.0
2025-07-09,0,77,12:50-13:00,1189.0183333333332,1314.8598214285714,0.9333,0.9647375000000002,132.1548214285712,2417.133041071428,1.6115706904761282,1.6115706904761282,1.6115706904761282,0.0,4.70176264285692,10794.775819285715,0.0
2025-07-09,0,78,13:00-13:10,1176.3129166666665,1287.5239928571427,0.962,0.9968669642857142,105.40643095238102,2343.037044047618,0.0,0.0,0.0,5.8046452380951905,0.0,10800.0,0.0
2025-07-09,0,79,13:10-13:20,1163.4630666666667,1256.5445595238095,0.923,0.9601281249999999,129.22695714285746,2283.872029166666,36.145464285714525,36.145464285714525,36.145464285714525,0.0,0.0,10800.0,0.0
2025-07-09,0,80,13:20-13:30,1178.5133333333333,1222.6999999999998,0.9176,0.9517741071428575,110.88565476190479,2204.5826613095232,66.69898809523829,66.69898809523829,66.69898809523829,0.0,0.0,10800.0,0.0
2025-07-09,0,81,13:30-13:40,1189.6894,1206.8805333333332,0.9266,0.9591308035714288,114.1368833333332,2061.5854738095236,96.94574999999986,96.94574999999986,96.94574999999986,0.0,0.0,10800.0,0.0
2025-07-09,0,82,13:40-13:50,1206.6940333333332,1188.4477285714286,1.0133,1.0643321428571428,118.30913571428584,1926.9995619047613,0.0,0.0,0.0,0.0,136.55544047619037,10648.271732804233,0.0
2025-07-09,0,83,13:50-14:00,1224.465,1164.1517857142858,1.1441,1.2209741071428568,124.71714285714262,1822.3160291666659,0.0,0.0,0.0,0.0,185.0303571428567,10442.682447089948,0.0
2025-07-09,0,84,14:00-14:10,1223.2229333333332,1148.0020166666666,1.2005,1.2765330357142854,138.26011428571442,1727.388906547618,0.0,0.0,0.0,0.0,213.48103095238116,10205.481301587302,0.0
2025-07-09,0,85,14:10-14:20,1226.1450333333332,1112.3019761904761,1.1992,1.2667558035714281,121.34627857142857,1569.2503851190468,0.0,0.0,0.0,0.0,235.1893357142858,9944.159817460319,0.0
2025-07-09,0,86,14:20-14:30,1226.2483333333332,1057.175,1.2257,1.2929165178571427,111.44678571428562,1397.115092857142,0.0,0.0,0.0,0.0,280.5201190476189,9632.470796296298,0.0
2025-07-09,0,87,14:30-14:40,1195.60205,1013.4429261904761,1.3021,1.3723629464285714,163.29961666666665,1282.8711196428562,0.0,0.0,0.0,0.0,345.45874047619054,9248.627751322754,0.0
2025-07-09,0,88,14:40-14:50,1184.0670166666666,980.3062928571428,1.0879,1.146885267857143,152.12007619047614,1186.2375773809513,0.0,0.0,0.0,0.0,355.8807999999999,8853.204640211643,0.0
2025-07-09,0,89,14:50-15:00,1189.6683333333333,944.2026785714286,0.7065,0.7456276785714288,127.94434523809525,1123.932188095237,1206.7433333333333,1206.7433333333333,1206.7433333333333,833.3333333333333,0.0,9603.204640211643,0.0
2025-07-09,0,90,15:00-15:10,1171.5837499999998,892.9206928571427,0.6641,0.6993678571428571,113.86781904761904,1167.5892059523792,1225.8642095238092,1225.8642095238092,1225.8642095238092,833.3333333333333,0.0,10353.204640211643,0.0
2025-07-09,0,91,15:10-15:20,1213.7633999999998,837.465688095238,0.7855,0.8267022321428572,111.39555714285746,1196.4134452380933,984.1325577013492,984.1325577013492,984.1325577013492,496.43928865373,0.0,10800.0,0.0
2025-07-09,0,92,15:20-15:30,1277.84,796.4419642857142,0.8563,0.9013468749999999,128.7717261904763,1158.4946714285702,610.169761904762,610.169761904762,610.169761904762,0.0,0.0,10800.0,0.0
2025-07-09,0,93,15:30-15:40,1233.1029166666667,777.0039642857142,0.8391,0.8798214285714286,111.86396190476188,1114.0188083333321,567.9629142857144,567.9629142857144,567.9629142857144,0.0,0.0,10800.0,0.0
2025-07-09,0,94,15:40-15:50,1191.9034833333333,736.1132047619045,0.8483,0.8840669642857145,88.8989761904761,1052.9168130952373,544.6892547619049,544.6892547619049,544.6892547619049,0.0,0.0,10800.0,0.0
2025-07-09,0,95,15:50-16:00,1220.7649999999999,677.1026785714286,0.9191,0.9539098214285715,102.09011904761897,1088.2442113095233,645.7524404761904,645.7524404761904,645.7524404761904,0.0,0.0,10800.0,0.0
2025-07-09,0,96,16:00-16:10,1271.5149166666665,643.7058333333334,0.9805,1.0163678571428572,79.9207880952381,1066.2876934523802,707.7298714285712,707.7298714285712,707.7298714285712,0.0,0.0,10800.0,0.0
2025-07-09,0,97,16:10-16:20,1274.29115,607.0918285714286,0.9986,1.034301785714286,82.64905714285703,1046.3303880952376,749.8483785714286,749.8483785714286,749.8483785714286,0.0,-0.0,10800.0,0.0
2025-07-09,0,98,16:20-16:30,1244.58,555.7991071428571,0.9886,1.0222343750000003,97.93500000000017,1058.344232738095,786.715892857143,786.715892857143,786.715892857143,0.0,0.0,10800.0,0.0
2025-07-09,0,99,16:30-16:40,1260.2786333333333,510.05718095238086,0.9989,1.0303366071428572,91.21431904761914,934.2984005952376,841.4357714285716,841.4357714285716,841.4357714285716,0.0,0.0,10800.0,0.0
2025-07-09,0,100,16:40-16:50,1291.4553166666665,472.11892857142857,1.0507,1.0803723214285712,108.49528333333336,784.885247619047,927.8316714285713,927.8316714285713,927.8316714285713,0.0,0.0,10800.0,0.0
2025-07-09,0,101,16:50-17:00,1299.5966666666666,436.86964285714276,1.1029,1.1311785714285711,103.62773809523787,733.3181898809512,966.3547619047617,966.3547619047617,966.3547619047617,0.0,0.0,10800.0,0.0
2025-07-09,0,102,17:00-17:10,1277.6778666666667,398.6469238095238,1.0947,1.1218281250000004,94.31417380952382,777.653620238094,973.3451166666669,973.3451166666669,973.3451166666669,0.0,0.0,10800.0,0.0
2025-07-09,0,103,17:10-17:20,1265.4017999999999,359.45117857142856,1.1032,1.1301625000000002,108.62762619047635,800.9181047619035,1014.5782476190477,1014.5782476190477,1014.5782476190477,0.0,0.0,10800.0,0.0
2025-07-09,0,104,17:20-17:30,1273.2933333333333,322.07142857142856,1.119,1.1449254464285714,105.14577380952392,891.8348499999987,1056.3676785714288,1056.3676785714288,1056.3676785714288,0.0,0.0,10800.0,0.0
2025-07-09,0,105,17:30-17:40,1254.9256333333333,286.3826619047619,1.0742,1.095541517857143,85.27358333333336,897.479926785713,1053.8165547619046,1053.8165547619046,1053.8165547619046,0.0,0.0,10800.0,0.0
2025-07-09,0,106,17:40-17:50,1108.1889333333334,245.63584523809521,1.1414,1.1597062499999997,80.04112380952392,874.708002380951,942.594211904762,942.594211904762,942.594211904762,0.0,-0.0,10800.0,0.0
2025-07-09,0,107,17:50-18:00,934.4233333333333,200.8776785714286,1.3051,1.3228910714285713,75.06726190476184,848.1867107142846,808.6129166666665,808.6129166666665,808.6129166666665,0.0,-0.0,10800.0,0.0
2025-07-09,0,108,18:00-18:10,952.2511833333333,160.49766904761904,1.3642,1.3802915178571424,64.42852380952388,779.6608035714273,856.1820380952381,856.1820380952381,856.1820380952381,0.0,-0.0,10800.0,0.0
2025-07-09,0,109,18:10-18:20,989.8212,124.4775738095238,1.3671,1.3820758928571433,83.22160000000008,761.2926940476174,948.5652261904763,948.5652261904763,948.5652261904763,0.0,0.0,10800.0,0.0
2025-07-09,0,110,18:20-18:30,959.395,90.07499999999999,1.3545,1.369687053571429,85.26964285714268,813.8417833333318,954.5896428571425,954.5896428571425,954.5896428571425,0.0,0.0,10800.0,0.0
2025-07-09,0,111,18:30-18:40,940.0115666666667,55.109780952380945,1.3314,1.349515178571428,82.48478809523817,806.8076464285699,967.386573809524,967.386573809524,967.386573809524,-0.0,0.0,10800.0,0.0
2025-07-09,0,112,18:40-18:50,941.9469999999999,21.978333333333328,1.4437,1.4803049107142858,99.48220238095246,736.1915339285702,1019.450869047619,1019.450869047619,1019.450869047619,0.0,0.0,10800.0,0.0
2025-07-09,0,113,18:50-19:00,969.6516666666666,0.0,1.642,1.702162053571429,82.71523809523819,823.3113476190465,219.03357142857158,219.03357142857158,219.03357142857158,0.0,833.3333333333333,9874.074074074075,0.0
2025-07-09,0,114,19:00-19:10,1022.0163833333332,0.0,1.7114,1.773608928571429,79.10781666666674,838.6660946428561,267.7908666666667,267.7908666666667,267.7908666666667,0.0,833.3333333333333,8948.14814814815,0.0
2025-07-09,0,115,19:10-19:20,1025.5655166666666,0.7692119047619046,1.6968,1.752946875,76.96419285714285,768.5717369047612,268.42716428571407,268.42716428571407,268.42716428571407,0.0,833.3333333333333,8022.2222222222235,0.0
2025-07-09,0,116,19:20-19:30,966.4966666666666,0.0,1.6485,1.7025808035714287,80.26833333333343,779.3996101190468,213.43166666666662,213.43166666666662,213.43166666666662,0.0,833.3333333333333,7096.296296296297,0.0
2025-07-09,0,117,19:30-19:40,915.3723166666666,0.0,1.5833,1.6390531250000002,68.22093571428582,797.1050267857137,983.5932523809524,983.5932523809524,983.5932523809524,0.0,0.0,7096.296296296297,0.0
2025-07-09,0,118,19:40-19:50,961.8389166666666,0.05522619047619047,1.6242,1.682015178571429,69.00076428571435,764.3811333333329,197.4511214285717,197.4511214285717,197.4511214285717,0.0,833.3333333333333,6170.370370370371,0.0
2025-07-09,0,119,19:50-20:00,1046.3866666666665,0.0,1.727,1.786315625,78.40499999999997,726.2217952380945,291.45833333333326,291.45833333333326,291.45833333333326,0.0,833.3333333333333,5244.444444444445,0.0
2025-07-09,0,120,20:00-20:10,1019.8189833333332,0.0,1.7114,1.7726522321428568,99.9435666666667,687.3317589285709,286.42921666666666,286.42921666666666,286.42921666666666,0.0,833.3333333333333,4318.518518518519,0.0
2025-07-09,0,121,20:10-20:20,981.6485166666666,0.003964285714285715,1.6328,1.693717857142857,96.27160476190488,687.227521428571,244.58282380952392,244.58282380952392,244.58282380952392,0.0,833.3333333333333,3392.592592592593,0.0
2025-07-09,0,122,20:20-20:30,985.41,0.0,1.6165,1.6773183035714285,127.34833333333336,659.9675928571426,520.7787636904751,520.7787636904751,520.7787636904751,0.0,591.9795696428581,2734.8375152116396,0.0
2025-07-09,0,123,20:30-20:40,985.4001666666666,0.0,1.6918,1.7554522321428574,76.76946666666674,628.9688428571424,228.83630000000016,228.83630000000016,228.83630000000016,0.0,833.3333333333333,1808.911589285714,0.0
2025-07-09,0,124,20:40-20:50,978.5157333333333,0.00028571428571428574,1.4942,1.543404910714285,64.07399761904765,548.0204303571425,990.830210714286,990.830210714286,990.830210714286,0.0,51.75923452380941,1751.4013287037035,0.0
2025-07-09,0,125,20:50-21:00,978.1216666666666,0.0,1.1337,1.1596321428571426,84.01333333333332,496.26119583333315,1069.3417181069951,1069.3417181069951,1069.3417181069951,7.2067181069953925,0.0,1757.8873749999993,0.0
2025-07-09,0,126,21:00-21:10,988.8916333333333,0.0,1.0946,1.119758482142857,89.22528333333344,502.09863749999954,1085.524612139918,1085.524612139918,1085.524612139918,7.4076954732511995,0.0,1764.5543009259254,0.0
2025-07-09,0,127,21:10-21:20,966.4265666666666,0.0,1.0859,1.1183142857142856,87.38498333333337,508.098870833333,1074.7168174897124,1074.7168174897124,1074.7168174897124,20.90526748971241,0.0,1783.3690416666666,0.0
2025-07-09,0,128,21:20-21:30,948.1383333333333,0.0,1.0433,1.0772562499999998,88.30999999999995,525.0321375,1036.4483333333333,1036.4483333333333,1036.4483333333333,0.0,0.0,1783.3690416666666,0.0
2025-07-09,0,129,21:30-21:40,995.1114333333333,0.0,1.1517,1.181307142857143,77.11993333333339,484.55713749999984,959.505725,959.505725,959.505725,0.0,112.7256416666667,1658.1183287037036,0.0
2025-07-09,0,130,21:40-21:50,902.2514166666666,0.0,0.9239,0.946913392857143,56.5320333333334,412.3064958333332,892.8568541666668,892.8568541666668,892.8568541666668,0.0,65.9265958333332,1584.8665555555556,0.0
2025-07-09,0,131,21:50-22:00,752.915,0.0,0.503,0.5232861607142859,82.26999999999998,346.3799,1668.5183333333332,1668.5183333333332,1668.5183333333332,833.3333333333333,0.0,2334.8665555555554,0.0
2025-07-09,0,132,22:00-22:10,836.0005833333332,0.0,0.551,0.5762589285714286,88.55083333333334,373.1289416666666,1663.588577160494,1663.588577160494,1663.588577160494,739.0371604938274,0.0,3000.0,0.0
2025-07-09,0,133,22:10-22:20,855.89045,0.0,0.6202,0.6467241071428572,92.26419999999996,357.81475833333343,948.15465,948.15465,948.15465,0.0,0.0,3000.0,0.0
2025-07-09,0,134,22:20-22:30,763.6483333333333,0.0,0.5231,0.546934375,88.09000000000003,339.9901416666667,1685.0716666666667,1685.0716666666667,1685.0716666666667,833.3333333333333,0.0,3750.0,0.0
2025-07-09,0,135,22:30-22:40,807.3981166666667,0.0,0.5312,0.5582026785714287,91.18766666666659,291.85558333333347,1731.9191166666665,1731.9191166666665,1731.9191166666665,833.3333333333333,0.0,4500.0,0.0
2025-07-09,0,136,22:40-22:50,844.0570833333333,0.0,0.5688,0.5956482142857144,65.3424,264.3400916666668,909.3994833333333,909.3994833333333,909.3994833333333,0.0,0.0,4500.0,0.0
2025-07-09,0,137,22:50-23:00,797.7399999999999,0.0,0.5586,0.5812330357142856,74.59999999999991,222.75495,872.3399999999998,872.3399999999998,872.3399999999998,0.0,0.0,4500.0,0.0
2025-07-09,0,138,23:00-23:10,754.1675833333334,0.0,0.5254,0.5489241071428571,85.78036666666674,171.1591291666665,1673.2812833333332,1673.2812833333332,1673.2812833333332,833.3333333333333,0.0,5250.0,0.0
2025-07-09,0,139,23:10-23:20,764.8133833333333,0.0,0.5313,0.5563495535714288,107.55713333333347,151.1326749999999,1705.7038499999999,1705.7038499999999,1705.7038499999999,833.3333333333333,0.0,6000.0,0.0
2025-07-09,0,140,23:20-23:30,797.1016666666666,0.0,0.5641,0.5897593750000001,87.50833333333321,148.05211250000013,884.6099999999998,884.6099999999998,884.6099999999998,0.0,0.0,6000.0,0.0
2025-07-09,0,141,23:30-23:40,777.1347000000001,0.0,0.5572,0.5857526785714285,103.74063333333334,112.55944583333337,880.8753333333334,880.8753333333334,880.8753333333334,0.0,0.0,6000.0,0.0
2025-07-09,0,142,23:40-23:50,758.2007833333333,0.0,0.5564,0.5866200892857142,74.72581666666667,83.196325,832.9266,832.9266,832.9266,0.0,0.0,6000.0,0.0
2025-07-09,0,143,23:50-24:00,779.9783333333332,0.0,0.5734,0.602045982142857,90.43333333333334,47.13458333333324,870.4116666666666,870.4116666666666,870.4116666666666,0.0,0.0,6000.0,0.0
2025-07-10,0,0,0:00-0:10,825.3044666666666,0.0,0.5715,0.5957549107142858,73.19683333333342,1187.4854797619041,898.5013,898.5013,898.5013,0.0,0.0,8439.88659625,0.0
2025-07-10,0,1,0:10-0:20,837.3302833333333,0.0,0.569,0.5883499999999999,86.40531666666669,1226.4083023809521,923.7356,923.7356,923.7356,0.0,0.0,8439.88659625,0.0
2025-07-10,0,2,0:20-0:30,813.8816666666667,0.0,0.5673,0.5839406250000001,80.63833333333332,1267.9642482142856,894.52,894.52,894.52,0.0,0.0,8439.88659625,0.0
2025-07-10,0,3,0:30-0:40,799.0949499999999,0.0,0.545,0.5651584821428571,85.22788333333335,1290.1254982142855,884.3228333333333,884.3228333333333,884.3228333333333,0.0,0.0,8439.88659625,0.0
2025-07-10,0,4,0:40-0:50,768.5708500000001,0.0,0.5153,0.5366553571428572,86.42784999999992,1310.9847702380957,854.9987,854.9987,854.9987,0.0,0.0,8439.88659625,0.0
2025-07-10,0,5,0:50-1:00,738.6883333333333,0.0,0.5112,0.5312142857142857,92.9899999999999,1371.951566071429,831.6783333333332,831.6783333333332,831.6783333333332,0.0,0.0,8439.88659625,0.0
2025-07-10,0,6,1:00-1:10,757.1735666666666,0.0,0.547,0.5705334821428573,89.19088333333332,1431.7851833333336,846.3644499999999,846.3644499999999,846.3644499999999,0.0,0.0,8439.88659625,0.0
2025-07-10,0,7,1:10-1:20,766.34845,0.0,0.5287,0.552599107142857,90.53543333333346,1361.8296928571424,856.8838833333334,856.8838833333334,856.8838833333334,0.0,0.0,8439.88659625,0.0
2025-07-10,0,8,1:20-1:30,765.085,0.0,0.4912,0.5124258928571429,69.74666666666667,1355.2515904761904,834.8316666666667,834.8316666666667,834.8316666666667,0.0,0.0,8439.88659625,0.0
2025-07-10,0,9,1:30-1:40,799.2233333333334,0.0,0.5555,0.5787892857142858,77.4766166666667,1374.1893285714284,876.6999500000001,876.6999500000001,876.6999500000001,0.0,0.0,8439.88659625,0.0
2025-07-10,0,10,1:40-1:50,774.8911666666665,0.0,0.5722,0.5929593749999998,78.1231166666667,1339.616409523809,853.0142833333332,853.0142833333332,853.0142833333332,0.0,0.0,8439.88659625,0.0
2025-07-10,0,11,1:50-2:00,712.4499999999999,0.0,0.5132,0.5300808035714285,85.69000000000005,1315.67874047619,798.14,798.14,798.14,0.0,0.0,8439.88659625,0.0
2025-07-10,0,12,2:00-2:10,736.7118166666667,0.0,0.5076,0.5315620535714286,84.23035000000004,1316.1476690476184,820.9421666666667,820.9421666666667,820.9421666666667,0.0,0.0,8439.88659625,0.0
2025-07-10,0,13,2:10-2:20,791.8022833333332,0.0,0.55,0.5733834821428572,76.13265000000001,1308.1264863095232,867.9349333333332,867.9349333333332,867.9349333333332,0.0,0.0,8439.88659625,0.0
2025-07-10,0,14,2:20-2:30,816.6816666666666,0.0,0.5768,0.5899941964285714,62.37833333333333,1292.5532821428567,879.06,879.06,879.06,0.0,0.0,8439.88659625,0.0
2025-07-10,0,15,2:30-2:40,799.5843333333333,0.0,0.5349,0.5458758928571428,38.42269999999996,1252.451982142857,838.0070333333333,838.0070333333333,838.0070333333333,0.0,0.0,8439.88659625,0.0
2025-07-10,0,16,2:40-2:50,759.4382833333334,0.0,0.5038,0.5181191964285715,45.49531666666667,1152.4964136904755,804.9336000000001,804.9336000000001,804.9336000000001,0.0,0.0,8439.88659625,0.0
2025-07-10,0,17,2:50-3:00,727.375,0.0,0.5152,0.5319267857142856,62.32166666666666,1095.861897619048,789.6966666666667,789.6966666666667,789.6966666666667,0.0,0.0,8439.88659625,0.0
2025-07-10,0,18,3:00-3:10,724.8037999999999,0.0002666666666666667,0.5264,0.5410910714285714,44.0605833333334,1058.8370273809528,768.8641166666666,768.8641166666666,768.8641166666666,0.0,0.0,8439.88659625,0.0
2025-07-10,0,19,3:10-3:20,716.4564666666666,0.0,0.5228,0.5348107142857144,40.558933333333414,985.3708267857146,757.0154,757.0154,757.0154,0.0,0.0,8439.88659625,0.0
2025-07-10,0,20,3:20-3:30,702.0450000000001,0.0,0.502,0.5130312500000002,46.539999999999964,931.7357059523815,748.585,748.585,748.585,0.0,0.0,8439.88659625,0.0
2025-07-10,0,21,3:30-3:40,715.3353833333333,0.003707142857142857,0.4766,0.4876066964285715,48.54383095238097,900.954872619048,1597.2088404761903,1597.2088404761903,1597.2088404761903,833.3333333333333,0.0,9189.88659625,0.0
2025-07-10,0,22,3:40-3:50,730.5532,0.0,0.4976,0.5092933035714284,41.42473333333328,827.9768035714291,771.9779333333332,771.9779333333332,771.9779333333332,0.0,0.0,9189.88659625,0.0
2025-07-10,0,23,3:50-4:00,730.64,0.0,0.5322,0.5443924107142857,34.039999999999964,714.2972452380956,764.68,764.68,764.68,0.0,0.0,9189.88659625,0.0
2025-07-10,0,24,4:00-4:10,721.3257166666667,0.051645238095238084,0.4981,0.5093696428571428,47.064521428571425,623.2634952380956,768.3385928571429,768.3385928571429,768.3385928571429,0.0,0.0,9189.88659625,0.0
2025-07-10,0,25,4:10-4:20,703.2219,0.0,0.4833,0.4931232142857142,40.63338333333331,557.3634130952382,743.8552833333333,743.8552833333333,743.8552833333333,0.0,0.0,9189.88659625,0.0
2025-07-10,0,26,4:20-4:30,682.0999999999999,0.0,0.5045,0.5135428571428571,51.03499999999997,499.23491309523826,733.1349999999999,733.1349999999999,733.1349999999999,0.0,0.0,9189.88659625,0.0
2025-07-10,0,27,4:30-4:40,673.7015666666666,0.7193071428571427,0.4939,0.5033687499999999,54.5044976190477,453.9453345238096,727.4867571428572,727.4867571428572,727.4867571428572,0.0,0.0,9189.88659625,0.0
2025-07-10,0,28,4:40-4:50,703.6123666666667,0.0,0.4999,0.509959375,37.169116666666696,412.9101041666663,740.7814833333334,740.7814833333334,740.7814833333334,0.0,0.0,9189.88659625,0.0
2025-07-10,0,29,4:50-5:00,726.6216666666666,0.0,0.5175,0.5255366071428571,61.56208333333336,363.302745833333,788.1837499999999,788.1837499999999,788.1837499999999,0.0,0.0,9189.88659625,0.0
2025-07-10,0,30,5:00-5:10,673.3792833333333,20.280050000000003,0.4913,0.4928982142857143,49.08228809523814,362.2089999999997,702.1815214285715,702.1815214285715,702.1815214285715,0.0,0.0,9189.88659625,0.0
2025-07-10,0,31,5:10-5:20,663.6373833333333,49.5090380952381,0.4905,0.4884959821428573,31.59376666666674,413.92179880952375,768.0703382936505,768.0703382936505,768.0703382936505,122.34822638888848,0.0,9300.0,0.0
2025-07-10,0,32,5:20-5:30,704.2716666666666,81.02053571428571,0.4739,0.47371785714285713,44.809464285714284,393.50452380952373,1501.3939285714284,1501.3939285714284,1501.3939285714284,833.3333333333333,0.0,10050.0,0.0
2025-07-10,0,33,5:30-5:40,701.4509333333333,116.43532857142856,0.3737,0.3761834821428571,45.89738571428575,422.89005535714296,1464.2463238095238,1464.2463238095238,1464.2463238095238,833.3333333333333,0.0,10800.0,0.0
2025-07-10,0,34,5:40-5:50,791.4261333333334,154.9358238095238,0.5613,0.5621531249999999,32.278099999999995,494.22692559523796,668.7684095238096,668.7684095238096,668.7684095238096,-0.0,0.0,10800.0,0.0
2025-07-10,0,35,5:50-6:00,921.4083333333333,194.28482142857143,0.9308,0.9286955357142853,38.19071428571419,578.8031035714286,0.0,0.0,0.0,0.0,765.3142261904761,9949.65085978836,0.0
2025-07-10,0,36,6:00-6:10,883.8057999999999,232.7864166666667,0.9652,0.9661794642857141,31.123773809523755,654.2615952380952,0.0,0.0,0.0,0.0,682.1431571428569,9191.71401851852,0.0
2025-07-10,0,37,6:10-6:20,837.0546666666667,273.6371619047619,0.8496,0.8525049107142854,36.86186666666674,653.0052,600.2793714285715,600.2793714285715,600.2793714285715,0.0,0.0,9191.71401851852,0.0
2025-07-10,0,38,6:20-6:30,850.05,318.4866071428571,0.7856,0.7877138392857141,48.41232142857143,719.5006375000007,579.9757142857143,579.9757142857143,579.9757142857143,0.0,0.0,9191.71401851852,0.0
2025-07-10,0,39,6:30-6:40,835.48705,364.8366166666666,0.79,0.7945446428571429,51.43298571428562,850.8266672619055,522.083419047619,522.083419047619,522.083419047619,0.0,0.0,9191.71401851852,0.0
2025-07-10,0,40,6:40-6:50,815.3503333333333,405.3651880952382,0.807,0.8154366071428572,48.59660476190476,908.5855916666674,458.58174999999983,458.58174999999983,458.58174999999983,0.0,0.0,9191.71401851852,0.0
2025-07-10,0,41,6:50-7:00,817.7866666666666,446.47946428571424,0.8043,0.8134803571428574,54.06619047619051,940.7693363095246,425.3733928571429,425.3733928571429,425.3733928571429,0.0,0.0,9191.71401851852,0.0
2025-07-10,0,42,7:00-7:10,843.5834333333333,499.70674761904763,0.7948,0.7993607142857144,52.54673333333329,998.4417470238104,396.42341904761895,396.42341904761895,396.42341904761895,0.0,0.0,9191.71401851852,0.0
2025-07-10,0,43,7:10-7:20,875.8496833333334,539.109207142857,0.8099,0.8147468750000001,46.8959261904763,1059.9047571428582,383.63640238095263,383.63640238095263,383.63640238095263,0.0,0.0,9191.71401851852,0.0
2025-07-10,0,44,7:20-7:30,871.73,567.2723214285713,0.7953,0.8053450892857142,59.15535714285704,1049.955235714287,363.61303571428573,363.61303571428573,363.61303571428573,0.0,0.0,9191.71401851852,0.0
2025-07-10,0,45,7:30-7:40,830.4057166666666,613.0397380952381,0.7162,0.7268727678571425,70.340507142857,1030.9464083333341,287.70648571428546,287.70648571428546,287.70648571428546,0.0,0.0,9191.71401851852,0.0
2025-07-10,0,46,7:40-7:50,988.7670833333333,659.1841738095238,0.9435,0.9559598214285714,64.11464523809536,1035.399682142858,0.0,0.0,0.0,0.0,393.6975547619047,8754.272291005293,0.0
2025-07-10,0,47,7:50-8:00,1242.145,701.7919642857142,1.3249,1.3414852678571425,70.47065476190483,1035.4602000000007,0.0,0.0,0.0,0.0,610.8236904761906,8075.579301587303,0.0
2025-07-10,0,48,8:00-8:10,1231.3010833333333,752.2530976190476,1.3038,1.321148214285714,71.63232619047619,1052.939619642858,0.0,0.0,0.0,0.0,550.680311904762,7463.712288359789,0.0
2025-07-10,0,49,8:10-8:20,1172.05785,784.1445119047618,1.1969,1.2123178571428574,61.578221428571624,1084.405033928572,0.0,0.0,0.0,0.0,449.49155952380977,6964.277222222223,0.0
2025-07-10,0,50,8:20-8:30,1165.2783333333332,806.1410714285714,1.177,1.1914593749999998,82.27660714285719,1111.8316047619055,0.0,0.0,0.0,0.0,441.4138690476191,6473.817367724869,0.0
2025-07-10,0,51,8:30-8:40,1101.8723333333332,855.3150523809524,1.1062,1.123504910714286,67.61666904761915,1149.7622148809533,0.0,0.0,0.0,0.0,314.17395,6124.735201058202,0.0
2025-07-10,0,52,8:40-8:50,1079.9595666666667,904.5061809523809,1.0715,1.0901437499999997,70.79077380952361,1157.8493267857152,0.0,0.0,0.0,0.0,246.24415952380946,5851.13057936508,0.0
2025-07-10,0,53,8:50-9:00,1126.9416666666666,943.9580357142856,1.1006,1.1200839285714288,86.29666666666657,1151.313588690477,0.0,0.0,0.0,0.0,269.2802976190476,5551.930248677249,0.0
2025-07-10,0,54,9:00-9:10,1162.2021666666665,992.2607857142857,1.1204,1.1457330357142859,97.44426428571433,1151.1081988095248,0.0,0.0,0.0,0.0,267.3856452380951,5254.835087301588,0.0
2025-07-10,0,55,9:10-9:20,1174.6154833333333,1045.3779047619046,1.131,1.1574540178571426,91.54188095238084,1212.0777767857148,0.0,0.0,0.0,0.0,220.77945952380946,5009.524576719577,0.0
2025-07-10,0,56,9:20-9:30,1169.8766666666666,1088.8160714285714,1.1006,1.1194848214285713,67.56940476190465,1278.4470291666667,0.0,0.0,0.0,0.0,148.62999999999988,4844.380132275133,0.0
2025-07-10,0,57,9:30-9:40,1152.1789166666667,1112.891445238095,1.0067,1.0189821428571428,83.74383333333338,1364.6695589285714,0.0,0.0,0.0,0.0,123.03130476190518,4707.678682539683,0.0
2025-07-10,0,58,9:40-9:50,1128.1326833333333,1143.4675428571427,1.0526,1.0826964285714284,79.66128095238093,1415.1234970238095,0.0,0.0,0.0,0.0,64.3264214285714,4636.204880952381,0.0
2025-07-10,0,59,9:50-10:00,1120.9733333333334,1183.5276785714284,1.2204,1.2796397321428568,90.10809523809523,1290.7765738095234,0.0,0.0,0.0,0.0,27.553750000000264,4605.589603174603,0.0
2025-07-10,0,60,10:00-10:10,1151.5778333333333,1211.7255428571427,1.2768,1.337527678571428,115.27108333333308,1195.8950434523808,0.0,0.0,0.0,0.0,55.12337380952363,4544.341410052911,0.0
2025-07-10,0,61,10:10-10:20,1169.4584166666666,1236.0462666666667,1.2444,1.2957651785714288,104.41200238095229,1192.734604761904,0.0,0.0,0.0,0.0,37.82415238095223,4502.314574074075,0.0
2025-07-10,0,62,10:20-10:30,1153.1233333333332,1258.21875,1.2204,1.2704624999999996,79.95636904761895,1272.58015595238,0.0,0.0,0.0,25.139047619047915,0.0,4524.939716931218,0.0
2025-07-10,0,63,10:30-10:40,1129.0569333333333,1270.4343,1.2283,1.28509375,132.63631904761905,1295.7674601190465,0.0,0.0,0.0,8.74104761904755,0.0,4532.806659788361,0.0
2025-07-10,0,64,10:40-10:50,1126.5917666666664,1282.3952785714284,0.9876,1.0340883928571434,120.06438809523792,1274.668899404761,0.0,0.0,0.0,35.73912380952402,0.0,4564.971871216932,0.0
2025-07-10,0,65,10:50-11:00,1152.4216666666666,1306.2053571428573,0.6407,0.6649950892857143,109.65249999999999,1254.3257226190462,789.2021428571425,789.2021428571425,789.2021428571425,833.3333333333333,0.0,5314.971871216932,0.0
2025-07-10,0,66,11:00-11:10,1183.8159999999998,1343.0060833333332,0.639,0.6596723214285719,124.23481190476204,1264.6396065476179,798.3780619047618,798.3780619047618,798.3780619047618,833.3333333333333,0.0,6064.971871216932,0.0
2025-07-10,0,67,11:10-11:20,1175.2562333333333,1360.2726476190473,0.6902,0.7129624999999999,114.0131523809523,1493.5530601190471,0.0,0.0,0.0,71.00326190476176,0.0,6128.874806931218,0.0
2025-07-10,0,68,11:20-11:30,1157.0583333333334,1354.9330357142858,0.6557,0.6781107142857143,128.45107142857142,1822.88724642857,763.9097023809522,763.9097023809522,763.9097023809522,833.3333333333333,0.0,6878.874806931218,0.0
2025-07-10,0,69,11:30-11:40,1196.5166333333332,1354.0872047619048,0.6795,0.7046714285714287,118.43235714285727,1996.8711452380935,0.0,0.0,0.0,39.13821428571441,0.0,6914.099199788361,0.0
2025-07-10,0,70,11:40-11:50,1189.7054666666666,1354.8749404761902,0.6633,0.6911941964285715,174.33208571428577,2078.3283999999985,14.313172457377,14.313172457377,14.313172457377,5.150560552614883,0.0,6918.7347042857145,0.0
2025-07-10,0,71,11:50-12:00,1125.2433333333333,1363.275,0.5943,0.6226812500000001,141.6414285714285,2167.7210434523795,736.9430952380951,736.9430952380951,736.9430952380951,833.3333333333333,0.0,7668.7347042857145,0.0
2025-07-10,0,72,12:00-12:10,1101.9823333333334,1389.9251047619045,0.5755,0.6032205357142856,133.5590285714287,2195.9919785714274,678.9495904761909,678.9495904761909,678.9495904761909,833.3333333333333,0.0,8418.734704285715,0.0
2025-07-10,0,73,12:10-12:20,1114.5058999999999,1398.9542547619044,0.5723,0.5988754464285717,140.08137619047642,2214.427553571428,688.9663547619052,688.9663547619052,688.9663547619052,833.3333333333333,0.0,9168.734704285715,0.0
2025-07-10,0,74,12:20-12:30,1124.5216666666665,1384.4258928571428,0.5482,0.5758624999999998,153.805892857143,2265.8288738095234,727.2349999999999,727.2349999999999,727.2349999999999,833.3333333333333,0.0,9918.734704285715,0.0
2025-07-10,0,75,12:30-12:40,1106.2586,1371.7803214285714,0.5329,0.5660540178571429,153.5671642857144,2315.945525595238,721.3787761904762,721.3787761904762,721.3787761904762,833.3333333333333,0.0,10668.734704285715,0.0
2025-07-10,0,76,12:40-12:50,1103.2808666666665,1346.2636095238095,0.6742,0.7090218750000001,168.97509761904743,2376.937479166666,0.0,0.0,0.0,74.00764523809562,0.0,10735.341585,0.0
2025-07-10,0,77,12:50-13:00,1131.1499999999999,1311.7517857142857,0.8879,0.9206991071428572,132.1548214285712,2417.133041071428,0.0,0.0,0.0,48.44696428571456,0.0,10778.943852857143,0.0
2025-07-10,0,78,13:00-13:10,1160.5112,1289.31335,0.9274,0.9623232142857144,105.40643095238102,2343.037044047618,0.0,0.0,0.0,23.395719047618968,0.0,10800.0,0.0
2025-07-10,0,79,13:10-13:20,1165.8475666666666,1254.1012238095236,0.9362,0.9727200892857145,129.22695714285746,2283.872029166666,40.973300000000336,40.973300000000336,40.973300000000336,0.0,0.0,10800.0,0.0
2025-07-10,0,80,13:20-13:30,1166.8683333333333,1211.8705357142858,0.9726,1.0065700892857146,110.88565476190479,2204.5826613095232,65.88345238095235,65.88345238095235,65.88345238095235,0.0,0.0,10800.0,0.0
2025-07-10,0,81,13:30-13:40,1204.94275,1194.8752571428572,0.9702,1.002408482142857,114.1368833333332,2061.5854738095236,124.20437619047584,124.20437619047584,124.20437619047584,0.0,0.0,10800.0,0.0
2025-07-10,0,82,13:40-13:50,1235.3837833333332,1173.586776190476,1.0945,1.145883035714286,118.30913571428584,1922.844746428571,0.0,0.0,0.0,0.0,180.1061428571429,10599.882063492063,0.0
2025-07-10,0,83,13:50-14:00,1245.54,1144.1374999999998,1.3168,1.3953375,124.71714285714262,1816.0388023809514,0.0,0.0,0.0,0.0,226.1196428571427,10348.638015873015,0.0
2025-07-10,0,84,14:00-14:10,1262.1730333333333,1129.0057666666667,1.4092,1.4871281249999995,138.26011428571442,1717.4793529761896,0.0,0.0,0.0,0.0,271.4273809523811,10047.052037037036,0.0
2025-07-10,0,85,14:10-14:20,1255.3092333333334,1092.0554214285714,1.369,1.4385183035714284,121.34627857142857,1559.3408315476186,0.0,0.0,0.0,0.0,284.60009047619064,9730.829714285714,0.0
2025-07-10,0,86,14:20-14:30,1219.6766666666667,1034.185714285714,1.3447,1.4139866071428575,111.44678571428562,1387.2055392857137,0.0,0.0,0.0,0.0,296.9377380952383,9400.898894179893,0.0
2025-07-10,0,87,14:30-14:40,1188.7862833333334,995.1865023809523,1.4364,1.5081258928571422,163.29961666666665,1272.961566071428,0.0,0.0,0.0,0.0,356.8993976190477,9004.344007936506,0.0
2025-07-10,0,88,14:40-14:50,1191.5752,962.5217738095239,1.2091,1.2691977678571427,152.12007619047614,1176.328023809523,0.0,0.0,0.0,0.0,381.1735023809522,8580.817894179892,0.0
2025-07-10,0,89,14:50-15:00,1214.725,925.8160714285715,0.7925,0.8327999999999998,127.94434523809525,1114.0226345238086,1250.1866071428567,1250.1866071428567,1250.1866071428567,833.3333333333333,0.0,9330.817894179892,0.0
2025-07-10,0,90,15:00-15:10,1220.0146333333332,887.9424333333334,0.7881,0.8240888392857142,113.86781904761904,1150.026875595237,1279.273352380952,1279.273352380952,1279.273352380952,833.3333333333333,0.0,10080.817894179892,0.0
2025-07-10,0,91,15:10-15:20,1230.7138,842.4017571428572,0.9023,0.9431455357142857,111.39555714285746,1171.3045380952365,499.7076000000002,499.7076000000002,499.7076000000002,0.0,0.0,10080.817894179892,0.0
2025-07-10,0,92,15:20-15:30,1249.2516666666666,800.5160714285714,0.9129,0.9571433035714288,128.7717261904763,1133.3857642857133,577.5073214285715,577.5073214285715,577.5073214285715,0.0,0.0,10080.817894179892,0.0
2025-07-10,0,93,15:30-15:40,1247.85585,779.9797166666665,0.8929,0.9342008928571428,111.86396190476188,1088.9099011904752,579.7400952380954,579.7400952380954,579.7400952380954,0.0,0.0,10080.817894179892,0.0
2025-07-10,0,94,15:40-15:50,1225.4363833333332,744.7244166666666,0.8811,0.9173370535714288,88.8989761904761,1027.8079059523805,1368.702171546151,1368.702171546151,1368.702171546151,799.0912286890084,0.0,10800.0,0.0
2025-07-10,0,95,15:50-16:00,1207.27,692.7919642857142,0.891,0.9247933035714286,102.09011904761897,1063.1353041666664,616.5681547619048,616.5681547619048,616.5681547619048,0.0,0.0,10800.0,0.0
2025-07-10,0,96,16:00-16:10,1221.01305,656.0606857142857,0.9213,0.9565982142857141,79.9207880952381,1041.1787863095235,644.8731523809524,644.8731523809524,644.8731523809524,0.0,0.0,10800.0,0.0
2025-07-10,0,97,16:10-16:20,1228.9022,612.0994619047619,0.9639,0.9993062499999998,82.64905714285703,1021.2214809523806,699.4517952380952,699.4517952380952,699.4517952380952,0.0,0.0,10800.0,0.0
2025-07-10,0,98,16:20-16:30,1227.44,557.1633928571429,0.9939,1.0267093749999998,97.93500000000017,1033.235325595238,768.2116071428574,768.2116071428574,768.2116071428574,0.0,0.0,10800.0,0.0
2025-07-10,0,99,16:30-16:40,1249.4500333333333,512.8552833333333,0.9916,1.0225241071428572,91.21431904761914,909.1894934523807,827.8090690476192,827.8090690476192,827.8090690476192,0.0,0.0,10800.0,0.0
2025-07-10,0,100,16:40-16:50,1271.0678166666667,471.5498071428572,1.0145,1.0441825892857142,108.49528333333336,759.7763404761902,908.0132928571429,908.0132928571429,908.0132928571429,0.0,0.0,10800.0,0.0
2025-07-10,0,101,16:50-17:00,1284.6183333333333,430.13124999999997,1.0726,1.1007816964285717,103.62773809523787,708.2092827380945,958.1148214285713,958.1148214285713,958.1148214285713,-0.0,0.0,10800.0,0.0
2025-07-10,0,102,17:00-17:10,1300.1789333333331,394.1998047619048,1.1145,1.1407897321428568,94.31417380952382,752.5447130952372,1000.2933023809521,1000.2933023809521,1000.2933023809521,0.0,0.0,10800.0,0.0
2025-07-10,0,103,17:10-17:20,1279.2431166666665,355.9925023809524,1.1143,1.1407312500000002,108.62762619047635,775.8091976190466,1031.8782404761905,1031.8782404761905,1031.8782404761905,0.0,0.0,10800.0,0.0
2025-07-10,0,104,17:20-17:30,1263.8049999999998,315.21517857142857,1.0954,1.1220165178571428,105.14577380952392,866.7259428571418,1053.7355952380951,1053.7355952380951,1053.7355952380951,0.0,0.0,10800.0,0.0
2025-07-10,0,105,17:30-17:40,1315.4688333333334,278.94561904761906,1.1212,1.1435093749999996,101.89284523809522,872.3710196428561,1138.4160595238095,1138.4160595238095,1138.4160595238095,0.0,0.0,10800.0,0.0
2025-07-10,0,106,17:40-17:50,1216.7791,240.3654595238095,1.241,1.2597656249999998,88.53076904761895,866.218357142856,1064.9444095238096,1064.9444095238096,1064.9444095238096,0.0,0.0,10800.0,0.0
2025-07-10,0,107,17:50-18:00,1008.1133333333333,197.92767857142854,1.3738,1.3916687499999996,75.06726190476184,848.1867107142846,885.2529166666666,885.2529166666666,885.2529166666666,0.0,0.0,10800.0,0.0
2025-07-10,0,108,18:00-18:10,961.8026333333333,157.8003738095238,1.3771,1.3936276785714288,64.42852380952388,779.6608035714273,868.4307833333335,868.4307833333335,868.4307833333335,0.0,0.0,10800.0,0.0
2025-07-10,0,109,18:10-18:20,970.3591166666666,121.46960952380955,1.3622,1.377369642857143,83.22160000000008,761.2926940476174,932.1111071428572,932.1111071428572,932.1111071428572,0.0,0.0,10800.0,0.0
2025-07-10,0,110,18:20-18:30,983.4833333333332,87.33392857142857,1.395,1.4093433035714291,85.26964285714268,813.8417833333318,981.4190476190473,981.4190476190473,981.4190476190473,0.0,0.0,10800.0,0.0
2025-07-10,0,111,18:30-18:40,1056.9387166666666,53.07763095238094,1.449,1.4658392857142866,82.48478809523817,806.8076464285699,1086.3458738095237,1086.3458738095237,1086.3458738095237,0.0,-0.0,10800.0,0.0
2025-07-10,0,112,18:40-18:50,1055.9665166666666,21.037897619047612,1.5637,1.6001535714285715,99.48220238095246,736.1915339285702,1134.4108214285716,1134.4108214285716,1134.4108214285716,0.0,0.0,10800.0,0.0
2025-07-10,0,113,18:50-19:00,984.0116666666665,0.0,1.654,1.7149174107142857,82.71523809523819,823.3113476190465,233.39357142857148,233.39357142857148,233.39357142857148,0.0,833.3333333333333,9874.074074074075,0.0
2025-07-10,0,114,19:00-19:10,979.6062499999999,0.0,1.5877,1.6489330357142857,79.10781666666674,838.6660946428561,466.73449702380776,466.73449702380776,466.73449702380776,0.0,591.9795696428589,9216.31899669312,0.0
2025-07-10,0,115,19:10-19:20,975.6055666666666,0.7341523809523809,1.5963,1.6522004464285716,76.96419285714285,768.5717369047612,218.50227380952379,218.50227380952379,218.50227380952379,0.0,833.3333333333333,8290.393070767195,0.0
2025-07-10,0,116,19:20-19:30,945.9766666666666,0.0,1.6934,1.7500495535714282,80.26833333333343,779.3996101190468,192.91166666666663,192.91166666666663,192.91166666666663,0.0,833.3333333333333,7364.46714484127,0.0
2025-07-10,0,117,19:30-19:40,944.2548499999999,0.0,1.6702,1.7277473214285717,68.22093571428582,797.1050267857137,179.14245238095248,179.14245238095248,179.14245238095248,0.0,833.3333333333333,6438.541218915344,0.0
2025-07-10,0,118,19:40-19:50,963.6488666666667,0.0527095238095238,1.658,1.715853125,69.00076428571435,764.3811333333329,199.26358809523822,199.26358809523822,199.26358809523822,0.0,833.3333333333333,5512.615292989418,0.0
2025-07-10,0,119,19:50-20:00,975.9633333333333,0.0,1.6842,1.742936607142857,78.40499999999997,726.2217952380945,221.03500000000008,221.03500000000008,221.03500000000008,0.0,833.3333333333333,4586.689367063492,0.0
2025-07-10,0,120,20:00-20:10,964.0082666666667,0.0,1.6295,1.690279017857143,99.9435666666667,687.3317589285709,230.61850000000027,230.61850000000027,230.61850000000027,0.0,833.3333333333333,3660.7634411375657,0.0
2025-07-10,0,121,20:10-20:20,973.36895,0.003783333333333333,1.5631,1.624272767857143,96.27160476190488,687.227521428571,1069.6367714285716,1069.6367714285716,1069.6367714285716,0.0,0.0,3660.7634411375657,0.0
2025-07-10,0,122,20:20-20:30,1011.2733333333333,0.0,1.6181,1.679625892857143,127.34833333333336,659.9675928571426,305.2883333333334,305.2883333333334,305.2883333333334,0.0,833.3333333333333,2734.8375152116396,0.0
2025-07-10,0,123,20:30-20:40,1029.8501833333332,0.0,1.7936,1.857122321428571,76.76946666666674,628.9688428571424,273.28631666666683,273.28631666666683,273.28631666666683,0.0,833.3333333333333,1808.911589285714,0.0
2025-07-10,0,124,20:40-20:50,982.3748666666667,0.00027142857142857144,1.5302,1.5792004464285712,64.07399761904765,548.0204303571425,994.6893583333334,994.6893583333334,994.6893583333334,0.0,51.75923452380941,1751.4013287037035,0.0
2025-07-10,0,125,20:50-21:00,939.1716666666666,0.0,1.0306,1.0567366071428572,84.01333333333332,496.26119583333315,1058.704681069959,1058.704681069959,1058.704681069959,35.519681069959006,0.0,1783.3690416666666,0.0
2025-07-10,0,126,21:00-21:10,1016.6398333333333,0.0,1.0756,1.0998459821428568,89.22528333333344,502.09863749999954,1105.8651166666668,1105.8651166666668,1105.8651166666668,0.0,0.0,1783.3690416666666,0.0
2025-07-10,0,127,21:10-21:20,1059.0882333333334,0.0,1.1779,1.2099062499999997,87.38498333333337,508.098870833333,1146.4732166666668,1146.4732166666668,1146.4732166666668,0.0,0.0,1783.3690416666666,0.0
2025-07-10,0,128,21:20-21:30,1029.9166666666665,0.0,1.1355,1.1705486607142856,88.30999999999995,525.0321375,1118.2266666666665,1118.2266666666665,1118.2266666666665,0.0,0.0,1783.3690416666666,0.0
2025-07-10,0,129,21:30-21:40,1024.6923166666666,0.0,1.1895,1.2189196428571432,77.11993333333339,484.55713749999984,989.0866083333333,989.0866083333333,989.0866083333333,0.0,112.7256416666667,1658.1183287037036,0.0
2025-07-10,0,130,21:40-21:50,924.2582,0.0,0.9349,0.9574794642857141,56.5320333333334,412.3064958333332,914.8636375000002,914.8636375000002,914.8636375000002,0.0,65.9265958333332,1584.8665555555556,0.0
2025-07-10,0,131,21:50-22:00,784.9983333333332,0.0,0.5087,0.5297575892857141,82.26999999999998,346.3799,1700.6016666666665,1700.6016666666665,1700.6016666666665,833.3333333333333,0.0,2334.8665555555554,0.0
2025-07-10,0,132,22:00-22:10,805.165,0.0,0.5172,0.5425508928571429,88.55083333333334,373.1289416666666,1727.0491666666667,1727.0491666666667,1727.0491666666667,833.3333333333333,0.0,3084.8665555555554,0.0
2025-07-10,0,133,22:10-22:20,832.5836666666667,0.0,0.6154,0.6422174107142855,92.26419999999996,357.81475833333343,924.8478666666666,924.8478666666666,924.8478666666666,0.0,0.0,3084.8665555555554,0.0
2025-07-10,0,134,22:20-22:30,790.3033333333333,0.0,0.5803,0.6052120535714287,88.09000000000003,339.9901416666667,878.3933333333333,878.3933333333333,878.3933333333333,0.0,0.0,3084.8665555555554,0.0
2025-07-10,0,135,22:30-22:40,756.8402666666666,0.0,0.5371,0.5633834821428574,91.18766666666659,291.85558333333347,1587.065093827161,1587.065093827161,1587.065093827161,739.0371604938279,0.0,3750.0000000000005,0.0
2025-07-10,0,136,22:40-22:50,768.9296833333333,0.0,0.532,0.5576178571428572,65.3424,264.3400916666668,1667.6054166666665,1667.6054166666665,1667.6054166666665,833.3333333333333,0.0,4500.0,0.0
2025-07-10,0,137,22:50-23:00,801.85,0.0,0.5536,0.5764066964285713,74.59999999999991,222.75495,876.4499999999999,876.4499999999999,876.4499999999999,0.0,0.0,4500.0,0.0
2025-07-10,0,138,23:00-23:10,800.6101833333333,0.0,0.562,0.5856723214285715,85.78036666666674,171.1591291666665,886.3905500000001,886.3905500000001,886.3905500000001,0.0,0.0,4500.0,0.0
2025-07-10,0,139,23:10-23:20,785.2650666666666,0.0,0.5399,0.5644950892857142,107.55713333333347,151.1326749999999,892.8222000000001,892.8222000000001,892.8222000000001,0.0,0.0,4500.0,0.0
2025-07-10,0,140,23:20-23:30,780.3033333333333,0.0,0.5232,0.5480767857142856,87.50833333333321,148.05211250000013,1701.1449999999998,1701.1449999999998,1701.1449999999998,833.3333333333333,0.0,5250.0,0.0
2025-07-10,0,141,23:30-23:40,778.2582666666667,0.0,0.556,0.5834468750000001,103.74063333333334,112.55944583333337,881.9989,881.9989,881.9989,0.0,0.0,5250.0,0.0
2025-07-10,0,142,23:40-23:50,709.0149166666666,0.0,0.5349,0.5634767857142856,74.72581666666667,83.196325,783.7407333333333,783.7407333333333,783.7407333333333,-0.0,0.0,5250.0,0.0
2025-07-10,0,143,23:50-24:00,616.6383333333333,0.0,0.4754,0.5024785714285714,90.43333333333334,47.13458333333324,1540.405,1540.405,1540.405,833.3333333333333,0.0,6000.0,0.0
2025-07-11,0,0,0:00-0:10,617.4203,0.0,0.4885,0.5128290178571429,73.19683333333342,1168.7577797619042,0.0,0.0,0.0,0.0,690.6171333333334,7422.1328453836,0.0
2025-07-11,0,1,0:10-0:20,604.6776166666666,0.0,0.4516,0.4716678571428571,89.07933333333335,1207.680602380952,693.75695,693.75695,693.75695,0.0,0.0,7422.132845383601,0.0
2025-07-11,0,2,0:20-0:30,570.015,0.0,0.3861,0.4026111607142858,84.78000000000009,1251.910564880952,1488.1283333333333,1488.1283333333333,1488.1283333333333,833.3333333333333,0.0,8172.132845383601,0.0
2025-07-11,0,3,0:30-0:40,613.9556333333333,0.0,0.4442,0.4639665178571427,85.22788333333335,1277.8301482142856,699.1835166666666,699.1835166666666,699.1835166666666,0.0,0.0,8172.132845383601,0.0
2025-07-11,0,4,0:40-0:50,654.7454166666666,0.0,0.4925,0.5142553571428571,86.42784999999992,1298.6894202380956,0.0,0.0,0.0,0.0,741.1732666666666,7348.606993531749,0.0
2025-07-11,0,5,0:50-1:00,651.52,0.0,0.4919,0.5129080357142856,92.9899999999999,1359.6562160714288,0.0,0.0,0.0,0.0,744.5099999999999,6521.373660198416,0.0
2025-07-11,0,6,1:00-1:10,640.0374166666666,0.0,0.5277,0.55108125,89.19088333333332,1415.485488095238,0.0,0.0,0.0,0.0,729.2282999999999,5711.119993531749,0.0
2025-07-11,0,7,1:10-1:20,611.7769,0.0,0.5201,0.5432183035714286,90.53543333333346,1345.1485404761897,0.0,0.0,0.0,0.0,702.3123333333334,4930.772956494711,0.0
2025-07-11,0,8,1:20-1:30,589.4266666666666,0.0,0.4739,0.49485669642857133,69.74666666666667,1330.2843499999994,659.1733333333333,659.1733333333333,659.1733333333333,0.0,0.0,4930.772956494711,0.0
2025-07-11,0,9,1:30-1:40,610.1208166666667,0.0,0.4819,0.5050325892857142,77.4766166666667,1349.2220880952375,0.0,0.0,0.0,0.0,687.5974333333334,4166.775808346563,0.0
2025-07-11,0,10,1:40-1:50,600.72235,0.0,0.4802,0.5007227678571429,78.1231166666667,1309.3573119047614,652.4166736785684,652.4166736785684,652.4166736785684,0.0,26.4287929880983,4137.410482804232,0.0
2025-07-11,0,11,1:50-2:00,572.335,0.0,0.469,0.48614598214285715,85.69000000000005,1285.4196428571427,658.0250000000001,658.0250000000001,658.0250000000001,0.0,0.0,4137.410482804232,0.0
2025-07-11,0,12,2:00-2:10,605.6133333333332,0.0,0.5072,0.5327026785714286,84.23035000000004,1285.8885714285711,0.0,0.0,0.0,0.0,689.8436833333333,3370.9175013227505,0.0
2025-07-11,0,13,2:10-2:20,615.3989166666667,0.0,0.4814,0.5059950892857144,76.13265000000001,1277.8673886904758,0.0,0.0,0.0,0.0,691.5315666666667,2602.5490939153433,0.0
2025-07-11,0,14,2:20-2:30,590.305,0.0,0.4147,0.4279223214285714,62.37833333333333,1262.2941845238092,652.6833333333333,652.6833333333333,652.6833333333333,0.0,0.0,2602.5490939153433,0.0
2025-07-11,0,15,2:30-2:40,603.6421,0.0,0.4481,0.4600749999999998,38.42269999999996,1222.1928845238099,642.0648,642.0648,642.0648,0.0,0.0,2602.5490939153433,0.0
2025-07-11,0,16,2:40-2:50,604.7434666666666,0.0,0.4756,0.4911669642857143,45.49531666666667,1122.2373160714283,453.54739880952513,453.54739880952513,453.54739880952513,0.0,196.6913845238081,2384.003111111112,0.0
2025-07-11,0,17,2:50-3:00,580.4833333333333,0.0,0.4475,0.4644736607142858,62.32166666666666,1065.6028000000008,605.7801297619048,605.7801297619048,605.7801297619048,0.0,37.02487023809517,2342.8643664021174,0.0
2025-07-11,0,18,3:00-3:10,571.3022333333333,0.00024999999999999995,0.4185,0.43357544642857154,44.0605833333334,1028.5779297619056,615.3625666666667,615.3625666666667,615.3625666666667,0.0,0.0,2342.8643664021174,0.0
2025-07-11,0,19,3:10-3:20,554.6953,0.0,0.3813,0.3936607142857143,50.77761666666663,955.1117291666674,605.4729166666666,605.4729166666666,605.4729166666666,0.0,0.0,2342.8643664021174,0.0
2025-07-11,0,20,3:20-3:30,538.2733333333333,0.0,0.3652,0.3763950892857143,48.23333333333335,911.6952916666673,586.5066666666667,586.5066666666667,586.5066666666667,0.0,0.0,2342.8643664021174,0.0
2025-07-11,0,21,3:30-3:40,557.8819,0.0034904761904761905,0.4164,0.4284357142857144,48.54383095238097,882.6077916666675,606.4222404761905,606.4222404761905,606.4222404761905,0.0,0.0,2342.8643664021174,0.0
2025-07-11,0,22,3:40-3:50,576.8062166666666,0.0,0.4407,0.4523008928571426,41.42473333333328,809.6297226190483,618.2309499999999,618.2309499999999,618.2309499999999,0.0,0.0,2342.8643664021174,0.0
2025-07-11,0,23,3:50-4:00,561.905,0.0,0.4075,0.41744642857142866,34.039999999999964,695.950164285715,595.9449999999999,595.9449999999999,595.9449999999999,0.0,0.0,2342.8643664021174,0.0
2025-07-11,0,24,4:00-4:10,518.92515,0.04863095238095237,0.3811,0.39110625,47.064521428571425,604.9164142857148,565.9410404761906,565.9410404761906,565.9410404761906,0.0,0.0,2342.8643664021174,0.0
2025-07-11,0,25,4:10-4:20,516.36915,0.0,0.4022,0.4117754464285715,40.63338333333331,539.0163321428577,557.0025333333333,557.0025333333333,557.0025333333333,0.0,0.0,2342.8643664021174,0.0
2025-07-11,0,26,4:20-4:30,549.6083333333333,0.0,0.4416,0.4505571428571429,51.418333333333294,480.8878321428576,601.0266666666666,601.0266666666666,601.0266666666666,0.0,0.0,2342.8643664021174,0.0
2025-07-11,0,27,4:30-4:40,549.7446833333333,0.6773047619047619,0.4362,0.44682142857142854,54.5044976190477,435.98158690476225,603.5718761904762,603.5718761904762,603.5718761904762,0.0,0.0,2342.8643664021174,0.0
2025-07-11,0,28,4:40-4:50,542.9375333333332,0.0,0.4344,0.4450477678571428,37.169116666666696,394.94635654761896,580.10665,580.10665,580.10665,0.0,0.0,2342.8643664021174,0.0
2025-07-11,0,29,4:50-5:00,530.7566666666667,0.0,0.4281,0.4354883928571428,65.56642857142856,345.33899821428565,596.3230952380952,596.3230952380952,596.3230952380952,0.0,0.0,2342.8643664021174,0.0
2025-07-11,0,30,5:00-5:10,492.7306166666666,19.38126904761905,0.3672,0.3701995535714288,49.46374523809516,378.7744309523805,755.9634286890052,755.9634286890052,755.9634286890052,233.15033583186252,0.0,2552.6996686507937,0.0
2025-07-11,0,31,5:10-5:20,511.595,48.79362857142858,0.3634,0.3626941964285715,39.87985476190477,423.2374785714283,1336.0145595238096,1336.0145595238096,1336.0145595238096,833.3333333333333,0.0,3302.6996686507937,0.0
2025-07-11,0,32,5:20-5:30,561.3566666666666,81.08214285714286,0.3708,0.3699803571428571,44.809464285714284,395.9754357142852,1358.4173214285713,1358.4173214285713,1358.4173214285713,833.3333333333333,0.0,4052.6996686507937,0.0
2025-07-11,0,33,5:30-5:40,531.9047333333333,115.47113095238093,0.2699,0.2736254464285714,51.18924285714286,448.1230315476188,1300.9561785714286,1300.9561785714286,1300.9561785714286,833.3333333333333,0.0,4802.699668650794,0.0
2025-07-11,0,34,5:40-5:50,512.2589166666667,152.92825952380952,0.416,0.4183870535714287,32.278099999999995,523.5750327380946,391.60875714285714,391.60875714285714,391.60875714285714,0.0,0.0,4802.699668650794,0.0
2025-07-11,0,35,5:50-6:00,536.045,192.15267857142854,0.7132,0.7099441964285713,38.19071428571419,608.1512107142852,0.0,0.0,0.0,0.0,382.08303571428564,4378.162962301587,0.0
2025-07-11,0,36,6:00-6:10,543.7597999999999,230.60555238095236,0.6935,0.6924133928571429,31.123773809523755,684.492247023809,0.0,0.0,0.0,0.0,344.2780214285713,3995.6318273809525,0.0
2025-07-11,0,37,6:10-6:20,530.4522166666666,271.22739047619046,0.6682,0.6715919642857145,36.86186666666674,683.2358517857139,0.0,0.0,0.0,0.0,296.08669285714285,3666.646613095238,0.0
2025-07-11,0,38,6:20-6:30,515.6333333333333,315.4866071428571,0.7419,0.7478263392857143,48.41232142857143,748.8487446428572,0.0,0.0,0.0,0.0,248.55904761904765,3390.4698935185183,0.0
2025-07-11,0,39,6:30-6:40,523.6888333333333,361.7508976190476,0.6927,0.7006459821428571,51.43298571428562,880.174774404762,0.0,0.0,0.0,0.0,213.37092142857125,3153.391091931217,0.0
2025-07-11,0,40,6:40-6:50,559.5133999999999,407.66304761904763,0.6211,0.6311303571428573,48.59660476190476,937.933698809524,0.0,0.0,0.0,0.0,200.44695714285712,2930.672250661376,0.0
2025-07-11,0,41,6:50-7:00,614.3566666666666,455.1357142857142,0.6043,0.6141955357142856,49.82577380952387,970.1174434523812,0.0,0.0,0.0,0.0,209.04672619047625,2698.3981104497357,0.0
2025-07-11,0,42,7:00-7:10,656.8987999999999,505.9697666666666,0.6091,0.6144544642857142,48.80176190476186,1019.6731577380956,0.0,0.0,0.0,0.0,199.7307952380952,2476.47500462963,0.0
2025-07-11,0,43,7:10-7:20,606.7615666666666,544.9464523809525,0.596,0.6006937499999999,46.8959261904763,1043.9860279761908,0.0,0.0,0.0,0.0,108.71104047619042,2355.684959656085,0.0
2025-07-11,0,44,7:20-7:30,520.5216666666666,577.7,0.5497,0.5580508928571427,51.18595238095236,1040.1164636904764,0.0,0.0,0.0,5.9923809523810405,0.0,2361.078102513228,0.0
2025-07-11,0,45,7:30-7:40,545.063,625.831169047619,0.5098,0.518920535714286,56.698285714285646,1035.2442315476194,0.0,0.0,0.0,0.0,18.91500833333707,2340.061426587298,0.0
2025-07-11,0,46,7:40-7:50,595.8233,674.925269047619,0.6277,0.638685267857143,58.99400476190476,1026.0552839285717,0.0,0.0,0.0,20.107964285689096,0.0,2358.1585944445296,0.0
2025-07-11,0,47,7:50-8:00,615.6933333333333,718.2178571428572,0.837,0.8513312499999998,70.47065476190483,1014.7904750000004,0.0,0.0,0.0,32.05386904761906,0.0,2387.0070765873866,0.0
2025-07-11,0,48,8:00-8:10,627.4348833333333,760.2990238095238,0.9,0.9146218749999999,71.63232619047619,1016.3447309523813,0.0,0.0,0.0,61.23181428596404,0.0,2442.1157094447544,0.0
2025-07-11,0,49,8:10-8:20,625.8413499999999,784.9879761904763,0.8718,0.8851741071428574,61.578221428571624,1037.9433654761908,0.0,0.0,0.0,97.56840476190473,0.0,2529.9272737304686,0.0
2025-07-11,0,50,8:20-8:30,605.9683333333332,805.6062499999999,0.8178,0.8310450892857143,82.27660714285719,1061.1219791666672,0.0,0.0,0.0,117.3613095238095,0.0,2635.552452301897,0.0
2025-07-11,0,51,8:30-8:40,585.4471333333333,854.8970833333333,0.7555,0.7710892857142858,67.61666904761915,1097.5419642857146,0.0,0.0,0.0,0.0,186.54808980980135,2428.2767969576726,0.0
2025-07-11,0,52,8:40-8:50,634.0388166666667,905.324907142857,0.7667,0.7852227678571427,72.69865476190466,1105.4491172619055,0.0,0.0,0.0,198.5874357142842,0.0,2607.0054891005284,0.0
2025-07-11,0,53,8:50-9:00,713.1066666666667,949.3660714285713,0.8252,0.8466629464285715,88.58160714285725,1100.821260119048,0.0,0.0,0.0,147.6777976190435,0.0,2739.915506957664,0.0
2025-07-11,0,54,9:00-9:10,711.2861666666665,1006.1841833333333,0.8181,0.8427883928571428,97.44426428571433,1096.3351392857148,0.0,0.0,0.0,197.45375238095244,-0.0,2917.623884100521,0.0
2025-07-11,0,55,9:10-9:20,707.2469666666666,1060.3455619047618,0.7831,0.8066308035714285,91.54188095238084,1098.5328833333342,0.0,0.0,0.0,-0.0,436.10432307142196,2433.0635251322747,0.0
2025-07-11,0,56,9:20-9:30,728.0699999999999,1099.05625,0.7317,0.7484209821428571,67.56940476190465,1036.5719196428574,0.0,0.0,0.0,-0.0,0.0,2433.063525132275,0.0
2025-07-11,0,57,9:30-9:40,716.9754833333333,1125.6462357142855,0.656,0.6677308035714284,84.92055952380977,1109.7571726190477,0.0,0.0,0.0,96.28621472663188,-0.0,2519.7211183862437,0.0
2025-07-11,0,58,9:40-9:50,684.0881833333333,1160.1567380952379,0.7212,0.7516165178571427,79.66128095238093,1187.7490065476195,0.0,0.0,0.0,396.4072738095236,0.0,2876.487664814815,0.0
2025-07-11,0,59,9:50-10:00,671.5733333333333,1202.3508928571428,0.8945,0.9536558035714282,90.10809523809523,1060.2041190476193,0.0,0.0,0.0,440.6694642857143,0.0,3273.0901826719582,0.0
2025-07-11,0,60,10:00-10:10,709.11955,1233.280869047619,0.9553,1.0147696428571429,115.27108333333308,991.7517815476193,0.0,0.0,0.0,0.0,833.3333333333333,2347.164256746032,0.0
2025-07-11,0,61,10:10-10:20,723.7244666666667,1256.2590333333333,0.9021,0.9513821428571428,104.41200238095229,968.6915845238093,0.0,0.0,0.0,0.0,21.806470357143624,2322.9348452380946,0.0
2025-07-11,0,62,10:20-10:30,708.895,1275.7410714285713,0.8602,0.908448660714286,79.95636904761895,1010.6413607142855,0.0,0.0,0.0,486.8897023809524,0.0,2761.135577380952,0.0
2025-07-11,0,63,10:30-10:40,720.4419166666667,1293.248988095238,0.903,0.9589758928571428,132.63631904761905,1033.8286648809521,0.0,0.0,0.0,440.1707523809523,0.0,3157.289254523809,0.0
2025-07-11,0,64,10:40-10:50,699.0151666666667,1317.0069523809523,0.6476,0.69253125,120.06438809523792,1012.7301041666665,0.0,0.0,0.0,497.92739761904767,-0.0,3605.423912380952,0.0
2025-07-11,0,65,10:50-11:00,668.6783333333333,1349.6955357142858,0.2229,0.24385937500000002,125.1576190476191,992.3869273809516,0.0,0.0,0.0,555.8595833333335,0.0,4105.697537380952,0.0
2025-07-11,0,66,11:00-11:10,716.1938499999999,1383.5207238095238,0.1745,0.19378039285714285,147.3808976190479,1018.2059303571423,0.0,0.0,0.0,519.945976190476,-0.0,4573.648915952381,0.0
2025-07-11,0,67,11:10-11:20,732.3149833333333,1398.9527547619048,0.2189,0.23889062500000002,140.1659095238096,1266.3713744047623,0.0,0.0,0.0,526.4718619047619,0.0,5047.473591666667,0.0
2025-07-11,0,68,11:20-11:30,695.6416666666667,1398.1749999999997,0.1797,0.1992691964285715,130.34708333333342,1621.1671107142856,0.0,0.0,0.0,572.1862499999996,-0.0,5562.441216666666,0.0
2025-07-11,0,69,11:30-11:40,694.4630666666667,1401.5532142857146,0.1697,0.19313482142857147,167.0499571428569,1797.0470214285708,0.0,0.0,0.0,540.040190476191,0.0,6048.477388095238,0.0
2025-07-11,0,70,11:40-11:50,705.1686833333333,1404.4931095238094,0.1764,0.20325492857142854,183.76004285714293,1924.9693940476182,0.0,0.0,0.0,515.5643833333331,0.0,6512.485333095238,0.0
2025-07-11,0,71,11:50-12:00,713.6833333333334,1409.06875,0.1857,0.2118335,174.0119047619046,2023.4816624999994,0.0,0.0,0.0,521.3735119047619,0.0,6981.721493809524,0.0
2025-07-11,0,72,12:00-12:10,734.0111166666667,1421.9447833333334,0.2091,0.23491830357142857,140.8115047619048,2075.9673571428566,0.0,0.0,0.0,547.1221619047619,0.0,7474.13143952381,0.0
2025-07-11,0,73,12:10-12:20,738.0140666666666,1416.952907142857,0.2315,0.2565071428571429,157.07320476190478,2101.655408333333,0.0,0.0,0.0,521.8656357142855,0.0,7943.810511666667,0.0
2025-07-11,0,74,12:20-12:30,724.1716666666666,1394.1044642857141,0.2046,0.23045580357142856,159.8483928571427,2170.0485571428567,0.0,0.0,0.0,211.17587116402007,0.0,8133.868795714285,0.0
2025-07-11,0,75,12:30-12:40,724.7142333333333,1378.1920833333334,0.1337,0.16523616071428573,163.2928047619048,2226.444926190476,0.0,0.0,0.0,490.18504523809526,-0.0,8575.035336428571,0.0
2025-07-11,0,76,12:40-12:50,754.2799499999999,1355.9694690476192,0.3218,0.3551933035714285,182.17721666666694,2299.151893452381,0.0,0.0,0.0,419.5123023809524,0.0,8952.596408571428,0.0
2025-07-11,0,77,12:50-13:00,771.0966666666666,1326.2910714285713,0.6606,0.6921857142857143,136.20958333333337,2352.549574404762,0.0,0.0,0.0,418.9848214285714,-0.0,9329.682747857141,0.0
2025-07-11,0,78,13:00-13:10,719.6871833333332,1302.5021476190475,0.7189,0.7531928571428573,123.34701666666672,2282.5083392857146,0.0,0.0,0.0,459.46794761904755,0.0,9743.203900714285,0.0
2025-07-11,0,79,13:10-13:20,691.8712,1269.1741452380952,0.7065,0.7417580357142858,137.5994214285712,2241.2839101190475,0.0,0.0,0.0,439.70352380952403,-0.0,10138.937072142857,0.0
2025-07-11,0,80,13:20-13:30,719.4849999999999,1231.2669642857143,0.7363,0.7679254464285716,128.2686904761905,2170.3670065476194,0.0,0.0,0.0,383.51327380952364,0.0,10484.099018571425,0.0
2025-07-11,0,81,13:30-13:40,744.7143166666666,1210.7033499999998,0.7245,0.7552053571428571,114.98794285714274,2048.1694023809528,0.0,0.0,0.0,351.0010904761916,0.0,10800.0,0.0
2025-07-11,0,82,13:40-13:50,741.80615,1187.2201023809525,0.836,0.8862294642857139,121.31545238095231,1910.2797345238098,0.0,0.0,0.0,-0.0,812.4929582142796,9897.230046428578,0.0
2025-07-11,0,83,13:50-14:00,720.5933333333334,1158.299107142857,1.0219,1.0986129464285714,124.71714285714262,1806.4801071428574,0.0,0.0,0.0,312.9886309523811,0.0,10178.91981428572,0.0
2025-07-11,0,84,14:00-14:10,716.3582833333332,1139.0289523809524,1.0435,1.1198084821428573,138.26011428571442,1707.920657738095,0.0,0.0,0.0,284.4105547619048,0.0,10434.889313571435,0.0
2025-07-11,0,85,14:10-14:20,757.5117666666666,1102.2517071428572,1.0172,1.0852750000000002,121.34627857142857,1549.7821363095236,0.0,0.0,0.0,223.39366190476198,0.0,10635.943609285721,0.0
2025-07-11,0,86,14:20-14:30,809.765,1048.9696428571428,1.0644,1.1316763392857143,111.44678571428562,1377.6468440476187,0.0,0.0,0.0,127.75785714285723,0.0,10750.925680714292,0.0
2025-07-11,0,87,14:30-14:40,808.0598,1009.1163452380953,1.1398,1.2088017857142854,163.29961666666665,1263.402870833333,0.0,0.0,0.0,37.75692857142218,0.0,10784.906916428572,0.0
2025-07-11,0,88,14:40-14:50,803.8999666666666,972.7901357142857,0.9063,0.9649075892857144,152.12007619047614,1166.769328571428,0.0,0.0,0.0,16.770092857143027,-0.0,10800.0,0.0
2025-07-11,0,89,14:50-15:00,807.5666666666666,932.9821428571428,0.5147,0.5557133928571427,127.94434523809525,1104.4639392857136,2.5288690476190823,2.5288690476190823,2.5288690476190823,0.0,0.0,10800.0,0.0
2025-07-11,0,90,15:00-15:10,779.1062333333332,893.6480047619048,0.4877,0.5240415178571429,117.76191428571425,1140.4681803571425,3.2201428571427186,3.2201428571427186,3.2201428571427186,-0.0,0.0,10800.0,0.0
2025-07-11,0,91,15:10-15:20,760.0072666666666,850.0321880952381,0.602,0.6402749999999999,112.08676428571437,1165.6399380952369,22.061842857142892,22.061842857142892,22.061842857142892,0.0,0.0,10800.0,0.0
2025-07-11,0,92,15:20-15:30,773.3483333333334,807.6374999999999,0.6442,0.684153125,128.7717261904763,1128.4123714285704,94.48255952380975,94.48255952380975,94.48255952380975,0.0,-0.0,10800.0,0.0
2025-07-11,0,93,15:30-15:40,797.7504666666666,776.5652500000001,0.6227,0.6631361607142855,120.47389047619038,1083.9365083333323,141.6591071428569,141.6591071428569,141.6591071428569,0.0,0.0,10800.0,0.0
2025-07-11,0,94,15:40-15:50,794.5632166666666,736.3087904761903,0.6216,0.6591357142857144,90.13230476190472,1031.444441666666,148.38673095238096,148.38673095238096,148.38673095238096,0.0,0.0,10800.0,0.0
2025-07-11,0,95,15:50-16:00,774.8083333333334,688.7473214285712,0.6532,0.6868125000000003,102.86339285714291,1068.0051684523808,188.92440476190507,188.92440476190507,188.92440476190507,0.0,0.0,10800.0,0.0
2025-07-11,0,96,16:00-16:10,780.2276166666667,655.5813999999999,0.6579,0.6913258928571427,79.9207880952381,1046.8219244047618,204.56700476190485,204.56700476190485,204.56700476190485,0.0,0.0,10800.0,0.0
2025-07-11,0,97,16:10-16:20,765.3928833333332,618.0461238095238,0.6437,0.6755482142857142,82.64905714285703,1026.8646190476188,229.99581666666643,229.99581666666643,229.99581666666643,0.0,0.0,10800.0,0.0
2025-07-11,0,98,16:20-16:30,757.3966666666666,568.6196428571428,0.6565,0.6856477678571428,96.98613095238113,1038.878463690476,285.76315476190496,285.76315476190496,285.76315476190496,0.0,0.0,10800.0,0.0
2025-07-11,0,99,16:30-16:40,819.6780166666667,518.9901357142857,0.7253,0.7560129464285714,89.93659761904769,913.8837624999999,390.62447857142877,390.62447857142877,390.62447857142877,0.0,0.0,10800.0,0.0
2025-07-11,0,100,16:40-16:50,791.5028,471.030919047619,0.7404,0.7717540178571427,108.49528333333336,763.1928880952378,428.9671642857144,428.9671642857144,428.9671642857144,0.0,-0.0,10800.0,0.0
2025-07-11,0,101,16:50-17:00,683.6366666666665,426.40446428571437,0.6925,0.7216566964285714,103.62773809523787,711.6258303571421,360.85994047619005,360.85994047619005,360.85994047619005,0.0,0.0,10800.0,0.0
2025-07-11,0,102,17:00-17:10,677.8054,387.4400928571429,0.6871,0.7147357142857143,94.31417380952382,755.5079273809515,384.6794809523809,384.6794809523809,384.6794809523809,0.0,0.0,10800.0,0.0
2025-07-11,0,103,17:10-17:20,726.2664833333333,349.45152142857137,0.7441,0.7719866071428569,108.62762619047635,777.4124119047609,485.4425880952383,485.4425880952383,485.4425880952383,0.0,0.0,10800.0,0.0
2025-07-11,0,104,17:20-17:30,744.9549999999999,311.4732142857143,0.7818,0.8091200892857142,101.7292261904762,868.7824904761895,535.2110119047618,535.2110119047618,535.2110119047618,0.0,0.0,10800.0,0.0
2025-07-11,0,105,17:30-17:40,704.2855500000001,276.06341428571426,0.7391,0.7614901785714284,101.89284523809522,870.5576863095228,530.1149809523811,530.1149809523811,530.1149809523811,-0.0,0.0,10800.0,0.0
2025-07-11,0,106,17:40-17:50,693.2860333333333,238.1319357142857,0.9298,0.9474691964285712,88.53076904761895,864.4050238095226,543.6848666666665,543.6848666666665,543.6848666666665,0.0,-0.0,10800.0,0.0
2025-07-11,0,107,17:50-18:00,714.8433333333334,196.625,1.2261,1.2420566964285713,75.06726190476184,846.3733773809512,593.2855952380952,593.2855952380952,593.2855952380952,0.0,-0.0,10800.0,0.0
2025-07-11,0,108,18:00-18:10,688.4870833333332,156.1661238095238,1.1723,1.188346428571428,64.42852380952388,777.8474702380939,596.7494833333333,596.7494833333333,596.7494833333333,0.0,0.0,10800.0,0.0
2025-07-11,0,109,18:10-18:20,660.8171666666666,119.87041666666667,1.1274,1.1434589285714287,83.22160000000008,757.2807595238086,624.16835,624.16835,624.16835,0.0,0.0,10800.0,0.0
2025-07-11,0,110,18:20-18:30,674.1016666666667,86.27589285714285,1.2188,1.2332843750000002,85.26964285714268,805.755416666665,673.0954166666666,673.0954166666666,673.0954166666666,0.0,0.0,10800.0,0.0
2025-07-11,0,111,18:30-18:40,722.0374833333333,51.66531428571429,1.2316,1.2460191964285716,82.48478809523817,798.7212797619031,752.8569571428571,752.8569571428571,752.8569571428571,0.0,0.0,10800.0,0.0
2025-07-11,0,112,18:40-18:50,754.9336833333333,19.96563809523809,1.3339,1.3678330357142854,99.48220238095246,728.1051672619034,834.4502476190477,834.4502476190477,834.4502476190477,0.0,0.0,10800.0,0.0
2025-07-11,0,113,18:50-19:00,744.9883333333333,0.0,1.5101,1.5710406250000004,82.71523809523819,815.2249809523796,0.0,0.0,0.0,0.0,827.7035714285715,9880.329365079366,0.0
2025-07-11,0,114,19:00-19:10,705.23855,0.0,1.5371,1.599617857142857,79.10781666666674,830.5797279761894,0.0,0.0,0.0,0.0,784.3463666666668,9008.833402116403,0.0
2025-07-11,0,115,19:10-19:20,680.8682333333334,0.6879380952380952,1.4959,1.5530433035714284,76.96419285714285,760.4853702380943,0.0,0.0,0.0,0.0,757.1444880952381,8167.561748677249,0.0
2025-07-11,0,116,19:20-19:30,681.3333333333333,0.0,1.4631,1.5203093749999999,80.26833333333343,768.5142059523803,0.0,0.0,0.0,0.0,761.6016666666667,7321.3376746031745,0.0
2025-07-11,0,117,19:30-19:40,687.14525,0.0,1.4414,1.498743303571429,68.22093571428582,786.2196226190472,707.4630232142863,707.4630232142863,707.4630232142863,0.0,47.9031624999995,7268.111938492064,0.0
2025-07-11,0,118,19:40-19:50,732.8221166666667,0.04939285714285714,1.4692,1.5273955357142854,69.00076428571435,752.5627166666662,0.0,0.0,0.0,0.0,801.7734880952382,6377.252507275132,0.0
2025-07-11,0,119,19:50-20:00,779.2083333333333,0.0,1.5276,1.5877120535714284,78.40499999999997,714.4033785714279,24.279999999999973,24.279999999999973,24.279999999999973,0.0,833.3333333333333,5451.326581349206,0.0
2025-07-11,0,120,20:00-20:10,744.5818333333333,0.0,1.5451,1.6068102678571432,99.9435666666667,675.5133422619044,11.192066666666733,11.192066666666733,11.192066666666733,0.0,833.3333333333333,4525.40065542328,0.0
2025-07-11,0,121,20:10-20:20,722.5791999999999,0.003545238095238095,1.5102,1.5731874999999993,96.27160476190488,675.4091047619045,0.0,0.0,0.0,0.0,818.8472595238095,3615.5703670634916,0.0
2025-07-11,0,122,20:20-20:30,738.23,0.0,1.5025,1.5667767857142854,127.34833333333336,648.1491761904758,32.24500000000012,32.24500000000012,32.24500000000012,0.0,833.3333333333333,2689.644441137566,0.0
2025-07-11,0,123,20:30-20:40,727.7085166666667,0.0,1.5677,1.6310008928571431,76.76946666666674,617.1504261904759,0.0,0.0,0.0,0.0,804.4779833333334,1795.78001521164,0.0
2025-07-11,0,124,20:40-20:50,723.4105333333333,0.00025476190476190477,1.3404,1.3884700892857147,64.07399761904765,536.202013690476,735.7250416666668,735.7250416666668,735.7250416666668,0.0,51.75923452380941,1738.2697546296295,0.0
2025-07-11,0,125,20:50-21:00,737.6033333333332,0.0,0.9488,0.9758584821428571,85.82666666666671,484.4427791666665,832.8754012345677,832.8754012345677,832.8754012345677,9.445401234567674,0.0,1746.7706157407404,0.0
2025-07-11,0,126,21:00-21:10,740.1262166666667,0.0,0.9169,0.9407107142857144,89.22528333333344,492.0935541666663,857.6644629629637,857.6644629629637,857.6644629629637,28.312962962963613,0.0,1772.2522824074076,0.0
2025-07-11,0,127,21:10-21:20,715.1868333333333,0.0,0.9789,1.009565625,87.38498333333337,498.0937874999998,802.5718166666667,802.5718166666667,802.5718166666667,0.0,0.0,1772.2522824074076,0.0
2025-07-11,0,128,21:20-21:30,704.7733333333333,0.0,0.9859,1.0201718749999997,88.30999999999995,515.0270541666667,793.0833333333333,793.0833333333333,793.0833333333333,0.0,0.0,1772.2522824074076,0.0
2025-07-11,0,129,21:30-21:40,754.0434666666666,0.0,1.0155,1.0434651785714288,77.11993333333339,474.5520541666666,718.4377583333331,718.4377583333331,718.4377583333331,0.0,112.7256416666669,1647.0015694444444,0.0
2025-07-11,0,130,21:40-21:50,715.4001833333333,0.0,0.7876,0.8092803571428571,56.5320333333334,402.30141249999997,706.0056208333335,706.0056208333335,706.0056208333335,0.0,65.9265958333332,1573.7497962962964,0.0
2025-07-11,0,131,21:50-22:00,604.5699999999999,0.0,0.4252,0.44687276785714297,82.26999999999998,336.3748166666668,1520.1733333333332,1520.1733333333332,1520.1733333333332,833.3333333333333,0.0,2323.749796296296,0.0
2025-07-11,0,132,22:00-22:10,595.32925,0.0,0.3815,0.40681785714285723,94.82386666666673,363.1238583333334,1523.4864499999999,1523.4864499999999,1523.4864499999999,833.3333333333333,0.0,3073.749796296296,0.0
2025-07-11,0,133,22:10-22:20,645.98505,0.0,0.4574,0.4833254464285714,92.26419999999996,354.0827083333336,738.24925,738.24925,738.24925,0.0,0.0,3073.749796296296,0.0
2025-07-11,0,134,22:20-22:30,675.5,0.0,0.4845,0.5087464285714285,88.09000000000003,336.25809166666687,763.59,763.59,763.59,0.0,0.0,3073.749796296296,0.0
2025-07-11,0,135,22:30-22:40,648.8982833333333,0.0,0.4854,0.5116991071428573,91.18766666666659,288.1235333333336,740.0859499999999,740.0859499999999,740.0859499999999,0.0,0.0,3073.749796296296,0.0
2025-07-11,0,136,22:40-22:50,643.4232666666667,0.0,0.4506,0.4768705357142858,65.3424,260.60804166666696,1542.099,1542.099,1542.099,833.3333333333333,0.0,3823.749796296296,0.0
2025-07-11,0,137,22:50-23:00,659.2316666666666,0.0,0.407,0.4306736607142857,74.59999999999991,219.02290000000016,1567.1649999999997,1567.1649999999997,1567.1649999999997,833.3333333333333,0.0,4573.749796296296,0.0
2025-07-11,0,138,23:00-23:10,627.6974333333333,0.0,0.4117,0.43587500000000007,85.78036666666674,167.42707916666666,1546.8111333333331,1546.8111333333331,1546.8111333333331,833.3333333333333,0.0,5323.749796296296,0.0
2025-07-11,0,139,23:10-23:20,620.4805333333334,0.0,0.4552,0.4798455357142858,111.28918333333331,147.40062500000005,1483.1588318930044,1483.1588318930044,1483.1588318930044,751.3891152263376,0.0,6000.0,0.0
2025-07-11,0,140,23:20-23:30,645.1949999999999,0.0,0.4931,0.5171531249999999,87.50833333333321,148.05211250000013,732.7033333333331,732.7033333333331,732.7033333333331,0.0,0.0,6000.0,0.0
2025-07-11,0,141,23:30-23:40,635.0351833333333,0.0,0.4855,0.5102678571428572,103.74063333333334,112.55944583333337,738.7758166666666,738.7758166666666,738.7758166666666,0.0,0.0,6000.0,0.0
2025-07-11,0,142,23:40-23:50,624.5631166666667,0.0,0.4807,0.5060776785714288,74.72581666666667,83.196325,699.2889333333334,699.2889333333334,699.2889333333334,0.0,0.0,6000.0,0.0
2025-07-11,0,143,23:50-24:00,628.4466666666666,0.0,0.4873,0.5124450892857143,90.43333333333334,47.13458333333324,718.8799999999999,718.8799999999999,718.8799999999999,0.0,0.0,6000.0,0.0
2025-07-12,0,0,0:00-0:10,627.145,0.0,0.4728,0.4965303571428573,79.98968333333335,1163.4986130952377,0.0,0.0,0.0,0.0,707.1346833333333,7710.067373895502,0.0
2025-07-12,0,1,0:10-0:20,646.8668166666666,0.0,0.4848,0.5056544642857143,89.07933333333335,1209.2142857142858,0.0,0.0,0.0,0.0,735.94615,6892.349429451057,0.0
2025-07-12,0,2,0:20-0:30,662.7966666666666,0.0,0.5118,0.529646875,80.63833333333332,1253.081881547619,0.0,0.0,0.0,0.0,743.435,6066.310540562168,0.0
2025-07-12,0,3,0:30-0:40,623.0740166666667,0.0,0.488,0.5075821428571429,85.22788333333335,1274.8597982142855,0.0,0.0,0.0,0.0,708.3019,5279.308429451057,0.0
2025-07-12,0,4,0:40-0:50,614.0842833333334,0.0,0.4508,0.47138080357142836,86.42784999999992,1295.7190702380958,700.5121333333333,700.5121333333333,700.5121333333333,0.0,0.0,5279.308429451057,0.0
2025-07-12,0,5,0:50-1:00,633.3316666666666,0.0,0.4517,0.47184062500000007,92.9899999999999,1356.6858660714292,726.3216666666665,726.3216666666665,726.3216666666665,0.0,0.0,5279.308429451057,0.0
2025-07-12,0,6,1:00-1:10,598.5409,0.0,0.5038,0.5263821428571429,89.19088333333332,1412.5151380952384,0.0,0.0,0.0,0.0,687.7317833333333,4515.162003525132,0.0
2025-07-12,0,7,1:10-1:20,598.4457833333333,0.0,0.517,0.5394495535714285,90.53543333333346,1340.9638690476183,0.0,0.0,0.0,0.0,688.9812166666668,3749.627318339946,0.0
2025-07-12,0,8,1:20-1:30,620.035,0.0,0.4598,0.48009910714285725,69.74666666666667,1324.836264285714,689.7816666666666,689.7816666666666,689.7816666666666,0.0,0.0,3749.627318339946,0.0
2025-07-12,0,9,1:30-1:40,559.8567166666667,0.0,0.3892,0.4109406249999999,77.4766166666667,1334.6700142857135,637.3333333333334,637.3333333333334,637.3333333333334,0.0,0.0,3749.627318339946,0.0
2025-07-12,0,10,1:40-1:50,530.3426,0.0,0.3751,0.39422991071428565,78.1231166666667,1294.8052380952377,608.4657166666666,608.4657166666666,608.4657166666666,0.0,0.0,3749.627318339946,0.0
2025-07-12,0,11,1:50-2:00,567.5366666666666,0.0,0.412,0.4282366071428573,85.69000000000005,1271.2752,653.2266666666667,653.2266666666667,653.2266666666667,0.0,0.0,3749.627318339946,0.0
2025-07-12,0,12,2:00-2:10,593.9401,0.0,0.4373,0.46140714285714285,84.23035000000004,1271.7441285714285,678.1704500000001,678.1704500000001,678.1704500000001,0.0,0.0,3749.627318339946,0.0
2025-07-12,0,13,2:10-2:20,604.4894166666666,0.0,0.4676,0.49180044642857146,76.13265000000001,1263.7229458333331,0.0,0.0,0.0,0.0,680.6220666666666,2993.3805775992055,0.0
2025-07-12,0,14,2:20-2:30,585.4966666666667,0.0,0.4698,0.4838410714285715,62.37833333333333,1248.1497416666666,241.88092182738194,241.88092182738194,241.88092182738194,0.0,405.99407817261806,2542.2760462962965,0.0
2025-07-12,0,15,2:30-2:40,525.2929666666666,0.0,0.3874,0.3979299107142857,38.42269999999996,1208.0484416666668,563.7156666666666,563.7156666666666,563.7156666666666,0.0,0.0,2542.2760462962965,0.0
2025-07-12,0,16,2:40-2:50,527.2317666666667,0.0,0.3477,0.36140624999999993,45.49531666666667,1103.0191696428565,1406.0604166666667,1406.0604166666667,1406.0604166666667,833.3333333333333,0.0,3292.2760462962965,0.0
2025-07-12,0,17,2:50-3:00,592.0566666666666,0.0,0.396,0.41320625000000005,74.06166666666661,1051.4583571428577,666.1183333333332,666.1183333333332,666.1183333333332,0.0,0.0,3292.2760462962965,0.0
2025-07-12,0,18,3:00-3:10,610.6270666666667,0.00023571428571428574,0.4548,0.4702013392857142,44.0605833333334,1024.4822523809528,509.5091773809522,509.5091773809522,509.5091773809522,0.0,145.17823690476214,3130.966894179894,0.0
2025-07-12,0,19,3:10-3:20,563.2928999999999,0.0,0.4732,0.4866245535714286,40.558933333333414,951.0160517857148,0.0,0.0,0.0,0.0,603.8518333333334,2460.0204126984127,0.0
2025-07-12,0,20,3:20-3:30,507.15999999999997,0.0,0.4417,0.455396875,49.31999999999982,897.3809309523817,556.4799999999998,556.4799999999998,556.4799999999998,0.0,0.0,2460.0204126984127,0.0
2025-07-12,0,21,3:30-3:40,519.07495,0.0032714285714285714,0.3905,0.4039941964285715,48.54383095238097,869.3800976190481,567.6155095238095,567.6155095238095,567.6155095238095,0.0,0.0,2460.0204126984127,0.0
2025-07-12,0,22,3:40-3:50,545.5955666666666,0.0,0.3736,0.3847825892857141,41.42473333333328,798.0932630952385,587.0202999999999,587.0202999999999,587.0202999999999,0.0,0.0,2460.0204126984127,0.0
2025-07-12,0,23,3:50-4:00,556.8433333333332,0.0,0.4018,0.4109727678571428,34.039999999999964,684.4137047619053,590.8833333333332,590.8833333333332,590.8833333333332,0.0,0.0,2460.0204126984127,0.0
2025-07-12,0,24,4:00-4:10,572.4352666666666,0.04556190476190476,0.4344,0.4454616071428571,47.064521428571425,593.3799547619051,619.4542261904761,619.4542261904761,619.4542261904761,0.0,0.0,2460.0204126984127,0.0
2025-07-12,0,25,4:10-4:20,583.3067333333333,0.0,0.4243,0.4353209821428571,40.995750000000044,527.4798726190479,624.3024833333334,624.3024833333334,624.3024833333334,0.0,0.0,2460.0204126984127,0.0
2025-07-12,0,26,4:20-4:30,577.3016666666666,0.0,0.4068,0.41585892857142853,51.418333333333294,469.71373928571455,628.7199999999999,628.7199999999999,628.7199999999999,0.0,0.0,2460.0204126984127,0.0
2025-07-12,0,27,4:30-4:40,554.7538333333333,0.6345666666666666,0.4541,0.46481651785714284,54.5044976190477,424.80749404761923,608.6237642857144,608.6237642857144,608.6237642857144,0.0,0.0,2460.0204126984127,0.0
2025-07-12,0,28,4:40-4:50,545.8702,0.0,0.4583,0.4693642857142857,37.169116666666696,377.29894404761865,583.0393166666667,583.0393166666667,583.0393166666667,0.0,0.0,2460.0204126984127,0.0
2025-07-12,0,29,4:50-5:00,559.22,0.0,0.403,0.4109986607142858,65.56642857142856,327.69158571428534,624.7864285714286,624.7864285714286,624.7864285714286,0.0,0.0,2460.0204126984127,0.0
2025-07-12,0,30,5:00-5:10,573.6693666666666,18.358771428571426,0.3787,0.3830758928571429,50.67806666666661,324.8961023809517,605.9886619047618,605.9886619047618,605.9886619047618,0.0,0.0,2460.0204126984127,0.0
2025-07-12,0,31,5:10-5:20,566.6591999999999,47.25375714285714,0.3581,0.3590330357142856,41.14326904761913,379.55829583333286,1393.882045238095,1393.882045238095,1393.882045238095,833.3333333333333,0.0,3210.0204126984127,0.0
2025-07-12,0,32,5:20-5:30,542.2083333333333,79.63571428571427,0.3074,0.3081062499999999,53.913452380952435,372.7513714285712,1349.8194047619047,1349.8194047619047,1349.8194047619047,833.3333333333333,0.0,3960.0204126984127,0.0
2025-07-12,0,33,5:30-5:40,525.0847333333334,113.31120476190475,0.2632,0.2690959821428572,51.18924285714286,405.8264267857139,1296.2961047619046,1296.2961047619046,1296.2961047619046,833.3333333333333,0.0,4710.020412698413,0.0
2025-07-12,0,34,5:40-5:50,516.71395,149.16959285714285,0.4312,0.43575803571428595,31.870469047619054,482.45515416666615,399.41482619047616,399.41482619047616,399.41482619047616,0.0,0.0,4710.020412698413,0.0
2025-07-12,0,35,5:50-6:00,515.1383333333333,187.77053571428567,0.692,0.69001875,38.19071428571419,559.0454392857139,0.0,0.0,0.0,0.0,365.5585119047619,4303.844288359788,0.0
2025-07-12,0,36,6:00-6:10,522.3817166666666,228.0349833333333,0.7039,0.7034857142857145,31.123773809523755,636.0551749999995,0.0,0.0,0.0,0.0,325.4705071428571,3942.210391534391,0.0
2025-07-12,0,37,6:10-6:20,544.0840333333333,266.83025,0.6902,0.6939040178571428,36.86186666666674,634.8258476190471,0.0,0.0,0.0,0.0,314.1156500000001,3593.193002645502,0.0
2025-07-12,0,38,6:20-6:30,556.4949999999999,306.8598214285714,0.7192,0.7251236607142858,53.91470238095235,679.33042797619,0.0,0.0,0.0,0.0,303.5498809523808,3255.9153571428565,0.0
2025-07-12,0,39,6:30-6:40,526.6986499999999,353.9294095238095,0.6374,0.6454129464285715,52.695542857142925,813.2173654761899,0.0,0.0,0.0,0.0,225.4647833333333,3005.3989312169306,0.0
2025-07-12,0,40,6:40-6:50,504.55248333333327,401.2894071428571,0.5976,0.6096241071428572,50.46275952380961,869.8775005952377,0.0,0.0,0.0,0.0,153.72583571428578,2834.5924470899463,0.0
2025-07-12,0,41,6:50-7:00,524.0866666666666,447.80446428571423,0.6307,0.6443928571428573,54.06619047619051,887.4133464285711,0.0,0.0,0.0,0.0,130.34839285714287,2689.7608994708985,0.0
2025-07-12,0,42,7:00-7:10,574.2215166666666,497.0514309523809,0.6156,0.6228968750000001,48.80176190476186,937.900888095238,0.0,0.0,0.0,0.0,125.9718476190476,2549.792179894179,0.0
2025-07-12,0,43,7:10-7:20,611.91805,537.0735261904762,0.6222,0.6282772321428572,47.9477261904762,962.2137583333331,0.0,0.0,0.0,0.0,122.79225000000008,2413.3563465608454,0.0
2025-07-12,0,44,7:20-7:30,610.8366666666666,572.6008928571429,0.6165,0.6275151785714286,59.15535714285704,959.3959940476187,0.0,0.0,0.0,0.0,97.39113095238076,2305.143978835978,0.0
2025-07-12,0,45,7:30-7:40,579.0207833333333,621.67815,0.5076,0.5181602678571428,70.340507142857,962.4931666666663,0.0,0.0,0.0,0.0,27.683140476190374,2274.384933862433,0.0
2025-07-12,0,46,7:40-7:50,562.8550166666666,673.394,0.5747,0.5856370535714285,58.99400476190476,966.9464404761901,0.0,0.0,0.0,51.54497857143067,0.0,2320.775414576721,0.0
2025-07-12,0,47,7:50-8:00,571.3116666666666,719.7312499999999,0.7864,0.8002075892857139,70.47065476190483,955.6816315476186,0.0,0.0,0.0,0.0,51.46198561904866,2263.5954305555556,0.0
2025-07-12,0,48,8:00-8:10,572.7439166666666,761.252507142857,0.8181,0.831744642857143,71.63232619047619,957.2358874999996,0.0,0.0,0.0,116.87626428571423,0.0,2368.7840684126986,0.0
2025-07-12,0,49,8:10-8:20,560.56985,792.0105595238094,0.7862,0.7988566964285716,61.578221428571624,978.3499244047614,0.0,0.0,0.0,169.86248809523784,0.0,2521.660307698413,0.0
2025-07-12,0,50,8:20-8:30,549.06,818.2312499999999,0.7834,0.7973214285714285,82.27660714285719,1001.5285380952376,0.0,0.0,0.0,186.8946428571428,0.0,2689.8654862698413,0.0
2025-07-12,0,51,8:30-8:40,566.6397666666667,854.9657690476189,0.7777,0.7958691964285715,67.61666904761915,1037.7359636904757,0.0,0.0,0.0,0.0,295.2358209761907,2361.825685185185,0.0
2025-07-12,0,52,8:40-8:50,638.7366166666666,897.3153119047621,0.7895,0.8112183035714287,73.60527619047627,1045.6431166666664,0.0,0.0,0.0,184.97341904761925,0.0,2528.3017623280425,0.0
2025-07-12,0,53,8:50-9:00,714.2016666666666,944.4803571428572,0.8105,0.8338598214285711,94.84428571428577,1041.9218809523807,0.0,0.0,0.0,135.43440476190472,0.0,2650.192726613757,0.0
2025-07-12,0,54,9:00-9:10,705.8593000000001,1000.2388095238094,0.8012,0.8258156249999999,97.44426428571433,1045.687543452381,0.0,0.0,0.0,0.0,258.1676194285715,2363.3398161375662,0.0
2025-07-12,0,55,9:10-9:20,682.3326,1050.266161904762,0.7704,0.7939303571428572,91.54188095238084,1047.0058345238097,0.0,0.0,0.0,-0.0,72.93228869047665,2282.3039398148144,0.0
2025-07-12,0,56,9:20-9:30,688.7066666666666,1088.0464285714284,0.7363,0.7549714285714285,67.56940476190465,974.0735458333329,0.0,0.0,0.0,331.77035714285716,0.0,2580.897261243386,0.0
2025-07-12,0,57,9:30-9:40,702.4201166666667,1119.7533261904762,0.7203,0.735047767857143,83.74383333333338,1047.2587988095233,0.0,0.0,0.0,333.58937619047606,0.0,2881.127699814814,0.0
2025-07-12,0,58,9:40-9:50,686.8068833333333,1152.3232404761902,0.7667,0.800077232142857,87.23954285714291,1123.0808190476187,0.0,0.0,0.0,0.0,509.90073638095174,2314.571326058201,0.0
2025-07-12,0,59,9:50-10:00,675.2616666666667,1186.9803571428572,0.8702,0.9316714285714286,97.22166666666698,1003.1141934523806,0.0,0.0,0.0,414.4970238095236,0.0,2687.6186474867723,0.0
2025-07-12,0,60,10:00-10:10,727.8238666666666,1218.1620952380952,0.9582,1.0195098214285716,124.57905000000005,940.2933559523806,0.0,0.0,0.0,365.7591785714285,0.0,3016.801908201058,0.0
2025-07-12,0,61,10:10-10:20,727.0401333333332,1236.744769047619,0.9189,0.9708727678571429,108.40300952380949,927.5342130952376,0.0,0.0,0.0,256.9405936213995,0.0,3248.0484424603173,0.0
2025-07-12,0,62,10:20-10:30,680.7466666666667,1244.6321428571428,0.8395,0.8917982142857142,91.7222619047619,974.9570678571426,0.0,0.0,0.0,-0.0,833.3333333333333,2322.1225165343913,0.0
2025-07-12,0,63,10:30-10:40,711.7212,1255.4171904761904,0.8744,0.934379017857143,142.08170476190475,1009.9102648809524,0.0,0.0,0.0,401.61428571428564,0.0,2683.5753736772485,0.0
2025-07-12,0,64,10:40-10:50,726.7466833333333,1281.2971809523808,0.6448,0.6941071428571429,126.19469523809516,998.2570898809522,0.0,0.0,0.0,428.3558023809523,-0.0,3069.0955958201057,0.0
2025-07-12,0,65,10:50-11:00,715.3583333333332,1317.2607142857144,0.247,0.27290089285714286,134.68404761904748,984.0442202380948,0.0,0.0,0.0,467.2183333333337,0.0,3489.592095820106,0.0
2025-07-12,0,66,11:00-11:10,759.4225833333333,1344.079826190476,0.2005,0.22264153571428574,147.3808976190479,1019.3896517857137,0.0,0.0,0.0,437.2763452380949,-0.0,3883.1408065343912,0.0
2025-07-12,0,67,11:10-11:20,761.982,1353.1338499999997,0.2815,0.30466294642857145,140.9582833333337,1271.4491910714287,0.0,0.0,0.0,450.193566666666,0.0,4288.31501653439,0.0
2025-07-12,0,68,11:20-11:30,724.2666666666667,1351.2767857142858,0.3018,0.3253013392857143,131.92303571428556,1627.0373011904762,0.0,0.0,0.0,495.0870833333335,-0.0,4733.8933915343905,0.0
2025-07-12,0,69,11:30-11:40,743.2236333333333,1354.4512690476188,0.2951,0.3223955357142857,166.62002142857136,1804.4931642857136,0.0,0.0,0.0,444.60761428571413,0.0,5134.040244391533,0.0
2025-07-12,0,70,11:40-11:50,728.4261333333334,1364.3439142857144,0.2726,0.30323883928571443,183.76004285714293,1931.9856011904756,0.0,0.0,0.0,452.1577380952381,0.0,5540.982208677247,0.0
2025-07-12,0,71,11:50-12:00,709.9466666666667,1377.6999999999998,0.275,0.3062290178571429,174.0119047619046,2030.4978696428566,0.0,0.0,0.0,493.7414285714285,0.0,5985.349494391533,0.0
2025-07-12,0,72,12:00-12:10,804.8293166666667,1388.0244261904763,0.3391,0.3697388392857142,140.8115047619048,2082.9835642857133,0.0,0.0,0.0,442.38360476190473,0.0,6383.494738677247,0.0
2025-07-12,0,73,12:10-12:20,814.1023666666666,1381.5426071428574,0.3399,0.3694683035714285,157.07320476190478,2108.6716154761907,0.0,0.0,0.0,410.367035714286,-0.0,6752.825070820105,0.0
2025-07-12,0,74,12:20-12:30,726.7733333333333,1359.236607142857,0.2424,0.2730383928571429,160.69863095238088,2177.0647642857143,0.0,0.0,0.0,352.3137038506809,0.0,7069.907404285717,0.0
2025-07-12,0,75,12:30-12:40,733.3877333333332,1336.1720095238097,0.168,0.20388571428571436,158.95608571428593,2234.3113714285714,0.0,0.0,0.0,443.8281904761905,-0.0,7469.352775714289,0.0
2025-07-12,0,76,12:40-12:50,759.5535166666666,1317.302538095238,0.3274,0.36417946428571424,171.33227857142856,2302.681619642857,0.0,0.0,0.0,386.41674285714294,0.0,7817.127844285718,0.0
2025-07-12,0,77,12:50-13:00,758.7950000000001,1300.4499999999998,0.612,0.6454973214285714,143.43482142857124,2345.2343625000003,0.0,0.0,0.0,398.22017857142856,-0.0,8175.526005000003,0.0
2025-07-12,0,78,13:00-13:10,766.9314333333333,1279.8876785714285,0.6892,0.7234919642857145,126.86482857142846,2282.418365476191,0.0,0.0,0.0,386.09141666666676,0.0,8523.008280000004,0.0
2025-07-12,0,79,13:10-13:20,762.5015,1253.7686095238096,0.6823,0.7170745535714284,138.06567857142852,2244.7117482142858,0.0,0.0,0.0,353.2014309523812,0.0,8840.889567857146,0.0
2025-07-12,0,80,13:20-13:30,753.2533333333333,1230.0535714285713,0.6847,0.7163142857142856,128.2686904761905,2174.2611017857143,0.0,0.0,0.0,348.5315476190475,0.0,9154.567960714288,0.0
2025-07-12,0,81,13:30-13:40,771.4591499999999,1218.7818595238095,0.6777,0.7074888392857145,114.98794285714274,2052.0634976190477,0.0,0.0,0.0,332.33476666666684,-0.0,9453.669250714289,0.0
2025-07-12,0,82,13:40-13:50,771.82115,1203.8705738095239,0.7742,0.8226526785714284,121.31545238095231,1914.1738297619052,0.0,0.0,0.0,310.7339714285715,0.0,9733.329825000003,0.0
2025-07-12,0,83,13:50-14:00,751.0566666666666,1179.0035714285711,0.9228,0.9984758928571427,124.71714285714262,1810.3742023809523,0.0,0.0,0.0,303.2297619047619,0.0,10006.236610714288,0.0
2025-07-12,0,84,14:00-14:10,752.4674666666666,1150.1854380952382,0.9463,1.023688392857143,138.26011428571442,1711.8147529761904,0.0,0.0,0.0,259.45785714285716,-0.0,10239.74868214286,0.0
2025-07-12,0,85,14:10-14:20,758.8163166666666,1107.9649595238095,0.955,1.0238401785714286,121.34627857142857,1553.676231547619,0.0,0.0,0.0,227.80236428571445,-0.0,10444.770810000002,0.0
2025-07-12,0,86,14:20-14:30,753.3016666666667,1057.8830357142856,1.0284,1.0942714285714286,111.44678571428562,1381.540939285714,0.0,0.0,0.0,193.1345833333329,0.0,10618.591935,0.0
2025-07-12,0,87,14:30-14:40,743.1084166666666,1018.5480214285715,1.0903,1.1582098214285712,163.29961666666665,1267.2969660714284,0.0,0.0,0.0,112.13998809523821,0.0,10719.517924285714,0.0
2025-07-12,0,88,14:40-14:50,763.8134,984.8221119047619,0.882,0.9405928571428573,152.12007619047614,1170.6634238095235,0.0,0.0,0.0,68.88863571428526,-0.0,10781.517696428571,0.0
2025-07-12,0,89,14:50-15:00,799.8733333333332,948.3535714285714,0.554,0.5953933035714287,127.94434523809525,1108.3580345238088,0.0,0.0,0.0,20.535892857142926,0.0,10800.0,0.0
2025-07-12,0,90,15:00-15:10,798.3746333333333,906.0886595238094,0.5427,0.579389732142857,113.86781904761904,1144.3622755952374,6.153792857143003,6.153792857143003,6.153792857143003,0.0,-0.0,10800.0,0.0
2025-07-12,0,91,15:10-15:20,787.2801666666666,864.2309952380953,0.6243,0.6623549107142856,112.08676428571437,1165.6399380952369,35.135935714285665,35.135935714285665,35.135935714285665,0.0,-0.0,10800.0,0.0
2025-07-12,0,92,15:20-15:30,774.46,826.5446428571428,0.6191,0.6581834821428573,128.7717261904763,1128.4123714285704,76.68708333333359,76.68708333333359,76.68708333333359,0.0,0.0,10800.0,0.0
2025-07-12,0,93,15:30-15:40,748.39275,789.9961023809524,0.5753,0.6147848214285715,120.47389047619038,1083.9365083333323,78.87053809523798,78.87053809523798,78.87053809523798,0.0,0.0,10800.0,0.0
2025-07-12,0,94,15:40-15:50,778.09885,744.0632857142856,0.5937,0.6295424107142857,90.13230476190472,1031.444441666666,124.16786904761909,124.16786904761909,124.16786904761909,0.0,0.0,10800.0,0.0
2025-07-12,0,95,15:50-16:00,823.71,694.9473214285714,0.6558,0.686952232142857,102.86339285714291,1068.0051684523808,231.62607142857155,231.62607142857155,231.62607142857155,0.0,0.0,10800.0,0.0
2025-07-12,0,96,16:00-16:10,776.2531999999999,658.8975357142856,0.6599,0.6921151785714289,79.9207880952381,1046.8219244047618,197.27645238095238,197.27645238095238,197.27645238095238,0.0,0.0,10800.0,0.0
2025-07-12,0,97,16:10-16:20,761.8299999999999,619.0007976190477,0.6849,0.7171455357142857,82.64905714285703,1026.8646190476188,225.47825952380924,225.47825952380924,225.47825952380924,0.0,0.0,10800.0,0.0
2025-07-12,0,98,16:20-16:30,821.0633333333333,568.4714285714285,0.7514,0.7815241071428571,96.98613095238113,1038.878463690476,349.5780357142859,349.5780357142859,349.5780357142859,0.0,0.0,10800.0,0.0
2025-07-12,0,99,16:30-16:40,853.9632833333333,517.5053571428571,0.7841,0.8153839285714285,89.93659761904769,913.8837624999999,426.3945238095239,426.3945238095239,426.3945238095239,0.0,0.0,10800.0,0.0
2025-07-12,0,100,16:40-16:50,786.8559333333333,469.6615047619048,0.7468,0.7782040178571429,108.49528333333336,763.1928880952378,425.6897119047619,425.6897119047619,425.6897119047619,0.0,0.0,10800.0,0.0
2025-07-12,0,101,16:50-17:00,692.7383333333333,424.9026785714285,0.6895,0.7184750000000001,103.62773809523787,711.6258303571421,371.4633928571427,371.4633928571427,371.4633928571427,-0.0,0.0,10800.0,0.0
2025-07-12,0,102,17:00-17:10,717.1860666666666,381.8546071428571,0.7074,0.7346410714285715,94.31417380952382,755.5079273809515,429.64563333333336,429.64563333333336,429.64563333333336,0.0,0.0,10800.0,0.0
2025-07-12,0,103,17:10-17:20,747.0227833333333,340.7584023809523,0.7744,0.8013866071428571,108.62762619047635,777.4124119047609,514.8920071428574,514.8920071428574,514.8920071428574,0.0,0.0,10800.0,0.0
2025-07-12,0,104,17:20-17:30,714.2933333333333,303.0678571428571,0.8011,0.8278397321428571,101.7292261904762,868.7824904761895,512.9547023809523,512.9547023809523,512.9547023809523,0.0,0.0,10800.0,0.0
2025-07-12,0,105,17:30-17:40,669.09655,269.08921904761905,0.7494,0.7734343749999999,101.89284523809522,870.5576863095228,501.90017619047615,501.90017619047615,501.90017619047615,-0.0,0.0,10800.0,0.0
2025-07-12,0,106,17:40-17:50,683.6368666666667,231.75689999999997,0.8942,0.9131629464285714,88.53076904761895,864.4050238095226,540.4107357142857,540.4107357142857,540.4107357142857,0.0,0.0,10800.0,0.0
2025-07-12,0,107,17:50-18:00,734.64,190.74375,1.1622,1.1772424107142854,75.06726190476184,846.3733773809512,618.9635119047618,618.9635119047618,618.9635119047618,0.0,-0.0,10800.0,0.0
2025-07-12,0,108,18:00-18:10,731.2659666666666,152.67064047619047,1.1942,1.2103888392857143,64.42852380952388,777.8474702380939,643.02385,643.02385,643.02385,0.0,0.0,10800.0,0.0
2025-07-12,0,109,18:10-18:20,709.8403,117.58441190476191,1.186,1.2029843750000002,83.22160000000008,757.2807595238086,675.4774880952382,675.4774880952382,675.4774880952382,0.0,0.0,10800.0,0.0
2025-07-12,0,110,18:20-18:30,701.0366666666666,83.65982142857142,1.2272,1.241740178571429,85.26964285714268,805.755416666665,702.6464880952379,702.6464880952379,702.6464880952379,0.0,0.0,10800.0,0.0
2025-07-12,0,111,18:30-18:40,697.3630666666666,49.90742142857142,1.2185,1.2327848214285715,82.48478809523817,798.7212797619031,729.9404333333333,729.9404333333333,729.9404333333333,0.0,0.0,10800.0,0.0
2025-07-12,0,112,18:40-18:50,693.0748,19.38623333333333,1.2948,1.3286955357142858,99.48220238095246,728.1051672619034,773.1707690476192,773.1707690476192,773.1707690476192,0.0,0.0,10800.0,0.0
2025-07-12,0,113,18:50-19:00,688.9866666666667,0.0,1.4371,1.4980191964285712,82.71523809523819,815.2249809523796,0.0,0.0,0.0,0.0,771.7019047619049,9942.553439153438,0.0
2025-07-12,0,114,19:00-19:10,687.7298000000001,0.0,1.469,1.5317223214285716,79.10781666666674,830.5797279761894,0.0,0.0,0.0,0.0,766.8376166666668,9090.511642857142,0.0
2025-07-12,0,115,19:10-19:20,677.7246833333334,0.6698904761904761,1.4404,1.498119642857143,76.96419285714285,760.4853702380943,0.0,0.0,0.0,0.0,754.0189857142857,8252.71276984127,0.0
2025-07-12,0,116,19:20-19:30,673.8249999999999,0.0,1.436,1.493985267857143,80.26833333333343,771.3132434523801,0.0,0.0,0.0,0.0,754.0933333333334,7414.831288359788,0.0
2025-07-12,0,117,19:30-19:40,703.2745,0.0,1.4878,1.5457687500000004,68.22093571428582,789.018660119047,0.0,0.0,0.0,0.0,771.4954357142858,6557.614137566137,0.0
2025-07-12,0,118,19:40-19:50,724.7089166666666,0.048097619047619056,1.5182,1.5773772321428567,69.00076428571435,770.0302833333327,0.0,0.0,0.0,0.0,793.6615833333333,5675.767933862434,0.0
2025-07-12,0,119,19:50-20:00,725.375,0.0,1.4992,1.5601642857142857,78.40499999999997,730.0232648809517,0.0,0.0,0.0,0.0,803.78,4782.679044973545,0.0
2025-07-12,0,120,20:00-20:10,728.0928333333333,0.0,1.4681,1.5283285714285715,99.9435666666667,683.3320333333326,0.0,0.0,0.0,0.0,828.0364,3862.638600529101,0.0
2025-07-12,0,121,20:10-20:20,715.7080833333332,0.003452380952380952,1.4232,1.4837794642857152,96.27160476190488,683.2972874999992,618.8450047619035,618.8450047619035,618.8450047619035,0.0,193.1312309523822,3648.048343915343,0.0
2025-07-12,0,122,20:20-20:30,708.4616666666667,0.0,1.4332,1.496288839285714,127.34833333333336,663.1113386904757,2.4766666666668016,2.4766666666668016,2.4766666666668016,0.0,833.3333333333333,2722.1224179894175,0.0
2025-07-12,0,123,20:30-20:40,741.9765333333332,0.0,1.5334,1.5961513392857143,76.76946666666674,632.1125886904757,0.0,0.0,0.0,0.0,818.746,1812.4046402116396,0.0
2025-07-12,0,124,20:40-20:50,727.6234999999999,0.0002476190476190476,1.3285,1.3763950892857137,64.07399761904765,551.1641761904757,739.9380154761907,739.9380154761907,739.9380154761907,0.0,51.759234523809205,1754.8943796296294,0.0
2025-07-12,0,125,20:50-21:00,677.1566666666666,0.0,0.9279,0.9549946428571429,85.82666666666671,499.40494166666633,763.1858436213988,763.1858436213988,763.1858436213988,0.2025102880654433,0.0,1755.0766388888883,0.0
2025-07-12,0,126,21:00-21:10,690.7953333333332,0.0,0.8624,0.885620982142857,89.22528333333344,499.56897499999945,822.1979160493833,822.1979160493833,822.1979160493833,42.17729938271658,0.0,1793.0362083333332,0.0
2025-07-12,0,127,21:10-21:20,699.8316833333333,0.0,0.9057,0.9346959821428568,87.38498333333337,516.7993208333329,787.2166666666667,787.2166666666667,787.2166666666667,0.0,0.0,1793.0362083333332,0.0
2025-07-12,0,128,21:20-21:30,707.96,0.0,0.9295,0.9610455357142857,88.30999999999995,533.7325874999999,796.27,796.27,796.27,0.0,0.0,1793.0362083333332,0.0
2025-07-12,0,129,21:30-21:40,773.46345,0.0,0.996,1.0206785714285715,77.11993333333339,493.2575874999998,737.8577416666667,737.8577416666667,737.8577416666667,0.0,112.7256416666667,1667.7854953703702,0.0
2025-07-12,0,130,21:40-21:50,720.8322499999999,0.0,0.7817,0.8011401785714284,56.5320333333334,421.00694583333313,711.4376875000002,711.4376875000002,711.4376875000002,0.0,65.9265958333332,1594.5337222222222,0.0
2025-07-12,0,131,21:50-22:00,592.1199999999999,0.0,0.4125,0.43411651785714284,82.26999999999998,355.08034999999995,1507.7233333333331,1507.7233333333331,1507.7233333333331,833.3333333333333,0.0,2344.5337222222224,0.0
2025-07-12,0,132,22:00-22:10,614.16045,0.0,0.3762,0.4027620535714287,94.82386666666673,381.82939166666654,1542.31765,1542.31765,1542.31765,833.3333333333333,0.0,3094.5337222222224,0.0
2025-07-12,0,133,22:10-22:20,650.4146666666666,0.0,0.4202,0.4466401785714287,92.26419999999996,372.78824166666675,1576.0121999999997,1576.0121999999997,1576.0121999999997,833.3333333333333,0.0,3844.5337222222224,0.0
2025-07-12,0,134,22:20-22:30,621.8766666666667,0.0,0.4043,0.42785044642857145,88.09000000000003,354.96362500000004,1543.3,1543.3,1543.3,833.3333333333333,0.0,4594.533722222222,0.0
2025-07-12,0,135,22:30-22:40,595.8103166666666,0.0,0.4436,0.4702160714285713,91.18766666666659,306.8290666666668,686.9979833333332,686.9979833333332,686.9979833333332,0.0,0.0,4594.533722222222,0.0
2025-07-12,0,136,22:40-22:50,615.80895,0.0,0.4706,0.49799419642857135,65.3424,279.3135750000001,681.15135,681.15135,681.15135,0.0,0.0,4594.533722222222,0.0
2025-07-12,0,137,22:50-23:00,648.3366666666666,0.0,0.4688,0.4933888392857142,74.59999999999991,237.72843333333333,722.9366666666665,722.9366666666665,722.9366666666665,0.0,0.0,4594.533722222222,0.0
2025-07-12,0,138,23:00-23:10,628.1764166666667,0.0,0.4918,0.5170285714285714,85.78036666666674,186.13261249999982,713.9567833333334,713.9567833333334,713.9567833333334,0.0,0.0,4594.533722222222,0.0
2025-07-12,0,139,23:10-23:20,636.0948333333333,0.0,0.4764,0.5010540178571431,107.55713333333347,166.1061583333332,743.6519666666668,743.6519666666668,743.6519666666668,0.0,0.0,4594.533722222222,0.0
2025-07-12,0,140,23:20-23:30,665.3966666666666,0.0,0.425,0.44760491071428576,87.50833333333321,163.02559583333345,1586.2383333333332,1586.2383333333332,1586.2383333333332,833.3333333333333,0.0,5344.533722222222,0.0
2025-07-12,0,141,23:30-23:40,637.6866333333332,0.0,0.4177,0.44177991071428585,90.00511666666671,127.53292916666669,1561.0250833333332,1561.0250833333332,1561.0250833333332,833.3333333333333,0.0,6094.533722222222,0.0
2025-07-12,0,142,23:40-23:50,678.26575,0.0,0.4633,0.48881964285714286,73.48784999999998,84.4342916666667,751.7536,751.7536,751.7536,0.0,0.0,6094.533722222222,0.0
2025-07-12,0,143,23:50-24:00,773.8133333333333,0.0,0.5301,0.5551410714285715,90.43333333333334,47.13458333333324,779.1663166666665,779.1663166666665,779.1663166666665,0.0,85.08035000000018,6000.0,0.0
2025-07-13,0,0,0:00-0:10,778.3167333333333,0.0,0.5713,0.5945375,73.19683333333342,1179.9562940476183,851.5135666666667,851.5135666666667,851.5135666666667,0.0,0.0,8124.818197089948,0.0
2025-07-13,0,1,0:10-0:20,773.8010999999999,0.0,0.5678,0.588030357142857,86.40531666666669,1218.8791166666665,860.2064166666667,860.2064166666667,860.2064166666667,0.0,0.0,8124.818197089948,0.0
2025-07-13,0,2,0:20-0:30,790.8333333333333,0.0,0.5376,0.5551687499999999,80.63833333333332,1260.0726958333332,871.4716666666666,871.4716666666666,871.4716666666666,0.0,0.0,8124.818197089948,0.0
2025-07-13,0,3,0:30-0:40,774.2159166666667,0.0,0.5214,0.541580357142857,85.22788333333335,1281.8506125,859.4438,859.4438,859.4438,0.0,0.0,8124.818197089948,0.0
2025-07-13,0,4,0:40-0:50,765.6189333333333,0.0,0.5263,0.5483133928571429,86.42784999999992,1302.70988452381,852.0467833333332,852.0467833333332,852.0467833333332,0.0,0.0,8124.818197089948,0.0
2025-07-13,0,5,0:50-1:00,778.9616666666667,0.0,0.5329,0.5539540178571428,92.9899999999999,1363.6766803571431,871.9516666666666,871.9516666666666,871.9516666666666,0.0,0.0,8124.818197089948,0.0
2025-07-13,0,6,1:00-1:10,780.0781999999999,0.0,0.5205,0.5414401785714283,89.19088333333332,1419.5059523809523,869.2690833333332,869.2690833333332,869.2690833333332,0.0,0.0,8124.818197089948,0.0
2025-07-13,0,7,1:10-1:20,756.6695166666666,0.0,0.5342,0.5543906249999999,90.53543333333346,1349.169004761904,847.20495,847.20495,847.20495,0.0,0.0,8124.818197089948,0.0
2025-07-13,0,8,1:20-1:30,736.0783333333334,0.0,0.5632,0.5830129464285714,69.74666666666667,1334.3048142857137,805.825,805.825,805.825,0.0,0.0,8124.818197089948,0.0
2025-07-13,0,9,1:30-1:40,754.0283666666666,0.0,0.5502,0.5722629464285715,77.4766166666667,1353.2425523809518,831.5049833333333,831.5049833333333,831.5049833333333,0.0,0.0,8124.818197089948,0.0
2025-07-13,0,10,1:40-1:50,749.6243,0.0,0.5391,0.5585464285714288,78.1231166666667,1318.669633333333,827.7474166666666,827.7474166666666,827.7474166666666,0.0,0.0,8124.818197089948,0.0
2025-07-13,0,11,1:50-2:00,733.4383333333333,0.0,0.5508,0.5671254464285715,85.69000000000005,1295.139595238095,819.1283333333333,819.1283333333333,819.1283333333333,0.0,0.0,8124.818197089948,0.0
2025-07-13,0,12,2:00-2:10,768.2452833333333,0.0,0.5586,0.5823553571428571,84.23035000000004,1295.6085238095238,852.4756333333333,852.4756333333333,852.4756333333333,0.0,0.0,8124.818197089948,0.0
2025-07-13,0,13,2:10-2:20,749.3763666666666,0.0,0.5406,0.5634665178571429,76.13265000000001,1287.587341071428,825.5090166666666,825.5090166666666,825.5090166666666,0.0,0.0,8124.818197089948,0.0
2025-07-13,0,14,2:20-2:30,704.6833333333334,0.0,0.5076,0.520422767857143,62.37833333333333,1272.0141369047617,767.0616666666667,767.0616666666667,767.0616666666667,0.0,0.0,8124.818197089948,0.0
2025-07-13,0,15,2:30-2:40,764.4305166666666,0.0,0.4939,0.5062749999999998,40.73574999999994,1231.9128369047621,805.1662666666665,805.1662666666665,805.1662666666665,0.0,0.0,8124.818197089948,0.0
2025-07-13,0,16,2:40-2:50,775.4285666666666,0.0,0.5053,0.5216821428571429,45.49531666666667,1129.1966148809515,820.9238833333333,820.9238833333333,820.9238833333333,0.0,0.0,8124.818197089948,0.0
2025-07-13,0,17,2:50-3:00,708.28,0.0,0.515,0.5326745535714286,62.32166666666666,1077.635802380953,770.6016666666667,770.6016666666667,770.6016666666667,0.0,0.0,8124.818197089948,0.0
2025-07-13,0,18,3:00-3:10,691.1410833333332,0.0002261904761904762,0.4911,0.5059651785714284,44.0605833333334,1038.919697619048,735.2014404761904,735.2014404761904,735.2014404761904,0.0,0.0,8124.818197089948,0.0
2025-07-13,0,19,3:10-3:20,697.4345166666667,0.0,0.4779,0.49076875,40.558933333333414,965.4534970238101,737.9934500000002,737.9934500000002,737.9934500000002,0.0,0.0,8124.818197089948,0.0
2025-07-13,0,20,3:20-3:30,691.2266666666666,0.0,0.489,0.5024401785714284,53.32999999999993,911.8183761904768,744.5566666666665,744.5566666666665,744.5566666666665,0.0,0.0,8124.818197089948,0.0
2025-07-13,0,21,3:30-3:40,681.8681833333333,0.003157142857142857,0.5013,0.5150035714285713,47.57540238095237,887.8275428571433,729.4404285714285,729.4404285714285,729.4404285714285,0.0,0.0,8124.818197089948,0.0
2025-07-13,0,22,3:40-3:50,728.6791333333333,0.0,0.5393,0.5502763392857143,40.81929761904769,815.5722797619052,769.498430952381,769.498430952381,769.498430952381,0.0,0.0,8124.818197089948,0.0
2025-07-13,0,23,3:50-4:00,784.41,0.0,0.5706,0.5784669642857144,34.039999999999964,701.2872857142862,818.4499999999999,818.4499999999999,818.4499999999999,0.0,0.0,8124.818197089948,0.0
2025-07-13,0,24,4:00-4:10,739.4236666666667,0.04394761904761905,0.533,0.542485267857143,47.064521428571425,610.2535357142863,786.4442404761905,786.4442404761905,786.4442404761905,0.0,0.0,8124.818197089948,0.0
2025-07-13,0,25,4:10-4:20,704.2111666666666,0.0,0.5189,0.529628125,40.995750000000044,544.3534535714289,745.2069166666666,745.2069166666666,745.2069166666666,0.0,0.0,8124.818197089948,0.0
2025-07-13,0,26,4:20-4:30,727.635,0.0,0.5356,0.5453379464285714,51.418333333333294,486.58732023809563,779.0533333333333,779.0533333333333,779.0533333333333,0.0,0.0,8124.818197089948,0.0
2025-07-13,0,27,4:30-4:40,744.8021666666666,0.6120857142857142,0.5016,0.5111160714285715,54.5044976190477,441.6810750000003,798.6945785714286,798.6945785714286,798.6945785714286,0.0,0.0,8124.818197089948,0.0
2025-07-13,0,28,4:40-4:50,711.2725833333334,0.0,0.4783,0.4874455357142858,37.169116666666696,394.1354124999998,748.4417000000001,748.4417000000001,748.4417000000001,0.0,0.0,8124.818197089948,0.0
2025-07-13,0,29,4:50-5:00,671.2449999999999,0.0,0.475,0.4824986607142855,65.56642857142856,344.5280541666665,1209.235654027042,1209.235654027042,1209.235654027042,472.4242254556136,0.0,8550.0,0.0
2025-07-13,0,30,5:00-5:10,705.44885,17.8327,0.4445,0.4490687499999999,49.46374523809516,337.46778511904733,1570.4132285714284,1570.4132285714284,1570.4132285714284,833.3333333333333,0.0,9300.0,0.0
2025-07-13,0,31,5:10-5:20,717.0278333333333,46.54508095238095,0.4634,0.465034375,39.87985476190477,389.4589857142855,1543.6959404761903,1543.6959404761903,1543.6959404761903,833.3333333333333,0.0,10050.0,0.0
2025-07-13,0,32,5:20-5:30,682.3149999999999,79.38482142857143,0.4888,0.49101875000000017,44.809464285714284,387.14721666666645,647.7396428571428,647.7396428571428,647.7396428571428,0.0,0.0,10050.0,0.0
2025-07-13,0,33,5:30-5:40,685.9029833333334,113.81243095238096,0.4315,0.43932053571428575,45.89738571428575,396.6823339285712,1451.3212714285714,1451.3212714285714,1451.3212714285714,833.3333333333333,0.0,10800.0,0.0
2025-07-13,0,34,5:40-5:50,767.9266333333333,150.9599476190476,0.6026,0.6076107142857142,31.870469047619054,466.84247797619,648.8371547619047,648.8371547619047,648.8371547619047,-0.0,0.0,10800.0,0.0
2025-07-13,0,35,5:50-6:00,875.6116666666667,190.29375,0.9161,0.9131004464285715,38.19071428571419,533.4049488095234,0.0,0.0,0.0,0.0,723.5086309523808,9996.10152116402,0.0
2025-07-13,0,36,6:00-6:10,907.8464,229.1910571428571,0.9456,0.946125892857143,31.123773809523755,609.7556410714283,0.0,0.0,0.0,0.0,709.7791166666667,9207.458058201057,0.0
2025-07-13,0,37,6:10-6:20,891.2223666666666,267.0079238095238,0.8878,0.8934361607142856,36.86186666666674,620.9406077380947,0.0,0.0,0.0,0.0,661.0763095238096,8472.928825396824,0.0
2025-07-13,0,38,6:20-6:30,864.2549999999999,306.9196428571428,0.8791,0.8855995535714285,53.91470238095235,646.8237470238091,0.0,0.0,0.0,0.0,611.2500595238095,7793.762092592591,0.0
2025-07-13,0,39,6:30-6:40,845.3601833333333,353.0289071428572,0.856,0.8639428571428568,52.695542857142925,780.710684523809,0.0,0.0,0.0,0.0,545.026819047619,7188.176738095237,0.0
2025-07-13,0,40,6:40-6:50,855.0181666666667,400.2421309523809,0.8407,0.8534299107142858,50.51224285714278,837.3708196428568,505.2882785714287,505.2882785714287,505.2882785714287,0.0,0.0,7188.176738095237,0.0
2025-07-13,0,41,6:50-7:00,889.815,447.51071428571424,0.8152,0.8310223214285716,55.464226190476154,854.9561488095233,497.768511904762,497.768511904762,497.768511904762,0.0,0.0,7188.176738095237,0.0
2025-07-13,0,42,7:00-7:10,920.46845,496.69463809523813,0.7419,0.7518821428571428,48.80176190476186,906.8417261904759,472.5755738095237,472.5755738095237,472.5755738095237,0.0,0.0,7188.176738095237,0.0
2025-07-13,0,43,7:10-7:20,913.8080166666666,536.584980952381,0.7504,0.757895982142857,47.9477261904762,931.1545964285712,425.1707619047619,425.1707619047619,425.1707619047619,0.0,0.0,7188.176738095237,0.0
2025-07-13,0,44,7:20-7:30,859.2933333333333,571.2410714285714,0.7803,0.7915607142857143,59.15535714285704,928.3368321428568,347.2076190476189,347.2076190476189,347.2076190476189,0.0,0.0,7188.176738095237,0.0
2025-07-13,0,45,7:30-7:40,807.6697,617.3924761904761,0.6801,0.6926875000000001,71.25651190476168,931.4340047619044,380.7048660787819,380.7048660787819,380.7048660787819,119.17113036449639,0.0,7295.430755423284,0.0
2025-07-13,0,46,7:40-7:50,947.6349166666666,668.2734261904761,0.836,0.8496477678571427,64.11464523809536,936.8032833333328,343.4761357142859,343.4761357142859,343.4761357142859,0.0,0.0,7295.430755423284,0.0
2025-07-13,0,47,7:50-8:00,1186.6983333333333,716.6401785714285,1.1923,1.2074357142857146,70.47065476190483,930.6591148809521,0.0,0.0,0.0,0.0,540.5288095238096,6694.843189285717,0.0
2025-07-13,0,48,8:00-8:10,1222.7127833333334,759.8238238095239,1.2693,1.2838580357142857,71.63232619047619,946.8159291666661,0.0,0.0,0.0,0.0,534.5212857142858,6100.930649603177,0.0
2025-07-13,0,49,8:10-8:20,1171.9099333333334,791.6234000000001,1.2,1.2137633928571423,61.578221428571624,977.6925720238092,0.0,0.0,0.0,0.0,441.8647547619049,5609.969810978838,0.0
2025-07-13,0,50,8:20-8:30,1152.21,817.8526785714286,1.1441,1.159078125,82.47053571428569,1001.7899851190473,0.0,0.0,0.0,0.0,416.82785714285717,5146.827747486775,0.0
2025-07-13,0,51,8:30-8:40,1165.4953999999998,852.339357142857,1.1182,1.1369977678571426,67.61666904761915,1038.4038988095235,0.0,0.0,0.0,0.0,380.7727119047619,4723.746956481484,0.0
2025-07-13,0,52,8:40-8:50,1175.8817666666666,889.7289214285713,1.0998,1.1224044642857147,73.60527619047627,1046.4910107142855,0.0,0.0,0.0,0.0,359.7581214285717,4324.0157104497375,0.0
2025-07-13,0,53,8:50-9:00,1159.58,933.3651785714285,1.0883,1.1128129464285714,94.84428571428577,1042.769775,0.0,0.0,0.0,0.0,321.05910714285733,3967.283369179896,0.0
2025-07-13,0,54,9:00-9:10,1127.9841,992.5547595238095,1.1017,1.1261093749999997,97.44426428571433,1050.0983136904763,0.0,0.0,0.0,0.0,232.87360476190474,3708.534919444446,0.0
2025-07-13,0,55,9:10-9:20,1146.3703333333333,1046.6633928571428,1.1143,1.1372080357142855,91.54188095238084,1052.2960577380954,0.0,0.0,0.0,0.0,191.24882142857132,3496.0362289682557,0.0
2025-07-13,0,56,9:20-9:30,1170.9133333333332,1084.5508928571426,1.0556,1.074954910714286,74.32726190476183,1078.5589244047615,0.0,0.0,0.0,0.0,160.68970238095244,3317.4921152116417,0.0
2025-07-13,0,57,9:30-9:40,1103.5931166666664,1112.2229523809522,0.9111,0.9276339285714281,84.92055952380977,1181.3447577380948,0.0,0.0,0.0,0.0,76.29072380952402,3232.7246443121708,0.0
2025-07-13,0,58,9:40-9:50,1109.5136666666667,1135.8278833333331,1.0065,1.041206696428571,97.26735714285724,1228.6688125,0.0,0.0,0.0,0.0,70.95314047619081,3153.8878215608474,0.0
2025-07-13,0,59,9:50-10:00,1204.9783333333332,1163.0830357142856,1.2772,1.3387066964285717,104.08785714285727,1133.722404761905,0.0,0.0,0.0,0.0,145.98315476190487,2991.684316269842,0.0
2025-07-13,0,60,10:00-10:10,1229.7799166666666,1196.6456452380953,1.3112,1.3724799107142858,124.57905000000005,1056.2782821428573,0.0,0.0,0.0,0.0,157.71332142857136,2816.4472924603183,0.0
2025-07-13,0,61,10:10-10:20,1182.81585,1213.3882428571426,1.2101,1.263133928571429,108.40300952380949,1060.8153249999998,0.0,0.0,0.0,0.0,77.83061666666686,2729.9688294973553,0.0
2025-07-13,0,62,10:20-10:30,1137.945,1214.2517857142857,1.1636,1.2180866071428569,91.7222619047619,1144.651883333333,0.0,0.0,0.0,0.0,15.415476190476056,2712.8405226190484,0.0
2025-07-13,0,63,10:30-10:40,1166.1824666666666,1226.2695357142854,1.2057,1.2679156250000005,142.08170476190475,1185.9734553571427,0.0,0.0,0.0,0.0,81.994635714286,2621.735371825397,0.0
2025-07-13,0,64,10:40-10:50,1198.5277333333333,1257.798392857143,0.9562,1.007439732142857,126.19469523809516,1174.3202803571426,0.0,0.0,0.0,0.0,66.92403571428554,2547.3753321428576,0.0
2025-07-13,0,65,10:50-11:00,1189.9616666666666,1291.4473214285715,0.5592,0.5868120535714285,134.68404761904748,1160.6297928571423,866.5317261904759,866.5317261904759,866.5317261904759,833.3333333333333,0.0,3297.3753321428576,0.0
2025-07-13,0,66,11:00-11:10,1160.4971166666664,1302.9194785714283,0.5593,0.5816433035714285,145.1116571428572,1196.23634047619,836.0226285714286,836.0226285714286,836.0226285714286,833.3333333333333,0.0,4047.3753321428576,0.0
2025-07-13,0,67,11:10-11:20,1151.5614999999998,1321.4402976190477,0.611,0.6332504464285715,140.1659095238096,1448.3771339285715,803.620445238095,803.620445238095,803.620445238095,833.3333333333333,0.0,4797.375332142858,0.0
2025-07-13,0,68,11:20-11:30,1179.0249999999999,1348.2633928571427,0.5537,0.5742160714285716,128.45107142857142,1803.8640773809518,792.5460119047618,792.5460119047618,792.5460119047618,833.3333333333333,0.0,5547.375332142858,0.0
2025-07-13,0,69,11:30-11:40,1214.1075999999998,1354.1519690476189,0.5697,0.5943316964285714,122.38876666666663,1977.8479761904755,815.6777309523809,815.6777309523809,815.6777309523809,833.3333333333333,0.0,6297.375332142858,0.0
2025-07-13,0,70,11:40-11:50,1176.1381999999999,1353.9617261904762,0.5631,0.5912812500000001,174.33208571428577,2063.2616404761898,829.8418928571427,829.8418928571427,829.8418928571427,833.3333333333333,0.0,7047.375332142858,0.0
2025-07-13,0,71,11:50-12:00,1100.9066666666665,1367.9526785714284,0.5174,0.5453276785714285,141.6414285714285,2152.3459517857136,707.9287499999998,707.9287499999998,707.9287499999998,833.3333333333333,0.0,7797.375332142858,0.0
2025-07-13,0,72,12:00-12:10,1104.8929833333332,1397.1741333333332,0.5347,0.5618374999999999,135.91411428571413,2179.6918904761897,676.9662976190473,676.9662976190473,676.9662976190473,833.3333333333333,0.0,8547.375332142858,0.0
2025-07-13,0,73,12:10-12:20,1114.6347999999998,1392.7575404761903,0.5789,0.6061593749999998,153.39800714285707,2200.4825511904755,708.6085999999998,708.6085999999998,708.6085999999998,833.3333333333333,0.0,9297.375332142858,0.0
2025-07-13,0,74,12:20-12:30,1091.9866666666667,1353.067857142857,0.5731,0.6031763392857142,159.8483928571427,2265.2005023809515,732.1005357142856,732.1005357142856,732.1005357142856,833.3333333333333,0.0,10047.375332142858,0.0
2025-07-13,0,75,12:30-12:40,1083.5956666666666,1324.370976190476,0.5137,0.5496455357142858,153.5671642857144,2321.5968714285705,746.1251880952382,746.1251880952382,746.1251880952382,833.3333333333333,0.0,10797.375332142858,0.0
2025-07-13,0,76,12:40-12:50,1134.3865333333333,1306.2779285714287,0.6884,0.7249075892857141,168.97509761904743,2384.5781982142844,0.0,0.0,0.0,2.9162976190480094,0.0,10800.0,0.0
2025-07-13,0,77,12:50-13:00,1196.7616666666665,1293.4991071428572,1.0015,1.0338383928571426,136.20958333333337,2424.773760119046,39.47214285714267,39.47214285714267,39.47214285714267,0.0,0.0,10800.0,0.0
2025-07-13,0,78,13:00-13:10,1177.5741166666667,1284.984883333333,1.0514,1.083367857142857,123.34701666666672,2354.732524999999,15.9362500000002,15.9362500000002,15.9362500000002,0.0,0.0,10800.0,0.0
2025-07-13,0,79,13:10-13:20,1161.5971166666666,1267.7306952380952,1.0282,1.0600883928571425,129.22695714285746,2313.508095833332,23.09337857142873,23.09337857142873,23.09337857142873,0.0,0.0,10800.0,0.0
2025-07-13,0,80,13:20-13:30,1175.635,1242.9419642857142,1.0326,1.061558035714286,97.81172619047629,2234.21872797619,30.504761904762063,30.504761904762063,30.504761904762063,0.0,0.0,10800.0,0.0
2025-07-13,0,81,13:30-13:40,1167.7723333333333,1223.504730952381,0.9973,1.0249040178571427,114.1368833333332,2081.5641595238094,58.404485714285556,58.404485714285556,58.404485714285556,0.0,0.0,10800.0,0.0
2025-07-13,0,82,13:40-13:50,1181.6704333333332,1200.4168404761904,1.1384,1.1852964285714287,115.65714523809524,1942.8234321428567,0.0,0.0,0.0,0.0,96.910738095238,10692.321402116402,0.0
2025-07-13,0,83,13:50-14:00,1209.8766666666666,1170.6223214285712,1.3748,1.449833482142857,123.42541666666659,1833.365497619047,0.0,0.0,0.0,0.0,162.6797619047618,10511.566111111111,0.0
2025-07-13,0,84,14:00-14:10,1196.8151833333332,1139.3611499999997,1.3758,1.4535861607142853,129.7689476190476,1733.5143220238087,0.0,0.0,0.0,0.0,187.22298095238102,10303.540576719577,0.0
2025-07-13,0,85,14:10-14:20,1196.1698,1099.243111904762,1.2903,1.3591129464285718,121.34627857142857,1566.884633928571,0.0,0.0,0.0,0.0,218.27296666666643,10061.01505820106,0.0
2025-07-13,0,86,14:20-14:30,1225.4633333333331,1053.661607142857,1.3056,1.3703482142857146,111.44678571428562,1394.7493416666662,0.0,0.0,0.0,0.0,283.2485119047617,9746.294489417991,0.0
2025-07-13,0,87,14:30-14:40,1242.6869833333333,1016.1610904761906,1.4136,1.4809437500000002,163.29961666666665,1280.5053684523805,0.0,0.0,0.0,0.0,389.8255095238094,9313.155034391537,0.0
2025-07-13,0,88,14:40-14:50,1225.8473166666665,984.5263428571429,1.1986,1.2564910714285715,150.03054761904752,1183.8718261904755,0.0,0.0,0.0,0.0,391.35152142857123,8878.320010582014,0.0
2025-07-13,0,89,14:50-15:00,1178.9233333333332,950.425,0.7939,0.8340883928571431,126.89988095238111,1119.4769083333324,1188.7315476190477,1188.7315476190477,1188.7315476190477,833.3333333333333,0.0,9628.320010582014,0.0
2025-07-13,0,90,15:00-15:10,1138.7519333333332,907.9907880952379,0.7768,0.8138732142857144,113.86781904761904,1154.436685119047,1177.9622976190476,1177.9622976190476,1177.9622976190476,833.3333333333333,0.0,10378.320010582014,0.0
2025-07-13,0,91,15:10-15:20,1185.5007833333334,868.6266261904761,0.9086,0.9465924107142857,111.39555714285746,1175.7143476190465,428.2697142857146,428.2697142857146,428.2697142857146,0.0,0.0,10378.320010582014,0.0
2025-07-13,0,92,15:20-15:30,1249.485,832.4732142857142,0.9428,0.9803040178571429,128.7717261904763,1137.7955738095231,545.783511904762,545.783511904762,545.783511904762,0.0,0.0,10378.320010582014,0.0
2025-07-13,0,93,15:30-15:40,1189.3082666666664,787.9308214285713,0.8805,0.9208308035714285,111.86396190476188,1093.3197107142848,981.7747287183968,981.7747287183968,981.7747287183968,468.53332157553973,0.0,10800.0,0.0
2025-07-13,0,94,15:40-15:50,1205.8401666666666,738.795307142857,0.8869,0.9243071428571429,90.13230476190472,1032.21771547619,557.1771642857142,557.1771642857142,557.1771642857142,0.0,0.0,10800.0,0.0
2025-07-13,0,95,15:50-16:00,1297.4733333333334,691.7562499999999,0.9576,0.9886575892857142,102.09011904761897,1068.7784422619045,707.8072023809525,707.8072023809525,707.8072023809525,0.0,0.0,10800.0,0.0
2025-07-13,0,96,16:00-16:10,1254.8379666666665,650.6847095238095,0.9426,0.9755803571428573,79.9207880952381,1046.8219244047618,684.0740452380951,684.0740452380951,684.0740452380951,0.0,0.0,10800.0,0.0
2025-07-13,0,97,16:10-16:20,1191.7258,612.5402047619048,0.9394,0.9723522321428575,82.64905714285703,1026.8646190476188,661.8346523809521,661.8346523809521,661.8346523809521,0.0,0.0,10800.0,0.0
2025-07-13,0,98,16:20-16:30,1191.8033333333333,569.2883928571429,0.9867,1.0156875000000003,96.98613095238113,1038.878463690476,719.5010714285717,719.5010714285717,719.5010714285717,0.0,0.0,10800.0,0.0
2025-07-13,0,99,16:30-16:40,1221.5944,514.8972666666666,1.0156,1.0450968750000003,89.93659761904769,913.8837624999999,796.633730952381,796.633730952381,796.633730952381,0.0,0.0,10800.0,0.0
2025-07-13,0,100,16:40-16:50,1237.4839833333333,463.8476428571429,1.0238,1.0534227678571428,108.49528333333336,763.1928880952378,882.1316238095238,882.1316238095238,882.1316238095238,-0.0,0.0,10800.0,0.0
2025-07-13,0,101,16:50-17:00,1240.7749999999999,421.90803571428575,1.0413,1.0689790178571426,103.62773809523787,711.6258303571421,922.494702380952,922.494702380952,922.494702380952,0.0,0.0,10800.0,0.0
2025-07-13,0,102,17:00-17:10,1259.7748499999998,382.10583571428566,1.094,1.1212580357142856,94.31417380952382,755.5079273809515,971.9831880952379,971.9831880952379,971.9831880952379,0.0,0.0,10800.0,0.0
2025-07-13,0,103,17:10-17:20,1250.4030666666665,342.10625238095236,1.1329,1.1594857142857145,108.62762619047635,777.4124119047609,1016.9244404761905,1016.9244404761905,1016.9244404761905,0.0,0.0,10800.0,0.0
2025-07-13,0,104,17:20-17:30,1249.8433333333332,303.07589285714283,1.1366,1.1620165178571427,101.7292261904762,868.7824904761895,1048.4966666666667,1048.4966666666667,1048.4966666666667,0.0,0.0,10800.0,0.0
2025-07-13,0,105,17:30-17:40,1314.9691833333331,266.72255,1.1392,1.164170982142857,101.89284523809522,870.5576863095228,1150.1394785714283,1150.1394785714283,1150.1394785714283,0.0,0.0,10800.0,0.0
2025-07-13,0,106,17:40-17:50,1198.4236166666665,228.4162214285714,1.2086,1.2295526785714284,88.53076904761895,864.4050238095226,1058.538164285714,1058.538164285714,1058.538164285714,0.0,0.0,10800.0,0.0
2025-07-13,0,107,17:50-18:00,950.73,187.72232142857143,1.3063,1.3215767857142853,75.06726190476184,846.3733773809512,838.0749404761905,838.0749404761905,838.0749404761905,0.0,-0.0,10800.0,0.0
2025-07-13,0,108,18:00-18:10,896.8458166666666,149.1983595238095,1.3265,1.3413696428571422,64.42852380952388,767.532470238094,812.075980952381,812.075980952381,812.075980952381,0.0,-0.0,10800.0,0.0
2025-07-13,0,109,18:10-18:20,961.1614333333333,114.07781666666666,1.3453,1.3614218750000007,83.22160000000008,755.4106845238086,930.3052166666669,930.3052166666669,930.3052166666669,0.0,-0.0,10800.0,0.0
2025-07-13,0,110,18:20-18:30,1005.6216666666666,80.95267857142856,1.3786,1.3934660714285712,85.26964285714268,798.2751166666652,1009.9386309523807,1009.9386309523807,1009.9386309523807,0.0,0.0,10800.0,0.0
2025-07-13,0,111,18:30-18:40,976.0865333333333,47.94659761904762,1.3891,1.4029526785714286,82.48478809523817,791.2409797619033,1010.6247238095239,1010.6247238095239,1010.6247238095239,0.0,0.0,10800.0,0.0
2025-07-13,0,112,18:40-18:50,980.3786333333334,18.42505476190476,1.5408,1.574106696428571,99.48220238095246,720.6248672619035,1061.435780952381,1061.435780952381,1061.435780952381,0.0,0.0,10800.0,0.0
2025-07-13,0,113,18:50-19:00,1020.1116666666667,0.0,1.735,1.7963218750000003,82.71523809523819,807.7446809523799,269.4935714285716,269.4935714285716,269.4935714285716,0.0,833.3333333333333,9874.074074074075,0.0
2025-07-13,0,114,19:00-19:10,990.9005666666667,0.0,1.6867,1.749925,79.10781666666674,823.0994279761895,236.67505000000006,236.67505000000006,236.67505000000006,0.0,833.3333333333333,8948.14814814815,0.0
2025-07-13,0,115,19:10-19:20,947.9029333333333,0.6332095238095238,1.6124,1.6707709821428571,76.96419285714285,753.0050702380946,1024.2339166666666,1024.2339166666666,1024.2339166666666,0.0,0.0,8948.14814814815,0.0
2025-07-13,0,116,19:20-19:30,955.4116666666666,0.0,1.6401,1.698503125,80.26833333333343,763.8329434523802,439.3638761904758,439.3638761904758,439.3638761904758,0.0,596.3161238095242,8285.574677248678,0.0
2025-07-13,0,117,19:30-19:40,1013.4009666666667,0.0,1.6847,1.7411178571428572,68.22093571428582,781.5383601190471,248.28856904761938,248.28856904761938,248.28856904761938,0.0,833.3333333333333,7359.648751322752,0.0
2025-07-13,0,118,19:40-19:50,1001.9011833333334,0.045464285714285714,1.6818,1.7390709821428565,69.00076428571435,762.5499833333329,237.52315000000021,237.52315000000021,237.52315000000021,0.0,833.3333333333333,6433.722825396826,0.0
2025-07-13,0,119,19:50-20:00,951.055,0.0,1.656,1.7167924107142856,78.40499999999997,722.542964880952,196.12666666666678,196.12666666666678,196.12666666666678,0.0,833.3333333333333,5507.7968994709,0.0
2025-07-13,0,120,20:00-20:10,1003.6177333333333,0.0,1.6785,1.7394031250000004,99.9435666666667,675.8517333333327,270.2279666666666,270.2279666666666,270.2279666666666,0.0,833.3333333333333,4581.870973544974,0.0
2025-07-13,0,121,20:10-20:20,1039.9043166666665,0.0032619047619047614,1.6852,1.7458919642857151,96.27160476190488,675.8169874999994,302.8393261904762,302.8393261904762,302.8393261904762,0.0,833.3333333333333,3655.9450476190477,0.0
2025-07-13,0,122,20:20-20:30,1010.96,0.0,1.7025,1.7650919642857144,127.34833333333336,655.6310386904759,304.97500000000014,304.97500000000014,304.97500000000014,0.0,833.3333333333333,2730.0191216931216,0.0
2025-07-13,0,123,20:30-20:40,992.5863666666667,0.0,1.7731,1.8362781249999995,76.76946666666674,624.6322886904758,236.02250000000026,236.02250000000026,236.02250000000026,0.0,833.3333333333333,1804.0931957671955,0.0
2025-07-13,0,124,20:40-20:50,1004.6158333333333,0.00023333333333333333,1.5304,1.579031250000001,64.07399761904765,543.6838761904759,1016.9303630952378,1016.9303630952378,1016.9303630952378,0.0,51.75923452380962,1746.5829351851849,0.0
2025-07-13,0,125,20:50-21:00,1011.9566666666666,0.0,1.1098,1.1368357142857144,85.82666666666671,491.9246416666665,1097.985843621399,1097.985843621399,1097.985843621399,0.20251028806569593,0.0,1746.765194444444,0.0
2025-07-13,0,126,21:00-21:10,971.6105166666666,0.0,1.0508,1.0736553571428573,89.22528333333344,492.0886749999996,1103.0130993827167,1103.0130993827167,1103.0130993827167,42.17729938271658,0.0,1784.724763888889,0.0
2025-07-13,0,127,21:10-21:20,962.0931833333334,0.0,1.1021,1.1305254464285717,87.38498333333337,509.3190208333331,1049.4781666666668,1049.4781666666668,1049.4781666666668,0.0,0.0,1784.724763888889,0.0
2025-07-13,0,128,21:20-21:30,990.1949999999999,0.0,1.1144,1.1455901785714284,88.30999999999995,526.2522875000001,1078.5049999999999,1078.5049999999999,1078.5049999999999,0.0,0.0,1784.724763888889,0.0
2025-07-13,0,129,21:30-21:40,976.3137666666667,0.0,1.1569,1.182652232142857,77.11993333333339,485.77728749999994,940.7080583333334,940.7080583333334,940.7080583333334,0.0,112.7256416666667,1659.474050925926,0.0
2025-07-13,0,130,21:40-21:50,907.4063833333332,0.0,0.9669,0.9878991071428572,56.5320333333334,413.5266458333333,898.0118208333334,898.0118208333334,898.0118208333334,0.0,65.9265958333332,1586.222277777778,0.0
2025-07-13,0,131,21:50-22:00,833.265,0.0,0.6333,0.6560227678571428,96.0233333333332,347.6000500000001,979.2912654320984,979.2912654320984,979.2912654320984,50.002932098765186,0.0,1631.2249166666666,0.0
2025-07-13,0,132,22:00-22:10,818.1000833333333,0.0,0.5456,0.5738183035714286,88.55083333333334,388.1024249999999,906.6509166666666,906.6509166666666,906.6509166666666,0.0,0.0,1631.2249166666666,0.0
2025-07-13,0,133,22:10-22:20,806.9572499999999,0.0,0.5498,0.5776374999999999,92.26419999999996,372.78824166666675,899.2214499999999,899.2214499999999,899.2214499999999,0.0,0.0,1631.2249166666666,0.0
2025-07-13,0,134,22:20-22:30,792.77,0.0,0.5425,0.5658794642857142,88.09000000000003,354.96362500000004,1714.1933333333332,1714.1933333333332,1714.1933333333332,833.3333333333333,0.0,2381.2249166666666,0.0
2025-07-13,0,135,22:30-22:40,816.6122666666666,0.0,0.5781,0.6033598214285715,91.18766666666659,306.8290666666668,907.7999333333332,907.7999333333332,907.7999333333332,0.0,0.0,2381.2249166666666,0.0
2025-07-13,0,136,22:40-22:50,803.5128,0.0,0.581,0.6073098214285715,65.3424,279.3135750000001,868.8552,868.8552,868.8552,0.0,0.0,2381.2249166666666,0.0
2025-07-13,0,137,22:50-23:00,741.6999999999999,0.0,0.5479,0.5718776785714285,74.59999999999991,237.72843333333333,1503.8278703703704,1503.8278703703704,1503.8278703703704,687.5278703703705,0.0,3000.0,0.0
2025-07-13,0,138,23:00-23:10,707.1767166666666,0.0,0.5506,0.5739142857142857,85.78036666666674,186.13261249999982,792.9570833333333,792.9570833333333,792.9570833333333,0.0,0.0,3000.0,0.0
2025-07-13,0,139,23:10-23:20,750.2443166666667,0.0,0.539,0.5622861607142859,107.55713333333347,166.1061583333332,1691.1347833333334,1691.1347833333334,1691.1347833333334,833.3333333333333,0.0,3750.0,0.0
2025-07-13,0,140,23:20-23:30,810.9416666666666,0.0,0.5194,0.5427781249999999,87.50833333333321,163.02559583333345,1731.783333333333,1731.783333333333,1731.783333333333,833.3333333333333,0.0,4500.0,0.0
2025-07-13,0,141,23:30-23:40,782.7955333333332,0.0,0.5496,0.5742267857142856,90.00511666666671,127.53292916666669,872.8006499999999,872.8006499999999,872.8006499999999,0.0,0.0,4500.0,0.0
2025-07-13,0,142,23:40-23:50,777.3699499999999,0.0,0.5447,0.5703897321428572,73.48784999999998,84.4342916666667,1684.1911333333333,1684.1911333333333,1684.1911333333333,833.3333333333333,0.0,5250.0,0.0
2025-07-13,0,143,23:50-24:00,798.7049999999999,0.0,0.502,0.5271089285714284,90.43333333333334,47.13458333333324,1722.4716666666666,1722.4716666666666,1722.4716666666666,833.3333333333333,0.0,6000.0,0.0
2025-07-14,0,0,0:00-0:10,746.1601,0.0,0.5078,0.5296241071428572,73.19683333333342,1186.320191666666,819.3569333333335,819.3569333333335,819.3569333333335,0.0,0.0,8337.524040562172,0.0
2025-07-14,0,1,0:10-0:20,745.4869666666666,0.0,0.5307,0.5500160714285715,89.07933333333335,1225.243014285714,834.5663,834.5663,834.5663,0.0,0.0,8337.524040562172,0.0
2025-07-14,0,2,0:20-0:30,809.35,0.0,0.5419,0.5606473214285714,80.63833333333332,1269.1106101190474,889.9883333333333,889.9883333333333,889.9883333333333,0.0,0.0,8337.524040562172,0.0
2025-07-14,0,3,0:30-0:40,819.3238666666666,0.0,0.5433,0.5644169642857143,85.22788333333335,1290.888526785714,904.55175,904.55175,904.55175,0.0,0.0,8337.524040562172,0.0
2025-07-14,0,4,0:40-0:50,815.8798833333333,0.0,0.5272,0.5495285714285715,86.42784999999992,1311.747798809524,902.3077333333332,902.3077333333332,902.3077333333332,0.0,0.0,8337.524040562172,0.0
2025-07-14,0,5,0:50-1:00,820.6183333333333,0.0,0.5204,0.5421700892857144,92.9899999999999,1372.7145946428573,913.6083333333332,913.6083333333332,913.6083333333332,0.0,0.0,8337.524040562172,0.0
2025-07-14,0,6,1:00-1:10,800.0762833333333,0.0,0.5551,0.5772964285714286,89.19088333333332,1432.548211904762,889.2671666666666,889.2671666666666,889.2671666666666,0.0,0.0,8337.524040562172,0.0
2025-07-14,0,7,1:10-1:20,745.1753666666666,0.0,0.541,0.5615669642857144,90.53543333333346,1362.2112642857137,835.7108000000001,835.7108000000001,835.7108000000001,0.0,0.0,8337.524040562172,0.0
2025-07-14,0,8,1:20-1:30,715.4549999999999,0.0,0.4899,0.5086071428571428,69.74666666666667,1347.3470738095234,785.2016666666666,785.2016666666666,785.2016666666666,0.0,0.0,8337.524040562172,0.0
2025-07-14,0,9,1:30-1:40,777.0443833333334,0.0,0.5049,0.5261888392857142,77.4766166666667,1366.2848119047615,854.5210000000001,854.5210000000001,854.5210000000001,0.0,0.0,8337.524040562172,0.0
2025-07-14,0,10,1:40-1:50,784.1480499999999,0.0,0.5245,0.5441098214285713,78.1231166666667,1331.7118928571424,862.2711666666667,862.2711666666667,862.2711666666667,0.0,0.0,8337.524040562172,0.0
2025-07-14,0,11,1:50-2:00,745.335,0.0,0.5237,0.5400745535714286,85.69000000000005,1308.1818547619046,831.0250000000001,831.0250000000001,831.0250000000001,0.0,0.0,8337.524040562172,0.0
2025-07-14,0,12,2:00-2:10,801.8229166666666,0.0,0.5436,0.565970982142857,84.23035000000004,1308.650783333333,886.0532666666667,886.0532666666667,886.0532666666667,0.0,0.0,8337.524040562172,0.0
2025-07-14,0,13,2:10-2:20,802.4174333333333,0.0,0.5726,0.5945566964285713,76.13265000000001,1300.6296005952377,878.5500833333333,878.5500833333333,878.5500833333333,0.0,0.0,8337.524040562172,0.0
2025-07-14,0,14,2:20-2:30,727.4383333333333,0.0,0.5727,0.5865214285714284,62.37833333333333,1285.0563964285714,789.8166666666666,789.8166666666666,789.8166666666666,0.0,0.0,8337.524040562172,0.0
2025-07-14,0,15,2:30-2:40,719.5762833333333,0.0,0.5207,0.5337767857142858,40.73574999999994,1244.9550964285718,760.3120333333333,760.3120333333333,760.3120333333333,0.0,0.0,8337.524040562172,0.0
2025-07-14,0,16,2:40-2:50,744.7745166666666,0.0,0.5,0.5163482142857144,45.49531666666667,1142.2388744047612,790.2698333333333,790.2698333333333,790.2698333333333,0.0,0.0,8337.524040562172,0.0
2025-07-14,0,17,2:50-3:00,753.9499999999999,0.0,0.5257,0.5432075892857142,62.32166666666666,1090.6780619047624,816.2716666666665,816.2716666666665,816.2716666666665,0.0,0.0,8337.524040562172,0.0
2025-07-14,0,18,3:00-3:10,741.0750833333333,0.00021666666666666668,0.5361,0.5505107142857144,44.0605833333334,1051.9619571428573,785.13545,785.13545,785.13545,0.0,0.0,8337.524040562172,0.0
2025-07-14,0,19,3:10-3:20,744.2758333333333,0.0,0.5425,0.5550544642857144,40.558933333333414,978.4957565476195,784.8347666666666,784.8347666666666,784.8347666666666,0.0,0.0,8337.524040562172,0.0
2025-07-14,0,20,3:20-3:30,759.3533333333332,0.0,0.5528,0.5669330357142858,53.32999999999993,924.8606357142862,812.6833333333332,812.6833333333332,812.6833333333332,0.0,0.0,8337.524040562172,0.0
2025-07-14,0,21,3:30-3:40,740.7751166666667,0.0030476190476190477,0.5502,0.5658495535714286,47.57540238095237,900.8698023809527,788.3474714285715,788.3474714285715,788.3474714285715,0.0,0.0,8337.524040562172,0.0
2025-07-14,0,22,3:40-3:50,691.3081166666666,0.0,0.5115,0.5232638392857143,31.78138333333345,828.6145392857146,723.0895,723.0895,723.0895,0.0,0.0,8337.524040562172,0.0
2025-07-14,0,23,3:50-4:00,661.91,0.0,0.4864,0.4929897321428572,34.039999999999964,705.2916309523815,1529.2833333333333,1529.2833333333333,1529.2833333333333,833.3333333333333,0.0,9087.524040562172,0.0
2025-07-14,0,24,4:00-4:10,704.5990166666667,0.04242857142857143,0.5435,0.5527508928571429,47.064521428571425,614.2578809523814,751.6211095238095,751.6211095238095,751.6211095238095,0.0,0.0,9087.524040562172,0.0
2025-07-14,0,25,4:10-4:20,737.1162666666667,0.0,0.5417,0.5519441964285715,40.995750000000044,548.3577988095242,778.1120166666667,778.1120166666667,778.1120166666667,0.0,0.0,9087.524040562172,0.0
2025-07-14,0,26,4:20-4:30,725.4516666666666,0.0,0.4964,0.504104017857143,51.418333333333294,490.5916654761908,776.8699999999999,776.8699999999999,776.8699999999999,0.0,0.0,9087.524040562172,0.0
2025-07-14,0,27,4:30-4:40,712.8517499999999,0.5909309523809523,0.5582,0.5672477678571429,54.5044976190477,445.6854202380955,766.7653166666666,766.7653166666666,766.7653166666666,0.0,0.0,9087.524040562172,0.0
2025-07-14,0,28,4:40-4:50,721.17175,0.0,0.5909,0.6003665178571428,37.169116666666696,398.139757738095,758.3408666666667,758.3408666666667,758.3408666666667,0.0,0.0,9087.524040562172,0.0
2025-07-14,0,29,4:50-5:00,729.9866666666667,0.0,0.541,0.5478848214285714,61.56208333333336,348.5323994047617,791.54875,791.54875,791.54875,0.0,0.0,9087.524040562172,0.0
2025-07-14,0,30,5:00-5:10,704.5212833333333,17.42323095238095,0.498,0.5023754464285713,49.46374523809516,348.43354761904743,736.5617976190474,736.5617976190474,736.5617976190474,0.0,0.0,9087.524040562172,0.0
2025-07-14,0,31,5:10-5:20,693.6659166666666,46.51224523809523,0.4934,0.49542767857142866,39.87985476190477,400.2154535714285,923.1179255658409,923.1179255658409,923.1179255658409,236.08439937536482,0.0,9300.0,0.0
2025-07-14,0,32,5:20-5:30,698.2466666666666,80.09107142857141,0.4727,0.4746410714285714,44.809464285714284,387.14721666666645,1496.2983928571427,1496.2983928571427,1496.2983928571427,833.3333333333333,0.0,10050.0,0.0
2025-07-14,0,33,5:30-5:40,683.3485166666666,114.19717857142857,0.3983,0.4042089285714286,45.89738571428575,411.0242910714285,1448.3820571428569,1448.3820571428569,1448.3820571428569,833.3333333333333,0.0,10800.0,0.0
2025-07-14,0,34,5:40-5:50,742.1203166666666,152.0481380952381,0.5609,0.5647714285714286,31.870469047619054,481.1844351190472,621.9426476190475,621.9426476190475,621.9426476190475,-0.0,0.0,10800.0,0.0
2025-07-14,0,35,5:50-6:00,853.1183333333333,192.84374999999994,0.8673,0.8655843750000001,38.19071428571419,547.7469059523805,0.0,0.0,0.0,0.0,698.4652976190475,10023.927447089947,0.0
2025-07-14,0,36,6:00-6:10,887.81745,231.75320952380952,0.9108,0.9125142857142859,31.123773809523755,624.0975982142854,0.0,0.0,0.0,0.0,687.1880142857142,9260.385208994709,0.0
2025-07-14,0,37,6:10-6:20,877.5969,270.9439357142857,0.8875,0.8933892857142858,36.86186666666674,635.2825648809519,0.0,0.0,0.0,0.0,643.5148309523811,8545.368730158729,0.0
2025-07-14,0,38,6:20-6:30,866.915,312.7803571428571,0.9009,0.9073799107142858,53.91470238095235,661.1657041666663,0.0,0.0,0.0,0.0,608.0493452380952,7869.758346560845,0.0
2025-07-14,0,39,6:30-6:40,866.1776833333333,356.98131428571423,0.848,0.8560852678571427,52.695542857142925,795.0526416666662,0.0,0.0,0.0,0.0,561.8919119047621,7245.433999999998,0.0
2025-07-14,0,40,6:40-6:50,864.5534333333333,399.4354595238094,0.7925,0.8056035714285711,50.51224285714278,851.712776785714,0.0,0.0,0.0,0.0,515.6302166666667,6672.511537037035,0.0
2025-07-14,0,41,6:50-7:00,866.8266666666666,441.62767857142853,0.7766,0.7928816964285713,55.464226190476154,869.2981059523805,480.6632142857143,480.6632142857143,480.6632142857143,0.0,0.0,6672.511537037035,0.0
2025-07-14,0,42,7:00-7:10,888.0432000000001,488.4587214285714,0.7777,0.7880218749999995,48.80176190476186,923.5652904761903,448.38624047619055,448.38624047619055,448.38624047619055,0.0,0.0,6672.511537037035,0.0
2025-07-14,0,43,7:10-7:20,901.9577999999999,532.641457142857,0.7768,0.7842254464285716,47.9477261904762,947.8781607142855,417.26406904761916,417.26406904761916,417.26406904761916,0.0,0.0,6672.511537037035,0.0
2025-07-14,0,44,7:20-7:30,874.2966666666666,570.4258928571428,0.7181,0.7291718749999999,59.15535714285704,945.060396428571,363.02613095238087,363.02613095238087,363.02613095238087,0.0,0.0,6672.511537037035,0.0
2025-07-14,0,45,7:30-7:40,821.0684833333332,607.2758904761904,0.6021,0.6152232142857141,70.340507142857,948.1575690476186,1117.466433333333,1117.466433333333,1117.466433333333,833.3333333333333,0.0,7422.511537037035,0.0
2025-07-14,0,46,7:40-7:50,936.2200666666665,657.8875214285714,0.7857,0.7993066964285713,58.99400476190476,952.6108428571424,337.3265499999999,337.3265499999999,337.3265499999999,0.0,0.0,7422.511537037035,0.0
2025-07-14,0,47,7:50-8:00,1159.9233333333332,716.4562499999998,1.1604,1.1742084821428576,64.90505952380954,941.3460339285709,0.0,0.0,0.0,0.0,508.3721428571429,6857.653600529098,0.0
2025-07-14,0,48,8:00-8:10,1224.1084833333332,760.8896904761906,1.2271,1.2410107142857145,71.63232619047619,951.9372529761899,0.0,0.0,0.0,0.0,534.8511190476187,6263.374579365078,0.0
2025-07-14,0,49,8:10-8:20,1216.0794666666666,794.7984166666666,1.1379,1.1512026785714287,61.15888333333328,983.4026672619043,0.0,0.0,0.0,0.0,482.4399333333332,5727.330208994707,0.0
2025-07-14,0,50,8:20-8:30,1210.9166666666665,826.46875,1.1015,1.1151062499999997,82.27660714285719,1010.4098999999993,0.0,0.0,0.0,0.0,466.7245238095238,5208.747404761903,0.0
2025-07-14,0,51,8:30-8:40,1188.0707,860.8213499999999,1.157,1.1745455357142858,65.49021904761935,1046.8298851190468,0.0,0.0,0.0,0.0,392.7395690476194,4772.370105820104,0.0
2025-07-14,0,52,8:40-8:50,1161.8123166666664,897.6948714285714,1.1234,1.1461321428571432,73.60527619047627,1052.6105880952377,0.0,0.0,0.0,0.0,337.72272142857116,4397.122637566136,0.0
2025-07-14,0,53,8:50-9:00,1155.4016666666666,944.3580357142856,1.0166,1.0422249999999997,94.84428571428577,1048.889352380952,0.0,0.0,0.0,0.0,305.8879166666669,4057.247174603173,0.0
2025-07-14,0,54,9:00-9:10,1173.3882333333331,1007.8325095238094,1.0223,1.0465142857142855,97.44426428571433,1056.2178910714285,0.0,0.0,0.0,0.0,262.999988095238,3765.024965608464,0.0
2025-07-14,0,55,9:10-9:20,1153.5377666666666,1060.6045023809525,1.0083,1.0298861607142855,91.54188095238084,1058.4156351190477,0.0,0.0,0.0,0.0,184.4751452380949,3560.0525820105804,0.0
2025-07-14,0,56,9:20-9:30,1121.8,1092.9839285714284,0.9427,0.9611620535714284,74.32726190476183,1103.0372339285705,0.0,0.0,0.0,0.0,103.14333333333343,3445.4488783068764,0.0
2025-07-14,0,57,9:30-9:40,1162.50795,1120.1033547619045,0.9528,0.9693424107142858,84.92055952380977,1196.0176208333323,0.0,0.0,0.0,0.0,127.3251547619052,3303.9764841269816,0.0
2025-07-14,0,58,9:40-9:50,1179.4927833333331,1149.9904285714288,1.0666,1.1007464285714283,97.26735714285724,1253.3270809523804,0.0,0.0,0.0,0.0,126.7697119047616,3163.1212486772465,0.0
2025-07-14,0,59,9:50-10:00,1154.2216666666666,1184.4223214285714,1.1797,1.2390241071428572,104.08785714285727,1148.5752267857138,0.0,0.0,0.0,0.0,73.88720238095243,3081.024357142855,0.0
2025-07-14,0,60,10:00-10:10,1160.6915833333333,1217.1594642857142,1.154,1.2127245535714286,124.57905000000005,1078.0279863095234,0.0,0.0,0.0,0.0,68.11116904761911,3005.3452804232784,0.0
2025-07-14,0,61,10:10-10:20,1151.2311666666665,1227.8847261904762,1.1308,1.1817736607142855,108.40300952380949,1072.21970595238,0.0,0.0,0.0,0.0,31.749449999999797,2970.068113756612,0.0
2025-07-14,0,62,10:20-10:30,1134.3866666666665,1221.4589285714285,1.1881,1.2413683035714285,91.7222619047619,1156.0562642857135,0.0,0.0,0.0,0.0,4.649999999999864,2964.9014470899456,0.0
2025-07-14,0,63,10:30-10:40,1169.8447666666666,1227.3229999999999,1.2262,1.2883196428571428,142.08170476190475,1197.377836309523,0.0,0.0,0.0,0.0,84.60347142857154,2870.8975899470884,0.0
2025-07-14,0,64,10:40-10:50,1174.7671,1257.6190928571427,0.9909,1.0428049107142856,126.19469523809516,1185.724661309523,0.0,0.0,0.0,0.0,43.34270238095246,2822.73903174603,0.0
2025-07-14,0,65,10:50-11:00,1141.1666666666665,1296.7857142857142,0.622,0.6495491071428569,125.1576190476191,1172.0341738095226,479.68314567901376,479.68314567901376,479.68314567901376,510.1445742504423,0.0,3281.869148571428,0.0
2025-07-14,0,66,11:00-11:10,1145.9016166666665,1318.1518714285714,0.5399,0.5595883928571429,145.1116571428572,1198.114292857142,806.1947357142856,806.1947357142856,806.1947357142856,833.3333333333333,0.0,4031.869148571428,0.0
2025-07-14,0,67,11:10-11:20,1161.0854166666666,1341.4369428571429,0.5693,0.5883223214285713,140.1659095238096,1450.2550863095234,793.1477166666666,793.1477166666666,793.1477166666666,833.3333333333333,0.0,4781.869148571428,0.0
2025-07-14,0,68,11:20-11:30,1169.4933333333333,1365.7223214285714,0.5771,0.5958660714285714,128.45107142857142,1805.742029761904,765.5554166666666,765.5554166666666,765.5554166666666,833.3333333333333,0.0,5531.869148571428,0.0
2025-07-14,0,69,11:30-11:40,1179.9402333333333,1369.1661571428572,0.597,0.6196540178571428,122.38876666666663,1979.7259285714272,766.496176190476,766.496176190476,766.496176190476,833.3333333333333,0.0,6281.869148571428,0.0
2025-07-14,0,70,11:40-11:50,1156.0647666666666,1375.3910142857142,0.5538,0.5787799107142858,174.33208571428577,2065.1395928571415,788.3391714285715,788.3391714285715,788.3391714285715,833.3333333333333,0.0,7031.869148571428,0.0
2025-07-14,0,71,11:50-12:00,1117.03,1401.5749999999998,0.4658,0.48958705357142845,141.6414285714285,2154.2239041666653,690.4297619047618,690.4297619047618,690.4297619047618,833.3333333333333,0.0,7781.869148571428,0.0
2025-07-14,0,72,12:00-12:10,1125.6896333333334,1437.8997571428572,0.4462,0.46876919642857123,133.5590285714287,2181.569842857142,654.6822380952383,654.6822380952383,654.6822380952383,833.3333333333333,0.0,8531.869148571428,0.0
2025-07-14,0,73,12:10-12:20,1151.1099166666665,1441.2261023809524,0.4957,0.5170245535714286,140.08137619047642,2200.005417857142,683.2985238095239,683.2985238095239,683.2985238095239,833.3333333333333,0.0,9281.869148571428,0.0
2025-07-14,0,74,12:20-12:30,1147.2133333333331,1405.6571428571428,0.5351,0.5581723214285714,159.8483928571427,2251.4067380952374,734.7379166666663,734.7379166666663,734.7379166666663,833.3333333333333,0.0,10031.869148571428,0.0
2025-07-14,0,75,12:30-12:40,1109.6442499999998,1367.0225380952381,0.5148,0.5456888392857143,154.28699999999998,2307.8031071428563,730.242045238095,730.242045238095,730.242045238095,833.3333333333333,0.0,10781.869148571428,0.0
2025-07-14,0,76,12:40-12:50,1156.7054166666667,1345.8259047619047,0.6893,0.7220571428571431,168.97509761904743,2371.5042696428563,0.0,0.0,0.0,20.14539047619064,0.0,10800.0,0.0
2025-07-14,0,77,12:50-13:00,1253.87,1341.3866071428572,0.9738,1.001529017857143,136.20958333333337,2411.699831547618,0.0,0.0,0.0,0.0,48.692976190475974,10745.896693121693,0.0
2025-07-14,0,78,13:00-13:10,1241.5423833333332,1337.1021,1.0036,1.030121428571429,123.34701666666672,2341.6585964285705,0.0,0.0,0.0,0.0,27.78729999999996,10715.021915343916,0.0
2025-07-14,0,79,13:10-13:20,1191.0023333333334,1320.7944023809523,0.9515,0.9790776785714284,129.22695714285746,2300.434167261904,0.0,0.0,0.0,0.5651119047615794,0.0,10715.530516058201,0.0
2025-07-14,0,80,13:20-13:30,1178.0033333333333,1297.40625,0.9481,0.9748861607142859,110.88565476190479,2221.1447994047617,0.0,0.0,0.0,8.517261904761881,0.0,10723.196051772487,0.0
2025-07-14,0,81,13:30-13:40,1203.4172666666666,1280.820638095238,0.9691,0.9946624999999999,114.1368833333332,2081.5641595238094,36.7335119047616,36.7335119047616,36.7335119047616,0.0,0.0,10723.196051772487,0.0
2025-07-14,0,82,13:40-13:50,1194.0952499999999,1258.0014214285716,1.0885,1.131528125,115.65714523809524,1942.8234321428567,0.0,0.0,0.0,0.0,51.75097380952343,10665.694969761906,0.0
2025-07-14,0,83,13:50-14:00,1160.5533333333333,1223.5035714285711,1.24,1.3097290178571424,123.42541666666659,1833.365497619047,0.0,0.0,0.0,0.0,60.475178571428614,10598.500326904763,0.0
2025-07-14,0,84,14:00-14:10,1180.30775,1183.4499999999998,1.256,1.3300089285714285,129.7689476190476,1733.5143220238087,0.0,0.0,0.0,0.0,126.62669761904772,10457.803996216931,0.0
2025-07-14,0,85,14:10-14:20,1195.5812333333333,1132.9770857142855,1.2294,1.296459375,121.34627857142857,1566.884633928571,0.0,0.0,0.0,0.0,183.9504261904765,10253.414633783068,0.0
2025-07-14,0,86,14:20-14:30,1180.92,1080.71875,1.2648,1.3281772321428564,111.44678571428562,1394.7493416666662,0.0,0.0,0.0,0.0,211.6480357142857,10018.250149656084,0.0
2025-07-14,0,87,14:30-14:40,1172.0163833333331,1044.3523833333334,1.3312,1.3960495535714281,163.29961666666665,1280.5053684523805,0.0,0.0,0.0,0.0,290.96361666666644,9694.957242248676,0.0
2025-07-14,0,88,14:40-14:50,1180.0338833333333,1012.4849095238094,1.1001,1.1555861607142859,150.03054761904752,1183.8718261904755,0.0,0.0,0.0,0.0,317.5795214285715,9342.09110732804,0.0
2025-07-14,0,89,14:50-15:00,1207.8649999999998,974.6848214285712,0.7405,0.7798879464285714,126.89988095238111,1119.4769083333324,1193.413392857143,1193.413392857143,1193.413392857143,833.3333333333333,0.0,10092.09110732804,0.0
2025-07-14,0,90,15:00-15:10,1246.5837833333333,931.5121142857142,0.772,0.8091044642857143,113.86781904761904,1154.436685119047,1215.5049243974154,1215.5049243974154,1215.5049243974154,786.5654363021773,0.0,10800.0,0.0
2025-07-14,0,91,15:10-15:20,1248.38355,893.1018333333333,0.8501,0.887688392857143,111.39555714285746,1175.7143476190465,466.6772738095241,466.6772738095241,466.6772738095241,0.0,0.0,10800.0,0.0
2025-07-14,0,92,15:20-15:30,1219.3316666666665,854.7526785714286,0.8177,0.853988839285714,128.7717261904763,1136.1063571428565,493.35071428571416,493.35071428571416,493.35071428571416,0.0,0.0,10800.0,0.0
2025-07-14,0,93,15:30-15:40,1210.9656833333333,802.5251261904762,0.8601,0.8992754464285715,111.86396190476188,1091.6304940476182,520.3045190476191,520.3045190476191,520.3045190476191,0.0,0.0,10800.0,0.0
2025-07-14,0,94,15:40-15:50,1203.8354666666667,753.2348523809524,0.8961,0.9324566964285717,90.13230476190472,1030.5284988095234,540.7329190476189,540.7329190476189,540.7329190476189,0.0,0.0,10800.0,0.0
2025-07-14,0,95,15:50-16:00,1192.965,712.4080357142857,0.8728,0.9026816964285714,102.09011904761897,1067.0892255952378,582.6470833333333,582.6470833333333,582.6470833333333,0.0,0.0,10800.0,0.0
2025-07-14,0,96,16:00-16:10,1201.9164833333332,670.2538619047618,0.845,0.8770875,79.9207880952381,1045.1327077380952,611.5834095238095,611.5834095238095,611.5834095238095,0.0,0.0,10800.0,0.0
2025-07-14,0,97,16:10-16:20,1235.3419833333332,631.7115714285713,0.8979,0.9306709821428575,82.64905714285703,1025.1754023809522,686.279469047619,686.279469047619,686.279469047619,0.0,0.0,10800.0,0.0
2025-07-14,0,98,16:20-16:30,1261.3066666666666,590.4044642857142,0.9957,1.0252058035714289,96.98613095238113,1037.1892470238095,767.8883333333334,767.8883333333334,767.8883333333334,0.0,-0.0,10800.0,0.0
2025-07-14,0,99,16:30-16:40,1242.2799499999999,533.1930428571427,1.0166,1.046770982142857,89.93659761904769,912.1945458333332,799.0235047619049,799.0235047619049,799.0235047619049,0.0,-0.0,10800.0,0.0
2025-07-14,0,100,16:40-16:50,1240.9496833333333,479.8062666666666,1.002,1.0320919642857143,108.49528333333336,761.5036714285711,869.6387000000001,869.6387000000001,869.6387000000001,0.0,0.0,10800.0,0.0
2025-07-14,0,101,16:50-17:00,1268.3049999999998,437.5053571428571,1.0043,1.0316459821428572,103.62773809523787,709.9366136904755,934.4273809523806,934.4273809523806,934.4273809523806,0.0,0.0,10800.0,0.0
2025-07-14,0,102,17:00-17:10,1270.41165,394.95897142857143,1.0366,1.0620937499999996,94.31417380952382,753.8187107142849,969.7668523809523,969.7668523809523,969.7668523809523,0.0,0.0,10800.0,0.0
2025-07-14,0,103,17:10-17:20,1243.3618499999998,350.0307833333334,1.0791,1.1048620535714286,108.62762619047635,775.7231952380943,1001.9586928571428,1001.9586928571428,1001.9586928571428,0.0,0.0,10800.0,0.0
2025-07-14,0,104,17:20-17:30,1226.6866666666665,306.6910714285714,1.0928,1.1192861607142857,101.7292261904762,867.0932738095229,1021.7248214285714,1021.7248214285714,1021.7248214285714,0.0,-0.0,10800.0,0.0
2025-07-14,0,105,17:30-17:40,1240.8790833333333,269.35974999999996,1.0679,1.0924830357142858,101.89284523809522,868.8684696428561,1073.4121785714283,1073.4121785714283,1073.4121785714283,0.0,0.0,10800.0,0.0
2025-07-14,0,106,17:40-17:50,1121.8935833333333,230.34852380952384,1.1476,1.167909375,88.53076904761895,862.715807142856,980.0758285714285,980.0758285714285,980.0758285714285,0.0,0.0,10800.0,0.0
2025-07-14,0,107,17:50-18:00,931.1716666666666,188.18392857142857,1.285,1.301159375,75.06726190476184,844.6841607142845,818.0549999999998,818.0549999999998,818.0549999999998,0.0,-0.0,10800.0,0.0
2025-07-14,0,108,18:00-18:10,912.5859833333334,149.10743571428569,1.296,1.3110794642857144,64.42852380952388,765.8432535714273,827.9070714285716,827.9070714285716,827.9070714285716,0.0,-0.0,10800.0,0.0
2025-07-14,0,109,18:10-18:20,956.6625166666665,113.11129523809525,1.349,1.364983482142857,83.22160000000008,753.721467857142,926.7728214285713,926.7728214285713,926.7728214285713,0.0,-0.0,10800.0,0.0
2025-07-14,0,110,18:20-18:30,970.3783333333333,78.88482142857143,1.4405,1.4560325892857147,85.26964285714268,796.5858999999986,976.7631547619047,976.7631547619047,976.7631547619047,0.0,0.0,10800.0,0.0
2025-07-14,0,111,18:30-18:40,967.7437166666666,46.176761904761904,1.4081,1.4224410714285711,82.48478809523817,789.5517630952367,1004.0517428571429,1004.0517428571429,1004.0517428571429,0.0,0.0,10800.0,0.0
2025-07-14,0,112,18:40-18:50,960.2266166666666,17.66992857142857,1.4882,1.5206125,99.48220238095246,718.9356505952369,1042.0388904761905,1042.0388904761905,1042.0388904761905,0.0,0.0,10800.0,0.0
2025-07-14,0,113,18:50-19:00,967.2433333333333,0.0,1.6636,1.7232986607142862,82.71523809523819,806.0554642857132,216.62523809523827,216.62523809523827,216.62523809523827,0.0,833.3333333333333,9874.074074074075,0.0
2025-07-14,0,114,19:00-19:10,996.4878833333333,0.0,1.6627,1.7261415178571429,79.10781666666674,821.4102113095229,242.26236666666682,242.26236666666682,242.26236666666682,0.0,833.3333333333333,8948.14814814815,0.0
2025-07-14,0,115,19:10-19:20,975.2607333333333,0.6061357142857143,1.6148,1.6738812500000002,78.6534095238095,751.315853571428,1053.3080071428572,1053.3080071428572,1053.3080071428572,0.0,0.0,8948.14814814815,0.0
2025-07-14,0,116,19:20-19:30,937.3433333333334,0.0,1.6292,1.6866700892857138,80.26833333333343,763.8329434523802,421.29554285714255,421.29554285714255,421.29554285714255,0.0,596.3161238095242,8285.574677248678,0.0
2025-07-14,0,117,19:30-19:40,988.3028833333333,0.0,1.6777,1.73263125,68.22093571428582,781.5383601190471,223.19048571428584,223.19048571428584,223.19048571428584,0.0,833.3333333333333,7359.648751322752,0.0
2025-07-14,0,118,19:40-19:50,1019.5719999999999,0.04352142857142857,1.6854,1.7424866071428569,69.00076428571435,762.5499833333329,255.1959095238094,255.1959095238094,255.1959095238094,0.0,833.3333333333333,6433.722825396826,0.0
2025-07-14,0,119,19:50-20:00,992.0866666666667,0.0,1.6611,1.7228102678571429,78.40499999999997,722.542964880952,237.15833333333353,237.15833333333353,237.15833333333353,0.0,833.3333333333333,5507.7968994709,0.0
2025-07-14,0,120,20:00-20:10,975.7165,0.0,1.6741,1.7341165178571427,99.9435666666667,675.8517333333327,242.32673333333355,242.32673333333355,242.32673333333355,0.0,833.3333333333333,4581.870973544974,0.0
2025-07-14,0,121,20:10-20:20,978.3734166666666,0.003121428571428571,1.6646,1.7229941964285718,96.27160476190488,675.8169874999994,241.30856666666682,241.30856666666682,241.30856666666682,0.0,833.3333333333333,3655.9450476190477,0.0
2025-07-14,0,122,20:20-20:30,991.6716666666666,0.0,1.6581,1.7187674107142858,127.34833333333336,655.6310386904759,285.6866666666667,285.6866666666667,285.6866666666667,0.0,833.3333333333333,2730.0191216931216,0.0
2025-07-14,0,123,20:30-20:40,1003.8800833333332,0.0,1.7052,1.7670776785714288,76.76946666666674,624.6322886904758,247.31621666666683,247.31621666666683,247.31621666666683,0.0,833.3333333333333,1804.0931957671955,0.0
2025-07-14,0,124,20:40-20:50,989.6910166666667,0.0002238095238095238,1.5016,1.5502892857142858,64.07399761904765,543.6838761904759,1002.0055559523809,1002.0055559523809,1002.0055559523809,0.0,51.75923452380962,1746.5829351851849,0.0
2025-07-14,0,125,20:50-21:00,966.8466666666666,0.0,1.1357,1.163463392857143,85.82666666666671,491.9246416666665,1052.8758436213989,1052.8758436213989,1052.8758436213989,0.20251028806569593,0.0,1746.765194444444,0.0
2025-07-14,0,126,21:00-21:10,977.9672499999999,0.0,1.0368,1.0583263392857147,89.22528333333344,492.0886749999996,1109.36983271605,1109.36983271605,1109.36983271605,42.17729938271658,0.0,1784.724763888889,0.0
2025-07-14,0,127,21:10-21:20,982.62515,0.0,1.0708,1.098041517857143,87.38498333333337,509.3190208333331,1070.0101333333332,1070.0101333333332,1070.0101333333332,0.0,0.0,1784.724763888889,0.0
2025-07-14,0,128,21:20-21:30,992.8366666666667,0.0,1.1141,1.1457276785714288,88.30999999999995,526.2522875000001,1081.1466666666665,1081.1466666666665,1081.1466666666665,0.0,0.0,1784.724763888889,0.0
2025-07-14,0,129,21:30-21:40,1039.84325,0.0,1.1386,1.1624959821428575,77.11993333333339,485.77728749999994,1004.2375416666666,1004.2375416666666,1004.2375416666666,0.0,112.7256416666667,1659.474050925926,0.0
2025-07-14,0,130,21:40-21:50,949.2240833333333,0.0,0.8904,0.9086772321428569,56.5320333333334,413.5266458333333,939.8295208333335,939.8295208333335,939.8295208333335,0.0,65.9265958333332,1586.222277777778,0.0
2025-07-14,0,131,21:50-22:00,774.2133333333333,0.0,0.531,0.5530705357142859,96.0233333333332,347.6000500000001,1703.5699999999997,1703.5699999999997,1703.5699999999997,833.3333333333333,0.0,2336.222277777778,0.0
2025-07-14,0,132,22:00-22:10,765.42635,0.0,0.5136,0.5419803571428571,88.55083333333334,388.1024249999999,1687.3105166666664,1687.3105166666664,1687.3105166666664,833.3333333333333,0.0,3086.222277777778,0.0
2025-07-14,0,133,22:10-22:20,845.1157166666667,0.0,0.5805,0.6075593750000001,92.26419999999996,372.78824166666675,937.3799166666666,937.3799166666666,937.3799166666666,0.0,0.0,3086.222277777778,0.0
2025-07-14,0,134,22:20-22:30,887.555,0.0,0.5688,0.5903964285714284,88.09000000000003,354.96362500000004,975.645,975.645,975.645,0.0,0.0,3086.222277777778,0.0
2025-07-14,0,135,22:30-22:40,836.9202666666666,0.0,0.5653,0.589610714285714,91.18766666666659,306.8290666666668,928.1079333333332,928.1079333333332,928.1079333333332,0.0,0.0,3086.222277777778,0.0
2025-07-14,0,136,22:40-22:50,766.5577,0.0,0.5445,0.570674107142857,65.3424,279.3135750000001,831.9001,831.9001,831.9001,0.0,0.0,3086.222277777778,0.0
2025-07-14,0,137,22:50-23:00,743.2349999999999,0.0,0.5182,0.5417026785714285,74.59999999999991,237.72843333333333,1651.168333333333,1651.168333333333,1651.168333333333,833.3333333333333,0.0,3836.222277777778,0.0
2025-07-14,0,138,23:00-23:10,773.1116499999999,0.0,0.5411,0.5632200892857142,85.78036666666674,186.13261249999982,1596.4228191358025,1596.4228191358025,1596.4228191358025,737.5308024691357,0.0,4500.0,0.0
2025-07-14,0,139,23:10-23:20,777.9416833333332,0.0,0.5693,0.5919044642857146,107.55713333333347,166.1061583333332,885.4988166666667,885.4988166666667,885.4988166666667,0.0,0.0,4500.0,0.0
2025-07-14,0,140,23:20-23:30,753.8449999999999,0.0,0.5557,0.5795683035714285,87.50833333333321,163.02559583333345,841.3533333333331,841.3533333333331,841.3533333333331,0.0,0.0,4500.0,0.0
2025-07-14,0,141,23:30-23:40,768.0433666666665,0.0,0.5038,0.5287,90.00511666666671,127.53292916666669,1691.3818166666665,1691.3818166666665,1691.3818166666665,833.3333333333333,0.0,5250.0,0.0
2025-07-14,0,142,23:40-23:50,792.6065,0.0,0.5225,0.5482504464285713,73.48784999999998,84.4342916666667,1699.4276833333333,1699.4276833333333,1699.4276833333333,833.3333333333333,0.0,6000.0,0.0
2025-07-14,0,143,23:50-24:00,788.8466666666666,0.0,0.5712,0.5968147321428571,90.43333333333334,47.13458333333324,879.28,879.28,879.28,0.0,0.0,6000.0,0.0
2025-07-15,0,0,0:00-0:10,753.4062666666666,0.0,0.5082,0.5307473214285714,73.19683333333342,1164.6532916666663,826.6031,826.6031,826.6031,0.0,0.0,8238.061592136248,0.0
2025-07-15,0,1,0:10-0:20,763.3109,0.0,0.4788,0.49839285714285714,89.07933333333335,1203.576114285714,852.3902333333333,852.3902333333333,852.3902333333333,0.0,0.0,8238.061592136248,0.0
2025-07-15,0,2,0:20-0:30,810.0333333333333,0.0,0.5367,0.5550910714285714,80.63833333333332,1247.4437101190476,890.6716666666666,890.6716666666666,890.6716666666666,0.0,0.0,8238.061592136248,0.0
2025-07-15,0,3,0:30-0:40,806.3277166666667,0.0,0.5823,0.6032638392857143,85.22788333333335,1269.2216267857143,891.5556,891.5556,891.5556,0.0,0.0,8238.061592136248,0.0
2025-07-15,0,4,0:40-0:50,772.0472833333333,0.0,0.5669,0.5901165178571428,86.42784999999992,1290.0808988095243,858.4751333333332,858.4751333333332,858.4751333333332,0.0,0.0,8238.061592136248,0.0
2025-07-15,0,5,0:50-1:00,754.9266666666667,0.0,0.5329,0.5561986607142856,92.9899999999999,1351.0476946428576,847.9166666666666,847.9166666666666,847.9166666666666,0.0,0.0,8238.061592136248,0.0
2025-07-15,0,6,1:00-1:10,780.3842,0.0,0.5545,0.5771254464285713,89.19088333333332,1410.8813119047622,869.5750833333333,869.5750833333333,869.5750833333333,0.0,0.0,8238.061592136248,0.0
2025-07-15,0,7,1:10-1:20,788.2271999999999,0.0,0.5352,0.5554388392857141,90.53543333333346,1340.5443642857138,878.7626333333334,878.7626333333334,878.7626333333334,0.0,0.0,8238.061592136248,0.0
2025-07-15,0,8,1:20-1:30,775.1933333333333,0.0,0.495,0.5139901785714285,69.74666666666667,1325.6801738095237,844.9399999999999,844.9399999999999,844.9399999999999,0.0,0.0,8238.061592136248,0.0
2025-07-15,0,9,1:30-1:40,790.8269333333333,0.0,0.5528,0.575435267857143,77.4766166666667,1344.6179119047617,868.30355,868.30355,868.30355,0.0,0.0,8238.061592136248,0.0
2025-07-15,0,10,1:40-1:50,785.7513,0.0,0.5902,0.6117174107142854,78.1231166666667,1310.0449928571425,30.541083333333518,30.541083333333518,30.541083333333518,0.0,833.3333333333333,7312.135666210322,0.0
2025-07-15,0,11,1:50-2:00,757.41,0.0,0.5577,0.5751455357142856,85.69000000000005,1286.5149547619044,843.1,843.1,843.1,0.0,0.0,7312.135666210322,0.0
2025-07-15,0,12,2:00-2:10,752.1910666666665,0.0,0.5211,0.5422129464285714,84.23035000000004,1286.9838833333333,836.4214166666666,836.4214166666666,836.4214166666666,0.0,0.0,7312.135666210322,0.0
2025-07-15,0,13,2:10-2:20,725.8781999999999,0.0,0.4893,0.5089379464285714,84.52453333333335,1280.5492529761902,810.4027333333332,810.4027333333332,810.4027333333332,0.0,0.0,7312.135666210322,0.0
2025-07-15,0,14,2:20-2:30,685.0383333333332,0.0,0.4841,0.4965191964285713,62.37833333333333,1272.971294047619,747.4166666666665,747.4166666666665,747.4166666666665,0.0,0.0,7312.135666210322,0.0
2025-07-15,0,15,2:30-2:40,697.1904833333333,0.0,0.5359,0.5486236607142858,40.73574999999994,1231.680079761905,737.9262333333332,737.9262333333332,737.9262333333332,0.0,0.0,7312.135666210322,0.0
2025-07-15,0,16,2:40-2:50,772.9692166666666,0.0,0.5925,0.6087174107142858,45.49531666666667,1130.5504101190472,0.0,0.0,0.0,0.0,818.4645333333333,6402.730629173285,0.0
2025-07-15,0,17,2:50-3:00,822.145,0.0,0.588,0.6053178571428572,62.32166666666666,1077.799683333334,884.4666666666667,884.4666666666667,884.4666666666667,0.0,0.0,6402.730629173285,0.0
2025-07-15,0,18,3:00-3:10,738.3518833333333,0.00020476190476190475,0.5034,0.5184374999999999,44.0605833333334,1039.083578571429,782.4122619047619,782.4122619047619,782.4122619047619,0.0,0.0,6402.730629173285,0.0
2025-07-15,0,19,3:10-3:20,685.5810166666666,0.0,0.4721,0.48564062499999994,40.558933333333414,965.617377976191,1559.4732833333333,1559.4732833333333,1559.4732833333333,833.3333333333333,0.0,7152.730629173285,0.0
2025-07-15,0,20,3:20-3:30,705.105,0.0,0.4989,0.5134102678571428,53.32999999999993,911.9822571428577,758.435,758.435,758.435,0.0,0.0,7152.730629173285,0.0
2025-07-15,0,21,3:30-3:40,689.3800833333332,0.0028738095238095237,0.4715,0.4867281249999999,47.57540238095237,887.9914238095243,1570.2859452380949,1570.2859452380949,1570.2859452380949,833.3333333333333,0.0,7902.730629173285,0.0
2025-07-15,0,22,3:40-3:50,695.6112333333333,0.0,0.472,0.4824727678571429,41.42473333333328,815.7361607142861,1570.3692999999998,1570.3692999999998,1570.3692999999998,833.3333333333333,0.0,8652.730629173286,0.0
2025-07-15,0,23,3:50-4:00,710.7716666666666,0.0,0.5116,0.5163031250000001,37.671666666666624,702.0566023809529,748.4433333333333,748.4433333333333,748.4433333333333,0.0,0.0,8652.730629173286,0.0
2025-07-15,0,24,4:00-4:10,658.1590833333332,0.04001666666666666,0.5099,0.5175232142857144,47.064521428571425,614.6545190476194,705.183588095238,705.183588095238,705.183588095238,0.0,0.0,8652.730629173286,0.0
2025-07-15,0,25,4:10-4:20,653.35085,0.0,0.4998,0.5092991071428572,40.995750000000044,548.7544369047622,694.3466000000001,694.3466000000001,694.3466000000001,0.0,0.0,8652.730629173286,0.0
2025-07-15,0,26,4:20-4:30,699.69,0.0,0.4953,0.5029433035714287,51.418333333333294,490.9883035714289,751.1083333333333,751.1083333333333,751.1083333333333,0.0,0.0,8652.730629173286,0.0
2025-07-15,0,27,4:30-4:40,691.0144666666666,0.5573666666666666,0.4817,0.49034508928571424,54.5044976190477,446.87533452380967,1464.1497874265078,1464.1497874265078,1464.1497874265078,719.1881898074603,0.0,9300.0,0.0
2025-07-15,0,28,4:40-4:50,722.04675,0.0,0.5196,0.5279035714285712,37.169116666666696,399.36678452380903,759.2158666666667,759.2158666666667,759.2158666666667,0.0,0.0,9300.0,0.0
2025-07-15,0,29,4:50-5:00,773.3833333333333,0.0,0.5683,0.5738919642857143,61.56208333333336,349.7594261904757,834.9454166666667,834.9454166666667,834.9454166666667,0.0,0.0,9300.0,0.0
2025-07-15,0,30,5:00-5:10,721.46715,16.54091904761905,0.5232,0.5273857142857145,49.46374523809516,350.06958333333273,754.3899761904761,754.3899761904761,754.3899761904761,0.0,0.0,9300.0,0.0
2025-07-15,0,31,5:10-5:20,684.3938499999999,44.71532619047619,0.4958,0.49856294642857124,39.87985476190477,401.8391184523805,679.5583785714285,679.5583785714285,679.5583785714285,0.0,0.0,9300.0,0.0
2025-07-15,0,32,5:20-5:30,700.9266666666667,78.07232142857143,0.4774,0.4795589285714287,44.809464285714284,388.73376904761864,1500.997142857143,1500.997142857143,1500.997142857143,833.3333333333333,0.0,10050.0,0.0
2025-07-15,0,33,5:30-5:40,702.7980666666667,112.62440238095238,0.3935,0.3980200892857143,45.89738571428575,412.6603267857138,1469.4043833333335,1469.4043833333335,1469.4043833333335,833.3333333333333,0.0,10800.0,0.0
2025-07-15,0,34,5:40-5:50,755.22525,150.21727380952382,0.5823,0.5858799107142857,31.870469047619054,482.8204708333325,636.8784452380952,636.8784452380952,636.8784452380952,-0.0,0.0,10800.0,0.0
2025-07-15,0,35,5:50-6:00,851.9499999999999,190.79821428571427,0.9402,0.9407776785714287,38.19071428571419,549.3829416666659,0.0,0.0,0.0,0.0,699.3424999999999,10022.952777777778,0.0
2025-07-15,0,36,6:00-6:10,898.7822333333334,231.25564047619042,0.9834,0.9864558035714283,29.53722142857157,625.7336339285707,0.0,0.0,0.0,0.0,697.0638142857144,9248.43742857143,0.0
2025-07-15,0,37,6:10-6:20,877.8649,269.77492619047615,0.8901,0.8958816964285712,36.86186666666674,635.3320482142851,0.0,0.0,0.0,0.0,644.9518404761907,8531.824272486772,0.0
2025-07-15,0,38,6:20-6:30,847.3466666666666,308.2696428571428,0.8551,0.8615937499999999,53.91470238095235,661.2151874999995,0.0,0.0,0.0,0.0,592.9917261904761,7872.944576719577,0.0
2025-07-15,0,39,6:30-6:40,879.5498166666666,350.3967523809523,0.8878,0.8966575892857146,52.695542857142925,795.1021249999994,0.0,0.0,0.0,0.0,581.8486071428573,7226.446124338624,0.0
2025-07-15,0,40,6:40-6:50,885.4018333333333,393.52548333333334,0.8818,0.8963450892857144,50.46275952380961,851.7622601190471,0.0,0.0,0.0,0.0,542.3391095238096,6623.847113756613,0.0
2025-07-15,0,41,6:50-7:00,846.8916666666667,438.13750000000005,0.8181,0.835642857142857,55.464226190476154,869.2981059523805,464.2183928571428,464.2183928571428,464.2183928571428,0.0,0.0,6623.847113756613,0.0
2025-07-15,0,42,7:00-7:10,841.3599666666667,486.8037714285714,0.7784,0.7885785714285714,48.80176190476186,921.1836833333332,403.3579571428571,403.3579571428571,403.3579571428571,0.0,0.0,6623.847113756613,0.0
2025-07-15,0,43,7:10-7:20,877.2471666666667,531.8805833333333,0.7845,0.7908348214285716,47.9477261904762,945.4965535714284,393.31430952380947,393.31430952380947,393.31430952380947,0.0,0.0,6623.847113756613,0.0
2025-07-15,0,44,7:20-7:30,894.1283333333333,570.249107142857,0.7638,0.774732142857143,59.15535714285704,942.678789285714,383.03458333333333,383.03458333333333,383.03458333333333,0.0,0.0,6623.847113756613,0.0
2025-07-15,0,45,7:30-7:40,845.8810833333333,607.2028023809523,0.6716,0.687139732142857,70.340507142857,945.7759619047615,1127.9038946502055,1127.9038946502055,1127.9038946502055,818.8851065549675,0.0,7360.843709656084,0.0
2025-07-15,0,46,7:40-7:50,932.0707666666667,652.5475928571427,0.8621,0.8782767857142852,58.99400476190476,950.2292357142853,0.0,0.0,0.0,0.0,338.51717857142876,6984.713511243385,0.0
2025-07-15,0,47,7:50-8:00,1114.8633333333332,703.1517857142856,1.2068,1.2211401785714286,64.90505952380954,938.9644267857138,0.0,0.0,0.0,0.0,476.6166071428572,6455.1395033068775,0.0
2025-07-15,0,48,8:00-8:10,1150.3926833333333,746.3679095238095,1.2075,1.221754464285714,71.63232619047619,949.4969773809519,0.0,0.0,0.0,0.0,475.6570999999998,5926.631614417989,0.0
2025-07-15,0,49,8:10-8:20,1160.9244166666667,787.2234,1.2012,1.2153419642857144,61.15888333333328,980.9623916666662,0.0,0.0,0.0,0.0,434.85990000000004,5443.453947751323,0.0
2025-07-15,0,50,8:20-8:30,1198.8066666666666,830.5035714285715,1.2725,1.2861227678571423,82.27660714285719,1007.9696244047612,0.0,0.0,0.0,0.0,450.5797023809522,4942.809833994709,0.0
2025-07-15,0,51,8:30-8:40,1184.3994833333331,874.1958142857144,1.1591,1.1744593749999999,65.49021904761935,1044.3896095238088,0.0,0.0,0.0,0.0,375.6938880952381,4525.372180555556,0.0
2025-07-15,0,52,8:40-8:50,1166.63295,909.2733023809524,1.0726,1.0948209821428574,73.60527619047627,1050.1703124999997,0.0,0.0,0.0,0.0,330.96492380952395,4157.633376322751,0.0
2025-07-15,0,53,8:50-9:00,1172.905,945.9241071428571,1.0905,1.119476339285714,94.84428571428577,1046.449076785714,0.0,0.0,0.0,0.0,321.8251785714285,3800.04984457672,0.0
2025-07-15,0,54,9:00-9:10,1176.5368666666666,1003.5165904761905,1.0724,1.0989464285714283,97.44426428571433,1053.7776154761905,0.0,0.0,0.0,0.0,270.46454047619045,3499.533688492064,0.0
2025-07-15,0,55,9:10-9:20,1158.3412166666667,1055.6068833333334,1.0331,1.0553950892857142,91.54188095238084,1055.9753595238096,0.0,0.0,0.0,0.0,194.2762142857141,3283.6712281746036,0.0
2025-07-15,0,56,9:20-9:30,1143.8783333333333,1089.748214285714,0.9974,1.0169075892857145,74.32726190476183,1093.2761315476182,0.0,0.0,0.0,0.0,128.45738095238107,3140.94080489418,0.0
2025-07-15,0,57,9:30-9:40,1174.6787833333333,1118.269102380952,0.9843,1.0023736607142855,84.92055952380977,1186.25651845238,0.0,0.0,0.0,0.0,141.33024047619097,2983.907204365079,0.0
2025-07-15,0,58,9:40-9:50,1190.6108833333333,1149.539757142857,1.1073,1.1428316964285712,97.26735714285724,1243.565978571428,0.0,0.0,0.0,0.0,138.33848333333344,2830.197778439153,0.0
2025-07-15,0,59,9:50-10:00,1185.675,1182.9339285714286,1.2728,1.3335991071428575,104.08785714285727,1138.1758297619042,0.0,0.0,0.0,0.0,106.8289285714286,2711.4989689153435,0.0
2025-07-15,0,60,10:00-10:10,1204.2477666666666,1209.8686904761903,1.2456,1.3072558035714288,124.57905000000005,1068.0541190476183,0.0,0.0,0.0,0.0,118.95812619047638,2579.3232731481476,0.0
2025-07-15,0,61,10:10-10:20,1177.0063,1221.4979404761903,1.1431,1.1968388392857143,108.40300952380949,1061.6075440476184,0.0,0.0,0.0,0.0,63.911369047619246,2508.310640873015,0.0
2025-07-15,0,62,10:20-10:30,1115.52,1224.1142857142856,1.1165,1.1704441964285714,91.7222619047619,1145.4441023809516,0.0,0.0,0.0,16.872023809523853,0.0,2523.4954623015865,0.0
2025-07-15,0,63,10:30-10:40,1110.4594499999998,1236.507738095238,1.1668,1.2284473214285714,142.08170476190475,1186.7656744047613,0.0,0.0,0.0,0.0,16.033416666666653,2505.6805548941793,0.0
2025-07-15,0,64,10:40-10:50,1129.524,1266.2774809523808,0.9463,0.9981486607142858,126.19469523809516,1175.1124994047614,0.0,0.0,0.0,10.558785714285705,0.0,2515.1834620370364,0.0
2025-07-15,0,65,10:50-11:00,1140.5416666666665,1302.0875,0.5543,0.5826843750000001,134.68404761904748,1161.422011904761,806.4715476190472,806.4715476190472,806.4715476190472,833.3333333333333,0.0,3265.1834620370364,0.0
2025-07-15,0,66,11:00-11:10,1148.8872,1325.3478738095237,0.4712,0.4915232142857141,145.1116571428572,1197.0285595238086,801.9843166666667,801.9843166666667,801.9843166666667,833.3333333333333,0.0,4015.1834620370364,0.0
2025-07-15,0,67,11:10-11:20,1179.24775,1351.2068571428572,0.569,0.5883124999999999,140.1659095238096,1449.1693529761899,801.5401357142857,801.5401357142857,801.5401357142857,833.3333333333333,0.0,4765.183462037036,0.0
2025-07-15,0,68,11:20-11:30,1202.8983333333333,1377.6803571428572,0.6234,0.6422821428571428,128.45107142857142,1804.6562964285702,0.0,0.0,0.0,46.33095238095257,0.0,4806.881319179894,0.0
2025-07-15,0,69,11:30-11:40,1158.1814166666666,1385.6830952380953,0.5333,0.5556223214285716,122.38876666666663,1978.6401952380938,728.2204214285712,728.2204214285712,728.2204214285712,833.3333333333333,0.0,5556.881319179894,0.0
2025-07-15,0,70,11:40-11:50,1083.7263833333332,1390.4424880952379,0.4394,0.46491160714285706,174.5667595238097,2064.053859523808,701.1839880952382,701.1839880952382,701.1839880952382,833.3333333333333,0.0,6306.881319179894,0.0
2025-07-15,0,71,11:50-12:00,1054.4783333333332,1410.3133928571426,0.4237,0.4501665178571428,141.6414285714285,2153.372844642856,619.1397023809523,619.1397023809523,619.1397023809523,833.3333333333333,0.0,7056.881319179894,0.0
2025-07-15,0,72,12:00-12:10,1114.3046833333333,1445.263614285714,0.4481,0.4746379464285716,133.5590285714287,2180.718783333332,635.9334309523813,635.9334309523813,635.9334309523813,833.3333333333333,0.0,7806.881319179894,0.0
2025-07-15,0,73,12:10-12:20,1146.1911499999999,1446.9146952380952,0.4642,0.4879924107142858,140.08137619047642,2199.1543583333323,672.6911642857144,672.6911642857144,672.6911642857144,833.3333333333333,0.0,8556.881319179894,0.0
2025-07-15,0,74,12:20-12:30,1126.1149999999998,1406.4455357142856,0.4466,0.46941428571428573,159.8483928571427,2250.555678571428,712.8511904761901,712.8511904761901,712.8511904761901,833.3333333333333,0.0,9306.881319179894,0.0
2025-07-15,0,75,12:30-12:40,1141.23965,1364.4957047619046,0.4323,0.46281741071428584,154.28699999999998,2306.952047619047,764.3642785714287,764.3642785714287,764.3642785714287,833.3333333333333,0.0,10056.881319179894,0.0
2025-07-15,0,76,12:40-12:50,1189.2559666666666,1351.5570595238096,0.5964,0.6304107142857146,168.97509761904743,2370.653210119047,744.328081981184,744.328081981184,744.328081981184,737.6540772192797,0.0,10720.769988677246,0.0
2025-07-15,0,77,12:50-13:00,1223.4783333333332,1357.1,0.8405,0.8701830357142857,136.20958333333337,2410.8487720238086,0.0,0.0,0.0,0.0,2.587916666666615,10717.894525714284,0.0
2025-07-15,0,78,13:00-13:10,1198.8040833333332,1343.860988095238,0.8757,0.9023151785714285,123.34701666666672,2340.807536904761,0.0,0.0,0.0,21.709888095238057,0.0,10737.433425,0.0
2025-07-15,0,79,13:10-13:20,1157.9645333333333,1319.1825857142856,0.8727,0.9003924107142857,129.22695714285746,2299.583107738094,0.0,0.0,0.0,31.991095238094886,0.0,10766.225410714285,0.0
2025-07-15,0,80,13:20-13:30,1150.6316666666667,1299.0446428571427,0.9058,0.9346638392857143,110.88565476190479,2220.2937398809518,0.0,0.0,0.0,37.52732142857121,0.0,10800.0,0.0
2025-07-15,0,81,13:30-13:40,1189.1314666666667,1288.5164904761903,0.8978,0.9250294642857142,114.98794285714274,2080.7131,15.602919047619253,15.602919047619253,15.602919047619253,0.0,-0.0,10800.0,0.0
2025-07-15,0,82,13:40-13:50,1201.2197666666666,1262.1546428571428,1.0157,1.0593178571428574,115.65714523809524,1942.8234321428567,54.722269047618965,54.722269047618965,54.722269047618965,0.0,-0.0,10800.0,0.0
2025-07-15,0,83,13:50-14:00,1181.0316666666665,1218.89375,1.2229,1.2928758928571429,123.42541666666659,1833.365497619047,0.0,0.0,0.0,0.0,85.56333333333328,10704.929629629629,0.0
2025-07-15,0,84,14:00-14:10,1191.8355166666665,1180.7601023809523,1.2951,1.3693089285714284,129.7689476190476,1731.5368369047612,0.0,0.0,0.0,0.0,140.84436190476185,10548.435894179893,0.0
2025-07-15,0,85,14:10-14:20,1223.9894333333332,1135.3667285714282,1.3201,1.3872589285714285,121.34627857142857,1562.338189880952,0.0,0.0,0.0,0.0,209.96898333333365,10315.137023809522,0.0
2025-07-15,0,86,14:20-14:30,1248.0683333333332,1086.7767857142858,1.3688,1.431973214285714,111.44678571428562,1390.2028976190472,0.0,0.0,0.0,0.0,272.738333333333,10012.09443121693,0.0
2025-07-15,0,87,14:30-14:40,1242.8874333333333,1055.5581976190476,1.3754,1.4397379464285713,163.29961666666665,1275.9589244047613,0.0,0.0,0.0,0.0,350.62885238095237,9622.506817460317,0.0
2025-07-15,0,88,14:40-14:50,1222.6786333333332,1027.3125714285716,1.1358,1.1913959821428575,150.03054761904752,1179.3253821428564,0.0,0.0,0.0,0.0,345.3966095238093,9238.732806878306,0.0
2025-07-15,0,89,14:50-15:00,1212.1866666666665,993.0410714285714,0.8099,0.8502397321428571,126.89988095238111,1114.9304642857132,1179.3788095238097,1179.3788095238097,1179.3788095238097,833.3333333333333,0.0,9988.732806878306,0.0
2025-07-15,0,90,15:00-15:10,1224.33025,956.0312428571428,0.793,0.8303276785714286,113.86781904761904,1149.8902410714281,1215.5001595238093,1215.5001595238093,1215.5001595238093,833.3333333333333,0.0,10738.732806878306,0.0
2025-07-15,0,91,15:10-15:20,1220.4099333333334,911.3405095238096,0.8436,0.8802553571428572,111.39555714285746,1157.5285714285703,420.4649809523811,420.4649809523811,420.4649809523811,0.0,0.0,10738.732806878306,0.0
2025-07-15,0,92,15:20-15:30,1201.0,858.7624999999999,0.8282,0.8635696428571428,128.7717261904763,1117.92058095238,539.0838852145805,539.0838852145805,539.0838852145805,68.07465902410412,0.0,10800.0,0.0
2025-07-15,0,93,15:30-15:40,1206.5090666666665,805.2839904761905,0.8507,0.8904723214285715,111.86396190476188,1073.444717857142,513.0890380952379,513.0890380952379,513.0890380952379,0.0,0.0,10800.0,0.0
2025-07-15,0,94,15:40-15:50,1227.7968333333333,758.4044904761905,0.8787,0.9154053571428572,90.13230476190472,1012.3427226190472,559.5246476190476,559.5246476190476,559.5246476190476,0.0,0.0,10800.0,0.0
2025-07-15,0,95,15:50-16:00,1240.4833333333331,715.4187499999999,0.9004,0.9293522321428573,102.09011904761897,1048.9034494047617,627.1547023809522,627.1547023809522,627.1547023809522,0.0,0.0,10800.0,0.0
2025-07-15,0,96,16:00-16:10,1231.4333166666665,668.8256690476189,0.9431,0.9755982142857146,79.9207880952381,1026.9469315476188,642.5284357142857,642.5284357142857,642.5284357142857,0.0,0.0,10800.0,0.0
2025-07-15,0,97,16:10-16:20,1238.9422166666666,631.7942809523809,0.9658,0.9988651785714282,82.64905714285703,1006.9896261904759,689.7969928571426,689.7969928571426,689.7969928571426,0.0,0.0,10800.0,0.0
2025-07-15,0,98,16:20-16:30,1253.5933333333332,596.0955357142857,0.9893,1.0178705357142859,96.98613095238113,1019.0034708333332,754.4839285714288,754.4839285714288,754.4839285714288,0.0,0.0,10800.0,0.0
2025-07-15,0,99,16:30-16:40,1229.4137166666665,538.7223023809523,1.0654,1.096697767857143,89.93659761904769,897.0704363095236,780.6280119047618,780.6280119047618,780.6280119047618,0.0,-0.0,10800.0,0.0
2025-07-15,0,100,16:40-16:50,1214.8816,483.1774809523809,1.063,1.0949464285714283,108.49528333333336,746.3795619047617,840.1994023809525,840.1994023809525,840.1994023809525,0.0,0.0,10800.0,0.0
2025-07-15,0,101,16:50-17:00,1244.01,440.06517857142853,1.0262,1.0537183035714286,103.62773809523787,703.997504166666,907.5725595238093,907.5725595238093,907.5725595238093,-0.0,0.0,10800.0,0.0
2025-07-15,0,102,17:00-17:10,1293.2426166666667,397.3486333333333,1.1237,1.1489691964285709,94.31417380952382,747.8796011904753,990.2081571428573,990.2081571428573,990.2081571428573,0.0,0.0,10800.0,0.0
2025-07-15,0,103,17:10-17:20,1271.2031833333333,351.8642952380952,1.1453,1.17105,108.62762619047635,769.7840857142847,1027.9665142857143,1027.9665142857143,1027.9665142857143,0.0,0.0,10800.0,0.0
2025-07-15,0,104,17:20-17:30,1240.185,306.55267857142854,1.0672,1.093853125,101.7292261904762,861.1541642857133,1035.3615476190478,1035.3615476190478,1035.3615476190478,0.0,0.0,10800.0,0.0
2025-07-15,0,105,17:30-17:40,1320.6403666666665,265.72944047619046,1.0942,1.1194169642857141,101.89284523809522,863.0876934523799,1156.803771428571,1156.803771428571,1156.803771428571,0.0,0.0,10800.0,0.0
2025-07-15,0,106,17:40-17:50,1204.9622833333333,224.99716904761902,1.213,1.2340924107142857,88.53076904761895,856.8954476190464,1068.495883333333,1068.495883333333,1068.495883333333,0.0,0.0,10800.0,0.0
2025-07-15,0,107,17:50-18:00,933.9266666666667,183.16249999999997,1.3281,1.3448562499999999,82.97720238095246,838.9033845238083,833.7413690476192,833.7413690476192,833.7413690476192,0.0,-0.0,10800.0,0.0
2025-07-15,0,108,18:00-18:10,886.0220166666666,143.97840714285712,1.3538,1.3694044642857135,74.70435952380956,767.9724178571417,816.747969047619,816.747969047619,816.747969047619,0.0,-0.0,10800.0,0.0
2025-07-15,0,109,18:10-18:20,964.1817833333332,109.16896666666665,1.3383,1.353952232142857,83.22160000000008,766.126467857142,938.2344166666667,938.2344166666667,938.2344166666667,0.0,0.0,10800.0,0.0
2025-07-15,0,110,18:20-18:30,1008.1016666666666,77.02232142857142,1.3217,1.3360071428571432,85.26964285714268,808.9908999999986,1016.3489880952378,1016.3489880952378,1016.3489880952378,-0.0,0.0,10800.0,0.0
2025-07-15,0,111,18:30-18:40,966.43835,44.74110952380952,1.3297,1.3437767857142853,82.48478809523817,801.9567630952367,1004.1820285714288,1004.1820285714288,1004.1820285714288,0.0,0.0,10800.0,0.0
2025-07-15,0,112,18:40-18:50,972.7190666666667,16.701819047619047,1.4876,1.5211232142857138,99.48220238095246,731.340650595237,1055.49945,1055.49945,1055.49945,0.0,0.0,10800.0,0.0
2025-07-15,0,113,18:50-19:00,1017.89,0.0,1.6794,1.7403125,82.71523809523819,818.4604642857132,267.27190476190503,267.27190476190503,267.27190476190503,0.0,833.3333333333333,9874.074074074075,0.0
2025-07-15,0,114,19:00-19:10,968.71625,0.0,1.646,1.709291964285714,79.10781666666674,833.815211309523,214.4907333333333,214.4907333333333,214.4907333333333,0.0,833.3333333333333,8948.14814814815,0.0
2025-07-15,0,115,19:10-19:20,941.4918333333333,0.5653666666666666,1.6121,1.671296428571429,78.6534095238095,763.7208535714279,1019.579876190476,1019.579876190476,1019.579876190476,0.0,0.0,8948.14814814815,0.0
2025-07-15,0,116,19:20-19:30,974.2133333333333,0.0,1.6694,1.728140625,80.26833333333343,776.2379434523804,221.1483333333333,221.1483333333333,221.1483333333333,0.0,833.3333333333333,8022.2222222222235,0.0
2025-07-15,0,117,19:30-19:40,985.8978333333332,0.0,1.6829,1.7376321428571424,68.22093571428582,793.9433601190473,220.78543571428577,220.78543571428577,220.78543571428577,0.0,833.3333333333333,7096.296296296297,0.0
2025-07-15,0,118,19:40-19:50,989.3041333333333,0.04059285714285714,1.6386,1.69509375,69.00076428571435,774.954983333333,224.9309714285714,224.9309714285714,224.9309714285714,0.0,833.3333333333333,6170.370370370371,0.0
2025-07-15,0,119,19:50-20:00,991.9699999999999,0.0,1.6224,1.6846232142857143,78.40499999999997,734.947964880952,474.2172095238084,474.2172095238084,474.2172095238084,0.0,596.1577904761916,5507.972825396825,0.0
2025-07-15,0,120,20:00-20:10,982.3796333333332,0.0,1.7146,1.7741995535714286,99.9435666666667,688.2567333333328,248.98986666666656,248.98986666666656,248.98986666666656,0.0,833.3333333333333,4582.046899470899,0.0
2025-07-15,0,121,20:10-20:20,991.9457666666667,0.002911904761904762,1.7191,1.7753232142857136,96.27160476190488,688.2219874999995,254.88112619047638,254.88112619047638,254.88112619047638,0.0,833.3333333333333,3656.120973544973,0.0
2025-07-15,0,122,20:20-20:30,1023.1683333333333,0.0,1.6718,1.730032142857143,115.10166666666657,668.036038690476,304.9366666666667,304.9366666666667,304.9366666666667,0.0,833.3333333333333,2730.195047619047,0.0
2025-07-15,0,123,20:30-20:40,1037.0646833333333,0.0,1.7507,1.8122133928571424,76.76946666666674,624.7906220238091,280.5008166666669,280.5008166666669,280.5008166666669,0.0,833.3333333333333,1804.2691216931212,0.0
2025-07-15,0,124,20:40-20:50,992.5682166666667,0.0002095238095238095,1.5247,1.5732008928571433,64.07399761904765,543.8422095238092,1004.8827702380956,1004.8827702380956,1004.8827702380956,0.0,51.759234523809205,1746.758861111111,0.0
2025-07-15,0,125,20:50-21:00,938.1116666666667,0.0,1.1077,1.1341633928571428,85.82666666666671,492.0829749999998,1024.1408436213987,1024.1408436213987,1024.1408436213987,0.2025102880654433,0.0,1746.9411203703698,0.0
2025-07-15,0,126,21:00-21:10,967.6100333333334,0.0,1.083,1.105148660714286,89.22528333333344,492.24700833333293,1099.0126160493837,1099.0126160493837,1099.0126160493837,42.17729938271683,0.0,1784.900689814815,0.0
2025-07-15,0,127,21:10-21:20,1002.6372333333334,0.0,1.1293,1.1573227678571427,87.38498333333337,509.47735416666643,1090.0222166666667,1090.0222166666667,1090.0222166666667,0.0,0.0,1784.900689814815,0.0
2025-07-15,0,128,21:20-21:30,1012.925,0.0,1.1099,1.1405102678571428,88.15166666666664,526.4106208333334,1101.0766666666666,1101.0766666666666,1101.0766666666666,0.0,0.0,1784.900689814815,0.0
2025-07-15,0,129,21:30-21:40,1026.2836,0.0,1.1713,1.1951299107142859,77.11993333333339,485.77728749999994,990.5195583333332,990.5195583333332,990.5195583333332,0.0,112.88397500000019,1659.474050925926,0.0
2025-07-15,0,130,21:40-21:50,941.6181833333333,0.0,0.9444,0.9630624999999998,56.5320333333334,413.5266458333333,932.2236208333335,932.2236208333335,932.2236208333335,0.0,65.9265958333332,1586.222277777778,0.0
2025-07-15,0,131,21:50-22:00,799.555,0.0,0.5508,0.5721080357142857,96.0233333333332,347.6000500000001,1728.9116666666664,1728.9116666666664,1728.9116666666664,833.3333333333333,0.0,2336.222277777778,0.0
2025-07-15,0,132,22:00-22:10,761.7291499999999,0.0,0.5268,0.5541892857142858,88.55083333333334,388.1024249999999,1683.6133166666664,1683.6133166666664,1683.6133166666664,833.3333333333333,0.0,3086.222277777778,0.0
2025-07-15,0,133,22:10-22:20,776.3887166666666,0.0,0.585,0.6118200892857143,92.26419999999996,372.78824166666675,868.6529166666666,868.6529166666666,868.6529166666666,0.0,0.0,3086.222277777778,0.0
2025-07-15,0,134,22:20-22:30,791.5916666666667,0.0,0.5532,0.5751776785714285,88.09000000000003,354.96362500000004,1617.2124691358024,1617.2124691358024,1617.2124691358024,737.5308024691357,0.0,3750.0,0.0
2025-07-15,0,135,22:30-22:40,806.0647166666665,0.0,0.5539,0.5784,91.18766666666659,306.8290666666668,897.2523833333331,897.2523833333331,897.2523833333331,0.0,0.0,3750.0,0.0
2025-07-15,0,136,22:40-22:50,802.5701,0.0,0.5744,0.6025897321428569,65.3424,279.3135750000001,867.9125,867.9125,867.9125,0.0,0.0,3750.0,0.0
2025-07-15,0,137,22:50-23:00,797.4366666666666,0.0,0.579,0.606503125,74.59999999999991,237.72843333333333,872.0366666666665,872.0366666666665,872.0366666666665,0.0,0.0,3750.0,0.0
2025-07-15,0,138,23:00-23:10,817.7831833333332,0.0,0.5566,0.5799776785714287,85.78036666666674,186.13261249999982,903.56355,903.56355,903.56355,0.0,0.0,3750.0,0.0
2025-07-15,0,139,23:10-23:20,786.8864166666667,0.0,0.5365,0.5579321428571428,107.55713333333347,166.1061583333332,1727.7768833333334,1727.7768833333334,1727.7768833333334,833.3333333333333,0.0,4500.0,0.0
2025-07-15,0,140,23:20-23:30,730.1916666666666,0.0,0.5454,0.5686678571428571,87.50833333333321,163.02559583333345,1651.033333333333,1651.033333333333,1651.033333333333,833.3333333333333,0.0,5250.0,0.0
2025-07-15,0,141,23:30-23:40,756.25175,0.0,0.5823,0.6077526785714287,90.00511666666671,127.53292916666669,846.2568666666667,846.2568666666667,846.2568666666667,0.0,0.0,5250.0,0.0
2025-07-15,0,142,23:40-23:50,794.2275500000001,0.0,0.5873,0.6124026785714285,73.48784999999998,84.4342916666667,867.7154,867.7154,867.7154,0.0,0.0,5250.0,0.0
2025-07-15,0,143,23:50-24:00,780.9616666666667,0.0,0.5512,0.5745477678571431,90.43333333333334,47.13458333333324,1704.7283333333332,1704.7283333333332,1704.7283333333332,833.3333333333333,0.0,6000.0,0.0
2025-07-16,0,0,0:00-0:10,730.0853333333332,0.0,0.5218,0.5443084821428572,73.19683333333342,1152.9831583333328,803.2821666666666,803.2821666666666,803.2821666666666,0.0,0.0,8643.72493566799,0.0
2025-07-16,0,1,0:10-0:20,740.4909166666666,0.0,0.5139,0.5337642857142858,89.07933333333335,1191.9059809523808,829.57025,829.57025,829.57025,0.0,0.0,8643.72493566799,0.0
2025-07-16,0,2,0:20-0:30,792.4733333333334,0.0,0.5365,0.553315625,80.63833333333332,1235.773576785714,873.1116666666667,873.1116666666667,873.1116666666667,0.0,0.0,8643.72493566799,0.0
2025-07-16,0,3,0:30-0:40,774.0354666666667,0.0,0.5816,0.6024058035714284,85.22788333333335,1257.5514934523808,859.2633500000001,859.2633500000001,859.2633500000001,0.0,0.0,8643.72493566799,0.0
2025-07-16,0,4,0:40-0:50,757.6898333333334,0.0,0.5673,0.59094375,86.42784999999992,1278.410765476191,844.1176833333333,844.1176833333333,844.1176833333333,0.0,0.0,8643.72493566799,0.0
2025-07-16,0,5,0:50-1:00,781.645,0.0,0.5251,0.5474741071428573,92.9899999999999,1339.377561309524,874.6349999999999,874.6349999999999,874.6349999999999,0.0,0.0,8643.72493566799,0.0
2025-07-16,0,6,1:00-1:10,804.8126,0.0,0.5634,0.5851196428571427,89.19088333333332,1395.2068333333336,894.0034833333333,894.0034833333333,894.0034833333333,0.0,0.0,8643.72493566799,0.0
2025-07-16,0,7,1:10-1:20,798.2101833333332,0.0,0.5784,0.5983031249999999,90.53543333333346,1324.869885714285,888.7456166666667,888.7456166666667,888.7456166666667,0.0,0.0,8643.72493566799,0.0
2025-07-16,0,8,1:20-1:30,769.6266666666667,0.0,0.556,0.5750196428571428,69.74666666666667,1310.0056952380949,839.3733333333333,839.3733333333333,839.3733333333333,0.0,0.0,8643.72493566799,0.0
2025-07-16,0,9,1:30-1:40,755.5052499999999,0.0,0.5871,0.6101892857142854,77.4766166666667,1328.9434333333331,0.0,0.0,0.0,0.0,832.9818666666666,7718.189528260582,0.0
2025-07-16,0,10,1:40-1:50,773.2301166666666,0.0,0.6082,0.6304669642857142,78.1231166666667,1294.3705142857139,18.019900000000007,18.019900000000007,18.019900000000007,0.0,833.3333333333333,6792.263602334656,0.0
2025-07-16,0,11,1:50-2:00,782.7516666666667,0.0,0.5851,0.6033276785714287,85.69000000000005,1270.8404761904762,425.40442456547646,425.40442456547646,425.40442456547646,0.0,443.03724210119026,6300.0,0.0
2025-07-16,0,12,2:00-2:10,731.1538666666667,0.0,0.5481,0.5700535714285714,84.23035000000004,1271.3094047619047,815.3842166666667,815.3842166666667,815.3842166666667,0.0,0.0,6300.0,0.0
2025-07-16,0,13,2:10-2:20,717.30825,0.0,0.5061,0.5277852678571427,76.13265000000001,1263.2882220238089,793.4409,793.4409,793.4409,0.0,0.0,6300.0,0.0
2025-07-16,0,14,2:20-2:30,742.5833333333333,0.0,0.4804,0.49547366071428584,71.73833333333334,1247.7150178571426,814.3216666666666,814.3216666666666,814.3216666666666,0.0,0.0,6300.0,0.0
2025-07-16,0,15,2:30-2:40,719.6300666666666,0.0,0.4937,0.5060968749999998,40.73574999999994,1216.9737178571431,760.3658166666665,760.3658166666665,760.3658166666665,0.0,0.0,6300.0,0.0
2025-07-16,0,16,2:40-2:50,743.0625666666666,0.0,0.5032,0.5167245535714285,45.49531666666667,1114.2574958333325,788.5578833333333,788.5578833333333,788.5578833333333,0.0,0.0,6300.0,0.0
2025-07-16,0,17,2:50-3:00,789.1949999999999,0.0,0.5082,0.5235066964285715,62.32166666666666,1062.6966833333342,851.5166666666667,851.5166666666667,851.5166666666667,0.0,0.0,6300.0,0.0
2025-07-16,0,18,3:00-3:10,730.1772166666666,0.00017857142857142857,0.5418,0.5570995535714286,44.0605833333334,1023.9805785714292,774.2376214285714,774.2376214285714,774.2376214285714,0.0,0.0,6300.0,0.0
2025-07-16,0,19,3:10-3:20,677.63905,0.0,0.5429,0.5579968750000001,50.77761666666663,950.5143779761911,728.4166666666666,728.4166666666666,728.4166666666666,0.0,0.0,6300.0,0.0
2025-07-16,0,20,3:20-3:30,691.0416666666666,0.0,0.5164,0.5319638392857142,53.81333333333339,907.0979404761911,744.855,744.855,744.855,0.0,0.0,6300.0,0.0
2025-07-16,0,21,3:30-3:40,719.1339666666665,0.002790476190476191,0.5296,0.5448781250000001,47.57540238095237,883.590440476191,766.7065785714284,766.7065785714284,766.7065785714284,0.0,0.0,6300.0,0.0
2025-07-16,0,22,3:40-3:50,724.7759333333333,0.0,0.5411,0.5517308035714286,41.42473333333328,811.335177380953,766.2006666666666,766.2006666666666,766.2006666666666,0.0,0.0,6300.0,0.0
2025-07-16,0,23,3:50-4:00,710.6383333333333,0.0,0.5312,0.5364303571428574,37.671666666666624,697.6556190476196,748.31,748.31,748.31,0.0,0.0,6300.0,0.0
2025-07-16,0,24,4:00-4:10,705.3283666666666,0.038849999999999996,0.5191,0.5258035714285715,47.064521428571425,610.2535357142863,752.354038095238,752.354038095238,752.354038095238,0.0,0.0,6300.0,0.0
2025-07-16,0,25,4:10-4:20,701.80795,0.0,0.4836,0.49185044642857123,40.995750000000044,544.3534535714289,742.8037,742.8037,742.8037,0.0,0.0,6300.0,0.0
2025-07-16,0,26,4:20-4:30,700.5016666666667,0.0,0.4529,0.4605799107142857,51.418333333333294,486.58732023809563,1585.253333333333,1585.253333333333,1585.253333333333,833.3333333333333,0.0,7050.0,0.0
2025-07-16,0,27,4:30-4:40,708.7572499999999,0.5411380952380952,0.4796,0.48849866071428577,54.5044976190477,441.6810750000003,1596.0539428571428,1596.0539428571428,1596.0539428571428,833.3333333333333,0.0,7800.0,0.0
2025-07-16,0,28,4:40-4:50,696.9583333333333,0.0,0.4787,0.4859044642857143,37.169116666666696,394.1354124999998,1567.4607833333332,1567.4607833333332,1567.4607833333332,833.3333333333333,0.0,8550.0,0.0
2025-07-16,0,29,4:50-5:00,680.1933333333333,0.0,0.4534,0.45689285714285716,65.56642857142856,344.5280541666665,1579.093095238095,1579.093095238095,1579.093095238095,833.3333333333333,0.0,9300.0,0.0
2025-07-16,0,30,5:00-5:10,702.2154166666666,16.25907142857143,0.4868,0.49047946428571426,49.46374523809516,348.43354761904743,735.4200904761902,735.4200904761902,735.4200904761902,0.0,0.0,9300.0,0.0
2025-07-16,0,31,5:10-5:20,707.9031,44.937254761904754,0.4923,0.4951808035714284,39.87985476190477,400.2154535714285,702.8457,702.8457,702.8457,0.0,0.0,9300.0,0.0
2025-07-16,0,32,5:20-5:30,684.7616666666665,79.19017857142856,0.4319,0.43319017857142855,44.809464285714284,387.14721666666645,1483.7142857142856,1483.7142857142856,1483.7142857142856,833.3333333333333,0.0,10050.0,0.0
2025-07-16,0,33,5:30-5:40,685.1427666666666,113.61499761904764,0.3976,0.40137723214285714,45.89738571428575,411.0242910714285,1450.758488095238,1450.758488095238,1450.758488095238,833.3333333333333,0.0,10800.0,0.0
2025-07-16,0,34,5:40-5:50,746.1207333333333,151.32200476190474,0.6141,0.6169897321428571,31.870469047619054,481.1844351190472,626.6691976190476,626.6691976190476,626.6691976190476,-0.0,0.0,10800.0,0.0
2025-07-16,0,35,5:50-6:00,834.2016666666666,192.08035714285714,0.9343,0.933916517857143,38.19071428571419,547.7469059523805,0.0,0.0,0.0,0.0,680.3120238095237,10044.097751322752,0.0
2025-07-16,0,36,6:00-6:10,872.4307333333333,231.12552380952377,0.9568,0.9596089285714291,31.123773809523755,624.0975982142854,0.0,0.0,0.0,0.0,672.4289833333332,9296.954436507936,0.0
2025-07-16,0,37,6:10-6:20,873.7475833333333,267.607219047619,0.872,0.8788736607142859,36.86186666666674,635.2825648809519,0.0,0.0,0.0,0.0,643.0022309523811,8582.507513227512,0.0
2025-07-16,0,38,6:20-6:30,868.1233333333332,304.8633928571428,0.841,0.848964732142857,53.91470238095235,661.1657041666663,0.0,0.0,0.0,0.0,617.1746428571428,7896.757910052909,0.0
2025-07-16,0,39,6:30-6:40,873.56205,347.8525428571428,0.8401,0.8486080357142854,52.695542857142925,795.0526416666662,0.0,0.0,0.0,0.0,578.4050500000002,7254.0856322751315,0.0
2025-07-16,0,40,6:40-6:50,884.45255,395.3975738095238,0.8293,0.8425535714285715,50.51224285714278,851.712776785714,0.0,0.0,0.0,0.0,539.567219047619,6654.566499999999,0.0
2025-07-16,0,41,6:50-7:00,879.8666666666666,444.3035714285714,0.8042,0.8214642857142856,55.464226190476154,869.2981059523805,482.24437778571536,482.24437778571536,482.24437778571536,0.0,8.782943642856026,6644.807673730159,0.0
2025-07-16,0,42,7:00-7:10,848.8146333333334,492.22591904761896,0.7875,0.7984089285714285,48.80176190476186,921.1836833333332,405.3904761904763,405.3904761904763,405.3904761904763,0.0,0.0,6644.807673730159,0.0
2025-07-16,0,43,7:10-7:20,853.2101166666666,541.664238095238,0.7619,0.7683629464285715,47.9477261904762,945.4965535714284,359.49360476190486,359.49360476190486,359.49360476190486,0.0,0.0,6644.807673730159,0.0
2025-07-16,0,44,7:20-7:30,864.6999999999999,588.2714285714285,0.7056,0.7152388392857144,59.15535714285704,942.678789285714,335.5839285714285,335.5839285714285,335.5839285714285,0.0,0.0,6644.807673730159,0.0
2025-07-16,0,45,7:30-7:40,821.5997833333332,625.7904666666666,0.6634,0.6777187500000001,70.340507142857,945.7759619047615,266.1498238095237,266.1498238095237,266.1498238095237,0.0,0.0,6644.807673730159,0.0
2025-07-16,0,46,7:40-7:50,947.08125,671.4491499999999,0.9028,0.9185276785714288,58.99400476190476,950.2292357142853,0.0,0.0,0.0,0.0,334.6261047619048,6273.000890661376,0.0
2025-07-16,0,47,7:50-8:00,1168.0566666666666,722.8116071428569,1.2418,1.2561415178571427,64.90505952380954,938.9644267857138,0.0,0.0,0.0,0.0,510.1501190476192,5706.1674250529095,0.0
2025-07-16,0,48,8:00-8:10,1168.8535,760.4796642857142,1.203,1.217002232142857,71.63232619047619,939.2437970238091,0.0,0.0,0.0,0.0,480.0061619047618,5172.82724515873,0.0
2025-07-16,0,49,8:10-8:20,1128.8202833333332,799.0225499999999,1.1272,1.1400004464285718,61.15888333333328,970.7092113095234,0.0,0.0,0.0,0.0,390.9566166666666,4738.431004417989,0.0
2025-07-16,0,50,8:20-8:30,1143.3633333333332,846.3732142857143,1.1626,1.1739982142857148,82.27660714285719,997.7164440476183,0.0,0.0,0.0,0.0,379.2667261904762,4317.023530873015,0.0
2025-07-16,0,51,8:30-8:40,1128.1247333333333,893.8637547619048,1.1213,1.1352120535714287,65.49021904761935,1033.9238696428563,0.0,0.0,0.0,0.0,299.75119761904784,3983.966644629629,0.0
2025-07-16,0,52,8:40-8:50,1124.2228499999999,929.2241595238095,1.0779,1.0997433035714284,73.60527619047627,1039.7045726190472,0.0,0.0,0.0,0.0,268.6039666666668,3685.5177927777772,0.0
2025-07-16,0,53,8:50-9:00,1150.465,965.8999999999999,1.0682,1.0964629464285713,94.84428571428577,1035.9833369047617,0.0,0.0,0.0,0.0,279.4092857142857,3375.063030873015,0.0
2025-07-16,0,54,9:00-9:10,1167.2251666666666,1027.997004761905,1.028,1.0519589285714288,97.44426428571433,1046.6562535714284,0.0,0.0,0.0,0.0,236.67242619047602,3112.0936684391527,0.0
2025-07-16,0,55,9:10-9:20,1129.4664666666665,1078.2659904761904,0.9329,0.9535455357142861,91.54188095238084,1048.8539976190475,0.0,0.0,0.0,0.0,142.74235714285692,2953.491049391534,0.0
2025-07-16,0,56,9:20-9:30,1089.1116666666667,1104.586607142857,0.8523,0.8731799107142858,74.32726190476183,1055.9519624999994,0.0,0.0,0.0,0.0,58.852321428571486,2888.0995811375656,0.0
2025-07-16,0,57,9:30-9:40,1140.0391333333332,1131.269407142857,0.8961,0.915415625,84.92055952380977,1158.7377958333323,0.0,0.0,0.0,0.0,93.69028571428589,2783.999263677248,0.0
2025-07-16,0,58,9:40-9:50,1160.31575,1165.0616904761905,1.0078,1.0426919642857142,97.26735714285724,1205.1071119047613,0.0,0.0,0.0,0.0,92.52141666666671,2681.197689603174,0.0
2025-07-16,0,59,9:50-10:00,1135.73,1202.0892857142858,1.1119,1.1709566964285716,104.08785714285727,1110.1607041666662,0.0,0.0,0.0,0.0,37.72857142857151,2639.2770546825386,0.0
2025-07-16,0,60,10:00-10:10,1165.25595,1232.5644000000002,1.1599,1.2206267857142856,124.57905000000005,1031.1986517857135,0.0,0.0,0.0,0.0,57.27059999999983,2575.6430546825386,0.0
2025-07-16,0,61,10:10-10:20,1156.13945,1246.7489761904762,1.1246,1.1782424107142855,108.40300952380949,1042.2087130952373,0.0,0.0,0.0,0.0,17.793483333333143,2555.872517645502,0.0
2025-07-16,0,62,10:20-10:30,1114.2649999999999,1248.0160714285714,1.1143,1.1682236607142857,91.7222619047619,1126.0452714285705,0.0,0.0,0.0,42.02880952380974,0.0,2593.6984462169307,0.0
2025-07-16,0,63,10:30-10:40,1147.1565999999998,1252.270926190476,1.2247,1.286336160714286,142.08170476190475,1174.6693220238087,0.0,0.0,0.0,0.0,36.967378571428526,2552.623581137566,0.0
2025-07-16,0,64,10:40-10:50,1179.08945,1272.598657142857,1.0093,1.0603062499999996,126.19469523809516,1163.0161470238086,0.0,0.0,0.0,0.0,32.68548809523804,2516.306372142857,0.0
2025-07-16,0,65,10:50-11:00,1169.4666666666667,1302.84375,0.5672,0.5940419642857142,134.68404761904748,1149.3256595238086,834.6402976190475,834.6402976190475,834.6402976190475,833.3333333333333,0.0,3266.306372142857,0.0
2025-07-16,0,66,11:00-11:10,1155.0481499999999,1326.6245285714285,0.4796,0.4995401785714286,145.1116571428572,1184.9322071428562,806.8686119047618,806.8686119047618,806.8686119047618,833.3333333333333,0.0,4016.306372142857,0.0
2025-07-16,0,67,11:10-11:20,1151.7795666666666,1358.524614285714,0.5335,0.5518799107142859,140.1659095238096,1437.0730005952373,766.7541952380955,766.7541952380955,766.7541952380955,833.3333333333333,0.0,4766.306372142857,0.0
2025-07-16,0,68,11:20-11:30,1170.4233333333332,1382.4080357142857,0.5542,0.570964732142857,128.45107142857142,1792.5599440476178,749.7997023809521,749.7997023809521,749.7997023809521,833.3333333333333,0.0,5516.306372142857,0.0
2025-07-16,0,69,11:30-11:40,1206.41355,1364.21975,0.5863,0.6093397321428571,163.40148809523808,1966.5438428571415,838.9286214285714,838.9286214285714,838.9286214285714,833.3333333333333,0.0,6266.306372142857,0.0
2025-07-16,0,70,11:40-11:50,1194.2692,1351.0721023809524,0.5795,0.6078736607142858,174.5667595238097,2095.0579339285696,851.0971904761905,851.0971904761905,851.0971904761905,833.3333333333333,0.0,7016.306372142857,0.0
2025-07-16,0,71,11:50-12:00,1146.75,1369.6535714285715,0.538,0.5667267857142856,141.6414285714285,2184.685251190475,752.0711904761904,752.0711904761904,752.0711904761904,833.3333333333333,0.0,7766.306372142857,0.0
2025-07-16,0,72,12:00-12:10,1136.0954333333334,1398.4108023809524,0.5213,0.5492995535714287,133.5590285714287,2219.219302380951,704.5769928571431,704.5769928571431,704.5769928571431,833.3333333333333,0.0,8516.306372142857,0.0
2025-07-16,0,73,12:10-12:20,1103.34765,1389.7685333333332,0.4891,0.5140656250000001,140.08137619047642,2237.6548773809513,686.9938261904765,686.9938261904765,686.9938261904765,833.3333333333333,0.0,9266.306372142857,0.0
2025-07-16,0,74,12:20-12:30,1064.965,1344.3125,0.4544,0.4777964285714287,160.69863095238088,2289.056197619047,714.6844642857141,714.6844642857141,714.6844642857141,833.3333333333333,0.0,10016.306372142857,0.0
2025-07-16,0,75,12:30-12:40,1106.8100666666664,1310.7581833333331,0.5043,0.5337156249999999,154.28699999999998,2346.302804761904,783.6722166666666,783.6722166666666,783.6722166666666,833.3333333333333,0.0,10766.306372142857,0.0
2025-07-16,0,76,12:40-12:50,1158.23345,1311.8820595238099,0.6968,0.7301075892857144,155.59758571428574,2410.003967261904,1.9489761904758325,1.9489761904758325,1.9489761904758325,0.0,0.0,10766.306372142857,0.0
2025-07-16,0,77,12:50-13:00,1172.9283333333333,1326.9714285714285,0.9104,0.9412803571428572,136.20958333333337,2436.8220172619035,0.0,0.0,0.0,17.833511904761963,0.0,10782.356532857142,0.0
2025-07-16,0,78,13:00-13:10,1171.4092666666666,1314.3601357142857,0.9441,0.9713285714285715,123.34701666666672,2366.780782142856,0.0,0.0,0.0,19.603852380952503,0.0,10800.0,0.0
2025-07-16,0,79,13:10-13:20,1181.63125,1293.3675714285712,0.957,0.9836174107142861,138.06567857142852,2325.5563529761894,15.408873809521493,15.408873809521493,15.408873809521493,0.0,10.920483333335868,10787.866129629627,0.0
2025-07-16,0,80,13:20-13:30,1206.2816666666665,1279.9580357142856,0.9872,1.014180357142857,97.81172619047629,2255.105706547619,0.0,0.0,0.0,0.0,24.135357142857174,10761.049066137562,0.0
2025-07-16,0,81,13:30-13:40,1219.9428166666667,1268.6819595238096,0.9423,0.9684156249999999,114.1368833333332,2102.451138095238,65.39774047619017,65.39774047619017,65.39774047619017,0.0,0.0,10761.049066137562,0.0
2025-07-16,0,82,13:40-13:50,1193.7316166666665,1245.3016404761906,1.0456,1.0891558035714288,115.65714523809524,1963.7104107142852,0.0,0.0,0.0,0.0,64.08712142857098,10689.84115343915,0.0
2025-07-16,0,83,13:50-14:00,1172.965,1213.175,1.2604,1.3299687500000008,121.85922619047619,1854.2524761904756,0.0,0.0,0.0,0.0,81.64922619047616,10599.119791005289,0.0
2025-07-16,0,84,14:00-14:10,1227.7289666666666,1186.9741452380952,1.3083,1.3797678571428569,120.03230952380954,1750.8576249999994,0.0,0.0,0.0,0.0,160.78713095238095,10420.467423280421,0.0
2025-07-16,0,85,14:10-14:20,1235.1865333333333,1149.4606023809524,1.3032,1.3665348214285715,121.34627857142857,1571.9223398809522,0.0,0.0,0.0,0.0,207.0722095238093,10190.387190476189,0.0
2025-07-16,0,86,14:20-14:30,1185.0749999999998,1101.7794642857143,1.3392,1.3996129464285716,111.44678571428562,1399.7870476190474,0.0,0.0,0.0,0.0,194.74232142857113,9974.006833333333,0.0
2025-07-16,0,87,14:30-14:40,1189.9484,1065.8390404761903,1.3463,1.4090428571428573,163.29961666666665,1285.5430744047612,0.0,0.0,0.0,0.0,287.4089761904763,9654.663526455026,0.0
2025-07-16,0,88,14:40-14:50,1209.3018166666666,1040.1351904761902,1.1047,1.1593254464285716,150.03054761904752,1188.9095321428565,0.0,0.0,0.0,0.0,319.19717380952375,9300.0,0.0
2025-07-16,0,89,14:50-15:00,1212.2116666666666,1013.3857142857144,0.7551,0.794396875,126.89988095238111,1124.5146142857134,1159.0591666666667,1159.0591666666667,1159.0591666666667,833.3333333333333,0.0,10050.0,0.0
2025-07-16,0,90,15:00-15:10,1213.4638499999999,974.6971285714285,0.6946,0.7303674107142859,113.86781904761904,1159.4743910714278,1185.9678738095238,1185.9678738095238,1185.9678738095238,833.3333333333333,0.0,10800.0,0.0
2025-07-16,0,91,15:10-15:20,1212.3011666666666,928.9511285714285,0.7668,0.8023446428571427,111.39555714285746,1167.11272142857,394.74559523809546,394.74559523809546,394.74559523809546,0.0,0.0,10800.0,0.0
2025-07-16,0,92,15:20-15:30,1205.985,877.930357142857,0.8169,0.8523089285714284,128.7717261904763,1127.50473095238,456.8263690476192,456.8263690476192,456.8263690476192,0.0,0.0,10800.0,0.0
2025-07-16,0,93,15:30-15:40,1202.8522833333332,821.0433404761905,0.8402,0.880182589285714,103.51314047619047,1083.0288678571417,485.32208333333324,485.32208333333324,485.32208333333324,0.0,0.0,10800.0,0.0
2025-07-16,0,94,15:40-15:50,1241.7175,775.3880880952381,0.8565,0.8931763392857144,88.8989761904761,1013.5760511904757,555.228388095238,555.228388095238,555.228388095238,0.0,0.0,10800.0,0.0
2025-07-16,0,95,15:50-16:00,1277.3916666666667,736.5133928571428,0.8875,0.9166004464285714,102.09011904761897,1048.9034494047617,642.9683928571429,642.9683928571429,642.9683928571429,0.0,0.0,10800.0,0.0
2025-07-16,0,96,16:00-16:10,1230.04255,684.4773261904761,0.9413,0.9746120535714287,79.9207880952381,1026.9469315476188,625.4860119047619,625.4860119047619,625.4860119047619,0.0,0.0,10800.0,0.0
2025-07-16,0,97,16:10-16:20,1238.8199666666665,640.1602833333333,0.9811,1.0145339285714285,82.64905714285703,1006.9896261904759,681.3087404761903,681.3087404761903,681.3087404761903,0.0,-0.0,10800.0,0.0
2025-07-16,0,98,16:20-16:30,1297.78,602.8,0.9846,1.0119428571428573,96.98613095238113,1019.0034708333332,791.966130952381,791.966130952381,791.966130952381,0.0,0.0,10800.0,0.0
2025-07-16,0,99,16:30-16:40,1263.32045,548.9353880952381,0.9681,0.9972258928571429,89.93659761904769,897.0704363095236,804.3216595238096,804.3216595238096,804.3216595238096,0.0,0.0,10800.0,0.0
2025-07-16,0,100,16:40-16:50,1238.23715,492.301257142857,0.9977,1.0282982142857142,108.49528333333336,746.3795619047617,854.4311761904763,854.4311761904763,854.4311761904763,0.0,-0.0,10800.0,0.0
2025-07-16,0,101,16:50-17:00,1244.6149999999998,443.84375,1.0493,1.0764075892857143,103.62773809523787,703.997504166666,904.3989880952377,904.3989880952377,904.3989880952377,0.0,0.0,10800.0,0.0
2025-07-16,0,102,17:00-17:10,1201.30065,400.46588809523803,1.0403,1.0637955357142856,94.31417380952382,747.8796011904753,895.1489357142858,895.1489357142858,895.1489357142858,-0.0,0.0,10800.0,0.0
2025-07-16,0,103,17:10-17:20,1188.8434666666667,353.2196833333333,1.0552,1.080104464285714,108.62762619047635,769.7840857142847,944.2514095238098,944.2514095238098,944.2514095238098,0.0,0.0,10800.0,0.0
2025-07-16,0,104,17:20-17:30,1252.1316666666667,304.5348214285714,1.1073,1.1354111607142856,101.7292261904762,861.1541642857133,1049.3260714285716,1049.3260714285716,1049.3260714285716,0.0,0.0,10800.0,0.0
2025-07-16,0,105,17:30-17:40,1319.49445,265.0632499999999,1.1332,1.1581549107142857,101.89284523809522,863.0876934523799,1156.3240452380953,1156.3240452380953,1156.3240452380953,0.0,0.0,10800.0,0.0
2025-07-16,0,106,17:40-17:50,1179.8269166666666,227.820819047619,1.2146,1.235195089285714,88.53076904761895,856.8954476190464,1040.5368666666668,1040.5368666666668,1040.5368666666668,0.0,0.0,10800.0,0.0
2025-07-16,0,107,17:50-18:00,954.3566666666667,187.86339285714286,1.3469,1.3646870535714286,82.97720238095246,838.9033845238083,849.4704761904763,849.4704761904763,849.4704761904763,0.0,0.0,10800.0,0.0
2025-07-16,0,108,18:00-18:10,983.09375,147.19284999999996,1.4205,1.4353513392857145,74.70435952380956,767.9724178571417,910.6052595238098,910.6052595238098,910.6052595238098,0.0,-0.0,10800.0,0.0
2025-07-16,0,109,18:10-18:20,1027.9158333333332,109.12355238095236,1.4034,1.4184401785714282,83.22160000000008,766.126467857142,1002.013880952381,1002.013880952381,1002.013880952381,0.0,0.0,10800.0,0.0
2025-07-16,0,110,18:20-18:30,977.1266666666667,74.5642857142857,1.3398,1.356221428571429,85.26964285714268,808.9908999999986,987.8320238095237,987.8320238095237,987.8320238095237,0.0,0.0,10800.0,0.0
2025-07-16,0,111,18:30-18:40,959.3888333333332,42.61920476190476,1.3335,1.3498428571428573,82.48478809523817,801.9567630952367,999.2544166666667,999.2544166666667,999.2544166666667,0.0,0.0,10800.0,0.0
2025-07-16,0,112,18:40-18:50,965.2702833333333,15.908747619047617,1.4923,1.5261410714285708,99.48220238095246,731.340650595237,1048.8437380952382,1048.8437380952382,1048.8437380952382,0.0,0.0,10800.0,0.0
2025-07-16,0,113,18:50-19:00,957.1099999999999,0.0,1.6839,1.7439776785714292,82.71523809523819,818.4604642857132,206.49190476190483,206.49190476190483,206.49190476190483,0.0,833.3333333333333,9874.074074074075,0.0
2025-07-16,0,114,19:00-19:10,929.6802666666667,0.0,1.6616,1.7258339285714286,79.10781666666674,833.815211309523,175.45475000000022,175.45475000000022,175.45475000000022,0.0,833.3333333333333,8948.14814814815,0.0
2025-07-16,0,115,19:10-19:20,963.9433333333333,0.5388357142857143,1.6704,1.730875,78.6534095238095,763.7208535714279,208.7245738095237,208.7245738095237,208.7245738095237,0.0,833.3333333333333,8022.2222222222235,0.0
2025-07-16,0,116,19:20-19:30,1019.4966666666666,0.0,1.7416,1.799926339285715,80.26833333333343,776.2379434523804,266.4316666666666,266.4316666666666,266.4316666666666,0.0,833.3333333333333,7096.296296296297,0.0
2025-07-16,0,117,19:30-19:40,976.51635,0.0,1.6679,1.7220982142857135,68.22093571428582,793.9433601190473,211.40395238095266,211.40395238095266,211.40395238095266,0.0,833.3333333333333,6170.370370370371,0.0
2025-07-16,0,118,19:40-19:50,961.30455,0.038688095238095244,1.6345,1.6907075892857144,69.00076428571435,774.954983333333,1030.2666261904762,1030.2666261904762,1030.2666261904762,0.0,0.0,6170.370370370371,0.0
2025-07-16,0,119,19:50-20:00,994.2933333333333,0.0,1.6897,1.750805357142857,78.40499999999997,734.947964880952,239.365,239.365,239.365,0.0,833.3333333333333,5244.444444444445,0.0
2025-07-16,0,120,20:00-20:10,971.9735833333334,0.0,1.6853,1.742061607142857,99.9435666666667,688.2567333333328,238.58381666666696,238.58381666666696,238.58381666666696,0.0,833.3333333333333,4318.518518518519,0.0
2025-07-16,0,121,20:10-20:20,966.471,0.002773809523809524,1.6441,1.697252232142858,96.27160476190488,688.2219874999995,466.5820404761894,466.5820404761894,466.5820404761894,0.0,596.1577904761916,3656.120973544973,0.0
2025-07-16,0,122,20:20-20:30,993.6499999999999,0.0,1.6536,1.7101776785714284,115.10166666666657,668.036038690476,275.4183333333333,275.4183333333333,275.4183333333333,0.0,833.3333333333333,2730.195047619047,0.0
2025-07-16,0,123,20:30-20:40,991.1033333333332,0.0,1.7241,1.7848660714285711,76.76946666666674,624.7906220238091,234.53946666666684,234.53946666666684,234.53946666666684,0.0,833.3333333333333,1804.2691216931212,0.0
2025-07-16,0,124,20:40-20:50,989.3596166666666,0.00019999999999999998,1.5048,1.5526928571428569,64.07399761904765,543.8422095238092,1001.674179761905,1001.674179761905,1001.674179761905,0.0,51.759234523809205,1746.758861111111,0.0
2025-07-16,0,125,20:50-21:00,995.8583333333332,0.0,1.1153,1.1411499999999997,85.82666666666671,492.0829749999998,1081.8875102880654,1081.8875102880654,1081.8875102880654,0.2025102880654433,0.0,1746.9411203703698,0.0
2025-07-16,0,126,21:00-21:10,984.7197666666666,0.0,1.0549,1.0769214285714284,89.22528333333344,492.24700833333293,1116.122349382717,1116.122349382717,1116.122349382717,42.17729938271683,0.0,1784.900689814815,0.0
2025-07-16,0,127,21:10-21:20,984.9263833333332,0.0,1.1092,1.1372142857142857,87.38498333333337,509.47735416666643,1072.3113666666666,1072.3113666666666,1072.3113666666666,0.0,0.0,1784.900689814815,0.0
2025-07-16,0,128,21:20-21:30,1002.4333333333334,0.0,1.1397,1.1698718750000001,88.15166666666664,526.4106208333334,1090.585,1090.585,1090.585,0.0,0.0,1784.900689814815,0.0
2025-07-16,0,129,21:30-21:40,993.6868,0.0,1.1782,1.2014669642857143,77.11993333333339,485.77728749999994,957.9227583333331,957.9227583333331,957.9227583333331,0.0,112.88397500000019,1659.474050925926,0.0
2025-07-16,0,130,21:40-21:50,874.4899333333333,0.0,0.9224,0.9414089285714288,56.5320333333334,413.5266458333333,865.0953708333335,865.0953708333335,865.0953708333335,0.0,65.9265958333332,1586.222277777778,0.0
2025-07-16,0,131,21:50-22:00,740.5383333333332,0.0,0.5369,0.5591133928571429,96.0233333333332,347.6000500000001,1669.8949999999995,1669.8949999999995,1669.8949999999995,833.3333333333333,0.0,2336.222277777778,0.0
2025-07-16,0,132,22:00-22:10,783.9779666666666,0.0,0.5327,0.5592200892857141,88.55083333333334,388.1024249999999,1705.862133333333,1705.862133333333,1705.862133333333,833.3333333333333,0.0,3086.222277777778,0.0
2025-07-16,0,133,22:10-22:20,832.135,0.0,0.6046,0.6300964285714287,92.26419999999996,372.78824166666675,924.3992,924.3992,924.3992,0.0,0.0,3086.222277777778,0.0
2025-07-16,0,134,22:20-22:30,799.9849999999999,0.0,0.5614,0.5829526785714286,88.09000000000003,354.96362500000004,888.0749999999999,888.0749999999999,888.0749999999999,0.0,0.0,3086.222277777778,0.0
2025-07-16,0,135,22:30-22:40,767.0447833333333,0.0,0.5208,0.5438473214285715,91.18766666666659,306.8290666666668,1691.565783333333,1691.565783333333,1691.565783333333,833.3333333333333,0.0,3836.222277777778,0.0
2025-07-16,0,136,22:40-22:50,747.7198,0.0,0.5396,0.5669013392857143,65.3424,279.3135750000001,1550.5930024691356,1550.5930024691356,1550.5930024691356,737.5308024691357,0.0,4500.0,0.0
2025-07-16,0,137,22:50-23:00,749.0066666666667,0.0,0.5828,0.6114852678571427,74.59999999999991,237.72843333333333,823.6066666666666,823.6066666666666,823.6066666666666,0.0,0.0,4500.0,0.0
2025-07-16,0,138,23:00-23:10,779.1107833333333,0.0,0.5732,0.5975080357142859,85.78036666666674,186.13261249999982,864.89115,864.89115,864.89115,0.0,0.0,4500.0,0.0
2025-07-16,0,139,23:10-23:20,808.3279,0.0,0.5508,0.5730419642857142,107.55713333333347,166.1061583333332,915.8850333333335,915.8850333333335,915.8850333333335,0.0,0.0,4500.0,0.0
2025-07-16,0,140,23:20-23:30,812.9283333333333,0.0,0.5501,0.5740955357142858,87.50833333333321,163.02559583333345,900.4366666666665,900.4366666666665,900.4366666666665,0.0,0.0,4500.0,0.0
2025-07-16,0,141,23:30-23:40,791.3867499999999,0.0,0.5586,0.5823013392857143,90.00511666666671,127.53292916666669,881.3918666666666,881.3918666666666,881.3918666666666,0.0,0.0,4500.0,0.0
2025-07-16,0,142,23:40-23:50,767.6793333333333,0.0,0.5252,0.5483165178571429,73.48784999999998,84.4342916666667,1674.5005166666665,1674.5005166666665,1674.5005166666665,833.3333333333333,0.0,5250.0,0.0
2025-07-16,0,143,23:50-24:00,748.55,0.0,0.4842,0.5077482142857144,90.43333333333334,47.13458333333324,1672.3166666666666,1672.3166666666666,1672.3166666666666,833.3333333333333,0.0,6000.0,0.0
2025-07-17,0,0,0:00-0:10,733.7717166666666,0.0,0.5252,0.5480700892857143,73.19683333333342,1158.2391249999994,806.96855,806.96855,806.96855,0.0,0.0,8372.225224166668,0.0
2025-07-17,0,1,0:10-0:20,782.9555,0.0,0.5798,0.600235267857143,86.40531666666669,1195.9619523809524,36.02748333333352,36.02748333333352,36.02748333333352,0.0,833.3333333333333,7446.299298240742,0.0
2025-07-17,0,2,0:20-0:30,833.8816666666667,0.0,0.5727,0.5901647321428571,80.63833333333332,1224.4032148809524,914.52,914.52,914.52,0.0,0.0,7446.299298240742,0.0
2025-07-17,0,3,0:30-0:40,759.8622,0.0,0.5016,0.5208433035714285,85.22788333333335,1246.1811315476189,845.0900833333334,845.0900833333334,845.0900833333334,0.0,0.0,7446.299298240742,0.0
2025-07-17,0,4,0:40-0:50,716.4559166666666,0.0,0.5124,0.5352107142857142,86.42784999999992,1267.0404035714291,802.8837666666665,802.8837666666665,802.8837666666665,0.0,0.0,7446.299298240742,0.0
2025-07-17,0,5,0:50-1:00,747.6866666666666,0.0,0.5854,0.6096794642857141,92.9899999999999,1328.0071994047626,7.3433333333332484,7.3433333333332484,7.3433333333332484,0.0,833.3333333333333,6520.373372314816,0.0
2025-07-17,0,6,1:00-1:10,741.5092,0.0,0.5597,0.5818232142857143,89.19088333333332,1383.8364714285717,830.7000833333333,830.7000833333333,830.7000833333333,0.0,0.0,6520.373372314816,0.0
2025-07-17,0,7,1:10-1:20,697.3955833333332,0.0,0.5135,0.5324883928571429,90.53543333333346,1313.4995238095235,787.9310166666667,787.9310166666667,787.9310166666667,0.0,0.0,6520.373372314816,0.0
2025-07-17,0,8,1:20-1:30,676.1733333333333,0.0,0.5126,0.5313522321428571,69.74666666666667,1298.6353333333332,745.92,745.92,745.92,0.0,0.0,6520.373372314816,0.0
2025-07-17,0,9,1:30-1:40,730.4162833333332,0.0,0.5399,0.5625410714285712,77.4766166666667,1317.5730714285712,807.8928999999999,807.8928999999999,807.8928999999999,0.0,0.0,6520.373372314816,0.0
2025-07-17,0,10,1:40-1:50,759.4524666666666,0.0,0.5464,0.5676723214285716,78.1231166666667,1283.000152380952,837.5755833333333,837.5755833333333,837.5755833333333,0.0,0.0,6520.373372314816,0.0
2025-07-17,0,11,1:50-2:00,751.4133333333332,0.0,0.5426,0.5597437500000001,85.69000000000005,1259.4701142857143,837.1033333333332,837.1033333333332,837.1033333333332,0.0,0.0,6520.373372314816,0.0
2025-07-17,0,12,2:00-2:10,780.3782333333334,0.0,0.5721,0.5934910714285717,84.23035000000004,1259.3881648809524,864.6085833333334,864.6085833333334,864.6085833333334,0.0,0.0,6520.373372314816,0.0
2025-07-17,0,13,2:10-2:20,760.63665,0.0,0.5514,0.5732232142857144,76.13265000000001,1249.3932291666663,836.7693,836.7693,836.7693,0.0,0.0,6520.373372314816,0.0
2025-07-17,0,14,2:20-2:30,707.5566666666666,0.0,0.5122,0.5274888392857143,71.73833333333334,1234.4511827380952,779.295,779.295,779.295,0.0,0.0,6520.373372314816,0.0
2025-07-17,0,15,2:30-2:40,732.0838999999999,0.0,0.5648,0.5764348214285715,40.73574999999994,1205.0524779761906,772.8196499999998,772.8196499999998,772.8196499999998,0.0,0.0,6520.373372314816,0.0
2025-07-17,0,16,2:40-2:50,761.05615,0.0,0.5546,0.5671334821428571,43.98503333333326,1100.3625029761897,805.0411833333333,805.0411833333333,805.0411833333333,0.0,0.0,6520.373372314816,0.0
2025-07-17,0,17,2:50-3:00,748.5533333333333,0.0,0.4892,0.503799107142857,61.25,1047.5322464285719,809.8033333333333,809.8033333333333,809.8033333333333,0.0,0.0,6520.373372314816,0.0
2025-07-17,0,18,3:00-3:10,725.69075,0.00014285714285714287,0.5322,0.5457754464285713,44.0605833333334,1007.7444750000004,769.7511904761906,769.7511904761906,769.7511904761906,0.0,0.0,6520.373372314816,0.0
2025-07-17,0,19,3:10-3:20,730.2186666666666,0.0,0.5592,0.5724250000000001,50.77761666666663,934.2782744047623,780.9962833333333,780.9962833333333,780.9962833333333,0.0,0.0,6520.373372314816,0.0
2025-07-17,0,20,3:20-3:30,751.3649999999999,0.0,0.53,0.54476875,53.81333333333339,890.8618369047623,805.1783333333333,805.1783333333333,805.1783333333333,0.0,0.0,6520.373372314816,0.0
2025-07-17,0,21,3:30-3:40,736.5809999999999,0.0026071428571428574,0.5241,0.5388370535714285,47.57540238095237,867.3543369047624,784.1537952380951,784.1537952380951,784.1537952380951,0.0,0.0,6520.373372314816,0.0
2025-07-17,0,22,3:40-3:50,667.2429333333333,0.0,0.4705,0.4798450892857143,41.42473333333328,795.0990738095243,1542.0009999999997,1542.0009999999997,1542.0009999999997,833.3333333333333,0.0,7270.373372314816,0.0
2025-07-17,0,23,3:50-4:00,615.585,0.0,0.4125,0.4162758928571428,37.671666666666624,681.4195154761909,1486.59,1486.59,1486.59,833.3333333333333,0.0,8020.373372314816,0.0
2025-07-17,0,24,4:00-4:10,679.9177833333333,0.03630238095238095,0.4785,0.48568973214285727,48.26451666666674,594.0174321428576,1316.620028380363,1316.620028380363,1316.620028380363,588.4740307613154,0.0,8550.0,0.0
2025-07-17,0,25,4:10-4:20,740.8678833333333,0.0,0.5322,0.5414901785714286,53.74806666666666,529.3173452380955,794.61595,794.61595,794.61595,0.0,0.0,8550.0,0.0
2025-07-17,0,26,4:20-4:30,745.3833333333333,0.0,0.5407,0.5480941964285715,51.418333333333294,484.30352857142884,796.8016666666666,796.8016666666666,796.8016666666666,0.0,0.0,8550.0,0.0
2025-07-17,0,27,4:30-4:40,743.74275,0.505652380952381,0.5881,0.596525892857143,54.5044976190477,439.23672380952394,797.7415952380953,797.7415952380953,797.7415952380953,0.0,0.0,8550.0,0.0
2025-07-17,0,28,4:40-4:50,715.7468666666666,0.0,0.5526,0.5602151785714287,37.169116666666696,391.72817380952335,752.9159833333333,752.9159833333333,752.9159833333333,0.0,0.0,8550.0,0.0
2025-07-17,0,29,4:50-5:00,685.1883333333333,0.0,0.4711,0.476085267857143,65.56642857142856,342.12081547619005,1584.088095238095,1584.088095238095,1584.088095238095,833.3333333333333,0.0,9300.0,0.0
2025-07-17,0,30,5:00-5:10,705.4368166666666,15.360052380952382,0.5105,0.5161531250000001,49.46374523809516,345.9583999999994,739.5405095238093,739.5405095238093,739.5405095238093,0.0,0.0,9300.0,0.0
2025-07-17,0,31,5:10-5:20,700.8784499999999,43.282776190476184,0.5172,0.5215267857142855,39.87985476190477,397.7279351190472,697.4755285714285,697.4755285714285,697.4755285714285,0.0,0.0,9300.0,0.0
2025-07-17,0,32,5:20-5:30,665.3633333333332,77.29107142857141,0.4363,0.4380660714285715,44.809464285714284,384.6225857142853,1466.2150595238095,1466.2150595238095,1466.2150595238095,833.3333333333333,0.0,10050.0,0.0
2025-07-17,0,33,5:30-5:40,680.87175,111.51862380952383,0.4072,0.4111928571428571,45.89738571428575,408.54914345238046,1448.5838452380951,1448.5838452380951,1448.5838452380951,833.3333333333333,0.0,10800.0,0.0
2025-07-17,0,34,5:40-5:50,768.9826666666665,149.19759047619044,0.607,0.6105616071428571,31.870469047619054,479.8860136904756,651.6555452380951,651.6555452380951,651.6555452380951,-0.0,0.0,10800.0,0.0
2025-07-17,0,35,5:50-6:00,859.6166666666666,190.18035714285713,0.8868,0.887958035714286,40.39422619047616,556.4762988095233,0.0,0.0,0.0,0.0,709.8305357142856,10011.299404761905,0.0
2025-07-17,0,36,6:00-6:10,856.0283833333333,229.7987904761905,0.9071,0.912200892857143,31.444892857142918,632.2293678571425,0.0,0.0,0.0,0.0,657.6744857142858,9280.549976190476,0.0
2025-07-17,0,37,6:10-6:20,851.9694166666666,268.0439476190476,0.8876,0.8961040178571429,36.86186666666674,638.1331833333329,0.0,0.0,0.0,0.0,620.7873357142857,8590.78626984127,0.0
2025-07-17,0,38,6:20-6:30,885.6766666666667,307.2232142857142,0.9305,0.9387861607142856,53.91470238095235,672.4197279761902,0.0,0.0,0.0,0.0,632.3681547619049,7888.154986772487,0.0
2025-07-17,0,39,6:30-6:40,901.0306166666666,350.412469047619,0.912,0.9210450892857144,52.695542857142925,806.3066654761901,0.0,0.0,0.0,0.0,603.3136904761905,7217.806441798942,0.0
2025-07-17,0,40,6:40-6:50,881.8170333333334,399.21965952380947,0.8468,0.8612214285714287,50.46275952380961,865.3281470238094,0.0,0.0,0.0,0.0,533.0601333333335,6625.517404761905,0.0
2025-07-17,0,41,6:50-7:00,856.14,450.66249999999997,0.7979,0.8161991071428571,55.464226190476154,889.0210500000002,460.9417261904761,460.9417261904761,460.9417261904761,0.0,0.0,6625.517404761905,0.0
2025-07-17,0,42,7:00-7:10,867.39255,499.43991190476186,0.8071,0.818253125,48.80176190476186,941.8336095238096,180.10786726190423,180.10786726190423,180.10786726190423,0.0,236.6465327380958,6362.576812830687,0.0
2025-07-17,0,43,7:10-7:20,887.8221833333333,547.5685357142856,0.7928,0.7999955357142859,47.9477261904762,966.1464797619047,388.20137380952383,388.20137380952383,388.20137380952383,0.0,0.0,6362.576812830687,0.0
2025-07-17,0,44,7:20-7:30,882.8316666666666,593.1999999999999,0.7244,0.7358598214285716,59.15535714285704,963.3287154761904,348.7870238095237,348.7870238095237,348.7870238095237,0.0,0.0,6362.576812830687,0.0
2025-07-17,0,45,7:30-7:40,863.24705,633.3586761904762,0.6898,0.7049803571428571,70.340507142857,966.425888095238,300.2288809523807,300.2288809523807,300.2288809523807,0.0,0.0,6362.576812830687,0.0
2025-07-17,0,46,7:40-7:50,966.4282666666666,682.4645666666667,0.9042,0.9194250000000004,58.99400476190476,970.8791619047618,0.0,0.0,0.0,0.0,342.95770476190467,5981.512696428571,0.0
2025-07-17,0,47,7:50-8:00,1135.2533333333333,735.2767857142856,1.1938,1.2073348214285713,64.90505952380954,959.6143529761904,0.0,0.0,0.0,0.0,464.8816071428573,5464.9775773809515,0.0
2025-07-17,0,48,8:00-8:10,1160.5558833333332,772.0787523809523,1.1473,1.1610580357142857,71.63232619047619,955.6030136904761,0.0,0.0,0.0,0.0,460.10945714285697,4953.744847222221,0.0
2025-07-17,0,49,8:10-8:20,1125.0836166666666,810.6837404761902,1.0683,1.0807160714285715,61.15888333333328,986.914777380952,0.0,0.0,0.0,0.0,375.5587595238096,4536.457336640211,0.0
2025-07-17,0,50,8:20-8:30,1098.9333333333334,859.0080357142856,1.0773,1.087605357142857,82.27660714285719,1013.9220101190472,0.0,0.0,0.0,0.0,322.2019047619051,4178.455220238095,0.0
2025-07-17,0,51,8:30-8:40,1078.7380833333332,905.912438095238,1.0128,1.0256691964285714,65.49021904761935,1050.1294357142851,0.0,0.0,0.0,0.0,238.3158642857145,3913.65981547619,0.0
2025-07-17,0,52,8:40-8:50,1115.5725333333332,943.0252690476188,1.04,1.0596558035714285,73.60527619047627,1056.0900976190476,0.0,0.0,0.0,0.0,246.15254047619078,3640.156992724867,0.0
2025-07-17,0,53,8:50-9:00,1180.5716666666667,981.3883928571428,1.1254,1.1502080357142856,94.84428571428577,1052.3688619047618,0.0,0.0,0.0,0.0,294.0275595238098,3313.4597043650783,0.0
2025-07-17,0,54,9:00-9:10,1179.3181,1038.1634404761903,1.0516,1.0740017857142858,97.44426428571433,1063.0417785714285,0.0,0.0,0.0,0.0,238.59892380952397,3048.349789021163,0.0
2025-07-17,0,55,9:10-9:20,1133.8812333333333,1082.5969738095237,0.9912,1.012145982142857,91.54188095238084,1065.2395226190479,0.0,0.0,0.0,0.0,142.8261404761904,2889.6540773809515,0.0
2025-07-17,0,56,9:20-9:30,1110.6583333333333,1108.9151785714284,0.9985,1.019554017857143,74.32726190476183,1059.5442839285708,0.0,0.0,0.0,0.0,76.07041666666669,2805.1313921957662,0.0
2025-07-17,0,57,9:30-9:40,1153.5029166666666,1140.8897428571427,0.9707,0.9891709821428573,83.74383333333338,1152.5246708333325,0.0,0.0,0.0,0.0,96.35700714285736,2698.0680509259246,0.0
2025-07-17,0,58,9:40-9:50,1165.3980166666665,1172.411269047619,1.042,1.0756294642857143,87.23954285714291,1207.3427482142854,0.0,0.0,0.0,0.0,80.22629047619034,2608.927728174602,0.0
2025-07-17,0,59,9:50-10:00,1149.8633333333332,1202.775892857143,1.1882,1.246113392857143,104.08785714285727,1092.5630797619042,0.0,0.0,0.0,0.0,51.17529761904757,2552.0662863756606,0.0
2025-07-17,0,60,10:00-10:10,1192.1232833333333,1236.8213047619047,1.2178,1.277074107142857,124.57905000000005,1019.7780738095232,0.0,0.0,0.0,0.0,79.88102857142871,2463.3095879629623,0.0
2025-07-17,0,61,10:10-10:20,1169.1263833333333,1249.9660023809522,1.1551,1.2082245535714287,108.40300952380949,1021.5225654761895,0.0,0.0,0.0,0.0,27.563390476190534,2432.683598544973,0.0
2025-07-17,0,62,10:20-10:30,1098.6716666666666,1245.4160714285713,1.1246,1.1788437499999997,91.7222619047619,1105.359123809523,0.0,0.0,0.0,55.02214285714285,0.0,2482.2035271164013,0.0
2025-07-17,0,63,10:30-10:40,1127.4728666666665,1254.9834309523808,1.1736,1.2333696428571432,132.63631904761905,1153.9831744047613,0.0,0.0,0.0,0.0,5.125754761904773,2476.508244047618,0.0
2025-07-17,0,64,10:40-10:50,1146.6257166666664,1283.2286999999997,0.8961,0.9451790178571426,126.19469523809516,1132.8846136904754,0.0,0.0,0.0,10.40828809523805,0.0,2485.8757033333322,0.0
2025-07-17,0,65,10:50-11:00,1126.2283333333332,1315.6535714285712,0.4536,0.4814888392857143,134.68404761904748,1119.1941261904751,778.5921428571428,778.5921428571428,778.5921428571428,833.3333333333333,0.0,3235.8757033333322,0.0
2025-07-17,0,66,11:00-11:10,1151.5859333333333,1335.0688547619047,0.446,0.4685133928571429,145.1116571428572,1154.5395577380941,794.962069047619,794.962069047619,794.962069047619,833.3333333333333,0.0,3985.8757033333322,0.0
2025-07-17,0,67,11:10-11:20,1190.0286833333332,1359.5562047619046,0.521,0.5412620535714285,140.1659095238096,1405.8970029761902,803.9717214285715,803.9717214285715,803.9717214285715,833.3333333333333,0.0,4735.875703333332,0.0
2025-07-17,0,68,11:20-11:30,1208.9499999999998,1384.320535714286,0.4949,0.5119584821428572,128.45107142857142,1761.3839464285704,786.4138690476184,786.4138690476184,786.4138690476184,833.3333333333333,0.0,5485.875703333332,0.0
2025-07-17,0,69,11:30-11:40,1205.9387499999998,1383.967764285714,0.5288,0.5514888392857145,163.40148809523808,1935.3678452380939,806.1365024103474,806.1365024103474,806.1365024103474,820.7640286008235,0.0,6224.563329074073,0.0
2025-07-17,0,70,11:40-11:50,1175.5987666666665,1377.3563880952381,0.5122,0.5401741071428573,174.5667595238097,2067.294402976189,806.1424714285713,806.1424714285713,806.1424714285713,833.3333333333333,0.0,6974.563329074073,0.0
2025-07-17,0,71,11:50-12:00,1130.4866666666667,1379.9607142857144,0.4507,0.47966785714285726,159.4188690476189,2156.9217202380937,743.2781547619045,743.2781547619045,743.2781547619045,833.3333333333333,0.0,7724.563329074073,0.0
2025-07-17,0,72,12:00-12:10,1101.8766333333333,1387.0976380952382,0.4806,0.5106540178571429,133.5590285714287,2209.2332119047605,681.6713571428572,681.6713571428572,681.6713571428572,833.3333333333333,0.0,8474.563329074073,0.0
2025-07-17,0,73,12:10-12:20,1117.27895,1373.877492857143,0.5123,0.540475,140.08137619047642,2227.668786904761,716.8161666666667,716.8161666666667,716.8161666666667,833.3333333333333,0.0,9224.563329074073,0.0
2025-07-17,0,74,12:20-12:30,1146.8883333333333,1338.613392857143,0.4999,0.5258897321428572,160.69863095238088,2279.070107142856,802.3069047619044,802.3069047619044,802.3069047619044,833.3333333333333,0.0,9974.563329074073,0.0
2025-07-17,0,75,12:30-12:40,1133.6206333333332,1307.830195238095,0.5111,0.5414566964285712,153.5671642857144,2336.3167142857133,812.6909357142858,812.6909357142858,812.6909357142858,833.3333333333333,0.0,10724.563329074073,0.0
2025-07-17,0,76,12:40-12:50,1133.0213999999999,1306.786042857143,0.6517,0.6858991071428571,155.59758571428574,2399.2980410714276,0.0,0.0,0.0,18.167057142857402,0.0,10740.913680502645,0.0
2025-07-17,0,77,12:50-13:00,1163.0566666666666,1320.3839285714284,0.8493,0.8822348214285712,136.20958333333337,2426.1160910714275,0.0,0.0,0.0,21.11767857142854,0.0,10759.91959121693,0.0
2025-07-17,0,78,13:00-13:10,1180.3028666666667,1309.1453428571426,0.9087,0.9375218749999998,123.34701666666672,2356.0748559523804,0.0,0.0,0.0,5.4954595238091315,0.0,10764.865504788359,0.0
2025-07-17,0,79,13:10-13:20,1163.1845833333332,1294.0323880952378,0.8905,0.9178330357142855,138.06567857142852,2314.8504267857134,0.0,0.0,0.0,0.0,7.217873809524008,10756.845645,0.0
2025-07-17,0,80,13:20-13:30,1141.5916666666667,1289.8866071428572,0.8828,0.9101214285714283,110.88565476190479,2244.399780357143,0.0,0.0,0.0,37.409285714285716,0.0,10790.514002142856,0.0
2025-07-17,0,81,13:30-13:40,1161.8309,1286.507780952381,0.9315,0.9578834821428576,114.1368833333332,2104.81914047619,0.0,0.0,0.0,10.539997619047881,0.0,10800.0,0.0
2025-07-17,0,82,13:40-13:50,1159.6353,1261.6783809523808,1.0652,1.1098910714285712,115.65714523809524,1966.0784130952377,0.0,0.0,0.0,0.0,13.614064285714221,10784.873261904762,0.0
2025-07-17,0,83,13:50-14:00,1153.045,1224.0910714285715,1.2179,1.2890866071428568,121.85922619047619,1856.620478571428,0.0,0.0,0.0,0.0,50.8131547619048,10728.414201058202,0.0
2025-07-17,0,84,14:00-14:10,1220.1348833333332,1201.5665642857143,1.2712,1.3422375000000006,120.03230952380954,1753.225627380952,0.0,0.0,0.0,0.0,138.6006285714284,10574.413502645504,0.0
2025-07-17,0,85,14:10-14:20,1243.5566833333332,1165.5320285714283,1.2592,1.3206491071428572,121.34627857142857,1574.2903422619047,0.0,0.0,0.0,0.0,199.3709333333336,10352.890243386244,0.0
2025-07-17,0,86,14:20-14:30,1197.6283333333333,1113.8964285714285,1.2749,1.3337455357142858,111.44678571428562,1402.1550499999994,0.0,0.0,0.0,0.0,195.17869047619047,10136.025031746032,0.0
2025-07-17,0,87,14:30-14:40,1177.5405833333332,1076.0225309523807,1.3406,1.4022116071428565,163.29961666666665,1287.9110767857137,0.0,0.0,0.0,0.0,264.8176690476191,9841.783177248677,0.0
2025-07-17,0,88,14:40-14:50,1194.4583833333331,1043.5918357142855,1.1411,1.1952133928571431,150.03054761904752,1191.277534523809,0.0,0.0,0.0,0.0,300.89709523809506,9507.453071428572,0.0
2025-07-17,0,89,14:50-15:00,1223.9216666666666,1005.3410714285715,0.8167,0.8563200892857142,127.94434523809525,1126.8826166666659,949.3548611111103,949.3548611111103,949.3548611111103,602.82992063492,0.0,10050.0,0.0
2025-07-17,0,90,15:00-15:10,1233.8405333333333,959.3548714285714,0.8354,0.8719669642857145,113.86781904761904,1162.8868577380945,388.353480952381,388.353480952381,388.353480952381,0.0,0.0,10050.0,0.0
2025-07-17,0,91,15:10-15:20,1215.828,912.9840238095237,0.8362,0.8716991071428574,111.39555714285746,1170.5251880952371,414.2395333333336,414.2395333333336,414.2395333333336,0.0,0.0,10050.0,0.0
2025-07-17,0,92,15:20-15:30,1212.565,866.1892857142857,0.7469,0.7808544642857145,128.7717261904763,1130.9171976190466,1308.480773809524,1308.480773809524,1308.480773809524,833.3333333333333,0.0,10800.0,0.0
2025-07-17,0,93,15:30-15:40,1271.9881333333333,813.7508380952381,0.8637,0.9023075892857141,100.10067380952393,1089.429667857142,558.337969047619,558.337969047619,558.337969047619,0.0,0.0,10800.0,0.0
2025-07-17,0,94,15:40-15:50,1288.827,767.4382690476191,0.9597,0.9964642857142859,88.8989761904761,1016.8737202380952,610.287707142857,610.287707142857,610.287707142857,0.0,0.0,10800.0,0.0
2025-07-17,0,95,15:50-16:00,1250.165,724.9473214285714,0.9314,0.9616508928571432,102.09011904761897,1052.201118452381,627.3077976190476,627.3077976190476,627.3077976190476,0.0,0.0,10800.0,0.0
2025-07-17,0,96,16:00-16:10,1243.9491333333333,673.9433142857142,0.9055,0.9389183035714286,79.9207880952381,1030.2446005952381,649.9266071428572,649.9266071428572,649.9266071428572,0.0,0.0,10800.0,0.0
2025-07-17,0,97,16:10-16:20,1239.6146666666666,634.2462095238095,0.8947,0.9279410714285713,82.64905714285703,1010.2872952380953,688.017514285714,688.017514285714,688.017514285714,0.0,0.0,10800.0,0.0
2025-07-17,0,98,16:20-16:30,1235.4666666666667,601.3410714285715,0.9249,0.952747767857143,96.98613095238113,1022.3011398809526,731.1117261904765,731.1117261904765,731.1117261904765,0.0,0.0,10800.0,0.0
2025-07-17,0,99,16:30-16:40,1263.2337666666667,549.012430952381,1.0274,1.0562500000000001,89.93659761904769,900.3681053571431,804.1579333333334,804.1579333333334,804.1579333333334,0.0,0.0,10800.0,0.0
2025-07-17,0,100,16:40-16:50,1253.87995,493.83171428571427,1.0827,1.1122973214285714,108.49528333333336,749.677230952381,868.5435190476192,868.5435190476192,868.5435190476192,0.0,0.0,10800.0,0.0
2025-07-17,0,101,16:50-17:00,1233.01,447.15357142857135,1.0811,1.1071785714285711,103.62773809523787,707.2951732142856,889.4841666666665,889.4841666666665,889.4841666666665,0.0,0.0,10800.0,0.0
2025-07-17,0,102,17:00-17:10,1291.6282833333332,403.663719047619,1.125,1.1473343749999998,94.31417380952382,751.1772702380948,982.2787380952382,982.2787380952382,982.2787380952382,0.0,0.0,10800.0,0.0
2025-07-17,0,103,17:10-17:20,1307.7483166666666,356.84973809523814,1.1712,1.1958392857142859,108.62762619047635,773.0817547619042,1059.5262047619049,1059.5262047619049,1059.5262047619049,0.0,0.0,10800.0,0.0
2025-07-17,0,104,17:20-17:30,1272.5433333333333,308.98928571428564,1.1767,1.2060290178571427,101.7292261904762,864.4518333333328,1065.2832738095237,1065.2832738095237,1065.2832738095237,0.0,-0.0,10800.0,0.0
2025-07-17,0,105,17:30-17:40,1275.6294333333333,267.9833952380952,1.1528,1.1791008928571431,101.89284523809522,866.3853624999994,1109.5388833333334,1109.5388833333334,1109.5388833333334,0.0,0.0,10800.0,0.0
2025-07-17,0,106,17:40-17:50,1142.8340666666666,228.79107380952377,1.1732,1.1941736607142854,88.53076904761895,860.1931166666659,1002.5737619047618,1002.5737619047618,1002.5737619047618,0.0,0.0,10800.0,0.0
2025-07-17,0,107,17:50-18:00,936.265,187.7598214285714,1.2454,1.2624986607142858,82.97720238095246,842.2010535714278,831.482380952381,831.482380952381,831.482380952381,0.0,-0.0,10800.0,0.0
2025-07-17,0,108,18:00-18:10,920.56545,146.3970357142857,1.3082,1.3221745535714287,74.70435952380956,771.2700869047612,848.8727738095239,848.8727738095239,848.8727738095239,0.0,-0.0,10800.0,0.0
2025-07-17,0,109,18:10-18:20,960.24235,107.84735476190477,1.3497,1.3648633928571425,83.22160000000008,769.4241369047616,935.6165952380953,935.6165952380953,935.6165952380953,0.0,0.0,10800.0,0.0
2025-07-17,0,110,18:20-18:30,953.0450000000001,73.00446428571428,1.3483,1.365894642857143,85.26964285714268,812.2885690476181,965.3101785714284,965.3101785714284,965.3101785714284,0.0,0.0,10800.0,0.0
2025-07-17,0,111,18:30-18:40,938.7113833333333,41.08060714285715,1.3122,1.3292245535714282,82.48478809523817,805.2544321428562,980.1155642857143,980.1155642857143,980.1155642857143,-0.0,0.0,10800.0,0.0
2025-07-17,0,112,18:40-18:50,974.3880999999999,15.046638095238091,1.4465,1.4805999999999995,99.48220238095246,734.6383196428565,1058.8236642857144,1058.8236642857144,1058.8236642857144,0.0,0.0,10800.0,0.0
2025-07-17,0,113,18:50-19:00,1027.37,0.0,1.6704,1.7309486607142859,82.71523809523819,821.7581333333328,276.7519047619048,276.7519047619048,276.7519047619048,0.0,833.3333333333333,9874.074074074075,0.0
2025-07-17,0,114,19:00-19:10,1012.2695,0.0,1.6887,1.7530473214285716,79.10781666666674,837.1128803571424,258.0439833333335,258.0439833333335,258.0439833333335,0.0,833.3333333333333,8948.14814814815,0.0
2025-07-17,0,115,19:10-19:20,999.34795,0.5045190476190475,1.6809,1.739726785714286,78.6534095238095,767.0185226190475,244.16350714285727,244.16350714285727,244.16350714285727,0.0,833.3333333333333,8022.2222222222235,0.0
2025-07-17,0,116,19:20-19:30,997.9766666666666,0.0,1.7094,1.7650053571428566,77.27999999999986,776.7365749999999,241.92333333333318,241.92333333333318,241.92333333333318,0.0,833.3333333333333,7096.296296296297,0.0
2025-07-17,0,117,19:30-19:40,953.7066333333333,0.0,1.661,1.7148281250000004,67.91159999999991,791.4536583333334,1021.6182333333333,1021.6182333333333,1021.6182333333333,0.0,0.0,7096.296296296297,0.0
2025-07-17,0,118,19:40-19:50,954.0682166666667,0.03622380952380953,1.6672,1.7232691964285711,69.00076428571435,771.2229333333331,189.69942380952398,189.69942380952398,189.69942380952398,0.0,833.3333333333333,6170.370370370371,0.0
2025-07-17,0,119,19:50-20:00,986.1633333333332,0.0,1.7147,1.7740495535714285,78.40499999999997,731.2159148809521,231.2349999999999,231.2349999999999,231.2349999999999,0.0,833.3333333333333,5244.444444444445,0.0
2025-07-17,0,120,20:00-20:10,955.79295,0.0,1.6607,1.717724553571429,99.9435666666667,684.524683333333,455.8466761904756,455.8466761904756,455.8466761904756,0.0,599.8898404761912,4577.900177248677,0.0
2025-07-17,0,121,20:10-20:20,982.9069166666666,0.0025976190476190474,1.6686,1.7226950892857136,96.27160476190488,684.4899374999997,245.84259047619048,245.84259047619048,245.84259047619048,0.0,833.3333333333333,3651.974251322751,0.0
2025-07-17,0,122,20:20-20:30,1042.9233333333332,0.0,1.7648,1.8206330357142855,115.10166666666657,664.3039886904761,324.6916666666664,324.6916666666664,324.6916666666664,0.0,833.3333333333333,2726.048325396825,0.0
2025-07-17,0,123,20:30-20:40,990.6405,0.0,1.7579,1.8178589285714284,76.76946666666674,621.0585720238092,234.07663333333335,234.07663333333335,234.07663333333335,0.0,833.3333333333333,1800.1223994708994,0.0
2025-07-17,0,124,20:40-20:50,986.2775499999999,0.00016666666666666666,1.4638,1.5100790178571426,64.07399761904765,540.1101595238093,998.5921464285713,998.5921464285713,998.5921464285713,0.0,51.75923452380962,1742.6121388888887,0.0
2025-07-17,0,125,20:50-21:00,1032.02,0.0,1.0975,1.1207955357142854,85.82666666666671,488.35092499999996,1118.0491769547325,1118.0491769547325,1118.0491769547325,0.20251028806569593,0.0,1742.7943981481478,0.0
2025-07-17,0,126,21:00-21:10,971.2072166666667,0.0,1.0834,1.1051348214285712,89.22528333333344,488.5149583333331,1102.6097993827168,1102.6097993827168,1102.6097993827168,42.17729938271658,0.0,1780.7539675925927,0.0
2025-07-17,0,127,21:10-21:20,949.77415,0.0,1.1202,1.149282142857143,87.38498333333337,505.7453041666666,1037.1591333333333,1037.1591333333333,1037.1591333333333,0.0,0.0,1780.7539675925927,0.0
2025-07-17,0,128,21:20-21:30,1001.9916666666666,0.0,1.0935,1.1236392857142856,88.15166666666664,522.6785708333335,1090.1433333333332,1090.1433333333332,1090.1433333333332,0.0,0.0,1780.7539675925927,0.0
2025-07-17,0,129,21:30-21:40,1000.3924499999999,0.0,1.1395,1.1617424107142857,77.11993333333339,482.0452375000001,964.6284083333333,964.6284083333333,964.6284083333333,0.0,112.88397499999998,1655.3273287037039,0.0
2025-07-17,0,130,21:40-21:50,932.0145166666666,0.0,0.927,0.9451035714285714,56.5320333333334,409.79459583333346,922.6199541666668,922.6199541666668,922.6199541666668,0.0,65.9265958333332,1582.0755555555559,0.0
2025-07-17,0,131,21:50-22:00,855.7116666666667,0.0,0.5685,0.5910160714285715,96.0233333333332,343.8680000000003,1001.7379320987651,1001.7379320987651,1001.7379320987651,50.002932098765186,0.0,1627.0781944444445,0.0
2025-07-17,0,132,22:00-22:10,835.7485666666666,0.0,0.5508,0.5790375000000001,88.55083333333334,384.3703750000001,924.2994,924.2994,924.2994,0.0,0.0,1627.0781944444445,0.0
2025-07-17,0,133,22:10-22:20,799.1164333333332,0.0,0.6133,0.6403151785714284,92.26419999999996,369.0561916666669,891.3806333333332,891.3806333333332,891.3806333333332,0.0,0.0,1627.0781944444445,0.0
2025-07-17,0,134,22:20-22:30,762.995,0.0,0.5761,0.5976566964285714,88.09000000000003,351.2315750000002,851.085,851.085,851.085,0.0,0.0,1627.0781944444445,0.0
2025-07-17,0,135,22:30-22:40,814.4626499999999,0.0,0.5326,0.5549504464285715,91.18766666666659,303.09701666666695,1597.7856561728393,1597.7856561728393,1597.7856561728393,692.1353395061727,0.0,2250.0,0.0
2025-07-17,0,136,22:40-22:50,827.5910833333334,0.0,0.5655,0.5922013392857143,65.3424,275.5815250000003,892.9334833333334,892.9334833333334,892.9334833333334,0.0,0.0,2250.0,0.0
2025-07-17,0,137,22:50-23:00,786.3683333333333,0.0,0.6158,0.6439915178571429,74.59999999999991,233.99638333333348,860.9683333333332,860.9683333333332,860.9683333333332,0.0,0.0,2250.0,0.0
2025-07-17,0,138,23:00-23:10,793.5231833333333,0.0,0.5529,0.5761906249999997,85.78036666666674,182.40056249999998,879.3035500000001,879.3035500000001,879.3035500000001,0.0,0.0,2250.0,0.0
2025-07-17,0,139,23:10-23:20,774.21845,0.0,0.4995,0.5205316964285713,111.28918333333331,162.37410833333337,1718.8409666666666,1718.8409666666666,1718.8409666666666,833.3333333333333,0.0,3000.0,0.0
2025-07-17,0,140,23:20-23:30,735.6266666666667,0.0,0.5084,0.5313745535714284,87.50833333333321,163.02559583333345,1656.4683333333332,1656.4683333333332,1656.4683333333332,833.3333333333333,0.0,3750.0,0.0
2025-07-17,0,141,23:30-23:40,755.5840333333333,0.0,0.5097,0.5322486607142854,90.00511666666671,127.53292916666669,1678.9224833333333,1678.9224833333333,1678.9224833333333,833.3333333333333,0.0,4500.0,0.0
2025-07-17,0,142,23:40-23:50,691.8222166666666,0.0,0.4803,0.503209375,73.48784999999998,84.4342916666667,1598.6434,1598.6434,1598.6434,833.3333333333333,0.0,5250.0,0.0
2025-07-17,0,143,23:50-24:00,574.9183333333333,0.0,0.44,0.46513794642857154,90.43333333333334,47.13458333333324,1498.685,1498.685,1498.685,833.3333333333333,0.0,6000.0,0.0
2025-07-18,0,0,0:00-0:10,587.59895,0.0,0.4271,0.4522191964285715,79.98968333333335,1126.5281583333328,667.5886333333333,667.5886333333333,667.5886333333333,0.0,0.0,8567.736167070107,0.0
2025-07-18,0,1,0:10-0:20,610.4193499999999,0.0,0.4368,0.45863258928571426,89.07933333333335,1171.0438357142857,699.4986833333332,699.4986833333332,699.4986833333332,0.0,0.0,8567.736167070107,0.0
2025-07-18,0,2,0:20-0:30,590.39,0.0,0.4456,0.4633883928571429,80.63833333333332,1199.0728982142857,671.0283333333333,671.0283333333333,671.0283333333333,0.0,0.0,8567.736167070107,0.0
2025-07-18,0,3,0:30-0:40,596.5294333333333,0.0,0.4325,0.4523459821428571,85.22788333333335,1220.8508148809524,681.7573166666666,681.7573166666666,681.7573166666666,0.0,0.0,8567.736167070107,0.0
2025-07-18,0,4,0:40-0:50,609.1117833333333,0.0,0.4183,0.4412428571428574,86.42784999999992,1241.7100869047626,695.5396333333332,695.5396333333332,695.5396333333332,0.0,0.0,8567.736167070107,0.0
2025-07-18,0,5,0:50-1:00,614.0633333333333,0.0,0.4338,0.45702857142857134,92.9899999999999,1302.6768827380959,707.0533333333332,707.0533333333332,707.0533333333332,0.0,0.0,8567.736167070107,0.0
2025-07-18,0,6,1:00-1:10,619.5307166666666,0.0,0.483,0.5043705357142857,89.19088333333332,1356.0538928571432,0.0,0.0,0.0,0.0,708.7216,7780.267722625662,0.0
2025-07-18,0,7,1:10-1:20,606.4947999999999,0.0,0.4708,0.48947455357142855,90.53543333333346,1285.7169452380947,0.0,0.0,0.0,0.0,697.0302333333334,7005.789685588625,0.0
2025-07-18,0,8,1:20-1:30,586.5533333333333,0.0,0.4075,0.42612187499999993,75.85166666666669,1270.8527547619046,662.405,662.405,662.405,0.0,0.0,7005.789685588625,0.0
2025-07-18,0,9,1:30-1:40,592.5062,0.0,0.398,0.4212665178571428,77.4766166666667,1295.8954928571427,669.9828166666667,669.9828166666667,669.9828166666667,0.0,0.0,7005.789685588625,0.0
2025-07-18,0,10,1:40-1:50,593.15975,0.0,0.411,0.4326638392857144,78.1231166666667,1262.8177380952375,671.2828666666667,671.2828666666667,671.2828666666667,0.0,0.0,7005.789685588625,0.0
2025-07-18,0,11,1:50-2:00,589.2466666666667,0.0,0.4246,0.4405745535714286,85.69000000000005,1239.2876999999994,674.9366666666667,674.9366666666667,674.9366666666667,0.0,0.0,7005.789685588625,0.0
2025-07-18,0,12,2:00-2:10,610.288,0.0,0.4529,0.47178124999999993,84.23035000000004,1239.205750595238,0.0,0.0,0.0,0.0,694.51835,6234.102630033069,0.0
2025-07-18,0,13,2:10-2:20,610.3141499999999,0.0,0.471,0.49084374999999997,84.52453333333335,1227.3258648809517,0.0,0.0,0.0,0.0,694.8386833333333,5462.059648551587,0.0
2025-07-18,0,14,2:20-2:30,585.6766666666666,0.0,0.45,0.46444687500000004,71.73833333333334,1221.246939285714,657.415,657.415,657.415,0.0,0.0,5462.059648551587,0.0
2025-07-18,0,15,2:30-2:40,578.7268666666666,0.0,0.3893,0.3992375000000001,40.73574999999994,1193.2619470238096,619.4626166666666,619.4626166666666,619.4626166666666,0.0,0.0,5462.059648551587,0.0
2025-07-18,0,16,2:40-2:50,570.2798166666666,0.0,0.3733,0.38469732142857144,43.98503333333326,1087.3589363095243,614.2648499999999,614.2648499999999,614.2648499999999,0.0,0.0,5462.059648551587,0.0
2025-07-18,0,17,2:50-3:00,556.1333333333333,0.0,0.4081,0.42305401785714297,62.32166666666666,1035.270477976191,618.4549999999999,618.4549999999999,618.4549999999999,0.0,0.0,5462.059648551587,0.0
2025-07-18,0,18,3:00-3:10,560.3647166666666,0.00011666666666666667,0.4209,0.43340044642857134,44.0605833333334,996.554373214286,604.4251833333333,604.4251833333333,604.4251833333333,0.0,0.0,5462.059648551587,0.0
2025-07-18,0,19,3:10-3:20,593.79535,0.0,0.4235,0.43538750000000004,50.77761666666663,923.0881726190478,644.5729666666666,644.5729666666666,644.5729666666666,0.0,0.0,5462.059648551587,0.0
2025-07-18,0,20,3:20-3:30,613.6966666666666,0.0,0.4391,0.45448169642857134,53.81333333333339,879.6717351190479,667.51,667.51,667.51,0.0,0.0,5462.059648551587,0.0
2025-07-18,0,21,3:30-3:40,563.2092666666666,0.0025142857142857146,0.467,0.48333482142857154,47.57540238095237,856.1642351190478,0.0,0.0,0.0,0.0,610.7821547619047,4783.412809927248,0.0
2025-07-18,0,22,3:40-3:50,525.0047,0.0,0.4555,0.4667834821428571,47.785283333333325,783.9089720238098,341.5902782083343,341.5902782083343,341.5902782083343,0.0,231.199705124999,4526.5242486772495,0.0
2025-07-18,0,23,3:50-4:00,536.9949999999999,0.0,0.4213,0.42691607142857135,37.98666666666668,676.5899636904765,574.9816666666666,574.9816666666666,574.9816666666666,0.0,0.0,4526.5242486772495,0.0
2025-07-18,0,24,4:00-4:10,560.2863833333333,0.035019047619047616,0.4312,0.4392084821428573,48.26451666666674,589.5028803571431,608.515880952381,608.515880952381,608.515880952381,0.0,0.0,4526.5242486772495,0.0
2025-07-18,0,25,4:10-4:20,570.1172166666666,0.0,0.4339,0.4429370535714285,56.83428333333336,524.8027934523811,626.9515,626.9515,626.9515,0.0,0.0,4526.5242486772495,0.0
2025-07-18,0,26,4:20-4:30,559.6333333333333,0.0,0.4128,0.4190660714285715,51.418333333333294,482.87519345238115,611.0516666666666,611.0516666666666,611.0516666666666,0.0,0.0,4526.5242486772495,0.0
2025-07-18,0,27,4:30-4:40,538.2299333333333,0.4877690476190477,0.4077,0.4142562499999999,54.5044976190477,436.86591369047625,592.2466619047619,592.2466619047619,592.2466619047619,0.0,0.0,4526.5242486772495,0.0
2025-07-18,0,28,4:40-4:50,526.1672833333333,0.0,0.4194,0.426932142857143,37.169116666666696,389.3202511904757,563.3364,563.3364,563.3364,0.0,0.0,4526.5242486772495,0.0
2025-07-18,0,29,4:50-5:00,542.64,0.0,0.4339,0.44117857142857136,68.01869047619044,339.7128928571425,610.6586904761905,610.6586904761905,610.6586904761905,0.0,0.0,4526.5242486772495,0.0
2025-07-18,0,30,5:00-5:10,582.3266,14.90725238095238,0.4363,0.4426223214285714,49.46374523809516,342.92244285714276,616.8830928571427,616.8830928571427,616.8830928571427,0.0,0.0,4526.5242486772495,0.0
2025-07-18,0,31,5:10-5:20,561.7508666666666,42.45053571428571,0.4251,0.4288803571428571,39.87985476190477,395.3535208333332,559.1801857142857,559.1801857142857,559.1801857142857,0.0,0.0,4526.5242486772495,0.0
2025-07-18,0,32,5:20-5:30,500.2266666666667,76.32232142857141,0.384,0.3858446428571431,44.809464285714284,384.2327999999995,468.7138095238096,468.7138095238096,468.7138095238096,0.0,0.0,4526.5242486772495,0.0
2025-07-18,0,33,5:30-5:40,502.27613333333335,110.41714047619048,0.3334,0.3372691964285714,44.40222142857158,400.99816488095223,1269.5945476190477,1269.5945476190477,1269.5945476190477,833.3333333333333,0.0,5276.5242486772495,0.0
2025-07-18,0,34,5:40-5:50,525.7105166666666,148.12034285714282,0.4941,0.4983714285714285,31.870469047619054,470.8398708333332,0.0,0.0,0.0,0.0,409.4606428571429,4821.567978835979,0.0
2025-07-18,0,35,5:50-6:00,526.9766666666667,189.26428571428573,0.744,0.7476825892857144,40.39422619047616,547.4301559523809,0.0,0.0,0.0,0.0,378.1066071428571,4401.449526455027,0.0
2025-07-18,0,36,6:00-6:10,508.9157,228.91573095238095,0.7237,0.7314607142857146,33.32984285714292,623.3071238095238,0.0,0.0,0.0,0.0,313.329811904762,4053.3052910052916,0.0
2025-07-18,0,37,6:10-6:20,511.04115,266.94533571428565,0.6881,0.6972316964285715,36.86186666666674,631.3436869047619,0.0,0.0,0.0,0.0,280.9576809523811,3741.1300899470903,0.0
2025-07-18,0,38,6:20-6:30,529.8566666666666,305.9723214285714,0.7214,0.7280656250000002,53.91470238095235,665.2585351190478,0.0,0.0,0.0,0.0,277.79904761904754,3432.464481481482,0.0
2025-07-18,0,39,6:30-6:40,530.9899333333333,348.7506309523809,0.6612,0.6688812500000002,52.695542857142925,799.1454726190477,0.0,0.0,0.0,0.0,234.93484523809536,3171.425764550265,0.0
2025-07-18,0,40,6:40-6:50,560.5041333333334,392.9062214285714,0.6585,0.6727616071428572,50.51224285714278,858.166954166667,0.0,0.0,0.0,0.0,218.11015476190477,2929.0811481481483,0.0
2025-07-18,0,41,6:50-7:00,613.2166666666667,440.7249999999999,0.7193,0.7379187500000001,55.464226190476154,881.9093404761909,0.0,0.0,0.0,0.0,227.955892857143,2675.796822751323,0.0
2025-07-18,0,42,7:00-7:10,627.9818333333333,496.92808571428566,0.6873,0.6982647321428572,48.80176190476186,934.7219000000005,0.0,0.0,0.0,0.0,179.85550952380947,2475.9573677248677,0.0
2025-07-18,0,43,7:10-7:20,608.10935,552.3023214285713,0.6595,0.6663964285714286,47.9477261904762,959.0347702380956,0.0,0.0,0.0,0.0,103.7547547619049,2360.6743068783067,0.0
2025-07-18,0,44,7:20-7:30,587.755,597.6723214285714,0.6411,0.6528933035714287,59.15535714285704,956.2170059523812,0.0,0.0,0.0,0.0,49.238035714285616,2305.9653783068784,0.0
2025-07-18,0,45,7:30-7:40,594.8481166666666,633.5872357142857,0.5571,0.5729647321428575,70.340507142857,959.3141785714288,0.0,0.0,0.0,0.0,31.60138809523778,2270.852724867725,0.0
2025-07-18,0,46,7:40-7:50,579.8438,683.5721619047619,0.6275,0.642690625,58.99400476190476,963.7674523809526,0.0,0.0,0.0,44.734357142857945,0.0,2311.1136462962963,0.0
2025-07-18,0,47,7:50-8:00,546.46,741.0303571428572,0.8095,0.8222589285714286,64.90505952380954,952.5026434523811,0.0,0.0,0.0,129.6652976190476,0.0,2427.8124141534395,0.0
2025-07-18,0,48,8:00-8:10,554.0668,777.0755999999999,0.8242,0.8382290178571431,71.63232619047619,948.4913041666669,0.0,0.0,0.0,151.37647380952367,0.0,2564.051240582011,0.0
2025-07-18,0,49,8:10-8:20,592.4928,815.6507523809523,0.795,0.808533035714286,61.15888333333328,976.9409363095239,0.0,0.0,0.0,161.99906904761886,0.0,2709.8504027248673,0.0
2025-07-18,0,50,8:20-8:30,610.3683333333333,864.2973214285713,0.8065,0.8183482142857145,82.27660714285719,1000.6190113095236,0.0,0.0,0.0,171.65238095238078,0.0,2864.33754558201,0.0
2025-07-18,0,51,8:30-8:40,574.9443333333334,905.6475809523808,0.8182,0.8339428571428572,67.61666904761915,1036.8264369047617,0.0,0.0,0.0,-0.0,453.1702011428568,2360.8150998677247,0.0
2025-07-18,0,52,8:40-8:50,611.94255,942.6556904761906,0.8602,0.8817973214285711,74.07551428571415,1044.7335898809524,0.0,0.0,0.0,256.63762619047645,0.0,2591.7889634391536,0.0
2025-07-18,0,53,8:50-9:00,703.51,982.5383928571428,0.8814,0.9061303571428573,94.84428571428577,1041.4825922619048,0.0,0.0,0.0,184.18410714285696,-0.0,2757.5546598677247,0.0
2025-07-18,0,54,9:00-9:10,703.1891166666666,1028.0886309523808,0.7959,0.8195151785714285,97.44426428571433,1050.349199404762,0.0,0.0,0.0,-0.0,349.2522504285712,2369.496603835979,0.0
2025-07-18,0,55,9:10-9:20,680.48505,1069.478133333333,0.7693,0.7916562499999998,95.56130714285707,1052.5469434523811,0.0,0.0,0.0,-0.0,29.373080952381223,2336.859847222222,0.0
2025-07-18,0,56,9:20-9:30,683.55,1104.7419642857142,0.8048,0.8257138392857143,74.82285714285717,1023.1738625,0.0,0.0,0.0,115.40244708994766,0.0,2440.722049603175,0.0
2025-07-18,0,57,9:30-9:40,693.3775833333334,1140.3303452380953,0.7653,0.7839812500000002,83.74383333333338,1116.6498446428573,0.0,0.0,0.0,71.10554894179887,0.0,2504.717043650794,0.0
2025-07-18,0,58,9:40-9:50,728.8556333333332,1172.6313380952379,0.844,0.8771424107142857,87.23954285714291,1174.2453392857146,0.0,0.0,0.0,-0.0,116.12309880952398,2375.6913783068785,0.0
2025-07-18,0,59,9:50-10:00,753.0049999999999,1202.25,1.0054,1.0614879464285714,104.08785714285727,1058.1222404761907,0.0,0.0,0.0,345.1571428571429,0.0,2686.332806878307,0.0
2025-07-18,0,60,10:00-10:10,705.30525,1231.8810666666664,0.9997,1.0587183035714285,124.57905000000005,991.7876892857146,0.0,0.0,0.0,-0.0,270.00646904761965,2386.3256190476186,0.0
2025-07-18,0,61,10:10-10:20,689.7684833333333,1246.2004238095237,0.9673,1.0206910714285715,108.40300952380949,983.8564988095237,0.0,0.0,0.0,-0.0,0.0,2386.3256190476186,0.0
2025-07-18,0,62,10:20-10:30,714.2883333333332,1248.8794642857142,1.0163,1.069389732142857,91.7222619047619,1067.693057142857,0.0,0.0,0.0,26.0135251322753,0.0,2409.7377916666665,0.0
2025-07-18,0,63,10:30-10:40,687.1939333333332,1261.6153166666668,1.0601,1.1186375000000002,132.63631904761905,1088.7640124999996,0.0,0.0,0.0,0.0,21.09856071428576,2386.294946428571,0.0
2025-07-18,0,64,10:40-10:50,667.4295333333333,1283.8754785714284,0.7907,0.8397808035714285,126.19469523809516,1067.665451785714,0.0,0.0,0.0,2.26117467291612e-13,13.690487500000199,2371.083293650793,0.0
2025-07-18,0,65,10:50-11:00,683.8866666666665,1308.617857142857,0.3663,0.39484732142857143,134.68404761904748,1053.974964285714,0.0,0.0,0.0,490.04714285714294,0.0,2812.1257222222225,0.0
2025-07-18,0,66,11:00-11:10,701.8976333333333,1330.420980952381,0.2855,0.3073468749999999,147.3808976190479,1089.3203958333327,0.0,0.0,0.0,481.1424499999997,0.0,3245.153927222222,0.0
2025-07-18,0,67,11:10-11:20,709.9328333333333,1352.6464904761904,0.3387,0.3591419642857142,140.1659095238096,1339.052986309524,0.0,0.0,0.0,502.5477476190474,0.0,3697.446900079365,0.0
2025-07-18,0,68,11:20-11:30,714.0216666666666,1370.1241071428572,0.3515,0.3710745535714285,128.45107142857142,1693.8487226190475,0.0,0.0,0.0,527.651369047619,0.0,4172.333132222222,0.0
2025-07-18,0,69,11:30-11:40,724.4625833333332,1372.0387595238092,0.3616,0.3857084821428572,166.62002142857136,1867.8326214285707,0.0,0.0,0.0,480.9561547619046,0.0,4605.193671507936,0.0
2025-07-18,0,70,11:40-11:50,725.7364333333333,1367.7719452380954,0.3789,0.40674776785714284,178.1724261904762,1999.5652458333327,0.0,0.0,0.0,0.0,0.0,4605.193671507936,0.0
2025-07-18,0,71,11:50-12:00,722.1583333333333,1368.1089285714288,0.386,0.41423616071428576,159.4188690476189,2092.489897619047,0.0,0.0,0.0,486.53172619047666,-0.0,5043.072225079365,0.0
2025-07-18,0,72,12:00-12:10,734.0918666666666,1375.1547119047618,0.3664,0.39479241071428584,135.91411428571413,2143.1031190476183,0.0,0.0,0.0,169.88510943562602,0.0,5195.968823571428,0.0
2025-07-18,0,73,12:10-12:20,741.0654833333333,1371.9308333333333,0.3754,0.4031732142857143,153.39800714285707,2163.8937797619037,0.0,0.0,0.0,477.46734285714297,-0.0,5625.689432142857,0.0
2025-07-18,0,74,12:20-12:30,725.9783333333332,1350.017857142857,0.3779,0.4051241071428572,160.69863095238088,2228.605692857142,0.0,0.0,0.0,463.340892857143,0.0,6042.696235714286,0.0
2025-07-18,0,75,12:30-12:40,697.6362999999999,1319.7487523809525,0.3184,0.34754508928571426,154.28699999999998,2285.6150827380943,0.0,0.0,0.0,467.8254523809525,-0.0,6463.739142857143,0.0
2025-07-18,0,76,12:40-12:50,709.1639833333334,1311.5284880952381,0.4725,0.5048906249999999,155.59758571428574,2347.308757738094,0.0,0.0,0.0,446.766919047619,0.0,6865.8293699999995,0.0
2025-07-18,0,77,12:50-13:00,737.4966666666666,1320.0625,0.7454,0.7789013392857143,143.43482142857124,2374.1268077380937,0.0,0.0,0.0,439.1310119047623,-0.0,7261.047280714286,0.0
2025-07-18,0,78,13:00-13:10,710.9561666666666,1311.3344404761904,0.7468,0.7766794642857143,123.34701666666672,2311.3108107142843,0.0,0.0,0.0,477.03125714285704,0.0,7690.3754121428565,0.0
2025-07-18,0,79,13:10-13:20,707.4996166666666,1298.1451238095237,0.7087,0.7365508928571429,141.23027380952396,2270.0863815476177,0.0,0.0,0.0,449.41523333333316,0.0,8094.849122142856,0.0
2025-07-18,0,80,13:20-13:30,743.87,1292.2107142857144,0.7204,0.7476843749999997,110.88565476190479,2202.8003303571422,0.0,0.0,0.0,437.4550595238096,0.0,8488.558675714285,0.0
2025-07-18,0,81,13:30-13:40,754.8030333333332,1288.15605,0.658,0.6836254464285718,114.98794285714274,2063.21969047619,0.0,0.0,0.0,418.3650738095241,0.0,8865.087242142856,0.0
2025-07-18,0,82,13:40-13:50,745.3403333333333,1266.4008142857142,0.7431,0.7867066964285712,116.59732619047614,1925.3300226190468,0.0,0.0,0.0,404.4631547619048,-0.0,9229.10408142857,0.0
2025-07-18,0,83,13:50-14:00,739.51,1231.7348214285714,0.9598,1.0297562500000002,121.85922619047619,1816.812269047618,0.0,0.0,0.0,370.36559523809535,-0.0,9562.433117142855,0.0
2025-07-18,0,84,14:00-14:10,752.6304166666666,1204.831780952381,1.0379,1.1071790178571432,120.03230952380954,1713.417417857142,0.0,0.0,0.0,332.16905476190493,0.0,9861.38526642857,0.0
2025-07-18,0,85,14:10-14:20,764.2911166666665,1160.7137595238091,1.0004,1.060922767857143,121.34627857142857,1534.4821327380944,0.0,0.0,0.0,275.0763642857134,0.0,10108.95399428571,0.0
2025-07-18,0,86,14:20-14:30,753.6283333333333,1106.2910714285713,0.9781,1.037763839285714,138.99988095238123,1362.867204761904,0.0,0.0,0.0,213.66285714285874,0.0,10301.250565714286,0.0
2025-07-18,0,87,14:30-14:40,723.9004166666666,1076.966252380952,1.0303,1.0929566964285715,163.29961666666665,1276.1763267857136,0.0,0.0,0.0,189.7662190476189,0.0,10472.040162857144,0.0
2025-07-18,0,88,14:40-14:50,736.8015833333334,1048.8284428571426,0.8309,0.8854366071428573,150.03054761904752,1179.5427845238091,0.0,0.0,0.0,161.99631190476163,0.0,10617.83684357143,0.0
2025-07-18,0,89,14:50-15:00,774.7383333333333,1008.6687500000003,0.4834,0.5224674107142858,127.94434523809525,1115.1478666666658,0.0,0.0,0.0,105.98607142857168,0.0,10713.224307857145,0.0
2025-07-18,0,90,15:00-15:10,766.1804166666667,966.1530523809522,0.4545,0.4893758928571429,117.76191428571425,1151.1521077380946,0.0,0.0,0.0,82.21072142857122,-0.0,10787.213957142858,0.0
2025-07-18,0,91,15:10-15:20,792.3733833333333,918.6668619047618,0.5667,0.6019236607142856,112.08676428571437,1164.2456261904751,0.0,0.0,0.0,14.206714285714156,0.0,10800.0,0.0
2025-07-18,0,92,15:20-15:30,821.5699999999999,866.1205357142858,0.6041,0.6397714285714284,128.7717261904763,1125.3288428571416,84.22119047619049,84.22119047619049,84.22119047619049,0.0,0.0,10800.0,0.0
2025-07-18,0,93,15:30-15:40,741.0076666666666,814.9703714285715,0.528,0.566090625,103.51314047619047,1083.8413130952372,29.55043571428564,29.55043571428564,29.55043571428564,0.0,0.0,10800.0,0.0
2025-07-18,0,94,15:40-15:50,713.57595,773.535780952381,0.4882,0.5230383928571429,90.13230476190472,1014.6978321428569,30.172473809523808,30.172473809523808,30.172473809523808,0.0,0.0,10800.0,0.0
2025-07-18,0,95,15:50-16:00,764.435,732.3937499999998,0.541,0.5708441964285711,102.86339285714291,1051.2585589285713,134.90464285714302,134.90464285714302,134.90464285714302,0.0,0.0,10800.0,0.0
2025-07-18,0,96,16:00-16:10,760.7905499999999,674.8769666666667,0.6094,0.6440357142857144,79.9207880952381,1030.0753148809522,165.83437142857133,165.83437142857133,165.83437142857133,0.0,-0.0,10800.0,0.0
2025-07-18,0,97,16:10-16:20,767.4889666666666,626.3730571428571,0.6421,0.6776691964285714,82.67320952380953,1010.1180095238094,223.789119047619,223.789119047619,223.789119047619,0.0,0.0,10800.0,0.0
2025-07-18,0,98,16:20-16:30,814.5683333333333,587.89375,0.6644,0.6943995535714285,97.93500000000017,1022.1560065476192,324.6095833333335,324.6095833333335,324.6095833333335,0.0,-0.0,10800.0,0.0
2025-07-18,0,99,16:30-16:40,840.5032833333332,535.6873999999999,0.7275,0.7564535714285717,91.21431904761914,901.1718410714288,396.03020238095246,396.03020238095246,396.03020238095246,0.0,-0.0,10800.0,0.0
2025-07-18,0,100,16:40-16:50,769.4310333333333,486.3596095238095,0.7227,0.7515651785714283,108.49528333333336,751.7586880952381,391.5667071428572,391.5667071428572,391.5667071428572,0.0,0.0,10800.0,0.0
2025-07-18,0,101,16:50-17:00,656.7633333333333,445.48571428571427,0.6561,0.6822553571428571,103.62773809523787,709.3766303571426,314.90535714285693,314.90535714285693,314.90535714285693,0.0,0.0,10800.0,0.0
2025-07-18,0,102,17:00-17:10,641.162,400.1937071428571,0.6522,0.6745187500000001,94.31417380952382,753.2587273809519,335.2824666666668,335.2824666666668,335.2824666666668,0.0,0.0,10800.0,0.0
2025-07-18,0,103,17:10-17:20,661.4943499999999,350.01824999999997,0.6894,0.71296875,108.62762619047635,775.1632119047614,420.1037261904763,420.1037261904763,420.1037261904763,0.0,0.0,10800.0,0.0
2025-07-18,0,104,17:20-17:30,669.7833333333333,301.8205357142857,0.7362,0.7640718750000001,101.7292261904762,866.5332904761899,469.6920238095238,469.6920238095238,469.6920238095238,0.0,0.0,10800.0,0.0
2025-07-18,0,105,17:30-17:40,681.2257833333333,262.6904952380952,0.807,0.8336437500000001,101.89284523809522,868.4668196428565,520.4281333333333,520.4281333333333,520.4281333333333,0.0,0.0,10800.0,0.0
2025-07-18,0,106,17:40-17:50,704.2244999999999,224.98282380952372,0.9776,0.9999433035714285,88.53076904761895,862.2745738095231,567.7724452380951,567.7724452380951,567.7724452380951,0.0,0.0,10800.0,0.0
2025-07-18,0,107,17:50-18:00,717.77,184.23749999999998,1.1636,1.1816316964285716,82.97720238095246,844.282510714285,616.5097023809525,616.5097023809525,616.5097023809525,0.0,0.0,10800.0,0.0
2025-07-18,0,108,18:00-18:10,692.0678833333333,143.14216666666667,1.1876,1.202540625,74.70435952380956,773.3515440476184,623.6300761904762,623.6300761904762,623.6300761904762,0.0,0.0,10800.0,0.0
2025-07-18,0,109,18:10-18:20,668.6471666666666,105.19161428571428,1.1928,1.2083383928571425,81.1401428571429,771.5055940476186,644.5956952380952,644.5956952380952,644.5956952380952,0.0,0.0,10800.0,0.0
2025-07-18,0,110,18:20-18:30,671.8233333333333,71.00982142857143,1.231,1.2484767857142856,85.26964285714268,812.2885690476181,686.0831547619046,686.0831547619046,686.0831547619046,0.0,0.0,10800.0,0.0
2025-07-18,0,111,18:30-18:40,689.39825,39.43348333333333,1.2344,1.2528178571428572,82.48478809523817,805.2544321428562,732.4495547619048,732.4495547619048,732.4495547619048,0.0,0.0,10800.0,0.0
2025-07-18,0,112,18:40-18:50,705.2194166666666,14.13533095238095,1.3427,1.3780897321428571,99.48220238095246,734.6383196428565,790.5662880952381,790.5662880952381,790.5662880952381,0.0,-0.0,10800.0,0.0
2025-07-18,0,113,18:50-19:00,719.2733333333333,0.0,1.5143,1.5744995535714281,82.71523809523819,821.7581333333328,0.0,0.0,0.0,0.0,801.9885714285715,9908.901587301587,0.0
2025-07-18,0,114,19:00-19:10,737.0813833333333,0.0,1.5451,1.6094433035714286,79.10781666666674,837.1128803571424,0.0,0.0,0.0,0.0,816.1892,9002.024698412697,0.0
2025-07-18,0,115,19:10-19:20,722.2414999999999,0.46830238095238097,1.518,1.5761745535714287,78.6534095238095,767.0185226190475,0.0,0.0,0.0,0.0,800.4266071428569,8112.6618015873,0.0
2025-07-18,0,116,19:20-19:30,693.5216666666666,0.0,1.5106,1.564070535714286,77.27999999999986,776.7365749999999,0.0,0.0,0.0,0.0,770.8016666666665,7256.215505291004,0.0
2025-07-18,0,117,19:30-19:40,711.4726,0.0,1.5189,1.5715910714285712,67.91159999999991,791.4536583333334,0.0,0.0,0.0,0.0,779.3842,6390.233060846559,0.0
2025-07-18,0,118,19:40-19:50,740.9673666666665,0.03362380952380952,1.5279,1.5832593750000006,69.00076428571435,762.6471333333332,0.0,0.0,0.0,0.0,809.9345071428571,5490.305830687829,0.0
2025-07-18,0,119,19:50-20:00,734.315,0.0,1.5263,1.5847508928571428,78.40499999999997,721.7116398809521,0.0,0.0,0.0,0.0,812.72,4587.283608465606,0.0
2025-07-18,0,120,20:00-20:10,678.1980333333333,0.0,1.5089,1.566770982142857,99.9435666666667,682.0712416666663,0.0,0.0,0.0,0.0,778.1416,3722.681830687829,0.0
2025-07-18,0,121,20:10-20:20,645.5069,0.0024119047619047622,1.4746,1.5280312500000002,96.27160476190488,682.036495833333,0.0,0.0,0.0,0.0,741.776092857143,2898.48617195767,0.0
2025-07-18,0,122,20:20-20:30,662.9783333333332,0.0,1.4742,1.52649375,115.10166666666657,656.943663690476,556.4613797619061,556.4613797619061,556.4613797619061,0.0,221.6186202380938,2652.2432605820104,0.0
2025-07-18,0,123,20:30-20:40,697.4996333333333,0.0,1.5258,1.5851803571428573,76.76946666666674,613.6982470238092,0.0,0.0,0.0,0.0,774.2691000000001,1791.9442605820104,0.0
2025-07-18,0,124,20:40-20:50,745.2646333333333,0.00013571428571428572,1.335,1.3820303571428572,64.07399761904765,532.7498345238093,757.5792607142859,757.5792607142859,757.5792607142859,0.0,51.75923452380941,1734.434,0.0
2025-07-18,0,125,20:50-21:00,774.41,0.0,0.9955,1.0177575892857145,85.82666666666671,480.9906,866.4970576131686,866.4970576131686,866.4970576131686,6.260390946501957,0.0,1740.0683518518517,0.0
2025-07-18,0,126,21:00-21:10,745.1128,0.0,0.9228,0.9447343749999998,89.22528333333344,486.0615166666664,867.4285617283954,867.4285617283954,867.4285617283954,33.090478395061936,0.0,1769.8497824074075,0.0
2025-07-18,0,127,21:10-21:20,726.6355166666667,0.0,0.9604,0.9917910714285716,87.38498333333337,495.93153749999993,814.0205000000001,814.0205000000001,814.0205000000001,0.0,0.0,1769.8497824074075,0.0
2025-07-18,0,128,21:20-21:30,734.4366666666666,0.0,0.9702,1.002860267857143,88.15166666666664,512.8648041666669,781.9549999999998,781.9549999999998,781.9549999999998,0.0,40.63333333333344,1724.7016342592592,0.0
2025-07-18,0,129,21:30-21:40,714.7253999999999,0.0,0.9415,0.9641107142857143,77.11993333333339,472.23147083333345,719.5946916666668,719.5946916666668,719.5946916666668,0.0,72.25064166666654,1644.4231435185186,0.0
2025-07-18,0,130,21:40-21:50,663.9089333333333,0.0,0.7218,0.7381754464285714,56.5320333333334,399.9808291666668,654.5143708333337,654.5143708333337,654.5143708333337,0.0,65.926595833333,1571.1713703703708,0.0
2025-07-18,0,131,21:50-22:00,621.5649999999999,0.0,0.4528,0.47286875000000006,96.0233333333332,334.0542333333336,1550.9216666666664,1550.9216666666664,1550.9216666666664,833.3333333333333,0.0,2321.171370370371,0.0
2025-07-18,0,132,22:00-22:10,630.9920833333333,0.0,0.4584,0.48436696428571435,88.55083333333334,374.55660833333343,1552.8762499999998,1552.8762499999998,1552.8762499999998,833.3333333333333,0.0,3071.171370370371,0.0
2025-07-18,0,133,22:10-22:20,634.5094833333333,0.0,0.4814,0.5067441964285715,92.26419999999996,359.24242500000025,726.7736833333332,726.7736833333332,726.7736833333332,0.0,0.0,3071.171370370371,0.0
2025-07-18,0,134,22:20-22:30,618.045,0.0,0.4368,0.457609375,88.09000000000003,341.41780833333354,1539.4683333333332,1539.4683333333332,1539.4683333333332,833.3333333333333,0.0,3821.171370370371,0.0
2025-07-18,0,135,22:30-22:40,623.6255333333334,0.0,0.4888,0.511488392857143,91.18766666666659,293.2832500000003,714.8131999999999,714.8131999999999,714.8131999999999,0.0,0.0,3821.171370370371,0.0
2025-07-18,0,136,22:40-22:50,640.8858,0.0,0.5196,0.5462727678571427,65.3424,265.76775833333363,706.2282,706.2282,706.2282,0.0,0.0,3821.171370370371,0.0
2025-07-18,0,137,22:50-23:00,644.045,0.0,0.4864,0.5135696428571429,74.59999999999991,224.18261666666683,718.6449999999999,718.6449999999999,718.6449999999999,0.0,0.0,3821.171370370371,0.0
2025-07-18,0,138,23:00-23:10,619.8802833333333,0.0,0.4722,0.49529687499999975,85.78036666666674,172.58679583333333,705.66065,705.66065,705.66065,0.0,0.0,3821.171370370371,0.0
2025-07-18,0,139,23:10-23:20,609.5172666666666,0.0,0.4685,0.48980848214285727,111.28918333333331,152.56034166666672,1475.06048292181,1475.06048292181,1475.06048292181,754.2540329218102,0.0,4500.0,0.0
2025-07-18,0,140,23:20-23:30,619.6333333333333,0.0,0.459,0.4825428571428571,87.50833333333321,153.2118291666668,1540.475,1540.475,1540.475,833.3333333333333,0.0,5250.0,0.0
2025-07-18,0,141,23:30-23:40,623.0712166666666,0.0,0.453,0.4782611607142856,98.58091666666667,117.71916250000004,1554.9854666666665,1554.9854666666665,1554.9854666666665,833.3333333333333,0.0,6000.0,0.0
2025-07-18,0,142,23:40-23:50,646.6161,0.0,0.4881,0.5132714285714287,74.72581666666667,83.196325,721.3419166666666,721.3419166666666,721.3419166666666,0.0,0.0,6000.0,0.0
2025-07-18,0,143,23:50-24:00,664.425,0.0,0.5268,0.551601785714286,90.43333333333334,47.13458333333324,754.8583333333333,754.8583333333333,754.8583333333333,0.0,0.0,6000.0,0.0
2025-07-19,0,0,0:00-0:10,621.6233666666667,0.0,0.4913,0.5163093750000001,73.19683333333342,1118.368341666666,0.0,0.0,0.0,0.0,694.8202000000001,7727.32367761905,0.0
2025-07-19,0,1,0:10-0:20,608.76015,0.0,0.4711,0.4929424107142858,89.07933333333335,1150.0343238095238,0.0,0.0,0.0,0.0,697.8394833333333,6951.946473915345,0.0
2025-07-19,0,2,0:20-0:30,639.3266666666666,0.0,0.4855,0.5025499999999999,80.63833333333332,1178.0633863095238,0.0,0.0,0.0,0.0,719.9649999999999,6151.985362804235,0.0
2025-07-19,0,3,0:30-0:40,638.0129833333333,0.0,0.4732,0.4930946428571429,85.22788333333335,1199.8413029761905,0.0,0.0,0.0,0.0,723.2408666666666,5348.384399841272,0.0
2025-07-19,0,4,0:40-0:50,628.7483833333333,0.0,0.4942,0.5177013392857142,86.42784999999992,1213.918501190477,0.0,0.0,0.0,0.0,715.1762333333332,4553.744140582013,0.0
2025-07-19,0,5,0:50-1:00,612.8616666666667,0.0,0.5068,0.5295410714285715,92.9899999999999,1273.7181303571435,0.0,0.0,0.0,0.0,705.8516666666666,3769.464510952383,0.0
2025-07-19,0,6,1:00-1:10,570.66945,0.0,0.4089,0.42823616071428566,94.26648333333333,1327.0951404761909,664.9359333333333,664.9359333333333,664.9359333333333,0.0,0.0,3769.464510952383,0.0
2025-07-19,0,7,1:10-1:20,586.8766166666667,0.0,0.3786,0.39682901785714303,90.68416666666667,1261.8337928571427,677.5607833333333,677.5607833333333,677.5607833333333,0.0,0.0,3769.464510952383,0.0
2025-07-19,0,8,1:20-1:30,631.2733333333333,0.0,0.4375,0.45865000000000006,75.85166666666669,1247.1183357142854,707.125,707.125,707.125,0.0,0.0,3769.464510952383,0.0
2025-07-19,0,9,1:30-1:40,590.6193666666666,0.0,0.4324,0.4570866071428572,77.4766166666667,1272.1610738095235,668.0959833333333,668.0959833333333,668.0959833333333,0.0,0.0,3769.464510952383,0.0
2025-07-19,0,10,1:40-1:50,578.8979833333333,0.0,0.4189,0.44017589285714287,78.1231166666667,1239.0833190476187,657.0210999999999,657.0210999999999,657.0210999999999,0.0,0.0,3769.464510952383,0.0
2025-07-19,0,11,1:50-2:00,612.8066666666666,0.0,0.4352,0.45012232142857134,85.69000000000005,1215.5532809523806,698.4966666666667,698.4966666666667,698.4966666666667,0.0,0.0,3769.464510952383,0.0
2025-07-19,0,12,2:00-2:10,593.5275833333333,0.0,0.4469,0.4638254464285713,84.23035000000004,1215.4713315476192,0.0,0.0,0.0,0.0,677.7579333333333,3016.4001405820127,0.0
2025-07-19,0,13,2:10-2:20,579.4729666666666,0.0,0.4201,0.4378616071428571,84.52453333333335,1203.591445833333,663.9975,663.9975,663.9975,0.0,0.0,3016.4001405820127,0.0
2025-07-19,0,14,2:20-2:30,595.0633333333333,0.0,0.3996,0.41293883928571434,81.95000000000005,1197.5125202380952,677.0133333333333,677.0133333333333,677.0133333333333,0.0,0.0,3016.4001405820127,0.0
2025-07-19,0,15,2:30-2:40,596.7921666666666,0.0,0.4535,0.46342008928571427,40.73574999999994,1179.7391946428575,76.6039740714275,76.6039740714275,76.6039740714275,0.0,560.923942595239,2393.1513154761915,0.0
2025-07-19,0,16,2:40-2:50,571.2167999999999,0.0,0.4447,0.4564196428571429,43.98503333333326,1073.8361839285722,563.1133749999993,563.1133749999993,563.1133749999993,0.0,52.08845833333389,2335.275250661376,0.0
2025-07-19,0,17,2:50-3:00,552.68,0.0,0.383,0.3980245535714287,62.32166666666666,1021.7477255952388,615.0016666666666,615.0016666666666,615.0016666666666,0.0,0.0,2335.275250661376,0.0
2025-07-19,0,18,3:00-3:10,584.5508333333332,9.047619047619046e-05,0.4137,0.426278125,44.0605833333334,983.0316208333338,628.6113261904761,628.6113261904761,628.6113261904761,0.0,0.0,2335.275250661376,0.0
2025-07-19,0,19,3:10-3:20,592.4317333333333,0.0,0.4332,0.44502991071428577,50.77761666666663,909.5654202380958,487.6106071428575,487.6106071428575,487.6106071428575,0.0,155.5987428571425,2162.3877585978844,0.0
2025-07-19,0,20,3:20-3:30,560.9733333333334,0.0,0.412,0.4266736607142857,53.32999999999993,866.1489827380958,614.3033333333333,614.3033333333333,614.3033333333333,0.0,0.0,2162.3877585978844,0.0
2025-07-19,0,21,3:30-3:40,544.2418333333333,0.0024452380952380954,0.42,0.4346200892857142,47.57540238095237,842.1581494047623,591.8147904761904,591.8147904761904,591.8147904761904,0.0,0.0,2162.3877585978844,0.0
2025-07-19,0,22,3:40-3:50,520.9419,0.0,0.3758,0.3848401785714285,47.785283333333325,769.9028863095243,568.7271833333334,568.7271833333334,568.7271833333334,0.0,0.0,2162.3877585978844,0.0
2025-07-19,0,23,3:50-4:00,510.68999999999994,0.0,0.3099,0.31316116071428574,37.98666666666668,662.5838779761909,1382.0099999999998,1382.0099999999998,1382.0099999999998,833.3333333333333,0.0,2912.3877585978844,0.0
2025-07-19,0,24,4:00-4:10,556.8920833333333,0.034061904761904765,0.3493,0.3547616071428571,54.32136190476194,575.4967946428576,1248.0062006466765,1248.0062006466765,1248.0062006466765,636.8268173133432,0.0,3485.5318941798932,0.0
2025-07-19,0,25,4:10-4:20,561.1996333333333,0.0,0.4056,0.4135504464285714,56.83428333333336,516.8535529761908,618.0339166666666,618.0339166666666,618.0339166666666,0.0,0.0,3485.5318941798932,0.0
2025-07-19,0,26,4:20-4:30,525.7733333333333,0.0,0.4153,0.4222116071428571,51.418333333333294,474.92595297619084,577.1916666666666,577.1916666666666,577.1916666666666,0.0,0.0,3485.5318941798932,0.0
2025-07-19,0,27,4:30-4:40,544.9355166666667,0.4744190476190476,0.3962,0.40204821428571413,61.28657142857139,428.91667321428594,605.7476690476191,605.7476690476191,605.7476690476191,0.0,0.0,3485.5318941798932,0.0
2025-07-19,0,28,4:40-4:50,540.0542333333333,0.0,0.3678,0.3735165178571428,38.33628333333331,388.15308452380907,578.3905166666666,578.3905166666666,578.3905166666666,0.0,0.0,3485.5318941798932,0.0
2025-07-19,0,29,4:50-5:00,498.31499999999994,0.0,0.3541,0.36057321428571437,68.01869047619044,339.7128928571425,566.3336904761904,566.3336904761904,566.3336904761904,0.0,0.0,3485.5318941798932,0.0
2025-07-19,0,30,5:00-5:10,496.26731666666666,14.628183333333332,0.3709,0.3780580357142857,49.46374523809516,330.61557857142793,531.1028785714285,531.1028785714285,531.1028785714285,0.0,0.0,3485.5318941798932,0.0
2025-07-19,0,31,5:10-5:20,525.4292666666666,42.289647619047614,0.3826,0.3874142857142856,39.87985476190477,372.86959047618984,523.0194738095238,523.0194738095238,523.0194738095238,0.0,0.0,3485.5318941798932,0.0
2025-07-19,0,32,5:20-5:30,548.9783333333332,76.8892857142857,0.3494,0.3514325892857143,44.809464285714284,369.11099107142866,1350.231845238095,1350.231845238095,1350.231845238095,833.3333333333333,0.0,4235.531894179893,0.0
2025-07-19,0,33,5:30-5:40,540.3223333333333,111.90100714285714,0.2946,0.29891160714285714,44.40222142857158,354.50852440476143,1306.156880952381,1306.156880952381,1306.156880952381,833.3333333333333,0.0,4985.531894179893,0.0
2025-07-19,0,34,5:40-5:50,534.92395,150.30782380952377,0.4428,0.44766562499999996,31.870469047619054,421.82562559523717,0.0,0.0,0.0,0.0,416.4865952380953,4522.769010582009,0.0
2025-07-19,0,35,5:50-6:00,530.6333333333333,191.83660714285713,0.6898,0.6938267857142859,40.39422619047616,488.3880964285705,0.0,0.0,0.0,0.0,379.19095238095235,4101.445730158729,0.0
2025-07-19,0,36,6:00-6:10,498.0856,231.87629761904762,0.696,0.7044803571428572,33.32984285714292,567.2898309523802,0.0,0.0,0.0,0.0,299.53914523809533,3768.6244576719564,0.0
2025-07-19,0,37,6:10-6:20,506.7906833333333,271.16276666666664,0.6811,0.6911808035714284,36.86186666666674,591.3193482142851,0.0,0.0,0.0,0.0,272.4897833333334,3465.8580317460305,0.0
2025-07-19,0,38,6:20-6:30,537.18,312.7125,0.7069,0.713851339285714,53.91470238095235,617.0222970238091,0.0,0.0,0.0,0.0,278.3822023809523,3156.5444735449723,0.0
2025-07-19,0,39,6:30-6:40,508.30158333333327,358.47162857142854,0.6218,0.6283160714285716,52.695542857142925,739.1373130952375,0.0,0.0,0.0,0.0,202.5254976190476,2931.516142857142,0.0
2025-07-19,0,40,6:40-6:50,542.43165,402.9938619047619,0.6157,0.6281312499999999,50.51224285714278,798.1587946428566,0.0,0.0,0.0,0.0,189.95003095238093,2720.460552910052,0.0
2025-07-19,0,41,6:50-7:00,614.4866666666667,448.42589285714286,0.6934,0.7111441964285714,55.464226190476154,821.9011809523806,0.0,0.0,0.0,0.0,221.52500000000003,2474.3216640211626,0.0
2025-07-19,0,42,7:00-7:10,572.1277166666666,502.43198809523807,0.6561,0.6678549107142857,48.80176190476186,874.71374047619,0.0,0.0,0.0,0.0,118.49749047619042,2342.6577857142847,0.0
2025-07-19,0,43,7:10-7:20,545.0635666666667,557.0120523809524,0.5835,0.5902830357142855,47.9477261904762,899.0266107142853,0.0,0.0,0.0,0.0,35.99924047619061,2302.658629629628,0.0
2025-07-19,0,44,7:20-7:30,584.9749999999999,601.6999999999999,0.5548,0.5648508928571429,59.15535714285704,896.2088464285707,0.0,0.0,0.0,0.0,42.43035714285702,2255.513788359787,0.0
2025-07-19,0,45,7:30-7:40,610.6352666666667,634.772657142857,0.5844,0.6011558035714285,70.340507142857,899.3060190476183,0.0,0.0,0.0,0.0,46.203116666666574,2204.176992063491,0.0
2025-07-19,0,46,7:40-7:50,612.2901666666667,681.6442738095238,0.7108,0.7288008928571429,64.11464523809536,903.7592928571421,0.0,0.0,0.0,5.239461904763327,0.0,2208.892507777778,0.0
2025-07-19,0,47,7:50-8:00,603.7516666666667,737.680357142857,0.8417,0.8564375,70.47065476190483,897.6151244047614,0.0,0.0,0.0,0.0,8.833876642858462,2199.0770892857145,0.0
2025-07-19,0,48,8:00-8:10,603.7783833333333,773.5312047619047,0.8219,0.8371883928571429,79.54044523809529,899.1693803571424,0.0,0.0,0.0,90.2123761904761,0.0,2280.268227857143,0.0
2025-07-19,0,49,8:10-8:20,632.1241833333333,807.4808595238096,0.7865,0.8010928571428569,61.578221428571624,926.7390208333327,0.0,0.0,0.0,15.503562962821588,0.0,2294.221434523682,0.0
2025-07-19,0,50,8:20-8:30,649.0266666666666,852.6196428571429,0.7874,0.799967857142857,82.27660714285719,950.8364339285708,0.0,0.0,0.0,0.0,0.0,2294.221434523634,0.0
2025-07-19,0,51,8:30-8:40,599.22485,902.8751642857142,0.7564,0.7718642857142857,71.32669047619038,984.7992910714281,0.0,0.0,0.0,14.342190623165749,0.0,2307.1294060844834,0.0
2025-07-19,0,52,8:40-8:50,598.2603333333333,946.1922261904762,0.7715,0.7925794642857147,78.7311452380954,996.41646547619,0.0,0.0,0.0,1.7341152263370532,-0.0,2308.6901097882865,0.0
2025-07-19,0,53,8:50-9:00,666.5916666666667,983.8008928571427,0.816,0.840754017857143,94.96136904761909,997.8210988095235,0.0,0.0,0.0,6.962114197531367,-0.0,2314.9560125660646,0.0
2025-07-19,0,54,9:00-9:10,708.8559499999999,1026.982830952381,0.7905,0.8140339285714289,102.46165714285712,1003.4604113095236,0.0,0.0,0.0,7.821832010582057,0.0,2321.9956613756613,0.0
2025-07-19,0,55,9:10-9:20,720.4309666666666,1069.1179,0.7892,0.8110825892857142,96.47476666666677,1009.7960952380952,0.0,0.0,0.0,-0.0,74.22915178571438,2239.518826058201,0.0
2025-07-19,0,56,9:20-9:30,726.9499999999999,1104.5526785714285,0.8156,0.8359160714285714,89.23309523809519,935.5669434523808,0.0,0.0,0.0,133.1928644914751,0.0,2359.3924041005284,0.0
2025-07-19,0,57,9:30-9:40,745.8244500000001,1134.1512166666666,0.7886,0.8069071428571429,84.92055952380977,1043.4531636904758,0.0,0.0,0.0,80.50167475014763,0.0,2431.8439113756613,0.0
2025-07-19,0,58,9:40-9:50,739.7925666666666,1162.488457142857,0.8377,0.8703683035714288,97.26735714285724,1108.6595202380954,0.0,0.0,0.0,-0.0,106.09528452380945,2313.960261904762,0.0
2025-07-19,0,59,9:50-10:00,712.7066666666666,1196.1633928571428,0.9523,1.0077651785714283,104.08785714285727,1002.5642357142859,0.0,0.0,0.0,-0.0,54.05875416666654,2253.8949794973546,0.0
2025-07-19,0,60,10:00-10:10,706.8294833333332,1236.1881095238095,0.9763,1.0352825892857143,125.35250238095227,948.5054815476191,0.0,0.0,0.0,-0.0,2.4338565476190976,2251.1906944444445,0.0
2025-07-19,0,61,10:10-10:20,700.4793500000001,1258.0024023809524,0.952,1.0050834821428574,108.59565714285725,946.0716249999998,0.0,0.0,0.0,448.9273952380943,0.0,2655.2253501587293,0.0
2025-07-19,0,62,10:20-10:30,696.5450000000001,1262.6455357142856,0.9563,1.008596428571429,91.7222619047619,1005.8662547619047,0.0,0.0,0.0,-0.0,285.16789073809514,2338.372138227513,0.0
2025-07-19,0,63,10:30-10:40,724.5811833333333,1276.2560357142856,0.9777,1.0368959821428574,132.63631904761905,1024.5349244047618,0.0,0.0,0.0,419.03853333333325,0.0,2715.506818227513,0.0
2025-07-19,0,64,10:40-10:50,756.8672666666666,1297.397192857143,0.7409,0.7909558035714286,126.19469523809516,1003.4363636904761,0.0,0.0,0.0,414.33523095238115,-0.0,3088.408526084656,0.0
2025-07-19,0,65,10:50-11:00,766.7783333333333,1318.5,0.3809,0.409411607142857,134.68404761904748,989.7458761904759,0.0,0.0,0.0,417.0376190476193,0.0,3463.7423832275135,0.0
2025-07-19,0,66,11:00-11:10,749.4157166666666,1335.531319047619,0.3334,0.35563303571428556,147.3808976190479,1025.3524238095233,0.0,0.0,0.0,438.7347047619045,0.0,3858.6036175132276,0.0
2025-07-19,0,67,11:10-11:20,722.99055,1353.5382571428572,0.3472,0.367740625,140.55719047619044,1275.8683625000003,0.0,0.0,0.0,489.99051666666674,0.0,4299.595082513228,0.0
2025-07-19,0,68,11:20-11:30,703.85,1365.9383928571428,0.2864,0.30533169642857144,130.34708333333342,1631.0553797619048,0.0,0.0,0.0,531.7413095238094,0.0,4778.162261084656,0.0
2025-07-19,0,69,11:30-11:40,696.1019166666666,1360.8798642857141,0.2702,0.2948575892857143,167.0499571428569,1806.93529047619,0.0,0.0,0.0,497.72799047619066,-0.0,5226.117452513228,0.0
2025-07-19,0,70,11:40-11:50,685.8268666666665,1359.886838095238,0.2678,0.2958232142857142,183.76004285714293,1939.0978505952376,0.0,0.0,0.0,401.73007442684934,0.0,5587.674519497393,0.0
2025-07-19,0,71,11:50-12:00,678.8283333333333,1368.0562499999999,0.2556,0.28256428571428566,179.53196428571454,2036.9301619047615,0.0,0.0,0.0,509.69595238095224,-0.0,6046.400876640249,0.0
2025-07-19,0,72,12:00-12:10,693.405,1370.4499047619047,0.2564,0.2849151785714287,142.6486166666666,2105.616607142857,0.0,0.0,0.0,534.3962880952381,0.0,6527.357535925964,0.0
2025-07-19,0,73,12:10-12:20,703.1708166666667,1370.9728,0.2821,0.3100593749999999,153.39800714285707,2136.113713095238,0.0,0.0,0.0,514.4039761904761,-0.0,6990.321114497392,0.0
2025-07-19,0,74,12:20-12:30,714.0983333333334,1362.3223214285713,0.303,0.3290584821428571,169.67690476190472,2200.831664285714,0.0,0.0,0.0,478.54708333333315,0.0,7421.013489497392,0.0
2025-07-19,0,75,12:30-12:40,750.0930833333333,1335.0225738095237,0.2923,0.3212616071428572,154.28699999999998,2266.8193279761904,0.0,0.0,0.0,430.64249047619035,-0.0,7808.591730925963,0.0
2025-07-19,0,76,12:40-12:50,737.0101500000001,1332.8779309523811,0.3799,0.4102437500000001,168.97509761904743,2328.531117261904,0.0,0.0,0.0,426.8926833333336,0.0,8192.795145925964,0.0
2025-07-19,0,77,12:50-13:00,698.5133333333333,1349.5866071428572,0.543,0.5709366071428571,143.43482142857124,2368.726679166666,0.0,0.0,0.0,507.63845238095274,-0.0,8649.669753068822,0.0
2025-07-19,0,78,13:00-13:10,733.6552166666667,1334.730721428571,0.6156,0.641520089285714,126.86482857142846,2305.910682142857,0.0,0.0,0.0,474.21067619047597,0.0,9076.45936164025,0.0
2025-07-19,0,79,13:10-13:20,756.6236666666666,1314.5488785714283,0.6296,0.6549531250000001,141.23027380952396,2268.2040648809516,0.0,0.0,0.0,416.6949380952378,-0.0,9451.484805925966,0.0
2025-07-19,0,80,13:20-13:30,743.0283333333333,1305.6598214285714,0.6267,0.6516374999999999,110.88565476190479,2200.918013690476,0.0,0.0,0.0,451.7458333333333,0.0,9858.056055925965,0.0
2025-07-19,0,81,13:30-13:40,755.4171666666666,1294.8543119047617,0.6362,0.6621794642857142,114.98794285714274,2061.3373738095233,0.0,0.0,0.0,424.44920238095233,0.0,10240.060338068823,0.0
2025-07-19,0,82,13:40-13:50,769.3052666666667,1268.3750071428572,0.7947,0.8394165178571428,116.59732619047614,1923.4477059523804,0.0,0.0,0.0,382.4724142857142,-0.0,10584.285510925965,0.0
2025-07-19,0,83,13:50-14:00,763.73,1231.582142857143,1.0097,1.0789830357142858,121.85922619047619,1814.9299523809518,0.0,0.0,0.0,-0.0,833.3333333333333,9658.35958500004,0.0
2025-07-19,0,84,14:00-14:10,746.4251333333333,1198.9436428571428,1.0274,1.0960758928571432,120.03230952380954,1711.5351011904756,0.0,0.0,0.0,332.4861999999995,0.0,9957.59716500004,0.0
2025-07-19,0,85,14:10-14:20,733.6928333333333,1147.650514285714,0.9726,1.0343571428571428,124.54932619047588,1532.5998160714278,0.0,0.0,0.0,289.40835476190716,-6.548361852765083e-12,10218.064684285762,0.0
2025-07-19,0,86,14:20-14:30,736.7516666666667,1091.2026785714286,0.9985,1.060316517857143,138.99988095238123,1364.1879357142848,0.0,0.0,0.0,215.4511309523806,-0.0,10411.970702142906,0.0
2025-07-19,0,87,14:30-14:40,756.2377666666666,1068.382669047619,1.0946,1.1571651785714288,163.29961666666665,1277.4970577380946,0.0,0.0,0.0,148.84528571428564,0.0,10545.931459285759,0.0
2025-07-19,0,88,14:40-14:50,778.2214,1038.006764285714,0.8988,0.9526437500000001,150.03054761904752,1180.8635154761896,0.0,0.0,0.0,109.75481666666656,0.0,10644.71079428576,0.0
2025-07-19,0,89,14:50-15:00,785.7816666666665,989.5366071428571,0.5446,0.5844392857142857,126.89988095238111,1116.4685976190467,0.0,0.0,0.0,76.85505952380947,0.0,10713.880347857188,0.0
2025-07-19,0,90,15:00-15:10,771.2596666666666,951.6104166666665,0.5426,0.5776080357142857,117.76191428571425,1151.4283744047611,0.0,0.0,0.0,62.588835714235444,0.0,10770.2103,0.0
2025-07-19,0,91,15:10-15:20,761.0083833333333,906.1948142857142,0.6009,0.6355433035714284,112.08676428571437,1164.5218928571414,0.0,0.0,0.0,33.09966666666651,0.0,10800.0,0.0
2025-07-19,0,92,15:20-15:30,773.05,849.9758928571428,0.5702,0.6054026785714285,128.7717261904763,1125.6051095238083,51.84583333333353,51.84583333333353,51.84583333333353,0.0,0.0,10800.0,0.0
2025-07-19,0,93,15:30-15:40,798.3545166666665,802.336769047619,0.5983,0.6357901785714283,103.51314047619047,1084.1175797619037,99.53088809523808,99.53088809523808,99.53088809523808,0.0,0.0,10800.0,0.0
2025-07-19,0,94,15:40-15:50,790.0355,765.2496333333333,0.6228,0.6586214285714285,92.85213333333343,1014.9740988095235,117.63800000000003,117.63800000000003,117.63800000000003,0.0,-0.0,10800.0,0.0
2025-07-19,0,95,15:50-16:00,761.1483333333333,726.9017857142858,0.6267,0.6593598214285714,102.86339285714291,1054.2546541666666,137.10994047619045,137.10994047619045,137.10994047619045,-0.0,0.0,10800.0,0.0
2025-07-19,0,96,16:00-16:10,770.2386499999999,674.6850452380953,0.6691,0.7048964285714286,76.94884523809526,1033.0714101190476,172.50244999999984,172.50244999999984,172.50244999999984,0.0,0.0,10800.0,0.0
2025-07-19,0,97,16:10-16:20,782.6051333333332,628.1828976190475,0.7113,0.7467352678571428,82.64905714285703,1010.1421619047619,237.0712928571428,237.0712928571428,237.0712928571428,0.0,0.0,10800.0,0.0
2025-07-19,0,98,16:20-16:30,777.5899999999999,588.4964285714286,0.7269,0.7571218749999998,97.93500000000017,1022.1560065476192,287.02857142857147,287.02857142857147,287.02857142857147,0.0,0.0,10800.0,0.0
2025-07-19,0,99,16:30-16:40,760.93905,537.7075071428571,0.723,0.751835267857143,91.21431904761914,901.1718410714288,314.44586190476195,314.44586190476195,314.44586190476195,0.0,0.0,10800.0,0.0
2025-07-19,0,100,16:40-16:50,696.4110666666667,487.708880952381,0.6901,0.7187379464285716,108.49528333333336,751.7586880952381,317.197469047619,317.197469047619,317.197469047619,0.0,0.0,10800.0,0.0
2025-07-19,0,101,16:50-17:00,647.4783333333332,443.6928571428571,0.6827,0.709352232142857,103.62773809523787,709.3766303571426,307.413214285714,307.413214285714,307.413214285714,-0.0,0.0,10800.0,0.0
2025-07-19,0,102,17:00-17:10,715.4748999999999,397.76324523809524,0.7681,0.7918522321428573,94.31417380952382,753.2587273809519,412.0258285714285,412.0258285714285,412.0258285714285,0.0,0.0,10800.0,0.0
2025-07-19,0,103,17:10-17:20,721.52195,347.68781666666666,0.7966,0.8220526785714286,108.62762619047635,775.1632119047614,482.46175952380963,482.46175952380963,482.46175952380963,0.0,0.0,10800.0,0.0
2025-07-19,0,104,17:20-17:30,662.4566666666666,298.1482142857143,0.7523,0.7817955357142855,101.7292261904762,866.5332904761899,466.0376785714285,466.0376785714285,466.0376785714285,0.0,0.0,10800.0,0.0
2025-07-19,0,105,17:30-17:40,706.2072333333333,256.4523095238095,0.7877,0.815326785714286,101.89284523809522,868.4668196428565,551.647769047619,551.647769047619,551.647769047619,0.0,0.0,10800.0,0.0
2025-07-19,0,106,17:40-17:50,724.5879333333334,219.11884285714285,0.9654,0.9883933035714284,88.53076904761895,862.2745738095231,593.9998595238094,593.9998595238094,593.9998595238094,0.0,0.0,10800.0,0.0
2025-07-19,0,107,17:50-18:00,682.4216666666666,181.32767857142852,1.1551,1.1737004464285714,82.97720238095246,844.282510714285,584.0711904761906,584.0711904761906,584.0711904761906,0.0,-0.0,10800.0,0.0
2025-07-19,0,108,18:00-18:10,680.79935,141.30876666666666,1.1604,1.1754875000000005,74.70435952380956,773.3515440476184,614.1949428571429,614.1949428571429,614.1949428571429,-0.0,0.0,10800.0,0.0
2025-07-19,0,109,18:10-18:20,688.9972666666665,103.6189642857143,1.1811,1.1964803571428573,81.1401428571429,771.5055940476186,666.5184452380952,666.5184452380952,666.5184452380952,0.0,0.0,10800.0,0.0
2025-07-19,0,110,18:20-18:30,689.6633333333332,69.71785714285714,1.243,1.260111607142857,85.26964285714268,812.2885690476181,705.2151190476187,705.2151190476187,705.2151190476187,0.0,0.0,10800.0,0.0
2025-07-19,0,111,18:30-18:40,702.8545666666666,38.00123571428571,1.1977,1.2152468749999998,82.48478809523817,805.2544321428562,747.3381190476191,747.3381190476191,747.3381190476191,0.0,0.0,10800.0,0.0
2025-07-19,0,112,18:40-18:50,707.0038166666666,13.191188095238093,1.2845,1.3191816964285714,99.48220238095246,734.6383196428565,793.294830952381,793.294830952381,793.294830952381,0.0,0.0,10800.0,0.0
2025-07-19,0,113,18:50-19:00,703.7749999999999,0.0,1.4798,1.5397178571428565,82.71523809523819,821.7581333333328,0.0,0.0,0.0,0.0,786.490238095238,9926.121957671958,0.0
2025-07-19,0,114,19:00-19:10,716.0597333333333,0.0,1.5033,1.5666839285714287,79.10781666666674,837.1128803571424,0.0,0.0,0.0,0.0,795.16755,9042.602457671957,0.0
2025-07-19,0,115,19:10-19:20,716.7138333333334,0.42893095238095236,1.493,1.550116517857143,78.6534095238095,767.0185226190475,0.0,0.0,0.0,0.0,794.9383119047619,8159.337666666665,0.0
2025-07-19,0,116,19:20-19:30,704.8466666666666,0.0,1.5246,1.5777294642857147,77.27999999999986,776.7365749999999,0.0,0.0,0.0,0.0,782.1266666666664,7290.308037037036,0.0
2025-07-19,0,117,19:30-19:40,707.5653333333332,0.0,1.5197,1.5720714285714286,67.91159999999991,791.4536583333334,0.0,0.0,0.0,0.0,775.4769333333331,6428.6669999999995,0.0
2025-07-19,0,118,19:40-19:50,708.6586166666666,0.030797619047619046,1.4665,1.521246428571428,69.00076428571435,762.6471333333332,0.0,0.0,0.0,0.0,777.6285833333334,5564.63524074074,0.0
2025-07-19,0,119,19:50-20:00,708.9133333333332,0.0,1.4351,1.4929642857142853,78.40499999999997,721.7116398809521,631.2442464285723,631.2442464285723,631.2442464285723,0.0,156.07408690476092,5391.219588624339,0.0
2025-07-19,0,120,20:00-20:10,725.16835,0.0,1.5,1.5577964285714285,99.9435666666667,682.0712416666663,0.0,0.0,0.0,0.0,825.1119166666667,4474.428570105821,0.0
2025-07-19,0,121,20:10-20:20,726.9904833333333,0.0022095238095238097,1.5103,1.56394375,96.27160476190488,682.036495833333,0.0,0.0,0.0,0.0,823.2598785714287,3559.695371693122,0.0
2025-07-19,0,122,20:20-20:30,707.0916666666667,0.0,1.4951,1.5478272321428574,115.10166666666657,656.943663690476,0.0,0.0,0.0,0.0,822.1933333333333,2646.1472235449737,0.0
2025-07-19,0,123,20:30-20:40,692.0132,0.0,1.5783,1.638830803571428,76.76946666666674,613.6982470238092,0.0,0.0,0.0,0.0,768.7826666666667,1791.9442605820104,0.0
2025-07-19,0,124,20:40-20:50,700.9862499999999,0.00010476190476190477,1.3484,1.3956839285714284,64.07399761904765,532.7498345238093,713.3009083333335,713.3009083333335,713.3009083333335,0.0,51.75923452380941,1734.434,0.0
2025-07-19,0,125,20:50-21:00,716.1433333333332,0.0,0.932,0.9527727678571427,85.82666666666671,480.9906,808.2303909465019,808.2303909465019,808.2303909465019,6.260390946501957,0.0,1740.0683518518517,0.0
2025-07-19,0,126,21:00-21:10,702.7821999999999,0.0,0.9002,0.921139285714286,89.22528333333344,486.0615166666664,825.0979617283953,825.0979617283953,825.0979617283953,33.090478395061936,0.0,1769.8497824074075,0.0
2025-07-19,0,127,21:10-21:20,696.71245,0.0,0.9252,0.9564227678571425,87.38498333333337,495.93153749999993,784.0974333333334,784.0974333333334,784.0974333333334,0.0,0.0,1769.8497824074075,0.0
2025-07-19,0,128,21:20-21:30,713.4716666666666,0.0,0.8953,0.9279486607142858,88.15166666666664,512.8648041666669,801.6233333333332,801.6233333333332,801.6233333333332,0.0,0.0,1769.8497824074075,0.0
2025-07-19,0,129,21:30-21:40,731.1554166666666,0.0,0.9983,1.0213558035714285,77.11993333333339,472.23147083333345,695.391375,695.391375,695.391375,0.0,112.88397499999998,1644.4231435185186,0.0
2025-07-19,0,130,21:40-21:50,731.4402,0.0,0.8542,0.8719392857142855,56.5320333333334,399.9808291666668,722.0456375000005,722.0456375000005,722.0456375000005,0.0,65.926595833333,1571.1713703703708,0.0
2025-07-19,0,131,21:50-22:00,702.2216666666666,0.0,0.531,0.5522602678571429,96.0233333333332,334.0542333333336,848.247932098765,848.247932098765,848.247932098765,50.002932098765186,0.0,1616.1740092592595,0.0
2025-07-19,0,132,22:00-22:10,649.847,0.0,0.5012,0.5258375,88.55083333333334,374.55660833333343,738.3978333333333,738.3978333333333,738.3978333333333,0.0,0.0,1616.1740092592595,0.0
2025-07-19,0,133,22:10-22:20,631.2846499999999,0.0,0.4901,0.5147236607142857,92.26419999999996,359.24242500000025,723.5488499999999,723.5488499999999,723.5488499999999,0.0,0.0,1616.1740092592595,0.0
2025-07-19,0,134,22:20-22:30,634.8366666666666,0.0,0.3919,0.41425803571428554,88.09000000000003,341.41780833333354,1556.2599999999998,1556.2599999999998,1556.2599999999998,833.3333333333333,0.0,2366.1740092592595,0.0
2025-07-19,0,135,22:30-22:40,602.2199833333333,0.0,0.4008,0.4223508928571428,91.18766666666659,293.2832500000003,1526.7409833333331,1526.7409833333331,1526.7409833333331,833.3333333333333,0.0,3116.1740092592595,0.0
2025-07-19,0,136,22:40-22:50,608.4327666666666,0.0,0.4599,0.48474776785714285,65.3424,265.76775833333363,1378.0262674897117,1378.0262674897117,1378.0262674897117,704.251100823045,0.0,3750.0,0.0
2025-07-19,0,137,22:50-23:00,638.6949999999999,0.0,0.4742,0.5019767857142857,74.59999999999991,224.18261666666683,713.2949999999998,713.2949999999998,713.2949999999998,0.0,0.0,3750.0,0.0
2025-07-19,0,138,23:00-23:10,605.2500333333332,0.0,0.4182,0.4414187500000001,85.78036666666674,172.58679583333333,1524.3637333333331,1524.3637333333331,1524.3637333333331,833.3333333333333,0.0,4500.0,0.0
2025-07-19,0,139,23:10-23:20,617.04045,0.0,0.4251,0.44549374999999997,111.28918333333331,152.56034166666672,1561.6629666666665,1561.6629666666665,1561.6629666666665,833.3333333333333,0.0,5250.0,0.0
2025-07-19,0,140,23:20-23:30,666.105,0.0,0.4808,0.5040901785714283,87.50833333333321,153.2118291666668,753.6133333333332,753.6133333333332,753.6133333333332,0.0,0.0,5250.0,0.0
2025-07-19,0,141,23:30-23:40,639.6803166666666,0.0,0.4551,0.48161964285714287,98.58091666666667,117.71916250000004,1571.5945666666667,1571.5945666666667,1571.5945666666667,833.3333333333333,0.0,6000.0,0.0
2025-07-19,0,142,23:40-23:50,667.6263166666666,0.0,0.4895,0.5146928571428571,74.72581666666667,83.196325,742.3521333333333,742.3521333333333,742.3521333333333,0.0,0.0,6000.0,0.0
2025-07-19,0,143,23:50-24:00,761.8116666666666,0.0,0.5684,0.5907964285714286,90.43333333333334,47.13458333333324,852.2449999999999,852.2449999999999,852.2449999999999,0.0,0.0,6000.0,0.0
2025-07-20,0,0,0:00-0:10,793.04655,0.0,0.5292,0.5531575892857145,73.19683333333342,1137.5500249999996,866.2433833333334,866.2433833333334,866.2433833333334,0.0,0.0,8263.42622135582,0.0
2025-07-20,0,1,0:10-0:20,788.3281,0.0,0.521,0.5424602678571429,86.40531666666669,1175.2728523809524,874.7334166666667,874.7334166666667,874.7334166666667,0.0,0.0,8263.42622135582,0.0
2025-07-20,0,2,0:20-0:30,780.9283333333333,0.0,0.5744,0.5901321428571429,80.63833333333332,1203.7141148809526,28.23333333333335,28.23333333333335,28.23333333333335,0.0,833.3333333333333,7337.500295429893,0.0
2025-07-20,0,3,0:30-0:40,770.4392666666665,0.0,0.564,0.5833227678571428,85.22788333333335,1225.4920315476188,855.6671499999999,855.6671499999999,855.6671499999999,0.0,0.0,7337.500295429893,0.0
2025-07-20,0,4,0:40-0:50,760.6842499999999,0.0,0.5326,0.554532142857143,86.42784999999992,1246.351303571429,847.1120999999998,847.1120999999998,847.1120999999998,0.0,0.0,7337.500295429893,0.0
2025-07-20,0,5,0:50-1:00,755.3466666666666,0.0,0.5356,0.5554986607142857,92.9899999999999,1307.3180994047625,848.3366666666665,848.3366666666665,848.3366666666665,0.0,0.0,7337.500295429893,0.0
2025-07-20,0,6,1:00-1:10,756.3819333333332,0.0,0.5742,0.5941857142857143,89.19088333333332,1360.6951095238098,12.239483333333283,12.239483333333283,12.239483333333283,0.0,833.3333333333333,6411.574369503967,0.0
2025-07-20,0,7,1:10-1:20,764.0892999999999,0.0,0.5626,0.5828803571428569,90.53543333333346,1289.1438404761902,854.6247333333333,854.6247333333333,854.6247333333333,0.0,0.0,6411.574369503967,0.0
2025-07-20,0,8,1:20-1:30,754.1833333333334,0.0,0.5131,0.5343410714285715,75.85166666666669,1273.0162357142858,830.0350000000001,830.0350000000001,830.0350000000001,0.0,0.0,6411.574369503967,0.0
2025-07-20,0,9,1:30-1:40,708.7203666666666,0.0,0.5243,0.5490741071428571,77.4766166666667,1298.0589738095239,786.1969833333333,786.1969833333333,786.1969833333333,0.0,0.0,6411.574369503967,0.0
2025-07-20,0,10,1:40-1:50,725.0424833333333,0.0,0.5631,0.5838062500000001,78.1231166666667,1264.9812190476187,803.1656,803.1656,803.1656,0.0,0.0,6411.574369503967,0.0
2025-07-20,0,11,1:50-2:00,774.1283333333333,0.0,0.5642,0.5771473214285713,85.69000000000005,1241.4511809523806,859.8183333333334,859.8183333333334,859.8183333333334,0.0,0.0,6411.574369503967,0.0
2025-07-20,0,12,2:00-2:10,729.92665,0.0,0.501,0.5170361607142857,84.23035000000004,1241.3692315476187,814.157,814.157,814.157,0.0,0.0,6411.574369503967,0.0
2025-07-20,0,13,2:10-2:20,694.9755666666666,0.0,0.4894,0.5081196428571427,84.52453333333335,1229.489345833333,779.5001,779.5001,779.5001,0.0,0.0,6411.574369503967,0.0
2025-07-20,0,14,2:20-2:30,714.7766666666666,0.0,0.5318,0.5462808035714286,71.73833333333334,1223.410420238095,786.515,786.515,786.515,0.0,0.0,6411.574369503967,0.0
2025-07-20,0,15,2:30-2:40,729.0698666666667,0.0,0.5222,0.5312187500000001,40.73574999999994,1195.4254279761906,769.8056166666667,769.8056166666667,769.8056166666667,0.0,0.0,6411.574369503967,0.0
2025-07-20,0,16,2:40-2:50,719.0231833333333,0.0,0.5109,0.5216236607142857,43.98503333333326,1089.5224172619053,763.0082166666666,763.0082166666666,763.0082166666666,0.0,0.0,6411.574369503967,0.0
2025-07-20,0,17,2:50-3:00,698.0566666666666,0.0,0.5122,0.5278937499999998,61.25,1037.4339589285717,759.3066666666666,759.3066666666666,759.3066666666666,0.0,0.0,6411.574369503967,0.0
2025-07-20,0,18,3:00-3:10,694.0555999999999,5.952380952380951e-05,0.4888,0.5013669642857143,44.0605833333334,997.6461875000002,738.1161238095237,738.1161238095237,738.1161238095237,0.0,0.0,6411.574369503967,0.0
2025-07-20,0,19,3:10-3:20,709.6984,0.0,0.5004,0.5114691964285714,50.77761666666663,924.1799869047621,760.4760166666666,760.4760166666666,760.4760166666666,0.0,0.0,6411.574369503967,0.0
2025-07-20,0,20,3:20-3:30,727.8883333333333,0.0,0.5457,0.5601102678571426,53.32999999999993,880.7635494047622,781.2183333333332,781.2183333333332,781.2183333333332,0.0,0.0,6411.574369503967,0.0
2025-07-20,0,21,3:30-3:40,726.57615,0.0022119047619047617,0.552,0.5669950892857143,47.57540238095237,856.7727160714287,774.1493404761904,774.1493404761904,774.1493404761904,0.0,0.0,6411.574369503967,0.0
2025-07-20,0,22,3:40-3:50,716.7273666666666,0.0,0.5055,0.5153696428571427,47.785283333333325,784.5174529761907,764.5126499999999,764.5126499999999,764.5126499999999,0.0,0.0,6411.574369503967,0.0
2025-07-20,0,23,3:50-4:00,714.0183333333332,0.0,0.4694,0.47361250000000005,37.98666666666668,677.1984446428573,1461.3668116622584,1461.3668116622584,1461.3668116622584,709.3618116622586,0.0,7050.0,0.0
2025-07-20,0,24,4:00-4:10,719.3892166666666,0.030826190476190472,0.5153,0.5214218749999999,48.26451666666674,590.111361309524,767.6229071428571,767.6229071428571,767.6229071428571,0.0,0.0,7050.0,0.0
2025-07-20,0,25,4:10-4:20,692.86795,0.0,0.5104,0.5186977678571429,53.74806666666666,525.411274404762,746.6160166666666,746.6160166666666,746.6160166666666,0.0,0.0,7050.0,0.0
2025-07-20,0,26,4:20-4:30,658.8883333333333,0.0,0.4551,0.46198392857142867,51.418333333333294,480.39745773809534,1543.6399999999999,1543.6399999999999,1543.6399999999999,833.3333333333333,0.0,7800.0,0.0
2025-07-20,0,27,4:30-4:40,684.8969999999999,0.4293666666666667,0.4801,0.4852379464285714,54.5044976190477,434.38817797619043,738.972130952381,738.972130952381,738.972130952381,0.0,0.0,7800.0,0.0
2025-07-20,0,28,4:40-4:50,714.0266333333334,0.0,0.5027,0.5077549107142858,37.169116666666696,386.8425154761899,751.1957500000001,751.1957500000001,751.1957500000001,0.0,0.0,7800.0,0.0
2025-07-20,0,29,4:50-5:00,703.1999999999999,0.0,0.4769,0.48332633928571417,68.01869047619044,337.2351571428567,771.2186904761904,771.2186904761904,771.2186904761904,0.0,0.0,7800.0,0.0
2025-07-20,0,30,5:00-5:10,665.2330499999999,13.575290476190476,0.4478,0.45495357142857135,50.67806666666661,329.50492619047554,1535.6691595238094,1535.6691595238094,1535.6691595238094,833.3333333333333,0.0,8550.0,0.0
2025-07-20,0,31,5:10-5:20,650.6840166666666,40.85988571428572,0.4513,0.45661294642857125,41.14326904761913,377.0745095238092,1484.3007333333333,1484.3007333333333,1484.3007333333333,833.3333333333333,0.0,9300.0,0.0
2025-07-20,0,32,5:20-5:30,649.0333333333333,75.86517857142857,0.4322,0.43540133928571406,44.809464285714284,373.8973357142862,1451.3109523809521,1451.3109523809521,1451.3109523809521,833.3333333333333,0.0,10050.0,0.0
2025-07-20,0,33,5:30-5:40,624.46895,110.65743333333332,0.351,0.35599598214285716,44.40222142857158,373.95267678571406,1391.5470714285716,1391.5470714285716,1391.5470714285716,833.3333333333333,0.0,10800.0,0.0
2025-07-20,0,34,5:40-5:50,710.5089666666665,149.0692238095238,0.5575,0.5633473214285715,31.870469047619054,436.99631607142805,593.3102119047618,593.3102119047618,593.3102119047618,-0.0,0.0,10800.0,0.0
2025-07-20,0,35,5:50-6:00,866.625,191.44196428571428,0.9243,0.9298370535714285,40.39422619047616,503.5587869047615,0.0,0.0,0.0,0.0,715.5772619047618,10004.914153439153,0.0
2025-07-20,0,36,6:00-6:10,898.1582166666667,233.3158261904762,0.942,0.9502455357142858,33.32984285714292,582.4605214285712,0.0,0.0,0.0,0.0,698.1722333333335,9229.167227513226,0.0
2025-07-20,0,37,6:10-6:20,860.5124000000001,276.84827142857137,0.8639,0.8725745535714287,36.86186666666674,599.8983654761903,0.0,0.0,0.0,0.0,620.5259952380954,8539.693899470898,0.0
2025-07-20,0,38,6:20-6:30,828.2883333333332,323.04017857142856,0.8597,0.866075446428571,53.91470238095235,625.6013142857144,0.0,0.0,0.0,0.0,559.162857142857,7918.401835978835,0.0
2025-07-20,0,39,6:30-6:40,827.96915,369.70946428571426,0.8447,0.8518366071428572,52.695542857142925,751.3899976190474,0.0,0.0,0.0,0.0,510.9552285714286,7350.673804232803,0.0
2025-07-20,0,40,6:40-6:50,873.3694833333334,413.8129833333333,0.8365,0.8486482142857142,50.51224285714278,810.4114791666667,0.0,0.0,0.0,0.0,510.0687428571429,6783.930756613756,0.0
2025-07-20,0,41,6:50-7:00,906.9916666666666,459.9,0.8317,0.8477272321428571,55.464226190476154,827.9968083333332,275.4719861666676,275.4719861666676,275.4719861666676,0.0,227.0839066904752,6531.61530473545,0.0
2025-07-20,0,42,7:00-7:10,849.5800833333333,515.7469833333333,0.7948,0.806627232142857,48.80176190476186,880.5940142857144,382.6348619047618,382.6348619047618,382.6348619047618,0.0,0.0,6531.61530473545,0.0
2025-07-20,0,43,7:10-7:20,804.4628333333333,571.1860238095237,0.7586,0.7662522321428573,47.9477261904762,904.9068845238096,281.2245357142858,281.2245357142858,281.2245357142858,0.0,0.0,6531.61530473545,0.0
2025-07-20,0,44,7:20-7:30,808.2066666666666,617.1812499999999,0.7272,0.736739285714286,59.15535714285704,902.0891202380952,250.18077380952377,250.18077380952377,250.18077380952377,0.0,0.0,6531.61530473545,0.0
2025-07-20,0,45,7:30-7:40,823.7802499999999,654.3558714285714,0.7067,0.722358482142857,70.340507142857,905.1862928571428,239.76488571428558,239.76488571428558,239.76488571428558,0.0,0.0,6531.61530473545,0.0
2025-07-20,0,46,7:40-7:50,962.5572,698.1170452380952,0.8818,0.8983477678571425,64.11464523809536,909.6395666666665,0.0,0.0,0.0,0.0,328.5548000000001,6166.554415846561,0.0
2025-07-20,0,47,7:50-8:00,1150.1783333333333,743.8919642857143,1.1584,1.1716999999999995,64.90505952380954,903.4953982142858,0.0,0.0,0.0,0.0,471.19142857142856,5643.008384100529,0.0
2025-07-20,0,48,8:00-8:10,1172.7683333333332,773.7147404761904,1.2198,1.2350008928571428,79.54044523809529,899.4840589285715,0.0,0.0,0.0,0.0,478.59403809523815,5111.237230661375,0.0
2025-07-20,0,49,8:10-8:20,1148.9137,809.3717833333333,1.1554,1.1704178571428572,61.578221428571624,930.9175101190476,0.0,0.0,0.0,0.0,401.1201380952384,4665.548188333332,0.0
2025-07-20,0,50,8:20-8:30,1151.2016666666666,857.174107142857,1.0892,1.1018339285714287,82.27660714285719,955.0149232142858,0.0,0.0,0.0,0.0,376.3041666666667,4247.432447592591,0.0
2025-07-20,0,51,8:30-8:40,1140.5983166666665,902.0580595238096,1.0637,1.0797535714285718,71.32669047619038,991.2223488095237,0.0,0.0,0.0,0.0,309.8669476190473,3903.1358391269832,0.0
2025-07-20,0,52,8:40-8:50,1154.5371666666665,945.8894142857143,1.0745,1.0949638392857142,78.94549047619029,1002.8395232142857,0.0,0.0,0.0,0.0,287.5932428571425,3583.587791507936,0.0
2025-07-20,0,53,8:50-9:00,1174.6533333333332,989.0500000000002,1.0774,1.099745089285714,94.84428571428577,1004.4585017857141,0.0,0.0,0.0,0.0,280.4476190476189,3271.9793258994705,0.0
2025-07-20,0,54,9:00-9:10,1141.9242,1028.153419047619,1.0345,1.057167857142857,102.46165714285712,1015.1314184523809,0.0,0.0,0.0,0.0,216.23243809523797,3031.721061349206,0.0
2025-07-20,0,55,9:10-9:20,1135.25515,1068.2618285714284,1.0389,1.0605718749999997,95.56130714285707,1023.6147791666666,0.0,0.0,0.0,0.0,162.55462857142857,2851.104807380952,0.0
2025-07-20,0,56,9:20-9:30,1157.7316666666666,1105.875,1.0352,1.0543133928571427,74.82285714285717,995.8372196428564,0.0,0.0,0.0,0.0,126.67952380952374,2710.3497809259256,0.0
2025-07-20,0,57,9:30-9:40,1136.2996666666666,1132.1109357142857,0.9014,0.919230803571429,90.54190000000028,1089.3132017857135,0.0,0.0,0.0,0.0,94.73063095238126,2605.0935243121685,0.0
2025-07-20,0,58,9:40-9:50,1134.1335,1159.2159214285714,0.9577,0.9902276785714285,97.26735714285724,1150.6322297619045,0.0,0.0,0.0,0.0,72.18493571428576,2524.8880401851843,0.0
2025-07-20,0,59,9:50-10:00,1163.735,1197.8660714285713,1.167,1.2213758928571428,104.08785714285727,1045.2420809523808,0.0,0.0,0.0,0.0,69.95678571428584,2447.158278280422,0.0
2025-07-20,0,60,10:00-10:10,1167.0285833333332,1244.042338095238,1.1566,1.2139178571428573,125.35250238095227,972.2883726190474,0.0,0.0,0.0,0.0,48.33874761904758,2393.4485587037025,0.0
2025-07-20,0,61,10:10-10:20,1148.0756833333332,1264.7602714285713,1.0839,1.1362549107142859,108.59565714285725,975.0593702380944,0.0,0.0,0.0,8.088930952380906,0.0,2400.7285965608453,0.0
2025-07-20,0,62,10:20-10:30,1142.0416666666665,1263.8705357142858,1.1192,1.1721812500000002,103.39428571428556,1058.2878142857137,0.0,0.0,0.0,18.43458333333365,0.0,2417.3197215608457,0.0
2025-07-20,0,63,10:30-10:40,1174.5179666666666,1279.0964833333333,1.219,1.2785781250000003,132.63631904761905,1088.6285077380944,0.0,0.0,0.0,0.0,28.057802380952353,2386.14438558201,0.0
2025-07-20,0,64,10:40-10:50,1178.3591999999999,1307.6812166666666,1.0045,1.0540200892857146,126.19469523809516,1067.529947023809,0.0,0.0,0.0,3.1273214285715767,0.0,2388.9589748677245,0.0
2025-07-20,0,65,10:50-11:00,1155.4366666666665,1336.9151785714284,0.5859,0.6132647321428573,125.1576190476191,1053.8394595238087,0.0,0.0,0.0,56.32089285714278,0.0,2439.647778439153,0.0
2025-07-20,0,66,11:00-11:10,1171.4606833333332,1357.1907047619047,0.4698,0.49063839285714267,145.1116571428572,1079.9195785714278,792.714969047619,792.714969047619,792.714969047619,833.3333333333333,0.0,3189.647778439153,0.0
2025-07-20,0,67,11:10-11:20,1180.5788166666666,1368.5328880952384,0.4755,0.4954138392857143,140.55719047619044,1332.0603720238091,785.936452380952,785.936452380952,785.936452380952,833.3333333333333,0.0,3939.647778439153,0.0
2025-07-20,0,68,11:20-11:30,1165.5349999999999,1369.4714285714285,0.4549,0.474459375,130.34708333333342,1687.9385964285705,759.7439880952379,759.7439880952379,759.7439880952379,833.3333333333333,0.0,4689.647778439154,0.0
2025-07-20,0,69,11:30-11:40,1159.3594333333333,1361.4169476190477,0.4531,0.47861651785714293,166.62002142857136,1863.818507142856,797.8958404761902,797.8958404761902,797.8958404761902,833.3333333333333,0.0,5439.647778439154,0.0
2025-07-20,0,70,11:40-11:50,1165.3817333333332,1371.0429166666668,0.4461,0.4742245535714284,178.68681190476218,1998.963598214284,806.3589619047618,806.3589619047618,806.3589619047618,833.3333333333333,0.0,6189.647778439154,0.0
2025-07-20,0,71,11:50-12:00,1159.8166666666666,1389.3723214285715,0.4235,0.45023035714285714,178.58363095238096,2092.7109678571414,782.3613095238093,782.3613095238093,782.3613095238093,833.3333333333333,0.0,6939.647778439154,0.0
2025-07-20,0,72,12:00-12:10,1115.6516333333334,1381.9925238095234,0.4047,0.4341540178571428,135.91411428571413,2164.1872214285704,702.9065571428573,702.9065571428573,702.9065571428573,833.3333333333333,0.0,7689.647778439154,0.0
2025-07-20,0,73,12:10-12:20,1068.3394833333332,1378.6077357142858,0.3909,0.4186781250000001,153.39800714285707,2187.9498249999992,676.4630880952377,676.4630880952377,676.4630880952377,833.3333333333333,0.0,8439.647778439154,0.0
2025-07-20,0,74,12:20-12:30,1049.6716666666666,1375.8892857142855,0.3624,0.38574241071428556,160.69863095238088,2252.6677761904753,667.8143452380953,667.8143452380953,667.8143452380953,833.3333333333333,0.0,9189.647778439154,0.0
2025-07-20,0,75,12:30-12:40,1070.9094166666666,1343.2303285714283,0.3392,0.36633883928571437,154.28699999999998,2309.6771660714276,715.2994214285716,715.2994214285716,715.2994214285716,833.3333333333333,0.0,9939.647778439154,0.0
2025-07-20,0,76,12:40-12:50,1136.43895,1335.6656404761904,0.546,0.5760986607142858,155.59758571428574,2371.388955357141,782.1990624926524,782.1990624926524,782.1990624926524,825.8281672545571,0.0,10682.893128968255,0.0
2025-07-20,0,77,12:50-13:00,1187.6533333333332,1354.1883928571428,0.8284,0.8567526785714284,136.20958333333337,2398.2070053571415,0.0,0.0,0.0,30.325476190476365,0.0,10710.186057539684,0.0
2025-07-20,0,78,13:00-13:10,1154.2917499999999,1342.8418333333332,0.7917,0.8188004464285716,118.27412142857149,2328.165770238094,0.0,0.0,0.0,70.27596190476174,0.0,10773.43442325397,0.0
2025-07-20,0,79,13:10-13:20,1158.1363833333332,1320.9690999999998,0.7832,0.8096580357142859,141.23027380952396,2281.8684458333323,0.0,0.0,0.0,21.602442857142705,0.0,10792.876621825399,0.0
2025-07-20,0,80,13:20-13:30,1203.6716666666666,1307.4276785714283,0.8821,0.908210267857143,110.88565476190479,2214.5823946428563,0.0,0.0,0.0,0.0,7.129642857143153,10784.954796428572,0.0
2025-07-20,0,81,13:30-13:40,1176.7327333333333,1297.7553904761903,0.8411,0.8702241071428568,114.98794285714274,2075.0017547619045,0.0,0.0,0.0,6.034714285714244,0.0,10790.386039285715,0.0
2025-07-20,0,82,13:40-13:50,1149.3746333333333,1275.713957142857,0.921,0.9680977678571427,115.65714523809524,1937.1120869047613,0.0,0.0,0.0,10.682178571428494,0.0,10800.0,0.0
2025-07-20,0,83,13:50-14:00,1171.0666666666666,1243.2642857142855,1.1364,1.2049276785714285,121.85922619047619,1827.6541523809515,0.0,0.0,0.0,0.0,49.66160714285729,10744.820436507936,0.0
2025-07-20,0,84,14:00-14:10,1212.2075499999999,1213.341742857143,1.2085,1.276202232142857,120.03230952380954,1724.2593011904753,0.0,0.0,0.0,0.0,118.89811666666651,10612.711417989418,0.0
2025-07-20,0,85,14:10-14:20,1214.0811666666666,1161.3187785714285,1.1987,1.2606526785714285,124.54932619047588,1545.3240160714279,0.0,0.0,0.0,0.0,177.31171428571406,10415.698402116403,0.0
2025-07-20,0,86,14:20-14:30,1186.7283333333332,1103.6008928571428,1.2251,1.287358035714286,138.99988095238123,1376.912135714285,0.0,0.0,0.0,0.0,222.1273214285718,10168.890267195768,0.0
2025-07-20,0,87,14:30-14:40,1192.3797333333332,1083.4738238095238,1.2908,1.352554464285715,163.29961666666665,1290.2212577380947,0.0,0.0,0.0,0.0,272.2055261904761,9866.439682539683,0.0
2025-07-20,0,88,14:40-14:50,1203.1287666666667,1051.8462166666664,1.091,1.1435754464285715,150.03054761904752,1193.5877154761897,0.0,0.0,0.0,0.0,301.31309761904777,9531.647351851852,0.0
2025-07-20,0,89,14:50-15:00,1216.085,997.7776785714283,0.769,0.808654017857143,126.89988095238111,1129.1927976190466,1178.5405357142863,1178.5405357142863,1178.5405357142863,833.3333333333333,0.0,10281.647351851852,0.0
2025-07-20,0,90,15:00-15:10,1252.0459166666665,957.2883952380954,0.7933,0.8293473214285714,113.86781904761904,1164.152574404761,984.5727273074651,984.5727273074651,984.5727273074651,575.9473868312751,0.0,10800.0,0.0
2025-07-20,0,91,15:10-15:20,1237.7135833333332,908.614592857143,0.8491,0.885211160714286,111.39555714285746,1173.3519976190466,440.4945476190476,440.4945476190476,440.4945476190476,0.0,0.0,10800.0,0.0
2025-07-20,0,92,15:20-15:30,1181.8183333333332,850.8383928571427,0.7967,0.8331812499999999,128.7717261904763,1133.7440071428562,459.7516666666668,459.7516666666668,459.7516666666668,0.0,0.0,10800.0,0.0
2025-07-20,0,93,15:30-15:40,1177.2665,809.8299190476189,0.8104,0.8491531249999997,100.10067380952393,1092.2564773809513,467.53725476190493,467.53725476190493,467.53725476190493,0.0,0.0,10800.0,0.0
2025-07-20,0,94,15:40-15:50,1227.3144333333332,775.0022428571428,0.8201,0.8567616071428572,88.8989761904761,1019.7005297619048,541.2111666666665,541.2111666666665,541.2111666666665,0.0,0.0,10800.0,0.0
2025-07-20,0,95,15:50-16:00,1265.7083333333333,732.5160714285713,0.8011,0.8339625000000003,102.09011904761897,1055.0279279761905,635.282380952381,635.282380952381,635.282380952381,0.0,0.0,10800.0,0.0
2025-07-20,0,96,16:00-16:10,1225.1582333333333,679.6572738095238,0.8199,0.8559549107142858,76.94884523809526,1033.0714101190476,622.4498047619049,622.4498047619049,622.4498047619049,0.0,0.0,10800.0,0.0
2025-07-20,0,97,16:10-16:20,1212.60275,632.2784976190476,0.8668,0.9025558035714287,82.64905714285703,1010.1421619047619,662.9733095238096,662.9733095238096,662.9733095238096,0.0,0.0,10800.0,0.0
2025-07-20,0,98,16:20-16:30,1257.2216666666666,590.2133928571428,0.9244,0.9545214285714284,97.93500000000017,1022.1560065476192,764.9432738095239,764.9432738095239,764.9432738095239,0.0,0.0,10800.0,0.0
2025-07-20,0,99,16:30-16:40,1280.9899333333333,538.9056190476191,0.9817,1.0099223214285715,91.21431904761914,901.1718410714288,833.2986333333332,833.2986333333332,833.2986333333332,0.0,0.0,10800.0,0.0
2025-07-20,0,100,16:40-16:50,1265.3147833333333,488.11054285714283,1.008,1.0368495535714284,108.49528333333336,751.7586880952381,885.6995238095238,885.6995238095238,885.6995238095238,0.0,-0.0,10800.0,0.0
2025-07-20,0,101,16:50-17:00,1229.835,442.6053571428571,0.9904,1.018674107142857,103.62773809523787,709.3766303571426,890.8573809523808,890.8573809523808,890.8573809523808,0.0,0.0,10800.0,0.0
2025-07-20,0,102,17:00-17:10,1211.3503166666665,396.6479214285714,0.9638,0.988782589285714,94.31417380952382,753.2587273809519,909.0165690476188,909.0165690476188,909.0165690476188,-0.0,0.0,10800.0,0.0
2025-07-20,0,103,17:10-17:20,1226.4875333333332,347.7441523809524,1.0536,1.0789772321428568,108.62762619047635,775.1632119047614,987.3710071428571,987.3710071428571,987.3710071428571,0.0,0.0,10800.0,0.0
2025-07-20,0,104,17:20-17:30,1271.1866666666665,298.7910714285714,1.1768,1.2054928571428571,101.7292261904762,866.5332904761899,1074.1248214285715,1074.1248214285715,1074.1248214285715,0.0,0.0,10800.0,0.0
2025-07-20,0,105,17:30-17:40,1297.0554666666667,255.36978571428577,1.1369,1.164232589285714,101.89284523809522,868.4668196428565,1143.578526190476,1143.578526190476,1143.578526190476,0.0,0.0,10800.0,0.0
2025-07-20,0,106,17:40-17:50,1152.2673499999999,215.98955476190477,1.1891,1.2120156250000005,88.53076904761895,862.2745738095231,1024.808564285714,1024.808564285714,1024.808564285714,0.0,0.0,10800.0,0.0
2025-07-20,0,107,17:50-18:00,938.8783333333333,177.61785714285713,1.3398,1.3585169642857142,82.97720238095246,844.282510714285,844.2376785714287,844.2376785714287,844.2376785714287,0.0,0.0,10800.0,0.0
2025-07-20,0,108,18:00-18:10,934.0833833333332,138.6443857142857,1.3403,1.357130357142857,74.70435952380956,773.3515440476184,870.1433571428571,870.1433571428571,870.1433571428571,0.0,0.0,10800.0,0.0
2025-07-20,0,109,18:10-18:20,1002.5219833333333,101.90561190476188,1.3631,1.3803044642857145,81.1401428571429,771.5055940476186,981.7565142857143,981.7565142857143,981.7565142857143,0.0,0.0,10800.0,0.0
2025-07-20,0,110,18:20-18:30,1020.3833333333333,68.12946428571428,1.4246,1.442199553571429,85.26964285714268,812.2885690476181,1037.5235119047618,1037.5235119047618,1037.5235119047618,0.0,-0.0,10800.0,0.0
2025-07-20,0,111,18:30-18:40,991.0393166666665,36.43899285714285,1.376,1.3945232142857138,82.48478809523817,805.2544321428562,1037.0851119047618,1037.0851119047618,1037.0851119047618,0.0,0.0,10800.0,0.0
2025-07-20,0,112,18:40-18:50,955.2943499999999,12.286157142857142,1.4591,1.4957633928571428,99.48220238095246,734.6383196428565,1042.4903952380953,1042.4903952380953,1042.4903952380953,0.0,0.0,10800.0,0.0
2025-07-20,0,113,18:50-19:00,956.2183333333334,0.0,1.6572,1.718576785714286,82.71523809523819,821.7581333333328,205.6002380952384,205.6002380952384,205.6002380952384,0.0,833.3333333333333,9874.074074074075,0.0
2025-07-20,0,114,19:00-19:10,1006.7925333333333,0.0,1.6879,1.7502660714285712,79.10781666666674,837.1128803571424,252.56701666666663,252.56701666666663,252.56701666666663,0.0,833.3333333333333,8948.14814814815,0.0
2025-07-20,0,115,19:10-19:20,1026.4484666666667,0.39251904761904766,1.6388,1.6944540178571426,78.6534095238095,767.0185226190475,271.37602380952376,271.37602380952376,271.37602380952376,0.0,833.3333333333333,8022.2222222222235,0.0
2025-07-20,0,116,19:20-19:30,993.4333333333334,0.0,1.6135,1.6667022321428568,77.27999999999986,776.7365749999999,463.46316785714225,463.46316785714225,463.46316785714225,0.0,607.2501654761909,7347.499816137567,0.0
2025-07-20,0,117,19:30-19:40,965.3402833333332,0.0,1.6314,1.6836651785714287,67.91159999999991,791.4536583333334,199.91854999999987,199.91854999999987,199.91854999999987,0.0,833.3333333333333,6421.573890211641,0.0
2025-07-20,0,118,19:40-19:50,985.3019166666666,0.02818333333333333,1.6933,1.7481794642857138,69.00076428571435,762.6471333333332,220.9411642857142,220.9411642857142,220.9411642857142,0.0,833.3333333333333,5495.647964285715,0.0
2025-07-20,0,119,19:50-20:00,1017.1533333333333,0.0,1.7345,1.793361607142858,78.40499999999997,721.7116398809521,262.22500000000014,262.22500000000014,262.22500000000014,0.0,833.3333333333333,4569.722038359789,0.0
2025-07-20,0,120,20:00-20:10,984.8962333333334,0.0,1.6731,1.7311857142857145,99.9435666666667,682.0712416666663,251.50646666666694,251.50646666666694,251.50646666666694,0.0,833.3333333333333,3643.7961124338626,0.0
2025-07-20,0,121,20:10-20:20,950.0616333333334,0.0020214285714285716,1.6056,1.6591500000000001,96.27160476190488,682.036495833333,1046.331216666667,1046.331216666667,1046.331216666667,0.0,0.0,3643.7961124338626,0.0
2025-07-20,0,122,20:20-20:30,958.055,0.0,1.6317,1.6847464285714284,115.10166666666657,656.943663690476,239.82333333333327,239.82333333333327,239.82333333333327,0.0,833.3333333333333,2717.8701865079365,0.0
2025-07-20,0,123,20:30-20:40,994.7463333333333,0.0,1.7206,1.7812017857142857,76.76946666666674,613.6982470238092,238.18246666666687,238.18246666666687,238.18246666666687,0.0,833.3333333333333,1791.9442605820104,0.0
2025-07-20,0,124,20:40-20:50,1014.8436499999999,7.857142857142857e-05,1.5144,1.5615093750000002,64.07399761904765,532.7498345238093,1027.1583345238096,1027.1583345238096,1027.1583345238096,0.0,51.75923452380941,1734.434,0.0
2025-07-20,0,125,20:50-21:00,1003.6316666666667,0.0,1.1293,1.1499464285714287,85.82666666666671,480.9906,1095.7187242798354,1095.7187242798354,1095.7187242798354,6.260390946501957,0.0,1740.0683518518517,0.0
2025-07-20,0,126,21:00-21:10,983.2018833333333,0.0,1.0612,1.0817906250000002,89.22528333333344,486.0615166666664,1105.5176450617287,1105.5176450617287,1105.5176450617287,33.090478395061936,0.0,1769.8497824074075,0.0
2025-07-20,0,127,21:10-21:20,971.2587,0.0,1.1121,1.1422116071428574,87.38498333333337,495.93153749999993,1058.6436833333332,1058.6436833333332,1058.6436833333332,0.0,0.0,1769.8497824074075,0.0
2025-07-20,0,128,21:20-21:30,974.8583333333332,0.0,1.1141,1.1450339285714288,88.15166666666664,512.8648041666669,1022.3766666666663,1022.3766666666663,1022.3766666666663,0.0,40.63333333333344,1724.7016342592592,0.0
2025-07-20,0,129,21:30-21:40,975.1392999999999,0.0,1.0715,1.093477232142857,77.11993333333339,472.23147083333345,980.0085916666667,980.0085916666667,980.0085916666667,0.0,72.25064166666654,1644.4231435185186,0.0
2025-07-20,0,130,21:40-21:50,892.8225666666667,0.0,0.8554,0.8730004464285717,56.5320333333334,399.9808291666668,883.4280041666672,883.4280041666672,883.4280041666672,0.0,65.926595833333,1571.1713703703708,0.0
2025-07-20,0,131,21:50-22:00,786.25,0.0,0.5802,0.601174107142857,96.0233333333332,334.0542333333336,932.2762654320984,932.2762654320984,932.2762654320984,50.002932098765186,0.0,1616.1740092592595,0.0
2025-07-20,0,132,22:00-22:10,793.9179666666666,0.0,0.5249,0.547740625,88.55083333333334,374.55660833333343,1586.719900823045,1586.719900823045,1586.719900823045,704.251100823045,0.0,2250.0,0.0
2025-07-20,0,133,22:10-22:20,773.8546833333332,0.0,0.5203,0.5440071428571428,92.26419999999996,359.24242500000025,1699.4522166666666,1699.4522166666666,1699.4522166666666,833.3333333333333,0.0,3000.0,0.0
2025-07-20,0,134,22:20-22:30,726.4616666666667,0.0,0.4969,0.5206035714285714,88.09000000000003,341.41780833333354,1647.885,1647.885,1647.885,833.3333333333333,0.0,3750.0,0.0
2025-07-20,0,135,22:30-22:40,790.1323833333332,0.0,0.5491,0.5707584821428571,91.18766666666659,293.2832500000003,881.3200499999998,881.3200499999998,881.3200499999998,0.0,0.0,3750.0,0.0
2025-07-20,0,136,22:40-22:50,807.3697333333332,0.0,0.5755,0.5983254464285714,65.3424,265.76775833333363,872.7121333333332,872.7121333333332,872.7121333333332,0.0,0.0,3750.0,0.0
2025-07-20,0,137,22:50-23:00,744.8066666666666,0.0,0.5297,0.555321875,74.59999999999991,224.18261666666683,819.4066666666665,819.4066666666665,819.4066666666665,0.0,0.0,3750.0,0.0
2025-07-20,0,138,23:00-23:10,734.0958666666667,0.0,0.4725,0.49569821428571437,85.78036666666674,172.58679583333333,1653.2095666666667,1653.2095666666667,1653.2095666666667,833.3333333333333,0.0,4500.0,0.0
2025-07-20,0,139,23:10-23:20,765.7516499999999,0.0,0.468,0.48930669642857133,111.28918333333331,152.56034166666672,1710.3741666666665,1710.3741666666665,1710.3741666666665,833.3333333333333,0.0,5250.0,0.0
2025-07-20,0,140,23:20-23:30,806.6266666666667,0.0,0.5164,0.5399919642857143,87.50833333333321,153.2118291666668,1727.4683333333332,1727.4683333333332,1727.4683333333332,833.3333333333333,0.0,6000.0,0.0
2025-07-20,0,141,23:30-23:40,833.5255833333333,0.0,0.5586,0.5859285714285715,98.58091666666667,117.71916250000004,932.1065,932.1065,932.1065,0.0,0.0,6000.0,0.0
2025-07-20,0,142,23:40-23:50,810.7078499999999,0.0,0.553,0.5793053571428571,74.72581666666667,83.196325,885.4336666666666,885.4336666666666,885.4336666666666,0.0,0.0,6000.0,0.0
2025-07-20,0,143,23:50-24:00,766.2433333333333,0.0,0.5266,0.5494937499999998,90.43333333333334,47.13458333333324,856.6766666666667,856.6766666666667,856.6766666666667,0.0,0.0,6000.0,0.0
2025-07-21,0,0,0:00-0:10,767.4815,0.0,0.5394,0.563139732142857,73.19683333333342,1136.039741666666,840.6783333333334,840.6783333333334,840.6783333333334,0.0,0.0,8449.270947235453,0.0
2025-07-21,0,1,0:10-0:20,773.08025,0.0,0.5333,0.5541424107142856,86.40531666666669,1173.7625690476189,859.4855666666667,859.4855666666667,859.4855666666667,0.0,0.0,8449.270947235453,0.0
2025-07-21,0,2,0:20-0:30,772.5949999999999,0.0,0.5036,0.5189709821428573,80.63833333333332,1202.203831547619,853.2333333333332,853.2333333333332,853.2333333333332,0.0,0.0,8449.270947235453,0.0
2025-07-21,0,3,0:30-0:40,794.44885,0.0,0.5117,0.5317040178571429,85.22788333333335,1218.4917482142857,879.6767333333333,879.6767333333333,879.6767333333333,0.0,0.0,8449.270947235453,0.0
2025-07-21,0,4,0:40-0:50,790.6747333333333,0.0,0.5478,0.5713714285714286,86.42784999999992,1239.3510202380958,877.1025833333332,877.1025833333332,877.1025833333332,0.0,0.0,8449.270947235453,0.0
2025-07-21,0,5,0:50-1:00,770.2349999999999,0.0,0.5989,0.6199758928571428,92.9899999999999,1300.317816071429,29.891666666666538,29.891666666666538,29.891666666666538,0.0,833.3333333333333,7523.345021309527,0.0
2025-07-21,0,6,1:00-1:10,784.2873500000001,0.0,0.6458,0.664533482142857,89.19088333333332,1353.6948261904763,40.14490000000012,40.14490000000012,40.14490000000012,0.0,833.3333333333333,6597.4190953836005,0.0
2025-07-21,0,7,1:10-1:20,752.5646833333333,0.0,0.5903,0.608296875,90.53543333333346,1282.143557142857,9.766783333333478,9.766783333333478,9.766783333333478,0.0,833.3333333333333,5671.493169457674,0.0
2025-07-21,0,8,1:20-1:30,708.675,0.0,0.507,0.5271919642857144,75.85166666666669,1266.0159523809525,784.5266666666666,784.5266666666666,784.5266666666666,0.0,0.0,5671.493169457674,0.0
2025-07-21,0,9,1:30-1:40,766.4813999999999,0.0,0.5715,0.5962500000000002,77.4766166666667,1291.0586904761906,10.624683333333337,10.624683333333337,10.624683333333337,0.0,833.3333333333333,4745.567243531748,0.0
2025-07-21,0,10,1:40-1:50,778.7719999999999,0.0,0.6014,0.6210133928571431,78.1231166666667,1257.9809357142854,23.561783333333324,23.561783333333324,23.561783333333324,0.0,833.3333333333333,3819.641317605822,0.0
2025-07-21,0,11,1:50-2:00,717.9833333333332,0.0,0.5339,0.5445607142857144,85.69000000000005,1234.4508976190473,803.6733333333333,803.6733333333333,803.6733333333333,0.0,0.0,3819.641317605822,0.0
2025-07-21,0,12,2:00-2:10,707.4265499999999,0.0,0.4907,0.5066683035714287,84.23035000000004,1234.3689482142854,791.6569,791.6569,791.6569,0.0,0.0,3819.641317605822,0.0
2025-07-21,0,13,2:10-2:20,727.92105,0.0,0.4848,0.5044272321428571,84.52453333333335,1224.3740124999995,812.4455833333334,812.4455833333334,812.4455833333334,0.0,0.0,3819.641317605822,0.0
2025-07-21,0,14,2:20-2:30,726.3733333333332,0.0,0.4941,0.5088200892857143,71.73833333333334,1217.8238494047616,798.1116666666666,798.1116666666666,798.1116666666666,0.0,0.0,3819.641317605822,0.0
2025-07-21,0,15,2:30-2:40,683.9798166666666,0.0,0.4993,0.510066517857143,40.73574999999994,1188.4251446428568,724.7155666666665,724.7155666666665,724.7155666666665,0.0,0.0,3819.641317605822,0.0
2025-07-21,0,16,2:40-2:50,698.0507833333332,0.0,0.5155,0.5274415178571428,45.49531666666667,1082.9933714285717,743.5460999999999,743.5460999999999,743.5460999999999,0.0,0.0,3819.641317605822,0.0
2025-07-21,0,17,2:50-3:00,758.2483333333332,0.0,0.5431,0.5581441964285714,61.25,1032.4151964285716,819.4983333333332,819.4983333333332,819.4983333333332,0.0,0.0,3819.641317605822,0.0
2025-07-21,0,18,3:00-3:10,757.3817,2.857142857142857e-05,0.563,0.5767629464285713,44.0605833333334,991.1648309523812,801.4422547619049,801.4422547619049,801.4422547619049,0.0,0.0,3819.641317605822,0.0
2025-07-21,0,19,3:10-3:20,744.8971833333333,0.0,0.5717,0.5842714285714287,50.77761666666663,917.6986303571431,795.6747999999999,795.6747999999999,795.6747999999999,0.0,0.0,3819.641317605822,0.0
2025-07-21,0,20,3:20-3:30,754.1933333333333,0.0,0.5719,0.5855584821428572,53.32999999999993,874.2821928571432,807.5233333333332,807.5233333333332,807.5233333333332,0.0,0.0,3819.641317605822,0.0
2025-07-21,0,21,3:30-3:40,761.0880333333332,0.0019285714285714284,0.5585,0.5725607142857143,47.57540238095237,850.2913595238097,808.661507142857,808.661507142857,808.661507142857,0.0,0.0,3819.641317605822,0.0
2025-07-21,0,22,3:40-3:50,739.6364166666667,0.0,0.4925,0.5030441964285716,47.785283333333325,779.4986904761906,787.4217000000001,787.4217000000001,787.4217000000001,0.0,0.0,3819.641317605822,0.0
2025-07-21,0,23,3:50-4:00,703.3366666666667,0.0,0.4223,0.42798392857142853,37.98666666666668,672.1796821428572,1574.6566666666668,1574.6566666666668,1574.6566666666668,833.3333333333333,0.0,4569.641317605822,0.0
2025-07-21,0,24,4:00-4:10,691.26255,0.02685714285714285,0.4443,0.44999508928571424,48.26451666666674,585.092598809524,1572.833542857143,1572.833542857143,1572.833542857143,833.3333333333333,0.0,5319.641317605822,0.0
2025-07-21,0,25,4:10-4:20,688.7108833333333,0.0,0.4656,0.47365714285714294,53.74806666666666,520.392511904762,1575.7922833333332,1575.7922833333332,1575.7922833333332,833.3333333333333,0.0,6069.641317605822,0.0
2025-07-21,0,26,4:20-4:30,689.0133333333333,0.0,0.4551,0.4641263392857144,56.9083333333333,475.37869523809536,1579.2549999999999,1579.2549999999999,1579.2549999999999,833.3333333333333,0.0,6819.641317605822,0.0
2025-07-21,0,27,4:30-4:40,697.5955166666665,0.3740761904761905,0.4698,0.4768366071428572,54.5044976190477,435.80189047619047,1585.0592714285713,1585.0592714285713,1585.0592714285713,833.3333333333333,0.0,7569.641317605822,0.0
2025-07-21,0,28,4:40-4:50,683.3545333333333,0.0,0.4797,0.4845906250000001,37.169116666666696,383.8684458333329,720.52365,720.52365,720.52365,0.0,0.0,7569.641317605822,0.0
2025-07-21,0,29,4:50-5:00,668.0899999999999,0.0,0.4734,0.4784156249999999,68.01869047619044,334.2610874999996,1569.4420238095236,1569.4420238095236,1569.4420238095236,833.3333333333333,0.0,8319.641317605823,0.0
2025-07-21,0,30,5:00-5:10,704.1729999999999,12.21260952380952,0.4724,0.47946116071428585,50.67806666666661,323.76890238095183,998.5925486919424,998.5925486919424,998.5925486919424,255.9540915490854,0.0,8550.0,0.0
2025-07-21,0,31,5:10-5:20,720.1670166666665,38.572426190476186,0.4647,0.4708120535714286,41.14326904761913,366.0266928571426,1556.0711928571427,1556.0711928571427,1556.0711928571427,833.3333333333333,0.0,9300.0,0.0
2025-07-21,0,32,5:20-5:30,681.4449999999999,73.55267857142857,0.4157,0.41888749999999986,44.809464285714284,364.62011666666723,1486.035119047619,1486.035119047619,1486.035119047619,833.3333333333333,0.0,10050.0,0.0
2025-07-21,0,33,5:30-5:40,644.199,108.05957619047618,0.3522,0.3562325892857142,44.40222142857158,362.9048601190475,1413.8749785714285,1413.8749785714285,1413.8749785714285,833.3333333333333,0.0,10800.0,0.0
2025-07-21,0,34,5:40-5:50,743.7597833333332,145.68471428571428,0.5776,0.5826941964285716,31.870469047619054,425.9484994047615,629.9455380952379,629.9455380952379,629.9455380952379,-0.0,0.0,10800.0,0.0
2025-07-21,0,35,5:50-6:00,898.9133333333332,187.21785714285718,0.9361,0.9415611607142856,40.39422619047616,492.51097023809496,0.0,0.0,0.0,0.0,752.0897023809522,9964.344775132275,0.0
2025-07-21,0,36,6:00-6:10,883.0232166666666,228.76210952380953,0.9359,0.9435892857142857,31.444892857142918,571.4127047619046,0.0,0.0,0.0,0.0,685.706,9202.44921957672,0.0
2025-07-21,0,37,6:10-6:20,824.8262166666666,271.7988642857142,0.8413,0.8497986607142857,36.86186666666674,586.9655988095237,0.0,0.0,0.0,0.0,589.8892190476191,8547.016753968253,0.0
2025-07-21,0,38,6:20-6:30,825.14,317.69642857142856,0.8339,0.8411424107142856,54.809940476190405,612.6685476190478,431.7293672619046,431.7293672619046,431.7293672619046,0.0,130.5241446428572,8401.989926587301,0.0
2025-07-21,0,39,6:30-6:40,857.9394166666666,365.58662857142855,0.8388,0.8462031249999998,57.65068095238098,739.352469047619,0.0,0.0,0.0,0.0,550.0034690476191,7790.874960978835,0.0
2025-07-21,0,40,6:40-6:50,869.7285833333333,412.03990714285715,0.8619,0.8738950892857146,50.51224285714278,803.3290886904763,0.0,0.0,0.0,0.0,508.200919047619,7226.207273148147,0.0
2025-07-21,0,41,6:50-7:00,858.2416666666666,459.55446428571423,0.8606,0.877209375,55.464226190476154,820.9144178571428,0.0,0.0,0.0,0.0,454.15142857142854,6721.594574735448,0.0
2025-07-21,0,42,7:00-7:10,865.5024,513.713561904762,0.7668,0.780233482142857,48.80176190476186,873.511623809524,400.5905999999999,400.5905999999999,400.5905999999999,0.0,0.0,6721.594574735448,0.0
2025-07-21,0,43,7:10-7:20,883.2498333333333,566.5597047619048,0.6925,0.7024870535714284,54.423569047619026,897.8244940476193,371.11369761904757,371.11369761904757,371.11369761904757,0.0,0.0,6721.594574735448,0.0
2025-07-21,0,44,7:20-7:30,883.23,614.0589285714285,0.6738,0.6853959821428571,59.76190476190466,901.4825726190476,328.9329761904762,328.9329761904762,328.9329761904762,0.0,0.0,6721.594574735448,0.0
2025-07-21,0,45,7:30-7:40,867.212,659.5562952380951,0.6789,0.6951508928571427,70.340507142857,905.1862928571428,277.9962119047618,277.9962119047618,277.9962119047618,0.0,0.0,6721.594574735448,0.0
2025-07-21,0,46,7:40-7:50,973.9150666666666,706.0123428571428,0.8776,0.8948035714285714,64.11464523809536,909.6395666666665,0.0,0.0,0.0,0.0,332.017369047619,6352.68638690476,0.0
2025-07-21,0,47,7:50-8:00,1141.2849999999999,747.6160714285713,1.1725,1.1875584821428575,64.90505952380954,903.4953982142858,0.0,0.0,0.0,0.0,458.57398809523806,5843.159733465607,0.0
2025-07-21,0,48,8:00-8:10,1150.3195999999998,776.059057142857,1.2416,1.2577258928571429,79.54044523809529,899.4840589285715,0.0,0.0,0.0,0.0,453.80098809523815,5338.936413359787,0.0
2025-07-21,0,49,8:10-8:20,1091.5429166666665,806.8489761904762,1.1391,1.1548995535714288,61.578221428571624,935.3358250000001,0.0,0.0,0.0,0.0,346.272161904762,4954.189566798941,0.0
2025-07-21,0,50,8:20-8:30,1066.6366666666665,848.5419642857142,1.0287,1.0431866071428568,82.27660714285719,962.7623958333336,0.0,0.0,0.0,0.0,300.3713095238094,4620.443667328042,0.0
2025-07-21,0,51,8:30-8:40,1094.4303166666666,896.5464880952381,1.0357,1.0533808035714285,71.32669047619038,998.9698214285715,0.0,0.0,0.0,0.0,269.21051904761885,4321.320868386243,0.0
2025-07-21,0,52,8:40-8:50,1138.4880333333333,945.7769,1.0896,1.1098236607142853,78.94549047619029,1010.5869958333335,0.0,0.0,0.0,0.0,271.6566238095237,4019.4801752645503,0.0
2025-07-21,0,53,8:50-9:00,1170.1066666666666,993.3642857142856,1.1183,1.138387946428571,94.84428571428577,1012.2059744047618,0.0,0.0,0.0,0.0,271.5866666666668,3717.717212301587,0.0
2025-07-21,0,54,9:00-9:10,1184.5521833333332,1038.3358404761902,1.1003,1.1205281249999997,102.46165714285712,1022.8788910714286,0.0,0.0,0.0,0.0,248.6780000000001,3441.408323412698,0.0
2025-07-21,0,55,9:10-9:20,1189.3834333333332,1078.4855952380954,1.0279,1.0478334821428574,95.56130714285707,1031.3622517857143,0.0,0.0,0.0,0.0,206.45914523809483,3212.009273148148,0.0
2025-07-21,0,56,9:20-9:30,1185.6316666666667,1110.641964285714,0.959,0.9773790178571427,74.82285714285717,1029.991705357143,0.0,0.0,0.0,0.0,149.8125595238098,3045.5508736772485,0.0
2025-07-21,0,57,9:30-9:40,1169.9735666666666,1132.5741547619048,0.9884,1.0069495535714283,90.54190000000028,1133.2731339285713,0.0,0.0,0.0,0.0,127.94131190476196,2903.3938604497353,0.0
2025-07-21,0,58,9:40-9:50,1158.7692166666666,1148.8334214285712,1.1035,1.1373205357142855,97.26735714285724,1183.9955666666672,0.0,0.0,0.0,0.0,107.20315238095259,2784.2792466931214,0.0
2025-07-21,0,59,9:50-10:00,1164.5783333333334,1176.736607142857,1.2188,1.2746026785714288,104.08785714285727,1089.0491589285718,0.0,0.0,0.0,0.0,91.92958333333354,2682.1352652116398,0.0
2025-07-21,0,60,10:00-10:10,1186.6200833333332,1227.9544119047619,1.2346,1.2945892857142858,125.35250238095227,1007.5506589285719,0.0,0.0,0.0,0.0,84.01817380952366,2588.7817387566133,0.0
2025-07-21,0,61,10:10-10:20,1205.82605,1250.4654095238093,1.1798,1.2346861607142858,108.59565714285725,1023.1388440476189,0.0,0.0,0.0,0.0,63.956297619047746,2517.7191858465603,0.0
2025-07-21,0,62,10:20-10:30,1193.5949999999998,1247.75,1.1637,1.2170892857142859,103.39428571428556,1106.367288095238,0.0,0.0,0.0,0.0,49.239285714285415,2463.008868386243,0.0
2025-07-21,0,63,10:30-10:40,1142.6531666666665,1275.7206238095239,1.2307,1.2887924107142854,132.63631904761905,1136.707981547619,0.0,0.0,0.0,0.4311380952383388,0.0,2463.3968926719576,0.0
2025-07-21,0,64,10:40-10:50,1145.5938333333334,1314.5442714285714,1.0006,1.0486982142857144,126.19469523809516,1115.6094208333334,0.0,0.0,0.0,42.75574285714288,0.0,2501.8770612433864,0.0
2025-07-21,0,65,10:50-11:00,1190.9499999999998,1340.867857142857,0.5797,0.6072955357142859,125.1576190476191,1101.9189333333331,741.2076843327447,741.2076843327447,741.2076843327447,765.9679224279828,0.0,3191.248191428571,0.0
2025-07-21,0,66,11:00-11:10,1176.8444333333332,1349.920669047619,0.4858,0.5084379464285714,145.1116571428572,1127.9990523809522,805.3687547619047,805.3687547619047,805.3687547619047,833.3333333333333,0.0,3941.248191428571,0.0
2025-07-21,0,67,11:10-11:20,1153.8618999999999,1346.371919047619,0.5225,0.5464227678571428,140.55719047619044,1380.1398458333335,781.3805047619046,781.3805047619046,781.3805047619046,833.3333333333333,0.0,4691.248191428571,0.0
2025-07-21,0,68,11:20-11:30,1161.445,1335.2589285714284,0.5186,0.5438352678571426,131.92303571428556,1736.0180702380949,791.4424404761903,791.4424404761903,791.4424404761903,833.3333333333333,0.0,5441.248191428571,0.0
2025-07-21,0,69,11:30-11:40,1179.0662333333332,1323.4722857142856,0.5071,0.5368999999999999,167.0499571428569,1913.4739333333325,855.9772380952379,855.9772380952379,855.9772380952379,833.3333333333333,0.0,6191.248191428571,0.0
2025-07-21,0,70,11:40-11:50,1152.4844833333332,1331.0802095238093,0.4955,0.5256825892857144,178.1724261904762,2049.0489601190466,832.9100333333333,832.9100333333333,832.9100333333333,833.3333333333333,0.0,6941.248191428571,0.0
2025-07-21,0,71,11:50-12:00,1098.3466666666666,1347.5544642857144,0.4873,0.51520625,159.4188690476189,2142.281944047618,743.5444047619044,743.5444047619044,743.5444047619044,833.3333333333333,0.0,7691.248191428571,0.0
2025-07-21,0,72,12:00-12:10,1087.1566333333333,1343.0953380952378,0.4846,0.5160022321428571,135.91411428571413,2194.593435714285,713.3087428571428,713.3087428571428,713.3087428571428,833.3333333333333,0.0,8441.24819142857,0.0
2025-07-21,0,73,12:10-12:20,1090.8313666666666,1344.468514285714,0.4666,0.4967401785714286,140.08137619047642,2218.356039285713,719.7775619047623,719.7775619047623,719.7775619047623,833.3333333333333,0.0,9191.24819142857,0.0
2025-07-21,0,74,12:20-12:30,1079.0666666666666,1347.6357142857141,0.4346,0.45941071428571423,160.69863095238088,2269.7573595238086,725.4629166666666,725.4629166666666,725.4629166666666,833.3333333333333,0.0,9941.24819142857,0.0
2025-07-21,0,75,12:30-12:40,1060.7820499999998,1323.301638095238,0.4467,0.4740424107142858,154.28699999999998,2326.766749404761,725.100745238095,725.100745238095,725.100745238095,833.3333333333333,0.0,10691.24819142857,0.0
2025-07-21,0,76,12:40-12:50,1103.5362666666665,1319.422804761905,0.6636,0.6940540178571428,155.59758571428574,2388.4785386904746,0.0,0.0,0.0,60.28895238095265,0.0,10745.508248571428,0.0
2025-07-21,0,77,12:50-13:00,1173.4483333333333,1335.7035714285714,0.9323,0.9624169642857142,136.20958333333337,2415.296588690475,0.0,0.0,0.0,26.04565476190487,0.0,10768.949337857142,0.0
2025-07-21,0,78,13:00-13:10,1168.6982666666665,1321.4731238095237,0.9198,0.9493473214285711,118.27412142857149,2345.2553535714273,0.0,0.0,0.0,34.50073571428561,0.0,10800.0,0.0
2025-07-21,0,79,13:10-13:20,1174.3170833333334,1296.068371428571,0.911,0.93920625,138.06567857142852,2298.9580291666657,16.314390476190965,16.314390476190965,16.314390476190965,0.0,0.0,10800.0,0.0
2025-07-21,0,80,13:20-13:30,1214.8633333333332,1280.1464285714285,0.9813,1.0085263392857138,97.81172619047629,2228.5073827380947,0.0,0.0,0.0,0.0,32.528630952381036,10763.857076719576,0.0
2025-07-21,0,81,13:30-13:40,1224.8985833333331,1273.1532023809523,0.9461,0.9775214285714291,114.1368833333332,2075.852814285714,65.88226428571397,65.88226428571397,65.88226428571397,0.0,0.0,10763.857076719576,0.0
2025-07-21,0,82,13:40-13:50,1212.8175833333332,1258.1614214285714,1.0366,1.0853249999999999,115.65714523809524,1937.1120869047613,0.0,0.0,0.0,0.0,70.31330714285696,10685.73117989418,0.0
2025-07-21,0,83,13:50-14:00,1206.395,1231.4696428571428,1.2214,1.2896566964285714,121.85922619047619,1827.6541523809515,0.0,0.0,0.0,0.0,96.78458333333333,10578.192753968253,0.0
2025-07-21,0,84,14:00-14:10,1220.2563666666665,1200.8278904761905,1.2113,1.279834375,120.03230952380954,1724.2593011904753,0.0,0.0,0.0,0.0,139.46078571428552,10423.236325396825,0.0
2025-07-21,0,85,14:10-14:20,1219.445333333333,1152.8573595238095,1.1605,1.2236017857142858,124.54932619047588,1545.3240160714279,0.0,0.0,0.0,0.0,191.1372999999994,10210.861547619048,0.0
2025-07-21,0,86,14:20-14:30,1200.6149999999998,1105.0553571428572,1.1985,1.2608535714285711,138.99988095238123,1376.912135714285,0.0,0.0,0.0,0.0,234.55952380952385,9950.239854497355,0.0
2025-07-21,0,87,14:30-14:40,1198.1725999999999,1089.1586142857143,1.2575,1.3203138392857139,163.29961666666665,1290.2212577380947,0.0,0.0,0.0,0.0,272.31360238095226,9647.669185185187,0.0
2025-07-21,0,88,14:40-14:50,1220.6607166666665,1051.7076119047617,1.0614,1.11625625,150.03054761904752,1193.5877154761897,0.0,0.0,0.0,0.0,318.98365238095244,9293.242904761906,0.0
2025-07-21,0,89,14:50-15:00,1249.8083333333334,991.0794642857142,0.7398,0.7810433035714288,126.89988095238111,1129.1927976190466,1218.9620833333338,1218.9620833333338,1218.9620833333338,833.3333333333333,0.0,10043.242904761906,0.0
2025-07-21,0,90,15:00-15:10,1253.8121166666665,956.8876595238095,0.7166,0.7516888392857145,113.86781904761904,1164.152574404761,1244.125609523809,1244.125609523809,1244.125609523809,833.3333333333333,0.0,10793.242904761906,0.0
2025-07-21,0,91,15:10-15:20,1227.8696333333332,912.0180023809526,0.7787,0.8143441964285713,111.39555714285746,1173.3519976190466,434.75507169312004,434.75507169312004,434.75507169312004,7.507883597882028,0.0,10800.0,0.0
2025-07-21,0,92,15:20-15:30,1212.2416666666666,852.9964285714284,0.7873,0.8256575892857142,128.7717261904763,1133.7440071428562,488.0169642857145,488.0169642857145,488.0169642857145,0.0,0.0,10800.0,0.0
2025-07-21,0,93,15:30-15:40,1254.2131166666666,817.4614642857143,0.8204,0.8594558035714288,100.10067380952393,1092.2564773809513,536.8523261904761,536.8523261904761,536.8523261904761,0.0,0.0,10800.0,0.0
2025-07-21,0,94,15:40-15:50,1280.3141333333333,783.8986095238095,0.8682,0.904379017857143,88.8989761904761,1019.7005297619048,585.3145,585.3145,585.3145,0.0,0.0,10800.0,0.0
2025-07-21,0,95,15:50-16:00,1266.7199999999998,736.2508928571428,0.904,0.9379870535714286,102.09011904761897,1055.0279279761905,632.559226190476,632.559226190476,632.559226190476,0.0,0.0,10800.0,0.0
2025-07-21,0,96,16:00-16:10,1255.5924,681.1037047619047,0.9148,0.9524785714285715,76.94884523809526,1033.0714101190476,651.4375404761904,651.4375404761904,651.4375404761904,0.0,0.0,10800.0,0.0
2025-07-21,0,97,16:10-16:20,1234.3388333333332,631.5132642857142,0.9133,0.9494678571428573,82.64905714285703,1010.1421619047619,685.4746261904762,685.4746261904762,685.4746261904762,0.0,0.0,10800.0,0.0
2025-07-21,0,98,16:20-16:30,1228.3433333333332,587.175,0.9322,0.9615843750000002,97.93500000000017,1022.1560065476192,739.1033333333335,739.1033333333335,739.1033333333335,0.0,0.0,10800.0,0.0
2025-07-21,0,99,16:30-16:40,1276.9593499999999,537.1353523809523,0.9913,1.0198566964285714,91.21431904761914,901.1718410714288,831.0383166666668,831.0383166666668,831.0383166666668,0.0,-0.0,10800.0,0.0
2025-07-21,0,100,16:40-16:50,1272.2960833333332,486.59907857142855,1.0072,1.0370522321428572,108.49528333333336,751.7586880952381,894.192288095238,894.192288095238,894.192288095238,0.0,-0.0,10800.0,0.0
2025-07-21,0,101,16:50-17:00,1229.815,439.4553571428571,0.988,1.0169816964285716,103.62773809523787,711.3629410714288,893.9873809523808,893.9873809523808,893.9873809523808,-0.0,0.0,10800.0,0.0
2025-07-21,0,102,17:00-17:10,1267.0666666666666,393.8317095238095,1.0242,1.0503455357142857,94.31417380952382,755.6116244047614,967.5491309523809,967.5491309523809,967.5491309523809,0.0,0.0,10800.0,0.0
2025-07-21,0,103,17:10-17:20,1274.1104,347.02532380952385,1.0733,1.0988513392857138,108.62762619047635,784.5747999999995,1035.7127023809526,1035.7127023809526,1035.7127023809526,0.0,0.0,10800.0,0.0
2025-07-21,0,104,17:20-17:30,1244.245,299.5392857142857,1.0972,1.1241709821428572,101.7292261904762,875.4915452380948,1046.4349404761906,1046.4349404761906,1046.4349404761906,0.0,0.0,10800.0,0.0
2025-07-21,0,105,17:30-17:40,1267.8377999999998,254.79755714285716,1.115,1.1408558035714287,101.89284523809522,877.8784077380947,1114.9330880952377,1114.9330880952377,1114.9330880952377,0.0,0.0,10800.0,0.0
2025-07-21,0,106,17:40-17:50,1186.8554166666665,214.36981666666668,1.2103,1.2323772321428574,88.53076904761895,871.6861619047612,1061.0163690476188,1061.0163690476188,1061.0163690476188,0.0,0.0,10800.0,0.0
2025-07-21,0,107,17:50-18:00,1025.9883333333332,176.44642857142856,1.3294,1.3476607142857142,82.97720238095246,853.6940988095231,932.519107142857,932.519107142857,932.519107142857,0.0,0.0,10800.0,0.0
2025-07-21,0,108,18:00-18:10,983.2130999999999,137.85586428571426,1.3282,1.3456901785714286,74.70435952380956,782.7631321428565,920.0615952380954,920.0615952380954,920.0615952380954,0.0,0.0,10800.0,0.0
2025-07-21,0,109,18:10-18:20,968.6266333333333,101.3351880952381,1.3099,1.327949107142857,81.1401428571429,779.3489238095234,948.4315880952382,948.4315880952382,948.4315880952382,0.0,0.0,10800.0,0.0
2025-07-21,0,110,18:20-18:30,940.2083333333333,67.50357142857143,1.3435,1.3609116071428564,85.26964285714268,815.4271238095229,957.9744047619047,957.9744047619047,957.9744047619047,0.0,0.0,10800.0,0.0
2025-07-21,0,111,18:30-18:40,957.9255166666667,35.32183571428571,1.4162,1.433833928571428,82.48478809523817,808.392986904761,1005.0884690476191,1005.0884690476191,1005.0884690476191,0.0,-0.0,10800.0,0.0
2025-07-21,0,112,18:40-18:50,999.2469333333333,11.429547619047618,1.5733,1.6092303571428572,99.48220238095246,737.7768744047612,1087.2995880952383,1087.2995880952383,1087.2995880952383,0.0,0.0,10800.0,0.0
2025-07-21,0,113,18:50-19:00,1015.1066666666667,0.0,1.7201,1.7813973214285717,82.71523809523819,824.8966880952376,264.48857142857173,264.48857142857173,264.48857142857173,0.0,833.3333333333333,9874.074074074075,0.0
2025-07-21,0,114,19:00-19:10,977.2216166666667,0.0,1.692,1.7547513392857146,79.10781666666674,840.2514351190472,222.99610000000007,222.99610000000007,222.99610000000007,0.0,833.3333333333333,8948.14814814815,0.0
2025-07-21,0,115,19:10-19:20,955.7026999999999,0.3555761904761905,1.6578,1.714531696428572,78.6534095238095,770.1570773809523,200.6672000000001,200.6672000000001,200.6672000000001,0.0,833.3333333333333,8022.2222222222235,0.0
2025-07-21,0,116,19:20-19:30,977.28,0.0,1.6817,1.7364656250000006,77.27999999999986,782.6741672619045,221.2266666666667,221.2266666666667,221.2266666666667,0.0,833.3333333333333,7096.296296296297,0.0
2025-07-21,0,117,19:30-19:40,1004.8346833333333,0.0,1.6752,1.728101339285714,67.91159999999991,797.3912505952379,239.4129499999999,239.4129499999999,239.4129499999999,0.0,833.3333333333333,6170.370370370371,0.0
2025-07-21,0,118,19:40-19:50,1018.3317833333333,0.025530952380952376,1.6923,1.745772321428572,69.00076428571435,769.5177380952377,253.97368333333338,253.97368333333338,253.97368333333338,0.0,833.3333333333333,5244.444444444445,0.0
2025-07-21,0,119,19:50-20:00,1010.9766666666666,0.0,1.7217,1.7783334821428576,78.40499999999997,728.5822446428567,256.0483333333334,256.0483333333334,256.0483333333334,0.0,833.3333333333333,4318.518518518519,0.0
2025-07-21,0,120,20:00-20:10,989.9884666666667,0.0,1.6813,1.7397156250000003,99.9435666666667,688.9418464285709,256.59870000000024,256.59870000000024,256.59870000000024,0.0,833.3333333333333,3392.592592592593,0.0
2025-07-21,0,121,20:10-20:20,984.1555833333333,0.0018309523809523806,1.62,1.6748147321428566,96.27160476190488,688.9071005952376,1080.4253571428574,1080.4253571428574,1080.4253571428574,0.0,0.0,3392.592592592593,0.0
2025-07-21,0,122,20:20-20:30,991.1916666666666,0.0,1.6363,1.6887660714285713,115.10166666666657,663.8142684523806,505.9137726190463,505.9137726190463,505.9137726190463,0.0,600.3795607142868,2725.504191798941,0.0
2025-07-21,0,123,20:30-20:40,985.0915499999999,0.0,1.7345,1.7934736607142854,76.76946666666674,620.5688517857137,228.52768333333347,228.52768333333347,228.52768333333347,0.0,833.3333333333333,1799.5782658730154,0.0
2025-07-21,0,124,20:40-20:50,988.9905,5e-05,1.5045,1.5496223214285718,56.475742857142905,539.6204392857139,986.1087035714285,986.1087035714285,986.1087035714285,0.0,59.357489285714195,1733.6254999999996,0.0
2025-07-21,0,125,20:50-21:00,1004.79,0.0,1.0951,1.113841964285714,84.01333333333332,480.2629499999998,1092.825041152263,1092.825041152263,1092.825041152263,4.021707818929928,0.0,1737.2450370370366,0.0
2025-07-21,0,126,21:00-21:10,1007.1285666666665,0.0,1.0821,1.1016254464285715,89.22528333333344,483.5205333333329,1129.4443283950623,1129.4443283950623,1129.4443283950623,33.09047839506219,0.0,1767.0264675925926,0.0
2025-07-21,0,127,21:10-21:20,997.5899666666666,0.0,1.1199,1.1498290178571424,87.38498333333337,493.3905541666664,1084.9749499999998,1084.9749499999998,1084.9749499999998,0.0,0.0,1767.0264675925926,0.0
2025-07-21,0,128,21:20-21:30,992.1933333333333,0.0,1.0793,1.1106102678571426,88.15166666666664,510.32382083333334,1080.3449999999998,1080.3449999999998,1080.3449999999998,0.0,0.0,1767.0264675925926,0.0
2025-07-21,0,129,21:30-21:40,990.80725,0.0,1.14,1.1627683035714285,77.11993333333339,469.6904874999999,955.0432083333333,955.0432083333333,955.0432083333333,0.0,112.88397499999998,1641.5998287037037,0.0
2025-07-21,0,130,21:40-21:50,906.0758833333332,0.0,0.9256,0.9440044642857147,56.5320333333334,397.43984583333327,896.6813208333334,896.6813208333334,896.6813208333334,0.0,65.9265958333332,1568.3480555555557,0.0
2025-07-21,0,131,21:50-22:00,780.7966666666666,0.0,0.5277,0.5489803571428571,96.0233333333332,331.5132500000001,1710.1533333333332,1710.1533333333332,1710.1533333333332,833.3333333333333,0.0,2318.3480555555557,0.0
2025-07-21,0,132,22:00-22:10,761.1876333333332,0.0,0.4699,0.4923709821428572,94.82386666666673,372.0156249999999,1689.344833333333,1689.344833333333,1689.344833333333,833.3333333333333,0.0,3068.3480555555557,0.0
2025-07-21,0,133,22:10-22:20,799.9431333333333,0.0,0.5646,0.5880330357142857,92.26419999999996,362.9744750000001,892.2073333333333,892.2073333333333,892.2073333333333,0.0,0.0,3068.3480555555557,0.0
2025-07-21,0,134,22:20-22:30,821.3916666666667,0.0,0.6083,0.631827232142857,88.09000000000003,345.1498583333334,909.4816666666667,909.4816666666667,909.4816666666667,0.0,0.0,3068.3480555555557,0.0
2025-07-21,0,135,22:30-22:40,794.9011499999999,0.0,0.592,0.6120857142857145,91.18766666666659,297.01530000000014,886.0888166666665,886.0888166666665,886.0888166666665,0.0,0.0,3068.3480555555557,0.0
2025-07-21,0,136,22:40-22:50,780.2230333333333,0.0,0.6036,0.6247910714285714,65.3424,269.4998083333335,845.5654333333333,845.5654333333333,845.5654333333333,0.0,0.0,3068.3480555555557,0.0
2025-07-21,0,137,22:50-23:00,790.5283333333333,0.0,0.6346,0.6603839285714285,74.59999999999991,227.91466666666668,865.1283333333332,865.1283333333332,865.1283333333332,0.0,0.0,3068.3480555555557,0.0
2025-07-21,0,138,23:00-23:10,783.70415,0.0,0.597,0.6216245535714285,85.78036666666674,176.31884583333317,869.4845166666668,869.4845166666668,869.4845166666668,0.0,0.0,3068.3480555555557,0.0
2025-07-21,0,139,23:10-23:20,771.3423666666665,0.0,0.5578,0.5808892857142857,107.55713333333347,156.29239166666656,878.8995,878.8995,878.8995,0.0,0.0,3068.3480555555557,0.0
2025-07-21,0,140,23:20-23:30,758.4883333333333,0.0,0.5512,0.5763276785714286,87.50833333333321,153.2118291666668,1603.3877160493826,1603.3877160493826,1603.3877160493826,757.3910493827159,0.0,3750.0,0.0
2025-07-21,0,141,23:30-23:40,739.7234833333333,0.0,0.5411,0.5695290178571429,98.58091666666667,117.71916250000004,1671.6377333333332,1671.6377333333332,1671.6377333333332,833.3333333333333,0.0,4500.0,0.0
2025-07-21,0,142,23:40-23:50,748.7448833333333,0.0,0.5049,0.531965625,74.72581666666667,83.196325,1656.8040333333333,1656.8040333333333,1656.8040333333333,833.3333333333333,0.0,5250.0,0.0
2025-07-21,0,143,23:50-24:00,784.8933333333332,0.0,0.4809,0.5043558035714285,90.43333333333334,47.13458333333324,1708.6599999999999,1708.6599999999999,1708.6599999999999,833.3333333333333,0.0,6000.0,0.0
2025-07-22,0,0,0:00-0:10,802.9992,0.0,0.5206,0.5446763392857142,73.19683333333342,1141.7576083333327,876.1960333333334,876.1960333333334,876.1960333333334,0.0,0.0,8685.409583412697,0.0
2025-07-22,0,1,0:10-0:20,761.8550666666666,0.0,0.5086,0.5293607142857143,89.07933333333335,1179.4804357142857,850.9344,850.9344,850.9344,0.0,0.0,8685.409583412697,0.0
2025-07-22,0,2,0:20-0:30,725.2966666666666,0.0,0.483,0.4984357142857142,80.63833333333332,1210.5957148809523,805.935,805.935,805.935,0.0,0.0,8685.409583412697,0.0
2025-07-22,0,3,0:30-0:40,793.26425,0.0,0.5829,0.6043169642857141,85.22788333333335,1226.883631547619,45.15880000000004,45.15880000000004,45.15880000000004,0.0,833.3333333333333,7759.48365748677,0.0
2025-07-22,0,4,0:40-0:50,804.7252,0.0,0.5824,0.6067093750000001,86.42784999999992,1247.7429035714292,57.819716666666636,57.819716666666636,57.819716666666636,0.0,833.3333333333333,6833.557731560844,0.0
2025-07-22,0,5,0:50-1:00,734.0433333333333,0.0,0.4889,0.5084964285714284,92.9899999999999,1308.7096994047622,827.0333333333332,827.0333333333332,827.0333333333332,0.0,0.0,6833.557731560844,0.0
2025-07-22,0,6,1:00-1:10,719.0626,0.0,0.5371,0.5544433035714286,89.19088333333332,1362.08670952381,808.2534833333333,808.2534833333333,808.2534833333333,0.0,0.0,6833.557731560844,0.0
2025-07-22,0,7,1:10-1:20,744.6756999999999,0.0,0.5726,0.5901906250000001,90.53543333333346,1291.7497619047615,835.2111333333334,835.2111333333334,835.2111333333334,0.0,0.0,6833.557731560844,0.0
2025-07-22,0,8,1:20-1:30,760.7533333333333,0.0,0.5405,0.5602339285714285,75.85166666666669,1275.6221571428568,836.605,836.605,836.605,0.0,0.0,6833.557731560844,0.0
2025-07-22,0,9,1:30-1:40,742.1706999999999,0.0,0.5458,0.5687098214285712,77.4766166666667,1300.664895238095,819.6473166666666,819.6473166666666,819.6473166666666,0.0,0.0,6833.557731560844,0.0
2025-07-22,0,10,1:40-1:50,739.3521666666667,0.0,0.5377,0.5553857142857141,78.1231166666667,1267.5871404761897,817.4752833333334,817.4752833333334,817.4752833333334,0.0,0.0,6833.557731560844,0.0
2025-07-22,0,11,1:50-2:00,759.3,0.0,0.5009,0.5113964285714284,85.69000000000005,1244.057102380952,844.99,844.99,844.99,0.0,0.0,6833.557731560844,0.0
2025-07-22,0,12,2:00-2:10,763.5088833333332,0.0,0.4944,0.5118517857142858,84.23035000000004,1243.97515297619,847.7392333333332,847.7392333333332,847.7392333333332,0.0,0.0,6833.557731560844,0.0
2025-07-22,0,13,2:10-2:20,777.66345,0.0,0.5586,0.5803214285714285,76.13265000000001,1233.9802172619043,853.7961,853.7961,853.7961,0.0,0.0,6833.557731560844,0.0
2025-07-22,0,14,2:20-2:30,780.98,0.0,0.6131,0.6294196428571429,71.73833333333334,1219.038170833333,19.385000000000105,19.385000000000105,19.385000000000105,0.0,833.3333333333333,5907.631805634918,0.0
2025-07-22,0,15,2:30-2:40,724.7733833333333,0.0,0.5336,0.5449174107142857,40.73574999999994,1189.6394660714284,765.5091333333332,765.5091333333332,765.5091333333332,0.0,0.0,5907.631805634918,0.0
2025-07-22,0,16,2:40-2:50,697.1855499999999,0.0,0.4736,0.48525982142857155,45.49531666666667,1084.2076928571432,1576.0141999999998,1576.0141999999998,1576.0141999999998,833.3333333333333,0.0,6657.631805634918,0.0
2025-07-22,0,17,2:50-3:00,721.9133333333332,0.0,0.4942,0.5087116071428571,61.25,1033.6295178571431,783.1633333333332,783.1633333333332,783.1633333333332,0.0,0.0,6657.631805634918,0.0
2025-07-22,0,18,3:00-3:10,741.3861666666667,0.0,0.5144,0.5277232142857141,44.0605833333334,990.6288696428576,785.4467500000001,785.4467500000001,785.4467500000001,0.0,0.0,6657.631805634918,0.0
2025-07-22,0,19,3:10-3:20,767.8385166666667,0.0,0.5325,0.5443258928571427,50.77761666666663,917.1626690476194,818.6161333333333,818.6161333333333,818.6161333333333,0.0,0.0,6657.631805634918,0.0
2025-07-22,0,20,3:20-3:30,774.93,0.0,0.5301,0.5427089285714286,53.32999999999993,873.7462315476193,828.2599999999999,828.2599999999999,828.2599999999999,0.0,0.0,6657.631805634918,0.0
2025-07-22,0,21,3:30-3:40,717.1905833333333,0.001692857142857143,0.4819,0.49562589285714276,47.57540238095237,849.7553982142861,764.7642928571428,764.7642928571428,764.7642928571428,0.0,0.0,6657.631805634918,0.0
2025-07-22,0,22,3:40-3:50,695.1524166666666,0.0,0.4805,0.4909825892857143,47.785283333333325,780.7130119047621,742.9377,742.9377,742.9377,0.0,0.0,6657.631805634918,0.0
2025-07-22,0,23,3:50-4:00,711.0983333333334,0.0,0.5147,0.5200017857142859,37.98666666666668,673.3940035714287,749.085,749.085,749.085,0.0,0.0,6657.631805634918,0.0
2025-07-22,0,24,4:00-4:10,673.9351833333333,0.023554761904761905,0.486,0.4917196428571429,48.26451666666674,586.3069202380955,722.1761452380953,722.1761452380953,722.1761452380953,0.0,0.0,6657.631805634918,0.0
2025-07-22,0,25,4:10-4:20,656.9808499999999,0.0,0.4751,0.48384999999999995,53.74806666666666,521.6068333333335,1544.06225,1544.06225,1544.06225,833.3333333333333,0.0,7407.631805634918,0.0
2025-07-22,0,26,4:20-4:30,694.35,0.0,0.5023,0.5120169642857144,56.9083333333333,476.5930166666668,751.2583333333333,751.2583333333333,751.2583333333333,0.0,0.0,7407.631805634918,0.0
2025-07-22,0,27,4:30-4:40,729.7128666666667,0.3280761904761905,0.4993,0.5060446428571429,54.5044976190477,437.0162119047619,783.8892880952383,783.8892880952383,783.8892880952383,0.0,0.0,7407.631805634918,0.0
2025-07-22,0,28,4:40-4:50,678.7868333333333,0.0,0.4707,0.4754964285714286,37.169116666666696,383.8316636904762,1549.2892833333333,1549.2892833333333,1549.2892833333333,833.3333333333333,0.0,8157.631805634918,0.0
2025-07-22,0,29,4:50-5:00,602.4866666666667,0.0,0.4591,0.4650843750000001,68.01869047619044,330.26167321428517,1503.8386904761903,1503.8386904761903,1503.8386904761903,833.3333333333333,0.0,8907.63180563492,0.0
2025-07-22,0,30,5:00-5:10,647.5562,11.080123809523808,0.4938,0.5014776785714287,49.46374523809516,322.1562708333326,685.9398214285713,685.9398214285713,685.9398214285713,0.0,0.0,8907.63180563492,0.0
2025-07-22,0,31,5:10-5:20,702.9771666666667,36.67160238095238,0.4806,0.4876080357142856,41.14326904761913,373.70188154761877,1143.4134937389788,1143.4134937389788,1143.4134937389788,435.96466040564536,0.0,9300.0,0.0
2025-07-22,0,32,5:20-5:30,684.1866666666666,71.45982142857142,0.3946,0.39961294642857154,44.809464285714284,370.0301821428576,1490.8696428571427,1490.8696428571427,1490.8696428571427,833.3333333333333,0.0,10050.0,0.0
2025-07-22,0,33,5:30-5:40,631.3373166666667,105.23094047619045,0.3419,0.34713660714285705,44.40222142857158,372.4519910714283,1403.841930952381,1403.841930952381,1403.841930952381,833.3333333333333,0.0,10800.0,0.0
2025-07-22,0,34,5:40-5:50,703.5541666666666,141.93733095238093,0.5366,0.5421629464285714,31.870469047619054,435.4956303571423,593.4873047619046,593.4873047619046,593.4873047619046,-0.0,0.0,10800.0,0.0
2025-07-22,0,35,5:50-6:00,869.02,182.74642857142857,0.8635,0.8694227678571427,40.39422619047616,502.0581011904758,0.0,0.0,0.0,0.0,726.6677976190476,9992.591335978836,0.0
2025-07-22,0,36,6:00-6:10,926.7031166666667,223.8931476190476,0.9642,0.9726093749999997,31.444892857142918,580.9598357142854,0.0,0.0,0.0,0.0,734.254861904762,9176.7526005291,0.0
2025-07-22,0,37,6:10-6:20,879.1097166666666,267.4366523809524,0.9275,0.9376004464285712,36.86186666666674,596.7060928571427,0.0,0.0,0.0,0.0,648.5349309523809,8456.158232804233,0.0
2025-07-22,0,38,6:20-6:30,821.2433333333333,314.0982142857143,0.8932,0.9024767857142857,61.81107142857138,623.4549553571429,0.0,0.0,0.0,0.0,568.9561904761904,7823.984687830688,0.0
2025-07-22,0,39,6:30-6:40,842.2322833333333,361.6091452380952,0.9013,0.9090665178571428,57.65068095238098,763.7758440476189,0.0,0.0,0.0,0.0,538.2738190476191,7225.902666666667,0.0
2025-07-22,0,40,6:40-6:50,856.0808499999999,407.4293785714285,0.857,0.8680839285714282,50.46275952380961,831.8619809523808,0.0,0.0,0.0,0.0,499.11423095238104,6671.331298941799,0.0
2025-07-22,0,41,6:50-7:00,850.2433333333333,454.2249999999999,0.7807,0.796778125,54.06619047619051,868.6527982142857,450.08452380952394,450.08452380952394,450.08452380952394,0.0,0.0,6671.331298941799,0.0
2025-07-22,0,42,7:00-7:10,891.7886,506.62761666666665,0.7847,0.7985834821428571,47.0666190476191,923.8863398809523,283.3955584047611,283.3955584047611,283.3955584047611,0.0,148.8320439761914,6505.962361190475,0.0
2025-07-22,0,43,7:10-7:20,899.6035833333333,556.55565,0.7621,0.7730482142857141,47.9477261904762,948.4667625,390.99565952380954,390.99565952380954,390.99565952380954,0.0,0.0,6505.962361190475,0.0
2025-07-22,0,44,7:20-7:30,845.41,601.675,0.6595,0.6718156249999999,59.15535714285704,945.6489982142857,302.89035714285706,302.89035714285706,302.89035714285706,0.0,0.0,6505.962361190475,0.0
2025-07-22,0,45,7:30-7:40,815.8043833333332,647.5463523809523,0.5848,0.6013160714285715,56.698285714285646,948.7461708333333,1058.2896499999997,1058.2896499999997,1058.2896499999997,833.3333333333333,0.0,7255.962361190475,0.0
2025-07-22,0,46,7:40-7:50,978.2791666666667,695.2099619047619,0.8242,0.8417169642857142,66.32740000000001,939.5572232142856,0.0,0.0,0.0,0.0,349.3966047619049,6867.743911455025,0.0
2025-07-22,0,47,7:50-8:00,1203.0916666666667,740.7017857142856,1.183,1.197895982142857,70.47065476190483,935.6258095238094,0.0,0.0,0.0,0.0,532.8605357142859,6275.676649550263,0.0
2025-07-22,0,48,8:00-8:10,1174.64475,778.4027214285713,1.1545,1.168276339285714,79.54044523809529,937.1800654761904,0.0,0.0,0.0,0.0,475.78247380952394,5747.0294564285705,0.0
2025-07-22,0,49,8:10-8:20,1091.5542166666667,811.3053047619047,1.0644,1.0790285714285717,61.15888333333328,972.3474428571428,0.0,0.0,0.0,0.0,341.4077952380952,5367.687461719575,0.0
2025-07-22,0,50,8:20-8:30,1097.96,847.550892857143,1.0851,1.10184375,82.27660714285719,999.3546755952378,0.0,0.0,0.0,0.0,332.6857142857143,4998.036668068782,0.0
2025-07-22,0,51,8:30-8:40,1144.7228833333334,893.7249928571429,1.0707,1.0897901785714283,71.32669047619038,1037.2852857142852,0.0,0.0,0.0,0.0,322.32458095238087,4639.898244788359,0.0
2025-07-22,0,52,8:40-8:50,1158.5173,939.0251285714286,1.0653,1.0845495535714285,78.94549047619029,1049.753151785714,0.0,0.0,0.0,0.0,298.43766190476174,4308.300842671957,0.0
2025-07-22,0,53,8:50-9:00,1128.0883333333331,983.1276785714286,1.0452,1.0634241071428572,94.84428571428577,1051.3721303571424,0.0,0.0,0.0,0.0,239.80494047619038,4041.8509088095234,0.0
2025-07-22,0,54,9:00-9:10,1105.5788499999999,1033.8396261904763,0.9354,0.9547977678571431,102.46165714285712,1063.0587374999998,0.0,0.0,0.0,0.0,174.20088095238066,3848.2943744179893,0.0
2025-07-22,0,55,9:10-9:20,1129.5516499999999,1072.962652380952,0.9227,0.9433392857142858,95.56130714285707,1071.5420982142855,0.0,0.0,0.0,0.0,152.15030476190486,3679.238480238095,0.0
2025-07-22,0,56,9:20-9:30,1168.4699999999998,1096.2375000000002,0.994,1.0138200892857143,74.82285714285717,1091.5094910714279,0.0,0.0,0.0,0.0,147.0553571428568,3515.843638968254,0.0
2025-07-22,0,57,9:30-9:40,1152.8461833333333,1117.7680523809524,0.9633,0.9826062500000001,90.54190000000028,1184.985473214285,0.0,0.0,0.0,0.0,125.62003095238128,3376.2658267989414,0.0
2025-07-22,0,58,9:40-9:50,1124.3010833333333,1142.9683571428568,1.0082,1.040666517857143,97.26735714285724,1243.6489702380952,0.0,0.0,0.0,0.0,78.60008333333371,3288.932400873015,0.0
2025-07-22,0,59,9:50-10:00,1130.1799999999998,1181.05,1.1432,1.1953116071428567,104.08785714285727,1138.8971160714286,0.0,0.0,0.0,0.0,53.217857142857156,3229.8014484920627,0.0
2025-07-22,0,60,10:00-10:10,1172.8945833333332,1234.3148047619045,1.1751,1.2307727678571432,124.57905000000005,1060.2068160714284,0.0,0.0,0.0,0.0,63.158828571428785,3159.6249723015862,0.0
2025-07-22,0,61,10:10-10:20,1171.0898166666666,1255.6079476190475,1.1101,1.1623767857142855,104.41200238095229,1070.809248809523,0.0,0.0,0.0,0.0,19.8938714285714,3137.5206707142847,0.0
2025-07-22,0,62,10:20-10:30,1133.1983333333333,1252.8651785714285,1.0859,1.138214732142857,91.7222619047619,1149.8540380952377,0.0,0.0,0.0,27.944583333333412,0.0,3162.670795714285,0.0
2025-07-22,0,63,10:30-10:40,1146.0448333333334,1283.1802166666666,1.1845,1.239569196428571,116.19825000000031,1168.5227077380946,0.0,0.0,0.0,20.937133333332895,0.0,3181.5142157142845,0.0
2025-07-22,0,64,10:40-10:50,1169.7241166666665,1330.2712404761903,0.981,1.0249598214285713,123.11724523809505,1130.9860779761902,0.0,0.0,0.0,37.429878571428844,0.0,3215.2011064285707,0.0
2025-07-22,0,65,10:50-11:00,1168.2549999999999,1360.680357142857,0.5785,0.6032709821428571,119.40797619047635,1114.21814047619,760.3159523809525,760.3159523809525,760.3159523809525,833.3333333333333,0.0,3965.2011064285707,0.0
2025-07-22,0,66,11:00-11:10,1147.9796833333332,1354.0110642857144,0.5288,0.550032142857143,137.10087619047613,1134.5486166666662,764.4028285714282,764.4028285714282,764.4028285714282,833.3333333333333,0.0,4715.201106428571,0.0
2025-07-22,0,67,11:10-11:20,1136.7166166666666,1333.8082595238095,0.5715,0.5959955357142859,140.1659095238096,1378.6786291666667,776.4076,776.4076,776.4076,833.3333333333333,0.0,5465.201106428571,0.0
2025-07-22,0,68,11:20-11:30,1155.0666666666666,1319.4508928571427,0.5561,0.5829223214285715,131.92303571428556,1734.165572619047,800.8721428571428,800.8721428571428,800.8721428571428,833.3333333333333,0.0,6215.201106428571,0.0
2025-07-22,0,69,11:30-11:40,1188.7141166666665,1314.2935476190476,0.5985,0.6276285714285715,167.0499571428569,1911.6214357142846,874.803859523809,874.803859523809,874.803859523809,833.3333333333333,0.0,6965.201106428571,0.0
2025-07-22,0,70,11:40-11:50,1139.6329166666665,1317.7198904761906,0.604,0.6332124999999998,174.5667595238097,2047.1964624999987,829.8131190476188,829.8131190476188,829.8131190476188,833.3333333333333,0.0,7715.201106428571,0.0
2025-07-22,0,71,11:50-12:00,1053.4416666666666,1319.3107142857143,0.5701,0.5991580357142857,159.4188690476189,2136.8237797619036,726.8831547619045,726.8831547619045,726.8831547619045,833.3333333333333,0.0,8465.20110642857,0.0
2025-07-22,0,72,12:00-12:10,1074.9653833333332,1309.177304761905,0.6003,0.6327995535714285,142.6486166666666,2189.135271428571,741.7700285714282,741.7700285714282,741.7700285714282,833.3333333333333,0.0,9215.20110642857,0.0
2025-07-22,0,73,12:10-12:20,1094.1822499999998,1313.505057142857,0.6306,0.66146875,140.08137619047642,2219.6323773809513,0.0,0.0,0.0,79.2414309523806,0.0,9286.518394285713,0.0
2025-07-22,0,74,12:20-12:30,1073.8816666666667,1323.149107142857,0.598,0.624050892857143,153.805892857143,2271.0336976190465,737.8717857142858,737.8717857142858,737.8717857142858,833.3333333333333,0.0,10036.518394285713,0.0
2025-07-22,0,75,12:30-12:40,1091.9634999999998,1304.1209023809524,0.5392,0.5679794642857142,150.88423333333344,2321.150349404761,772.0601642857141,772.0601642857141,772.0601642857141,833.3333333333333,0.0,10786.518394285713,0.0
2025-07-22,0,76,12:40-12:50,1133.9965666666667,1298.3977619047619,0.6943,0.7248388392857142,155.59758571428574,2379.4593720238086,0.0,0.0,0.0,8.803609523809428,0.0,10794.441642857142,0.0
2025-07-22,0,77,12:50-13:00,1173.3933333333332,1311.724107142857,0.9612,0.99018125,132.1548214285712,2406.277422023809,0.0,0.0,0.0,6.1759523809525945,0.0,10800.0,0.0
2025-07-22,0,78,13:00-13:10,1195.3124166666666,1305.5006547619046,0.9801,1.0102223214285713,118.27412142857149,2332.1814249999993,8.08588333333364,8.08588333333364,8.08588333333364,0.0,-0.0,10800.0,0.0
2025-07-22,0,79,13:10-13:20,1184.0134666666665,1286.642314285714,0.9234,0.9527968750000001,138.06567857142852,2285.884100595237,35.43683095238089,35.43683095238089,35.43683095238089,0.0,0.0,10800.0,0.0
2025-07-22,0,80,13:20-13:30,1166.6833333333334,1274.9133928571428,0.917,0.9441540178571428,110.88565476190479,2215.4334541666663,2.6555952380954295,2.6555952380954295,2.6555952380954295,0.0,0.0,10800.0,0.0
2025-07-22,0,81,13:30-13:40,1193.4243333333334,1280.1344404761903,0.9404,0.9717763392857138,114.1368833333332,2075.852814285714,27.426776190476176,27.426776190476176,27.426776190476176,0.0,0.0,10800.0,0.0
2025-07-22,0,82,13:40-13:50,1233.4250666666667,1270.3431214285715,1.1119,1.16098125,115.65714523809524,1937.1120869047613,0.0,0.0,0.0,0.0,78.73909047619031,10712.512121693122,0.0
2025-07-22,0,83,13:50-14:00,1248.3466666666666,1235.580357142857,1.2968,1.3654250000000006,121.85922619047619,1827.6541523809515,0.0,0.0,0.0,0.0,134.62553571428566,10562.928193121694,0.0
2025-07-22,0,84,14:00-14:10,1225.5466999999999,1192.9738238095238,1.215,1.2839776785714285,120.03230952380954,1724.2593011904753,0.0,0.0,0.0,0.0,152.60518571428565,10393.366875661377,0.0
2025-07-22,0,85,14:10-14:20,1201.1842833333333,1139.2211333333332,1.1512,1.215278125,124.54932619047588,1545.3240160714279,0.0,0.0,0.0,0.0,186.51247619047604,10186.130791005293,0.0
2025-07-22,0,86,14:20-14:30,1194.4083333333333,1089.591964285714,1.25,1.3141825892857146,138.99988095238123,1376.912135714285,0.0,0.0,0.0,0.0,243.81625000000054,9915.223846560848,0.0
2025-07-22,0,87,14:30-14:40,1199.1579666666667,1066.3812833333334,1.338,1.403180357142857,163.29961666666665,1290.2212577380947,0.0,0.0,0.0,0.0,296.07629999999995,9586.250179894181,0.0
2025-07-22,0,88,14:40-14:50,1223.2075333333332,1026.409988095238,1.1298,1.186566964285714,150.03054761904752,1193.5877154761897,0.0,0.0,0.0,0.0,346.82809285714256,9200.885632275134,0.0
2025-07-22,0,89,14:50-15:00,1241.9566666666665,968.3267857142857,0.7839,0.8258866071428574,126.89988095238111,1129.1927976190466,1233.8630952380952,1233.8630952380952,1233.8630952380952,833.3333333333333,0.0,9950.885632275134,0.0
2025-07-22,0,90,15:00-15:10,1219.1441,932.0679142857143,0.7519,0.7869776785714284,113.86781904761904,1164.152574404761,1234.2773380952378,1234.2773380952378,1234.2773380952378,833.3333333333333,0.0,10700.885632275134,0.0
2025-07-22,0,91,15:10-15:20,1213.1341666666667,890.5428428571429,0.7961,0.8319718749999999,111.39555714285746,1173.3519976190466,544.1139562022319,544.1139562022319,544.1139562022319,110.12707524985065,0.0,10800.0,0.0
2025-07-22,0,92,15:20-15:30,1230.3016666666667,837.1374999999999,0.7957,0.8352200892857146,128.7717261904763,1133.7440071428562,521.9358928571431,521.9358928571431,521.9358928571431,0.0,0.0,10800.0,0.0
2025-07-22,0,93,15:30-15:40,1222.8012999999999,795.5257428571429,0.8648,0.9056241071428573,100.10067380952393,1092.2564773809513,527.3762309523809,527.3762309523809,527.3762309523809,0.0,0.0,10800.0,0.0
2025-07-22,0,94,15:40-15:50,1227.9127166666667,759.1667761904762,0.889,0.9263013392857143,88.8989761904761,1019.7005297619048,557.6449166666666,557.6449166666666,557.6449166666666,0.0,0.0,10800.0,0.0
2025-07-22,0,95,15:50-16:00,1255.7266666666665,716.6401785714286,0.8752,0.909392857142857,102.09011904761897,1055.0279279761905,641.1766071428569,641.1766071428569,641.1766071428569,0.0,0.0,10800.0,0.0
2025-07-22,0,96,16:00-16:10,1265.6390666666666,664.4605452380953,0.9466,0.9851870535714286,76.94884523809526,1033.0714101190476,678.1273666666665,678.1273666666665,678.1273666666665,0.0,0.0,10800.0,0.0
2025-07-22,0,97,16:10-16:20,1215.7862666666665,617.6710571428571,0.9719,1.009382142857143,82.64905714285703,1010.1421619047619,680.7642666666666,680.7642666666666,680.7642666666666,0.0,0.0,10800.0,0.0
2025-07-22,0,98,16:20-16:30,1162.2833333333333,576.5625,0.9285,0.9582816964285714,97.93500000000017,1022.1560065476192,683.6558333333335,683.6558333333335,683.6558333333335,0.0,0.0,10800.0,0.0
2025-07-22,0,99,16:30-16:40,1203.1835166666665,527.4147285714286,0.9349,0.9626834821428575,91.21431904761914,901.1718410714288,766.983107142857,766.983107142857,766.983107142857,0.0,0.0,10800.0,0.0
2025-07-22,0,100,16:40-16:50,1219.7324333333331,477.4762071428571,0.9755,1.005015625,108.49528333333336,751.7586880952381,850.7515095238094,850.7515095238094,850.7515095238094,0.0,0.0,10800.0,0.0
2025-07-22,0,101,16:50-17:00,1184.5566666666666,430.5830357142857,1.0032,1.0333169642857147,103.62773809523787,711.3629410714288,857.6013690476188,857.6013690476188,857.6013690476188,0.0,0.0,10800.0,0.0
2025-07-22,0,102,17:00-17:10,1191.3859499999999,383.03966428571425,1.0044,1.0319129464285715,94.31417380952382,755.6116244047614,902.6604595238093,902.6604595238093,902.6604595238093,-0.0,0.0,10800.0,0.0
2025-07-22,0,103,17:10-17:20,1231.9223833333333,336.4078976190476,1.0762,1.1033602678571428,108.62762619047635,784.5747999999995,1004.142111904762,1004.142111904762,1004.142111904762,0.0,0.0,10800.0,0.0
2025-07-22,0,104,17:20-17:30,1275.0383333333332,291.73571428571427,1.1585,1.187600446428572,101.7292261904762,875.4915452380948,1085.031845238095,1085.031845238095,1085.031845238095,0.0,0.0,10800.0,0.0
2025-07-22,0,105,17:30-17:40,1278.6020833333332,248.88563095238095,1.1077,1.1354053571428573,101.89284523809522,877.8784077380947,1131.6092976190473,1131.6092976190473,1131.6092976190473,0.0,0.0,10800.0,0.0
2025-07-22,0,106,17:40-17:50,1148.0158999999999,210.45580714285714,1.1742,1.198065178571429,88.53076904761895,871.6861619047612,1026.0908619047616,1026.0908619047616,1026.0908619047616,0.0,0.0,10800.0,0.0
2025-07-22,0,107,17:50-18:00,973.5716666666667,174.62767857142856,1.3468,1.3670366071428572,82.97720238095246,854.1983946428564,881.9211904761905,881.9211904761905,881.9211904761905,0.0,0.0,10800.0,0.0
2025-07-22,0,108,18:00-18:10,960.57975,136.60122857142855,1.3574,1.376402678571429,74.70435952380956,784.7803154761899,898.682880952381,898.682880952381,898.682880952381,0.0,0.0,10800.0,0.0
2025-07-22,0,109,18:10-18:20,987.7658499999999,99.94448571428572,1.348,1.3678370535714286,81.1401428571429,782.9343654761901,968.961507142857,968.961507142857,968.961507142857,0.0,0.0,10800.0,0.0
2025-07-22,0,110,18:20-18:30,976.4066666666665,65.97410714285714,1.3873,1.4064446428571429,85.26964285714268,823.7173404761896,995.7022023809521,995.7022023809521,995.7022023809521,0.0,0.0,10800.0,0.0
2025-07-22,0,111,18:30-18:40,967.90095,33.728140476190475,1.4107,1.4273035714285716,82.48478809523817,816.6832035714277,1016.6575976190477,1016.6575976190477,1016.6575976190477,0.0,-0.0,10800.0,0.0
2025-07-22,0,112,18:40-18:50,977.77835,10.481976190476189,1.531,1.5647700892857141,99.48220238095246,746.067091071428,1066.7785761904763,1066.7785761904763,1066.7785761904763,0.0,0.0,10800.0,0.0
2025-07-22,0,113,18:50-19:00,994.0816666666666,0.0,1.7039,1.7642651785714285,82.71523809523819,836.2663547619043,243.46357142857164,243.46357142857164,243.46357142857164,0.0,833.3333333333333,9874.074074074075,0.0
2025-07-22,0,114,19:00-19:10,993.1726333333332,0.0,1.7416,1.8034973214285714,79.10781666666674,859.0273517857138,238.94711666666672,238.94711666666672,238.94711666666672,0.0,833.3333333333333,8948.14814814815,0.0
2025-07-22,0,115,19:10-19:20,983.29895,0.3171738095238095,1.6953,1.7510178571428565,78.6534095238095,788.9329940476189,228.30185238095237,228.30185238095237,228.30185238095237,0.0,833.3333333333333,8022.2222222222235,0.0
2025-07-22,0,116,19:20-19:30,982.8766666666667,0.0,1.6493,1.7036098214285715,77.27999999999986,801.4500839285711,226.82333333333327,226.82333333333327,226.82333333333327,0.0,833.3333333333333,7096.296296296297,0.0
2025-07-22,0,117,19:30-19:40,997.3015666666666,0.0,1.6408,1.6940450892857146,67.91159999999991,819.5710880952378,231.87983333333318,231.87983333333318,231.87983333333318,0.0,833.3333333333333,6170.370370370371,0.0
2025-07-22,0,118,19:40-19:50,975.63955,0.022773809523809523,1.6368,1.690067857142857,69.00076428571435,791.7888880952376,211.2842071428572,211.2842071428572,211.2842071428572,0.0,833.3333333333333,5244.444444444445,0.0
2025-07-22,0,119,19:50-20:00,936.4816666666667,0.0,1.6344,1.6899129464285714,78.40499999999997,750.8533946428568,181.5533333333334,181.5533333333334,181.5533333333334,0.0,833.3333333333333,4318.518518518519,0.0
2025-07-22,0,120,20:00-20:10,950.0093833333333,0.0,1.6537,1.712282589285715,99.9435666666667,711.2129964285707,216.61961666666662,216.61961666666662,216.61961666666662,0.0,833.3333333333333,3392.592592592593,0.0
2025-07-22,0,121,20:10-20:20,961.1782166666667,0.0016333333333333332,1.621,1.6771857142857147,96.27160476190488,711.1782505952374,479.33977738095166,479.33977738095166,479.33977738095166,0.0,578.1084107142866,2750.2499140211635,0.0
2025-07-22,0,122,20:20-20:30,949.3649999999999,0.0,1.6085,1.6621339285714287,115.10166666666657,686.0854184523806,1064.4666666666665,1064.4666666666665,1064.4666666666665,0.0,0.0,2750.2499140211635,0.0
2025-07-22,0,123,20:30-20:40,949.5441166666666,0.0,1.7142,1.7737053571428572,76.76946666666674,642.8400017857138,192.98025000000007,192.98025000000007,192.98025000000007,0.0,833.3333333333333,1824.3239880952376,0.0
2025-07-22,0,124,20:40-20:50,953.2083166666666,2.6190476190476192e-05,1.4938,1.539693303571429,56.475742857142905,561.8915892857138,950.3265440476193,950.3265440476193,950.3265440476193,0.0,59.357489285713996,1758.371222222222,0.0
2025-07-22,0,125,20:50-21:00,956.5283333333333,0.0,1.0601,1.0799223214285716,84.01333333333332,502.53409999999974,1044.563374485596,1044.563374485596,1044.563374485596,4.021707818929422,0.0,1761.9907592592585,0.0
2025-07-22,0,126,21:00-21:10,969.62075,0.0,1.0041,1.0232821428571426,89.22528333333344,505.7916833333328,1091.936511728396,1091.936511728396,1091.936511728396,33.09047839506244,0.0,1791.7721898148147,0.0
2025-07-22,0,127,21:10-21:20,993.0969833333334,0.0,1.0639,1.0930892857142855,87.38498333333337,515.6617041666663,1080.4819666666667,1080.4819666666667,1080.4819666666667,0.0,0.0,1791.7721898148147,0.0
2025-07-22,0,128,21:20-21:30,1021.2366666666667,0.0,1.0866,1.118298660714286,88.15166666666664,532.5949708333333,1109.3883333333333,1109.3883333333333,1109.3883333333333,0.0,0.0,1791.7721898148147,0.0
2025-07-22,0,129,21:30-21:40,1027.97605,0.0,1.1492,1.1726696428571428,77.11993333333339,491.9616374999998,992.2120083333332,992.2120083333332,992.2120083333332,0.0,112.88397500000019,1666.3455509259256,0.0
2025-07-22,0,130,21:40-21:50,928.2031666666667,0.0,0.9524,0.9710151785714286,54.514850000000024,419.7109958333332,914.7742375000001,914.7742375000001,914.7742375000001,0.0,67.94377916666653,1590.8524629629628,0.0
2025-07-22,0,131,21:50-22:00,786.3199999999999,0.0,0.596,0.6172758928571429,96.0233333333332,351.7672166666666,932.3462654320983,932.3462654320983,932.3462654320983,50.002932098765186,0.0,1635.8551018518515,0.0
2025-07-22,0,132,22:00-22:10,760.2553333333333,0.0,0.5187,0.5418812500000001,88.55083333333334,392.26959166666643,1682.1394999999998,1682.1394999999998,1682.1394999999998,833.3333333333333,0.0,2385.8551018518515,0.0
2025-07-22,0,133,22:10-22:20,732.6910833333333,0.0,0.5327,0.5558624999999997,92.26419999999996,376.95540833333325,1507.3385034979428,1507.3385034979428,1507.3385034979428,682.3832201646095,0.0,3000.0,0.0
2025-07-22,0,134,22:20-22:30,688.2333333333332,0.0,0.4973,0.5186370535714285,88.09000000000003,359.13079166666654,1609.6566666666665,1609.6566666666665,1609.6566666666665,833.3333333333333,0.0,3750.0,0.0
2025-07-22,0,135,22:30-22:40,736.9656,0.0,0.48,0.4985026785714285,91.18766666666659,310.9962333333333,1661.4865999999997,1661.4865999999997,1661.4865999999997,833.3333333333333,0.0,4500.0,0.0
2025-07-22,0,136,22:40-22:50,802.8143166666666,0.0,0.5391,0.5594790178571429,61.23646666666673,283.48074166666663,864.0507833333334,864.0507833333334,864.0507833333334,0.0,0.0,4500.0,0.0
2025-07-22,0,137,22:50-23:00,808.9516666666666,0.0,0.6174,0.642528125,64.72500000000002,237.78966666666656,873.6766666666666,873.6766666666666,873.6766666666666,0.0,0.0,4500.0,0.0
2025-07-22,0,138,23:00-23:10,754.7608333333333,0.0,0.5992,0.624217410714286,85.78036666666674,176.31884583333317,840.5412,840.5412,840.5412,0.0,0.0,4500.0,0.0
2025-07-22,0,139,23:10-23:20,747.5628833333333,0.0,0.5757,0.5995549107142857,107.55713333333347,156.29239166666656,855.1200166666667,855.1200166666667,855.1200166666667,0.0,0.0,4500.0,0.0
2025-07-22,0,140,23:20-23:30,780.5,0.0,0.5621,0.5873098214285715,87.50833333333321,153.2118291666668,868.0083333333332,868.0083333333332,868.0083333333332,0.0,0.0,4500.0,0.0
2025-07-22,0,141,23:30-23:40,751.6688833333333,0.0,0.4922,0.5203558035714286,98.58091666666667,117.71916250000004,1683.583133333333,1683.583133333333,1683.583133333333,833.3333333333333,0.0,5250.0,0.0
2025-07-22,0,142,23:40-23:50,737.2334166666666,0.0,0.4824,0.5095468750000001,74.72581666666667,83.196325,1645.2925666666665,1645.2925666666665,1645.2925666666665,833.3333333333333,0.0,6000.0,0.0
2025-07-22,0,143,23:50-24:00,761.3999999999999,0.0,0.5402,0.5639785714285713,90.43333333333334,47.13458333333324,851.8333333333333,851.8333333333333,851.8333333333333,0.0,0.0,6000.0,0.0
2025-07-23,0,0,0:00-0:10,763.4403333333332,0.0,0.5532,0.5769785714285715,73.19683333333342,1144.4316249999995,836.6371666666666,836.6371666666666,836.6371666666666,0.0,0.0,8140.322712599204,0.0
2025-07-23,0,1,0:10-0:20,736.3942833333333,0.0,0.5547,0.5767540178571429,86.40531666666669,1176.0976071428572,822.7996,822.7996,822.7996,0.0,0.0,8140.322712599204,0.0
2025-07-23,0,2,0:20-0:30,720.3133333333333,0.0,0.548,0.5668285714285715,80.63833333333332,1201.4526529761904,800.9516666666666,800.9516666666666,800.9516666666666,0.0,0.0,8140.322712599204,0.0
2025-07-23,0,3,0:30-0:40,754.0687333333333,0.0,0.5004,0.5230651785714286,85.22788333333335,1217.7405696428568,839.2966166666666,839.2966166666666,839.2966166666666,0.0,0.0,8140.322712599204,0.0
2025-07-23,0,4,0:40-0:50,747.4086333333332,0.0,0.498,0.5229406249999998,86.42784999999992,1244.840939285715,833.8364833333331,833.8364833333331,833.8364833333331,0.0,0.0,8140.322712599204,0.0
2025-07-23,0,5,0:50-1:00,704.1066666666667,0.0,0.5385,0.5605343749999999,92.9899999999999,1305.807735119048,797.0966666666666,797.0966666666666,797.0966666666666,0.0,0.0,8140.322712599204,0.0
2025-07-23,0,6,1:00-1:10,716.1628499999999,0.0,0.5349,0.5540075892857145,89.19088333333332,1359.1847452380957,805.3537333333333,805.3537333333333,805.3537333333333,0.0,0.0,8140.322712599204,0.0
2025-07-23,0,7,1:10-1:20,725.5308,0.0,0.5341,0.5523741071428574,90.53543333333346,1288.8477976190477,816.0662333333335,816.0662333333335,816.0662333333335,0.0,0.0,8140.322712599204,0.0
2025-07-23,0,8,1:20-1:30,719.4699999999999,0.0,0.5494,0.5694540178571427,75.85166666666669,1272.7201928571426,795.3216666666666,795.3216666666666,795.3216666666666,0.0,0.0,8140.322712599204,0.0
2025-07-23,0,9,1:30-1:40,747.3048833333334,0.0,0.5417,0.5642209821428572,77.4766166666667,1297.7629309523807,824.7815,824.7815,824.7815,0.0,0.0,8140.322712599204,0.0
2025-07-23,0,10,1:40-1:50,771.7495666666666,0.0,0.533,0.5504401785714287,78.1231166666667,1264.6851761904754,849.8726833333333,849.8726833333333,849.8726833333333,0.0,0.0,8140.322712599204,0.0
2025-07-23,0,11,1:50-2:00,777.7049999999999,0.0,0.5396,0.5504267857142858,85.69000000000005,1232.079976190476,863.395,863.395,863.395,0.0,0.0,8140.322712599204,0.0
2025-07-23,0,12,2:00-2:10,786.6818,0.0,0.5517,0.5685549107142858,84.23035000000004,1232.5489047619044,870.91215,870.91215,870.91215,0.0,0.0,8140.322712599204,0.0
2025-07-23,0,13,2:10-2:20,787.8782166666666,0.0,0.5436,0.5632540178571428,76.13265000000001,1224.2066029761904,864.0108666666666,864.0108666666666,864.0108666666666,0.0,0.0,8140.322712599204,0.0
2025-07-23,0,14,2:20-2:30,768.9433333333333,0.0,0.5136,0.5276330357142857,71.73833333333334,1208.7136785714288,840.6816666666666,840.6816666666666,840.6816666666666,0.0,0.0,8140.322712599204,0.0
2025-07-23,0,15,2:30-2:40,733.4526833333332,0.0,0.4906,0.5013705357142855,40.73574999999994,1178.213217857143,774.1884333333331,774.1884333333331,774.1884333333331,0.0,0.0,8140.322712599204,0.0
2025-07-23,0,16,2:40-2:50,717.7883333333332,0.0,0.5106,0.5217334821428572,45.49531666666667,1074.4340785714296,763.2836499999999,763.2836499999999,763.2836499999999,0.0,0.0,8140.322712599204,0.0
2025-07-23,0,17,2:50-3:00,702.385,0.0,0.5297,0.5424383928571428,61.25,1023.8559035714293,763.635,763.635,763.635,0.0,0.0,8140.322712599204,0.0
2025-07-23,0,18,3:00-3:10,642.0497666666666,0.0,0.4703,0.4832241071428572,44.0605833333334,980.8552553571433,686.11035,686.11035,686.11035,0.0,0.0,8140.322712599204,0.0
2025-07-23,0,19,3:10-3:20,639.7003666666667,0.0,0.4388,0.45111339285714286,50.77761666666663,907.3890547619054,1523.8113166666667,1523.8113166666667,1523.8113166666667,833.3333333333333,0.0,8890.322712599205,0.0
2025-07-23,0,20,3:20-3:30,707.085,0.0,0.4686,0.481110267857143,53.32999999999993,863.9726172619054,760.415,760.415,760.415,0.0,0.0,8890.322712599205,0.0
2025-07-23,0,21,3:30-3:40,743.7036833333333,0.001557142857142857,0.4858,0.4994321428571428,47.57540238095237,839.9817839285718,791.2775285714285,791.2775285714285,791.2775285714285,0.0,0.0,8890.322712599205,0.0
2025-07-23,0,22,3:40-3:50,718.9324166666667,0.0,0.4748,0.4845749999999999,47.785283333333325,770.9393976190481,766.7176999999999,766.7176999999999,766.7176999999999,0.0,0.0,8890.322712599205,0.0
2025-07-23,0,23,3:50-4:00,695.2716666666666,0.0,0.49,0.4939232142857142,37.98666666666668,663.6203892857147,733.2583333333333,733.2583333333333,733.2583333333333,0.0,0.0,8890.322712599205,0.0
2025-07-23,0,24,4:00-4:10,753.5834499999999,0.02165714285714286,0.5815,0.587161607142857,54.32136190476194,576.5333059523814,501.5927134226199,501.5927134226199,501.5927134226199,0.0,306.2904413392847,8550.0,0.0
2025-07-23,0,25,4:10-4:20,759.1937666666665,0.0,0.5749,0.5844080357142857,56.83428333333336,517.8900642857146,816.0280499999999,816.0280499999999,816.0280499999999,0.0,0.0,8550.0,0.0
2025-07-23,0,26,4:20-4:30,704.1283333333333,0.0,0.4738,0.4832410714285715,56.9083333333333,475.96246428571465,761.0366666666666,761.0366666666666,761.0366666666666,0.0,0.0,8550.0,0.0
2025-07-23,0,27,4:30-4:40,711.0626333333332,0.30164761904761905,0.4588,0.46376517857142857,48.26339999999993,436.38565952380975,1592.357719047619,1592.357719047619,1592.357719047619,833.3333333333333,0.0,9300.0,0.0
2025-07-23,0,28,4:40-4:50,704.8972166666667,0.0,0.482,0.48589285714285707,37.169116666666696,376.9600136904763,742.0663333333334,742.0663333333334,742.0663333333334,0.0,0.0,9300.0,0.0
2025-07-23,0,29,4:50-5:00,677.9449999999999,0.0,0.5032,0.5106700892857143,68.01869047619044,323.39002321428524,745.9636904761903,745.9636904761903,745.9636904761903,0.0,0.0,9300.0,0.0
2025-07-23,0,30,5:00-5:10,706.1923666666667,10.323128571428573,0.5331,0.5424669642857143,49.46374523809516,315.28462083333267,745.3329833333332,745.3329833333332,745.3329833333332,0.0,0.0,9300.0,0.0
2025-07-23,0,31,5:10-5:20,727.1184499999999,34.783469047619036,0.5189,0.5267790178571428,41.14326904761913,366.83023154761884,733.47825,733.47825,733.47825,0.0,0.0,9300.0,0.0
2025-07-23,0,32,5:20-5:30,692.2533333333333,68.86071428571428,0.4377,0.4429370535714285,44.809464285714284,363.15853214285767,1501.5354166666666,1501.5354166666666,1501.5354166666666,833.3333333333333,0.0,10050.0,0.0
2025-07-23,0,33,5:30-5:40,641.54655,102.91120952380953,0.3718,0.3770455357142857,44.40222142857158,365.5803410714284,1416.3708952380953,1416.3708952380953,1416.3708952380953,833.3333333333333,0.0,10800.0,0.0
2025-07-23,0,34,5:40-5:50,755.4726,139.59561904761904,0.6173,0.6244308035714285,40.94563095238095,428.6239803571424,656.822611904762,656.822611904762,656.822611904762,-0.0,0.0,10800.0,0.0
2025-07-23,0,35,5:50-6:00,948.3933333333332,180.16785714285714,0.9996,1.0081410714285715,38.19071428571419,504.26161309523775,0.0,0.0,0.0,0.0,806.4161904761902,9903.98201058201,0.0
2025-07-23,0,36,6:00-6:10,939.1908,222.32359761904758,1.0105,1.0183959821428572,31.444892857142918,580.9598357142854,0.0,0.0,0.0,0.0,748.3120952380953,9072.524126984128,0.0
2025-07-23,0,37,6:10-6:20,862.1027166666665,267.67105,0.8917,0.8999468749999998,36.86186666666674,596.7060928571427,0.0,0.0,0.0,0.0,631.2935333333332,8371.086867724869,0.0
2025-07-23,0,38,6:20-6:30,833.305,315.4669642857143,0.8539,0.8632785714285713,61.81107142857138,623.4549553571429,0.0,0.0,0.0,0.0,579.649107142857,7727.0323042328055,0.0
2025-07-23,0,39,6:30-6:40,840.7935166666666,362.0989,0.8677,0.8765022321428573,57.65068095238098,765.2878529761904,0.0,0.0,0.0,0.0,536.3452976190476,7131.093084656086,0.0
2025-07-23,0,40,6:40-6:50,860.46625,406.2284523809524,0.845,0.8571446428571425,50.46275952380961,833.3739898809522,110.45092821428375,110.45092821428375,110.45092821428375,0.0,394.24962892857343,6693.037941402115,0.0
2025-07-23,0,41,6:50-7:00,862.0716666666667,452.38749999999993,0.768,0.7848513392857145,54.06619047619051,874.7008339285713,463.7503571428573,463.7503571428573,463.7503571428573,0.0,0.0,6693.037941402115,0.0
2025-07-23,0,42,7:00-7:10,835.1299999999999,505.8565214285714,0.7041,0.7182477678571427,47.0666190476191,928.4969648809523,376.3400976190475,376.3400976190475,376.3400976190475,0.0,0.0,6693.037941402115,0.0
2025-07-23,0,43,7:10-7:20,860.4142499999999,554.4505095238096,0.7224,0.7337080357142859,47.9477261904762,953.0773875,353.91146666666646,353.91146666666646,353.91146666666646,0.0,0.0,6693.037941402115,0.0
2025-07-23,0,44,7:20-7:30,908.7316666666667,595.1821428571427,0.7484,0.7620125,59.15535714285704,950.2596232142856,372.704880952381,372.704880952381,372.704880952381,0.0,0.0,6693.037941402115,0.0
2025-07-23,0,45,7:30-7:40,887.3951999999999,637.5195095238093,0.6809,0.6995785714285717,56.698285714285646,953.3567958333332,306.5739761904763,306.5739761904763,306.5739761904763,0.0,0.0,6693.037941402115,0.0
2025-07-23,0,46,7:40-7:50,969.1149666666666,685.9244666666668,0.8613,0.8795638392857145,66.32740000000001,944.1678482142856,0.0,0.0,0.0,0.0,349.5178999999998,6304.684719179893,0.0
2025-07-23,0,47,7:50-8:00,1122.7983333333332,735.7205357142857,1.1857,1.1993977678571426,70.47065476190483,940.2364345238095,0.0,0.0,0.0,0.0,457.5484523809523,5796.297549867724,0.0
2025-07-23,0,48,8:00-8:10,1132.89665,778.1098642857143,1.1775,1.1913821428571427,79.54044523809529,941.7906904761904,0.0,0.0,0.0,0.0,434.327230952381,5313.7117376984115,0.0
2025-07-23,0,49,8:10-8:20,1125.6024499999999,818.4522333333332,1.086,1.1004714285714288,61.15888333333328,976.9580678571429,0.0,0.0,0.0,0.0,368.30909999999994,4904.479404365078,0.0
2025-07-23,0,50,8:20-8:30,1158.9699999999998,858.7839285714286,1.0782,1.093144642857143,82.27660714285719,1003.9653005952379,0.0,0.0,0.0,0.0,382.46267857142846,4479.520872619047,0.0
2025-07-23,0,51,8:30-8:40,1155.7979166666667,896.0533690476191,1.0646,1.0837821428571428,71.32669047619038,1041.8959107142853,0.0,0.0,0.0,0.0,331.07123809523796,4111.663941402116,0.0
2025-07-23,0,52,8:40-8:50,1124.7111666666665,934.3988904761904,1.0127,1.0327428571428574,78.94549047619029,1054.363776785714,0.0,0.0,0.0,0.0,269.2577666666664,3812.4886451058196,0.0
2025-07-23,0,53,8:50-9:00,1111.5283333333332,974.1374999999998,0.9712,0.9892183035714285,94.84428571428577,1055.9827553571424,0.0,0.0,0.0,0.0,232.23511904761926,3554.449623941798,0.0
2025-07-23,0,54,9:00-9:10,1145.1819666666665,1011.1057404761902,1.0054,1.026109375,102.46165714285712,1067.6693624999998,0.0,0.0,0.0,0.0,236.5378833333334,3291.6297535714275,0.0
2025-07-23,0,55,9:10-9:20,1136.8809166666665,1045.844680952381,0.9967,1.0192263392857146,95.56130714285707,1076.1527232142855,0.0,0.0,0.0,0.0,186.59754285714257,3084.2991503968246,0.0
2025-07-23,0,56,9:20-9:30,1102.1716666666666,1076.6276785714285,0.9264,0.9468839285714286,74.82285714285717,1091.8078839285708,0.0,0.0,0.0,0.0,100.36684523809527,2972.7804334656075,0.0
2025-07-23,0,57,9:30-9:40,1143.4270833333333,1100.7874785714284,0.9121,0.9319232142857146,90.54190000000028,1185.283866071428,0.0,0.0,0.0,0.0,133.18150476190522,2824.8009837301574,0.0
2025-07-23,0,58,9:40-9:50,1177.9379833333332,1125.9576357142855,1.0241,1.057446428571429,97.26735714285724,1243.947363095238,0.0,0.0,0.0,0.0,149.24770476190497,2658.9702006613743,0.0
2025-07-23,0,59,9:50-10:00,1150.3883333333333,1163.2410714285716,1.1507,1.2037486607142858,104.08785714285727,1137.8520785714284,0.0,0.0,0.0,0.0,91.23511904761904,2557.5978461640198,0.0
2025-07-23,0,60,10:00-10:10,1096.3589499999998,1212.9642833333332,1.1077,1.1638683035714281,124.57905000000005,1060.0573988095236,0.0,0.0,0.0,0.0,7.973716666666633,2548.7381609788345,0.0
2025-07-23,0,61,10:10-10:20,1109.0682499999998,1231.8245952380953,1.0837,1.1352468749999998,104.41200238095229,1069.3164011904757,0.0,0.0,0.0,18.344342857143147,0.0,2565.248069550263,0.0
2025-07-23,0,62,10:20-10:30,1172.2833333333333,1231.55625,1.1578,1.208378125,85.67422619047613,1148.3611904761901,0.0,0.0,0.0,0.0,26.401309523809232,2535.913281190475,0.0
2025-07-23,0,63,10:30-10:40,1181.8643,1268.8574428571428,1.1833,1.2374071428571425,116.19825000000031,1160.9818244047613,0.0,0.0,0.0,0.0,29.205107142857514,2503.4631621428557,0.0
2025-07-23,0,64,10:40-10:50,1172.4505166666665,1317.0554214285712,0.9443,0.9884839285714285,123.11724523809505,1123.445194642857,0.0,0.0,0.0,21.487659523809725,0.0,2522.8020557142845,0.0
2025-07-23,0,65,10:50-11:00,1175.3033333333333,1341.2839285714285,0.603,0.6284892857142859,125.1576190476191,1106.6772571428567,792.5103571428572,792.5103571428572,792.5103571428572,833.3333333333333,0.0,3272.8020557142845,0.0
2025-07-23,0,66,11:00-11:10,1179.2604333333334,1331.8238952380952,0.5585,0.5803866071428571,137.10087619047613,1132.7573761904757,817.8707476190475,817.8707476190475,817.8707476190475,833.3333333333333,0.0,4022.8020557142845,0.0
2025-07-23,0,67,11:10-11:20,1162.8454,1324.6632404761904,0.5941,0.6195066964285713,140.1659095238096,1376.8873886904764,811.6814023809525,811.6814023809525,811.6814023809525,833.3333333333333,0.0,4772.8020557142845,0.0
2025-07-23,0,68,11:20-11:30,1140.685,1335.5375,0.5618,0.5895049107142857,131.92303571428556,1732.3743321428565,770.4038690476189,770.4038690476189,770.4038690476189,833.3333333333333,0.0,5522.8020557142845,0.0
2025-07-23,0,69,11:30-11:40,1148.0561166666666,1349.959569047619,0.5284,0.5568870535714285,167.0499571428569,1909.830195238094,798.4798380952377,798.4798380952377,798.4798380952377,833.3333333333333,0.0,6272.8020557142845,0.0
2025-07-23,0,70,11:40-11:50,1151.6815499999998,1358.7948857142858,0.5149,0.5432616071428572,174.5667595238097,2045.4052220238077,800.7867571428569,800.7867571428569,800.7867571428569,833.3333333333333,0.0,7022.8020557142845,0.0
2025-07-23,0,71,11:50-12:00,1142.5633333333333,1357.2026785714284,0.5302,0.5592187500000001,159.4188690476189,2135.032539285713,778.1128571428571,778.1128571428571,778.1128571428571,833.3333333333333,0.0,7772.8020557142845,0.0
2025-07-23,0,72,12:00-12:10,1137.38065,1347.768538095238,0.573,0.6042316964285714,142.6486166666666,2187.34403095238,765.5940619047619,765.5940619047619,765.5940619047619,833.3333333333333,0.0,8522.802055714285,0.0
2025-07-23,0,73,12:10-12:20,1092.4345166666667,1350.716114285714,0.5945,0.6231825892857142,140.08137619047642,2217.841136904761,715.1331119047625,715.1331119047625,715.1331119047625,833.3333333333333,0.0,9272.802055714285,0.0
2025-07-23,0,74,12:20-12:30,1045.5133333333333,1353.5419642857141,0.5613,0.5861357142857144,153.805892857143,2269.2424571428564,679.1105952380954,679.1105952380954,679.1105952380954,833.3333333333333,0.0,10022.802055714285,0.0
2025-07-23,0,75,12:30-12:40,1089.9447499999999,1326.0163714285713,0.5167,0.5459973214285714,150.88423333333344,2318.8906119047615,748.1459452380952,748.1459452380952,748.1459452380952,833.3333333333333,0.0,10772.802055714285,0.0
2025-07-23,0,76,12:40-12:50,1155.2580833333332,1312.8710095238093,0.6834,0.7138803571428571,155.59758571428574,2375.79414345238,0.0,0.0,0.0,2.015340476190431,0.0,10774.615862142857,0.0
2025-07-23,0,77,12:50-13:00,1179.2816666666665,1319.630357142857,0.9522,0.9796513392857141,132.1548214285712,2402.612193452381,0.0,0.0,0.0,8.193869047619273,0.0,10781.990344285714,0.0
2025-07-23,0,78,13:00-13:10,1167.0506333333333,1305.3354833333333,0.9746,1.0050924107142856,118.27412142857149,2328.5161964285703,0.0,0.0,0.0,20.010728571428444,0.0,10800.0,0.0
2025-07-23,0,79,13:10-13:20,1186.2128666666667,1276.7801904761905,0.9396,0.9706299107142856,138.06567857142852,2282.2188720238087,43.42022461904744,43.42022461904744,43.42022461904744,0.0,4.07813014285748,10795.468744285714,0.0
2025-07-23,0,80,13:20-13:30,1206.8033333333333,1259.3660714285713,0.9359,0.9641915178571427,110.88565476190479,2211.7682255952377,58.32291666666674,58.32291666666674,58.32291666666674,0.0,0.0,10795.468744285714,0.0
2025-07-23,0,81,13:30-13:40,1148.42005,1268.4427214285713,0.8897,0.9225361607142857,114.98794285714274,2072.1875857142854,0.0,0.0,0.0,5.034728571428559,0.0,10800.0,0.0
2025-07-23,0,82,13:40-13:50,1168.9327833333332,1257.3153976190476,1.0198,1.0689937500000004,116.59732619047614,1934.2979178571422,0.0,0.0,0.0,0.0,28.21471190476177,10768.65032010582,0.0
2025-07-23,0,83,13:50-14:00,1240.5566666666666,1215.516964285714,1.242,1.3090808035714285,121.85922619047619,1825.7801642857135,0.0,0.0,0.0,0.0,146.89892857142877,10605.429288359788,0.0
2025-07-23,0,84,14:00-14:10,1183.1479,1174.4911023809523,1.2341,1.3038111607142855,120.03230952380954,1722.3853130952373,0.0,0.0,0.0,0.0,128.6891071428572,10462.441391534392,0.0
2025-07-23,0,85,14:10-14:20,1180.5897666666665,1127.2023547619046,1.2233,1.289697767857143,124.54932619047588,1543.4500279761899,0.0,0.0,0.0,0.0,177.93673809523762,10264.733904761906,0.0
2025-07-23,0,86,14:20-14:30,1228.8033333333333,1081.3901785714284,1.3078,1.3736504464285715,138.99988095238123,1375.0381476190469,0.0,0.0,0.0,0.0,286.41303571428625,9946.497198412699,0.0
2025-07-23,0,87,14:30-14:40,1149.2386166666665,1055.2088166666667,1.3194,1.3862419642857144,163.29961666666665,1288.3472696428566,0.0,0.0,0.0,0.0,257.3294166666665,9660.575624338624,0.0
2025-07-23,0,88,14:40-14:50,1176.7463333333333,1011.1431428571428,1.1179,1.1761535714285714,150.03054761904752,1191.7137273809517,0.0,0.0,0.0,0.0,315.6337380952381,9309.87147089947,0.0
2025-07-23,0,89,14:50-15:00,1301.7066666666665,954.9857142857143,0.8356,0.87841875,126.89988095238111,1127.3188095238086,473.6208333333334,473.6208333333334,473.6208333333334,0.0,0.0,9309.87147089947,0.0
2025-07-23,0,90,15:00-15:10,1271.572133333333,928.2794261904761,0.7653,0.8010816964285715,113.86781904761904,1162.278586309523,1290.493859523809,1290.493859523809,1290.493859523809,833.3333333333333,0.0,10059.87147089947,0.0
2025-07-23,0,91,15:10-15:20,1255.5553333333332,888.2393166666666,0.7968,0.8340098214285714,111.39555714285746,1171.4780095238082,1301.0766061434458,1301.0766061434458,1301.0766061434458,822.3650323339218,0.0,10800.0,0.0
2025-07-23,0,92,15:20-15:30,1300.2683333333332,831.0660714285715,0.8335,0.8745754464285712,128.7717261904763,1131.8700190476181,597.973988095238,597.973988095238,597.973988095238,0.0,0.0,10800.0,0.0
2025-07-23,0,93,15:30-15:40,1272.2100833333334,798.3189833333332,0.8836,0.9243383928571428,100.10067380952393,1090.3824892857133,573.991773809524,573.991773809524,573.991773809524,0.0,0.0,10800.0,0.0
2025-07-23,0,94,15:40-15:50,1241.5046166666666,770.8842666666666,0.9056,0.9414428571428568,88.8989761904761,1017.8265416666668,559.5193261904761,559.5193261904761,559.5193261904761,0.0,0.0,10800.0,0.0
2025-07-23,0,95,15:50-16:00,1251.875,729.5169642857143,0.9134,0.9455138392857144,102.09011904761897,1053.1539398809525,624.4481547619048,624.4481547619048,624.4481547619048,0.0,0.0,10800.0,0.0
2025-07-23,0,96,16:00-16:10,1272.2456,674.6311166666667,0.9641,0.9995857142857142,76.94884523809526,1031.1974220238096,674.5633285714287,674.5633285714287,674.5633285714287,0.0,0.0,10800.0,0.0
2025-07-23,0,97,16:10-16:20,1290.7459166666665,621.7926309523809,1.0088,1.0441486607142851,82.64905714285703,1008.2681738095239,751.6023428571425,751.6023428571425,751.6023428571425,0.0,-0.0,10800.0,0.0
2025-07-23,0,98,16:20-16:30,1277.9283333333333,574.9919642857142,0.9949,1.0252785714285717,99.80898809523819,1020.2820184523812,802.7453571428573,802.7453571428573,802.7453571428573,0.0,0.0,10800.0,0.0
2025-07-23,0,99,16:30-16:40,1214.5804333333333,525.8338761904761,0.9265,0.9561928571428574,91.21431904761914,901.1718410714288,779.9608761904765,779.9608761904765,779.9608761904765,0.0,0.0,10800.0,0.0
2025-07-23,0,100,16:40-16:50,1209.1826666666666,476.9757428571428,0.9345,0.9651325892857147,108.49528333333336,751.7586880952381,840.7022071428572,840.7022071428572,840.7022071428572,0.0,0.0,10800.0,0.0
2025-07-23,0,101,16:50-17:00,1259.725,430.1919642857143,1.0143,1.0446308035714287,103.62773809523787,711.3629410714288,933.1607738095236,933.1607738095236,933.1607738095236,-0.0,0.0,10800.0,0.0
2025-07-23,0,102,17:00-17:10,1259.0731333333333,383.8897095238095,1.0412,1.0702964285714285,94.31417380952382,755.6116244047614,969.4975976190476,969.4975976190476,969.4975976190476,0.0,0.0,10800.0,0.0
2025-07-23,0,103,17:10-17:20,1249.01755,338.2345833333333,1.0733,1.1017102678571427,108.62762619047635,784.5747999999995,1019.410592857143,1019.410592857143,1019.410592857143,0.0,0.0,10800.0,0.0
2025-07-23,0,104,17:20-17:30,1281.5866666666666,293.30625,1.1287,1.1573316964285714,101.7292261904762,875.4915452380948,1090.0096428571428,1090.0096428571428,1090.0096428571428,0.0,0.0,10800.0,0.0
2025-07-23,0,105,17:30-17:40,1329.81415,249.3152857142857,1.1628,1.1911433035714283,101.89284523809522,877.8784077380947,1182.3917095238096,1182.3917095238096,1182.3917095238096,0.0,0.0,10800.0,0.0
2025-07-23,0,106,17:40-17:50,1180.6693333333333,209.0880642857143,1.2267,1.2515633928571426,88.53076904761895,871.6861619047612,1060.1120380952377,1060.1120380952377,1060.1120380952377,0.0,0.0,10800.0,0.0
2025-07-23,0,107,17:50-18:00,931.41,172.06696428571428,1.3259,1.3458473214285716,82.97720238095246,854.1983946428564,842.3202380952382,842.3202380952382,842.3202380952382,0.0,0.0,10800.0,0.0
2025-07-23,0,108,18:00-18:10,917.3246333333333,134.9446523809524,1.4038,1.4224517857142853,74.70435952380956,784.7803154761899,857.0843404761904,857.0843404761904,857.0843404761904,0.0,0.0,10800.0,0.0
2025-07-23,0,109,18:10-18:20,1003.7536333333334,99.45723333333333,1.4382,1.458170089285715,81.1401428571429,782.9343654761901,985.436542857143,985.436542857143,985.436542857143,0.0,-0.0,10800.0,0.0
2025-07-23,0,110,18:20-18:30,1023.1816666666666,65.58571428571427,1.4205,1.439871428571429,85.26964285714268,823.7173404761896,1042.8655952380952,1042.8655952380952,1042.8655952380952,0.0,0.0,10800.0,0.0
2025-07-23,0,111,18:30-18:40,947.6964833333333,32.69663333333334,1.3831,1.399441071428571,82.48478809523817,815.7094535714277,997.4846380952382,997.4846380952382,997.4846380952382,0.0,0.0,10800.0,0.0
2025-07-23,0,112,18:40-18:50,943.7528333333332,9.608921428571428,1.4913,1.523820535714286,99.48220238095246,742.172091071428,1033.6261142857143,1033.6261142857143,1033.6261142857143,0.0,0.0,10800.0,0.0
2025-07-23,0,113,18:50-19:00,1001.3316666666666,0.0,1.6647,1.7229616071428577,82.71523809523819,832.3713547619043,250.71357142857164,250.71357142857164,250.71357142857164,0.0,833.3333333333333,9874.074074074075,0.0
2025-07-23,0,114,19:00-19:10,958.26075,0.0,1.6483,1.7082272321428575,79.10781666666674,855.1323517857138,204.0352333333335,204.0352333333335,204.0352333333335,0.0,833.3333333333333,8948.14814814815,0.0
2025-07-23,0,115,19:10-19:20,933.32495,0.27878571428571425,1.5956,1.6501745535714285,78.6534095238095,785.0379940476189,1011.6995738095237,1011.6995738095237,1011.6995738095237,0.0,0.0,8948.14814814815,0.0
2025-07-23,0,116,19:20-19:30,963.3199999999999,0.0,1.6207,1.6747071428571427,77.27999999999986,797.5550839285711,207.26666666666665,207.26666666666665,207.26666666666665,0.0,833.3333333333333,8022.2222222222235,0.0
2025-07-23,0,117,19:30-19:40,960.7958333333332,0.0,1.6753,1.7286133928571428,67.91159999999991,815.6760880952378,195.37409999999977,195.37409999999977,195.37409999999977,0.0,833.3333333333333,7096.296296296297,0.0
2025-07-23,0,118,19:40-19:50,958.5580166666666,0.020016666666666665,1.647,1.700875,69.00076428571435,787.8938880952376,194.205430952381,194.205430952381,194.205430952381,0.0,833.3333333333333,6170.370370370371,0.0
2025-07-23,0,119,19:50-20:00,986.4783333333332,0.0,1.5952,1.6517946428571426,78.40499999999997,746.9583946428568,482.8799226190464,482.8799226190464,482.8799226190464,0.0,582.0034107142868,5523.699914021164,0.0
2025-07-23,0,120,20:00-20:10,1029.7502666666664,0.0,1.6733,1.7324129464285716,99.9435666666667,707.3179964285707,296.3605,296.3605,296.3605,0.0,833.3333333333333,4597.773988095238,0.0
2025-07-23,0,121,20:10-20:20,1035.73025,0.0014357142857142858,1.6813,1.7372401785714289,96.27160476190488,707.2832505952374,298.66708571428603,298.66708571428603,298.66708571428603,0.0,833.3333333333333,3671.8480621693116,0.0
2025-07-23,0,122,20:20-20:30,990.1583333333333,0.0,1.6275,1.6806196428571425,115.10166666666657,682.1904184523806,271.9266666666665,271.9266666666665,271.9266666666665,0.0,833.3333333333333,2745.9221362433855,0.0
2025-07-23,0,123,20:30-20:40,929.83755,0.0,1.6728,1.7320227678571432,76.76946666666674,638.9450017857138,173.27368333333345,173.27368333333345,173.27368333333345,0.0,833.3333333333333,1819.9962103174598,0.0
2025-07-23,0,124,20:40-20:50,903.9790333333333,0.0,1.4248,1.470328125,56.475742857142905,557.9965892857139,901.097286904762,901.097286904762,901.097286904762,0.0,59.357489285714195,1754.043444444444,0.0
2025-07-23,0,125,20:50-21:00,918.9216666666666,0.0,1.0253,1.0451785714285715,84.01333333333332,498.63909999999976,1040.047186213992,1040.047186213992,1040.047186213992,37.11218621399212,0.0,1787.444412037037,0.0
2025-07-23,0,126,21:00-21:10,940.2015166666666,0.0,1.0492,1.0705004464285715,89.22528333333344,501.8966833333328,1029.4268000000002,1029.4268000000002,1029.4268000000002,0.0,0.0,1787.444412037037,0.0
2025-07-23,0,127,21:10-21:20,952.5516166666666,0.0,1.12,1.1504156250000002,87.38498333333337,511.76670416666633,1039.9366,1039.9366,1039.9366,0.0,0.0,1787.444412037037,0.0
2025-07-23,0,128,21:20-21:30,959.6033333333332,0.0,1.089,1.1187482142857146,88.15166666666664,528.6999708333333,1047.7549999999999,1047.7549999999999,1047.7549999999999,0.0,0.0,1787.444412037037,0.0
2025-07-23,0,129,21:30-21:40,964.1698166666666,0.0,1.1433,1.1650147321428574,77.11993333333339,488.06663749999984,928.405775,928.405775,928.405775,0.0,112.88397499999998,1662.017773148148,0.0
2025-07-23,0,130,21:40-21:50,914.9411666666666,0.0,0.946,0.9650691964285716,54.514850000000024,415.8159958333332,901.5122375000001,901.5122375000001,901.5122375000001,0.0,67.94377916666653,1586.5246851851853,0.0
2025-07-23,0,131,21:50-22:00,827.6533333333333,0.0,0.5963,0.6190941964285716,96.0233333333332,347.87221666666665,973.6795987654317,973.6795987654317,973.6795987654317,50.002932098765186,0.0,1631.527324074074,0.0
2025-07-23,0,132,22:00-22:10,786.9940333333334,0.0,0.5783,0.6012535714285713,88.55083333333334,388.37459166666645,875.5448666666667,875.5448666666667,875.5448666666667,0.0,0.0,1631.527324074074,0.0
2025-07-23,0,133,22:10-22:20,826.02685,0.0,0.6385,0.6609089285714287,92.26419999999996,373.06040833333327,918.2910499999999,918.2910499999999,918.2910499999999,0.0,0.0,1631.527324074074,0.0
2025-07-23,0,134,22:20-22:30,861.0433333333333,0.0,0.5997,0.6223794642857146,91.98500000000001,355.23579166666656,953.0283333333333,953.0283333333333,953.0283333333333,0.0,0.0,1631.527324074074,0.0
2025-07-23,0,135,22:30-22:40,779.00605,0.0,0.5471,0.5687763392857142,91.18766666666659,310.9962333333333,1703.5270499999997,1703.5270499999997,1703.5270499999997,833.3333333333333,0.0,2381.527324074074,0.0
2025-07-23,0,136,22:40-22:50,751.7041999999999,0.0,0.5447,0.5662575892857143,61.23646666666673,283.48074166666663,1646.274,1646.274,1646.274,833.3333333333333,0.0,3131.527324074074,0.0
2025-07-23,0,137,22:50-23:00,800.9233333333333,0.0,0.5694,0.5925491071428572,64.72500000000002,237.78966666666656,865.6483333333333,865.6483333333333,865.6483333333333,0.0,0.0,3131.527324074074,0.0
2025-07-23,0,138,23:00-23:10,779.8826166666665,0.0,0.5497,0.5743933035714285,85.78036666666674,176.31884583333317,1698.9963166666666,1698.9963166666666,1698.9963166666666,833.3333333333333,0.0,3881.527324074074,0.0
2025-07-23,0,139,23:10-23:20,753.6427,0.0,0.5344,0.5585299107142857,107.55713333333347,156.29239166666656,1694.5331666666666,1694.5331666666666,1694.5331666666666,833.3333333333333,0.0,4631.5273240740735,0.0
2025-07-23,0,140,23:20-23:30,768.4783333333332,0.0,0.5494,0.5734160714285713,87.50833333333321,153.2118291666668,1689.3199999999997,1689.3199999999997,1689.3199999999997,833.3333333333333,0.0,5381.5273240740735,0.0
2025-07-23,0,141,23:30-23:40,791.71255,0.0,0.5665,0.5948473214285716,98.58091666666667,117.71916250000004,890.2934666666666,890.2934666666666,890.2934666666666,0.0,0.0,5381.5273240740735,0.0
2025-07-23,0,142,23:40-23:50,775.2163999999999,0.0,0.5621,0.590863392857143,74.72581666666667,83.196325,849.9422166666666,849.9422166666666,849.9422166666666,0.0,0.0,5381.5273240740735,0.0
2025-07-23,0,143,23:50-24:00,749.6283333333333,0.0,0.5634,0.5881839285714288,90.43333333333334,47.13458333333324,1527.253528806585,1527.253528806585,1527.253528806585,687.1918621399184,0.0,6000.0,0.0
2025-07-24,0,0,0:00-0:10,784.5903666666666,0.0,0.6069,0.6301129464285715,73.19683333333342,1129.3990654761901,24.453866666666727,24.453866666666727,24.453866666666727,0.0,833.3333333333333,7243.491711746031,0.0
2025-07-24,0,1,0:10-0:20,784.2398499999999,0.0,0.5766,0.5980566964285714,86.40531666666669,1161.0650476190474,132.958538000001,132.958538000001,132.958538000001,0.0,737.6866286666657,6423.839902116402,0.0
2025-07-24,0,2,0:20-0:30,741.055,0.0,0.5014,0.5209937499999999,80.45000000000005,1186.4200934523808,821.505,821.505,821.505,0.0,0.0,6423.839902116402,0.0
2025-07-24,0,3,0:30-0:40,749.1340499999999,0.0,0.5292,0.5528852678571429,85.22788333333335,1202.519676785714,834.3619333333332,834.3619333333332,834.3619333333332,0.0,0.0,6423.839902116402,0.0
2025-07-24,0,4,0:40-0:50,786.6534833333333,0.0,0.5543,0.5794334821428571,86.42784999999992,1229.6200464285719,873.0813333333332,873.0813333333332,873.0813333333332,0.0,0.0,6423.839902116402,0.0
2025-07-24,0,5,0:50-1:00,802.805,0.0,0.5352,0.5568732142857143,92.9899999999999,1290.5868422619053,895.7949999999998,895.7949999999998,895.7949999999998,0.0,0.0,6423.839902116402,0.0
2025-07-24,0,6,1:00-1:10,771.7524,0.0,0.5385,0.5579700892857143,89.19088333333332,1343.9638523809529,860.9432833333333,860.9432833333333,860.9432833333333,0.0,0.0,6423.839902116402,0.0
2025-07-24,0,7,1:10-1:20,757.9927166666666,0.0,0.5444,0.5622183035714285,90.53543333333346,1273.626904761905,848.5281500000001,848.5281500000001,848.5281500000001,0.0,0.0,6423.839902116402,0.0
2025-07-24,0,8,1:20-1:30,761.44,0.0,0.5501,0.5681683035714287,75.85166666666669,1257.4993,837.2916666666667,837.2916666666667,837.2916666666667,0.0,0.0,6423.839902116402,0.0
2025-07-24,0,9,1:30-1:40,729.372,0.0,0.5714,0.5933946428571427,77.4766166666667,1282.542038095238,806.8486166666667,806.8486166666667,806.8486166666667,0.0,0.0,6423.839902116402,0.0
2025-07-24,0,10,1:40-1:50,740.8448166666667,0.0,0.5435,0.5617017857142856,78.1231166666667,1249.4642833333328,818.9679333333333,818.9679333333333,818.9679333333333,0.0,0.0,6423.839902116402,0.0
2025-07-24,0,11,1:50-2:00,765.9683333333334,0.0,0.469,0.4801343749999999,85.69000000000005,1216.8590833333328,1684.9916666666668,1684.9916666666668,1684.9916666666668,833.3333333333333,0.0,7173.839902116402,0.0
2025-07-24,0,12,2:00-2:10,697.4884,0.0,0.4271,0.44356517857142846,84.23035000000004,1216.7771339285712,1615.0520833333333,1615.0520833333333,1615.0520833333333,833.3333333333333,0.0,7923.839902116402,0.0
2025-07-24,0,13,2:10-2:20,681.3500166666666,0.0,0.4507,0.46943526785714285,84.52453333333335,1206.7821982142852,1599.2078833333333,1599.2078833333333,1599.2078833333333,833.3333333333333,0.0,8673.839902116402,0.0
2025-07-24,0,14,2:20-2:30,729.555,0.0,0.4956,0.5090491071428572,71.73833333333334,1200.2320351190476,801.2933333333333,801.2933333333333,801.2933333333333,0.0,0.0,8673.839902116402,0.0
2025-07-24,0,15,2:30-2:40,708.8408166666666,0.0,0.4892,0.5009388392857141,40.73574999999994,1170.833330357143,749.5765666666665,749.5765666666665,749.5765666666665,0.0,0.0,8673.839902116402,0.0
2025-07-24,0,16,2:40-2:50,695.2061333333332,0.0,0.4975,0.5092620535714286,45.49531666666667,1065.4015571428577,740.7014499999999,740.7014499999999,740.7014499999999,0.0,0.0,8673.839902116402,0.0
2025-07-24,0,17,2:50-3:00,706.9383333333333,0.0,0.5269,0.5385924107142858,61.25,1014.8233821428578,768.1883333333333,768.1883333333333,768.1883333333333,0.0,0.0,8673.839902116402,0.0
2025-07-24,0,18,3:00-3:10,681.7479333333333,0.0,0.5166,0.529121875,46.894804761904766,971.822733928572,728.6427380952381,728.6427380952381,728.6427380952381,0.0,0.0,8673.839902116402,0.0
2025-07-24,0,19,3:10-3:20,680.46565,0.0,0.5152,0.5280825892857145,57.639766666666674,901.1907547619053,738.1054166666667,738.1054166666667,738.1054166666667,0.0,0.0,8673.839902116402,0.0
2025-07-24,0,20,3:20-3:30,718.1949999999999,0.0,0.5504,0.5633446428571429,53.32999999999993,864.6364672619052,771.5249999999999,771.5249999999999,771.5249999999999,0.0,0.0,8673.839902116402,0.0
2025-07-24,0,21,3:30-3:40,741.7492,0.0013285714285714285,0.5899,0.6034830357142857,44.70804047619049,840.6456339285719,0.0,0.0,0.0,0.0,786.4559119047619,7800.0,0.0
2025-07-24,0,22,3:40-3:50,736.7121333333332,0.0,0.5657,0.5759151785714286,47.785283333333325,768.735885714286,784.4974166666666,784.4974166666666,784.4974166666666,0.0,0.0,7800.0,0.0
2025-07-24,0,23,3:50-4:00,721.29,0.0,0.5051,0.5101852678571428,37.98666666666668,661.4168773809527,759.2766666666666,759.2766666666666,759.2766666666666,0.0,0.0,7800.0,0.0
2025-07-24,0,24,4:00-4:10,721.5675666666666,0.01846904761904762,0.4991,0.5050196428571427,54.32136190476194,574.3297940476194,775.8704595238095,775.8704595238095,775.8704595238095,0.0,0.0,7800.0,0.0
2025-07-24,0,25,4:10-4:20,708.96285,0.0,0.4839,0.49340357142857144,56.83428333333336,515.6865523809527,765.7971333333334,765.7971333333334,765.7971333333334,0.0,0.0,7800.0,0.0
2025-07-24,0,26,4:20-4:30,689.2266666666666,0.0,0.4645,0.4744642857142858,56.9083333333333,473.7589523809527,1579.4683333333332,1579.4683333333332,1579.4683333333332,833.3333333333333,0.0,8550.0,0.0
2025-07-24,0,27,4:30-4:40,704.3523833333334,0.2572452380952381,0.5179,0.5225361607142858,48.26339999999993,434.1821476190478,752.358538095238,752.358538095238,752.358538095238,0.0,0.0,8550.0,0.0
2025-07-24,0,28,4:40-4:50,746.6898833333332,0.0,0.5752,0.5778299107142856,37.169116666666696,374.7565017857143,783.8589999999999,783.8589999999999,783.8589999999999,0.0,0.0,8550.0,0.0
2025-07-24,0,29,4:50-5:00,758.2216666666666,0.0,0.5706,0.5768116071428572,68.01869047619044,321.18651130952327,826.240357142857,826.240357142857,826.240357142857,0.0,0.0,8550.0,0.0
2025-07-24,0,30,5:00-5:10,687.1406166666667,9.258397619047619,0.5031,0.5119642857142856,49.46374523809516,312.0700934523802,727.3459642857142,727.3459642857142,727.3459642857142,0.0,0.0,8550.0,0.0
2025-07-24,0,31,5:10-5:20,650.0253499999999,33.184704761904754,0.4613,0.4698080357142857,41.14326904761913,361.5936732142854,1491.3172476190475,1491.3172476190475,1491.3172476190475,833.3333333333333,0.0,9300.0,0.0
2025-07-24,0,32,5:20-5:30,665.805,67.84196428571428,0.4313,0.4384589285714288,44.809464285714284,357.9219738095242,1476.105833333333,1476.105833333333,1476.105833333333,833.3333333333333,0.0,10050.0,0.0
2025-07-24,0,33,5:30-5:40,661.6382,102.64908333333332,0.3696,0.3776361607142858,44.40222142857158,359.33276726190445,1436.7246714285716,1436.7246714285716,1436.7246714285716,833.3333333333333,0.0,10800.0,0.0
2025-07-24,0,34,5:40-5:50,749.71695,139.13088809523808,0.5852,0.592972767857143,40.94563095238095,427.997747023809,651.5316928571428,651.5316928571428,651.5316928571428,-0.0,0.0,10800.0,0.0
2025-07-24,0,35,5:50-6:00,896.3433333333334,179.29553571428573,0.9573,0.963365625,40.39422619047616,513.6631940476186,0.0,0.0,0.0,0.0,757.4420238095238,9958.397751322751,0.0
2025-07-24,0,36,6:00-6:10,924.1327333333334,222.25997619047615,1.0069,1.0134133928571427,31.444892857142918,594.7661738095235,0.0,0.0,0.0,0.0,733.3176500000002,9143.600362433863,0.0
2025-07-24,0,37,6:10-6:20,857.0227499999999,266.26816428571425,0.8952,0.9044799107142858,36.86186666666674,602.965507738095,0.0,0.0,0.0,0.0,627.6164523809523,8446.24874867725,0.0
2025-07-24,0,38,6:20-6:30,801.3249999999999,311.48214285714283,0.8145,0.8251866071428571,61.81107142857138,659.162382738095,335.1937077380947,335.1937077380947,335.1937077380947,0.0,216.46022083333372,8205.737392195768,0.0
2025-07-24,0,39,6:30-6:40,845.4663166666666,358.26220238095243,0.8049,0.8125272321428572,57.65068095238098,802.4576982142855,544.8547952380951,544.8547952380951,544.8547952380951,0.0,0.0,8205.737392195768,0.0
2025-07-24,0,40,6:40-6:50,890.57025,399.8836785714285,0.8337,0.8440441964285714,50.46275952380961,870.5438351190473,0.0,0.0,0.0,0.0,541.1493309523811,7604.460357804232,0.0
2025-07-24,0,41,6:50-7:00,879.2349999999999,440.36428571428564,0.8322,0.849745535714286,54.06619047619051,911.8706791666665,0.0,0.0,0.0,0.0,492.93690476190477,7056.752685846561,0.0
2025-07-24,0,42,7:00-7:10,848.3394833333333,490.75250000000005,0.7567,0.7737285714285715,47.0666190476191,965.6668101190475,404.6536023809524,404.6536023809524,404.6536023809524,0.0,0.0,7056.752685846561,0.0
2025-07-24,0,43,7:10-7:20,853.3605166666666,540.5547857142857,0.7317,0.7444223214285716,47.9477261904762,993.4637488095238,360.7534571428572,360.7534571428572,360.7534571428572,0.0,0.0,7056.752685846561,0.0
2025-07-24,0,44,7:20-7:30,862.265,584.7214285714285,0.7374,0.7492285714285714,58.386666666666656,990.6459845238094,335.9302380952381,335.9302380952381,335.9302380952381,0.0,0.0,7056.752685846561,0.0
2025-07-24,0,45,7:30-7:40,823.3890166666666,628.9092023809524,0.6772,0.6943245535714285,56.698285714285646,992.9744666666666,251.17809999999986,251.17809999999986,251.17809999999986,0.0,0.0,7056.752685846561,0.0
2025-07-24,0,46,7:40-7:50,954.7442333333333,677.3767047619048,0.8654,0.8832004464285711,66.32740000000001,983.7855190476189,0.0,0.0,0.0,0.0,343.6949285714286,6674.869431878306,0.0
2025-07-24,0,47,7:50-8:00,1166.4266666666667,725.8214285714286,1.1877,1.2011928571428574,70.47065476190483,979.8541053571428,0.0,0.0,0.0,0.0,511.075892857143,6107.007328703703,0.0
2025-07-24,0,48,8:00-8:10,1133.5895666666665,765.9448095238096,1.1815,1.1956794642857143,84.35319761904765,986.0139119047617,0.0,0.0,0.0,0.0,451.9979547619047,5604.7873789682535,0.0
2025-07-24,0,49,8:10-8:20,1085.4582999999998,805.456011904762,1.1153,1.131395089285714,61.15888333333328,1029.611426190476,0.0,0.0,0.0,0.0,341.16117142857104,5225.719410714286,0.0
2025-07-24,0,50,8:20-8:30,1132.21,847.6821428571429,1.1375,1.1547910714285714,82.27660714285719,1057.6546928571427,0.0,0.0,0.0,0.0,366.8044642857144,4818.15889484127,0.0
2025-07-24,0,51,8:30-8:40,1154.3551333333332,887.6711809523811,1.1275,1.1472834821428568,71.32669047619038,1102.7447523809521,0.0,0.0,0.0,0.0,338.01064285714256,4442.5915138888895,0.0
2025-07-24,0,52,8:40-8:50,1159.6181,921.6450047619047,1.1224,1.142448214285714,78.94549047619029,1114.361926785714,0.0,0.0,0.0,0.0,316.91858571428554,4090.459751984128,0.0
2025-07-24,0,53,8:50-9:00,1169.3283333333334,955.2848214285715,1.137,1.1561312500000003,94.84428571428577,1115.9809053571425,0.0,0.0,0.0,0.0,308.8877976190478,3747.251087962964,0.0
2025-07-24,0,54,9:00-9:10,1179.52785,997.5364928571427,1.1248,1.1465723214285717,102.46165714285712,1127.6675124999997,0.0,0.0,0.0,0.0,284.4530142857144,3431.192183201059,0.0
2025-07-24,0,55,9:10-9:20,1170.6247166666667,1034.8626142857142,1.057,1.0805611607142858,95.56130714285707,1146.6088053571425,0.0,0.0,0.0,0.0,231.32340952380946,3174.166172619048,0.0
2025-07-24,0,56,9:20-9:30,1147.0716666666667,1065.0508928571426,0.9722,0.9937517857142856,74.82285714285717,1208.1587624999995,0.0,0.0,0.0,0.0,156.84363095238132,2999.8954715608465,0.0
2025-07-24,0,57,9:30-9:40,1132.7371666666666,1098.1099,0.958,0.9776116071428568,84.92055952380977,1301.6347446428567,0.0,0.0,0.0,0.0,119.54782619047637,2867.0645535714284,0.0
2025-07-24,0,58,9:40-9:50,1119.5126166666666,1125.6252380952378,1.0455,1.077716517857143,87.23954285714291,1355.5275928571427,0.0,0.0,0.0,0.0,81.12692142857168,2776.9235297619043,0.0
2025-07-24,0,59,9:50-10:00,1119.34,1154.3214285714287,1.1835,1.235945982142857,97.51208333333346,1239.404494047619,0.0,0.0,0.0,0.0,62.53065476190477,2707.445024470899,0.0
2025-07-24,0,60,10:00-10:10,1153.5743499999999,1197.579269047619,1.2623,1.319215625,105.59007142857158,1156.7354238095236,0.0,0.0,0.0,0.0,61.58515238095242,2639.017077380952,0.0
2025-07-24,0,61,10:10-10:20,1169.88425,1218.3180714285713,1.2147,1.2672901785714283,104.41200238095229,1144.453372619047,0.0,0.0,0.0,0.0,55.97818095238108,2576.819098544973,0.0
2025-07-24,0,62,10:20-10:30,1144.0566666666666,1226.7125,1.1317,1.182569196428571,85.67422619047613,1223.4981619047614,0.0,0.0,0.0,0.0,3.0183928571427714,2573.465328703703,0.0
2025-07-24,0,63,10:30-10:40,1102.8027499999998,1271.375535714286,1.1302,1.1844026785714288,116.19825000000031,1236.1187958333328,0.0,0.0,0.0,52.374535714285685,0.0,2620.6024108465604,0.0
2025-07-24,0,64,10:40-10:50,1087.63905,1315.5930976190475,0.8693,0.9132316964285713,123.11724523809505,1198.5821660714284,0.0,0.0,0.0,104.83680238095258,0.0,2714.955532989418,0.0
2025-07-24,0,65,10:50-11:00,1109.475,1329.7535714285711,0.4688,0.49339553571428557,125.1576190476191,1181.814228571428,738.2123809523812,738.2123809523812,738.2123809523812,833.3333333333333,0.0,3464.955532989418,0.0
2025-07-24,0,66,11:00-11:10,1142.6102999999998,1319.3027571428572,0.4369,0.4578776785714286,124.23481190476204,1207.8943476190473,780.8756880952378,780.8756880952378,780.8756880952378,833.3333333333333,0.0,4214.955532989417,0.0
2025-07-24,0,67,11:10-11:20,1152.6026,1312.4042619047616,0.5392,0.5647477678571428,119.46776666666665,1439.1582958333336,792.9994380952382,792.9994380952382,792.9994380952382,833.3333333333333,0.0,4964.955532989417,0.0
2025-07-24,0,68,11:20-11:30,1160.5683333333332,1316.7848214285714,0.5891,0.6178955357142858,130.34708333333342,1773.9470964285708,807.4639285714284,807.4639285714284,807.4639285714284,833.3333333333333,0.0,5714.955532989417,0.0
2025-07-24,0,69,11:30-11:40,1203.0535166666666,1319.9911595238095,0.6108,0.6394187500000001,163.40148809523808,1949.8270071428565,46.463845238095246,46.463845238095246,46.463845238095246,0.0,0.0,5714.955532989417,0.0
2025-07-24,0,70,11:40-11:50,1157.4785666666667,1331.3092333333334,0.5239,0.551017857142857,174.33208571428577,2081.7535648809517,833.8347523809523,833.8347523809523,833.8347523809523,833.3333333333333,0.0,6464.955532989417,0.0
2025-07-24,0,71,11:50-12:00,1057.58,1349.2044642857143,0.41,0.4367294642857143,159.4188690476189,2171.146208333332,701.1277380952379,701.1277380952379,701.1277380952379,833.3333333333333,0.0,7214.955532989417,0.0
2025-07-24,0,72,12:00-12:10,1069.9078,1361.0816095238094,0.458,0.4857084821428573,135.91411428571413,2223.457699999999,678.0736380952378,678.0736380952378,678.0736380952378,833.3333333333333,0.0,7964.955532989417,0.0
2025-07-24,0,73,12:10-12:20,1108.7284333333332,1375.1358357142858,0.5292,0.5536879464285716,135.93724047619048,2247.220303571428,702.8631714285711,702.8631714285711,702.8631714285711,833.3333333333333,0.0,8714.955532989417,0.0
2025-07-24,0,74,12:20-12:30,1099.8533333333332,1379.4044642857143,0.507,0.5286316964285713,125.16809523809533,2294.4774880952373,678.9502976190474,678.9502976190474,678.9502976190474,833.3333333333333,0.0,9464.955532989417,0.0
2025-07-24,0,75,12:30-12:40,1064.8772833333333,1353.5516047619049,0.4408,0.46955044642857136,154.28699999999998,2315.487845238095,698.9460119047617,698.9460119047617,698.9460119047617,833.3333333333333,0.0,10214.955532989417,0.0
2025-07-24,0,76,12:40-12:50,1095.7620166666666,1343.1677119047617,0.6037,0.6338500000000001,155.59758571428574,2375.79414345238,494.4541601704897,494.4541601704897,494.4541601704897,586.2622696942991,0.0,10742.591575714287,0.0
2025-07-24,0,77,12:50-13:00,1172.5549999999998,1348.511607142857,0.9029,0.9285352678571429,132.1548214285712,2402.612193452381,0.0,0.0,0.0,43.80178571428587,0.0,10782.013182857143,0.0
2025-07-24,0,78,13:00-13:10,1184.8801833333332,1323.1396571428572,0.9582,0.9883258928571432,118.27412142857149,2328.5161964285703,0.0,0.0,0.0,19.985352380952463,0.0,10800.0,0.0
2025-07-24,0,79,13:10-13:20,1173.7293833333333,1282.0444476190473,0.9149,0.9469026785714287,138.06567857142852,2282.2188720238087,29.75061428571462,29.75061428571462,29.75061428571462,0.0,0.0,10800.0,0.0
2025-07-24,0,80,13:20-13:30,1183.2416666666666,1253.3160714285714,0.8982,0.9275665178571426,110.88565476190479,2211.7682255952377,40.81124999999997,40.81124999999997,40.81124999999997,0.0,0.0,10800.0,0.0
2025-07-24,0,81,13:30-13:40,1208.28495,1250.396080952381,0.9037,0.9382808035714288,114.98794285714274,2072.1875857142854,72.87681190476178,72.87681190476178,72.87681190476178,0.0,0.0,10800.0,0.0
2025-07-24,0,82,13:40-13:50,1195.2372,1241.0819476190477,1.0216,1.0717977678571429,116.59732619047614,1934.2979178571422,0.0,0.0,0.0,0.0,70.75257857142856,10721.386023809524,0.0
2025-07-24,0,83,13:50-14:00,1173.3916666666667,1208.5151785714284,1.1998,1.2666575892857144,121.85922619047619,1825.7801642857135,0.0,0.0,0.0,0.0,86.7357142857145,10625.013007936508,0.0
2025-07-24,0,84,14:00-14:10,1221.2143333333333,1162.2086142857142,1.2703,1.3411299107142862,120.03230952380954,1722.3853130952373,0.0,0.0,0.0,0.0,179.03802857142864,10426.081865079364,0.0
2025-07-24,0,85,14:10-14:20,1240.7186833333333,1110.5311595238095,1.272,1.3398267857142858,124.54932619047588,1543.4500279761899,0.0,0.0,0.0,0.0,254.73684999999978,10143.04092063492,0.0
2025-07-24,0,86,14:20-14:30,1212.08,1067.2214285714285,1.2993,1.3658044642857143,138.99988095238123,1375.0381476190469,0.0,0.0,0.0,0.0,283.8584523809527,9827.64264021164,0.0
2025-07-24,0,87,14:30-14:40,1210.4363666666666,1041.2319595238093,1.3611,1.4300178571428568,163.29961666666665,1288.3472696428566,0.0,0.0,0.0,0.0,332.5040238095239,9458.193724867724,0.0
2025-07-24,0,88,14:40-14:50,1200.1479,1000.6330833333333,1.1401,1.1999642857142854,150.03054761904752,1191.7137273809517,0.0,0.0,0.0,0.0,349.5453642857141,9069.809986772487,0.0
2025-07-24,0,89,14:50-15:00,1176.3616666666667,950.0660714285715,0.7656,0.8078562499999998,126.89988095238111,1127.3188095238086,1186.5288095238097,1186.5288095238097,1186.5288095238097,833.3333333333333,0.0,9819.809986772487,0.0
2025-07-24,0,90,15:00-15:10,1180.8874666666666,923.0910047619046,0.7168,0.7527888392857143,113.86781904761904,1162.278586309523,1204.997614285714,1204.997614285714,1204.997614285714,833.3333333333333,0.0,10569.809986772487,0.0
2025-07-24,0,91,15:10-15:20,1203.25685,883.7058309523809,0.7729,0.8120316964285716,111.39555714285746,1171.4780095238082,686.7132575543802,686.7132575543802,686.7132575543802,255.76668136390353,0.0,10800.0,0.0
2025-07-24,0,92,15:20-15:30,1228.7716666666665,827.8249999999999,0.7875,0.8303852678571426,128.7717261904763,1131.8700190476181,529.7183928571429,529.7183928571429,529.7183928571429,0.0,0.0,10800.0,0.0
2025-07-24,0,93,15:30-15:40,1243.2381666666665,789.6360047619047,0.8343,0.8743227678571431,100.10067380952393,1090.3824892857133,553.7028357142857,553.7028357142857,553.7028357142857,0.0,0.0,10800.0,0.0
2025-07-24,0,94,15:40-15:50,1201.3483666666666,757.5896761904761,0.8524,0.8867397321428571,88.8989761904761,1017.8265416666668,532.6576666666666,532.6576666666666,532.6576666666666,0.0,0.0,10800.0,0.0
2025-07-24,0,95,15:50-16:00,1160.4316666666666,718.5937500000001,0.8517,0.8832008928571428,102.09011904761897,1053.1539398809525,543.9280357142856,543.9280357142856,543.9280357142856,0.0,0.0,10800.0,0.0
2025-07-24,0,96,16:00-16:10,1228.7318333333333,671.5928904761904,0.9134,0.9470196428571427,76.94884523809526,1031.1974220238096,634.087788095238,634.087788095238,634.087788095238,0.0,0.0,10800.0,0.0
2025-07-24,0,97,16:10-16:20,1282.1279833333333,621.7892404761903,0.9801,1.0127531249999997,82.64905714285703,1008.2681738095239,742.9878000000001,742.9878000000001,742.9878000000001,0.0,-0.0,10800.0,0.0
2025-07-24,0,98,16:20-16:30,1275.0333333333333,572.7392857142858,1.0165,1.045539732142857,99.80898809523819,1020.2820184523812,802.1030357142857,802.1030357142857,802.1030357142857,0.0,-0.0,10800.0,0.0
2025-07-24,0,99,16:30-16:40,1277.8764166666665,524.3089047619046,1.0408,1.0714169642857145,91.21431904761914,901.1718410714288,844.7818309523809,844.7818309523809,844.7818309523809,0.0,-0.0,10800.0,0.0
2025-07-24,0,100,16:40-16:50,1275.2480666666665,474.1561642857142,1.0573,1.0886624999999999,108.49528333333336,751.7586880952381,909.5871857142857,909.5871857142857,909.5871857142857,0.0,0.0,10800.0,0.0
2025-07-24,0,101,16:50-17:00,1261.9816666666666,423.37321428571414,1.0677,1.097194642857143,103.62773809523787,711.3629410714288,942.2361904761904,942.2361904761904,942.2361904761904,0.0,0.0,10800.0,0.0
2025-07-24,0,102,17:00-17:10,1253.9327666666666,375.8892833333333,1.0767,1.106229910714286,94.31417380952382,755.6116244047614,972.3576571428572,972.3576571428572,972.3576571428572,0.0,0.0,10800.0,0.0
2025-07-24,0,103,17:10-17:20,1221.8918999999999,331.1747238095238,1.0918,1.121767410714286,108.62762619047635,784.5747999999995,999.3448023809524,999.3448023809524,999.3448023809524,0.0,0.0,10800.0,0.0
2025-07-24,0,104,17:20-17:30,1209.4816666666666,287.5607142857143,1.1058,1.1351910714285711,101.7292261904762,875.4915452380948,1023.6501785714286,1023.6501785714286,1023.6501785714286,0.0,-0.0,10800.0,0.0
2025-07-24,0,105,17:30-17:40,1268.3861,244.32821666666666,1.113,1.1408620535714287,101.89284523809522,877.8784077380947,1125.9507285714285,1125.9507285714285,1125.9507285714285,-0.0,0.0,10800.0,0.0
2025-07-24,0,106,17:40-17:50,1160.7237,204.33267619047615,1.1734,1.1982374999999998,88.53076904761895,871.6861619047612,1044.9217928571427,1044.9217928571427,1044.9217928571427,-0.0,0.0,10800.0,0.0
2025-07-24,0,107,17:50-18:00,940.25,167.93660714285713,1.2928,1.3140491071428573,82.97720238095246,854.1983946428564,855.2905952380953,855.2905952380953,855.2905952380953,0.0,0.0,10800.0,0.0
2025-07-24,0,108,18:00-18:10,913.6889833333332,132.6612761904762,1.3987,1.4180392857142858,74.70435952380956,784.7803154761899,855.7320666666666,855.7320666666666,855.7320666666666,0.0,0.0,10800.0,0.0
2025-07-24,0,109,18:10-18:20,947.0688333333333,98.17643095238095,1.3923,1.411943303571429,81.1401428571429,782.9343654761901,930.0325452380953,930.0325452380953,930.0325452380953,0.0,0.0,10800.0,0.0
2025-07-24,0,110,18:20-18:30,957.3283333333334,63.99821428571428,1.3287,1.3476343750000002,85.26964285714268,823.7173404761896,978.5997619047616,978.5997619047616,978.5997619047616,0.0,0.0,10800.0,0.0
2025-07-24,0,111,18:30-18:40,991.3662333333333,31.08677142857143,1.3774,1.3936026785714286,82.48478809523817,815.7094535714277,1042.7642500000002,1042.7642500000002,1042.7642500000002,0.0,0.0,10800.0,0.0
2025-07-24,0,112,18:40-18:50,962.6164666666666,8.725738095238095,1.5237,1.5548611607142855,99.48220238095246,742.172091071428,1053.372930952381,1053.372930952381,1053.372930952381,0.0,-0.0,10800.0,0.0
2025-07-24,0,113,18:50-19:00,910.3066666666666,0.0,1.659,1.7147629464285714,82.71523809523819,832.3713547619043,159.68857142857155,159.68857142857155,159.68857142857155,0.0,833.3333333333333,9874.074074074075,0.0
2025-07-24,0,114,19:00-19:10,965.5604333333333,0.0,1.6781,1.7378419642857144,79.10781666666674,855.1323517857138,211.3349166666669,211.3349166666669,211.3349166666669,0.0,833.3333333333333,8948.14814814815,0.0
2025-07-24,0,115,19:10-19:20,990.8556166666667,0.2438857142857143,1.669,1.7243254464285722,78.6534095238095,785.0379940476189,235.93180714285722,235.93180714285722,235.93180714285722,0.0,833.3333333333333,8022.2222222222235,0.0
2025-07-24,0,116,19:20-19:30,954.1633333333332,0.0,1.6643,1.7176522321428571,77.27999999999986,797.5550839285711,198.1099999999999,198.1099999999999,198.1099999999999,0.0,833.3333333333333,7096.296296296297,0.0
2025-07-24,0,117,19:30-19:40,959.1607833333334,0.0,1.6204,1.6731558035714282,67.91159999999991,815.6760880952378,193.7390499999999,193.7390499999999,193.7390499999999,0.0,833.3333333333333,6170.370370370371,0.0
2025-07-24,0,118,19:40-19:50,958.5247833333333,0.017509523809523808,1.6043,1.6585357142857142,69.00076428571435,787.8938880952376,445.5046273809513,445.5046273809513,445.5046273809513,0.0,582.0034107142868,5523.699914021164,0.0
2025-07-24,0,119,19:50-20:00,953.3033333333333,0.0,1.6434,1.700478125,78.40499999999997,746.9583946428568,198.375,198.375,198.375,0.0,833.3333333333333,4597.773988095238,0.0
2025-07-24,0,120,20:00-20:10,997.469,0.0,1.6843,1.7427120535714287,99.9435666666667,707.3179964285707,264.0792333333336,264.0792333333336,264.0792333333336,0.0,833.3333333333333,3671.8480621693116,0.0
2025-07-24,0,121,20:10-20:20,1009.5410666666667,0.0012547619047619046,1.6358,1.6912098214285716,96.27160476190488,707.2832505952374,272.4780833333334,272.4780833333334,272.4780833333334,0.0,833.3333333333333,2745.9221362433855,0.0
2025-07-24,0,122,20:20-20:30,986.9699999999999,0.0,1.5978,1.6516749999999998,115.10166666666657,682.1904184523806,1102.0716666666665,1102.0716666666665,1102.0716666666665,0.0,0.0,2745.9221362433855,0.0
2025-07-24,0,123,20:30-20:40,1004.0947333333334,0.0,1.7092,1.7688406250000004,76.76946666666674,638.9450017857138,247.53086666666672,247.53086666666672,247.53086666666672,0.0,833.3333333333333,1819.9962103174598,0.0
2025-07-24,0,124,20:40-20:50,992.9159999999999,0.0,1.4955,1.54135625,56.475742857142905,557.9965892857139,990.0342535714286,990.0342535714286,990.0342535714286,0.0,59.357489285714195,1754.043444444444,0.0
2025-07-24,0,125,20:50-21:00,965.8783333333333,0.0,1.0702,1.0908004464285717,84.01333333333332,498.63909999999976,1053.9133744855965,1053.9133744855965,1053.9133744855965,4.021707818929928,0.0,1757.662981481481,0.0
2025-07-24,0,126,21:00-21:10,1003.7661833333333,0.0,1.0577,1.0787982142857144,89.22528333333344,501.8966833333328,1126.0819450617291,1126.0819450617291,1126.0819450617291,33.09047839506219,0.0,1787.444412037037,0.0
2025-07-24,0,127,21:10-21:20,998.9911333333332,0.0,1.1662,1.1954749999999994,87.38498333333337,511.76670416666633,1086.3761166666666,1086.3761166666666,1086.3761166666666,0.0,0.0,1787.444412037037,0.0
2025-07-24,0,128,21:20-21:30,963.5083333333333,0.0,1.1765,1.2050156250000004,88.15166666666664,528.6999708333333,1011.0266666666664,1011.0266666666664,1011.0266666666664,0.0,40.63333333333344,1742.2962638888887,0.0
2025-07-24,0,129,21:30-21:40,999.0375666666666,0.0,1.125,1.1458044642857141,77.11993333333339,488.06663749999984,1003.9068583333335,1003.9068583333335,1003.9068583333335,0.0,72.25064166666654,1662.017773148148,0.0
2025-07-24,0,130,21:40-21:50,908.7040166666667,0.0,0.8456,0.8639642857142856,54.514850000000024,415.8159958333332,895.2750875000002,895.2750875000002,895.2750875000002,0.0,67.94377916666653,1586.5246851851853,0.0
2025-07-24,0,131,21:50-22:00,738.7583333333333,0.0,0.5078,0.5296174107142858,96.0233333333332,347.87221666666665,1668.1149999999998,1668.1149999999998,1668.1149999999998,833.3333333333333,0.0,2336.5246851851853,0.0
2025-07-24,0,132,22:00-22:10,750.6930833333332,0.0,0.503,0.5243616071428572,88.55083333333334,388.37459166666645,1672.5772499999998,1672.5772499999998,1672.5772499999998,833.3333333333333,0.0,3086.5246851851853,0.0
2025-07-24,0,133,22:10-22:20,795.9797666666666,0.0,0.5655,0.5866486607142859,92.26419999999996,373.06040833333327,888.2439666666666,888.2439666666666,888.2439666666666,0.0,0.0,3086.5246851851853,0.0
2025-07-24,0,134,22:20-22:30,790.4416666666666,0.0,0.5536,0.5758843749999999,91.98500000000001,355.23579166666656,1619.6214609053495,1619.6214609053495,1619.6214609053495,737.194794238683,0.0,3750.0,0.0
2025-07-24,0,135,22:30-22:40,799.9341666666666,0.0,0.5767,0.5976625000000001,91.18766666666659,310.9962333333333,891.1218333333331,891.1218333333331,891.1218333333331,0.0,0.0,3750.0,0.0
2025-07-24,0,136,22:40-22:50,810.1175666666666,0.0,0.5862,0.6065446428571428,61.23646666666673,283.48074166666663,871.3540333333333,871.3540333333333,871.3540333333333,0.0,0.0,3750.0,0.0
2025-07-24,0,137,22:50-23:00,810.975,0.0,0.5608,0.5826723214285715,64.72500000000002,237.78966666666656,875.7,875.7,875.7,0.0,0.0,3750.0,0.0
2025-07-24,0,138,23:00-23:10,808.4684166666666,0.0,0.5402,0.5637107142857143,85.78036666666674,176.31884583333317,1727.5821166666665,1727.5821166666665,1727.5821166666665,833.3333333333333,0.0,4500.0,0.0
2025-07-24,0,139,23:10-23:20,771.9609499999999,0.0,0.5284,0.551949107142857,107.55713333333347,156.29239166666656,1712.8514166666666,1712.8514166666666,1712.8514166666666,833.3333333333333,0.0,5250.0,0.0
2025-07-24,0,140,23:20-23:30,762.875,0.0,0.5532,0.5773464285714286,87.50833333333321,153.2118291666668,850.3833333333332,850.3833333333332,850.3833333333332,0.0,0.0,5250.0,0.0
2025-07-24,0,141,23:30-23:40,854.16495,0.0,0.6258,0.6541843749999999,98.58091666666667,117.71916250000004,952.7458666666666,952.7458666666666,952.7458666666666,0.0,0.0,5250.0,0.0
2025-07-24,0,142,23:40-23:50,776.4531666666667,0.0,0.5686,0.5970700892857141,74.72581666666667,83.196325,851.1789833333333,851.1789833333333,851.1789833333333,0.0,0.0,5250.0,0.0
2025-07-24,0,143,23:50-24:00,572.4566666666666,0.0,0.428,0.45221651785714306,90.43333333333334,47.13458333333324,1496.2233333333331,1496.2233333333331,1496.2233333333331,833.3333333333333,0.0,6000.0,0.0
2025-07-25,0,0,0:00-0:10,563.6898666666666,0.0,0.4294,0.4517388392857142,79.98968333333335,1085.5745369047613,0.0,0.0,0.0,0.0,643.67955,8062.589656402118,0.0
2025-07-25,0,1,0:10-0:20,599.8231,0.0,0.4368,0.4580343750000001,89.07933333333335,1119.638226190476,0.0,0.0,0.0,0.0,688.9024333333333,7297.142508253971,0.0
2025-07-25,0,2,0:20-0:30,593.3283333333333,0.0,0.4018,0.42205,80.45000000000005,1147.115755357143,673.7783333333333,673.7783333333333,673.7783333333333,0.0,0.0,7297.142508253971,0.0
2025-07-25,0,3,0:30-0:40,612.4972,0.0,0.4186,0.4423258928571429,85.22788333333335,1168.7053386904763,697.7250833333334,697.7250833333334,697.7250833333334,0.0,0.0,7297.142508253971,0.0
2025-07-25,0,4,0:40-0:50,611.9220833333333,0.0,0.4325,0.4577272321428571,86.42784999999992,1182.7825369047628,0.0,0.0,0.0,0.0,698.3499333333332,6521.198137883601,0.0
2025-07-25,0,5,0:50-1:00,597.68,0.0,0.4254,0.447854017857143,92.9899999999999,1242.5821660714294,0.0,0.0,0.0,0.0,690.6699999999998,5753.787026772489,0.0
2025-07-25,0,6,1:00-1:10,625.1315999999999,0.0,0.442,0.46137187500000004,94.26648333333333,1295.9591761904767,0.0,0.0,0.0,0.0,719.3980833333333,4954.455823068785,0.0
2025-07-25,0,7,1:10-1:20,623.1685833333333,0.0,0.4746,0.4917093750000001,90.53543333333346,1231.0792857142856,0.0,0.0,0.0,0.0,713.7040166666668,4161.4513601058225,0.0
2025-07-25,0,8,1:20-1:30,583.0766666666666,0.0,0.4878,0.505241517857143,75.85166666666669,1208.4608023809524,0.0,0.0,0.0,0.0,658.9283333333333,3429.30876751323,0.0
2025-07-25,0,9,1:30-1:40,570.7295833333333,0.0,0.4519,0.4727379464285714,77.4766166666667,1233.5035404761907,0.0,0.0,0.0,0.0,648.2062,2709.079656402119,0.0
2025-07-25,0,10,1:40-1:50,571.6297666666667,0.0,0.4109,0.428353125,78.1231166666667,1200.4257857142852,649.7528833333333,649.7528833333333,649.7528833333333,0.0,0.0,2709.079656402119,0.0
2025-07-25,0,11,1:50-2:00,571.155,0.0,0.3968,0.4089450892857143,85.69000000000005,1167.8205857142852,656.845,656.845,656.845,0.0,0.0,2709.079656402119,0.0
2025-07-25,0,12,2:00-2:10,577.1519999999999,0.0,0.407,0.42603660714285707,84.23035000000004,1167.7386363095238,661.38235,661.38235,661.38235,0.0,0.0,2709.079656402119,0.0
2025-07-25,0,13,2:10-2:20,601.1931666666667,0.0,0.4249,0.445765625,84.52453333333335,1157.7437005952377,478.73954673809305,478.73954673809305,478.73954673809305,0.0,206.978153261907,2479.1039305555555,0.0
2025-07-25,0,14,2:20-2:30,607.6566666666666,0.0,0.4318,0.4456866071428572,81.95000000000005,1151.1935375,670.4196285714287,670.4196285714287,670.4196285714287,0.0,19.18703809523802,2457.7849993386244,0.0
2025-07-25,0,15,2:30-2:40,553.4866333333333,0.0,0.4206,0.43217098214285693,40.73574999999994,1132.0064994047618,594.2223833333333,594.2223833333333,594.2223833333333,0.0,0.0,2457.7849993386244,0.0
2025-07-25,0,16,2:40-2:50,550.22775,0.0,0.4254,0.4359424107142857,45.49531666666667,1026.5747261904767,595.7230666666667,595.7230666666667,595.7230666666667,0.0,0.0,2457.7849993386244,0.0
2025-07-25,0,17,2:50-3:00,583.835,0.0,0.4307,0.4407674107142857,62.32166666666666,975.9965511904768,447.9705047619051,447.9705047619051,447.9705047619051,0.0,198.18616190476166,2237.578152777778,0.0
2025-07-25,0,18,3:00-3:10,535.6273666666666,0.0,0.3935,0.4072348214285713,64.89353333333344,933.8203375000005,600.5209,600.5209,600.5209,0.0,0.0,2237.578152777778,0.0
2025-07-25,0,19,3:10-3:20,520.6432,0.0,0.3926,0.4071816964285712,57.639766666666674,881.1870869047625,578.2829666666667,578.2829666666667,578.2829666666667,0.0,0.0,2237.578152777778,0.0
2025-07-25,0,20,3:20-3:30,559.4233333333333,0.0,0.4253,0.4368799107142856,53.32999999999993,844.6327994047625,601.0170821428571,601.0170821428571,601.0170821428571,0.0,11.736251190476105,2224.537873677249,0.0
2025-07-25,0,21,3:30-3:40,551.5728666666666,0.0011,0.4042,0.41445803571428563,44.70804047619049,820.6419660714291,596.2798071428572,596.2798071428572,596.2798071428572,0.0,0.0,2224.537873677249,0.0
2025-07-25,0,22,3:40-3:50,530.0306666666667,0.0,0.3546,0.3626316964285713,47.785283333333325,748.9794500000005,577.8159499999999,577.8159499999999,577.8159499999999,0.0,0.0,2224.537873677249,0.0
2025-07-25,0,23,3:50-4:00,520.1066666666666,0.0,0.3149,0.3206093750000001,37.98666666666668,641.6604416666671,1391.4266666666665,1391.4266666666665,1391.4266666666665,833.3333333333333,0.0,2974.537873677249,0.0
2025-07-25,0,24,4:00-4:10,514.5780666666667,0.015254761904761905,0.3092,0.31678839285714294,58.71650476190473,554.5733583333339,1406.61265,1406.61265,1406.61265,833.3333333333333,0.0,3724.537873677249,0.0
2025-07-25,0,25,4:10-4:20,543.3595,0.0,0.3645,0.37441696428571436,57.38581666666653,500.3252595238099,600.7453166666666,600.7453166666666,600.7453166666666,0.0,0.0,3724.537873677249,0.0
2025-07-25,0,26,4:20-4:30,569.165,0.0,0.4144,0.4234589285714286,51.418333333333294,458.9491928571431,620.5833333333333,620.5833333333333,620.5833333333333,0.0,0.0,3724.537873677249,0.0
2025-07-25,0,27,4:30-4:40,520.3796833333333,0.21248095238095235,0.3589,0.36378883928571415,61.28657142857139,413.8823880952382,581.4537738095238,581.4537738095238,581.4537738095238,0.0,0.0,3724.537873677249,0.0
2025-07-25,0,28,4:40-4:50,491.09278333333333,0.0,0.332,0.3344745535714286,38.33628333333331,367.47991369047617,1362.7623999999998,1362.7623999999998,1362.7623999999998,833.3333333333333,0.0,4474.537873677249,0.0
2025-07-25,0,29,4:50-5:00,508.57,0.0,0.3751,0.37970267857142853,68.01869047619044,314.33539345238023,576.5886904761904,576.5886904761904,576.5886904761904,0.0,0.0,4474.537873677249,0.0
2025-07-25,0,30,5:00-5:10,509.6332,8.101064285714287,0.4,0.4092299107142859,49.08228809523814,351.74655952380886,550.6144238095238,550.6144238095238,550.6144238095238,0.0,0.0,4474.537873677249,0.0
2025-07-25,0,31,5:10-5:20,505.18928333333326,30.942519047619044,0.4082,0.41813750000000016,47.63414761904767,394.4892803571424,521.8809119047619,521.8809119047619,521.8809119047619,0.0,0.0,4474.537873677249,0.0
2025-07-25,0,32,5:20-5:30,514.0216666666666,65.65714285714286,0.3767,0.38473080357142847,44.809464285714284,372.55735535714234,493.1739880952381,493.1739880952381,493.1739880952381,0.0,0.0,4474.537873677249,0.0
2025-07-25,0,33,5:30-5:40,535.5518333333333,101.6302357142857,0.3095,0.3196928571428571,44.40222142857158,416.1971505952377,1311.6571523809525,1311.6571523809525,1311.6571523809525,833.3333333333333,0.0,5224.537873677249,0.0
2025-07-25,0,34,5:40-5:50,540.7448499999999,138.16761666666665,0.4893,0.4991540178571428,40.94563095238095,484.8621303571423,0.0,0.0,0.0,0.0,443.52286428571426,4731.734691137566,0.0
2025-07-25,0,35,5:50-6:00,530.365,177.16160714285712,0.7754,0.781240625,40.39422619047616,570.5275773809519,0.0,0.0,0.0,0.0,393.59761904761905,4294.404003306879,0.0
2025-07-25,0,36,6:00-6:10,530.7612833333333,219.76298333333332,0.7277,0.732465625,31.444892857142918,651.6305571428568,0.0,0.0,0.0,0.0,342.4431928571429,3913.9115667989417,0.0
2025-07-25,0,37,6:10-6:20,524.0913666666667,264.2899904761905,0.6677,0.6764995535714283,36.86186666666674,663.716370833333,0.0,0.0,0.0,0.0,296.6632428571429,3584.2857414021164,0.0
2025-07-25,0,38,6:20-6:30,494.765,310.8410714285714,0.7014,0.7141687499999999,62.80000000000007,746.5575589285712,0.0,0.0,0.0,0.0,246.72392857142864,3310.1480429894177,0.0
2025-07-25,0,39,6:30-6:40,459.74496666666664,359.86599523809525,0.6191,0.6289174107142858,57.65068095238098,890.8418029761903,0.0,0.0,0.0,0.0,157.52965238095237,3135.115095899471,0.0
2025-07-25,0,40,6:40-6:50,505.3072666666667,403.8084476190477,0.5833,0.5937049107142858,50.46275952380961,958.9279398809523,0.0,0.0,0.0,0.0,151.96157857142862,2966.2688974867724,0.0
2025-07-25,0,41,6:50-7:00,596.52,445.4124999999999,0.6361,0.6519941964285714,54.06619047619051,1002.2622517857142,0.0,0.0,0.0,0.0,205.1736904761906,2738.298130291005,0.0
2025-07-25,0,42,7:00-7:10,606.2493999999999,494.6180761904762,0.6351,0.6516857142857143,43.59261190476184,1057.495793452381,0.0,0.0,0.0,0.0,155.22393571428557,2565.8270906084654,0.0
2025-07-25,0,43,7:10-7:20,589.65225,541.4995047619047,0.574,0.5868450892857142,46.8959261904763,1078.6022089285714,0.0,0.0,0.0,0.0,95.04867142857154,2460.2174556878304,0.0
2025-07-25,0,44,7:20-7:30,593.3699999999999,586.2294642857142,0.5161,0.5270955357142857,51.18595238095236,1074.7326446428572,0.0,0.0,0.0,0.0,58.326488095238005,2395.4102466931213,0.0
2025-07-25,0,45,7:30-7:40,609.1406999999999,638.9942095238094,0.5488,0.5652361607142855,50.8747761904761,1069.8604125,0.0,0.0,0.0,0.0,21.02126666666652,2372.0532837301585,0.0
2025-07-25,0,46,7:40-7:50,630.81795,689.6934380952381,0.7155,0.7336549107142858,64.11464523809536,1054.8479553571426,0.0,0.0,0.0,-2.9556604077798612e-12,6.144168452377396,2365.226429894181,0.0
2025-07-25,0,47,7:50-8:00,637.3466666666666,733.4553571428571,0.8873,0.901328125,64.90505952380954,1048.703786904762,0.0,0.0,0.0,31.20363095238099,0.0,2393.3096977513237,0.0
2025-07-25,0,48,8:00-8:10,609.68605,775.6958595238094,0.8673,0.8798607142857141,58.21193571428569,1049.7133327380952,0.0,0.0,0.0,107.79787380952408,0.0,2490.3277841798954,0.0
2025-07-25,0,49,8:10-8:20,598.1131,820.8655404761905,0.8206,0.8333000000000002,59.84654523809513,1064.4713375,0.0,0.0,0.0,162.90589523809535,0.0,2636.9430898941814,0.0
2025-07-25,0,50,8:20-8:30,603.6533333333333,867.4276785714285,0.8121,0.8263808035714286,81.22470238095252,1086.8370744047616,0.0,0.0,0.0,182.54964285714266,-0.0,2801.23776846561,0.0
2025-07-25,0,51,8:30-8:40,589.0154166666666,908.9369666666668,0.7613,0.7798299107142858,71.32669047619038,1123.7157797619045,0.0,0.0,0.0,248.59485952380976,-0.0,3024.9731420370385,0.0
2025-07-25,0,52,8:40-8:50,625.6349499999999,942.2930452380953,0.7681,0.7870004464285715,78.94549047619029,1135.3329541666665,0.0,0.0,0.0,237.71260476190503,0.0,3238.9144863227534,0.0
2025-07-25,0,53,8:50-9:00,698.3166666666666,975.6535714285712,0.8127,0.8293209821428567,94.84428571428577,1136.951932738095,0.0,0.0,0.0,182.49261904761886,0.0,3403.1578434656103,0.0
2025-07-25,0,54,9:00-9:10,712.07825,1019.9974904761904,0.7681,0.7874852678571426,102.46165714285712,1138.1362005952378,0.0,0.0,0.0,0.0,833.3333333333333,2477.231917539685,0.0
2025-07-25,0,55,9:10-9:20,708.8632666666667,1057.140907142857,0.7441,0.7659906250000003,91.54188095238084,1142.9418154761902,0.0,0.0,0.0,0.0,27.750118047621417,2446.398453042328,0.0
2025-07-25,0,56,9:20-9:30,718.0749999999999,1084.0580357142853,0.7719,0.7916142857142857,74.82285714285717,1121.7586077380947,0.0,0.0,0.0,291.1601785714282,0.0,2708.4426137566134,0.0
2025-07-25,0,57,9:30-9:40,719.8390333333333,1114.331976190476,0.7831,0.799570535714286,84.92055952380977,1198.0515988095233,0.0,0.0,0.0,309.57238333333294,-0.0,2987.057758756613,0.0
2025-07-25,0,58,9:40-9:50,692.0419333333332,1138.7973238095237,0.8634,0.8928459821428572,87.23954285714291,1274.9938416666664,0.0,0.0,0.0,0.0,443.53762514285745,2494.238175264549,0.0
2025-07-25,0,59,9:50-10:00,675.0983333333334,1166.61875,0.9672,1.0183250000000004,97.51208333333346,1164.814357738095,0.0,0.0,0.0,394.0083333333332,0.0,2848.8456752645493,0.0
2025-07-25,0,60,10:00-10:10,724.2140166666666,1212.7635119047618,0.9438,0.9987919642857143,90.04415238095243,1067.2254904761905,0.0,0.0,0.0,0.0,488.94719940476125,2305.571009259259,0.0
2025-07-25,0,61,10:10-10:20,711.888,1222.28055,0.9049,0.9560366071428572,89.42712857142851,995.0139083333331,0.0,0.0,0.0,79.08631540270393,0.0,2376.7486931216927,0.0
2025-07-25,0,62,10:20-10:30,654.6433333333333,1211.924107142857,0.9562,1.007466964285714,85.67422619047613,1059.0738238095234,0.0,0.0,0.0,15.581029541445888,0.0,2390.771619708994,0.0
2025-07-25,0,63,10:30-10:40,694.0156,1255.8002857142856,1.0379,1.0925857142857145,116.19825000000031,1071.6944577380948,0.0,0.0,0.0,0.0,-0.0,2390.771619709,0.0
2025-07-25,0,64,10:40-10:50,716.4230333333333,1301.696176190476,0.7518,0.7952267857142855,115.0873738095238,1034.1578279761904,0.0,0.0,0.0,470.18576904761903,0.0,2813.938811851857,0.0
2025-07-25,0,65,10:50-11:00,687.6866666666666,1312.1526785714284,0.3031,0.3269602678571428,119.40797619047635,1009.3600190476188,0.0,0.0,0.0,293.97741778816567,0.0,3078.5184878612054,0.0
2025-07-25,0,66,11:00-11:10,692.1230499999999,1301.8284452380951,0.3199,0.3414674107142856,137.10087619047613,1029.6904952380953,0.0,0.0,0.0,472.6045190476191,0.0,3503.8625550040624,0.0
2025-07-25,0,67,11:10-11:20,707.4780000000001,1303.0444047619046,0.3956,0.42097321428571427,119.46776666666665,1269.9264125000004,0.0,0.0,0.0,476.0986380952379,0.0,3932.3513292897765,0.0
2025-07-25,0,68,11:20-11:30,695.6366666666665,1316.9178571428572,0.3341,0.3599915178571429,128.45107142857142,1604.0240059523808,0.0,0.0,0.0,492.8301190476194,-0.0,4375.898436432633,0.0
2025-07-25,0,69,11:30-11:40,654.8038166666666,1319.6712738095239,0.3439,0.36900401785714276,163.40148809523808,1778.0079047619042,0.0,0.0,0.0,501.4659690476192,0.0,4827.21780857549,0.0
2025-07-25,0,70,11:40-11:50,673.5739666666666,1327.4854095238095,0.3521,0.3775075892857143,174.5667595238097,1906.521995833333,0.0,0.0,0.0,479.34468333333336,-0.0,5258.62802357549,0.0
2025-07-25,0,71,11:50-12:00,740.7133333333333,1347.3696428571427,0.3405,0.3677383928571429,159.4188690476189,1995.1610238095236,0.0,0.0,0.0,447.2374404761906,0.0,5661.141720004061,0.0
2025-07-25,0,72,12:00-12:10,751.5419333333332,1366.2283785714285,0.3803,0.4087142857142857,146.70710476190465,2043.7343738095233,0.0,0.0,0.0,467.97934047619054,-0.0,6082.323126432633,0.0
2025-07-25,0,73,12:10-12:20,717.33545,1369.2510071428571,0.3822,0.4065214285714284,153.39800714285707,2078.2899678571425,0.0,0.0,0.0,498.51755,0.0,6530.988921432633,0.0
2025-07-25,0,74,12:20-12:30,692.925,1353.1973214285713,0.3314,0.3532919642857143,153.805892857143,2143.0079190476185,0.0,0.0,0.0,506.46642857142837,-0.0,6986.808707146919,0.0
2025-07-25,0,75,12:30-12:40,716.8857166666667,1329.8469880952382,0.3238,0.3558776785714285,154.28699999999998,2192.656073809524,0.0,0.0,0.0,458.6742714285715,0.0,7399.615551432634,0.0
2025-07-25,0,76,12:40-12:50,714.5107666666665,1322.3707285714286,0.4286,0.4630419642857141,168.97509761904743,2252.9623720238087,0.0,0.0,0.0,438.88486428571457,-0.0,7794.611929289777,0.0
2025-07-25,0,77,12:50-13:00,688.0083333333333,1321.3741071428572,0.5858,0.6135968749999999,160.7866666666667,2293.157933928571,0.0,0.0,0.0,472.57910714285714,0.0,8219.933125718351,0.0
2025-07-25,0,78,13:00-13:10,711.2185833333333,1294.197514285714,0.6549,0.6856187499999999,132.98510476190484,2247.693782142857,0.0,0.0,0.0,449.993826190476,0.0,8624.927569289779,0.0
2025-07-25,0,79,13:10-13:20,726.4514666666666,1255.95005,0.6564,0.6890727678571429,143.95951904761895,2216.107441071428,0.0,0.0,0.0,385.5390642857142,0.0,8971.912727143128,0.0
2025-07-25,0,80,13:20-13:30,720.8066666666666,1227.1482142857142,0.6464,0.6772977678571428,133.79630952380936,2151.550635119048,0.0,0.0,0.0,372.5452380952382,0.0,9307.203441428843,0.0
2025-07-25,0,81,13:30-13:40,738.3312666666667,1215.8321142857144,0.6759,0.7120517857142857,131.9946357142858,2034.8806499999998,0.0,0.0,0.0,345.5062119047619,-0.0,9618.159032143129,0.0
2025-07-25,0,82,13:40-13:50,738.4696999999999,1208.0150190476193,0.7961,0.8475026785714288,121.31545238095231,1913.9976749999998,0.0,0.0,0.0,348.229866666667,0.0,9931.565912143129,0.0
2025-07-25,0,83,13:50-14:00,725.2833333333333,1188.5732142857144,0.9404,1.007814285714286,124.71714285714262,1810.1980476190474,0.0,0.0,0.0,338.5727380952385,-0.0,10236.281376428844,0.0
2025-07-25,0,84,14:00-14:10,749.1518833333332,1151.2558619047618,0.9835,1.0537013392857146,120.03230952380954,1709.6611130952376,0.0,0.0,0.0,0.0,0.0,10236.281376428844,0.0
2025-07-25,0,85,14:10-14:20,779.8260333333333,1107.8116119047618,1.0266,1.0934928571428573,124.54932619047588,1530.7258279761897,0.0,0.0,0.0,203.43625238095262,-0.0,10419.3740035717,0.0
2025-07-25,0,86,14:20-14:30,780.5566666666666,1067.2205357142857,1.1009,1.1673629464285715,138.99988095238123,1362.3139476190468,0.0,0.0,0.0,147.66398809523793,0.0,10552.271592857422,0.0
2025-07-25,0,87,14:30-14:40,748.1452166666666,1028.8056857142856,1.0954,1.1652727678571426,163.29961666666665,1275.6230696428565,0.0,0.0,0.0,117.36085238095235,-0.0,10657.896360000279,0.0
2025-07-25,0,88,14:40-14:50,751.6584333333333,983.0571285714287,0.852,0.9132339285714285,150.03054761904752,1178.9895273809516,0.0,0.0,0.0,81.36814761896558,0.0,10731.127692857348,0.0
2025-07-25,0,89,14:50-15:00,778.4733333333334,939.0410714285714,0.5347,0.5781200892857142,126.89988095238111,1114.5946095238087,0.0,0.0,0.0,33.66785714285688,-0.0,10761.428764285567,0.0
2025-07-25,0,90,15:00-15:10,752.815,913.433842857143,0.4996,0.5365571428571428,117.76191428571425,1149.5543863095231,0.0,0.0,0.0,42.856928571428625,0.0,10799.999999999853,0.0
2025-07-25,0,91,15:10-15:20,740.9631333333333,872.654269047619,0.5544,0.5953674107142858,112.08676428571437,1162.6479047619034,0.0,0.0,0.0,1.6475354414069443e-10,-0.0,10800.0,0.0
2025-07-25,0,92,15:20-15:30,760.9566666666666,818.6062499999999,0.5574,0.602975,128.7717261904763,1123.7311214285703,71.12214285714299,71.12214285714299,71.12214285714299,0.0,0.0,10800.0,0.0
2025-07-25,0,93,15:30-15:40,768.3257833333333,786.0193666666665,0.5619,0.6033767857142858,103.51314047619047,1082.2435916666657,85.8195571428572,85.8195571428572,85.8195571428572,0.0,0.0,10800.0,0.0
2025-07-25,0,94,15:40-15:50,803.8423833333333,749.3282190476189,0.6308,0.6659357142857144,92.85213333333343,1013.1001107142855,147.36629761904783,147.36629761904783,147.36629761904783,0.0,0.0,10800.0,0.0
2025-07-25,0,95,15:50-16:00,836.8183333333333,701.71875,0.7106,0.7432714285714288,102.86339285714291,1052.3806660714285,237.96297619047618,237.96297619047618,237.96297619047618,0.0,-0.0,10800.0,0.0
2025-07-25,0,96,16:00-16:10,784.8338666666666,662.6460404761905,0.6845,0.7186919642857144,76.94884523809526,1031.1974220238096,199.1366714285714,199.1366714285714,199.1366714285714,0.0,0.0,10800.0,0.0
2025-07-25,0,97,16:10-16:20,730.5061499999999,619.9968738095238,0.6442,0.6774397321428574,82.64905714285703,1008.2681738095239,193.1583333333332,193.1583333333332,193.1583333333332,0.0,0.0,10800.0,0.0
2025-07-25,0,98,16:20-16:30,733.9583333333333,571.0776785714286,0.6597,0.6895299107142857,99.80898809523819,1020.2820184523812,262.68964285714287,262.68964285714287,262.68964285714287,0.0,0.0,10800.0,0.0
2025-07-25,0,99,16:30-16:40,769.0942833333334,525.8009023809524,0.7082,0.7380937500000002,91.21431904761914,901.1718410714288,334.5077000000001,334.5077000000001,334.5077000000001,0.0,0.0,10800.0,0.0
2025-07-25,0,100,16:40-16:50,731.0733666666666,474.4818,0.7016,0.7326254464285714,108.49528333333336,751.7586880952381,365.0868499999999,365.0868499999999,365.0868499999999,0.0,0.0,10800.0,0.0
2025-07-25,0,101,16:50-17:00,655.3616666666667,419.08660714285713,0.6664,0.6971160714285712,103.62773809523787,711.3629410714288,339.9027976190474,339.9027976190474,339.9027976190474,0.0,0.0,10800.0,0.0
2025-07-25,0,102,17:00-17:10,674.9312,373.70614523809525,0.7125,0.7416071428571429,94.31417380952382,755.6116244047614,395.53922857142857,395.53922857142857,395.53922857142857,-0.0,0.0,10800.0,0.0
2025-07-25,0,103,17:10-17:20,682.0285166666666,334.03053095238096,0.7657,0.794360267857143,108.62762619047635,784.5747999999995,456.625611904762,456.625611904762,456.625611904762,0.0,0.0,10800.0,0.0
2025-07-25,0,104,17:20-17:30,651.9966666666667,292.775,0.7779,0.8066232142857145,101.7292261904762,875.4915452380948,460.9508928571429,460.9508928571429,460.9508928571429,0.0,0.0,10800.0,0.0
2025-07-25,0,105,17:30-17:40,673.2251,247.21978809523807,0.7978,0.8243374999999998,101.89284523809522,877.8784077380947,527.8981571428571,527.8981571428571,527.8981571428571,0.0,0.0,10800.0,0.0
2025-07-25,0,106,17:40-17:50,707.57195,205.27877142857142,0.9601,0.9854843749999999,88.53076904761895,871.6861619047612,590.8239476190475,590.8239476190475,590.8239476190475,0.0,0.0,10800.0,0.0
2025-07-25,0,107,17:50-18:00,715.4133333333332,168.64642857142854,1.1637,1.1877571428571427,82.97720238095246,854.1983946428564,629.744107142857,629.744107142857,629.744107142857,0.0,0.0,10800.0,0.0
2025-07-25,0,108,18:00-18:10,696.3646666666666,131.87130714285712,1.1657,1.1843852678571427,74.70435952380956,784.7803154761899,639.1977190476191,639.1977190476191,639.1977190476191,0.0,0.0,10800.0,0.0
2025-07-25,0,109,18:10-18:20,678.9209,96.2296761904762,1.1679,1.1859616071428571,81.1401428571429,781.3661071428568,663.8313666666667,663.8313666666667,663.8313666666667,0.0,0.0,10800.0,0.0
2025-07-25,0,110,18:20-18:30,673.425,62.03839285714285,1.2274,1.2472883928571432,85.26964285714268,817.4443071428562,696.6562499999998,696.6562499999998,696.6562499999998,0.0,0.0,10800.0,0.0
2025-07-25,0,111,18:30-18:40,667.9919,29.359814285714286,1.2193,1.2353357142857144,82.48478809523817,809.4364202380943,721.1168738095239,721.1168738095239,721.1168738095239,0.0,0.0,10800.0,0.0
2025-07-25,0,112,18:40-18:50,662.3530333333333,7.783702380952379,1.3151,1.3457977678571431,99.48220238095246,735.8990577380946,754.0515333333334,754.0515333333334,754.0515333333334,0.0,-0.0,10800.0,0.0
2025-07-25,0,113,18:50-19:00,669.3516666666667,0.0,1.4855,1.5419406250000003,82.71523809523819,826.0983214285709,0.0,0.0,0.0,0.0,752.0669047619049,9964.370105820106,0.0
2025-07-25,0,114,19:00-19:10,703.1121499999999,0.0,1.5086,1.5674535714285711,79.10781666666674,848.8593184523804,0.0,0.0,0.0,0.0,782.2199666666667,9095.236809523809,0.0
2025-07-25,0,115,19:10-19:20,742.35785,0.20665952380952382,1.4982,1.5524901785714291,78.6534095238095,778.7649607142855,0.0,0.0,0.0,0.0,820.8045999999999,8183.231698412698,0.0
2025-07-25,0,116,19:20-19:30,738.7749999999999,0.0,1.5073,1.5615781249999998,77.27999999999986,788.4830130952378,0.0,0.0,0.0,0.0,816.0549999999997,7276.503920634921,0.0
2025-07-25,0,117,19:30-19:40,665.5903833333333,0.0,1.4754,1.5293124999999996,67.91159999999991,805.6710047619046,0.0,0.0,0.0,0.0,733.5019833333332,6461.501716931218,0.0
2025-07-25,0,118,19:40-19:50,647.7256666666666,0.014835714285714285,1.4749,1.5290825892857143,69.00076428571435,777.8888047619043,0.0,0.0,0.0,0.0,716.7115952380952,5665.155500000001,0.0
2025-07-25,0,119,19:50-20:00,694.0249999999999,0.0,1.5141,1.5700986607142862,78.40499999999997,736.9533113095235,0.0,0.0,0.0,0.0,772.4299999999998,4806.899944444445,0.0
2025-07-25,0,120,20:00-20:10,696.5997833333332,0.0,1.5168,1.574494642857143,99.9435666666667,697.3129130952375,0.0,0.0,0.0,0.0,796.5433499999999,3921.851777777779,0.0
2025-07-25,0,121,20:10-20:20,694.78545,0.001061904761904762,1.4687,1.523672767857143,96.27160476190488,697.2781672619042,0.0,0.0,0.0,0.0,791.055992857143,3042.9006746031755,0.0
2025-07-25,0,122,20:20-20:30,706.25,0.0,1.4704,1.523634821428571,115.10166666666657,672.1853351190474,485.2503821428558,485.2503821428558,485.2503821428558,0.0,336.10128452381076,2669.4548029100524,0.0
2025-07-25,0,123,20:30-20:40,697.74835,0.0,1.5835,1.642791964285714,76.76946666666674,628.9399184523805,0.0,0.0,0.0,0.0,774.5178166666667,1808.8794510582006,0.0
2025-07-25,0,124,20:40-20:50,674.1261999999999,0.0,1.3503,1.396220535714286,56.475742857142905,547.9915059523806,671.2444535714286,671.2444535714286,671.2444535714286,0.0,59.357489285714195,1742.9266851851849,0.0
2025-07-25,0,125,20:50-21:00,674.7816666666666,0.0,0.9162,0.9366379464285712,84.01333333333332,488.6340166666665,762.8167078189299,762.8167078189299,762.8167078189299,4.021707818929928,0.0,1746.5462222222218,0.0
2025-07-25,0,126,21:00-21:10,726.8774666666666,0.0,0.9066,0.9262709821428573,89.22528333333344,491.8915999999996,849.1932283950624,849.1932283950624,849.1932283950624,33.09047839506244,0.0,1776.327652777778,0.0
2025-07-25,0,127,21:10-21:20,718.5337333333333,0.0,0.9519,0.9784709821428571,87.38498333333337,501.7616208333331,805.9187166666667,805.9187166666667,805.9187166666667,0.0,0.0,1776.327652777778,0.0
2025-07-25,0,128,21:20-21:30,670.5866666666666,0.0,0.8956,0.9214522321428571,88.15166666666664,518.6948875,758.7383333333332,758.7383333333332,758.7383333333332,0.0,0.0,1776.327652777778,0.0
2025-07-25,0,129,21:30-21:40,704.8766,0.0,0.9302,0.9503575892857142,77.11993333333339,478.0615541666666,669.1125583333333,669.1125583333333,669.1125583333333,0.0,112.88397500000019,1650.9010138888889,0.0
2025-07-25,0,130,21:40-21:50,685.3502166666667,0.0,0.7832,0.803159375,54.514850000000024,405.8109125,671.9212875000002,671.9212875000002,671.9212875000002,0.0,67.94377916666653,1575.407925925926,0.0
2025-07-25,0,131,21:50-22:00,615.9233333333333,0.0,0.4925,0.5168665178571429,96.0233333333332,337.8671333333334,761.9495987654317,761.9495987654317,761.9495987654317,50.002932098765186,0.0,1620.4105648148147,0.0
2025-07-25,0,132,22:00-22:10,643.29815,0.0,0.4132,0.43653214285714287,94.82386666666673,378.3695083333332,1571.45535,1571.45535,1571.45535,833.3333333333333,0.0,2370.4105648148147,0.0
2025-07-25,0,133,22:10-22:20,665.5137,0.0,0.4457,0.4680571428571428,92.26419999999996,369.3283583333334,1591.111233333333,1591.111233333333,1591.111233333333,833.3333333333333,0.0,3120.4105648148147,0.0
2025-07-25,0,134,22:20-22:30,637.5433333333333,0.0,0.4654,0.4885312499999999,91.98500000000001,351.5037416666667,729.5283333333333,729.5283333333333,729.5283333333333,0.0,0.0,3120.4105648148147,0.0
2025-07-25,0,135,22:30-22:40,624.6516999999999,0.0,0.4582,0.47962500000000013,91.18766666666659,307.26418333333345,1415.3831835390945,1415.3831835390945,1415.3831835390945,699.543816872428,0.0,3750.0,0.0
2025-07-25,0,136,22:40-22:50,646.0156833333333,0.0,0.4742,0.4947129464285712,61.23646666666673,279.7486916666668,707.25215,707.25215,707.25215,0.0,0.0,3750.0,0.0
2025-07-25,0,137,22:50-23:00,667.3416666666667,0.0,0.4966,0.5183468750000002,64.72500000000002,234.05761666666672,732.0666666666667,732.0666666666667,732.0666666666667,0.0,0.0,3750.0,0.0
2025-07-25,0,138,23:00-23:10,639.7486166666666,0.0,0.46,0.48303883928571406,85.78036666666674,172.58679583333333,725.5289833333334,725.5289833333334,725.5289833333334,0.0,0.0,3750.0,0.0
2025-07-25,0,139,23:10-23:20,616.3191333333333,0.0,0.4271,0.45118750000000013,111.28918333333331,152.56034166666672,1560.9416499999998,1560.9416499999998,1560.9416499999998,833.3333333333333,0.0,4500.0,0.0
2025-07-25,0,140,23:20-23:30,627.26,0.0,0.4453,0.4705321428571427,87.50833333333321,153.2118291666668,1548.1016666666665,1548.1016666666665,1548.1016666666665,833.3333333333333,0.0,5250.0,0.0
2025-07-25,0,141,23:30-23:40,646.1202166666667,0.0,0.4951,0.5215142857142857,98.58091666666667,117.71916250000004,744.7011333333334,744.7011333333334,744.7011333333334,0.0,0.0,5250.0,0.0
2025-07-25,0,142,23:40-23:50,619.0581666666667,0.0,0.4884,0.5138857142857145,74.72581666666667,83.196325,693.7839833333334,693.7839833333334,693.7839833333334,0.0,0.0,5250.0,0.0
2025-07-25,0,143,23:50-24:00,576.655,0.0,0.4354,0.45901116071428577,90.43333333333334,47.13458333333324,1500.4216666666666,1500.4216666666666,1500.4216666666666,833.3333333333333,0.0,6000.0,0.0
2025-07-26,0,0,0:00-0:10,598.94985,0.0,0.4317,0.4550191964285716,79.98968333333335,1112.185482142857,678.9395333333333,678.9395333333333,678.9395333333333,0.0,0.0,8382.96542466931,0.0
2025-07-26,0,1,0:10-0:20,606.0553,0.0,0.4565,0.4792705357142856,89.07933333333335,1150.6443142857142,0.0,0.0,0.0,0.0,695.1346333333333,7610.593609854495,0.0
2025-07-26,0,2,0:20-0:30,594.8916666666667,0.0,0.479,0.5004348214285715,80.45000000000005,1178.1218434523812,0.0,0.0,0.0,0.0,675.3416666666667,6860.213980224866,0.0
2025-07-26,0,3,0:30-0:40,632.7982333333333,0.0,0.4836,0.5072785714285716,85.22788333333335,1199.7114267857146,0.0,0.0,0.0,0.0,718.0261166666667,6062.40718392857,0.0
2025-07-26,0,4,0:40-0:50,605.9472833333333,0.0,0.4406,0.4659200892857144,86.42784999999992,1213.788625000001,692.3751333333332,692.3751333333332,692.3751333333332,0.0,0.0,6062.40718392857,0.0
2025-07-26,0,5,0:50-1:00,542.8199999999999,0.0,0.4029,0.4265647321428569,92.9899999999999,1273.0168875000008,635.8099999999998,635.8099999999998,635.8099999999998,0.0,0.0,6062.40718392857,0.0
2025-07-26,0,6,1:00-1:10,592.5532166666667,0.0,0.4595,0.4794267857142859,94.26648333333333,1326.3938976190484,0.0,0.0,0.0,0.0,686.8197,5299.27418392857,0.0
2025-07-26,0,7,1:10-1:20,636.7292833333333,0.0,0.5001,0.5160874999999999,90.53543333333346,1261.13255,0.0,0.0,0.0,0.0,727.2647166666668,4491.202276521162,0.0
2025-07-26,0,8,1:20-1:30,610.8783333333333,0.0,0.4786,0.4939660714285715,75.85166666666669,1238.514066666667,0.0,0.0,0.0,0.0,686.73,3728.168943187829,0.0
2025-07-26,0,9,1:30-1:40,570.4773,0.0,0.4467,0.4662732142857143,77.4766166666667,1263.5568047619051,235.72846482143075,235.72846482143075,235.72846482143075,0.0,412.22545184523597,3270.140663359789,0.0
2025-07-26,0,10,1:40-1:50,556.8705166666666,0.0,0.3903,0.4071258928571429,78.1231166666667,1230.47905,634.9936333333333,634.9936333333333,634.9936333333333,0.0,0.0,3270.140663359789,0.0
2025-07-26,0,11,1:50-2:00,554.8566666666666,0.0,0.3566,0.36766517857142855,93.64999999999998,1197.87385,1481.8399999999997,1481.8399999999997,1481.8399999999997,833.3333333333333,0.0,4020.140663359789,0.0
2025-07-26,0,12,2:00-2:10,531.0193166666666,0.0,0.4227,0.4400816964285715,84.23035000000004,1205.751900595238,615.2496666666666,615.2496666666666,615.2496666666666,0.0,0.0,4020.140663359789,0.0
2025-07-26,0,13,2:10-2:20,577.9773,0.0,0.4755,0.4953620535714284,84.52453333333335,1195.7569648809524,0.0,0.0,0.0,0.0,662.5018333333334,3284.0275152116405,0.0
2025-07-26,0,14,2:20-2:30,644.0783333333333,0.0,0.4627,0.47695982142857135,71.73833333333334,1189.2068017857146,0.0,0.0,0.0,0.0,715.8166666666666,2488.675663359789,0.0
2025-07-26,0,15,2:30-2:40,583.1365999999999,0.0,0.4371,0.44928794642857117,40.73574999999994,1159.8080970238098,623.8723499999999,623.8723499999999,623.8723499999999,0.0,0.0,2488.675663359789,0.0
2025-07-26,0,16,2:40-2:50,565.78,0.0,0.4325,0.4430691964285715,45.49531666666667,1054.3763238095248,611.2753166666666,611.2753166666666,611.2753166666666,0.0,0.0,2488.675663359789,0.0
2025-07-26,0,17,2:50-3:00,606.1883333333333,0.0,0.4457,0.45541741071428576,62.32166666666666,1003.7981488095246,498.1272250000011,498.1272250000011,498.1272250000011,0.0,170.38277499999893,2299.3614689153455,0.0
2025-07-26,0,18,3:00-3:10,552.1668166666666,0.0,0.4412,0.4550066964285713,46.894804761904766,961.6219351190484,599.0616214285714,599.0616214285714,599.0616214285714,0.0,0.0,2299.3614689153455,0.0
2025-07-26,0,19,3:10-3:20,529.3364999999999,0.0,0.3829,0.39698124999999995,57.639766666666674,890.9899559523817,586.9762666666666,586.9762666666666,586.9762666666666,0.0,0.0,2299.3614689153455,0.0
2025-07-26,0,20,3:20-3:30,575.1516666666666,0.0,0.3461,0.35630267857142855,53.32999999999993,854.4356684523816,1461.8149999999998,1461.8149999999998,1461.8149999999998,833.3333333333333,0.0,3049.3614689153455,0.0
2025-07-26,0,21,3:30-3:40,587.42585,0.0008571428571428571,0.4368,0.44712321428571433,44.70804047619049,830.4448351190483,632.1330333333333,632.1330333333333,632.1330333333333,0.0,0.0,3049.3614689153455,0.0
2025-07-26,0,22,3:40-3:50,548.5108499999999,0.0,0.4518,0.46171294642857147,41.42473333333328,758.7823190476197,0.0,0.0,0.0,0.0,589.9355833333332,2393.877487433864,0.0
2025-07-26,0,23,3:50-4:00,513.1366666666667,0.0,0.377,0.3855120535714285,37.98666666666668,645.1027607142862,551.1233333333333,551.1233333333333,551.1233333333333,0.0,0.0,2393.877487433864,0.0
2025-07-26,0,24,4:00-4:10,548.93125,0.0119,0.3944,0.40509107142857154,54.32136190476194,558.015677380953,603.240711904762,603.240711904762,603.240711904762,0.0,0.0,2393.877487433864,0.0
2025-07-26,0,25,4:10-4:20,580.29,0.0,0.4046,0.4163491071428571,57.38581666666653,499.3724357142862,637.6758166666665,637.6758166666665,637.6758166666665,0.0,0.0,2393.877487433864,0.0
2025-07-26,0,26,4:20-4:30,565.9399999999999,0.0,0.3652,0.37446830357142863,51.418333333333294,457.9963690476194,617.3583333333332,617.3583333333332,617.3583333333332,0.0,0.0,2393.877487433864,0.0
2025-07-26,0,27,4:30-4:40,536.7189,0.16575714285714283,0.3483,0.3538651785714285,61.28657142857139,412.9295642857145,1431.1730476190473,1431.1730476190473,1431.1730476190473,833.3333333333333,0.0,3143.877487433864,0.0
2025-07-26,0,28,4:40-4:50,527.7366833333333,0.0,0.3602,0.36352187499999994,38.90764999999999,366.5270898809525,1399.9776666666667,1399.9776666666667,1399.9776666666667,833.3333333333333,0.0,3893.877487433864,0.0
2025-07-26,0,29,4:50-5:00,541.7249999999999,0.0,0.3791,0.38396250000000015,68.01869047619044,313.9539363095232,609.7436904761903,609.7436904761903,609.7436904761903,0.0,0.0,3893.877487433864,0.0
2025-07-26,0,30,5:00-5:10,554.9832666666666,6.902395238095238,0.3865,0.3964495535714286,49.46374523809516,343.32883809523764,597.5446166666666,597.5446166666666,597.5446166666666,0.0,0.0,3893.877487433864,0.0
2025-07-26,0,31,5:10-5:20,567.6330333333333,28.65905,0.4167,0.4270973214285713,47.63414761904767,388.46208214285673,586.608130952381,586.608130952381,586.608130952381,0.0,0.0,3893.877487433864,0.0
2025-07-26,0,32,5:20-5:30,560.4616666666666,63.14375,0.4033,0.41065178571428546,44.809464285714284,367.4762464285711,542.1273809523809,542.1273809523809,542.1273809523809,0.0,0.0,3893.877487433864,0.0
2025-07-26,0,33,5:30-5:40,507.9244166666666,99.44708095238094,0.2817,0.2908986607142858,44.40222142857158,408.16088630952345,1286.2128904761905,1286.2128904761905,1286.2128904761905,833.3333333333333,0.0,4643.877487433864,0.0
2025-07-26,0,34,5:40-5:50,460.5217666666666,136.2896,0.4216,0.43007053571428583,40.94563095238095,476.8258660714281,365.17779761904757,365.17779761904757,365.17779761904757,0.0,0.0,4643.877487433864,0.0
2025-07-26,0,35,5:50-6:00,460.2683333333333,175.16071428571428,0.7148,0.7190415178571429,40.39422619047616,562.4913130952377,0.0,0.0,0.0,0.0,325.5018452380952,4282.208770502647,0.0
2025-07-26,0,36,6:00-6:10,501.1071,217.47186428571425,0.6688,0.673108482142857,31.444892857142918,643.5942928571426,0.0,0.0,0.0,0.0,315.08012857142876,3932.119738756615,0.0
2025-07-26,0,37,6:10-6:20,501.4339333333333,263.3149785714286,0.5886,0.5971620535714283,36.86186666666674,655.6801065476188,0.0,0.0,0.0,0.0,274.9808214285715,3626.585492724869,0.0
2025-07-26,0,38,6:20-6:30,488.99499999999995,311.2178571428571,0.6313,0.6426339285714284,62.80000000000007,738.521294642857,0.0,0.0,0.0,0.0,240.57714285714297,3359.277556216932,0.0
2025-07-26,0,39,6:30-6:40,561.2359166666666,358.51583809523805,0.644,0.6517785714285715,57.65068095238098,878.3755238095237,0.0,0.0,0.0,0.0,260.37075952380957,3069.976712301588,0.0
2025-07-26,0,40,6:40-6:50,590.2056,402.9276166666666,0.6471,0.6566598214285715,50.46275952380961,944.5583684523812,0.0,0.0,0.0,0.0,237.740742857143,2805.8203313492068,0.0
2025-07-26,0,41,6:50-7:00,561.5683333333333,447.4428571428572,0.6512,0.6676839285714287,54.06619047619051,968.8927589285719,0.0,0.0,0.0,0.0,168.1916666666666,2618.940701719577,0.0
2025-07-26,0,42,7:00-7:10,585.6312333333333,497.2621880952381,0.6229,0.6391732142857143,43.59261190476184,1024.1263005952385,0.0,0.0,0.0,0.0,131.961657142857,2472.316638227514,0.0
2025-07-26,0,43,7:10-7:20,590.2988,546.1100166666666,0.5776,0.5900870535714288,46.8959261904763,1045.232716071429,0.0,0.0,0.0,0.0,91.08470952380969,2371.1114054232808,0.0
2025-07-26,0,44,7:20-7:30,558.535,592.2116071428571,0.5231,0.5346098214285715,51.18595238095236,1041.3631517857148,0.0,0.0,0.0,0.0,17.509345238095193,2351.656577380953,0.0
2025-07-26,0,45,7:30-7:40,558.6506499999999,639.8113404761904,0.483,0.4987750000000001,56.698285714285646,1036.4909196428578,0.0,0.0,0.0,8.491564806250031e-12,9.188947619062649,2341.4466355820023,0.0
2025-07-26,0,46,7:40-7:50,589.4657666666667,687.5639880952381,0.6161,0.6334629464285711,66.32740000000001,1027.30197202381,0.0,0.0,0.0,0.0,0.0,2341.4466355820023,0.0
2025-07-26,0,47,7:50-8:00,615.265,733.5669642857142,0.8293,0.8438133928571432,64.90505952380954,1023.370558333334,0.0,0.0,0.0,0.0,0.0,2341.446635582005,0.0
2025-07-26,0,48,8:00-8:10,603.22385,778.8355833333333,0.8453,0.8579785714285713,58.21193571428569,1019.3592190476195,0.0,0.0,0.0,0.0,0.0,2341.446635582004,0.0
2025-07-26,0,49,8:10-8:20,594.1983833333334,831.6043642857144,0.7896,0.8009745535714285,59.84654523809513,1019.3120964285717,0.0,0.0,0.0,16.61365667255268,0.0,2356.3989265873015,0.0
2025-07-26,0,50,8:20-8:30,601.5383333333333,884.4758928571429,0.7747,0.7871794642857143,81.22470238095252,1040.7590339285714,0.0,0.0,0.0,39.761610817166435,0.0,2392.1843763227516,0.0
2025-07-26,0,51,8:30-8:40,606.36695,920.7801928571428,0.7872,0.80575,71.32669047619038,1072.9659386904764,0.0,0.0,0.0,14.34219062316313,0.0,2405.0923478835984,0.0
2025-07-26,0,52,8:40-8:50,642.4640666666667,955.8490023809522,0.7817,0.8012991071428571,78.94549047619029,1084.5831130952383,0.0,0.0,0.0,234.43944523809523,0.0,2616.087848597884,0.0
2025-07-26,0,53,8:50-9:00,692.4966666666666,999.2249999999999,0.7654,0.7811897321428567,94.84428571428577,1086.2020916666668,0.0,0.0,0.0,211.88404761904758,0.0,2806.7834914550276,0.0
2025-07-26,0,54,9:00-9:10,698.4064,1044.605026190476,0.7818,0.7989352678571425,102.46165714285712,1086.219088095238,0.0,0.0,0.0,243.73696904761903,0.0,3026.1467635978847,0.0
2025-07-26,0,55,9:10-9:20,696.98425,1078.8460857142857,0.783,0.8027343750000001,91.54188095238084,1091.0247029761906,0.0,0.0,0.0,2.26117467291612e-13,648.0465205714295,2306.095074074074,0.0
2025-07-26,0,56,9:20-9:30,717.9649999999999,1101.3455357142857,0.7633,0.7819075892857141,74.82285714285717,995.4855666666667,0.0,0.0,0.0,308.5576785714282,0.0,2583.7969847883596,0.0
2025-07-26,0,57,9:30-9:40,743.7270666666666,1123.7413428571426,0.7755,0.7911433035714287,84.92055952380977,1072.968638095237,0.0,0.0,0.0,-0.0,99.89694107142931,2472.800383597883,0.0
2025-07-26,0,58,9:40-9:50,698.9645999999999,1150.2510785714285,0.8418,0.8702700892857144,87.23954285714291,1145.5203452380947,0.0,0.0,0.0,364.0469357142856,0.0,2800.44262574074,0.0
2025-07-26,0,59,9:50-10:00,626.6933333333333,1183.1696428571427,0.9071,0.9577633928571426,97.51208333333346,1044.7054125,0.0,0.0,0.0,-0.0,485.7272197142856,2260.7457149470893,0.0
2025-07-26,0,60,10:00-10:10,652.8541833333334,1217.1932190476189,0.8915,0.9478575892857142,90.04415238095243,954.6711434523805,0.0,0.0,0.0,474.294883333333,0.0,2687.611109947089,0.0
2025-07-26,0,61,10:10-10:20,707.6819166666667,1219.07305,0.8874,0.9410459821428573,89.42712857142851,873.4179416666659,0.0,0.0,0.0,421.9640047619048,0.0,3067.3787142328033,0.0
2025-07-26,0,62,10:20-10:30,720.625,1212.25625,0.9506,1.0034227678571426,103.39428571428556,937.4778571428562,0.0,0.0,0.0,-0.0,712.8222922142862,2275.3539451058186,0.0
2025-07-26,0,63,10:30-10:40,690.3904333333332,1256.2439595238097,0.9991,1.0528075892857143,123.81141904761893,967.8185505952371,0.0,0.0,0.0,442.0421071428575,0.0,2673.1918415343903,0.0
2025-07-26,0,64,10:40-10:50,690.1533666666666,1301.9724952380952,0.739,0.7803066964285713,115.0873738095238,937.8950898809512,0.0,0.0,0.0,496.7317547619048,-0.0,3120.250420820105,0.0
2025-07-26,0,65,10:50-11:00,715.9533333333334,1316.930357142857,0.3257,0.34771607142857136,119.40797619047635,913.0972809523797,0.0,0.0,0.0,481.5690476190473,0.0,3553.6625636772474,0.0
2025-07-26,0,66,11:00-11:10,699.1148666666666,1316.2589833333334,0.2429,0.2620111785714286,137.10087619047613,933.4277571428561,0.0,0.0,0.0,480.0432404761907,0.0,3985.701480105818,0.0
2025-07-26,0,67,11:10-11:20,690.6549666666666,1326.795138095238,0.2935,0.3163879464285714,140.1659095238096,1177.5577696428563,0.0,0.0,0.0,495.97426190476176,0.0,4432.078315820104,0.0
2025-07-26,0,68,11:20-11:30,720.7149999999999,1347.2383928571426,0.3154,0.34031607142857156,131.92303571428556,1533.0447130952368,0.0,0.0,0.0,494.6003571428571,0.0,4877.218637248676,0.0
2025-07-26,0,69,11:30-11:40,758.4325833333334,1354.0144357142856,0.3302,0.3557120535714286,163.40148809523808,1710.5005761904742,0.0,0.0,0.0,432.1803642857142,0.0,5266.180965105818,0.0
2025-07-26,0,70,11:40-11:50,741.2702333333333,1356.5315857142857,0.2597,0.28640133928571426,178.68681190476218,1842.4271339285692,0.0,0.0,0.0,436.57454047619024,0.0,5659.09805153439,0.0
2025-07-26,0,71,11:50-12:00,712.1916666666666,1367.9026785714282,0.1683,0.19706787499999995,179.53196428571454,1935.1862142857126,0.0,0.0,0.0,476.1790476190471,-0.0,6087.659194391533,0.0
2025-07-26,0,72,12:00-12:10,760.7466833333333,1388.3627571428572,0.2088,0.2366428571428571,177.60790000000003,2001.0231952380939,0.0,0.0,0.0,450.0081738095239,0.0,6492.666550820104,0.0
2025-07-26,0,73,12:10-12:20,723.1746333333333,1387.7095976190476,0.2145,0.23707678571428575,157.07320476190478,2063.507641666665,0.0,0.0,0.0,507.4617595238095,-0.0,6949.382134391532,0.0
2025-07-26,0,74,12:20-12:30,638.3666666666666,1363.7937499999998,0.1583,0.17923260714285713,172.4930952380953,2131.9007904761893,0.0,0.0,0.0,552.933988095238,0.0,7447.022723677246,0.0
2025-07-26,0,75,12:30-12:40,711.7812333333333,1344.1021095238093,0.2031,0.2333147321428572,158.95608571428593,2200.2361476190463,0.0,0.0,0.0,473.3647904761902,-0.0,7873.051035105817,0.0
2025-07-26,0,76,12:40-12:50,755.9975833333333,1332.0797690476188,0.3841,0.4189299107142857,168.97509761904743,2265.2115315476176,0.0,0.0,0.0,407.107088095238,-0.0,8239.447414391532,0.0
2025-07-26,0,77,12:50-13:00,703.7950000000001,1321.2883928571428,0.5786,0.6090794642857142,160.7866666666667,2305.4070934523797,0.0,0.0,0.0,456.70672619047593,-0.0,8650.48346796296,0.0
2025-07-26,0,78,13:00-13:10,678.5211333333333,1301.6614642857141,0.6138,0.6449566964285712,132.98510476190484,2259.9429416666662,0.0,0.0,0.0,490.155226190476,0.0,9091.62317153439,0.0
2025-07-26,0,79,13:10-13:20,681.6010833333332,1263.688657142857,0.6052,0.6369749999999997,143.95951904761895,2228.356600595237,0.0,0.0,0.0,438.12805476190476,0.0,9485.938420820103,0.0
2025-07-26,0,80,13:20-13:30,709.5083333333333,1224.0232142857142,0.6275,0.6588433035714286,125.01523809523806,2163.799794642857,0.0,0.0,0.0,389.4996428571428,0.0,9836.48809939153,0.0
2025-07-26,0,81,13:30-13:40,765.5728666666666,1211.7754595238096,0.6613,0.6982558035714284,131.9946357142858,2044.811833333333,0.0,0.0,0.0,314.2079571428572,0.0,10119.275260820099,0.0
2025-07-26,0,82,13:40-13:50,773.2971666666667,1202.8115333333335,0.7632,0.814370982142857,121.31545238095231,1923.928858333333,0.0,0.0,0.0,308.1989142857162,0.0,10396.65428367725,0.0
2025-07-26,0,83,13:50-14:00,740.405,1179.2508928571428,0.8804,0.9467776785714284,123.42541666666659,1820.12923095238,0.0,0.0,0.0,315.4204761904763,0.0,10680.532712248678,0.0
2025-07-26,0,84,14:00-14:10,751.4782833333334,1145.5686619047617,0.892,0.9620669642857143,120.03230952380954,1718.3005702380947,0.0,0.0,0.0,-0.0,445.8539508095357,10185.139433571416,0.0
2025-07-26,0,85,14:10-14:20,781.09485,1115.376107142857,0.9169,0.98281875,124.54932619047588,1539.365285119047,0.0,0.0,0.0,209.7319309523813,0.0,10373.898171428558,0.0
2025-07-26,0,86,14:20-14:30,786.6616666666666,1084.174107142857,1.0153,1.0790334821428573,138.99988095238123,1370.9534047619038,0.0,0.0,0.0,158.5125595238172,0.0,10516.559474999995,0.0
2025-07-26,0,87,14:30-14:40,756.2434166666667,1035.9101333333333,1.0822,1.1509660714285717,163.29961666666665,1284.2625267857134,0.0,0.0,0.0,116.36709999999994,0.0,10621.289864999995,0.0
2025-07-26,0,88,14:40-14:50,751.1484666666666,988.4323761904762,0.8544,0.9158803571428571,150.03054761904752,1187.6289845238089,0.0,0.0,0.0,87.2533619047619,0.0,10699.817890714281,0.0
2025-07-26,0,89,14:50-15:00,771.8533333333332,954.8464285714286,0.5218,0.56463125,126.89988095238111,1123.2340666666657,0.0,0.0,0.0,56.093214285714375,0.0,10750.301783571424,0.0
2025-07-26,0,90,15:00-15:10,764.1682000000001,929.1022357142856,0.557,0.5921910714285714,113.86781904761904,1158.1938434523802,0.0,0.0,0.0,51.06621666666615,0.0,10796.26137857143,0.0
2025-07-26,0,91,15:10-15:20,768.4115166666667,883.9610976190477,0.6209,0.6602151785714286,111.39555714285746,1167.3932666666653,0.0,0.0,0.0,4.154023809523551,0.0,10800.0,0.0
2025-07-26,0,92,15:20-15:30,783.5916666666667,825.1598214285715,0.5622,0.6070397321428571,128.7717261904763,1127.7852761904753,87.20357142857154,87.20357142857154,87.20357142857154,0.0,0.0,10800.0,0.0
2025-07-26,0,93,15:30-15:40,763.6223333333334,784.7961023809523,0.568,0.6086674107142855,100.10067380952393,1086.2977464285707,78.926904761905,78.926904761905,78.926904761905,0.0,0.0,10800.0,0.0
2025-07-26,0,94,15:40-15:50,743.74995,748.6218309523808,0.5959,0.6300982142857142,92.85213333333343,1013.741798809524,87.9802523809526,87.9802523809526,87.9802523809526,0.0,0.0,10800.0,0.0
2025-07-26,0,95,15:50-16:00,745.9283333333333,706.549107142857,0.6071,0.6389116071428571,105.71285714285705,1053.022354166667,145.09208333333333,145.09208333333333,145.09208333333333,0.0,0.0,10800.0,0.0
2025-07-26,0,96,16:00-16:10,759.2266333333333,663.1255142857142,0.6238,0.6566415178571426,79.9207880952381,1034.6885744047622,176.02190714285723,176.02190714285723,176.02190714285723,0.0,-0.0,10800.0,0.0
2025-07-26,0,97,16:10-16:20,778.0985999999999,617.0210857142856,0.6521,0.6836593750000002,82.64905714285703,1014.7312690476192,243.72657142857133,243.72657142857133,243.72657142857133,0.0,0.0,10800.0,0.0
2025-07-26,0,98,16:20-16:30,787.98,570.7874999999999,0.6665,0.6952995535714285,99.80898809523819,1026.7451136904765,317.0014880952383,317.0014880952383,317.0014880952383,0.0,0.0,10800.0,0.0
2025-07-26,0,99,16:30-16:40,769.4393333333334,528.483319047619,0.6409,0.6712799107142856,91.21431904761914,907.6349363095243,332.1703333333335,332.1703333333335,332.1703333333335,-0.0,0.0,10800.0,0.0
2025-07-26,0,100,16:40-16:50,727.16655,478.81984523809524,0.6499,0.6813790178571427,108.49528333333336,758.2217833333336,356.8419880952381,356.8419880952381,356.8419880952381,0.0,0.0,10800.0,0.0
2025-07-26,0,101,16:50-17:00,686.2066666666666,423.45000000000005,0.7072,0.7372022321428574,103.62773809523787,717.8260363095242,366.3844047619044,366.3844047619044,366.3844047619044,-0.0,0.0,10800.0,0.0
2025-07-26,0,102,17:00-17:10,678.1714666666667,376.39580714285717,0.7509,0.7796723214285716,94.31417380952382,762.074719642857,396.08983333333333,396.08983333333333,396.08983333333333,0.0,0.0,10800.0,0.0
2025-07-26,0,103,17:10-17:20,703.1066999999999,333.9538523809524,0.7659,0.7943227678571427,108.62762619047635,791.037895238095,477.78047380952387,477.78047380952387,477.78047380952387,-0.0,0.0,10800.0,0.0
2025-07-26,0,104,17:20-17:30,730.1149999999999,291.3267857142857,0.7613,0.7891374999999999,95.26613095238076,881.9546404761902,534.054345238095,534.054345238095,534.054345238095,0.0,0.0,10800.0,0.0
2025-07-26,0,105,17:30-17:40,721.2745666666666,247.96219047619047,0.7791,0.8049325892857142,101.89284523809522,877.8784077380947,575.2052214285713,575.2052214285713,575.2052214285713,0.0,0.0,10800.0,0.0
2025-07-26,0,106,17:40-17:50,701.5416333333333,206.11925714285712,0.9398,0.965003125,88.53076904761895,871.6861619047612,583.9531452380951,583.9531452380951,583.9531452380951,0.0,0.0,10800.0,0.0
2025-07-26,0,107,17:50-18:00,698.0533333333333,166.93839285714284,1.1657,1.1901428571428567,82.97720238095246,854.1983946428564,614.0921428571429,614.0921428571429,614.0921428571429,0.0,0.0,10800.0,0.0
2025-07-26,0,108,18:00-18:10,710.3423166666666,129.80325714285712,1.2367,1.2565343749999998,74.70435952380956,784.7803154761899,655.2434190476191,655.2434190476191,655.2434190476191,0.0,0.0,10800.0,0.0
2025-07-26,0,109,18:10-18:20,686.6973166666667,94.1984380952381,1.2282,1.2475678571428575,81.1401428571429,781.3661071428568,673.6390214285715,673.6390214285715,673.6390214285715,0.0,0.0,10800.0,0.0
2025-07-26,0,110,18:20-18:30,654.0466666666666,59.56071428571429,1.2213,1.242334375,85.26964285714268,817.4443071428562,679.755595238095,679.755595238095,679.755595238095,0.0,0.0,10800.0,0.0
2025-07-26,0,111,18:30-18:40,690.5139833333333,27.322173809523807,1.2406,1.2582691964285713,82.48478809523817,809.0214202380944,745.6765976190476,745.6765976190476,745.6765976190476,0.0,0.0,10800.0,0.0
2025-07-26,0,112,18:40-18:50,717.1766666666667,6.84929761904762,1.3595,1.3912767857142858,99.48220238095246,734.2390577380946,809.8095714285715,809.8095714285715,809.8095714285715,0.0,-0.0,10800.0,0.0
2025-07-26,0,113,18:50-19:00,691.4883333333333,0.0,1.4904,1.546736160714286,82.71523809523819,824.4383214285708,0.0,0.0,0.0,0.0,774.2035714285715,9939.77380952381,0.0
2025-07-26,0,114,19:00-19:10,655.4046833333333,0.0,1.4647,1.5238245535714292,79.10781666666674,839.7930684523806,0.0,0.0,0.0,0.0,734.5125,9123.64880952381,0.0
2025-07-26,0,115,19:10-19:20,678.0463333333332,0.17203333333333332,1.4742,1.5289187500000003,78.6534095238095,769.6987107142855,0.0,0.0,0.0,0.0,756.5277095238093,8283.062465608466,0.0
2025-07-26,0,116,19:20-19:30,737.135,0.0,1.5436,1.5980933035714286,77.27999999999986,779.4167630952381,0.0,0.0,0.0,0.0,814.4149999999998,7378.1569100529105,0.0
2025-07-26,0,117,19:30-19:40,741.6691333333333,0.0,1.5068,1.5618120535714286,67.91159999999991,794.1360047619047,0.0,0.0,0.0,0.0,809.5807333333332,6478.622761904762,0.0
2025-07-26,0,118,19:40-19:50,714.9751166666666,0.012347619047619047,1.4649,1.5197625,69.00076428571435,766.3538047619045,599.3587583333332,599.3587583333332,599.3587583333332,0.0,184.60477500000016,6273.5063452380955,0.0
2025-07-26,0,119,19:50-20:00,706.1616666666666,0.0,1.4777,1.5329290178571433,78.40499999999997,725.4183113095237,0.0,0.0,0.0,0.0,784.5666666666666,5401.765604497355,0.0
2025-07-26,0,120,20:00-20:10,735.6475499999999,0.0,1.4969,1.554207142857143,99.9435666666667,685.7779130952376,2.25778333333335,2.25778333333335,2.25778333333335,0.0,833.3333333333333,4475.8396785714285,0.0
2025-07-26,0,121,20:10-20:20,729.1250333333334,0.0008833333333333333,1.4937,1.549046428571429,96.27160476190488,685.7431672619043,0.0,0.0,0.0,0.0,825.3957547619049,3558.733284391534,0.0
2025-07-26,0,122,20:20-20:30,692.28,0.0,1.515,1.5678339285714287,115.10166666666657,660.6503351190476,0.0,0.0,0.0,0.0,807.3816666666665,2661.6425436507934,0.0
2025-07-26,0,123,20:30-20:40,702.2523166666666,0.0,1.5795,1.635965625,76.76946666666674,617.4049184523807,0.0,0.0,0.0,0.0,779.0217833333334,1796.062784391534,0.0
2025-07-26,0,124,20:40-20:50,710.5935166666666,0.0,1.3392,1.3824732142857141,56.475742857142905,536.4565059523808,707.7117702380955,707.7117702380955,707.7117702380955,0.0,59.357489285713996,1730.1100185185185,0.0
2025-07-26,0,125,20:50-21:00,707.4583333333333,0.0,0.9449,0.9650982142857145,84.01333333333332,477.09901666666667,795.4933744855963,795.4933744855963,795.4933744855963,4.021707818929674,0.0,1733.7295555555552,0.0
2025-07-26,0,126,21:00-21:10,729.6952333333334,0.0,0.9149,0.9345071428571426,89.22528333333344,480.35659999999973,831.1057275720168,831.1057275720168,831.1057275720168,12.18521090535003,0.0,1744.6962453703702,0.0
2025-07-26,0,127,21:10-21:20,720.6837333333333,0.0,0.8949,0.9214084821428575,87.38498333333337,490.22662083333324,828.9739841563791,828.9739841563791,828.9739841563791,20.90526748971241,0.0,1763.5109861111114,0.0
2025-07-26,0,128,21:20-21:30,697.765,0.0,0.8272,0.8540285714285716,88.15166666666664,507.1598875000002,785.9166666666666,785.9166666666666,785.9166666666666,0.0,0.0,1763.5109861111114,0.0
2025-07-26,0,129,21:30-21:40,731.73335,0.0,0.9773,0.9991580357142854,77.11993333333339,466.52655416666676,695.9693083333332,695.9693083333332,695.9693083333332,0.0,112.88397500000019,1638.0843472222223,0.0
2025-07-26,0,130,21:40-21:50,720.4649999999999,0.0,0.8493,0.8699991071428572,54.514850000000024,394.2759125000001,707.0360708333334,707.0360708333334,707.0360708333334,0.0,67.94377916666653,1562.5912592592595,0.0
2025-07-26,0,131,21:50-22:00,647.4749999999999,0.0,0.4715,0.4951008928571427,96.0233333333332,326.33213333333356,793.5012654320983,793.5012654320983,793.5012654320983,50.002932098765186,0.0,1607.5938981481481,0.0
2025-07-26,0,132,22:00-22:10,605.8629666666666,0.0,0.4032,0.42623303571428556,94.82386666666673,366.83450833333336,1534.0201666666667,1534.0201666666667,1534.0201666666667,833.3333333333333,0.0,2357.593898148148,0.0
2025-07-26,0,133,22:10-22:20,606.4476166666666,0.0,0.4574,0.47995758928571436,92.26419999999996,357.7933583333336,698.7118166666666,698.7118166666666,698.7118166666666,0.0,0.0,2357.593898148148,0.0
2025-07-26,0,134,22:20-22:30,619.1033333333332,0.0,0.4607,0.4836276785714285,93.64499999999998,339.96874166666686,712.7483333333332,712.7483333333332,712.7483333333332,0.0,0.0,2357.593898148148,0.0
2025-07-26,0,135,22:30-22:40,609.0425166666666,0.0,0.4408,0.46161071428571415,91.18766666666659,297.38918333333356,1533.5635166666666,1533.5635166666666,1533.5635166666666,833.3333333333333,0.0,3107.593898148148,0.0
2025-07-26,0,136,22:40-22:50,597.3835833333333,0.0,0.3976,0.41687053571428584,61.23646666666673,269.8736916666669,1491.9533833333332,1491.9533833333332,1491.9533833333332,833.3333333333333,0.0,3857.5938981481486,0.0
2025-07-26,0,137,22:50-23:00,591.4366666666666,0.0,0.3661,0.3867142857142856,74.59999999999991,224.18261666666683,1499.37,1499.37,1499.37,833.3333333333333,0.0,4607.593898148149,0.0
2025-07-26,0,138,23:00-23:10,582.16535,0.0,0.3978,0.4217549107142859,85.78036666666674,172.58679583333333,1501.27905,1501.27905,1501.27905,833.3333333333333,0.0,5357.593898148149,0.0
2025-07-26,0,139,23:10-23:20,604.4080333333333,0.0,0.4375,0.463063839285714,111.28918333333331,152.56034166666672,1549.03055,1549.03055,1549.03055,833.3333333333333,0.0,6107.593898148149,0.0
2025-07-26,0,140,23:20-23:30,642.6116666666667,0.0,0.4478,0.47280669642857137,87.50833333333321,153.2118291666668,1563.4533333333331,1563.4533333333331,1563.4533333333331,833.3333333333333,0.0,6857.593898148149,0.0
2025-07-26,0,141,23:30-23:40,653.78675,0.0,0.4496,0.47450133928571425,98.58091666666667,117.71916250000004,828.2921419753084,828.2921419753084,828.2921419753084,75.92447530864168,0.0,6925.925925925926,0.0
2025-07-26,0,142,23:40-23:50,724.6704333333333,0.0,0.5116,0.535779017857143,74.72581666666667,83.196325,799.39625,799.39625,799.39625,0.0,0.0,6925.925925925926,0.0
2025-07-26,0,143,23:50-24:00,811.3433333333334,0.0,0.5873,0.6105406249999998,90.43333333333334,47.13458333333324,68.44333333333338,68.44333333333338,68.44333333333338,0.0,833.3333333333333,6000.0,0.0
2025-07-27,0,0,0:00-0:10,772.4347166666666,0.0,0.5575,0.5805982142857143,73.19683333333342,1130.6102821428567,845.6315500000001,845.6315500000001,845.6315500000001,0.0,0.0,8514.170794742065,0.0
2025-07-27,0,1,0:10-0:20,726.4704499999999,0.0,0.5186,0.5414714285714285,86.40531666666669,1162.2762642857138,812.8757666666666,812.8757666666666,812.8757666666666,0.0,0.0,8514.170794742065,0.0
2025-07-27,0,2,0:20-0:30,736.7766666666666,0.0,0.5231,0.5448607142857143,80.45000000000005,1187.6313101190474,817.2266666666667,817.2266666666667,817.2266666666667,0.0,0.0,8514.170794742065,0.0
2025-07-27,0,3,0:30-0:40,753.6872833333333,0.0,0.5386,0.5615933035714286,85.22788333333335,1209.2208934523806,838.9151666666667,838.9151666666667,838.9151666666667,0.0,0.0,8514.170794742065,0.0
2025-07-27,0,4,0:40-0:50,763.7686833333333,0.0,0.5855,0.6104986607142857,86.42784999999992,1236.3212630952385,365.7761513988078,365.7761513988078,365.7761513988078,0.0,484.42038193452544,7975.925925925926,0.0
2025-07-27,0,5,0:50-1:00,770.9849999999999,0.0,0.613,0.6377214285714287,94.60000000000002,1296.120892261905,32.251666666666665,32.251666666666665,32.251666666666665,0.0,833.3333333333333,7050.0,0.0
2025-07-27,0,6,1:00-1:10,774.7328166666666,0.0,0.5402,0.5606834821428572,89.19088333333332,1351.1079023809527,863.9236999999999,863.9236999999999,863.9236999999999,0.0,0.0,7050.0,0.0
2025-07-27,0,7,1:10-1:20,732.2266500000001,0.0,0.5024,0.5191174107142856,90.53543333333346,1281.1524119047622,822.7620833333335,822.7620833333335,822.7620833333335,0.0,0.0,7050.0,0.0
2025-07-27,0,8,1:20-1:30,682.9983333333332,0.0,0.5357,0.5525031249999998,75.85166666666669,1258.5339285714285,758.8499999999999,758.8499999999999,758.8499999999999,0.0,0.0,7050.0,0.0
2025-07-27,0,9,1:30-1:40,716.6605,0.0,0.544,0.5636272321428571,77.4766166666667,1283.5766666666666,794.1371166666667,794.1371166666667,794.1371166666667,0.0,0.0,7050.0,0.0
2025-07-27,0,10,1:40-1:50,754.4217666666666,0.0,0.5189,0.5359691964285714,78.1231166666667,1250.4989119047614,832.5448833333332,832.5448833333332,832.5448833333332,0.0,0.0,7050.0,0.0
2025-07-27,0,11,1:50-2:00,743.3383333333333,0.0,0.4876,0.5002776785714287,85.69000000000005,1216.4472428571426,829.0283333333333,829.0283333333333,829.0283333333333,0.0,0.0,7050.0,0.0
2025-07-27,0,12,2:00-2:10,706.5403333333334,0.0,0.4796,0.4968933035714286,84.23035000000004,1216.365293452381,790.7706833333334,790.7706833333334,790.7706833333334,0.0,0.0,7050.0,0.0
2025-07-27,0,13,2:10-2:20,693.8818833333332,0.0,0.4852,0.5031276785714287,84.52453333333335,1206.370357738095,778.4064166666666,778.4064166666666,778.4064166666666,0.0,0.0,7050.0,0.0
2025-07-27,0,14,2:20-2:30,722.64,0.0,0.5145,0.5271330357142856,71.73833333333334,1199.820194642857,794.3783333333333,794.3783333333333,794.3783333333333,0.0,0.0,7050.0,0.0
2025-07-27,0,15,2:30-2:40,764.3616166666667,0.0,0.5763,0.5886058035714286,40.73574999999994,1170.4214898809523,805.0973666666666,805.0973666666666,805.0973666666666,0.0,0.0,7050.0,0.0
2025-07-27,0,16,2:40-2:50,764.6178333333334,0.0,0.5627,0.5739258928571428,45.59465,1064.9897166666674,810.2124833333334,810.2124833333334,810.2124833333334,0.0,0.0,7050.0,0.0
2025-07-27,0,17,2:50-3:00,729.895,0.0,0.4934,0.5027598214285715,61.25,1014.5108750000004,791.145,791.145,791.145,0.0,0.0,7050.0,0.0
2025-07-27,0,18,3:00-3:10,713.5923833333333,0.0,0.4969,0.5099589285714287,46.894804761904766,971.2629946428576,760.487188095238,760.487188095238,760.487188095238,0.0,0.0,7050.0,0.0
2025-07-27,0,19,3:10-3:20,691.3401,0.0,0.51,0.5246379464285713,57.639766666666674,900.6310154761909,748.9798666666667,748.9798666666667,748.9798666666667,0.0,0.0,7050.0,0.0
2025-07-27,0,20,3:20-3:30,676.0033333333333,0.0,0.5003,0.5121544642857143,53.32999999999993,864.0767279761909,729.3333333333333,729.3333333333333,729.3333333333333,0.0,0.0,7050.0,0.0
2025-07-27,0,21,3:30-3:40,710.77765,0.0006428571428571428,0.5065,0.5166803571428572,44.70804047619049,840.0858946428575,755.4850476190476,755.4850476190476,755.4850476190476,0.0,0.0,7050.0,0.0
2025-07-27,0,22,3:40-3:50,732.9495499999999,0.0,0.5324,0.5420428571428572,41.42473333333328,768.4233785714289,774.3742833333332,774.3742833333332,774.3742833333332,0.0,0.0,7050.0,0.0
2025-07-27,0,23,3:50-4:00,707.8283333333334,0.0,0.549,0.5588366071428571,41.42666666666673,654.7438202380955,749.2550000000001,749.2550000000001,749.2550000000001,0.0,0.0,7050.0,0.0
2025-07-27,0,24,4:00-4:10,666.9966833333333,0.009,0.5242,0.5352183035714285,54.32136190476194,571.0967369047623,721.3090452380952,721.3090452380952,721.3090452380952,0.0,0.0,7050.0,0.0
2025-07-27,0,25,4:10-4:20,682.22495,0.0,0.504,0.5158361607142857,56.83428333333336,512.4534952380955,739.0592333333334,739.0592333333334,739.0592333333334,0.0,0.0,7050.0,0.0
2025-07-27,0,26,4:20-4:30,735.0483333333333,0.0,0.5194,0.5296165178571428,51.418333333333294,470.5258952380955,786.4666666666666,786.4666666666666,786.4666666666666,0.0,0.0,7050.0,0.0
2025-07-27,0,27,4:30-4:40,732.9428833333333,0.12536666666666665,0.5508,0.5561566964285716,48.26339999999993,425.45909047619057,781.0809166666666,781.0809166666666,781.0809166666666,0.0,0.0,7050.0,0.0
2025-07-27,0,28,4:40-4:50,686.6019833333332,0.0,0.5186,0.521467857142857,38.33628333333331,368.98101428571357,724.9382666666666,724.9382666666666,724.9382666666666,0.0,0.0,7050.0,0.0
2025-07-27,0,29,4:50-5:00,650.6533333333333,0.0,0.4391,0.4445183035714286,68.01869047619044,320.540822619047,1552.005357142857,1552.005357142857,1552.005357142857,833.3333333333333,0.0,7800.0,0.0
2025-07-27,0,30,5:00-5:10,669.9383333333333,5.7763309523809525,0.4124,0.42243482142857136,49.08228809523814,355.3515761904757,1546.5776238095236,1546.5776238095236,1546.5776238095236,833.3333333333333,0.0,8550.0,0.0
2025-07-27,0,31,5:10-5:20,683.7971333333332,25.99598333333333,0.4347,0.4446053571428571,47.63414761904767,396.83142559523776,1538.7686309523808,1538.7686309523808,1538.7686309523808,833.3333333333333,0.0,9300.0,0.0
2025-07-27,0,32,5:20-5:30,645.5516666666666,59.35089285714285,0.4241,0.431546875,44.809464285714284,376.1623720238091,1464.3435714285713,1464.3435714285713,1464.3435714285713,833.3333333333333,0.0,10050.0,0.0
2025-07-27,0,33,5:30-5:40,586.3684666666666,95.30484285714286,0.3497,0.3603767857142857,44.40222142857158,420.29776249999986,1368.7991785714285,1368.7991785714285,1368.7991785714285,833.3333333333333,0.0,10800.0,0.0
2025-07-27,0,34,5:40-5:50,674.6855666666667,131.7902023809524,0.5654,0.5754616071428572,42.39209999999997,490.13946845238075,585.2874642857141,585.2874642857141,585.2874642857141,-0.0,0.0,10800.0,0.0
2025-07-27,0,35,5:50-6:00,841.4166666666666,169.5723214285714,0.9364,0.9414937499999999,40.39422619047616,584.8296464285714,0.0,0.0,0.0,0.0,712.2385714285714,10008.62380952381,0.0
2025-07-27,0,36,6:00-6:10,846.58695,209.9767571428571,0.9435,0.949254910714286,31.444892857142918,663.6199803571429,0.0,0.0,0.0,0.0,668.0550857142858,9266.34038095238,0.0
2025-07-27,0,37,6:10-6:20,843.7311666666666,254.0657928571428,0.8578,0.8675736607142859,36.86186666666674,671.0805023809523,0.0,0.0,0.0,0.0,626.5272404761905,8570.199002645502,0.0
2025-07-27,0,38,6:20-6:30,893.8466666666666,299.6607142857143,0.8593,0.8704566964285713,62.80000000000007,760.8596279761907,0.0,0.0,0.0,0.0,656.9859523809523,7840.214611111111,0.0
2025-07-27,0,39,6:30-6:40,896.0249333333333,343.24503095238094,0.8564,0.8635017857142859,57.65068095238098,900.7138571428575,0.0,0.0,0.0,0.0,610.4305833333333,7161.958407407406,0.0
2025-07-27,0,40,6:40-6:50,875.7100166666667,388.51068095238094,0.8497,0.858659375,50.46275952380961,966.8967017857148,0.0,0.0,0.0,0.0,537.6620952380954,6564.556079365078,0.0
2025-07-27,0,41,6:50-7:00,855.3916666666667,438.37232142857147,0.8367,0.852317410714286,47.589880952380895,991.2310922619056,0.0,0.0,0.0,0.0,464.6092261904761,6048.323605820105,0.0
2025-07-27,0,42,7:00-7:10,832.6544166666665,491.5837904761904,0.8023,0.8168424107142858,36.86408809523812,1039.9883244047626,377.9347142857142,377.9347142857142,377.9347142857142,0.0,0.0,6048.323605820105,0.0
2025-07-27,0,43,7:10-7:20,847.9631166666666,541.01335,0.7939,0.8054410714285714,46.8959261904763,1054.3662160714293,353.8456928571429,353.8456928571429,353.8456928571429,0.0,0.0,6048.323605820105,0.0
2025-07-27,0,44,7:20-7:30,857.5333333333333,584.9339285714285,0.7639,0.7762517857142858,51.18595238095236,1050.4966517857151,323.78535714285715,323.78535714285715,323.78535714285715,0.0,0.0,6048.323605820105,0.0
2025-07-27,0,45,7:30-7:40,801.3791833333332,628.6748952380952,0.6605,0.6770058035714285,56.698285714285646,1045.6244196428581,526.2923753968274,526.2923753968274,526.2923753968274,296.88980158730374,0.0,6315.524427248678,0.0
2025-07-27,0,46,7:40-7:50,919.6798333333332,677.9448309523809,0.8374,0.8553758928571431,66.32740000000001,1036.4354720238105,0.0,0.0,0.0,0.0,308.06240238095234,5973.23286904762,0.0
2025-07-27,0,47,7:50-8:00,1152.8933333333332,728.0732142857142,1.1791,1.1949361607142859,64.90505952380954,1038.101300000001,0.0,0.0,0.0,0.0,489.7251785714285,5429.093781746033,0.0
2025-07-27,0,48,8:00-8:10,1178.2854499999999,770.742711904762,1.1879,1.2020946428571426,58.21193571428569,1050.0151244047627,0.0,0.0,0.0,0.0,465.7546738095234,4911.5885886243395,0.0
2025-07-27,0,49,8:10-8:20,1118.8289833333333,823.4493166666666,1.1116,1.1233629464285713,59.84654523809513,1067.4713767857152,0.0,0.0,0.0,0.0,355.22621190476184,4516.892797619049,0.0
2025-07-27,0,50,8:20-8:30,1104.635,883.0857142857142,1.1172,1.1284120535714286,81.22470238095252,1094.2023053571436,0.0,0.0,0.0,0.0,302.77398809523834,4180.477255291006,0.0
2025-07-27,0,51,8:30-8:40,1138.8719666666666,926.4387119047617,1.1115,1.1286089285714287,71.32669047619038,1130.7776922619055,0.0,0.0,0.0,0.0,283.75994523809527,3865.188427248678,0.0
2025-07-27,0,52,8:40-8:50,1153.6739666666667,958.7216095238095,1.0602,1.0806013392857146,78.94549047619029,1149.8628666666668,0.0,0.0,0.0,0.0,273.8978476190475,3560.8574854497365,0.0
2025-07-27,0,53,8:50-9:00,1134.2966666666666,996.336607142857,0.9952,1.0130919642857141,94.96136904761909,1144.0138452380959,0.0,0.0,0.0,0.0,232.92142857142858,3302.055898148149,0.0
2025-07-27,0,54,9:00-9:10,1124.4158166666666,1048.967769047619,0.9792,0.9945200892857143,102.46165714285712,1150.1697041666675,0.0,0.0,0.0,0.0,177.90970476190478,3104.378448412699,0.0
2025-07-27,0,55,9:10-9:20,1123.1416333333332,1086.035288095238,1.0027,1.0191808035714287,91.54188095238084,1181.2148505952389,0.0,0.0,0.0,0.0,128.64822619047595,2961.4359748677257,0.0
2025-07-27,0,56,9:20-9:30,1129.2516666666666,1106.517857142857,0.9981,1.0155758928571428,74.32726190476183,1250.564664880953,0.0,0.0,0.0,0.0,97.06107142857127,2853.590339947091,0.0
2025-07-27,0,57,9:30-9:40,1143.9883499999999,1138.4550619047618,0.9279,0.9417924107142858,83.74383333333338,1343.5450517857146,0.0,0.0,0.0,0.0,89.27712142857149,2754.393538359789,0.0
2025-07-27,0,58,9:40-9:50,1134.6442,1168.5081071428572,1.0175,1.043544642857143,79.66128095238093,1398.9541845238102,0.0,0.0,0.0,0.0,45.79737380952383,2703.507567460318,0.0
2025-07-27,0,59,9:50-10:00,1116.5283333333332,1196.2660714285714,1.2262,1.2751102678571429,97.51208333333346,1271.4092970238103,0.0,0.0,0.0,0.0,17.774345238095293,2683.7582949735456,0.0
2025-07-27,0,60,10:00-10:10,1137.5398333333333,1232.0010785714285,1.2639,1.3186446428571428,90.04415238095243,1201.5760958333337,0.0,0.0,0.0,4.417092857142734,0.0,2687.7336785449743,0.0
2025-07-27,0,61,10:10-10:20,1151.7227333333333,1236.8672404761905,1.1702,1.2214428571428573,89.42712857142851,1180.869661904762,0.0,0.0,0.0,0.0,4.282621428571247,2682.975210291006,0.0
2025-07-27,0,62,10:20-10:30,1141.59,1227.3464285714285,1.1161,1.166084375,103.39428571428556,1250.229411309524,0.0,0.0,0.0,0.0,17.637857142857,2663.377591243387,0.0
2025-07-27,0,63,10:30-10:40,1136.13115,1262.1385119047618,1.1833,1.2356299107142856,123.81141904761893,1288.415088690476,0.0,0.0,0.0,2.1959428571428816,0.0,2665.3539398148155,0.0
2025-07-27,0,64,10:40-10:50,1140.0453,1298.8590261904762,0.9467,0.9876531249999999,115.0873738095238,1262.8277029761903,0.0,0.0,0.0,43.72635238095245,0.0,2704.7076569576725,0.0
2025-07-27,0,65,10:50-11:00,1151.9083333333333,1303.5723214285715,0.5272,0.5493584821428571,119.40797619047635,1243.089327380952,801.0773214285714,801.0773214285714,801.0773214285714,833.3333333333333,0.0,3454.7076569576725,0.0
2025-07-27,0,66,11:00-11:10,1169.4804333333332,1286.7199809523809,0.5065,0.5275446428571428,137.10087619047613,1265.0690892857142,853.1946619047617,853.1946619047617,853.1946619047617,833.3333333333333,0.0,4204.707656957673,0.0
2025-07-27,0,67,11:10-11:20,1185.6447166666667,1295.7291714285711,0.6253,0.6509160714285714,140.1659095238096,1544.7870053571428,863.4147880952385,863.4147880952385,863.4147880952385,833.3333333333333,0.0,4954.707656957673,0.0
2025-07-27,0,68,11:20-11:30,1203.2933333333333,1326.360714285714,0.6636,0.6903129464285718,128.45107142857142,1923.5634202380952,5.383690476190623,5.383690476190623,5.383690476190623,0.0,0.0,4954.707656957673,0.0
2025-07-27,0,69,11:30-11:40,1215.5135333333333,1330.893807142857,0.6444,0.6716803571428572,122.38876666666663,2128.9486880952372,840.3418261904762,840.3418261904762,840.3418261904762,833.3333333333333,0.0,5704.707656957673,0.0
2025-07-27,0,70,11:40-11:50,1138.1221833333334,1329.0391404761904,0.5403,0.5693058035714283,146.6526976190475,2225.910136309523,789.0690738095238,789.0690738095238,789.0690738095238,833.3333333333333,0.0,6454.707656957673,0.0
2025-07-27,0,71,11:50-12:00,1024.1416666666667,1340.3348214285713,0.426,0.4566598214285714,141.6414285714285,2287.623391666666,658.781607142857,658.781607142857,658.781607142857,833.3333333333333,0.0,7204.707656957673,0.0
2025-07-27,0,72,12:00-12:10,1029.46135,1360.8121952380952,0.4342,0.46333169642857147,135.91411428571413,2321.3841690476183,637.8966023809521,637.8966023809521,637.8966023809521,833.3333333333333,0.0,7954.707656957673,0.0
2025-07-27,0,73,12:10-12:20,1096.00625,1364.5104047619047,0.4618,0.4854522321428572,135.93724047619048,2345.1467726190467,700.7664190476189,700.7664190476189,700.7664190476189,833.3333333333333,0.0,8704.707656957673,0.0
2025-07-27,0,74,12:20-12:30,1136.7566666666667,1348.6455357142854,0.4376,0.4591058035714286,155.0191666666667,2392.403957142856,776.4636309523812,776.4636309523812,776.4636309523812,833.3333333333333,0.0,9454.707656957673,0.0
2025-07-27,0,75,12:30-12:40,1121.9332666666664,1333.6181476190477,0.4257,0.45665267857142855,154.28699999999998,2443.265385714285,775.935452380952,775.935452380952,775.935452380952,833.3333333333333,0.0,10204.707656957673,0.0
2025-07-27,0,76,12:40-12:50,1140.2032333333332,1318.7571761904762,0.6418,0.676923660714286,166.90891190476185,2503.5716839285706,649.7909057613156,649.7909057613156,649.7909057613156,661.4359367136967,0.0,10800.0,0.0
2025-07-27,0,77,12:50-13:00,1185.71,1300.3776785714285,0.9252,0.9561883928571427,143.43482142857124,2541.701060119047,28.767142857142744,28.767142857142744,28.767142857142744,0.0,-0.0,10800.0,0.0
2025-07-27,0,78,13:00-13:10,1165.6896,1276.6996666666664,0.8844,0.915844196428571,118.27412142857149,2478.885063095237,7.264054761905072,7.264054761905072,7.264054761905072,0.0,0.0,10800.0,0.0
2025-07-27,0,79,13:10-13:20,1133.9082333333333,1244.0143785714288,0.8433,0.8760924107142856,126.24639523809537,2432.5877386904754,16.140249999999924,16.140249999999924,16.140249999999924,0.0,0.0,10800.0,0.0
2025-07-27,0,80,13:20-13:30,1154.21,1214.4705357142857,0.9346,0.9677464285714285,110.88565476190479,2350.3178089285716,50.62511904761914,50.62511904761914,50.62511904761914,0.0,0.0,10800.0,0.0
2025-07-27,0,81,13:30-13:40,1225.7857333333332,1206.227430952381,0.9768,1.0139388392857138,120.61530714285686,2217.2002642857146,140.1736095238091,140.1736095238091,140.1736095238091,0.0,0.0,10800.0,0.0
2025-07-27,0,82,13:40-13:50,1210.3892166666665,1196.7789809523808,1.0292,1.079495535714286,121.31545238095231,2084.9379607142855,0.0,0.0,0.0,0.0,134.925688095238,10650.08256878307,0.0
2025-07-27,0,83,13:50-14:00,1152.155,1170.6517857142858,1.1317,1.1979964285714286,97.08845238095239,1981.1383333333329,0.0,0.0,0.0,0.0,78.5916666666667,10562.758494708994,0.0
2025-07-27,0,84,14:00-14:10,1221.6172,1133.254038095238,1.2317,1.302763392857143,102.50588571428585,1852.972708333333,0.0,0.0,0.0,0.0,190.8690476190477,10350.681775132274,0.0
2025-07-27,0,85,14:10-14:20,1239.4869333333331,1102.8440714285716,1.2486,1.316210267857143,124.54932619047588,1656.5109994047616,0.0,0.0,0.0,0.0,261.19218809523727,10060.468232804233,0.0
2025-07-27,0,86,14:20-14:30,1171.235,1074.2955357142855,1.2442,1.3093727678571427,138.99988095238123,1488.0991190476184,0.0,0.0,0.0,0.0,235.9393452380957,9798.313404761904,0.0
2025-07-27,0,87,14:30-14:40,1170.3191833333333,1026.2543428571428,1.3142,1.383031696428572,145.95531666666676,1401.4082410714282,0.0,0.0,0.0,0.0,290.0201571428572,9476.068785714286,0.0
2025-07-27,0,88,14:40-14:50,1204.79865,977.571319047619,1.118,1.1788290178571426,129.79281428571431,1287.4303988095235,0.0,0.0,0.0,0.0,357.0201452380952,9079.379735449735,0.0
2025-07-27,0,89,14:50-15:00,1217.2116666666666,945.8598214285713,0.7596,0.8015620535714286,120.30273809523798,1202.7977476190474,1224.9879166666665,1224.9879166666665,1224.9879166666665,833.3333333333333,0.0,9829.379735449735,0.0
2025-07-27,0,90,15:00-15:10,1195.1691999999998,928.4047357142858,0.7279,0.7611700892857141,111.41429761904766,1231.1603815476187,1211.5120952380948,1211.5120952380948,1211.5120952380948,833.3333333333333,0.0,10579.379735449735,0.0
2025-07-27,0,91,15:10-15:20,1208.49335,889.5604547619048,0.8355,0.8743629464285713,88.10608571428571,1237.906283333333,407.0389809523808,407.0389809523808,407.0389809523808,0.0,0.0,10579.379735449735,0.0
2025-07-27,0,92,15:20-15:30,1246.0016666666666,832.6196428571427,0.8799,0.9265763392857144,97.37035714285719,1175.0088214285706,510.75238095238115,510.75238095238115,510.75238095238115,0.0,0.0,10579.379735449735,0.0
2025-07-27,0,93,15:30-15:40,1227.4290833333332,793.9837309523807,0.8449,0.8854062499999996,94.05306190476199,1102.119922619047,527.4984142857145,527.4984142857145,527.4984142857145,0.0,0.0,10579.379735449735,0.0
2025-07-27,0,94,15:40-15:50,1200.1202333333333,755.4736595238094,0.8147,0.8483879464285714,88.8989761904761,1023.5163630952383,778.6791772780726,778.6791772780726,778.6791772780726,245.1336272780726,0.0,10800.0,0.0
2025-07-27,0,95,15:50-16:00,1215.7633333333333,711.117857142857,0.8446,0.8777165178571431,102.86339285714291,1058.8437613095239,607.5088690476193,607.5088690476193,607.5088690476193,0.0,0.0,10800.0,0.0
2025-07-27,0,96,16:00-16:10,1268.1880833333332,674.0731571428571,0.9124,0.9452964285714284,76.94884523809526,1037.660517261905,671.0637714285715,671.0637714285715,671.0637714285715,0.0,0.0,10800.0,0.0
2025-07-27,0,97,16:10-16:20,1241.9756666666667,629.5260166666666,0.9044,0.9361705357142853,82.64905714285703,1014.7312690476192,695.0987071428573,695.0987071428573,695.0987071428573,0.0,0.0,10800.0,0.0
2025-07-27,0,98,16:20-16:30,1165.28,578.0,0.8601,0.8911848214285716,99.80898809523819,1026.7451136904765,687.0889880952382,687.0889880952382,687.0889880952382,0.0,0.0,10800.0,0.0
2025-07-27,0,99,16:30-16:40,1184.1737166666667,534.889619047619,0.9292,0.9614200892857142,91.21431904761914,907.6349363095243,740.4984166666667,740.4984166666667,740.4984166666667,0.0,0.0,10800.0,0.0
2025-07-27,0,100,16:40-16:50,1236.5302499999998,485.54230952380954,1.0068,1.0388111607142856,108.49528333333336,758.2217833333336,859.4832238095237,859.4832238095237,859.4832238095237,0.0,0.0,10800.0,0.0
2025-07-27,0,101,16:50-17:00,1261.0116666666665,429.09464285714284,1.0245,1.0543477678571427,103.62773809523787,717.8260363095242,935.5447619047616,935.5447619047616,935.5447619047616,0.0,0.0,10800.0,0.0
2025-07-27,0,102,17:00-17:10,1252.311,380.71081428571426,1.0197,1.0480607142857143,94.31417380952382,762.074719642857,965.9143595238096,965.9143595238096,965.9143595238096,0.0,0.0,10800.0,0.0
2025-07-27,0,103,17:10-17:20,1213.4100833333332,333.9157166666667,1.0387,1.0669616071428574,108.62762619047635,791.037895238095,988.1219928571429,988.1219928571429,988.1219928571429,0.0,0.0,10800.0,0.0
2025-07-27,0,104,17:20-17:30,1217.3933333333332,286.77946428571425,1.0775,1.1055973214285713,95.26613095238076,881.9546404761902,1025.8799999999997,1025.8799999999997,1025.8799999999997,0.0,-0.0,10800.0,0.0
2025-07-27,0,105,17:30-17:40,1316.0349666666666,245.17900714285716,1.1051,1.1311049107142856,101.89284523809522,877.8784077380947,1172.7488047619045,1172.7488047619045,1172.7488047619045,-0.0,0.0,10800.0,0.0
2025-07-27,0,106,17:40-17:50,1219.8188166666666,205.63906666666668,1.1841,1.2088901785714286,88.53076904761895,871.6861619047612,1102.710519047619,1102.710519047619,1102.710519047619,0.0,0.0,10800.0,0.0
2025-07-27,0,107,17:50-18:00,973.5016666666667,166.50535714285715,1.2969,1.320563839285714,82.97720238095246,854.1983946428564,889.973511904762,889.973511904762,889.973511904762,-0.0,0.0,10800.0,0.0
2025-07-27,0,108,18:00-18:10,922.6406499999999,129.61347142857142,1.3552,1.374883482142857,74.70435952380956,784.7803154761899,867.7315380952381,867.7315380952381,867.7315380952381,0.0,0.0,10800.0,0.0
2025-07-27,0,109,18:10-18:20,941.0214833333332,93.73490714285715,1.4006,1.420426339285714,81.1401428571429,782.9343654761901,928.4267190476189,928.4267190476189,928.4267190476189,0.0,0.0,10800.0,0.0
2025-07-27,0,110,18:20-18:30,926.0566666666666,58.20535714285714,1.4118,1.4333727678571428,85.26964285714268,823.7173404761896,953.1209523809522,953.1209523809522,953.1209523809522,0.0,0.0,10800.0,0.0
2025-07-27,0,111,18:30-18:40,914.2079,25.64725,1.3443,1.36230625,82.48478809523817,815.7094535714277,971.0454380952382,971.0454380952382,971.0454380952382,0.0,0.0,10800.0,0.0
2025-07-27,0,112,18:40-18:50,913.6809833333333,5.862623809523809,1.4334,1.4645687499999995,99.48220238095246,742.172091071428,1007.3005619047619,1007.3005619047619,1007.3005619047619,0.0,0.0,10800.0,0.0
2025-07-27,0,113,18:50-19:00,930.9016666666666,0.0,1.6353,1.6902214285714288,82.71523809523819,832.3713547619043,180.28357142857158,180.28357142857158,180.28357142857158,0.0,833.3333333333333,9874.074074074075,0.0
2025-07-27,0,114,19:00-19:10,967.6192166666666,0.006642857142857143,1.6616,1.7201906250000003,79.10781666666674,855.1323517857138,213.3870571428572,213.3870571428572,213.3870571428572,0.0,833.3333333333333,8948.14814814815,0.0
2025-07-27,0,115,19:10-19:20,981.2974166666665,0.13485714285714284,1.6391,1.693920089285714,78.6534095238095,785.0379940476189,226.48263571428583,226.48263571428583,226.48263571428583,0.0,833.3333333333333,8022.2222222222235,0.0
2025-07-27,0,116,19:20-19:30,963.3466666666666,0.0,1.6498,1.7039281249999998,77.27999999999986,797.5550839285711,207.2933333333333,207.2933333333333,207.2933333333333,0.0,833.3333333333333,7096.296296296297,0.0
2025-07-27,0,117,19:30-19:40,945.4276499999999,0.0004761904761904762,1.6393,1.6934374999999997,67.91159999999991,815.6760880952378,180.0054404761903,180.0054404761903,180.0054404761903,0.0,833.3333333333333,6170.370370370371,0.0
2025-07-27,0,118,19:40-19:50,939.7910499999999,0.009678571428571429,1.617,1.671204464285714,69.00076428571435,787.8938880952376,1008.7821357142857,1008.7821357142857,1008.7821357142857,0.0,0.0,6170.370370370371,0.0
2025-07-27,0,119,19:50-20:00,952.52,0.0,1.6266,1.6816812500000005,78.40499999999997,746.9583946428568,448.92158928571314,448.92158928571314,448.92158928571314,0.0,582.0034107142868,5523.699914021164,0.0
2025-07-27,0,120,20:00-20:10,979.3771499999999,3.3333333333333335e-05,1.6887,1.745761607142857,99.9435666666667,707.3179964285707,245.9873500000001,245.9873500000001,245.9873500000001,0.0,833.3333333333333,4597.773988095238,0.0
2025-07-27,0,121,20:10-20:20,980.9742166666666,0.0006928571428571428,1.6751,1.7309455357142862,96.27160476190488,707.2832505952374,243.91179523809546,243.91179523809546,243.91179523809546,0.0,833.3333333333333,3671.8480621693116,0.0
2025-07-27,0,122,20:20-20:30,974.0483333333333,0.0,1.6356,1.689882589285714,115.10166666666657,682.1904184523806,255.8166666666666,255.8166666666666,255.8166666666666,0.0,833.3333333333333,2745.9221362433855,0.0
2025-07-27,0,123,20:30-20:40,1009.5225833333334,0.0,1.7018,1.758612946428571,76.76946666666674,638.9450017857138,252.95871666666676,252.95871666666676,252.95871666666676,0.0,833.3333333333333,1819.9962103174598,0.0
2025-07-27,0,124,20:40-20:50,1018.7086333333333,0.0,1.4965,1.53900625,56.475742857142905,557.9965892857139,1015.8268869047619,1015.8268869047619,1015.8268869047619,0.0,59.357489285714195,1754.043444444444,0.0
2025-07-27,0,125,20:50-21:00,976.4933333333333,0.0,1.1119,1.1312017857142858,84.01333333333332,498.63909999999976,1064.5283744855965,1064.5283744855965,1064.5283744855965,4.021707818929928,0.0,1757.662981481481,0.0
2025-07-27,0,126,21:00-21:10,935.7551166666667,0.0,1.0538,1.0727008928571424,89.22528333333344,501.8966833333328,1058.354314609054,1058.354314609054,1058.354314609054,33.37391460905388,0.0,1787.6995046296295,0.0
2025-07-27,0,127,21:10-21:20,960.3774166666667,0.0,1.1001,1.127510267857143,87.38498333333337,512.4554541666663,1047.7624,1047.7624,1047.7624,0.0,0.0,1787.6995046296295,0.0
2025-07-27,0,128,21:20-21:30,1020.7083333333333,0.0,1.1146,1.143823214285714,88.15166666666664,528.9295541666665,1108.86,1108.86,1108.86,0.0,0.0,1787.6995046296295,0.0
2025-07-27,0,129,21:30-21:40,1012.0357666666666,0.0,1.1484,1.170970982142857,77.11993333333339,488.2962208333332,976.2717250000001,976.2717250000001,976.2717250000001,0.0,112.88397499999998,1662.2728657407406,0.0
2025-07-27,0,130,21:40-21:50,913.9415166666665,0.0,0.9226,0.9422754464285718,54.514850000000024,416.0455791666666,900.5125875,900.5125875,900.5125875,0.0,67.94377916666653,1586.7797777777778,0.0
2025-07-27,0,131,21:50-22:00,788.3999999999999,0.0,0.5552,0.5779513392857142,96.0233333333332,348.10179999999997,935.2765740740736,935.2765740740736,935.2765740740736,50.8532407407405,0.0,1632.5476944444442,0.0
2025-07-27,0,132,22:00-22:10,733.5163333333333,0.0,0.4879,0.5112017857142858,88.55083333333334,389.2929249999998,1655.4004999999997,1655.4004999999997,1655.4004999999997,833.3333333333333,0.0,2382.5476944444445,0.0
2025-07-27,0,133,22:10-22:20,750.0015666666666,0.0,0.5364,0.5596450892857143,92.26419999999996,373.28999166666665,1675.5991,1675.5991,1675.5991,833.3333333333333,0.0,3132.5476944444445,0.0
2025-07-27,0,134,22:20-22:30,794.5183333333332,0.0,0.5514,0.5749276785714287,91.98500000000001,355.4653749999999,886.5033333333332,886.5033333333332,886.5033333333332,0.0,0.0,3132.5476944444445,0.0
2025-07-27,0,135,22:30-22:40,813.4123166666666,0.0,0.5661,0.588467410714286,91.18766666666659,311.2258166666667,904.5999833333332,904.5999833333332,904.5999833333332,0.0,0.0,3132.5476944444445,0.0
2025-07-27,0,136,22:40-22:50,789.7858166666666,0.0,0.5574,0.5793062500000001,61.23646666666673,283.71032499999995,851.0222833333333,851.0222833333333,851.0222833333333,0.0,0.0,3132.5476944444445,0.0
2025-07-27,0,137,22:50-23:00,758.76,0.0,0.5402,0.5633285714285713,64.72500000000002,238.47841666666656,1656.8183333333332,1656.8183333333332,1656.8183333333332,833.3333333333333,0.0,3882.5476944444445,0.0
2025-07-27,0,138,23:00-23:10,769.0868999999999,0.0,0.5581,0.5829852678571431,85.78036666666674,177.0075958333332,854.8672666666666,854.8672666666666,854.8672666666666,0.0,0.0,3882.5476944444445,0.0
2025-07-27,0,139,23:10-23:20,758.1180166666666,0.0,0.5585,0.5846790178571429,107.55713333333347,157.2107249999999,865.67515,865.67515,865.67515,0.0,0.0,3882.5476944444445,0.0
2025-07-27,0,140,23:20-23:30,738.585,0.0,0.5395,0.5656625,87.50833333333321,154.13016250000015,1659.4266666666665,1659.4266666666665,1659.4266666666665,833.3333333333333,0.0,4632.5476944444445,0.0
2025-07-27,0,141,23:30-23:40,783.2138833333333,0.0,0.5511,0.5755901785714287,98.58091666666667,118.63749583333339,881.7948,881.7948,881.7948,0.0,0.0,4632.5476944444445,0.0
2025-07-27,0,142,23:40-23:50,795.3884666666665,0.0,0.5509,0.573275892857143,74.72581666666667,84.11465833333335,1556.1724006172838,1556.1724006172838,1556.1724006172838,686.0581172839505,0.0,5250.0,0.0
2025-07-27,0,143,23:50-24:00,759.5699999999999,0.0,0.531,0.5523741071428571,89.51499999999999,46.072916666666686,1682.418333333333,1682.418333333333,1682.418333333333,833.3333333333333,0.0,6000.0,0.0
2025-07-28,0,0,0:00-0:10,756.5722666666667,0.0,0.5293,0.5507022321428573,72.25406666666663,1206.7862035714281,828.8263333333333,828.8263333333333,828.8263333333333,0.0,0.0,8618.226009054235,0.0
2025-07-28,0,1,0:10-0:20,756.3750333333334,0.0,0.5348,0.556154017857143,82.38476666666679,1237.5094190476188,838.7598000000002,838.7598000000002,838.7598000000002,0.0,0.0,8618.226009054235,0.0
2025-07-28,0,2,0:20-0:30,744.6216666666666,0.0,0.5326,0.5528633928571429,72.22500000000002,1258.8439148809523,816.8466666666666,816.8466666666666,816.8466666666666,0.0,0.0,8618.226009054235,0.0
2025-07-28,0,3,0:30-0:40,742.0464166666667,0.0,0.5218,0.5429598214285715,83.92328333333342,1272.2084982142856,825.9697000000001,825.9697000000001,825.9697000000001,0.0,0.0,8618.226009054235,0.0
2025-07-28,0,4,0:40-0:50,732.5533499999999,0.0,0.5227,0.5456098214285713,70.19756666666672,1298.0042678571435,802.7509166666666,802.7509166666666,802.7509166666666,0.0,0.0,8618.226009054235,0.0
2025-07-28,0,5,0:50-1:00,730.5899999999999,0.0,0.5397,0.5626866071428573,92.9899999999999,1341.00224702381,823.5799999999998,823.5799999999998,823.5799999999998,0.0,0.0,8618.226009054235,0.0
2025-07-28,0,6,1:00-1:10,767.6873999999999,0.0,0.5569,0.5767754464285714,89.19088333333332,1394.3792571428576,856.8782833333332,856.8782833333332,856.8782833333332,0.0,0.0,8618.226009054235,0.0
2025-07-28,0,7,1:10-1:20,784.8586833333334,0.0,0.562,0.579038392857143,90.53543333333346,1324.4237666666666,875.3941166666668,875.3941166666668,875.3941166666668,0.0,0.0,8618.226009054235,0.0
2025-07-28,0,8,1:20-1:30,748.2566666666667,0.0,0.548,0.5649736607142856,85.23666666666668,1301.8052833333336,833.4933333333333,833.4933333333333,833.4933333333333,0.0,0.0,8618.226009054235,0.0
2025-07-28,0,9,1:30-1:40,688.9551333333334,0.0,0.5228,0.5413866071428572,77.4766166666667,1327.1290333333336,766.4317500000001,766.4317500000001,766.4317500000001,0.0,0.0,8618.226009054235,0.0
2025-07-28,0,10,1:40-1:50,699.58575,0.0,0.5293,0.5450267857142855,78.1231166666667,1287.2642571428569,777.7088666666666,777.7088666666666,777.7088666666666,0.0,0.0,8618.226009054235,0.0
2025-07-28,0,11,1:50-2:00,767.51,0.0,0.5626,0.5750281250000001,64.54999999999995,1242.1370571428567,832.06,832.06,832.06,0.0,0.0,8618.226009054235,0.0
2025-07-28,0,12,2:00-2:10,788.0310166666666,0.0,0.5758,0.5937482142857143,80.60446666666667,1220.7818636904758,868.6354833333332,868.6354833333332,868.6354833333332,0.0,0.0,8618.226009054235,0.0
2025-07-28,0,13,2:10-2:20,768.4591499999999,0.0,0.5781,0.5956111607142854,70.56996666666657,1204.8763624999995,839.0291166666665,839.0291166666665,839.0291166666665,0.0,0.0,8618.226009054235,0.0
2025-07-28,0,14,2:20-2:30,739.0799999999999,0.0,0.5618,0.5722508928571427,62.37833333333333,1183.331076190476,801.4583333333333,801.4583333333333,801.4583333333333,0.0,0.0,8618.226009054235,0.0
2025-07-28,0,15,2:30-2:40,719.5975333333333,0.0,0.5077,0.518503125,38.42269999999996,1147.8976101190476,758.0202333333333,758.0202333333333,758.0202333333333,0.0,0.0,8618.226009054235,0.0
2025-07-28,0,16,2:40-2:50,712.5066833333333,0.0,0.4783,0.48943973214285724,45.59465,1039.2818172619054,758.1013333333333,758.1013333333333,758.1013333333333,0.0,0.0,8618.226009054235,0.0
2025-07-28,0,17,2:50-3:00,709.9466666666667,0.0,0.4885,0.4982276785714287,61.25,988.8029755952386,771.1966666666667,771.1966666666667,771.1966666666667,0.0,0.0,8618.226009054235,0.0
2025-07-28,0,18,3:00-3:10,701.9173499999999,0.0,0.4988,0.5116415178571428,44.0605833333334,945.1026065476196,745.9779333333333,745.9779333333333,745.9779333333333,0.0,0.0,8618.226009054235,0.0
2025-07-28,0,19,3:10-3:20,694.7721666666666,0.0,0.5258,0.5398866071428573,57.639766666666674,871.6364059523814,752.4119333333333,752.4119333333333,752.4119333333333,0.0,0.0,8618.226009054235,0.0
2025-07-28,0,20,3:20-3:30,708.53,0.0,0.5564,0.5680633928571427,53.32999999999993,835.0821184523816,761.8599999999999,761.8599999999999,761.8599999999999,0.0,0.0,8618.226009054235,0.0
2025-07-28,0,21,3:30-3:40,745.4216166666666,0.0004857142857142856,0.5438,0.5542125,44.70804047619049,811.091285119048,790.1291714285715,790.1291714285715,790.1291714285715,0.0,0.0,8618.226009054235,0.0
2025-07-28,0,22,3:40-3:50,706.1207333333333,7.61904761904762e-05,0.486,0.49604508928571434,41.42473333333328,739.8812577380957,747.5453904761904,747.5453904761904,747.5453904761904,0.0,0.0,8618.226009054235,0.0
2025-07-28,0,23,3:50-4:00,639.4916666666666,0.0,0.4451,0.4549946428571429,41.42666666666673,626.2016994047623,1514.2516666666666,1514.2516666666666,1514.2516666666666,833.3333333333333,0.0,9368.226009054235,0.0
2025-07-28,0,24,4:00-4:10,690.6730333333333,0.006826190476190476,0.4899,0.5001089285714285,54.32136190476194,542.5546160714289,744.987569047619,744.987569047619,744.987569047619,0.0,0.0,9368.226009054235,0.0
2025-07-28,0,25,4:10-4:20,704.8045166666667,0.0010523809523809524,0.5144,0.5250897321428571,56.83428333333336,483.9113744047622,761.6377476190477,761.6377476190477,761.6377476190477,0.0,0.0,9368.226009054235,0.0
2025-07-28,0,26,4:20-4:30,669.4533333333333,0.0,0.495,0.5041977678571428,51.418333333333294,441.98377440476224,720.8716666666666,720.8716666666666,720.8716666666666,0.0,0.0,9368.226009054235,0.0
2025-07-28,0,27,4:30-4:40,718.4121333333333,0.09510238095238095,0.5035,0.507591517857143,48.26339999999993,395.97449464285734,766.5804309523808,766.5804309523808,766.5804309523808,0.0,0.0,9368.226009054235,0.0
2025-07-28,0,28,4:40-4:50,703.1296333333332,0.014666666666666665,0.4933,0.4957955357142859,38.90764999999999,336.54884880952386,742.0226166666665,742.0226166666665,742.0226166666665,0.0,0.0,9368.226009054235,0.0
2025-07-28,0,29,4:50-5:00,631.7816666666666,0.0,0.4777,0.4842495535714287,68.01869047619044,285.22373452380907,1457.3270137492627,1457.3270137492627,1457.3270137492627,757.5266566064056,0.0,10050.0,0.0
2025-07-28,0,30,5:00-5:10,672.1802499999999,4.770261904761904,0.5247,0.5357901785714285,49.08228809523814,307.40609285714226,716.4922761904761,716.4922761904761,716.4922761904761,0.0,0.0,10050.0,0.0
2025-07-28,0,31,5:10-5:20,716.6410166666666,23.613652380952377,0.5575,0.5683758928571431,47.63414761904767,402.79845773809495,740.6615119047618,740.6615119047618,740.6615119047618,0.0,0.0,10050.0,0.0
2025-07-28,0,32,5:20-5:30,696.4716666666666,55.946428571428584,0.4983,0.5069812500000002,53.913452380952435,335.6403279761906,694.4386904761905,694.4386904761905,694.4386904761905,0.0,0.0,10050.0,0.0
2025-07-28,0,33,5:30-5:40,670.26515,91.6043142857143,0.3888,0.4000147321428571,51.18924285714286,410.3730690476187,1463.1834119047617,1463.1834119047617,1463.1834119047617,833.3333333333333,0.0,10800.0,0.0
2025-07-28,0,34,5:40-5:50,754.9056833333334,128.04236666666668,0.5796,0.5892607142857141,53.467630952381,492.9196321428569,680.3309476190477,680.3309476190477,680.3309476190477,-0.0,0.0,10800.0,0.0
2025-07-28,0,35,5:50-6:00,869.335,165.56071428571428,0.9256,0.9300049107142857,40.92720238095228,563.9304321428571,0.0,0.0,0.0,0.0,744.701488095238,9972.553902116402,0.0
2025-07-28,0,36,6:00-6:10,825.1242166666666,205.23524047619043,0.9185,0.9242200892857145,33.32984285714292,631.703694642857,0.0,0.0,0.0,0.0,653.218819047619,9246.755214285715,0.0
2025-07-28,0,37,6:10-6:20,836.2392166666666,247.89803571428573,0.866,0.8766830357142857,38.67182142857138,663.1385130952385,0.0,0.0,0.0,0.0,627.0130023809522,8550.074100529102,0.0
2025-07-28,0,38,6:20-6:30,916.2783333333333,292.2535714285714,0.8974,0.9099629464285712,62.80000000000007,803.9341684523811,0.0,0.0,0.0,0.0,686.824761904762,7786.935476190478,0.0
2025-07-28,0,39,6:30-6:40,865.5072833333334,336.2943809523809,0.8331,0.8412223214285712,57.65068095238098,911.7915345238098,0.0,0.0,0.0,0.0,586.8635833333335,7134.8648280423295,0.0
2025-07-28,0,40,6:40-6:50,835.5476999999998,383.23082857142856,0.8026,0.8114839285714288,50.46275952380961,939.5836458333333,502.7796309523809,502.7796309523809,502.7796309523809,0.0,0.0,7134.8648280423295,0.0
2025-07-28,0,41,6:50-7:00,876.5766666666666,433.84464285714284,0.8242,0.8390950892857143,47.589880952380895,918.9115571428575,254.051094047617,254.051094047617,254.051094047617,0.0,236.27081071428765,6872.341705026454,0.0
2025-07-28,0,42,7:00-7:10,874.0145166666666,484.9347238095238,0.7751,0.7897651785714289,43.59261190476184,908.6058672619048,432.67240476190466,432.67240476190466,432.67240476190466,0.0,0.0,6872.341705026454,0.0
2025-07-28,0,43,7:10-7:20,825.68355,532.5478404761905,0.7369,0.7482620535714286,47.9477261904762,904.0130773809523,341.08343571428577,341.08343571428577,341.08343571428577,0.0,0.0,6872.341705026454,0.0
2025-07-28,0,44,7:20-7:30,781.54,576.1428571428571,0.7297,0.7408607142857141,51.18595238095236,927.9865702380954,256.5830952380952,256.5830952380952,256.5830952380952,0.0,0.0,6872.341705026454,0.0
2025-07-28,0,45,7:30-7:40,814.2425666666666,618.933338095238,0.7187,0.7352316964285716,70.340507142857,954.725811309524,265.6497357142855,265.6497357142855,265.6497357142855,0.0,0.0,6872.341705026454,0.0
2025-07-28,0,46,7:40-7:50,990.6682000000001,664.6547785714287,0.8926,0.9111611607142857,73.28654285714288,959.5922440476193,0.0,0.0,0.0,0.0,399.2999642857143,6428.675078042327,0.0
2025-07-28,0,47,7:50-8:00,1172.9783333333332,711.1901785714285,1.1506,1.166209375,64.59047619047617,1000.9725547619048,0.0,0.0,0.0,0.0,526.378630952381,5843.8099325396815,0.0
2025-07-28,0,48,8:00-8:10,1140.9483666666665,755.5979452380952,1.1758,1.1898723214285716,71.11009523809548,999.5025101190477,0.0,0.0,0.0,0.0,456.46051666666676,5336.631580687829,0.0
2025-07-28,0,49,8:10-8:20,1142.7040166666666,814.0330357142857,1.1615,1.1737245535714287,61.15888333333328,960.821546428572,0.0,0.0,0.0,0.0,389.82986428571417,4903.4872870370355,0.0
2025-07-28,0,50,8:20-8:30,1222.1299999999999,876.0785714285714,1.1796,1.1915660714285712,81.22470238095252,1048.422489285714,0.0,0.0,0.0,0.0,427.276130952381,4428.736030423279,0.0
2025-07-28,0,51,8:30-8:40,1179.6171333333332,911.7097523809522,1.1074,1.1250026785714282,71.32669047619038,1121.2590369047616,0.0,0.0,0.0,0.0,339.2340714285714,4051.8092843915333,0.0
2025-07-28,0,52,8:40-8:50,1129.6891333333333,937.6177476190475,1.051,1.0713397321428573,78.98176904761897,1166.8885095238093,0.0,0.0,0.0,0.0,271.0531547619047,3750.6391124338616,0.0
2025-07-28,0,53,8:50-9:00,1129.495,971.199107142857,1.0507,1.0683415178571425,97.84934523809525,1188.1663345238092,0.0,0.0,0.0,0.0,256.14523809523826,3466.033292328041,0.0
2025-07-28,0,54,9:00-9:10,1122.5796999999998,1015.5795976190476,1.0404,1.0559388392857143,102.46165714285712,1208.138917857143,0.0,0.0,0.0,0.0,209.4617595238093,3233.298003968253,0.0
2025-07-28,0,55,9:10-9:20,1151.4497166666665,1062.2514666666666,1.0338,1.049534375,91.54188095238084,1319.159333333333,0.0,0.0,0.0,0.0,180.7401309523807,3032.4756362433855,0.0
2025-07-28,0,56,9:20-9:30,1183.0533333333333,1103.892857142857,1.0248,1.039615625,67.56940476190465,1376.9899053571423,0.0,0.0,0.0,0.0,146.72988095238088,2869.4424351851844,0.0
2025-07-28,0,57,9:30-9:40,1133.03865,1139.210969047619,0.9961,1.0071183035714282,66.96965952380958,1417.425679166666,0.0,0.0,0.0,0.0,60.797340476190584,2801.8898346560836,0.0
2025-07-28,0,58,9:40-9:50,1112.5189999999998,1174.7731714285715,1.0401,1.0633504464285717,74.66278809523828,1441.7008511904755,0.0,0.0,0.0,0.0,12.408616666666603,2788.102482804232,0.0
2025-07-28,0,59,9:50-10:00,1131.1133333333332,1210.4973214285715,1.1298,1.1755736607142857,66.47696428571415,1373.1195357142856,0.0,0.0,0.0,12.907023809524162,0.0,2799.7188042328034,0.0
2025-07-28,0,60,10:00-10:10,1097.933,1236.2483285714284,1.1376,1.1892366071428573,70.78476190476181,1349.8259047619042,0.0,0.0,0.0,67.53056666666657,0.0,2860.4963142328033,0.0
2025-07-28,0,61,10:10-10:20,1118.4965333333332,1237.460569047619,1.1256,1.1741254464285713,79.97576428571445,1186.7864446428566,0.0,0.0,0.0,38.98827142857135,0.0,2895.5857585185177,0.0
2025-07-28,0,62,10:20-10:30,1178.8883333333333,1232.625,1.1426,1.1900330357142856,85.67422619047613,1149.3981309523806,0.0,0.0,0.0,0.0,31.93755952380934,2860.0995812698407,0.0
2025-07-28,0,63,10:30-10:40,1154.6801999999998,1258.2670476190476,1.1318,1.1810049107142857,116.19825000000031,1037.0492880952377,0.0,0.0,0.0,0.0,12.61140238095254,2846.086911957671,0.0
2025-07-28,0,64,10:40-10:50,1153.3526833333333,1287.7147976190477,0.8793,0.9169232142857144,108.46314761904745,946.0235898809525,0.0,0.0,0.0,25.898966666666865,0.0,2869.395981957671,0.0
2025-07-28,0,65,10:50-11:00,1186.5466666666666,1299.6223214285715,0.5354,0.5541558035714286,109.65249999999999,996.337558928571,829.9101785714283,829.9101785714283,829.9101785714283,833.3333333333333,0.0,3619.395981957671,0.0
2025-07-28,0,66,11:00-11:10,1157.3549666666665,1300.1628333333333,0.501,0.5173736607142857,124.23481190476204,1218.421174404762,814.7602785714284,814.7602785714284,814.7602785714284,833.3333333333333,0.0,4369.395981957671,0.0
2025-07-28,0,67,11:10-11:20,1152.1458666666667,1317.8948690476188,0.5786,0.5983839285714287,119.46776666666665,1420.408457142857,787.0520976190478,787.0520976190478,787.0520976190478,833.3333333333333,0.0,5119.395981957671,0.0
2025-07-28,0,68,11:20-11:30,1184.6816666666666,1348.2294642857141,0.5723,0.5928892857142856,128.45107142857142,1593.8342166666664,798.2366071428571,798.2366071428571,798.2366071428571,833.3333333333333,0.0,5869.395981957671,0.0
2025-07-28,0,69,11:30-11:40,1171.7555666666667,1358.4856119047618,0.4867,0.5081616071428571,118.43235714285727,1814.0740976190475,765.0356452380954,765.0356452380954,765.0356452380954,833.3333333333333,0.0,6619.395981957671,0.0
2025-07-28,0,70,11:40-11:50,1123.4052333333334,1357.4455071428572,0.4939,0.5183049107142857,126.58917857142849,1821.4798654761905,725.8822380952379,725.8822380952379,725.8822380952379,833.3333333333333,0.0,7369.395981957671,0.0
2025-07-28,0,71,11:50-12:00,1087.4516666666666,1360.1589285714285,0.592,0.6198093750000001,115.72785714285688,1928.203338690476,676.3539285714282,676.3539285714282,676.3539285714282,833.3333333333333,0.0,8119.395981957671,0.0
2025-07-28,0,72,12:00-12:10,1100.0088,1370.5605857142857,0.6117,0.6394013392857143,133.5590285714287,2150.983398214285,279.3637779835411,279.3637779835411,279.3637779835411,416.35653512639794,0.0,8494.11686357143,0.0
2025-07-28,0,73,12:10-12:20,1101.1256833333332,1367.2833,0.5723,0.5962339285714288,121.91693571428544,2241.4265261904757,689.0926523809519,689.0926523809519,689.0926523809519,833.3333333333333,0.0,9244.11686357143,0.0
2025-07-28,0,74,12:20-12:30,1083.3933333333332,1347.0857142857142,0.5274,0.5496620535714286,153.805892857143,2175.9449869047608,723.4468452380952,723.4468452380952,723.4468452380952,833.3333333333333,0.0,9994.11686357143,0.0
2025-07-28,0,75,12:30-12:40,1098.6056833333332,1327.0432309523808,0.5349,0.5636959821428571,150.70002142857174,2101.4165642857133,755.5958071428574,755.5958071428574,755.5958071428574,833.3333333333333,0.0,10744.11686357143,0.0
2025-07-28,0,76,12:40-12:50,1128.8766333333333,1308.043261904762,0.719,0.7508892857142854,155.59758571428574,2038.5302089285708,0.0,0.0,0.0,23.569042857142904,0.0,10765.329002142858,0.0
2025-07-28,0,77,12:50-13:00,1145.3233333333333,1290.1080357142857,0.9428,0.972124107142857,132.1548214285712,1965.9413166666661,0.0,0.0,0.0,12.6298809523812,0.0,10776.695895,0.0
2025-07-28,0,78,13:00-13:10,1141.90105,1273.2009309523808,0.9279,0.9578075892857143,105.40643095238102,1826.3081619047614,0.0,0.0,0.0,25.893449999999802,0.0,10800.0,0.0
2025-07-28,0,79,13:10-13:20,1170.6959499999998,1244.336569047619,0.9284,0.9596736607142857,105.97213095238082,1685.5785624999994,32.33151190476178,32.33151190476178,32.33151190476178,0.0,-0.0,10800.0,0.0
2025-07-28,0,80,13:20-13:30,1203.6833333333334,1211.9714285714285,0.9881,1.019521875,97.81172619047629,1620.3759345238095,0.0,0.0,0.0,0.0,89.52363095238115,10700.5292989418,0.0
2025-07-28,0,81,13:30-13:40,1159.9844833333332,1198.2406309523808,0.9212,0.9547236607142858,114.98794285714274,1643.6447291666668,76.73179523809517,76.73179523809517,76.73179523809517,0.0,0.0,10700.5292989418,0.0
2025-07-28,0,82,13:40-13:50,1122.00625,1182.047107142857,0.9911,1.0384437500000003,116.59732619047614,1691.479764880952,0.0,0.0,0.0,0.0,56.5564690476192,10637.688777777777,0.0
2025-07-28,0,83,13:50-14:00,1133.1883333333333,1152.1705357142855,1.1845,1.250257142857143,91.65744047619046,1666.5737220238088,0.0,0.0,0.0,0.0,72.67523809523823,10556.938513227513,0.0
2025-07-28,0,84,14:00-14:10,1158.6967666666665,1118.748719047619,1.2057,1.275272321428572,94.10277857142842,1560.2199148809518,0.0,0.0,0.0,0.0,134.05082619047585,10407.99315079365,0.0
2025-07-28,0,85,14:10-14:20,1174.2763833333333,1092.6098452380952,1.1954,1.2607129464285711,121.34627857142857,1498.5181559523803,0.0,0.0,0.0,0.0,203.01281666666682,10182.423354497354,0.0
2025-07-28,0,86,14:20-14:30,1167.4666666666667,1063.6732142857143,1.2642,1.328165625,107.90791666666667,1413.6606333333327,0.0,0.0,0.0,0.0,211.70136904761898,9947.199611111111,0.0
2025-07-28,0,87,14:30-14:40,1146.5938333333334,1013.4320738095237,1.33,1.398640625,125.05380714285721,1407.1931160714284,0.0,0.0,0.0,0.0,258.215566666667,9660.293425925925,0.0
2025-07-28,0,88,14:40-14:50,1166.6616333333332,971.6953285714286,1.1292,1.1899665178571428,116.89139047619051,1323.2580232142857,0.0,0.0,0.0,0.0,311.85769523809506,9313.784875661375,0.0
2025-07-28,0,89,14:50-15:00,1216.3766666666666,949.0749999999998,0.7864,0.8279361607142854,120.30273809523798,1227.9730470238094,387.6044047619048,387.6044047619048,387.6044047619048,0.0,0.0,9313.784875661375,0.0
2025-07-28,0,90,15:00-15:10,1227.88535,925.6957785714285,0.7172,0.749716964285714,110.89172857142853,1279.6982553571427,1246.4146333333333,1246.4146333333333,1246.4146333333333,833.3333333333333,0.0,10063.784875661375,0.0
2025-07-28,0,91,15:10-15:20,1217.3241833333332,886.5222880952383,0.7799,0.8155834821428574,86.22656190476187,1295.6687565476188,1235.0452619635512,1235.0452619635512,1235.0452619635512,818.0168048206946,0.0,10800.0,0.0
2025-07-28,0,92,15:20-15:30,1193.7516666666666,835.58125,0.8282,0.86924375,69.92386904761906,1231.2937696428571,428.09428571428566,428.09428571428566,428.09428571428566,0.0,0.0,10800.0,0.0
2025-07-28,0,93,15:30-15:40,1154.8979666666667,789.5313261904762,0.8585,0.8954517857142862,92.02262380952371,1136.8289630952377,457.38926428571426,457.38926428571426,457.38926428571426,0.0,0.0,10800.0,0.0
2025-07-28,0,94,15:40-15:50,1164.8045833333333,745.8409404761903,0.8787,0.9107209821428571,87.27817142857168,1132.0444369047616,506.2418142857148,506.2418142857148,506.2418142857148,0.0,0.0,10800.0,0.0
2025-07-28,0,95,15:50-16:00,1211.1216666666664,703.9428571428571,0.9064,0.9376441964285717,102.09011904761897,1165.751030357143,609.2689285714284,609.2689285714284,609.2689285714284,0.0,0.0,10800.0,0.0
2025-07-28,0,96,16:00-16:10,1210.587,666.3017238095238,0.9519,0.9832607142857144,73.35887142857138,1148.5545125,617.6441476190475,617.6441476190475,617.6441476190475,0.0,0.0,10800.0,0.0
2025-07-28,0,97,16:10-16:20,1170.6658,620.5017309523809,0.9669,0.9978919642857141,76.87238095238109,1123.6258904761905,627.0364500000002,627.0364500000002,627.0364500000002,0.0,0.0,10800.0,0.0
2025-07-28,0,98,16:20-16:30,1150.485,568.7383928571428,0.9488,0.9791093750000002,97.93500000000017,1137.1344375000006,679.6816071428573,679.6816071428573,679.6816071428573,0.0,0.0,10800.0,0.0
2025-07-28,0,99,16:30-16:40,1200.5364,525.2299119047619,0.9486,0.978614285714286,89.93659761904769,1019.0148553571436,765.2430857142857,765.2430857142857,765.2430857142857,0.0,0.0,10800.0,0.0
2025-07-28,0,100,16:40-16:50,1229.4747,479.2892023809525,0.9851,1.0144415178571429,101.94744047619048,874.9932011904768,852.1329380952379,852.1329380952379,852.1329380952379,0.0,-0.0,10800.0,0.0
2025-07-28,0,101,16:50-17:00,1213.0666666666666,428.25892857142856,1.038,1.0661758928571428,76.2044047619047,841.311407738096,861.0121428571427,861.0121428571427,861.0121428571427,-0.0,0.0,10800.0,0.0
2025-07-28,0,102,17:00-17:10,1215.7450166666665,380.760288095238,1.0705,1.0978120535714284,79.86257380952361,858.1367577380956,914.8473023809521,914.8473023809521,914.8473023809521,0.0,0.0,10800.0,0.0
2025-07-28,0,103,17:10-17:20,1244.7444,333.0312642857143,1.1003,1.1274950892857145,91.67820476190468,873.1877833333335,1003.3913404761904,1003.3913404761904,1003.3913404761904,0.0,0.0,10800.0,0.0
2025-07-28,0,104,17:20-17:30,1283.96,285.6973214285714,1.1328,1.1602455357142856,93.61077380952383,951.3949821428571,1091.8734523809526,1091.8734523809526,1091.8734523809526,0.0,0.0,10800.0,0.0
2025-07-28,0,105,17:30-17:40,1294.8435333333332,244.3794714285714,1.169,1.1961517857142854,101.89284523809522,949.5098339285713,1152.356907142857,1152.356907142857,1152.356907142857,0.0,0.0,10800.0,0.0
2025-07-28,0,106,17:40-17:50,1187.4501166666666,204.37777142857138,1.287,1.3130714285714287,88.53076904761895,942.7542547619046,1071.6031142857144,1071.6031142857144,1071.6031142857144,0.0,0.0,10800.0,0.0
2025-07-28,0,107,17:50-18:00,1012.385,164.36874999999998,1.4056,1.429233928571429,78.22994047619045,926.0352041666665,926.2461904761905,926.2461904761905,926.2461904761905,0.0,0.0,10800.0,0.0
2025-07-28,0,108,18:00-18:10,926.3452166666666,127.66292380952379,1.3554,1.3753821428571436,74.70435952380956,859.1672630952378,873.3866523809523,873.3866523809523,873.3866523809523,0.0,0.0,10800.0,0.0
2025-07-28,0,109,18:10-18:20,899.44715,92.05346428571427,1.3223,1.3420357142857147,81.1401428571429,866.1424226190468,888.5338285714286,888.5338285714286,888.5338285714286,0.0,0.0,10800.0,0.0
2025-07-28,0,110,18:20-18:30,905.8533333333332,56.37589285714285,1.3611,1.381794196428571,85.26964285714268,922.9376880952375,934.7470833333331,934.7470833333331,934.7470833333331,0.0,0.0,10800.0,0.0
2025-07-28,0,111,18:30-18:40,954.1748166666666,23.860595238095236,1.3703,1.3890875000000003,80.22453809523813,915.9035511904756,1010.5387595238095,1010.5387595238095,1010.5387595238095,0.0,0.0,10800.0,0.0
2025-07-28,0,112,18:40-18:50,984.0708166666666,4.860354761904762,1.5019,1.5347736607142852,96.90337142857163,843.0271886904758,1076.1138333333336,1076.1138333333336,1076.1138333333336,0.0,-0.0,10800.0,0.0
2025-07-28,0,113,18:50-19:00,980.1466666666666,0.0,1.6991,1.7544531250000002,76.67333333333352,930.6476214285713,223.4866666666669,223.4866666666669,223.4866666666669,0.0,833.3333333333333,9874.074074074075,0.0
2025-07-28,0,114,19:00-19:10,978.23355,0.011223809523809525,1.7176,1.7748495535714282,72.04219999999998,947.3667136904761,216.93119285714306,216.93119285714306,216.93119285714306,0.0,833.3333333333333,8948.14814814815,0.0
2025-07-28,0,115,19:10-19:20,968.9110666666667,0.09675238095238095,1.6565,1.7089883928571432,76.96419285714285,871.6815517857143,545.734938095237,545.734938095237,545.734938095237,0.0,500.04356904762005,8392.544182539683,0.0
2025-07-28,0,116,19:20-19:30,950.8649999999999,0.0,1.6318,1.6840308035714282,75.07499999999993,902.8060999999999,1025.9399999999998,1025.9399999999998,1025.9399999999998,0.0,0.0,8392.544182539683,0.0
2025-07-28,0,117,19:30-19:40,942.6322666666666,0.0008047619047619046,1.6621,1.7158691964285713,67.91159999999991,926.6931833333332,177.2097285714285,177.2097285714285,177.2097285714285,0.0,833.3333333333333,7466.618256613757,0.0
2025-07-28,0,118,19:40-19:50,959.7804833333332,0.006942857142857143,1.6692,1.7235504464285722,69.00076428571435,907.486783333333,195.4409714285714,195.4409714285714,195.4409714285714,0.0,833.3333333333333,6540.692330687831,0.0
2025-07-28,0,119,19:50-20:00,972.7983333333333,0.0,1.656,1.7103821428571426,72.05833333333328,867.4797648809522,211.5233333333333,211.5233333333333,211.5233333333333,0.0,833.3333333333333,5614.766404761905,0.0
2025-07-28,0,120,20:00-20:10,938.0263333333334,3.3333333333333335e-05,1.6878,1.743553571428571,99.9396333333334,814.4418666666663,204.63260000000014,204.63260000000014,204.63260000000014,0.0,833.3333333333333,4688.8404788359785,0.0
2025-07-28,0,121,20:10-20:20,928.40415,0.0004976190476190475,1.6731,1.7277370535714278,89.00022619047604,814.4031874999997,184.07054523809518,184.07054523809518,184.07054523809518,0.0,833.3333333333333,3762.9145529100524,0.0
2025-07-28,0,122,20:20-20:30,972.0933333333334,0.0,1.6568,1.7104125000000003,103.6433333333332,786.9458601190473,242.40333333333342,242.40333333333342,242.40333333333342,0.0,833.3333333333333,2836.9886269841263,0.0
2025-07-28,0,123,20:30-20:40,1016.7092666666667,0.0,1.7317,1.7881549107142856,65.43219999999997,732.2421101190472,248.80813333333344,248.80813333333344,248.80813333333344,0.0,833.3333333333333,1911.0627010582004,0.0
2025-07-28,0,124,20:40-20:50,990.7828166666666,0.0,1.5021,1.543897321428571,56.475742857142905,639.9564309523804,987.9010702380955,987.9010702380955,987.9010702380955,0.0,59.357489285713996,1845.109935185185,0.0
2025-07-28,0,125,20:50-21:00,942.8616666666667,0.0,1.0871,1.1050191964285714,84.01333333333332,580.5989416666663,1026.875,1026.875,1026.875,0.0,0.0,1845.109935185185,0.0
2025-07-28,0,126,21:00-21:10,987.2692666666667,0.0,1.0357,1.052981696428572,88.68583333333333,578.949641666666,1108.5500125514404,1108.5500125514404,1108.5500125514404,32.59491255144035,0.0,1874.4453564814812,0.0
2025-07-28,0,127,21:10-21:20,1011.8880333333333,0.0,1.0764,1.1019486607142859,81.55200000000002,596.4205374999993,1093.4400333333333,1093.4400333333333,1093.4400333333333,0.0,0.0,1874.4453564814812,0.0
2025-07-28,0,128,21:20-21:30,990.7883333333332,0.0,1.0865,1.1138026785714283,85.89833333333331,607.000820833333,1076.6866666666665,1076.6866666666665,1076.6866666666665,0.0,0.0,1874.4453564814812,0.0
2025-07-28,0,129,21:30-21:40,994.1326666666666,0.0,1.1741,1.1955089285714287,77.11993333333339,564.1141541666663,956.1152916666665,956.1152916666665,956.1152916666665,0.0,115.13730833333346,1746.5150138888885,0.0
2025-07-28,0,130,21:40-21:50,908.0020333333333,0.0,0.9522,0.9711209821428569,53.69331666666665,491.8635124999996,892.9300374999999,892.9300374999999,892.9300374999999,0.0,68.76531250000001,1670.1091111111107,0.0
2025-07-28,0,131,21:50-22:00,757.2366666666667,0.0,0.5482,0.5698334821428571,87.11500000000012,423.0981999999997,884.3196193415639,884.3196193415639,884.3196193415639,39.96795267489713,0.0,1706.080268518518,0.0
2025-07-28,0,132,22:00-22:10,705.5308499999999,0.0,0.5153,0.5372482142857142,72.27215000000001,455.4722416666663,1611.1363333333331,1611.1363333333331,1611.1363333333331,833.3333333333333,0.0,2456.080268518518,0.0
2025-07-28,0,133,22:10-22:20,727.3927999999999,0.0,0.5585,0.5814709821428571,85.93656666666652,423.0993749999999,813.3293666666664,813.3293666666664,813.3293666666664,0.0,0.0,2456.080268518518,0.0
2025-07-28,0,134,22:20-22:30,767.3833333333333,0.0,0.5158,0.5400776785714286,88.09000000000003,398.94712499999974,1688.8066666666666,1688.8066666666666,1688.8066666666666,833.3333333333333,0.0,3206.080268518518,0.0
2025-07-28,0,135,22:30-22:40,792.6198999999999,0.0,0.5351,0.556747767857143,91.18766666666659,350.8125666666665,1717.1408999999999,1717.1408999999999,1717.1408999999999,833.3333333333333,0.0,3956.080268518518,0.0
2025-07-28,0,136,22:40-22:50,784.3939499999999,0.0,0.594,0.614792857142857,61.23646666666673,323.29707499999984,845.6304166666666,845.6304166666666,845.6304166666666,0.0,0.0,3956.080268518518,0.0
2025-07-28,0,137,22:50-23:00,762.2616666666665,0.0,0.6178,0.6406098214285715,64.72500000000002,252.0010666666662,826.9866666666666,826.9866666666666,826.9866666666666,0.0,0.0,3956.080268518518,0.0
2025-07-28,0,138,23:00-23:10,763.4663666666667,0.0,0.5606,0.5838647321428568,83.81395000000009,214.14369583333306,847.2803166666667,847.2803166666667,847.2803166666667,0.0,0.0,3956.080268518518,0.0
2025-07-28,0,139,23:10-23:20,758.4890666666666,0.0,0.5137,0.5377343749999998,84.37098333333347,186.39960416666656,1676.1933833333333,1676.1933833333333,1676.1933833333333,833.3333333333333,0.0,4706.080268518518,0.0
2025-07-28,0,140,23:20-23:30,751.3816666666667,0.0,0.5212,0.5459736607142858,82.9183333333333,144.14814999999993,1667.6333333333332,1667.6333333333332,1667.6333333333332,833.3333333333333,0.0,5456.080268518518,0.0
2025-07-28,0,141,23:30-23:40,776.9767833333333,0.0,0.547,0.5697401785714286,90.00511666666671,115.5645249999999,866.9819,866.9819,866.9819,0.0,0.0,5456.080268518518,0.0
2025-07-28,0,142,23:40-23:50,792.7875666666666,0.0,0.5599,0.580807589285714,73.48784999999998,80.2542166666666,866.2754166666666,866.2754166666666,866.2754166666666,0.0,0.0,5456.080268518518,0.0
2025-07-28,0,143,23:50-24:00,785.1183333333333,0.0,0.5442,0.5652209821428571,89.39333333333343,46.13208333333321,1478.8669238683133,1478.8669238683133,1478.8669238683133,604.3552572016465,0.0,6000.0,0.0
2025-07-29,0,0,0:00-0:10,781.6050666666666,0.0,0.5133,0.5344674107142856,72.25406666666663,1240.1431869047615,853.8591333333333,853.8591333333333,853.8591333333333,0.0,0.0,8242.04453439815,0.0
2025-07-29,0,1,0:10-0:20,781.0237999999999,0.0,0.5388,0.5596794642857141,80.4742,1270.8664023809524,861.4979999999999,861.4979999999999,861.4979999999999,0.0,0.0,8242.04453439815,0.0
2025-07-29,0,2,0:20-0:30,786.315,0.0,0.6044,0.6239857142857143,72.22500000000002,1290.290331547619,25.20666666666682,25.20666666666682,25.20666666666682,0.0,833.3333333333333,7316.118608472224,0.0
2025-07-29,0,3,0:30-0:40,803.6245999999999,0.0,0.617,0.636970982142857,79.58943333333332,1303.6549148809522,49.88069999999993,49.88069999999993,49.88069999999993,0.0,833.3333333333333,6390.192682546298,0.0
2025-07-29,0,4,0:40-0:50,805.9769666666666,0.0,0.5876,0.6087093750000002,67.45838333333324,1325.1168345238102,40.1020166666666,40.1020166666666,40.1020166666666,0.0,833.3333333333333,5464.266756620372,0.0
2025-07-29,0,5,0:50-1:00,796.975,0.0,0.5667,0.5876580357142857,83.72833333333335,1353.7645636904767,880.7033333333334,880.7033333333334,880.7033333333334,0.0,0.0,5464.266756620372,0.0
2025-07-29,0,6,1:00-1:10,796.6437333333333,0.0,0.5865,0.6047049107142854,87.29025000000001,1400.3321690476198,50.60065000000009,50.60065000000009,50.60065000000009,0.0,833.3333333333333,4538.340830694446,0.0
2025-07-29,0,7,1:10-1:20,740.6348833333333,0.0,0.561,0.5760258928571428,75.58381666666673,1328.4760452380954,816.2187,816.2187,816.2187,0.0,0.0,4538.340830694446,0.0
2025-07-29,0,8,1:20-1:30,677.2516666666667,0.0,0.5113,0.5260549107142857,85.23666666666668,1290.9059452380957,762.4883333333333,762.4883333333333,762.4883333333333,0.0,0.0,4538.340830694446,0.0
2025-07-29,0,9,1:30-1:40,728.3613666666666,0.0,0.5405,0.5587058035714285,77.4766166666667,1316.2296952380952,805.8379833333333,805.8379833333333,805.8379833333333,0.0,0.0,4538.340830694446,0.0
2025-07-29,0,10,1:40-1:50,778.0068166666666,0.0,0.5409,0.5566709821428572,78.1231166666667,1276.364919047619,856.1299333333334,856.1299333333334,856.1299333333334,0.0,0.0,4538.340830694446,0.0
2025-07-29,0,11,1:50-2:00,754.23,0.0,0.4885,0.4993624999999998,64.54999999999995,1231.2377190476188,818.78,818.78,818.78,0.0,0.0,4538.340830694446,0.0
2025-07-29,0,12,2:00-2:10,700.5623833333334,0.0,0.4694,0.48514910714285703,80.60446666666667,1210.0157696428569,1071.899260339505,1071.899260339505,1071.899260339505,290.7324103395048,0.0,4800.0,0.0
2025-07-29,0,13,2:10-2:20,697.7896000000001,0.0,0.4599,0.47615624999999995,70.56996666666657,1194.5100005952374,1601.6929,1601.6929,1601.6929,833.3333333333333,0.0,5550.0,0.0
2025-07-29,0,14,2:20-2:30,721.4433333333333,0.0,0.4434,0.4541120535714288,62.37833333333333,1172.569926190476,1617.1549999999997,1617.1549999999997,1617.1549999999997,833.3333333333333,0.0,6300.0,0.0
2025-07-29,0,15,2:30-2:40,680.1793833333334,0.0,0.4372,0.4487218749999998,38.22351666666668,1137.1315160714285,1551.7362333333333,1551.7362333333333,1551.7362333333333,833.3333333333333,0.0,7050.0,0.0
2025-07-29,0,16,2:40-2:50,664.3343,0.0,0.4515,0.4625334821428573,43.98503333333326,1028.7162720238102,1541.6526666666664,1541.6526666666664,1541.6526666666664,833.3333333333333,0.0,7800.0,0.0
2025-07-29,0,17,2:50-3:00,709.1283333333333,0.0,0.4839,0.4925620535714287,61.25,976.6278136904766,770.3783333333333,770.3783333333333,770.3783333333333,0.0,0.0,7800.0,0.0
2025-07-29,0,18,3:00-3:10,754.8229833333332,0.0,0.5198,0.5318660714285716,48.772433333333424,934.0675321428575,803.5954166666667,803.5954166666667,803.5954166666667,0.0,0.0,7800.0,0.0
2025-07-29,0,19,3:10-3:20,769.9586666666667,0.0,0.5364,0.5495991071428572,56.477250000000026,865.3131815476195,826.4359166666667,826.4359166666667,826.4359166666667,0.0,0.0,7800.0,0.0
2025-07-29,0,20,3:20-3:30,753.6266666666667,0.0,0.5252,0.5351281250000001,53.32999999999993,827.596377380953,806.9566666666666,806.9566666666666,806.9566666666666,0.0,0.0,7800.0,0.0
2025-07-29,0,21,3:30-3:40,727.1675166666666,0.000330952380952381,0.4997,0.5082669642857143,44.70804047619049,803.6055440476193,771.8752261904762,771.8752261904762,771.8752261904762,0.0,0.0,7800.0,0.0
2025-07-29,0,22,3:40-3:50,711.0473499999999,0.00022619047619047618,0.4978,0.5069218749999999,41.42473333333328,731.255429166667,752.4718571428571,752.4718571428571,752.4718571428571,0.0,0.0,7800.0,0.0
2025-07-29,0,23,3:50-4:00,715.685,0.0,0.5135,0.5232941964285714,41.42666666666673,617.5758708333337,757.1116666666667,757.1116666666667,757.1116666666667,0.0,0.0,7800.0,0.0
2025-07-29,0,24,4:00-4:10,732.64345,0.004688095238095238,0.5096,0.5190464285714286,54.32136190476194,533.9287875000003,786.9601238095239,786.9601238095239,786.9601238095239,0.0,0.0,7800.0,0.0
2025-07-29,0,25,4:10-4:20,719.0858666666666,0.003135714285714285,0.517,0.5266808035714287,56.83428333333336,475.2855458333337,775.9170142857142,775.9170142857142,775.9170142857142,0.0,0.0,7800.0,0.0
2025-07-29,0,26,4:20-4:30,684.9133333333332,0.0,0.5154,0.5243254464285715,51.418333333333294,433.35794583333364,736.3316666666665,736.3316666666665,736.3316666666665,0.0,0.0,7800.0,0.0
2025-07-29,0,27,4:30-4:40,681.7231666666667,0.0653095238095238,0.4577,0.46205892857142866,48.26339999999993,387.34866607142874,1563.2545904761903,1563.2545904761903,1563.2545904761903,833.3333333333333,0.0,8550.0,0.0
2025-07-29,0,28,4:40-4:50,684.4235166666667,0.04368571428571428,0.46,0.4635133928571428,50.51871666666659,339.6190184523804,1568.2318809523808,1568.2318809523808,1568.2318809523808,833.3333333333333,0.0,9300.0,0.0
2025-07-29,0,29,4:50-5:00,681.2016666666666,0.0,0.5265,0.534578125,65.56642857142856,314.8328797619044,746.7680952380952,746.7680952380952,746.7680952380952,0.0,0.0,9300.0,0.0
2025-07-29,0,30,5:00-5:10,687.3460333333334,3.753052380952381,0.5425,0.5541455357142858,49.08228809523814,331.2966833333329,732.6752690476192,732.6752690476192,732.6752690476192,0.0,0.0,9300.0,0.0
2025-07-29,0,31,5:10-5:20,693.7331,21.922238095238093,0.5276,0.5372308035714285,47.63414761904767,366.7492178571426,719.4450095238096,719.4450095238096,719.4450095238096,0.0,0.0,9300.0,0.0
2025-07-29,0,32,5:20-5:30,677.515,54.648214285714275,0.4737,0.4804419642857142,53.913452380952435,348.51617142857106,1510.1135714285715,1510.1135714285715,1510.1135714285715,833.3333333333333,0.0,10050.0,0.0
2025-07-29,0,33,5:30-5:40,643.4448833333333,91.21370952380951,0.3953,0.406283482142857,51.18924285714286,403.0098982142856,1436.7537499999999,1436.7537499999999,1436.7537499999999,833.3333333333333,0.0,10800.0,0.0
2025-07-29,0,34,5:40-5:50,726.4222499999998,127.58674523809522,0.6257,0.6351566964285714,53.467630952381,479.63862559523784,652.3031357142856,652.3031357142856,652.3031357142856,-0.0,0.0,10800.0,0.0
2025-07-29,0,35,5:50-6:00,882.6816666666666,164.61160714285717,0.9894,0.9923156249999999,40.39422619047616,542.8643577380951,0.0,0.0,0.0,0.0,758.4642857142856,9957.261904761905,0.0
2025-07-29,0,36,6:00-6:10,914.9587166666666,205.01551666666663,0.9514,0.9572035714285716,33.32984285714292,565.9544660714284,0.0,0.0,0.0,0.0,743.273042857143,9131.402968253968,0.0
2025-07-29,0,37,6:10-6:20,857.4878833333333,246.8890238095238,0.8757,0.887307142857143,39.066609523809575,633.784929761905,0.0,0.0,0.0,0.0,649.6654690476191,8409.552447089947,0.0
2025-07-29,0,38,6:20-6:30,813.1183333333333,289.4535714285714,0.9295,0.9425165178571426,62.80000000000007,765.5240089285717,0.0,0.0,0.0,0.0,586.464761904762,7757.924933862434,0.0
2025-07-29,0,39,6:30-6:40,850.5479833333334,334.12390952380946,0.9136,0.923280357142857,52.695542857142925,861.1857946428576,0.0,0.0,0.0,0.0,569.1196166666668,7125.569804232804,0.0
2025-07-29,0,40,6:40-6:50,872.6788666666666,381.75116904761904,0.8696,0.8795772321428574,47.22947619047608,884.0227678571432,0.0,0.0,0.0,0.0,538.1571738095238,6527.617388888889,0.0
2025-07-29,0,41,6:50-7:00,842.8483333333334,432.07232142857134,0.8262,0.8403227678571433,41.90898809523816,868.2477827380953,452.6850000000001,452.6850000000001,452.6850000000001,0.0,0.0,6527.617388888889,0.0
2025-07-29,0,42,7:00-7:10,825.0462,483.568519047619,0.7614,0.7756718750000002,36.86408809523812,844.8879910714288,378.3417690476191,378.3417690476191,378.3417690476191,0.0,0.0,6527.617388888889,0.0
2025-07-29,0,43,7:10-7:20,872.44625,533.5784261904762,0.7561,0.7677495535714287,46.8959261904763,833.5666773809528,385.7637500000001,385.7637500000001,385.7637500000001,0.0,0.0,6527.617388888889,0.0
2025-07-29,0,44,7:20-7:30,908.8466666666666,581.2133928571427,0.7584,0.7693602678571432,51.18595238095236,852.6076952380954,378.81922619047623,378.81922619047623,378.81922619047623,0.0,0.0,6527.617388888889,0.0
2025-07-29,0,45,7:30-7:40,833.1660333333332,626.9683571428571,0.6728,0.6881473214285716,70.340507142857,879.346936309524,545.093907907112,545.093907907112,545.093907907112,268.555724573779,0.0,6769.31754100529,0.0
2025-07-29,0,46,7:40-7:50,928.3463499999999,668.7893738095238,0.8415,0.8589379464285712,66.32740000000001,884.2133690476193,0.0,0.0,0.0,0.0,325.88437619047613,6407.223789682539,0.0
2025-07-29,0,47,7:50-8:00,1150.1583333333333,706.4285714285713,1.1757,1.1906160714285714,64.25363095238083,917.6928404761908,0.0,0.0,0.0,0.0,507.9833928571427,5842.797797619047,0.0
2025-07-29,0,48,8:00-8:10,1154.9389833333332,744.7753380952379,1.1998,1.212014285714286,58.21193571428569,915.8859505952382,0.0,0.0,0.0,0.0,468.37558095238114,5322.380485449735,0.0
2025-07-29,0,49,8:10-8:20,1092.9586,798.1467357142856,1.0586,1.0686205357142857,61.15888333333328,865.2485238095237,0.0,0.0,0.0,0.0,355.97074761904764,4926.857432539682,0.0
2025-07-29,0,50,8:20-8:30,1093.4133333333332,854.5642857142857,0.9706,0.9812540178571426,81.22470238095252,942.7539238095234,0.0,0.0,0.0,0.0,320.07375,4571.219932539682,0.0
2025-07-29,0,51,8:30-8:40,1130.9341,886.2942642857143,1.0137,1.0301477678571431,71.32669047619038,1017.9910523809519,0.0,0.0,0.0,0.0,315.966526190476,4220.146014550264,0.0
2025-07-29,0,52,8:40-8:50,1160.1818166666667,916.0905261904761,1.0577,1.0771214285714288,78.98176904761897,1063.6205249999998,0.0,0.0,0.0,0.0,323.07305952380943,3861.175948412698,0.0
2025-07-29,0,53,8:50-9:00,1164.2916666666665,957.0562499999999,1.0441,1.0611281250000002,94.84428571428577,1084.8983499999995,0.0,0.0,0.0,0.0,302.07970238095254,3525.531834656084,0.0
2025-07-29,0,54,9:00-9:10,1157.4990333333333,1000.408219047619,1.0281,1.042387053571429,97.44426428571433,1090.0199720238093,0.0,0.0,0.0,0.0,254.53507857142858,3242.71508068783,0.0
2025-07-29,0,55,9:10-9:20,1150.9207666666666,1040.573138095238,1.0286,1.0426433035714284,91.54188095238084,1187.6090999999997,0.0,0.0,0.0,0.0,201.88950952380947,3018.3934034391527,0.0
2025-07-29,0,56,9:20-9:30,1149.7333333333331,1082.2875,1.0098,1.0233366071428571,74.32726190476183,1260.537464880952,0.0,0.0,0.0,0.0,141.77309523809504,2860.8677420634917,0.0
2025-07-29,0,57,9:30-9:40,1151.8050333333333,1132.3872833333335,0.9458,0.9562540178571425,83.74383333333338,1308.6157386904756,0.0,0.0,0.0,0.0,103.16158333333328,2746.2437605820105,0.0
2025-07-29,0,58,9:40-9:50,1145.96995,1170.2119714285714,1.0166,1.0392897321428571,79.66128095238093,1348.7804416666665,0.0,0.0,0.0,0.0,55.419259523809615,2684.6668055555556,0.0
2025-07-29,0,59,9:50-10:00,1140.5616666666665,1194.1008928571428,1.1889,1.2342464285714285,97.51208333333346,1286.5300720238092,0.0,0.0,0.0,0.0,43.972857142857265,2635.808075396825,0.0
2025-07-29,0,60,10:00-10:10,1150.41475,1218.2328214285712,1.2273,1.2803758928571427,90.04415238095243,1292.2272678571426,0.0,0.0,0.0,0.0,22.226080952381153,2611.1124298941795,0.0
2025-07-29,0,61,10:10-10:20,1132.9407833333332,1218.4093142857141,1.1506,1.2010933035714282,89.42712857142851,1141.8226160714285,0.0,0.0,0.0,0.0,3.958597619047623,2606.7139880952377,0.0
2025-07-29,0,62,10:20-10:30,1108.1683333333333,1209.8723214285712,1.1185,1.1669053571428571,101.93499999999995,1127.9823351190473,0.0,0.0,0.0,0.0,0.23101190476199918,2606.457308201058,0.0
2025-07-29,0,63,10:30-10:40,1140.2388666666666,1237.0761238095236,1.2241,1.2746299107142858,116.19825000000031,1033.5891023809522,0.0,0.0,0.0,0.0,19.3609928571434,2584.945093915343,0.0
2025-07-29,0,64,10:40-10:50,1163.8531333333333,1265.593276190476,1.0272,1.066763392857143,108.46314761904745,942.5634041666669,0.0,0.0,0.0,0.0,6.723004761904804,2577.475088624338,0.0
2025-07-29,0,65,10:50-11:00,1147.6666666666665,1275.9901785714285,0.6249,0.6456299107142857,108.39690476190496,1034.0323375,782.8788499412121,782.8788499412121,782.8788499412121,802.8054570840691,0.0,3300.0,0.0
2025-07-29,0,66,11:00-11:10,1127.9708333333333,1284.6982190476192,0.5678,0.5858950892857143,124.23481190476204,1072.4572392857142,800.8407595238093,800.8407595238093,800.8407595238093,833.3333333333333,0.0,4050.0,0.0
2025-07-29,0,67,11:10-11:20,1141.0616499999999,1309.2875095238096,0.552,0.572670982142857,119.46776666666665,1102.6596684523813,784.5752404761902,784.5752404761902,784.5752404761902,833.3333333333333,0.0,4800.0,0.0
2025-07-29,0,68,11:20-11:30,1179.62,1337.7303571428572,0.4596,0.48075714285714277,128.45107142857142,1243.8218541666674,803.6740476190473,803.6740476190473,803.6740476190473,833.3333333333333,0.0,5550.0,0.0
2025-07-29,0,69,11:30-11:40,1197.1646999999998,1341.810364285714,0.4921,0.5155772321428571,118.43235714285727,1515.960291666668,807.1200261904762,807.1200261904762,807.1200261904762,833.3333333333333,0.0,6300.0,0.0
2025-07-29,0,70,11:40-11:50,1164.8347166666667,1345.3187142857141,0.5083,0.533936607142857,126.58917857142849,1654.3878011904776,779.4385142857143,779.4385142857143,779.4385142857143,833.3333333333333,0.0,7050.0,0.0
2025-07-29,0,71,11:50-12:00,1121.3366666666666,1357.6696428571427,0.4693,0.495697767857143,141.6414285714285,1670.7831267857155,738.6417857142858,738.6417857142858,738.6417857142858,833.3333333333333,0.0,7800.0,0.0
2025-07-29,0,72,12:00-12:10,1128.3399166666666,1362.0777666666665,0.4877,0.5138607142857142,135.91411428571413,1707.3416089285724,735.5095976190473,735.5095976190473,735.5095976190473,833.3333333333333,0.0,8550.0,0.0
2025-07-29,0,73,12:10-12:20,1095.2384833333333,1348.5222404761903,0.5166,0.5390816964285715,121.91693571428544,1711.9952946428577,701.9665119047618,701.9665119047618,701.9665119047618,833.3333333333333,0.0,9300.0,0.0
2025-07-29,0,74,12:20-12:30,1043.6983333333333,1326.0616071428572,0.5114,0.5317147321428571,153.805892857143,1660.5576744047626,704.7759523809523,704.7759523809523,704.7759523809523,833.3333333333333,0.0,10050.0,0.0
2025-07-29,0,75,12:30-12:40,1096.42475,1312.964611904762,0.5122,0.5396348214285716,150.70002142857174,1615.5789690476195,767.4934928571429,767.4934928571429,767.4934928571429,833.3333333333333,0.0,10800.0,0.0
2025-07-29,0,76,12:40-12:50,1178.12275,1296.907580952381,0.706,0.7368491071428572,155.59758571428574,1585.527019642858,36.81275476190467,36.81275476190467,36.81275476190467,0.0,0.0,10800.0,0.0
2025-07-29,0,77,12:50-13:00,1206.9666666666667,1278.2571428571428,0.9633,0.9911299107142856,132.1548214285712,1553.3645458333342,48.134026523808735,48.134026523808735,48.134026523808735,0.0,12.730318714286476,10785.85520142857,0.0
2025-07-29,0,78,13:00-13:10,1168.2707666666665,1268.3729428571428,0.9542,0.9822562499999998,105.40643095238102,1514.022273214286,5.304254761904758,5.304254761904758,5.304254761904758,0.0,0.0,10785.85520142857,0.0
2025-07-29,0,79,13:10-13:20,1135.5804166666667,1242.1711976190477,0.9403,0.969288392857143,90.87433809523768,1397.2965476190482,0.0,0.0,0.0,15.71644285714342,0.0,10800.0,0.0
2025-07-29,0,80,13:20-13:30,1162.7816666666665,1203.65625,1.0087,1.0376325892857141,94.27315476190499,1345.0522505952388,0.0,0.0,0.0,0.0,53.398571428571586,10740.668253968253,0.0
2025-07-29,0,81,13:30-13:40,1234.4303166666666,1183.699988095238,0.9997,1.0312156249999997,114.1368833333332,1437.4293708333346,0.0,0.0,0.0,0.0,164.8672119047617,10557.482462962962,0.0
2025-07-29,0,82,13:40-13:50,1229.4605333333334,1167.5744785714285,1.0616,1.1063687499999995,115.65714523809524,1453.0086726190486,0.0,0.0,0.0,0.0,177.54320000000007,10360.21224074074,0.0
2025-07-29,0,83,13:50-14:00,1155.3716666666664,1143.0232142857142,1.2004,1.2629772321428576,91.65744047619046,1426.6097845238105,0.0,0.0,0.0,0.0,104.00589285714273,10244.650137566137,0.0
2025-07-29,0,84,14:00-14:10,1136.8142166666667,1112.9783595238096,1.2476,1.3158508928571429,90.57269761904769,1396.950320238096,0.0,0.0,0.0,0.0,114.40855476190472,10117.52952116402,0.0
2025-07-29,0,85,14:10-14:20,1150.5258999999999,1083.51255,1.2308,1.2946325892857142,103.16518333333332,1311.0318529761917,0.0,0.0,0.0,0.0,170.17853333333323,9928.442261904762,0.0
2025-07-29,0,86,14:20-14:30,1169.8883333333333,1051.3232142857144,1.2604,1.3211214285714286,101.1285714285714,1258.670957142858,0.0,0.0,0.0,0.0,219.69369047619034,9684.338161375661,0.0
2025-07-29,0,87,14:30-14:40,1198.2413666666666,1008.5977857142858,1.3697,1.4365031249999995,112.4808190476187,1203.0675047619056,0.0,0.0,0.0,0.0,302.1243999999996,9348.644383597884,0.0
2025-07-29,0,88,14:40-14:50,1217.6171333333332,969.0199642857142,1.1835,1.2428241071428567,108.41142619047582,1244.5850797619055,0.0,0.0,0.0,0.0,357.0085952380948,8951.968166666667,0.0
2025-07-29,0,89,14:50-15:00,1207.52,940.9151785714286,0.7936,0.832010267857143,117.49125000000024,1258.6412011904763,384.0960714285717,384.0960714285717,384.0960714285717,0.0,0.0,8951.968166666667,0.0
2025-07-29,0,90,15:00-15:10,1172.8896833333333,918.4920547619049,0.7009,0.7298785714285715,103.42451666666653,1238.6103529761906,1191.1554785714281,1191.1554785714281,1191.1554785714281,833.3333333333333,0.0,9701.968166666667,0.0
2025-07-29,0,91,15:10-15:20,1201.7803999999999,883.8327904761904,0.7697,0.8020316964285717,82.78711190476173,1227.9484333333335,1234.0680547619045,1234.0680547619045,1234.0680547619045,833.3333333333333,0.0,10451.968166666667,0.0
2025-07-29,0,92,15:20-15:30,1269.2716666666665,838.2133928571429,0.8206,0.8581991071428573,69.5953571428571,1180.9209404761903,500.6536309523808,500.6536309523808,500.6536309523808,0.0,0.0,10451.968166666667,0.0
2025-07-29,0,93,15:30-15:40,1262.969,798.2625166666667,0.8171,0.8502991071428573,92.02262380952371,1057.9539351190483,556.7291071428572,556.7291071428572,556.7291071428572,0.0,0.0,10451.968166666667,0.0
2025-07-29,0,94,15:40-15:50,1251.2176666666664,754.3829999999999,0.8034,0.8316303571428572,80.8249309523809,1141.4659321428576,964.3616346560834,964.3616346560834,964.3616346560834,386.7020370370361,0.0,10800.0,0.0
2025-07-29,0,95,15:50-16:00,1252.61,708.1223214285712,0.8085,0.8367107142857143,98.38333333333316,1150.3226880952382,642.8710119047619,642.8710119047619,642.8710119047619,0.0,0.0,10800.0,0.0
2025-07-29,0,96,16:00-16:10,1221.45305,670.7120452380951,0.829,0.8587839285714286,72.13709285714287,1097.8450541666666,622.8780976190477,622.8780976190477,622.8780976190477,0.0,0.0,10800.0,0.0
2025-07-29,0,97,16:10-16:20,1235.04205,621.6883571428571,0.8666,0.8959406250000003,76.87238095238109,1078.6865053571428,690.226073809524,690.226073809524,690.226073809524,0.0,0.0,10800.0,0.0
2025-07-29,0,98,16:20-16:30,1277.3483333333334,563.0535714285713,0.9178,0.9459017857142855,97.93500000000017,1077.558111904762,812.2297619047622,812.2297619047622,812.2297619047622,0.0,0.0,10800.0,0.0
2025-07-29,0,99,16:30-16:40,1247.4005833333333,517.9987595238096,0.9677,0.9973517857142856,87.21059285714284,1053.7081714285719,816.6124166666667,816.6124166666667,816.6124166666667,0.0,0.0,10800.0,0.0
2025-07-29,0,100,16:40-16:50,1203.3337166666665,472.9443642857143,0.9882,1.0166852678571432,94.77256428571434,1063.3531249999999,825.1619166666667,825.1619166666667,825.1619166666667,0.0,0.0,10800.0,0.0
2025-07-29,0,101,16:50-17:00,1207.01,423.5071428571428,1.0037,1.0285267857142857,75.65023809523814,1024.2639767857147,859.1530952380954,859.1530952380954,859.1530952380954,-0.0,0.0,10800.0,0.0
2025-07-29,0,102,17:00-17:10,1257.0021833333333,379.4769547619047,1.0661,1.0908214285714284,79.86257380952361,1041.1318125,957.3878023809522,957.3878023809522,957.3878023809522,0.0,0.0,10800.0,0.0
2025-07-29,0,103,17:10-17:20,1254.5267,332.9816833333333,1.1129,1.1385441964285714,73.95477380952377,1081.1916595238094,995.4997904761905,995.4997904761905,995.4997904761905,0.0,0.0,10800.0,0.0
2025-07-29,0,104,17:20-17:30,1215.7566666666667,283.9455357142857,1.1112,1.1374303571428572,92.43494047619049,1140.0661107142855,1024.2460714285717,1024.2460714285717,1024.2460714285717,0.0,0.0,10800.0,0.0
2025-07-29,0,105,17:30-17:40,1228.8421166666667,241.46047142857142,1.1043,1.1316366071428572,76.53786190476194,1147.971929166666,1063.9195071428571,1063.9195071428571,1063.9195071428571,0.0,0.0,10800.0,0.0
2025-07-29,0,106,17:40-17:50,1126.3953333333334,201.8226642857143,1.2001,1.2254433035714285,72.97600714285704,1114.8230333333327,997.5486761904762,997.5486761904762,997.5486761904762,0.0,0.0,10800.0,0.0
2025-07-29,0,107,17:50-18:00,950.7366666666667,162.62410714285713,1.3366,1.3575888392857143,75.06726190476184,1083.587554166666,863.1798214285714,863.1798214285714,863.1798214285714,0.0,-0.0,10800.0,0.0
2025-07-29,0,108,18:00-18:10,933.3619333333332,125.47814761904762,1.3445,1.3637089285714286,70.48647380952389,1017.1906845238088,878.3702595238095,878.3702595238095,878.3702595238095,0.0,0.0,10800.0,0.0
2025-07-29,0,109,18:10-18:20,966.8316166666666,89.59344047619047,1.3597,1.3792982142857142,79.01208095238087,1021.5607083333323,956.2502571428569,956.2502571428569,956.2502571428569,0.0,0.0,10800.0,0.0
2025-07-29,0,110,18:20-18:30,965.9933333333333,54.31696428571429,1.4062,1.425188392857143,64.27410714285713,1084.1322619047608,975.9504761904763,975.9504761904763,975.9504761904763,0.0,0.0,10800.0,0.0
2025-07-29,0,111,18:30-18:40,954.13055,22.070507142857146,1.3849,1.4022200892857148,58.03839047619056,1057.4988392857133,990.0984333333333,990.0984333333333,990.0984333333333,0.0,0.0,10800.0,0.0
2025-07-29,0,112,18:40-18:50,947.3379666666666,3.8510952380952372,1.457,1.488149107142857,96.90337142857163,996.8229458333325,1040.390242857143,1040.390242857143,1040.390242857143,0.0,0.0,10800.0,0.0
2025-07-29,0,113,18:50-19:00,941.5233333333333,0.0,1.6087,1.6614339285714281,76.67333333333352,1084.443378571428,1018.1966666666668,1018.1966666666668,1018.1966666666668,0.0,0.0,10800.0,0.0
2025-07-29,0,114,19:00-19:10,929.346,0.04681666666666666,1.6503,1.705954910714286,72.04219999999998,1101.162470833333,168.00805000000003,168.00805000000003,168.00805000000003,0.0,833.3333333333333,9874.074074074075,0.0
2025-07-29,0,115,19:10-19:20,955.7643333333333,0.07051190476190476,1.6514,1.7033678571428568,67.42816428571427,1048.874071428571,189.78865238095239,189.78865238095239,189.78865238095239,0.0,833.3333333333333,8948.14814814815,0.0
2025-07-29,0,116,19:20-19:30,1000.9766666666666,0.0,1.6578,1.709625892857143,63.99499999999989,1096.5928952380948,231.6383333333331,231.6383333333331,231.6383333333331,0.0,833.3333333333333,8022.2222222222235,0.0
2025-07-29,0,117,19:30-19:40,997.2947333333333,0.003359523809523809,1.6432,1.6964767857142855,61.14403333333337,1114.2566452380947,225.10207380952397,225.10207380952397,225.10207380952397,0.0,833.3333333333333,7096.296296296297,0.0
2025-07-29,0,118,19:40-19:50,994.7213499999999,0.005059523809523809,1.6568,1.7100892857142862,67.87073333333342,1101.792228571428,229.25369047619074,229.25369047619074,229.25369047619074,0.0,833.3333333333333,6170.370370370371,0.0
2025-07-29,0,119,19:50-20:00,1008.54,0.0,1.6985,1.7509526785714284,68.98333333333323,1061.4171291666662,244.18999999999983,244.18999999999983,244.18999999999983,0.0,833.3333333333333,5244.444444444445,0.0
2025-07-29,0,120,20:00-20:10,998.7301333333332,0.00021666666666666668,1.7059,1.7593933035714289,69.97084999999993,994.6641017857137,235.36743333333334,235.36743333333334,235.36743333333334,0.0,833.3333333333333,4318.518518518519,0.0
2025-07-29,0,121,20:10-20:20,965.1405833333333,0.0003619047619047619,1.6494,1.7024294642857147,87.92940714285714,964.6566392857136,219.7362952380954,219.7362952380954,219.7362952380954,0.0,833.3333333333333,3392.592592592593,0.0
2025-07-29,0,122,20:20-20:30,943.0533333333333,0.0,1.6211,1.6742080357142854,98.1400000000001,940.8176083333324,692.0918053571418,692.0918053571418,692.0918053571418,0.0,349.10152797619156,3004.70200595238,0.0
2025-07-29,0,123,20:30-20:40,966.0536333333332,0.0,1.6968,1.753133035714286,65.43219999999997,883.1841511904756,198.15249999999992,198.15249999999992,198.15249999999992,0.0,833.3333333333333,2078.7760800264546,0.0
2025-07-29,0,124,20:40-20:50,966.0755,0.0,1.4673,1.5084906250000003,54.11904761904759,790.8984720238091,956.2420714285712,956.2420714285712,956.2420714285712,0.0,63.9524761904764,2007.7177731481474,0.0
2025-07-29,0,125,20:50-21:00,943.5966666666666,0.0,1.0714,1.0884138392857146,76.91333333333341,726.9459958333327,1024.1018827160497,1024.1018827160497,1024.1018827160497,3.5918827160497098,0.0,2010.950467592592,0.0
2025-07-29,0,126,21:00-21:10,962.7428833333333,0.0,1.0775,1.0948433035714285,70.76953333333324,713.1722458333328,1033.5124166666665,1033.5124166666665,1033.5124166666665,-0.0,0.0,2010.950467592592,0.0
2025-07-29,0,127,21:10-21:20,968.89965,0.0,1.1078,1.1332227678571425,76.34785000000011,726.1959541666661,1045.2475,1045.2475,1045.2475,0.0,0.0,2010.950467592592,0.0
2025-07-29,0,128,21:20-21:30,958.2216666666666,0.0,1.0412,1.0668508928571427,81.745,729.8554208333329,1039.9666666666667,1039.9666666666667,1039.9666666666667,0.0,0.0,2010.950467592592,0.0
2025-07-29,0,129,21:30-21:40,972.2256666666667,0.0,1.1082,1.127473660714286,77.11993333333339,682.815420833333,930.0549583333336,930.0549583333336,930.0549583333336,0.0,119.29064166666653,1878.4053101851848,0.0
2025-07-29,0,130,21:40-21:50,914.4413999999999,0.0,0.9651,0.9826026785714286,53.69331666666665,610.5647791666663,901.3742791666667,901.3742791666667,901.3742791666667,0.0,66.76043749999987,1804.227046296296,0.0
2025-07-29,0,131,21:50-22:00,801.4266666666667,0.0,0.6295,0.6503459821428571,82.26999999999998,543.8043416666665,918.3869958847737,918.3869958847737,918.3869958847737,34.69032921810695,0.0,1835.4483425925923,0.0
2025-07-29,0,132,22:00-22:10,762.3154166666666,0.0,0.5121,0.5325566964285715,71.87064999999996,571.9035083333331,1667.5193999999997,1667.5193999999997,1667.5193999999997,833.3333333333333,0.0,2585.4483425925923,0.0
2025-07-29,0,133,22:10-22:20,782.5685833333333,0.0,0.5538,0.5754455357142856,78.03221666666673,536.5541416666664,1693.9341333333332,1693.9341333333332,1693.9341333333332,833.3333333333333,0.0,3335.4483425925923,0.0
2025-07-29,0,134,22:20-22:30,803.3516666666666,0.0,0.6189,0.6428004464285714,82.505,504.4975416666665,885.8566666666666,885.8566666666666,885.8566666666666,0.0,0.0,3335.4483425925923,0.0
2025-07-29,0,135,22:30-22:40,782.6679166666665,0.0,0.6329,0.6535830357142857,60.98980000000006,450.7779833333332,843.6577166666666,843.6577166666666,843.6577166666666,0.0,0.0,3335.4483425925923,0.0
2025-07-29,0,136,22:40-22:50,770.35475,0.0,0.584,0.602966517857143,61.23646666666673,393.064625,831.5912166666667,831.5912166666667,831.5912166666667,0.0,0.0,3335.4483425925923,0.0
2025-07-29,0,137,22:50-23:00,782.3683333333333,0.0,0.5387,0.5593075892857141,64.72500000000002,324.0154166666664,1680.4266666666667,1680.4266666666667,1680.4266666666667,833.3333333333333,0.0,4085.4483425925923,0.0
2025-07-29,0,138,23:00-23:10,788.3072999999999,0.0,0.5774,0.5983254464285712,52.61826666666673,266.55467083333343,840.9255666666667,840.9255666666667,840.9255666666667,0.0,0.0,4085.4483425925923,0.0
2025-07-29,0,139,23:10-23:20,798.4428166666667,0.0,0.5903,0.6134678571428575,66.03959999999995,227.18900416666685,864.4824166666666,864.4824166666666,864.4824166666666,0.0,0.0,4085.4483425925923,0.0
2025-07-29,0,140,23:20-23:30,798.5083333333333,0.0,0.5487,0.5744308035714286,78.06166666666661,164.38863333333325,1709.9033333333332,1709.9033333333332,1709.9033333333332,833.3333333333333,0.0,4835.448342592592,0.0
2025-07-29,0,141,23:30-23:40,761.4683,0.0,0.5365,0.5595571428571428,76.49556666666672,133.52334166666662,1671.2972,1671.2972,1671.2972,833.3333333333333,0.0,5585.448342592592,0.0
2025-07-29,0,142,23:40-23:50,747.1474166666667,0.0,0.5657,0.5867616071428571,72.47191666666674,84.70348333333334,1280.2322860082313,1280.2322860082313,1280.2322860082313,460.6129526748979,0.0,6000.0,0.0
2025-07-29,0,143,23:50-24:00,760.3916666666667,0.0,0.5774,0.5988334821428573,85.95999999999992,49.56541666666672,846.3516666666666,846.3516666666666,846.3516666666666,0.0,0.0,6000.0,0.0
2025-07-30,0,0,0:00-0:10,749.3822833333334,0.0,0.5114,0.5310191964285715,71.12010000000004,1287.2972202380947,820.5023833333335,820.5023833333335,820.5023833333335,0.0,0.0,8029.938689424605,0.0
2025-07-30,0,1,0:10-0:20,742.4588166666667,0.0,0.5007,0.5203486607142856,74.4727333333334,1316.886469047619,816.9315500000001,816.9315500000001,816.9315500000001,0.0,0.0,8029.938689424605,0.0
2025-07-30,0,2,0:20-0:30,754.4783333333332,0.0,0.5594,0.5793232142857142,62.46333333333337,1330.3089315476188,816.9416666666666,816.9416666666666,816.9416666666666,0.0,0.0,8029.938689424605,0.0
2025-07-30,0,3,0:30-0:40,763.87555,0.0,0.5666,0.5842830357142859,73.87023333333343,1333.9118482142858,837.7457833333334,837.7457833333334,837.7457833333334,0.0,0.0,8029.938689424605,0.0
2025-07-30,0,4,0:40-0:50,743.6636333333332,0.0,0.5323,0.5502223214285716,62.71601666666663,1349.6545678571438,806.3796499999999,806.3796499999999,806.3796499999999,0.0,0.0,8029.938689424605,0.0
2025-07-30,0,5,0:50-1:00,729.3683333333333,0.0,0.5066,0.5262566964285712,83.72833333333335,1385.1709970238098,813.0966666666667,813.0966666666667,813.0966666666667,0.0,0.0,8029.938689424605,0.0
2025-07-30,0,6,1:00-1:10,776.3128166666667,0.0,0.5202,0.5367973214285716,89.19088333333332,1429.286340476191,865.5037,865.5037,865.5037,0.0,0.0,8029.938689424605,0.0
2025-07-30,0,7,1:10-1:20,772.16385,0.0,0.5096,0.522495535714286,75.55776666666668,1359.3308500000003,847.7216166666667,847.7216166666667,847.7216166666667,0.0,0.0,8029.938689424605,0.0
2025-07-30,0,8,1:20-1:30,723.8533333333332,0.0,0.4882,0.5014218749999999,84.07666666666671,1328.2255785714287,807.93,807.93,807.93,0.0,0.0,8029.938689424605,0.0
2025-07-30,0,9,1:30-1:40,746.5406833333333,0.0,0.5306,0.5480785714285713,75.53449999999998,1361.4933166666667,822.0751833333333,822.0751833333333,822.0751833333333,0.0,0.0,8029.938689424605,0.0
2025-07-30,0,10,1:40-1:50,746.59165,0.0,0.5572,0.5731290178571429,75.8064833333334,1319.6864238095236,822.3981333333334,822.3981333333334,822.3981333333334,0.0,0.0,8029.938689424605,0.0
2025-07-30,0,11,1:50-2:00,708.4383333333333,0.0,0.5433,0.5547714285714286,59.85333333333324,1283.3181214285714,768.2916666666665,768.2916666666665,768.2916666666665,0.0,0.0,8029.938689424605,0.0
2025-07-30,0,12,2:00-2:10,715.3065166666667,0.0,0.5397,0.5555459821428569,80.60446666666667,1257.399505357143,795.9109833333333,795.9109833333333,795.9109833333333,0.0,0.0,8029.938689424605,0.0
2025-07-30,0,13,2:10-2:20,720.4024999999999,0.0,0.5244,0.540998214285714,70.56996666666657,1241.8937363095235,790.9724666666665,790.9724666666665,790.9724666666665,0.0,0.0,8029.938689424605,0.0
2025-07-30,0,14,2:20-2:30,710.7616666666665,0.0,0.5057,0.517690625,49.014999999999986,1219.953661904762,759.7766666666665,759.7766666666665,759.7766666666665,0.0,0.0,8029.938689424605,0.0
2025-07-30,0,15,2:30-2:40,722.1910833333333,0.0,0.5184,0.5309772321428571,38.42269999999996,1171.1519184523809,760.6137833333332,760.6137833333332,760.6137833333332,0.0,0.0,8029.938689424605,0.0
2025-07-30,0,16,2:40-2:50,717.3385499999999,0.0,0.5083,0.5193348214285713,45.59465,1062.9358577380958,762.9331999999999,762.9331999999999,762.9331999999999,0.0,0.0,8029.938689424605,0.0
2025-07-30,0,17,2:50-3:00,705.6616666666666,0.0,0.4806,0.4881848214285714,61.25,1012.457016071429,1344.757567305994,1344.757567305994,1344.757567305994,577.8459006393273,0.0,8550.0,0.0
2025-07-30,0,18,3:00-3:10,731.7956,0.0,0.4946,0.5051526785714285,48.772433333333424,969.89673452381,780.5680333333335,780.5680333333335,780.5680333333335,0.0,0.0,8550.0,0.0
2025-07-30,0,19,3:10-3:20,722.41445,0.0,0.5011,0.5134535714285714,56.477250000000026,901.1423839285719,778.8917,778.8917,778.8917,0.0,0.0,8550.0,0.0
2025-07-30,0,20,3:20-3:30,681.0566666666666,0.0,0.4887,0.4987848214285715,53.32999999999993,863.4255797619053,734.3866666666665,734.3866666666665,734.3866666666665,0.0,0.0,8550.0,0.0
2025-07-30,0,21,3:30-3:40,688.5839166666666,0.0001738095238095238,0.4961,0.5047598214285716,44.70804047619049,839.4347464285718,733.2917833333332,733.2917833333332,733.2917833333332,0.0,0.0,8550.0,0.0
2025-07-30,0,22,3:40-3:50,708.3206499999999,0.0004904761904761905,0.5015,0.5102924107142857,41.42473333333328,767.0846315476196,749.7448928571426,749.7448928571426,749.7448928571426,0.0,0.0,8550.0,0.0
2025-07-30,0,23,3:50-4:00,706.7516666666667,0.0,0.5083,0.5175508928571426,41.42666666666673,653.4050732142862,748.1783333333334,748.1783333333334,748.1783333333334,0.0,0.0,8550.0,0.0
2025-07-30,0,24,4:00-4:10,691.9228666666666,0.0025,0.5404,0.5491888392857142,54.32136190476194,569.7579898809528,746.2417285714284,746.2417285714284,746.2417285714284,0.0,0.0,8550.0,0.0
2025-07-30,0,25,4:10-4:20,700.5871,0.00682142857142857,0.5436,0.5525004464285713,56.83428333333336,511.1147482142861,757.4145619047619,757.4145619047619,757.4145619047619,0.0,0.0,8550.0,0.0
2025-07-30,0,26,4:20-4:30,715.9616666666667,0.0,0.5172,0.5255937499999999,51.418333333333294,469.1871482142861,767.38,767.38,767.38,0.0,0.0,8550.0,0.0
2025-07-30,0,27,4:30-4:40,689.7815999999999,0.03481904761904761,0.5102,0.5150325892857143,48.26339999999993,423.1778684523812,738.0101809523808,738.0101809523808,738.0101809523808,0.0,0.0,8550.0,0.0
2025-07-30,0,28,4:40-4:50,685.03185,0.09502142857142856,0.4813,0.48564375000000004,38.90764999999999,377.8989083333329,1557.1778119047617,1557.1778119047617,1557.1778119047617,833.3333333333333,0.0,9300.0,0.0
2025-07-30,0,29,4:50-5:00,697.8933333333332,0.0,0.4529,0.46127857142857154,68.01869047619044,356.6675470238095,1599.2453571428568,1599.2453571428568,1599.2453571428568,833.3333333333333,0.0,10050.0,0.0
2025-07-30,0,30,5:00-5:10,668.4408666666666,2.691335714285714,0.4977,0.5091897321428572,49.08228809523814,350.3669273809517,714.831819047619,714.831819047619,714.831819047619,0.0,0.0,10050.0,0.0
2025-07-30,0,31,5:10-5:20,686.3301333333334,20.864945238095235,0.5426,0.5510781249999999,41.14326904761913,344.59074047619,706.6084571428572,706.6084571428572,706.6084571428572,0.0,0.0,10050.0,0.0
2025-07-30,0,32,5:20-5:30,717.8383333333333,55.21517857142857,0.5105,0.5154973214285715,44.809464285714284,371.112051785714,707.432619047619,707.432619047619,707.432619047619,0.0,0.0,10050.0,0.0
2025-07-30,0,33,5:30-5:40,650.74785,93.21033333333332,0.4298,0.44057589285714294,51.18924285714286,359.66715595238065,1442.0600928571428,1442.0600928571428,1442.0600928571428,833.3333333333333,0.0,10800.0,0.0
2025-07-30,0,34,5:40-5:50,693.3082333333333,130.4870238095238,0.5993,0.6092040178571428,42.39209999999997,386.12649464285664,605.2133095238094,605.2133095238094,605.2133095238094,-0.0,0.0,10800.0,0.0
2025-07-30,0,35,5:50-6:00,843.645,168.29821428571427,0.9126,0.9152491071428572,40.39422619047616,425.06431785714256,0.0,0.0,0.0,0.0,715.7410119047619,10004.732208994708,0.0
2025-07-30,0,36,6:00-6:10,880.3623833333332,209.7152333333333,0.9478,0.9536446428571431,33.32984285714292,518.8187523809521,0.0,0.0,0.0,0.0,703.9769928571429,9222.535550264549,0.0
2025-07-30,0,37,6:10-6:20,868.1105166666666,251.6029642857143,0.8983,0.9103004464285717,39.066609523809575,563.2259327380951,0.0,0.0,0.0,0.0,655.5741619047619,8494.119814814814,0.0
2025-07-30,0,38,6:20-6:30,856.495,294.09464285714284,0.8848,0.8978491071428572,62.80000000000007,562.400076190476,0.0,0.0,0.0,0.0,625.2003571428572,7799.45275132275,0.0
2025-07-30,0,39,6:30-6:40,824.6563333333334,340.1285619047619,0.833,0.8419218749999998,52.695542857142925,616.2519333333336,224.1179732142876,224.1179732142876,224.1179732142876,0.0,313.10534107142684,7451.557927910054,0.0
2025-07-30,0,40,6:40-6:50,825.8613666666666,384.79315952380955,0.8134,0.8215075892857143,46.08826190476191,709.579457142857,487.156469047619,487.156469047619,487.156469047619,0.0,0.0,7451.557927910054,0.0
2025-07-30,0,41,6:50-7:00,862.9816666666667,429.3571428571429,0.8443,0.8559178571428572,39.78261904761894,778.2254517857144,0.0,0.0,0.0,0.0,473.40714285714273,6925.5499914021175,0.0
2025-07-30,0,42,7:00-7:10,881.1079,479.9381714285714,0.8573,0.8698933035714289,36.86408809523812,789.3946482142858,0.0,0.0,0.0,0.0,438.03381666666667,6438.845750661377,0.0
2025-07-30,0,43,7:10-7:20,873.44935,529.6084595238094,0.8048,0.8158441964285716,46.8959261904763,801.4091666666668,390.73681666666687,390.73681666666687,390.73681666666687,0.0,0.0,6438.845750661377,0.0
2025-07-30,0,44,7:20-7:30,836.66,575.9,0.688,0.6986401785714286,50.90982142857138,829.8667952380955,311.66982142857137,311.66982142857137,311.66982142857137,0.0,0.0,6438.845750661377,0.0
2025-07-30,0,45,7:30-7:40,802.8732833333333,622.0352880952381,0.6073,0.6218464285714286,56.698285714285646,864.9742357142859,1070.8696142857143,1070.8696142857143,1070.8696142857143,833.3333333333333,0.0,7188.845750661377,0.0
2025-07-30,0,46,7:40-7:50,967.5536166666667,663.0534333333333,0.864,0.880714732142857,66.32740000000001,910.2134809523811,0.0,0.0,0.0,0.0,370.82758333333345,6776.815102513228,0.0
2025-07-30,0,47,7:50-8:00,1203.1066666666666,698.6741071428571,1.2469,1.261196428571429,64.25363095238083,953.2073738095239,0.0,0.0,0.0,0.0,568.6861904761902,6144.941557539683,0.0
2025-07-30,0,48,8:00-8:10,1170.0473,735.9420547619047,1.2152,1.2256441964285718,54.16853809523809,951.4004839285714,0.0,0.0,0.0,0.0,488.2737833333333,5602.415131613758,0.0
2025-07-30,0,49,8:10-8:20,1124.0049,783.2550666666667,1.1356,1.145508482142857,59.84654523809513,875.5023309523808,0.0,0.0,0.0,0.0,400.5963785714283,5157.308044312171,0.0
2025-07-30,0,50,8:20-8:30,1170.8316666666665,833.3866071428572,1.1758,1.1886879464285713,78.83345238095251,967.8353339285707,0.0,0.0,0.0,0.0,416.2785119047619,4694.77636441799,0.0
2025-07-30,0,51,8:30-8:40,1162.19545,870.1941904761904,1.1361,1.1515473214285714,67.61666904761915,1043.7628190476187,0.0,0.0,0.0,0.0,359.6179285714286,4295.200888227514,0.0
2025-07-30,0,52,8:40-8:50,1140.8305666666665,904.9808833333333,1.0729,1.0895267857142856,78.94549047619029,1085.6362172619047,0.0,0.0,0.0,0.0,314.7951738095236,3945.428472883599,0.0
2025-07-30,0,53,8:50-9:00,1145.5149999999999,946.0437499999999,1.0542,1.0700214285714287,88.58160714285725,1106.8777636904758,0.0,0.0,0.0,0.0,288.0528571428571,3625.369742724869,0.0
2025-07-30,0,54,9:00-9:10,1157.6122333333333,990.6141190476189,1.0729,1.0860026785714283,97.44426428571433,1105.7367071428569,0.0,0.0,0.0,0.0,264.44237857142866,3331.5448776455037,0.0
2025-07-30,0,55,9:10-9:20,1150.5366833333333,1032.2923714285712,1.0559,1.0684848214285716,88.33581666666669,1197.2003333333328,0.0,0.0,0.0,0.0,206.58012857142876,3102.011401455027,0.0
2025-07-30,0,56,9:20-9:30,1130.86,1074.4401785714285,0.982,0.9944441964285714,67.56940476190465,1266.9226339285715,0.0,0.0,0.0,0.0,123.98922619047607,2964.2455945767206,0.0
2025-07-30,0,57,9:30-9:40,1130.6882999999998,1123.5619166666668,0.9188,0.9284964285714289,74.4899000000001,1310.3356696428568,0.0,0.0,0.0,0.0,81.61628333333306,2873.5608353174616,0.0
2025-07-30,0,58,9:40-9:50,1145.9561166666667,1157.8325785714283,1.009,1.0320325892857143,79.66128095238093,1339.1538202380952,0.0,0.0,0.0,0.0,67.7848190476193,2798.2443697089957,0.0
2025-07-30,0,59,9:50-10:00,1159.7466666666664,1178.5874999999999,1.1922,1.238740625,97.51208333333346,1281.538736309524,0.0,0.0,0.0,0.0,78.6712500000001,2710.831869708996,0.0
2025-07-30,0,60,10:00-10:10,1160.94615,1204.650361904762,1.2423,1.2953357142857143,90.04415238095243,1289.4954678571428,0.0,0.0,0.0,0.0,46.33994047619058,2659.343046957673,0.0
2025-07-30,0,61,10:10-10:20,1173.4831333333332,1205.811080952381,1.1576,1.2081870535714283,89.42712857142851,1142.4752529761906,0.0,0.0,0.0,0.0,57.09918095238072,2595.8995125661386,0.0
2025-07-30,0,62,10:20-10:30,1187.1983333333333,1194.9526785714284,1.0931,1.1426897321428573,103.39428571428556,1132.157317857143,0.0,0.0,0.0,0.0,95.63994047619053,2489.632912037038,0.0
2025-07-30,0,63,10:30-10:40,1165.97605,1219.1378976190476,1.1614,1.2114785714285716,116.19825000000031,1040.287760714286,0.0,0.0,0.0,0.0,63.03640238095272,2419.5924649470903,0.0
2025-07-30,0,64,10:40-10:50,1140.93805,1241.3358714285714,0.9406,0.9791941964285715,108.46314761904745,967.4104125000005,0.0,0.0,0.0,0.0,8.065326190476071,2410.6309914021167,0.0
2025-07-30,0,65,10:50-11:00,1149.5433333333333,1246.7491071428572,0.5505,0.5712308035714286,109.65249999999999,1089.567892261905,845.7800595238093,845.7800595238093,845.7800595238093,833.3333333333333,0.0,3160.6309914021167,0.0
2025-07-30,0,66,11:00-11:10,1196.0889,1259.1137523809523,0.5618,0.5789705357142857,137.10087619047613,1130.6613607142854,907.4093571428571,907.4093571428571,907.4093571428571,833.3333333333333,0.0,3910.6309914021167,0.0
2025-07-30,0,67,11:10-11:20,1200.3455833333333,1280.4872357142856,0.6567,0.6766517857142855,114.28470714285724,1173.7298541666664,180.43960049970593,180.43960049970593,180.43960049970593,146.29654573780095,0.0,4042.2978825661376,0.0
2025-07-30,0,68,11:20-11:30,1159.995,1299.3223214285715,0.6281,0.6501008928571429,124.16452380952396,1312.0884398809526,818.1705357142855,818.1705357142855,818.1705357142855,833.3333333333333,0.0,4792.297882566138,0.0
2025-07-30,0,69,11:30-11:40,1146.9448,1303.6039047619047,0.5885,0.6126165178571429,118.43235714285727,1581.2381869047629,795.1065857142858,795.1065857142858,795.1065857142858,833.3333333333333,0.0,5542.297882566138,0.0
2025-07-30,0,70,11:40-11:50,1135.8876,1309.3927166666665,0.5705,0.5960941964285712,126.58917857142849,1722.3664845238109,786.4173952380952,786.4173952380952,786.4173952380952,833.3333333333333,0.0,6292.297882566138,0.0
2025-07-30,0,71,11:50-12:00,1111.8133333333333,1320.1883928571428,0.5465,0.5726522321428572,143.75922619047623,1738.842980357144,768.7175,768.7175,768.7175,833.3333333333333,0.0,7042.297882566138,0.0
2025-07-30,0,72,12:00-12:10,1092.8066833333332,1323.2957999999999,0.4789,0.5046022321428572,135.91411428571413,1798.536714285715,738.7583309523807,738.7583309523807,738.7583309523807,833.3333333333333,0.0,7792.297882566138,0.0
2025-07-30,0,73,12:10-12:20,1086.6855833333334,1319.9433,0.4321,0.45354330357142864,121.91693571428544,1815.2374803571433,721.9925523809522,721.9925523809522,721.9925523809522,833.3333333333333,0.0,8542.297882566138,0.0
2025-07-30,0,74,12:20-12:30,1100.7416666666666,1316.049107142857,0.4363,0.45529285714285717,155.0191666666667,1767.8641208333338,773.0450595238094,773.0450595238094,773.0450595238094,833.3333333333333,0.0,9292.297882566138,0.0
2025-07-30,0,75,12:30-12:40,1135.5431666666666,1313.803126190476,0.4816,0.5085290178571428,150.88423333333344,1724.8103410714289,805.9576071428573,805.9576071428573,805.9576071428573,833.3333333333333,0.0,10042.297882566138,0.0
2025-07-30,0,76,12:40-12:50,1156.4152333333332,1297.7471666666668,0.6333,0.66325625,155.59758571428574,1694.9426035714287,847.5989857142854,847.5989857142854,847.5989857142854,833.3333333333333,0.0,10792.297882566138,0.0
2025-07-30,0,77,12:50-13:00,1151.2566666666667,1276.1374999999998,0.8261,0.852233482142857,132.1548214285712,1662.7801297619048,0.0,0.0,0.0,0.0,7.27398809523811,10784.215673571429,0.0
2025-07-30,0,78,13:00-13:10,1148.7102333333332,1271.6548047619046,0.9044,0.9324303571428569,105.40643095238102,1627.3696910714284,0.0,0.0,0.0,17.538140476190392,0.0,10800.0,0.0
2025-07-30,0,79,13:10-13:20,1208.8156999999999,1253.9129190476192,0.9457,0.9747874999999999,90.87433809523768,1515.5553583333333,45.77711904761827,45.77711904761827,45.77711904761827,0.0,-0.0,10800.0,0.0
2025-07-30,0,80,13:20-13:30,1264.1166666666666,1219.5616071428572,0.9821,1.009291964285714,85.90267857142845,1459.2847279761895,130.4577380952378,130.4577380952378,130.4577380952378,0.0,-0.0,10800.0,0.0
2025-07-30,0,81,13:30-13:40,1185.7545499999999,1197.4470857142855,0.9796,1.0093892857142857,107.05559285714276,1523.0133148809527,95.36305714285709,95.36305714285709,95.36305714285709,0.0,-0.0,10800.0,0.0
2025-07-30,0,82,13:40-13:50,1131.1885,1182.6777785714285,1.0568,1.101004910714286,105.27505952380955,1533.045636904762,0.0,0.0,0.0,0.0,53.785780952381174,10740.238021164021,0.0
2025-07-30,0,83,13:50-14:00,1147.2333333333331,1159.7473214285715,1.1978,1.2604053571428575,90.46464285714319,1496.6237761904765,0.0,0.0,0.0,0.0,77.95065476190484,10653.626182539683,0.0
2025-07-30,0,84,14:00-14:10,1139.3785166666667,1119.6388214285714,1.2532,1.3205419642857148,76.48231428571421,1465.7715142857146,0.0,0.0,0.0,0.0,96.22200952380945,10546.712838624338,0.0
2025-07-30,0,85,14:10-14:20,1177.0502999999999,1084.9467571428572,1.2419,1.303678125,89.07580000000002,1371.520305952381,0.0,0.0,0.0,0.0,181.17934285714273,10345.402457671958,0.0
2025-07-30,0,86,14:20-14:30,1245.4766666666665,1057.0044642857142,1.2744,1.332690625,96.87101190476173,1230.6496220238098,0.0,0.0,0.0,0.0,285.3432142857139,10028.354441798943,0.0
2025-07-30,0,87,14:30-14:40,1244.5266499999998,1016.3254047619048,1.3863,1.4508758928571432,107.51061190476196,1169.2435107142855,0.0,0.0,0.0,0.0,335.71185714285684,9655.341267195769,0.0
2025-07-30,0,88,14:40-14:50,1237.0810499999998,976.3070214285714,1.1525,1.2092473214285715,107.72974761904749,1224.0652767857152,0.0,0.0,0.0,0.0,368.50377619047583,9245.892626984129,0.0
2025-07-30,0,89,14:50-15:00,1229.0349999999999,945.9517857142857,0.716,0.7519933035714284,117.49125000000024,1331.4011035714293,1233.9077976190476,1233.9077976190476,1233.9077976190476,833.3333333333333,0.0,9995.892626984129,0.0
2025-07-30,0,90,15:00-15:10,1169.3447333333334,919.7040523809524,0.6861,0.7151120535714287,103.42451666666653,1318.2968773809532,1186.3985309523807,1186.3985309523807,1186.3985309523807,833.3333333333333,0.0,10745.892626984129,0.0
2025-07-30,0,91,15:10-15:20,1169.02495,885.9958690476192,0.8144,0.8467437500000001,80.4076523809523,1288.9195047619055,423.55603668430126,423.55603668430126,423.55603668430126,60.11930335096824,0.0,10800.0,0.0
2025-07-30,0,92,15:20-15:30,1227.5483333333332,842.6705357142856,0.854,0.8893205357142858,68.2974999999999,1233.9161172619056,453.17529761904746,453.17529761904746,453.17529761904746,0.0,0.0,10800.0,0.0
2025-07-30,0,93,15:30-15:40,1230.6275666666666,796.0428404761903,0.8196,0.8509254464285713,89.32183571428561,1196.8363702380952,523.9065619047617,523.9065619047617,523.9065619047617,0.0,0.0,10800.0,0.0
2025-07-30,0,94,15:40-15:50,1218.9285,743.7972833333333,0.8674,0.8944982142857143,80.50024999999994,1216.0621178571428,555.6314666666667,555.6314666666667,555.6314666666667,0.0,0.0,10800.0,0.0
2025-07-30,0,95,15:50-16:00,1214.5866666666666,694.367857142857,0.9534,0.9805995535714285,70.02809523809515,1280.600954166667,590.2469047619047,590.2469047619047,590.2469047619047,0.0,0.0,10800.0,0.0
2025-07-30,0,96,16:00-16:10,1199.2552666666666,659.7650333333332,0.8976,0.92740625,67.67130714285713,1265.1589750000003,607.1615404761905,607.1615404761905,607.1615404761905,0.0,0.0,10800.0,0.0
2025-07-30,0,97,16:10-16:20,1224.3182833333333,615.5637238095237,0.8938,0.9235008928571427,71.45336666666674,1209.1345976190482,680.2079261904764,680.2079261904764,680.2079261904764,0.0,0.0,10800.0,0.0
2025-07-30,0,98,16:20-16:30,1264.9283333333333,559.0330357142856,0.9798,1.007704464285714,96.98613095238113,1213.3714630952388,802.881428571429,802.881428571429,802.881428571429,0.0,0.0,10800.0,0.0
2025-07-30,0,99,16:30-16:40,1243.82045,511.3618214285714,0.9981,1.027727232142857,86.9409452380952,1234.3944988095247,819.3995738095239,819.3995738095239,819.3995738095239,0.0,0.0,10800.0,0.0
2025-07-30,0,100,16:40-16:50,1245.7981499999999,466.1183190476191,1.0179,1.0472236607142857,94.77256428571434,1249.7437440476192,874.452395238095,874.452395238095,874.452395238095,-0.0,0.0,10800.0,0.0
2025-07-30,0,101,16:50-17:00,1271.8966666666665,420.6678571428572,1.0634,1.0887526785714283,70.6774404761905,1212.5290672619058,921.9062499999998,921.9062499999998,921.9062499999998,-0.0,0.0,10800.0,0.0
2025-07-30,0,102,17:00-17:10,1237.1840499999998,379.6448357142857,1.0825,1.104708482142857,74.8914285714286,1224.321957738096,932.4306428571427,932.4306428571427,932.4306428571427,0.0,0.0,10800.0,0.0
2025-07-30,0,103,17:10-17:20,1211.3123,333.2614071428571,1.1282,1.1505901785714288,69.76671428571422,1269.172764285715,947.8176071428572,947.8176071428572,947.8176071428572,0.0,0.0,10800.0,0.0
2025-07-30,0,104,17:20-17:30,1239.4616666666666,283.2598214285714,1.1592,1.1839883928571424,73.96678571428572,1326.1775226190475,1030.1686309523811,1030.1686309523811,1030.1686309523811,0.0,0.0,10800.0,0.0
2025-07-30,0,105,17:30-17:40,1271.2912666666666,241.92316428571428,1.0953,1.1209638392857144,70.40061904761922,1324.3035196428573,1099.7687214285716,1099.7687214285716,1099.7687214285716,0.0,0.0,10800.0,0.0
2025-07-30,0,106,17:40-17:50,1144.6947,202.99456666666666,1.1738,1.1968017857142854,71.5395547619047,1315.7459101190477,1013.239688095238,1013.239688095238,1013.239688095238,0.0,0.0,10800.0,0.0
2025-07-30,0,107,17:50-18:00,951.055,162.8017857142857,1.3595,1.3785562499999997,70.6911904761904,1288.547343452381,858.9444047619047,858.9444047619047,858.9444047619047,0.0,0.0,10800.0,0.0
2025-07-30,0,108,18:00-18:10,955.4425166666666,124.35433571428571,1.3743,1.392634821428572,64.42852380952388,1228.685941666667,895.5167047619047,895.5167047619047,895.5167047619047,0.0,0.0,10800.0,0.0
2025-07-30,0,109,18:10-18:20,1001.7196166666665,87.83409523809524,1.3714,1.390526339285714,68.27986904761906,1230.5809321428571,982.1653904761904,982.1653904761904,982.1653904761904,0.0,0.0,10800.0,0.0
2025-07-30,0,110,18:20-18:30,983.0433333333333,52.50803571428572,1.3947,1.4127946428571432,59.3713095238096,1282.4202738095237,989.9066071428573,989.9066071428573,989.9066071428573,0.0,0.0,10800.0,0.0
2025-07-30,0,111,18:30-18:40,950.34735,20.18292857142857,1.3481,1.364417410714286,50.71653809523809,1250.884053571429,980.8809595238096,980.8809595238096,980.8809595238096,0.0,0.0,10800.0,0.0
2025-07-30,0,112,18:40-18:50,952.4612,2.7388690476190476,1.4451,1.4762674107142857,49.63600714285701,1182.8863077380954,999.358338095238,999.358338095238,999.358338095238,0.0,0.0,10800.0,0.0
2025-07-30,0,113,18:50-19:00,979.43,0.0,1.6455,1.6994866071428567,76.03999999999996,1223.2393761904762,222.13666666666654,222.13666666666654,222.13666666666654,0.0,833.3333333333333,9874.074074074075,0.0
2025-07-30,0,114,19:00-19:10,980.47455,0.08950714285714284,1.6716,1.728063839285714,54.24365,1239.3251351190474,201.29535952380957,201.29535952380957,201.29535952380957,0.0,833.3333333333333,8948.14814814815,0.0
2025-07-30,0,115,19:10-19:20,967.6272333333333,0.040326190476190474,1.6252,1.6767187499999998,67.42816428571427,1175.092348214286,1035.0150714285714,1035.0150714285714,1035.0150714285714,0.0,0.0,8948.14814814815,0.0
2025-07-30,0,116,19:20-19:30,969.3799999999999,0.0,1.6336,1.6844285714285714,53.0,1234.6913595238098,773.33713690476,773.33713690476,773.33713690476,0.0,249.04286309523994,8671.433855820105,0.0
2025-07-30,0,117,19:30-19:40,996.3024666666666,0.006423809523809524,1.7113,1.7644950892857145,56.98758333333319,1244.61510952381,219.9502928571428,219.9502928571428,219.9502928571428,0.0,833.3333333333333,7745.50792989418,0.0
2025-07-30,0,118,19:40-19:50,990.2254166666667,0.002892857142857143,1.7196,1.7730504464285717,63.31721428571427,1227.994242857143,220.20640476190488,220.20640476190488,220.20640476190488,0.0,833.3333333333333,6819.582003968254,0.0
2025-07-30,0,119,19:50-20:00,955.2549999999999,0.0,1.6623,1.7139303571428572,68.98333333333323,1192.1763744047626,190.90499999999997,190.90499999999997,190.90499999999997,0.0,833.3333333333333,5893.656078042328,0.0
2025-07-30,0,120,20:00-20:10,953.6063333333333,0.0004357142857142857,1.6698,1.7217937499999998,69.97084999999993,1118.5902845238095,190.24341428571427,190.24341428571427,190.24341428571427,0.0,833.3333333333333,4967.730152116402,0.0
2025-07-30,0,121,20:10-20:20,963.1066000000001,0.00020714285714285716,1.666,1.7177272321428572,87.92940714285714,1088.5828220238093,217.70246666666685,217.70246666666685,217.70246666666685,0.0,833.3333333333333,4041.8042261904757,0.0
2025-07-30,0,122,20:20-20:30,962.8666666666666,0.0,1.6528,1.7049580357142855,70.71833333333325,1064.7437910714282,200.25166666666655,200.25166666666655,200.25166666666655,0.0,833.3333333333333,3115.8783002645496,0.0
2025-07-30,0,123,20:30-20:40,955.0164166666666,0.0,1.672,1.7268160714285716,65.43219999999997,984.2440422619046,187.1152833333333,187.1152833333333,187.1152833333333,0.0,833.3333333333333,2189.952374338624,0.0
2025-07-30,0,124,20:40-20:50,941.9640166666666,0.0,1.4232,1.4628558035714287,51.61975238095238,890.9571369047615,926.4067238095238,926.4067238095238,926.4067238095238,0.0,67.1770452380952,2115.3112129629626,0.0
2025-07-30,0,125,20:50-21:00,953.6416666666667,0.0,1.055,1.0709825892857139,72.32333333333327,823.7800916666665,1025.965,1025.965,1025.965,0.0,0.0,2115.3112129629626,0.0
2025-07-30,0,126,21:00-21:10,1010.9710499999999,0.0,1.0465,1.0623723214285712,66.32439999999997,802.5874666666663,1077.2954499999998,1077.2954499999998,1077.2954499999998,0.0,0.0,2115.3112129629626,0.0
2025-07-30,0,127,21:10-21:20,995.9290833333332,0.0,1.074,1.097951785714286,74.02948333333347,821.0966041666662,1069.9585666666667,1069.9585666666667,1069.9585666666667,0.0,0.0,2115.3112129629626,0.0
2025-07-30,0,128,21:20-21:30,936.02,0.0,1.0393,1.06435625,73.05666666666662,820.3727041666667,1009.0766666666666,1009.0766666666666,1009.0766666666666,0.0,0.0,2115.3112129629626,0.0
2025-07-30,0,129,21:30-21:40,961.5039499999999,0.0,1.1243,1.1433700892857144,45.20496666666668,764.6443708333334,843.4075875000001,843.4075875000001,843.4075875000001,0.0,163.30132916666648,1933.8652916666665,0.0
2025-07-30,0,130,21:40-21:50,903.0828666666666,0.0,0.931,0.9466312499999996,43.55484999999999,660.4787624999999,872.8363125000001,872.8363125000001,872.8363125000001,0.0,73.80140416666659,1851.8637314814814,0.0
2025-07-30,0,131,21:50-22:00,780.5433333333333,0.0,0.5521,0.5695075892857143,75.5233333333332,586.6773583333331,882.4277777777775,882.4277777777775,882.4277777777775,26.361111111111008,0.0,1875.5887314814813,0.0
2025-07-30,0,132,22:00-22:10,795.7122833333333,0.0,0.5202,0.5394254464285716,69.97439999999995,608.0298583333331,1699.0200166666664,1699.0200166666664,1699.0200166666664,833.3333333333333,0.0,2625.5887314814813,0.0
2025-07-30,0,133,22:10-22:20,820.9310833333334,0.0,0.5775,0.5987875,78.03221666666673,567.6867416666665,898.9633000000001,898.9633000000001,898.9633000000001,0.0,0.0,2625.5887314814813,0.0
2025-07-30,0,134,22:20-22:30,783.9933333333333,0.0,0.543,0.56514375,82.505,535.6301416666665,866.4983333333333,866.4983333333333,866.4983333333333,0.0,0.0,2625.5887314814813,0.0
2025-07-30,0,135,22:30-22:40,749.1126999999999,0.0,0.5068,0.5261397321428571,60.98980000000006,481.9105833333333,1643.4358333333332,1643.4358333333332,1643.4358333333332,833.3333333333333,0.0,3375.5887314814813,0.0
2025-07-30,0,136,22:40-22:50,759.79745,0.0,0.5176,0.536003125,61.23646666666673,424.19722500000006,1654.36725,1654.36725,1654.36725,833.3333333333333,0.0,4125.588731481481,0.0
2025-07-30,0,137,22:50-23:00,775.46,0.0,0.5296,0.5491397321428568,64.72500000000002,357.2130166666664,1256.1975205761323,1256.1975205761323,1256.1975205761323,416.0125205761324,0.0,4500.0,0.0
2025-07-30,0,138,23:00-23:10,725.0839333333333,0.0,0.473,0.49133035714285717,44.812716666666574,299.9832333333334,1603.2299833333332,1603.2299833333332,1603.2299833333332,833.3333333333333,0.0,5250.0,0.0
2025-07-30,0,139,23:10-23:20,719.4180333333334,0.0,0.4939,0.514592857142857,56.110800000000154,252.58105416666672,1608.8621666666668,1608.8621666666668,1608.8621666666668,833.3333333333333,0.0,6000.0,0.0
2025-07-30,0,140,23:20-23:30,778.7549999999999,0.0,0.5762,0.6008361607142857,74.80666666666662,177.78688333333338,853.5616666666665,853.5616666666665,853.5616666666665,0.0,0.0,6000.0,0.0
2025-07-30,0,141,23:30-23:40,808.5554166666667,0.0,0.5563,0.57796875,76.49556666666672,146.76409166666667,885.0509833333334,885.0509833333334,885.0509833333334,0.0,0.0,6000.0,0.0
2025-07-30,0,142,23:40-23:50,802.24775,0.0,0.5438,0.5630281250000001,63.36116666666658,97.94423333333339,865.6089166666666,865.6089166666666,865.6089166666666,0.0,0.0,6000.0,0.0
2025-07-30,0,143,23:50-24:00,783.7083333333333,0.0,0.5748,0.5949383928571429,81.83000000000004,53.6954166666666,865.5383333333333,865.5383333333333,865.5383333333333,0.0,0.0,6000.0,0.0
2025-07-31,0,0,0:00-0:10,778.3392999999999,0.0,0.5649,0.584100892857143,50.818649999999934,1468.5340202380949,829.1579499999998,829.1579499999998,829.1579499999998,0.0,0.0,8308.444316296298,0.0
2025-07-31,0,1,0:10-0:20,788.9182166666666,0.0,0.524,0.5429674107142858,52.526716666666516,1483.878664285714,841.4449333333331,841.4449333333331,841.4449333333331,0.0,0.0,8308.444316296298,0.0
2025-07-31,0,2,0:20-0:30,791.6683333333333,0.0,0.505,0.5233151785714287,61.99666666666667,1478.4413267857137,853.665,853.665,853.665,0.0,0.0,8308.444316296298,0.0
2025-07-31,0,3,0:30-0:40,762.9597333333332,0.0,0.5488,0.5653013392857142,73.11486666666667,1492.6892434523807,836.0745999999999,836.0745999999999,836.0745999999999,0.0,0.0,8308.444316296298,0.0
2025-07-31,0,4,0:40-0:50,759.3302999999999,0.0,0.579,0.5970973214285713,47.5016833333334,1507.676596428572,806.8319833333333,806.8319833333333,806.8319833333333,0.0,0.0,8308.444316296298,0.0
2025-07-31,0,5,0:50-1:00,773.2616666666665,0.0,0.5512,0.5714727678571428,62.93166666666673,1527.9786922619055,836.1933333333333,836.1933333333333,836.1933333333333,0.0,0.0,8308.444316296298,0.0
2025-07-31,0,6,1:00-1:10,742.7853499999999,0.0,0.4982,0.5135883928571429,77.58113333333336,1553.7496309523813,820.3664833333332,820.3664833333332,820.3664833333332,0.0,0.0,8308.444316296298,0.0
2025-07-31,0,7,1:10-1:20,722.4847666666666,0.0,0.5095,0.5205991071428573,74.6242666666667,1477.828738095238,797.1090333333333,797.1090333333333,797.1090333333333,0.0,0.0,8308.444316296298,0.0
2025-07-31,0,8,1:20-1:30,729.77,0.0,0.5567,0.5693781249999998,75.85166666666669,1445.7899666666667,805.6216666666667,805.6216666666667,805.6216666666667,0.0,0.0,8308.444316296298,0.0
2025-07-31,0,9,1:30-1:40,728.3643,0.0,0.5265,0.5437602678571427,60.471900000000005,1474.5293714285713,788.8362,788.8362,788.8362,0.0,0.0,8308.444316296298,0.0
2025-07-31,0,10,1:40-1:50,734.5962833333333,0.0,0.4905,0.5059776785714285,56.70626666666681,1417.659878571428,791.3025500000001,791.3025500000001,791.3025500000001,0.0,0.0,8308.444316296298,0.0
2025-07-31,0,11,1:50-2:00,742.3033333333333,0.0,0.5071,0.5180316964285714,53.76999999999998,1362.1913595238095,796.0733333333333,796.0733333333333,796.0733333333333,0.0,0.0,8308.444316296298,0.0
2025-07-31,0,12,2:00-2:10,724.5060166666667,0.0,0.5578,0.5732674107142856,78.09561666666673,1330.1894101190474,802.6016333333334,802.6016333333334,802.6016333333334,0.0,0.0,8308.444316296298,0.0
2025-07-31,0,13,2:10-2:20,714.8180666666667,0.0,0.564,0.5802910714285713,51.78525000000013,1312.174791071428,766.6033166666668,766.6033166666668,766.6033166666668,0.0,0.0,8308.444316296298,0.0
2025-07-31,0,14,2:20-2:30,724.5266666666666,0.0,0.5266,0.538183482142857,33.5766666666666,1271.4499999999998,758.1033333333332,758.1033333333332,758.1033333333332,0.0,0.0,8308.444316296298,0.0
2025-07-31,0,15,2:30-2:40,729.4052499999999,0.0,0.5113,0.5235808035714287,38.42269999999996,1207.2099232142857,767.8279499999999,767.8279499999999,767.8279499999999,0.0,0.0,8308.444316296298,0.0
2025-07-31,0,16,2:40-2:50,715.9955833333333,0.0,0.4719,0.48372767857142857,45.59465,1098.9938625000004,1029.9854374485578,1029.9854374485578,1029.9854374485578,268.39520411522443,0.0,8550.0,0.0
2025-07-31,0,17,2:50-3:00,704.0883333333333,0.0,0.4441,0.45351249999999993,61.25,1048.515020833334,1598.6716666666666,1598.6716666666666,1598.6716666666666,833.3333333333333,0.0,9300.0,0.0
2025-07-31,0,18,3:00-3:10,724.8829999999999,0.0,0.5166,0.5279446428571429,48.772433333333424,1004.5960214285718,773.6554333333333,773.6554333333333,773.6554333333333,0.0,0.0,9300.0,0.0
2025-07-31,0,19,3:10-3:20,736.9429,0.0,0.5515,0.5630294642857143,56.477250000000026,935.8416708333339,793.42015,793.42015,793.42015,0.0,0.0,9300.0,0.0
2025-07-31,0,20,3:20-3:30,732.4683333333334,0.0,0.5093,0.5180022321428572,49.31999999999982,898.1248666666672,781.7883333333332,781.7883333333332,781.7883333333332,0.0,0.0,9300.0,0.0
2025-07-31,0,21,3:30-3:40,739.7967333333332,9.999999999999999e-05,0.4837,0.4917691964285715,44.70804047619049,870.1240333333336,784.5046738095238,784.5046738095238,784.5046738095238,0.0,0.0,9300.0,0.0
2025-07-31,0,22,3:40-3:50,725.7826,0.0007976190476190477,0.4796,0.4880312499999998,41.42473333333328,799.1326363095242,767.2065357142857,767.2065357142857,767.2065357142857,0.0,0.0,9300.0,0.0
2025-07-31,0,23,3:50-4:00,697.7033333333334,0.0,0.5021,0.5105683035714284,41.42666666666673,685.4530779761908,739.1300000000001,739.1300000000001,739.1300000000001,0.0,0.0,9300.0,0.0
2025-07-31,0,24,4:00-4:10,695.4062166666665,0.0014857142857142855,0.5478,0.5562745535714286,48.26451666666674,601.8059946428575,743.6692476190475,743.6692476190475,743.6692476190475,0.0,0.0,9300.0,0.0
2025-07-31,0,25,4:10-4:20,668.0585166666666,0.011097619047619045,0.494,0.502646875,53.74806666666666,537.1059077380955,721.7954857142856,721.7954857142856,721.7954857142856,0.0,0.0,9300.0,0.0
2025-07-31,0,26,4:20-4:30,644.0699999999999,0.0,0.4138,0.42178303571428566,40.306666666666615,492.09209107142885,1517.7099999999998,1517.7099999999998,1517.7099999999998,833.3333333333333,0.0,10050.0,0.0
2025-07-31,0,27,4:30-4:40,704.3548499999999,0.020697619047619045,0.5046,0.51011875,48.26339999999993,434.97114464285727,752.5975523809523,752.5975523809523,752.5975523809523,0.0,0.0,10050.0,0.0
2025-07-31,0,28,4:40-4:50,735.6852333333333,0.15457619047619048,0.5675,0.5727374999999998,38.90764999999999,387.937627380952,774.4383071428571,774.4383071428571,774.4383071428571,0.0,0.0,10050.0,0.0
2025-07-31,0,29,4:50-5:00,710.935,0.0,0.5248,0.5329174107142858,65.56642857142856,353.3517273809522,776.5014285714285,776.5014285714285,776.5014285714285,0.0,0.0,10050.0,0.0
2025-07-31,0,30,5:00-5:10,711.2815833333334,1.9618309523809523,0.4962,0.5066218749999999,43.43794047619053,350.053721428571,752.757692857143,752.757692857143,752.757692857143,0.0,0.0,10050.0,0.0
2025-07-31,0,31,5:10-5:20,709.5953833333333,19.293907142857144,0.4993,0.5062316964285715,41.14326904761913,345.1741321428568,731.4447452380953,731.4447452380953,731.4447452380953,0.0,0.0,10050.0,0.0
2025-07-31,0,32,5:20-5:30,685.0749999999999,53.52767857142857,0.4904,0.4934294642857141,41.11279761904768,362.832901785714,672.660119047619,672.660119047619,672.660119047619,0.0,0.0,10050.0,0.0
2025-07-31,0,33,5:30-5:40,672.65645,91.2694214285714,0.4612,0.46971741071428585,51.18924285714286,347.6913392857141,1465.9096047619046,1465.9096047619046,1465.9096047619046,833.3333333333333,0.0,10800.0,0.0
2025-07-31,0,34,5:40-5:50,781.4638666666666,129.1114976190476,0.6551,0.6630589285714288,42.39209999999997,354.52784226190454,694.7444690476188,694.7444690476188,694.7444690476188,-0.0,0.0,10800.0,0.0
2025-07-31,0,35,5:50-6:00,930.0733333333333,167.35089285714287,0.9333,0.9347848214285716,40.39422619047616,393.46566547619045,0.0,0.0,0.0,0.0,803.1166666666666,9907.648148148148,0.0
2025-07-31,0,36,6:00-6:10,915.4007166666667,207.2524,0.8958,0.9009723214285718,33.32984285714292,487.2201,0.0,0.0,0.0,0.0,741.4781595238096,9083.783526455027,0.0
2025-07-31,0,37,6:10-6:20,875.6191333333333,249.53822380952377,0.861,0.8722491071428572,39.066609523809575,531.627280357143,0.0,0.0,0.0,0.0,665.1475190476191,8344.730727513228,0.0
2025-07-31,0,38,6:20-6:30,878.4366666666666,293.80625,0.9267,0.9393374999999997,62.80000000000007,530.8014238095241,0.0,0.0,0.0,0.0,647.4304166666667,7625.363597883598,0.0
2025-07-31,0,39,6:30-6:40,862.2772499999999,338.7511976190476,0.8724,0.882589732142857,58.13041428571432,584.6532809523815,0.0,0.0,0.0,0.0,581.6564666666666,6979.0786349206355,0.0
2025-07-31,0,40,6:40-6:50,876.5991666666666,383.5439119047619,0.8193,0.8279178571428573,47.22947619047608,683.4156761904763,170.96204047619148,170.96204047619148,170.96204047619148,0.0,369.3226904761894,6568.720089947092,0.0
2025-07-31,0,41,6:50-7:00,906.6166666666666,431.62678571428575,0.8116,0.8205281249999999,36.406130952380806,753.2028851190479,511.3960119047617,511.3960119047617,511.3960119047617,0.0,0.0,6568.720089947092,0.0
2025-07-31,0,42,7:00-7:10,874.7390999999999,485.92264523809524,0.7639,0.7725147321428569,36.00389999999993,760.9955934523812,424.8203547619046,424.8203547619046,424.8203547619046,0.0,0.0,6568.720089947092,0.0
2025-07-31,0,43,7:10-7:20,825.6963999999999,531.637919047619,0.733,0.7424227678571428,46.8959261904763,772.1499238095239,340.95440714285724,340.95440714285724,340.95440714285724,0.0,0.0,6568.720089947092,0.0
2025-07-31,0,44,7:20-7:30,803.5516666666667,570.6446428571428,0.7006,0.7126843750000001,58.386666666666656,800.6075523809526,291.2936904761906,291.2936904761906,291.2936904761906,0.0,0.0,6568.720089947092,0.0
2025-07-31,0,45,7:30-7:40,833.1863666666666,618.0287166666667,0.6336,0.6485723214285715,69.82675476190468,843.1918380952384,1118.317738095238,1118.317738095238,1118.317738095238,833.3333333333333,0.0,7318.720089947092,0.0
2025-07-31,0,46,7:40-7:50,983.9719666666666,658.1497619047618,0.8639,0.879461160714286,66.32740000000001,901.5595523809525,0.0,0.0,0.0,0.0,392.1496047619048,6882.9983068783085,0.0
2025-07-31,0,47,7:50-8:00,1157.23,689.7294642857142,1.2249,1.2381508928571427,64.25363095238083,944.5534452380954,0.0,0.0,0.0,0.0,531.7541666666665,6292.160343915346,0.0
2025-07-31,0,48,8:00-8:10,1158.0127166666666,729.7695809523809,1.1775,1.1875339285714286,54.16853809523809,942.7465553571428,0.0,0.0,0.0,0.0,482.4116738095238,5756.147373015875,0.0
2025-07-31,0,49,8:10-8:20,1118.3926,778.9093214285714,1.04,1.049540178571429,59.84654523809513,866.8484023809524,0.0,0.0,0.0,0.0,399.32982380952365,5312.447568783071,0.0
2025-07-31,0,50,8:20-8:30,1117.42,824.8294642857143,1.0283,1.040296428571429,81.22470238095252,968.4670285714282,0.0,0.0,0.0,0.0,373.8152380952383,4897.097304232806,0.0
2025-07-31,0,51,8:30-8:40,1115.6224666666667,854.7773190476191,1.0479,1.0624495535714285,67.61666904761915,1049.7817309523805,0.0,0.0,0.0,0.0,328.46181666666666,4532.139730158732,0.0
2025-07-31,0,52,8:40-8:50,1143.3282333333332,887.9473619047618,1.0554,1.072471875,78.94549047619029,1091.8097279761903,0.0,0.0,0.0,0.0,334.3263619047617,4160.665994708997,0.0
2025-07-31,0,53,8:50-9:00,1179.1149999999998,933.1687499999999,1.0402,1.057373214285714,94.84428571428577,1113.0512744047614,0.0,0.0,0.0,0.0,340.79053571428574,3782.0098439153453,0.0
2025-07-31,0,54,9:00-9:10,1161.90535,980.9925095238095,1.0135,1.0259075892857146,97.44426428571433,1153.7436571428564,0.0,0.0,0.0,0.0,278.3571047619048,3472.724171957673,0.0
2025-07-31,0,55,9:10-9:20,1150.9771333333333,1023.0954690476188,1.0035,1.0148410714285714,88.33581666666669,1278.141211904761,0.0,0.0,0.0,0.0,216.21748095238115,3232.4825264550277,0.0
2025-07-31,0,56,9:20-9:30,1149.1466666666665,1061.8955357142854,0.9668,0.9795607142857141,67.56940476190465,1351.8056696428557,0.0,0.0,0.0,0.0,154.82053571428582,3060.45970899471,0.0
2025-07-31,0,57,9:30-9:40,1104.7948833333332,1104.7018476190474,0.861,0.870892410714286,74.4899000000001,1396.36575892857,0.0,0.0,0.0,0.0,74.5829357142859,2977.5897804232814,0.0
2025-07-31,0,58,9:40-9:50,1094.2458833333333,1138.1804547619045,0.933,0.9554191964285715,79.66128095238093,1421.1377714285704,0.0,0.0,0.0,0.0,35.72670952380986,2937.893436507937,0.0
2025-07-31,0,59,9:50-10:00,1144.315,1162.3678571428572,1.1426,1.1879348214285714,97.51208333333346,1357.4826035714277,0.0,0.0,0.0,0.0,79.45922619047633,2849.6054074074077,0.0
2025-07-31,0,60,10:00-10:10,1194.2074666666667,1186.79245,1.1903,1.2416901785714285,90.04415238095243,1228.257261309523,0.0,0.0,0.0,0.0,97.4591690476193,2741.3174417989417,0.0
2025-07-31,0,61,10:10-10:20,1167.8785833333332,1186.618088095238,1.1735,1.2235732142857143,89.42712857142851,1116.3245869047614,0.0,0.0,0.0,0.0,70.68762380952376,2662.7756375661374,0.0
2025-07-31,0,62,10:20-10:30,1108.6149999999998,1179.255357142857,1.2007,1.2511562500000004,103.39428571428556,948.1938255952375,0.0,0.0,0.0,0.0,32.75392857142833,2626.3823835978837,0.0
2025-07-31,0,63,10:30-10:40,1131.132,1209.3613047619046,1.2212,1.2709325892857144,116.19825000000031,806.4818761904755,0.0,0.0,0.0,0.0,37.968945238095785,2584.1946666666663,0.0
2025-07-31,0,64,10:40-10:50,1151.4750333333332,1229.1629809523808,0.9406,0.9784433035714287,108.46314761904745,876.7962172619041,0.0,0.0,0.0,0.0,30.775199999999813,2550.0,0.0
2025-07-31,0,65,10:50-11:00,1138.56,1229.899107142857,0.5313,0.5522799107142856,109.65249999999999,877.7390720238087,851.6467261904761,851.6467261904761,851.6467261904761,833.3333333333333,0.0,3300.0,0.0
2025-07-31,0,66,11:00-11:10,1144.4105666666665,1251.838930952381,0.4956,0.51270625,137.10087619047613,876.219046428571,863.0058452380949,863.0058452380949,863.0058452380949,833.3333333333333,0.0,4050.0,0.0
2025-07-31,0,67,11:10-11:20,1140.1423666666665,1281.1306761904762,0.5615,0.5813455357142857,119.46776666666665,1045.0455791666657,811.8127904761902,811.8127904761902,811.8127904761902,833.3333333333333,0.0,4800.0,0.0
2025-07-31,0,68,11:20-11:30,1125.2199999999998,1300.5598214285715,0.5393,0.5615709821428572,124.16452380952396,1215.2605220238086,782.1580357142855,782.1580357142855,782.1580357142855,833.3333333333333,0.0,5550.0,0.0
2025-07-31,0,69,11:30-11:40,1133.0769333333333,1308.3537999999999,0.5107,0.5340937499999999,118.42348809523801,1417.9809386904756,776.4799547619048,776.4799547619048,776.4799547619048,833.3333333333333,0.0,6300.0,0.0
2025-07-31,0,70,11:40-11:50,1135.4685,1319.9905380952382,0.5136,0.5367178571428572,116.1706071428573,1615.6184095238089,764.9819023809523,764.9819023809523,764.9819023809523,833.3333333333333,0.0,7050.0,0.0
2025-07-31,0,71,11:50-12:00,1118.125,1330.2946428571427,0.5217,0.5444504464285715,141.6414285714285,1686.5915494047613,762.8051190476192,762.8051190476192,762.8051190476192,833.3333333333333,0.0,7800.0,0.0
2025-07-31,0,72,12:00-12:10,1099.4046833333332,1319.3434714285713,0.49,0.5134232142857144,133.5590285714287,1655.0315892857134,746.953573809524,746.953573809524,746.953573809524,833.3333333333333,0.0,8550.0,0.0
2025-07-31,0,73,12:10-12:20,1106.45075,1306.8173452380952,0.492,0.5127214285714283,117.63373095238089,1651.9827476190471,750.6004690476188,750.6004690476188,750.6004690476188,833.3333333333333,0.0,9300.0,0.0
2025-07-31,0,74,12:20-12:30,1123.605,1304.4910714285713,0.5264,0.5445651785714284,119.89327380952395,1644.2281529761901,772.3405357142858,772.3405357142858,772.3405357142858,833.3333333333333,0.0,10050.0,0.0
2025-07-31,0,75,12:30-12:40,1116.0778,1303.398626190476,0.5442,0.5678281250000001,150.2658380952383,1591.3604148809518,796.2783452380954,796.2783452380954,796.2783452380954,833.3333333333333,0.0,10800.0,0.0
2025-07-31,0,76,12:40-12:50,1146.7768666666666,1285.4734023809522,0.7137,0.7392200892857144,151.92585476190501,1553.8355958333332,13.229319047619356,13.229319047619356,13.229319047619356,0.0,0.0,10800.0,0.0
2025-07-31,0,77,12:50-13:00,1202.2533333333333,1265.7366071428569,0.9623,0.9848428571428572,121.8714880952381,1530.2291416666665,58.38821428571464,58.38821428571464,58.38821428571464,0.0,0.0,10800.0,0.0
2025-07-31,0,78,13:00-13:10,1202.5135833333334,1275.019657142857,1.0202,1.044560714285714,88.16537380952391,1525.3305976190475,0.0,0.0,0.0,0.0,15.659300000000258,10782.600777777778,0.0
2025-07-31,0,79,13:10-13:20,1202.76245,1269.1993119047618,1.0091,1.033129910714286,86.93218095238096,1513.7990398809525,20.495319047619205,20.495319047619205,20.495319047619205,0.0,0.0,10782.600777777778,0.0
2025-07-31,0,80,13:20-13:30,1208.7283333333332,1241.0285714285715,1.0066,1.0273008928571428,81.31446428571451,1556.8062142857143,49.014226190476165,49.014226190476165,49.014226190476165,0.0,0.0,10782.600777777778,0.0
2025-07-31,0,81,13:30-13:40,1173.7881,1225.1822666666667,0.9896,1.0131058035714284,106.58160714285714,1629.4157083333334,55.18744047619043,55.18744047619043,55.18744047619043,0.0,0.0,10782.600777777778,0.0
2025-07-31,0,82,13:40-13:50,1174.4133499999998,1201.3404357142858,1.1001,1.1393223214285713,88.85893333333311,1643.4487934523809,0.0,0.0,0.0,0.0,61.931847619047176,10713.787613756615,0.0
2025-07-31,0,83,13:50-14:00,1203.7716666666665,1164.9223214285714,1.271,1.3301107142857145,84.21785714285716,1591.5590625,0.0,0.0,0.0,0.0,123.06720238095227,10577.04627777778,0.0
2025-07-31,0,84,14:00-14:10,1176.8744166666665,1136.3259261904761,1.2739,1.3386424107142862,53.54273095238108,1560.7517636904756,0.0,0.0,0.0,0.0,94.09122142857154,10472.500476190478,0.0
2025-07-31,0,85,14:10-14:20,1153.058,1115.035442857143,1.2385,1.2969200892857147,82.89711904761884,1460.1847624999994,0.0,0.0,0.0,0.0,120.91967619047591,10338.145280423283,0.0
2025-07-31,0,86,14:20-14:30,1159.155,1085.5196428571426,1.2972,1.351113839285714,91.0191666666667,1334.3567577380945,0.0,0.0,0.0,0.0,164.6545238095241,10155.195809523811,0.0
2025-07-31,0,87,14:30-14:40,1163.6368666666667,1032.8334833333333,1.4054,1.466967857142857,96.8536499999999,1246.5538857142851,0.0,0.0,0.0,0.0,227.6570333333334,9902.243550264553,0.0
2025-07-31,0,88,14:40-14:50,1179.8643,981.3669619047619,1.1957,1.2509415178571426,102.94480952380945,1324.808560119048,0.0,0.0,0.0,0.0,301.44214761904755,9567.307830687834,0.0
2025-07-31,0,89,14:50-15:00,1209.0216666666665,946.4651785714287,0.8062,0.841383035714286,109.3261904761905,1430.9372321428573,908.2073111405014,908.2073111405014,908.2073111405014,536.3246325690731,0.0,10050.0,0.0
2025-07-31,0,90,15:00-15:10,1229.27965,920.9643285714285,0.7674,0.7963741071428572,93.08090714285731,1412.211205357143,1234.729561904762,1234.729561904762,1234.729561904762,833.3333333333333,0.0,10800.0,0.0
2025-07-31,0,91,15:10-15:20,1224.1379666666667,884.6861071428572,0.8464,0.877614732142857,80.4076523809523,1379.2454261904763,419.8595119047617,419.8595119047617,419.8595119047617,0.0,0.0,10800.0,0.0
2025-07-31,0,92,15:20-15:30,1195.0549999999998,839.2241071428571,0.8537,0.88625625,68.2974999999999,1339.9072934523813,424.12839285714267,424.12839285714267,424.12839285714267,0.0,0.0,10800.0,0.0
2025-07-31,0,93,15:30-15:40,1165.9976666666666,801.615369047619,0.8437,0.8735517857142857,87.96731904761903,1302.8275464285712,452.34961666666663,452.34961666666663,452.34961666666663,0.0,0.0,10800.0,0.0
2025-07-31,0,94,15:40-15:50,1182.3806833333333,752.7933119047618,0.8814,0.9075616071428572,79.09887857142871,1320.698777380952,508.6862500000002,508.6862500000002,508.6862500000002,0.0,0.0,10800.0,0.0
2025-07-31,0,95,15:50-16:00,1223.29,696.0232142857142,0.9412,0.9666508928571427,62.94946428571416,1397.125868452381,590.21625,590.21625,590.21625,0.0,0.0,10800.0,0.0
2025-07-31,0,96,16:00-16:10,1223.7726166666666,655.061869047619,0.9504,0.9793294642857144,67.67130714285713,1377.4852583333334,636.3820547619048,636.3820547619048,636.3820547619048,0.0,0.0,10800.0,0.0
2025-07-31,0,97,16:10-16:20,1226.0991333333332,610.2509952380951,0.9991,1.02855625,71.45336666666674,1321.4608809523809,687.3015047619047,687.3015047619047,687.3015047619047,0.0,0.0,10800.0,0.0
2025-07-31,0,98,16:20-16:30,1239.5149999999999,556.6839285714284,1.0603,1.0876281249999997,96.98613095238113,1344.3671797619052,779.8172023809527,779.8172023809527,779.8172023809527,0.0,-0.0,10800.0,0.0
2025-07-31,0,99,16:30-16:40,1231.4014666666667,510.2739880952381,1.0218,1.0508183035714291,86.9409452380952,1376.8568821428576,808.0684238095237,808.0684238095237,808.0684238095237,0.0,0.0,10800.0,0.0
2025-07-31,0,100,16:40-16:50,1241.4202833333334,466.71613095238104,1.054,1.0821241071428571,94.77256428571434,1400.2699107142855,869.4767166666668,869.4767166666668,869.4767166666668,0.0,0.0,10800.0,0.0
2025-07-31,0,101,16:50-17:00,1265.8566666666666,423.50267857142853,1.1355,1.1591803571428572,65.65458333333333,1365.6559214285717,908.0085714285715,908.0085714285715,908.0085714285715,0.0,0.0,10800.0,0.0
2025-07-31,0,102,17:00-17:10,1253.9027166666665,382.31671190476186,1.073,1.0946620535714287,71.2758238095239,1372.167163095238,942.8618285714285,942.8618285714285,942.8618285714285,0.0,0.0,10800.0,0.0
2025-07-31,0,103,17:10-17:20,1216.0242166666667,333.77450952380946,1.0346,1.0558013392857146,67.10666190476218,1439.7324023809522,949.3563690476194,949.3563690476194,949.3563690476194,-0.0,0.0,10800.0,0.0
2025-07-31,0,104,17:20-17:30,1205.8816666666667,281.99821428571425,1.0671,1.089172767857143,67.22410714285695,1509.3214583333333,991.1075595238094,991.1075595238094,991.1075595238094,0.0,0.0,10800.0,0.0
2025-07-31,0,105,17:30-17:40,1252.5124666666666,241.4371523809524,1.0717,1.0964933035714286,52.50162380952406,1503.983110119047,1063.5769380952383,1063.5769380952383,1063.5769380952383,0.0,0.0,10800.0,0.0
2025-07-31,0,106,17:40-17:50,1187.7604166666665,202.89962619047617,1.21,1.2333535714285715,67.74653095238102,1485.803605357143,1052.6073214285711,1052.6073214285711,1052.6073214285711,0.0,0.0,10800.0,0.0
2025-07-31,0,107,17:50-18:00,1023.0433333333333,161.43660714285713,1.3875,1.4066308035714286,63.41023809523813,1454.8120148809523,925.0169642857143,925.0169642857143,925.0169642857143,0.0,0.0,10800.0,0.0
2025-07-31,0,108,18:00-18:10,947.4907333333333,121.67259285714285,1.3316,1.351199553571428,47.804733333333274,1387.6696607142862,873.6228738095238,873.6228738095238,873.6228738095238,-0.0,0.0,10800.0,0.0
2025-07-31,0,109,18:10-18:20,944.33005,85.11675714285714,1.3314,1.3519700892857143,65.57409047619035,1372.9408607142857,924.7873833333332,924.7873833333332,924.7873833333332,0.0,0.0,10800.0,0.0
2025-07-31,0,110,18:20-18:30,941.3366666666667,50.587500000000006,1.428,1.4466839285714286,59.3713095238096,1431.6803738095236,950.1204761904763,950.1204761904763,950.1204761904763,0.0,0.0,10800.0,0.0
2025-07-31,0,111,18:30-18:40,897.0930166666667,18.43492619047619,1.3931,1.4106464285714286,49.445114285714226,1405.3041535714285,928.1032047619047,928.1032047619047,928.1032047619047,0.0,0.0,10800.0,0.0
2025-07-31,0,112,18:40-18:50,894.51725,1.8510190476190476,1.4737,1.5054977678571426,46.058223809523724,1339.4024005952383,938.7244547619047,938.7244547619047,938.7244547619047,0.0,0.0,10800.0,0.0
2025-07-31,0,113,18:50-19:00,940.1266666666667,0.0,1.6568,1.7090031250000004,72.64898809523811,1378.1089857142858,179.44232142857152,179.44232142857152,179.44232142857152,0.0,833.3333333333333,9874.074074074075,0.0
2025-07-31,0,114,19:00-19:10,957.7018833333333,0.14703571428571427,1.6599,1.7131120535714288,48.336200000000076,1393.0199827380952,172.55771428571438,172.55771428571438,172.55771428571438,0.0,833.3333333333333,8948.14814814815,0.0
2025-07-31,0,115,19:10-19:20,968.1329999999999,0.01855714285714286,1.6477,1.6974093750000008,51.7629095238093,1331.9441083333336,878.8062517857134,878.8062517857134,878.8062517857134,0.0,141.07110059523873,8791.402480820107,0.0
2025-07-31,0,116,19:20-19:30,973.475,0.0,1.6873,1.7384625000000002,53.0,1381.9336023809524,193.14166666666665,193.14166666666665,193.14166666666665,0.0,833.3333333333333,7865.4765548941805,0.0
2025-07-31,0,117,19:30-19:40,951.6338499999999,0.010554761904761904,1.672,1.7242455357142858,56.98758333333319,1406.514019047619,175.27754523809506,175.27754523809506,175.27754523809506,0.0,833.3333333333333,6939.550628968254,0.0
2025-07-31,0,118,19:40-19:50,957.35915,0.0013309523809523808,1.6503,1.7019254464285718,50.027588095238116,1391.6626023809522,174.0520738095239,174.0520738095239,174.0520738095239,0.0,833.3333333333333,6013.624703042328,0.0
2025-07-31,0,119,19:50-20:00,980.12,0.0,1.6603,1.7108495535714283,66.10333333333335,1342.5551077380956,212.8900000000001,212.8900000000001,212.8900000000001,0.0,833.3333333333333,5087.698777116402,0.0
2025-07-31,0,120,20:00-20:10,954.5297666666667,0.0007333333333333333,1.6793,1.7299821428571431,69.97084999999993,1264.7619303571428,191.16655000000014,191.16655000000014,191.16655000000014,0.0,833.3333333333333,4161.772851190476,0.0
2025-07-31,0,121,20:10-20:20,933.2476499999999,9.523809523809524e-05,1.6523,1.7022370535714288,69.25997380952379,1234.7544678571426,169.1741952380952,169.1741952380952,169.1741952380952,0.0,833.3333333333333,3235.84692526455,0.0
2025-07-31,0,122,20:20-20:30,943.7816666666665,0.0,1.6418,1.6924129464285715,59.25166666666678,1192.246003571428,1003.0333333333333,1003.0333333333333,1003.0333333333333,0.0,0.0,3235.84692526455,0.0
2025-07-31,0,123,20:30-20:40,957.7130833333333,0.0,1.7129,1.7672294642857145,57.36841666666669,1100.4830869047614,181.74816666666675,181.74816666666675,181.74816666666675,0.0,833.3333333333333,2309.920999338624,0.0
2025-07-31,0,124,20:40-20:50,947.21615,0.0,1.4689,1.508944642857143,48.152169047619054,998.9288994047615,926.0507779761906,926.0507779761906,926.0507779761906,0.0,69.31754107142842,2232.901509259259,0.0
2025-07-31,0,125,20:50-21:00,928.7633333333333,0.0,1.0532,1.0694732142857144,66.42333333333329,929.6113583333333,995.1866666666666,995.1866666666666,995.1866666666666,0.0,0.0,2232.901509259259,0.0
2025-07-31,0,126,21:00-21:10,945.0283,0.0,1.0334,1.0485125000000004,47.02004999999997,901.191645833333,992.0483499999999,992.0483499999999,992.0483499999999,0.0,0.0,2232.901509259259,0.0
2025-07-31,0,127,21:10-21:20,970.3547833333333,0.0,1.0645,1.0870343750000002,58.785133333333306,901.7235208333332,1029.1399166666665,1029.1399166666665,1029.1399166666665,0.0,0.0,2232.901509259259,0.0
2025-07-31,0,128,21:20-21:30,984.765,0.0,1.0225,1.0463995535714283,69.77833333333331,885.7552708333334,1054.5433333333333,1054.5433333333333,1054.5433333333333,0.0,0.0,2232.901509259259,0.0
2025-07-31,0,129,21:30-21:40,980.8194333333332,0.0,1.0957,1.114185267857143,36.92786666666666,826.7486041666666,802.4418375,802.4418375,802.4418375,0.0,215.3054624999999,1993.6732175925924,0.0
2025-07-31,0,130,21:40-21:50,912.2869000000001,0.0,0.9216,0.9370031249999997,43.55484999999999,714.3058958333332,882.0403458333335,882.0403458333335,882.0403458333335,0.0,73.80140416666659,1911.6716574074073,0.0
2025-07-31,0,131,21:50-22:00,814.2816666666665,0.0,0.5871,0.6043870535714285,75.5233333333332,640.5044916666666,916.1661111111105,916.1661111111105,916.1661111111105,26.361111111110755,0.0,1935.396657407407,0.0
2025-07-31,0,132,22:00-22:10,783.7223333333333,0.0,0.5801,0.5991825892857142,69.97439999999995,661.8569916666663,853.6967333333332,853.6967333333332,853.6967333333332,0.0,0.0,1935.396657407407,0.0
2025-07-31,0,133,22:10-22:20,799.0115666666667,0.0,0.636,0.6560058035714287,68.4262666666666,621.5138749999999,867.4378333333333,867.4378333333333,867.4378333333333,0.0,0.0,1935.396657407407,0.0
2025-07-31,0,134,22:20-22:30,795.6766666666667,0.0,0.5835,0.603260267857143,77.34500000000003,579.8513249999997,873.0216666666668,873.0216666666668,873.0216666666668,0.0,0.0,1935.396657407407,0.0
2025-07-31,0,135,22:30-22:40,735.5885333333333,0.0,0.5286,0.5466790178571429,57.622383333333346,520.9717666666666,1626.54425,1626.54425,1626.54425,833.3333333333333,0.0,2685.396657407407,0.0
2025-07-31,0,136,22:40-22:50,728.8283333333334,0.0,0.5331,0.5503794642857144,58.66140000000007,459.8909916666666,1620.8230666666668,1620.8230666666668,1620.8230666666668,833.3333333333333,0.0,3435.396657407407,0.0
2025-07-31,0,137,22:50-23:00,783.055,0.0,0.5608,0.578325892857143,61.76999999999998,390.3317166666663,844.8249999999999,844.8249999999999,844.8249999999999,0.0,0.0,3435.396657407407,0.0
2025-07-31,0,138,23:00-23:10,795.6886166666666,0.0,0.5337,0.5510946428571427,36.30600000000004,330.1469333333332,1181.5538862139922,1181.5538862139922,1181.5538862139922,349.5592695473255,0.0,3750.0,0.0
2025-07-31,0,139,23:10-23:20,780.9037833333333,0.0,0.5352,0.5552183035714285,50.87993333333338,274.2380375,831.7837166666667,831.7837166666667,831.7837166666667,0.0,0.0,3750.0,0.0
2025-07-31,0,140,23:20-23:30,767.0516666666667,0.0,0.5612,0.5840348214285713,60.15000000000009,194.2129999999999,827.2016666666668,827.2016666666668,827.2016666666668,0.0,0.0,3750.0,0.0
2025-07-31,0,141,23:30-23:40,751.8040666666667,0.0,0.5135,0.5332245535714285,74.72611666666671,148.53354166666668,1659.8635166666668,1659.8635166666668,1659.8635166666668,833.3333333333333,0.0,4500.0,0.0
2025-07-31,0,142,23:40-23:50,680.87185,0.0,0.4346,0.4520799107142857,63.36116666666658,97.94423333333339,1577.5663499999998,1577.5663499999998,1577.5663499999998,833.3333333333333,0.0,5250.0,0.0
2025-07-31,0,143,23:50-24:00,591.1566666666666,0.0,0.4014,0.4195035714285713,81.83000000000004,53.6954166666666,1506.32,1506.32,1506.32,833.3333333333333,0.0,6000.0,0.0
