date,issue_hour,t,interval,forecast_load_kwh,forecast_pv_kwh,forecast_price,objective_price,margin_kwh,reserve_grid_kwh,q0_kwh,previous_active_kwh,new_active_kwh,planned_charge_kwh,planned_discharge_kwh,planned_end_soc_kwh,reserve_slack_soc_kwh
2025-10-01,0,0,0:00-0:10,577.5056999999999,0.0,0.4429,0.4251375,24.172483333333275,59.12654583333331,601.6781833333332,601.6781833333332,601.6781833333332,0.0,0.0,7300.071032070103,0.0
2025-10-01,0,1,0:10-0:20,614.62275,0.0,0.4414,0.42352589285714276,19.66128333333336,66.00248750000016,634.2840333333334,634.2840333333334,634.2840333333334,0.0,0.0,7300.071032070103,0.0
2025-10-01,0,2,0:20-0:30,589.0566666666666,0.0,0.4251,0.40344017857142855,26.191666666666606,62.32307499999983,615.2483333333332,615.2483333333332,615.2483333333332,0.0,0.0,7300.071032070103,0.0
2025-10-01,0,3,0:30-0:40,563.8487333333333,0.0,0.4244,0.40595937500000007,17.660700000000077,67.36750416666669,581.5094333333334,581.5094333333334,581.5094333333334,0.0,0.0,7300.071032070103,0.0
2025-10-01,0,4,0:40-0:50,570.4596666666666,0.0,0.4193,0.40000491071428584,24.480199999999968,83.52840416666685,594.9398666666666,594.9398666666666,594.9398666666666,0.0,0.0,7300.071032070103,0.0
2025-10-01,0,5,0:50-1:00,590.3933333333333,0.0,0.3983,0.37399866071428584,18.50666666666666,74.46147083333337,1442.2333333333331,1442.2333333333331,1442.2333333333331,833.3333333333333,0.0,8050.071032070103,0.0
2025-10-01,0,6,1:00-1:10,584.1105,0.0,0.3763,0.35431428571428575,24.798033333333308,71.6851083333334,1442.2418666666665,1442.2418666666665,1442.2418666666665,833.3333333333333,0.0,8800.071032070104,0.0
2025-10-01,0,7,1:10-1:20,588.7974666666667,0.0,0.3861,0.36530312500000006,25.461566666666613,35.209733333333446,1447.5923666666665,1447.5923666666665,1447.5923666666665,833.3333333333333,0.0,9550.071032070104,0.0
2025-10-01,0,8,1:20-1:30,611.4683333333332,0.0,0.4223,0.3987437500000001,16.271666666666704,67.33089166666659,627.74,627.74,627.74,0.0,0.0,9550.071032070104,0.0
2025-10-01,0,9,1:30-1:40,614.7788166666667,0.0,0.4455,0.4216116071428573,21.297149999999988,81.45274523809519,636.0759666666667,636.0759666666667,636.0759666666667,0.0,0.0,9550.071032070104,0.0
2025-10-01,0,10,1:40-1:50,585.2497333333333,0.0,0.4511,0.42927901785714295,18.15883333333329,59.711769047619015,603.4085666666666,603.4085666666666,603.4085666666666,0.0,0.0,9550.071032070104,0.0
2025-10-01,0,11,1:50-2:00,563.5216666666666,0.0,0.4583,0.4387308035714286,15.934999999999945,52.084687500000115,579.4566666666666,579.4566666666666,579.4566666666666,0.0,0.0,9550.071032070104,0.0
2025-10-01,0,12,2:00-2:10,604.4209333333333,0.0,0.4879,0.4688209821428569,25.5542333333334,41.92362023809517,629.9751666666667,629.9751666666667,629.9751666666667,0.0,0.0,9550.071032070104,0.0
2025-10-01,0,13,2:10-2:20,632.3308499999999,0.0,0.5104,0.4909107142857145,25.540849999999978,35.55971666666662,0.0,0.0,0.0,0.0,657.8716999999999,8819.102476514548,0.0
2025-10-01,0,14,2:20-2:30,612.18,0.0,0.4918,0.4723950892857144,15.023333333333312,44.82935833333332,627.2033333333333,627.2033333333333,627.2033333333333,0.0,0.0,8819.102476514548,0.0
2025-10-01,0,15,2:30-2:40,583.4838666666667,0.0,0.432,0.41423705357142854,17.55453333333344,45.04292499999991,601.0384000000001,601.0384000000001,601.0384000000001,0.0,0.0,8819.102476514548,0.0
2025-10-01,0,16,2:40-2:50,587.2488,0.0,0.4275,0.4131928571428572,22.700733333333346,57.75214166666669,609.9495333333333,609.9495333333333,609.9495333333333,0.0,0.0,8819.102476514548,0.0
2025-10-01,0,17,2:50-3:00,615.3666666666666,0.0,0.4708,0.4584651785714286,25.803333333333285,49.96530297619054,641.1699999999998,641.1699999999998,641.1699999999998,0.0,0.0,8819.102476514548,0.0
2025-10-01,0,18,3:00-3:10,623.4173166666667,0.0,0.4601,0.44385982142857155,35.02526666666665,55.05284107142863,658.4425833333333,658.4425833333333,658.4425833333333,0.0,0.0,8819.102476514548,0.0
2025-10-01,0,19,3:10-3:20,616.7602999999999,0.0,0.4245,0.4034959821428571,23.870307142857087,74.39685059523818,640.630607142857,640.630607142857,640.630607142857,0.0,0.0,8819.102476514548,0.0
2025-10-01,0,20,3:20-3:30,620.9683333333332,0.0,0.4023,0.380735267857143,14.88333333333344,48.8914154761905,1469.185,1469.185,1469.185,833.3333333333333,0.0,9569.102476514548,0.0
2025-10-01,0,21,3:30-3:40,646.9895166666666,0.0,0.4023,0.38491160714285705,20.80838333333338,60.19541369047637,1202.1284816505017,1202.1284816505017,1202.1284816505017,534.3305816505017,0.0,10050.0,0.0
2025-10-01,0,22,3:40-3:50,623.45625,0.0,0.414,0.3978062499999999,11.220169047618924,54.59610000000016,634.6764190476189,634.6764190476189,634.6764190476189,0.0,0.0,10050.0,0.0
2025-10-01,0,23,3:50-4:00,574.7316666666666,0.0,0.4243,0.40618973214285725,22.063333333333276,25.18916666666675,596.7949999999998,596.7949999999998,596.7949999999998,0.0,0.0,10050.0,0.0
2025-10-01,0,24,4:00-4:10,597.6445666666666,0.00013095238095238093,0.4241,0.4083084821428571,20.923178571428593,35.92085357142858,618.5676142857143,618.5676142857143,618.5676142857143,0.0,0.0,10050.0,0.0
2025-10-01,0,25,4:10-4:20,617.3939333333333,0.0,0.4135,0.40285446428571425,28.883116666666638,36.09920119047629,646.2770499999999,646.2770499999999,646.2770499999999,0.0,0.0,10050.0,0.0
2025-10-01,0,26,4:20-4:30,607.4416666666666,0.0,0.4187,0.40979687500000006,19.32499999999999,71.4975416666667,626.7666666666667,626.7666666666667,626.7666666666667,0.0,0.0,10050.0,0.0
2025-10-01,0,27,4:30-4:40,616.8702666666666,0.002271428571428572,0.4641,0.449432142857143,29.347885714285667,82.04483095238093,646.2158809523808,646.2158809523808,646.2158809523808,0.0,0.0,10050.0,0.0
2025-10-01,0,28,4:40-4:50,628.19845,0.0,0.4764,0.46208437500000016,24.538983333333363,101.50172142857114,652.7374333333333,652.7374333333333,652.7374333333333,0.0,0.0,10050.0,0.0
2025-10-01,0,29,4:50-5:00,623.38,0.0,0.4466,0.43809062499999996,16.601666666666688,92.71633154761881,639.9816666666667,639.9816666666667,639.9816666666667,0.0,0.0,10050.0,0.0
2025-10-01,0,30,5:00-5:10,610.5440666666666,0.03165,0.4417,0.4314102678571429,26.22828571428579,118.78738809523782,636.7407023809524,636.7407023809524,636.7407023809524,0.0,0.0,10050.0,0.0
2025-10-01,0,31,5:10-5:20,630.3266166666666,0.0,0.4726,0.4646718750000002,22.311197619047675,144.08013869047596,652.6378142857143,652.6378142857143,652.6378142857143,0.0,0.0,10050.0,0.0
2025-10-01,0,32,5:20-5:30,644.2316666666666,0.0,0.4631,0.4632183035714285,31.437083333333362,204.44619821428546,675.6687499999999,675.6687499999999,675.6687499999999,0.0,0.0,10050.0,0.0
2025-10-01,0,33,5:30-5:40,589.4069499999999,0.44082380952380956,0.3701,0.37292276785714285,24.95306190476191,399.0399779761899,1447.2525214285713,1447.2525214285713,1447.2525214285713,833.3333333333333,0.0,10800.0,0.0
2025-10-01,0,34,5:40-5:50,642.6664999999999,0.0,0.5474,0.5524486607142858,26.829340476190453,476.3898357142849,669.4958404761903,669.4958404761903,669.4958404761903,-0.0,0.0,10800.0,0.0
2025-10-01,0,35,5:50-6:00,787.0816666666666,0.0,0.9078,0.9174013392857141,40.79684523809527,494.098761309523,0.0,0.0,0.0,0.0,827.8785119047618,9880.134986772488,0.0
2025-10-01,0,36,6:00-6:10,819.0872999999999,14.72477142857143,0.9788,0.9918696428571427,40.14623095238096,538.5262386904758,11.175426190476173,11.175426190476173,11.175426190476173,0.0,833.3333333333333,8954.209060846562,0.0
2025-10-01,0,37,6:10-6:20,803.9742333333334,48.05790476190476,0.9036,0.9157473214285713,42.09227380952382,587.2480035714282,0.0,0.0,0.0,0.0,798.0086023809524,8067.532835978837,0.0
2025-10-01,0,38,6:20-6:30,807.375,93.99821428571428,0.8679,0.8776598214285715,41.05398809523808,623.7014636904759,754.4307738095238,754.4307738095238,754.4307738095238,0.0,0.0,8067.532835978837,0.0
2025-10-01,0,39,6:30-6:40,822.6353333333333,140.61015,0.9083,0.9202223214285713,47.27542142857135,608.4019547619043,0.0,0.0,0.0,0.0,729.3006047619047,7257.198830687832,0.0
2025-10-01,0,40,6:40-6:50,832.9876166666666,189.78314285714285,0.9382,0.9509388392857142,52.52046666666672,715.5015494047614,0.0,0.0,0.0,0.0,695.7249404761905,6484.17111904762,0.0
2025-10-01,0,41,6:50-7:00,827.9316666666666,243.49375,0.9082,0.920665625,55.06601190476192,773.7041136904757,0.0,0.0,0.0,0.0,639.5039285714286,5773.611198412699,0.0
2025-10-01,0,42,7:00-7:10,811.0918333333334,299.6125833333333,0.8451,0.8614388392857143,53.53828095238083,757.1132047619046,565.0175309523809,565.0175309523809,565.0175309523809,0.0,0.0,5773.611198412699,0.0
2025-10-01,0,43,7:10-7:20,808.2398499999999,353.7172880952381,0.8105,0.8241691964285714,59.905659523809504,750.7986178571427,514.4282214285713,514.4282214285713,514.4282214285713,0.0,0.0,5773.611198412699,0.0
2025-10-01,0,44,7:20-7:30,799.8466666666666,406.30535714285713,0.7807,0.7859991071428573,62.56488095238109,774.7569339285712,456.1061904761906,456.1061904761906,456.1061904761906,0.0,0.0,5773.611198412699,0.0
2025-10-01,0,45,7:30-7:40,767.6323833333332,461.56579761904754,0.7211,0.7241129464285713,60.743007142856925,765.9635857142858,1200.142926190476,1200.142926190476,1200.142926190476,833.3333333333333,0.0,6523.611198412699,0.0
2025-10-01,0,46,7:40-7:50,888.04715,516.8773333333332,0.9056,0.905878125,56.83816904761903,739.952819047619,36.07109999999966,36.07109999999966,36.07109999999966,0.0,391.9368857142862,6088.12576984127,0.0
2025-10-01,0,47,7:50-8:00,1085.0183333333332,573.3892857142857,1.2089,1.204757589285714,55.59529761904764,716.1850374999999,0.0,0.0,0.0,0.0,567.2243452380951,5457.876497354498,0.0
2025-10-01,0,48,8:00-8:10,1091.5758333333333,633.7327333333333,1.2031,1.1991285714285718,41.41404285714299,694.5375077380952,0.0,0.0,0.0,0.0,499.257142857143,4903.146338624339,0.0
2025-10-01,0,49,8:10-8:20,1074.8903333333333,685.216757142857,1.1463,1.1432781250000001,65.67844285714284,660.4974392857141,0.0,0.0,0.0,0.0,455.352019047619,4397.199650793651,0.0
2025-10-01,0,50,8:20-8:30,1101.9383333333333,731.3607142857143,1.1645,1.1617638392857141,66.49863095238084,677.2822422619047,0.0,0.0,0.0,0.0,437.07624999999985,3911.5593730158735,0.0
2025-10-01,0,51,8:30-8:40,1072.4998,787.6626928571429,1.1243,1.1234071428571428,80.91542380952387,659.5655773809528,0.0,0.0,0.0,0.0,365.752530952381,3505.167671957672,0.0
2025-10-01,0,52,8:40-8:50,1061.6290333333332,838.1182714285715,1.0886,1.0885419642857146,76.81365714285721,610.1705196428568,0.0,0.0,0.0,0.0,300.3244190476189,3171.4738730158733,0.0
2025-10-01,0,53,8:50-9:00,1096.7766666666666,881.1303571428571,1.0932,1.0933549107142857,110.09089285714305,583.6443767857141,0.0,0.0,0.0,0.0,325.73720238095257,2809.5436481481483,0.0
2025-10-01,0,54,9:00-9:10,1118.9703833333333,931.8427785714285,1.0903,1.0922477678571427,96.82401904761903,573.5242869047619,0.0,0.0,0.0,0.0,283.95162380952377,2494.041843915344,0.0
2025-10-01,0,55,9:10-9:20,1100.5620999999999,982.7008047619047,1.0222,1.0206397321428573,89.85923333333342,526.920056547619,0.0,0.0,0.0,0.0,207.72052857142853,2263.241256613757,0.0
2025-10-01,0,56,9:20-9:30,1068.4116666666666,1028.2598214285713,0.9415,0.9379625000000001,100.4824404761905,550.2219196428571,0.0,0.0,0.0,0.0,140.63428571428585,2106.980939153439,0.0
2025-10-01,0,57,9:30-9:40,1072.2797166666664,1071.2282952380954,0.9528,0.9578272321428568,104.85879523809551,555.221697023809,0.0,0.0,0.0,0.0,105.91021666666666,1989.3029206349206,0.0
2025-10-01,0,58,9:40-9:50,1073.6317999999999,1114.4289214285714,0.9286,0.9095799107142858,99.02414523809519,577.5688023809522,0.0,0.0,0.0,0.0,58.227023809523644,1924.6062275132276,0.0
2025-10-01,0,59,9:50-10:00,1072.5066666666667,1152.2178571428572,0.8765,0.8139883928571425,97.75178571428546,592.386501190476,18.040595238094966,18.040595238094966,18.040595238094966,0.0,0.0,1924.6062275132276,0.0
2025-10-01,0,60,10:00-10:10,1105.1577833333333,1176.9665833333333,0.9309,0.8655544642857143,96.33378809523781,621.2003750000002,24.52498809523786,24.52498809523786,24.52498809523786,0.0,0.0,1924.6062275132276,0.0
2025-10-01,0,61,10:10-10:20,1111.2555499999999,1205.7928595238095,0.9632,0.9064723214285717,87.70036904761916,652.1456047619048,0.0,0.0,0.0,6.836940476190421,0.0,1930.7594739417991,0.0
2025-10-01,0,62,10:20-10:30,1077.37,1240.6544642857143,0.9228,0.8629468750000004,85.28898809523784,652.8641886904761,0.0,0.0,0.0,77.99547619047667,0.0,2000.9554025132281,0.0
2025-10-01,0,63,10:30-10:40,1055.1354333333334,1265.9704285714283,0.8655,0.800914285714286,104.18307380952373,697.2682946428561,0.0,0.0,0.0,106.65192142857131,0.0,2096.9421317989422,0.0
2025-10-01,0,64,10:40-10:50,1067.7280999999998,1281.9805357142857,0.6989,0.653215625,109.7551761904765,685.5081851190463,0.0,0.0,0.0,104.49725952380936,0.0,2190.989665370371,0.0
2025-10-01,0,65,10:50-11:00,1088.435,1298.125,0.4885,0.47241160714285707,94.32755952380938,660.5204380952372,717.9708928571426,717.9708928571426,717.9708928571426,833.3333333333333,0.0,2940.989665370371,0.0
2025-10-01,0,66,11:00-11:10,1074.9875833333333,1323.8386285714284,0.4302,0.4151982142857144,79.50212857142878,664.5137958333326,663.9844166666669,663.9844166666669,663.9844166666669,833.3333333333333,0.0,3690.989665370371,0.0
2025-10-01,0,67,11:10-11:20,1086.8508666666667,1348.7104357142857,0.4576,0.43646517857142847,97.1908833333332,647.4189767857135,668.6646476190474,668.6646476190474,668.6646476190474,833.3333333333333,0.0,4440.989665370371,0.0
2025-10-01,0,68,11:20-11:30,1118.6066666666666,1362.1883928571428,0.4896,0.4690700892857142,94.75488095238128,628.3833708333325,684.5064880952382,684.5064880952382,684.5064880952382,833.3333333333333,0.0,5190.989665370371,0.0
2025-10-01,0,69,11:30-11:40,1096.8615666666665,1362.0808523809524,0.501,0.48053839285714295,95.2195857142857,682.3245529761903,663.333633333333,663.333633333333,663.333633333333,833.3333333333333,0.0,5940.989665370371,0.0
2025-10-01,0,70,11:40-11:50,1039.90475,1359.730957142857,0.4821,0.4610223214285714,111.53916666666663,760.7257839285716,625.0462928571428,625.0462928571428,625.0462928571428,833.3333333333333,0.0,6690.989665370371,0.0
2025-10-01,0,71,11:50-12:00,1000.6716666666666,1360.6035714285713,0.4616,0.4423370535714288,95.44845238095252,788.721808928571,568.849880952381,568.849880952381,568.849880952381,833.3333333333333,0.0,7440.989665370371,0.0
2025-10-01,0,72,12:00-12:10,1015.3240333333333,1361.2986857142857,0.4812,0.4677361607142858,102.08970476190495,784.4517494047615,589.4483857142859,589.4483857142859,589.4483857142859,833.3333333333333,0.0,8190.989665370371,0.0
2025-10-01,0,73,12:10-12:20,1014.22345,1359.5978119047618,0.4959,0.4829915178571428,95.21683809523824,772.1328749999998,20.543740858319723,20.543740858319723,20.543740858319723,270.7012646678433,0.0,8434.62080357143,0.0
2025-10-01,0,74,12:20-12:30,996.8833333333333,1349.3008928571426,0.4674,0.45201116071428593,99.05250000000001,812.6363869047618,579.9682738095241,579.9682738095241,579.9682738095241,833.3333333333333,0.0,9184.62080357143,0.0
2025-10-01,0,75,12:30-12:40,1027.1080166666666,1325.4393904761905,0.4274,0.4170549107142857,107.00067380952407,797.9557767857144,642.0026333333333,642.0026333333333,642.0026333333333,833.3333333333333,0.0,9934.62080357143,0.0
2025-10-01,0,76,12:40-12:50,1046.2812666666666,1304.794842857143,0.5596,0.5500803571428572,78.80468095238092,767.2796553571434,0.0,0.0,0.0,179.70889523809547,0.0,10096.358809285715,0.0
2025-10-01,0,77,12:50-13:00,1039.0866666666666,1293.9723214285714,0.7876,0.7714303571428572,90.45910714285719,753.5238577380939,0.0,0.0,0.0,164.4265476190476,0.0,10244.342702142858,0.0
2025-10-01,0,78,13:00-13:10,1047.1197166666666,1281.981552380952,0.8339,0.8128705357142859,76.2450023809526,766.4765363095222,0.0,0.0,0.0,158.6168333333328,0.0,10387.097852142857,0.0
2025-10-01,0,79,13:10-13:20,1041.6775499999999,1251.508776190476,0.8023,0.7804553571428571,71.92822619047593,665.3284583333327,0.0,0.0,0.0,137.90300000000025,0.0,10511.210552142857,0.0
2025-10-01,0,80,13:20-13:30,1018.46,1215.8964285714287,0.8081,0.7915334821428572,80.26494047619036,612.0798220238082,0.0,0.0,0.0,117.17148809523837,0.0,10616.66489142857,0.0
2025-10-01,0,81,13:30-13:40,1007.7803333333333,1203.5664619047616,0.8533,0.8443174107142856,86.77993809523798,607.6049851190473,0.0,0.0,0.0,109.00619047619034,0.0,10714.770462857143,0.0
2025-10-01,0,82,13:40-13:50,1007.4713166666667,1177.1117380952383,0.8377,0.806602232142857,96.83426904761905,609.3947363095235,0.0,0.0,0.0,72.80615238095243,0.0,10780.296,0.0
2025-10-01,0,83,13:50-14:00,1012.9200000000001,1130.3767857142857,0.8063,0.7386107142857142,95.5634523809525,559.69901547619,0.0,0.0,0.0,21.893333333333203,0.0,10800.0,0.0
2025-10-01,0,84,14:00-14:10,1022.3434833333333,1094.5451928571429,0.8962,0.8276906249999999,73.22209047619057,582.7190779761899,0.0,0.0,0.0,0.0,1.0203809523809468,10798.866243386243,0.0
2025-10-01,0,85,14:10-14:20,1021.5801166666666,1058.5450095238095,0.9453,0.886036607142857,76.83054523809528,571.5504904761904,0.0,0.0,0.0,0.0,39.8656523809525,10754.571074074074,0.0
2025-10-01,0,86,14:20-14:30,1013.3249999999999,1014.6214285714284,0.931,0.868563392857143,108.20696428571424,571.5212559523809,0.0,0.0,0.0,0.0,106.91053571428574,10635.78158994709,0.0
2025-10-01,0,87,14:30-14:40,1013.6390333333334,968.8069833333332,0.9652,0.8944209821428569,84.35801666666657,589.2024589285711,0.0,0.0,0.0,0.0,129.19006666666678,10492.237071428572,0.0
2025-10-01,0,88,14:40-14:50,1013.0500499999999,924.4606619047619,0.8521,0.8006660714285714,69.72756190476196,542.3409601190474,0.0,0.0,0.0,0.0,158.31695000000002,10316.32934920635,0.0
2025-10-01,0,89,14:50-15:00,1020.04,879.8785714285715,0.6581,0.6436459821428572,79.80940476190474,438.1286791666664,757.3826675485004,757.3826675485004,757.3826675485004,537.4118342151672,0.0,10800.0,0.0
2025-10-01,0,90,15:00-15:10,1052.9867,830.1194476190476,0.6765,0.67206875,60.68462619047605,315.6821464285713,283.55187857142846,283.55187857142846,283.55187857142846,0.0,0.0,10800.0,0.0
2025-10-01,0,91,15:10-15:20,1072.9906666666666,774.4472595238095,0.7492,0.7408866071428571,57.2792023809524,252.20386369047577,355.82260952380955,355.82260952380955,355.82260952380955,0.0,0.0,10800.0,0.0
2025-10-01,0,92,15:20-15:30,1057.6933333333332,718.0035714285714,0.7568,0.7446174107142857,81.55678571428564,213.77389226190422,421.2465476190473,421.2465476190473,421.2465476190473,0.0,0.0,10800.0,0.0
2025-10-01,0,93,15:30-15:40,1028.3715,668.1635523809523,0.7497,0.7348857142857143,57.72837619047647,200.8931255952371,417.9363238095241,417.9363238095241,417.9363238095241,0.0,0.0,10800.0,0.0
2025-10-01,0,94,15:40-15:50,1051.3494166666665,622.0472166666666,0.8252,0.8148758928571428,51.430788095238256,178.69761845238025,480.73298809523817,480.73298809523817,480.73298809523817,0.0,-0.0,10800.0,0.0
2025-10-01,0,95,15:50-16:00,1090.73,572.5473214285714,0.9146,0.9102522321428573,65.1836309523809,174.90189107142834,583.3663095238096,583.3663095238096,583.3663095238096,0.0,-0.0,10800.0,0.0
2025-10-01,0,96,16:00-16:10,1051.1262499999998,514.8512619047619,0.8615,0.853058482142857,65.06448095238113,202.93917202380948,601.3394690476189,601.3394690476189,601.3394690476189,0.0,0.0,10800.0,0.0
2025-10-01,0,97,16:10-16:20,1044.8175999999999,459.2870785714286,0.8522,0.8445732142857142,69.08969047619041,177.35886250000027,654.6202119047616,654.6202119047616,654.6202119047616,0.0,0.0,10800.0,0.0
2025-10-01,0,98,16:20-16:30,1079.3883333333333,409.0276785714285,0.9282,0.9264767857142856,65.35190476190468,141.54178809523842,735.7125595238095,735.7125595238095,735.7125595238095,0.0,-0.0,10800.0,0.0
2025-10-01,0,99,16:30-16:40,1052.1743,357.60877857142856,0.9472,0.9415316964285715,49.966326190476195,162.81957678571422,744.5318476190475,744.5318476190475,744.5318476190475,0.0,-0.0,10800.0,0.0
2025-10-01,0,100,16:40-16:50,1046.0400666666665,303.8930452380952,0.9589,0.9500308035714283,42.2538571428571,131.06744940476185,784.4008785714284,784.4008785714284,784.4008785714284,0.0,-0.0,10800.0,0.0
2025-10-01,0,101,16:50-17:00,1080.5349999999999,249.19017857142856,0.9856,0.9795732142857145,55.90863095238092,115.20235357142846,887.2534523809522,887.2534523809522,887.2534523809522,0.0,0.0,10800.0,0.0
2025-10-01,0,102,17:00-17:10,1084.1268666666665,195.5150333333333,0.9909,0.9877129464285714,53.64441428571428,99.73777559523782,942.2562476190474,942.2562476190474,942.2562476190474,0.0,-0.0,10800.0,0.0
2025-10-01,0,103,17:10-17:20,1067.1776,143.6951357142857,1.0128,1.0086183035714285,40.56485476190471,86.93261428571435,964.0473190476191,964.0473190476191,964.0473190476191,-0.0,0.0,10800.0,0.0
2025-10-01,0,104,17:20-17:30,1072.945,93.60535714285714,1.0629,1.055336160714286,39.421428571428464,101.77643095238065,1018.7610714285713,1018.7610714285713,1018.7610714285713,0.0,0.0,10800.0,0.0
2025-10-01,0,105,17:30-17:40,1103.1205,46.850428571428566,1.1163,1.1079482142857144,36.09725238095257,59.03772261904754,1092.367323809524,1092.367323809524,1092.367323809524,0.0,0.0,10800.0,0.0
2025-10-01,0,106,17:40-17:50,962.97025,14.15862380952381,1.1886,1.1828196428571431,36.85668333333342,45.55347321428576,985.6683095238096,985.6683095238096,985.6683095238096,0.0,0.0,10800.0,0.0
2025-10-01,0,107,17:50-18:00,741.4033333333333,0.0,1.2707,1.2661892857142856,31.426785714285757,72.21055476190486,419.75325178571467,419.75325178571467,419.75325178571467,0.0,353.0768672619044,10407.692369708995,0.0
2025-10-01,0,108,18:00-18:10,743.5941166666667,0.0,1.3275,1.3177848214285712,18.97882380952376,77.12924107142862,0.0,0.0,0.0,0.0,762.5729404761904,9560.389102513227,0.0
2025-10-01,0,109,18:10-18:20,814.5888666666666,0.419947619047619,1.3578,1.3455799107142854,29.47711190476184,49.8337779761907,10.312697619047526,10.312697619047526,10.312697619047526,0.0,833.3333333333333,8634.463176587302,0.0
2025-10-01,0,110,18:20-18:30,824.0749999999999,0.0,1.3523,1.341474553571429,51.5183333333332,53.47374464285747,42.25999999999988,42.25999999999988,42.25999999999988,0.0,833.3333333333333,7708.537250661376,0.0
2025-10-01,0,111,18:30-18:40,791.9465166666666,0.0,1.3039,1.2874687500000002,20.615599999999972,50.55597619047637,0.0,0.0,0.0,0.0,812.5621166666666,6805.69045436508,0.0
2025-10-01,0,112,18:40-18:50,764.8304833333333,0.03015,1.2815,1.2408857142857144,22.795019047618894,52.41168809523833,787.5953523809521,787.5953523809521,787.5953523809521,0.0,0.0,6805.69045436508,0.0
2025-10-01,0,113,18:50-19:00,776.9766666666666,0.0,1.3111,1.2434772321428569,25.47833333333324,49.07143273809547,802.4549999999998,802.4549999999998,802.4549999999998,0.0,0.0,6805.69045436508,0.0
2025-10-01,0,114,19:00-19:10,819.40935,0.0,1.3507,1.2831044642857143,26.556733333333227,51.71520416666664,12.632749999999987,12.632749999999987,12.632749999999987,0.0,833.3333333333333,5879.764528439154,0.0
2025-10-01,0,115,19:10-19:20,787.7049833333333,0.002161904761904762,1.3385,1.2758816964285717,31.901666666666642,59.87773988095216,0.0,0.0,0.0,0.0,819.604488095238,4969.092875,0.0
2025-10-01,0,116,19:20-19:30,724.6683333333333,0.0,1.2978,1.2307249999999998,42.401666666666756,39.584260119047514,767.07,767.07,767.07,0.0,0.0,4969.092875,0.0
2025-10-01,0,117,19:30-19:40,776.5199666666667,0.0,1.3141,1.2405138392857142,30.820128571428768,49.7217571428572,807.3400952380955,807.3400952380955,807.3400952380955,0.0,0.0,4969.092875,0.0
2025-10-01,0,118,19:40-19:50,825.1172166666666,9.523809523809524e-05,1.3627,1.2904950892857143,10.778449999999907,54.11194880952385,2.562238095238058,2.562238095238058,2.562238095238058,0.0,833.3333333333333,4043.166949074074,0.0
2025-10-01,0,119,19:50-20:00,810.9716666666666,0.0,1.3658,1.300187946428571,28.12333333333345,37.08729047619042,5.76166666666677,5.76166666666677,5.76166666666677,0.0,833.3333333333333,3117.241023148148,0.0
2025-10-01,0,120,20:00-20:10,792.5119,0.0,1.2793,1.2140008928571433,23.94684285714277,47.712995833333366,816.4587428571427,816.4587428571427,816.4587428571427,0.0,0.0,3117.241023148148,0.0
2025-10-01,0,121,20:10-20:20,792.3809833333332,0.0,1.2802,1.2140308035714287,26.782516666666652,49.00272499999994,819.1634999999999,819.1634999999999,819.1634999999999,0.0,0.0,3117.241023148148,0.0
2025-10-01,0,122,20:20-20:30,801.0133333333333,0.0,1.3677,1.2993267857142856,23.329999999999927,72.85698749999997,0.0,0.0,0.0,0.0,824.3433333333332,2201.303986111111,0.0
2025-10-01,0,123,20:30-20:40,794.2424833333332,0.0,1.3452,1.271603125,27.468583333333413,45.49060297619036,0.0,0.0,0.0,0.0,821.7110666666666,1288.2916898148148,0.0
2025-10-01,0,124,20:40-20:50,777.4709833333333,0.0,1.1727,1.1192209821428576,22.55681666666669,58.524583333333226,800.0278,800.0278,800.0278,0.0,0.0,1288.2916898148148,0.0
2025-10-01,0,125,20:50-21:00,774.8799999999999,0.0,0.9756,0.9559718749999998,26.578333333333376,79.4625208333334,850.3181378600821,850.3181378600821,850.3181378600821,48.859804526748825,0.0,1332.2655138888888,0.0
2025-10-01,0,126,21:00-21:10,805.5286666666666,0.0,0.9371,0.9215348214285717,23.684883333333346,119.03896249999991,829.2135499999999,829.2135499999999,829.2135499999999,0.0,0.0,1332.2655138888888,0.0
2025-10-01,0,127,21:10-21:20,825.47385,0.0,0.9825,0.959638392857143,28.653966666666634,102.65132083333333,854.1278166666666,854.1278166666666,854.1278166666666,0.0,0.0,1332.2655138888888,0.0
2025-10-01,0,128,21:20-21:30,821.98,0.0,1.0367,1.0115428571428573,26.73166666666657,70.45833333333336,848.7116666666666,848.7116666666666,848.7116666666666,0.0,0.0,1332.2655138888888,0.0
2025-10-01,0,129,21:30-21:40,807.4129833333333,0.0,1.0462,1.0219459821428571,29.54936666666663,72.39261666666668,802.656925,802.656925,802.656925,0.0,34.30542499999992,1294.148375,0.0
2025-10-01,0,130,21:40-21:50,712.6438333333333,0.0,0.7968,0.7745017857142857,38.45079999999996,84.73353750000004,766.1521076131686,766.1521076131686,766.1521076131686,15.057474279835281,0.0,1307.7001018518517,0.0
2025-10-01,0,131,21:50-22:00,593.7583333333333,0.0,0.4553,0.4352459821428571,29.394999999999982,96.93009166666664,623.1533333333333,623.1533333333333,623.1533333333333,0.0,0.0,1307.7001018518517,0.0
2025-10-01,0,132,22:00-22:10,588.5550666666666,0.0,0.4373,0.4189200892857144,16.540616666666665,63.63175416666664,1438.4290166666665,1438.4290166666665,1438.4290166666665,833.3333333333333,0.0,2057.7001018518517,0.0
2025-10-01,0,133,22:10-22:20,584.1847166666666,0.0,0.4792,0.4564388392857143,13.661849999999959,39.467583333333295,597.8465666666666,597.8465666666666,597.8465666666666,0.0,0.0,2057.7001018518517,0.0
2025-10-01,0,134,22:20-22:30,561.0533333333333,0.0,0.4506,0.42122455357142863,31.908333333333417,44.61410416666658,1426.295,1426.295,1426.295,833.3333333333333,0.0,2807.7001018518517,0.0
2025-10-01,0,135,22:30-22:40,607.7949666666666,0.0,0.4738,0.44581875,34.961766666666676,41.54630416666669,642.7567333333333,642.7567333333333,642.7567333333333,0.0,0.0,2807.7001018518517,0.0
2025-10-01,0,136,22:40-22:50,621.9866333333333,0.0,0.4579,0.4336174107142857,29.204516666666677,27.80271250000004,864.8577034979426,864.8577034979426,864.8577034979426,213.66655349794252,0.0,3000.0,0.0
2025-10-01,0,137,22:50-23:00,591.0083333333333,0.0,0.412,0.390489732142857,34.38499999999999,59.75487916666667,1458.7266666666665,1458.7266666666665,1458.7266666666665,833.3333333333333,0.0,3750.0,0.0
2025-10-01,0,138,23:00-23:10,602.6010666666666,0.0,0.4469,0.4289839285714286,25.23085000000009,84.69047499999982,1461.16525,1461.16525,1461.16525,833.3333333333333,0.0,4500.0,0.0
2025-10-01,0,139,23:10-23:20,593.3914666666667,0.0,0.4609,0.44317321428571427,25.422300000000064,75.1260499999999,618.8137666666668,618.8137666666668,618.8137666666668,0.0,0.0,4500.0,0.0
2025-10-01,0,140,23:20-23:30,566.1333333333333,0.0,0.4325,0.41272589285714295,32.738333333333344,46.196541666666604,1432.205,1432.205,1432.205,833.3333333333333,0.0,5250.0,0.0
2025-10-01,0,141,23:30-23:40,595.4494333333333,0.0,0.4481,0.42928437499999983,18.10699999999997,49.049750000000074,1446.8897666666667,1446.8897666666667,1446.8897666666667,833.3333333333333,0.0,6000.0,0.0
2025-10-01,0,142,23:40-23:50,623.8005833333333,0.0,0.4868,0.46632053571428583,32.266316666666626,45.36281249999993,656.0668999999999,656.0668999999999,656.0668999999999,0.0,0.0,6000.0,0.0
2025-10-01,0,143,23:50-24:00,607.415,0.0,0.4927,0.46991785714285716,27.690000000000055,37.23874999999998,635.105,635.105,635.105,0.0,0.0,6000.0,0.0
2025-10-02,0,0,0:00-0:10,565.2323833333332,0.0,0.4343,0.41679999999999995,24.172483333333275,60.9190458333333,589.4048666666665,589.4048666666665,589.4048666666665,0.0,0.0,9108.253497076721,0.0
2025-10-02,0,1,0:10-0:20,571.1785,0.0,0.3997,0.38222053571428566,19.66128333333336,75.87352500000004,1424.1731166666666,1424.1731166666666,1424.1731166666666,833.3333333333333,0.0,9858.253497076721,0.0
2025-10-02,0,2,0:20-0:30,621.5466666666666,0.0,0.4211,0.39952410714285713,19.021666666666647,70.97843749999979,640.5683333333333,640.5683333333333,640.5683333333333,0.0,0.0,9858.253497076721,0.0
2025-10-02,0,3,0:30-0:40,638.4817166666667,0.0,0.4512,0.4328397321428571,17.660700000000077,71.66828749999993,656.1424166666668,656.1424166666668,656.1424166666668,0.0,0.0,9858.253497076721,0.0
2025-10-02,0,4,0:40-0:50,612.3334,0.0,0.4689,0.45063526785714253,20.179416666666725,89.3835625,632.5128166666667,632.5128166666667,632.5128166666667,0.0,0.0,9858.253497076721,0.0
2025-10-02,0,5,0:50-1:00,583.1516666666666,0.0,0.466,0.4433986607142858,18.50666666666666,75.1950125,601.6583333333333,601.6583333333333,601.6583333333333,0.0,0.0,9858.253497076721,0.0
2025-10-02,0,6,1:00-1:10,598.4944166666667,0.0,0.4471,0.42523214285714284,24.798033333333308,74.61927499999996,623.2924499999999,623.2924499999999,623.2924499999999,0.0,0.0,9858.253497076721,0.0
2025-10-02,0,7,1:10-1:20,611.45755,0.0,0.4432,0.4210674107142856,22.527400000000057,39.4089708333334,633.98495,633.98495,633.98495,0.0,0.0,9858.253497076721,0.0
2025-10-02,0,8,1:20-1:30,599.1433333333333,0.0,0.449,0.42434910714285723,16.271666666666704,67.33089166666659,615.415,615.415,615.415,0.0,0.0,9858.253497076721,0.0
2025-10-02,0,9,1:30-1:40,582.6262166666667,0.0,0.4322,0.40844910714285704,21.297149999999988,83.06971249999995,603.9233666666667,603.9233666666667,603.9233666666667,0.0,0.0,9858.253497076721,0.0
2025-10-02,0,10,1:40-1:50,567.8125,0.0,0.421,0.39959151785714286,18.15883333333329,64.34725416666663,585.9713333333333,585.9713333333333,585.9713333333333,0.0,0.0,9858.253497076721,0.0
2025-10-02,0,11,1:50-2:00,574.98,0.0,0.4383,0.4187129464285713,16.796666666666624,51.223020833333436,591.7766666666666,591.7766666666666,591.7766666666666,0.0,0.0,9858.253497076721,0.0
2025-10-02,0,12,2:00-2:10,618.7754833333333,0.0,0.4718,0.45332098214285727,25.5542333333334,43.7560041666666,644.3297166666667,644.3297166666667,644.3297166666667,0.0,0.0,9858.253497076721,0.0
2025-10-02,0,13,2:10-2:20,620.8425333333332,0.0,0.456,0.4366982142857143,25.540849999999978,35.55971666666662,646.3833833333332,646.3833833333332,646.3833833333332,0.0,0.0,9858.253497076721,0.0
2025-10-02,0,14,2:20-2:30,576.8199999999999,0.0,0.4134,0.3931397321428572,15.023333333333312,46.78445833333332,591.8433333333332,591.8433333333332,591.8433333333332,0.0,0.0,9858.253497076721,0.0
2025-10-02,0,15,2:30-2:40,563.02485,0.0,0.4344,0.41671562500000003,14.718883333333338,47.87857500000001,577.7437333333334,577.7437333333334,577.7437333333334,0.0,0.0,9858.253497076721,0.0
2025-10-02,0,16,2:40-2:50,587.7556333333333,0.0,0.4756,0.46206071428571427,22.700733333333346,58.59053988095238,610.4563666666667,610.4563666666667,610.4563666666667,0.0,0.0,9858.253497076721,0.0
2025-10-02,0,17,2:50-3:00,620.2049999999999,0.0,0.4876,0.4760401785714286,25.803333333333285,53.89458869047638,646.0083333333332,646.0083333333332,646.0083333333332,0.0,0.0,9858.253497076721,0.0
2025-10-02,0,18,3:00-3:10,623.3312,0.0,0.4628,0.4483526785714286,34.67196666666655,56.441287500000115,658.0031666666665,658.0031666666665,658.0031666666665,0.0,0.0,9858.253497076721,0.0
2025-10-02,0,19,3:10-3:20,618.0139333333333,0.0,0.4461,0.42710312500000003,23.870307142857087,78.25790952380963,641.8842404761904,641.8842404761904,641.8842404761904,0.0,0.0,9858.253497076721,0.0
2025-10-02,0,20,3:20-3:30,611.125,0.0,0.4359,0.4154549107142858,14.675000000000068,53.96757559523809,625.8000000000001,625.8000000000001,625.8000000000001,0.0,0.0,9858.253497076721,0.0
2025-10-02,0,21,3:30-3:40,590.8790166666666,0.0,0.3991,0.38249196428571425,17.248833333333323,64.12766607142852,1441.4611833333333,1441.4611833333333,1441.4611833333333,833.3333333333333,0.0,10608.253497076721,0.0
2025-10-02,0,22,3:40-3:50,584.2423833333332,0.0,0.4094,0.39394553571428576,9.47580000000005,54.968802380952255,593.7181833333333,593.7181833333333,593.7181833333333,0.0,0.0,10608.253497076721,0.0
2025-10-02,0,23,3:50-4:00,594.1283333333333,0.0,0.4511,0.43393973214285697,23.43500000000006,23.817499999999967,617.5633333333334,617.5633333333334,617.5633333333334,0.0,0.0,10608.253497076721,0.0
2025-10-02,0,24,4:00-4:10,596.7847999999999,8.80952380952381e-05,0.4321,0.4179424107142859,20.923178571428593,35.307385119047666,617.7078904761904,617.7078904761904,617.7078904761904,0.0,0.0,10608.253497076721,0.0
2025-10-02,0,25,4:10-4:20,597.7477166666666,0.0,0.4203,0.41106160714285706,28.883116666666638,32.62799107142871,626.6308333333333,626.6308333333333,626.6308333333333,0.0,0.0,10608.253497076721,0.0
2025-10-02,0,26,4:20-4:30,603.935,0.0,0.4365,0.4283504464285714,20.018333333333317,70.80420833333338,623.9533333333333,623.9533333333333,623.9533333333333,0.0,0.0,10608.253497076721,0.0
2025-10-02,0,27,4:30-4:40,613.4951333333333,0.0017238095238095237,0.4328,0.4194392857142855,29.347885714285667,80.76555714285722,642.8412952380952,642.8412952380952,642.8412952380952,0.0,0.0,10608.253497076721,0.0
2025-10-02,0,28,4:40-4:50,615.7574666666667,0.0,0.4342,0.42020401785714273,28.242933333333326,99.438064285714,644.0004,644.0004,644.0004,0.0,0.0,10608.253497076721,0.0
2025-10-02,0,29,4:50-5:00,620.6933333333333,0.0,0.4546,0.4444084821428572,16.601666666666688,95.14100773809506,637.295,637.295,637.295,0.0,0.0,10608.253497076721,0.0
2025-10-02,0,30,5:00-5:10,640.2815166666667,0.024028571428571427,0.4777,0.46622633928571444,26.22828571428579,121.21206428571406,666.485773809524,666.485773809524,666.485773809524,0.0,0.0,10608.253497076721,0.0
2025-10-02,0,31,5:10-5:20,607.8507666666667,0.0,0.4855,0.4773040178571427,22.311197619047675,146.5048148809522,127.73381691666543,127.73381691666543,127.73381691666543,0.0,502.42814736904893,10050.0,0.0
2025-10-02,0,32,5:20-5:30,537.5883333333334,0.0,0.4389,0.4384736607142856,31.437083333333362,206.87087440476165,569.0254166666667,569.0254166666667,569.0254166666667,0.0,0.0,10050.0,0.0
2025-10-02,0,33,5:30-5:40,532.7555833333333,0.3346595238095238,0.362,0.3634584821428571,24.95306190476191,401.46465416666615,1390.707319047619,1390.707319047619,1390.707319047619,833.3333333333333,0.0,10800.0,0.0
2025-10-02,0,34,5:40-5:50,644.3833666666667,0.0,0.5932,0.5974808035714286,24.642283333333353,478.81451190476116,669.02565,669.02565,669.02565,-0.0,0.0,10800.0,0.0
2025-10-02,0,35,5:50-6:00,785.5366666666666,0.0,0.99,1.0001263392857138,40.559226190476124,494.3363803571421,0.0,0.0,0.0,0.0,826.0958928571428,9882.115674603174,0.0
2025-10-02,0,36,6:00-6:10,806.3006833333334,12.224397619047616,1.0369,1.0499767857142859,40.14623095238096,538.5262386904758,0.8891833333334489,0.8891833333334489,0.8891833333334489,0.0,833.3333333333333,8956.189748677249,0.0
2025-10-02,0,37,6:10-6:20,796.0339,44.57669285714286,0.9529,0.9648830357142856,42.09227380952382,587.2480035714282,0.0,0.0,0.0,0.0,793.5494809523809,8074.468103174603,0.0
2025-10-02,0,38,6:20-6:30,814.0233333333333,92.19999999999999,0.9202,0.93056875,41.05398809523808,623.7014636904759,0.0,0.0,0.0,0.0,762.8773214285713,7226.826634920635,0.0
2025-10-02,0,39,6:30-6:40,829.6320499999999,140.74765952380952,0.9025,0.9149776785714286,47.27542142857135,608.4019547619043,0.0,0.0,0.0,0.0,736.1598119047618,6408.871288359789,0.0
2025-10-02,0,40,6:40-6:50,819.1492666666666,191.32345952380948,0.8958,0.9080602678571427,52.52046666666672,714.7503589285709,0.0,0.0,0.0,0.0,680.3462738095238,5652.930984126985,0.0
2025-10-02,0,41,6:50-7:00,798.4933333333333,245.47857142857143,0.884,0.895165625,55.06601190476192,772.9529232142851,0.0,0.0,0.0,0.0,608.0807738095239,4977.285679894181,0.0
2025-10-02,0,42,7:00-7:10,807.1567166666666,301.2761238095238,0.8485,0.8643549107142859,53.53828095238083,755.575020238095,438.8955541666651,438.8955541666651,438.8955541666651,0.0,120.5233196428585,4843.370880291005,0.0
2025-10-02,0,43,7:10-7:20,830.5993833333333,357.1458928571429,0.8448,0.8591441964285716,59.905659523809504,749.2604333333331,533.35915,533.35915,533.35915,0.0,0.0,4843.370880291005,0.0
2025-10-02,0,44,7:20-7:30,823.3033333333333,413.22053571428575,0.8078,0.8140937500000002,62.56488095238109,773.2187494047616,472.6476785714287,472.6476785714287,472.6476785714287,0.0,0.0,4843.370880291005,0.0
2025-10-02,0,45,7:30-7:40,777.5458666666666,470.6252904761905,0.6671,0.6706540178571431,60.743007142856925,764.4254011904761,1200.9969166666663,1200.9969166666663,1200.9969166666663,833.3333333333333,0.0,5593.370880291005,0.0
2025-10-02,0,46,7:40-7:50,891.1002,528.3120714285714,0.8605,0.8617674107142859,56.83816904761903,738.4146345238094,419.6262976190477,419.6262976190477,419.6262976190477,0.0,0.0,5593.370880291005,0.0
2025-10-02,0,47,7:50-8:00,1096.0949999999998,587.9598214285714,1.2559,1.253164732142857,55.59529761904764,714.6468529761903,0.0,0.0,0.0,0.0,563.730476190476,4967.003684523809,0.0
2025-10-02,0,48,8:00-8:10,1112.9679166666665,651.0441476190476,1.251,1.2464821428571426,41.41404285714299,692.9993232142855,0.0,0.0,0.0,0.0,503.3378119047618,4407.7394490740735,0.0
2025-10-02,0,49,8:10-8:20,1077.5450333333333,705.8049880952381,1.1419,1.137765625,65.67844285714284,658.9592547619045,0.0,0.0,0.0,0.0,437.418488095238,3921.7189067460313,0.0
2025-10-02,0,50,8:20-8:30,1081.205,753.70625,1.1385,1.1360977678571431,66.49863095238084,671.1295041666662,0.0,0.0,0.0,0.0,393.9973809523808,3483.9440390211635,0.0
2025-10-02,0,51,8:30-8:40,1076.3686833333331,807.7027238095238,1.1454,1.1451553571428572,80.91542380952387,653.4128392857142,0.0,0.0,0.0,0.0,349.5813833333332,3095.5202797619045,0.0
2025-10-02,0,52,8:40-8:50,1066.73155,860.8931738095237,1.1235,1.123745535714286,76.81365714285721,608.6323351190472,0.0,0.0,0.0,0.0,282.6520333333335,2781.4624649470893,0.0
2025-10-02,0,53,8:50-9:00,1070.1316666666667,911.6205357142859,1.0768,1.0767209821428567,110.09089285714305,572.5894511904759,0.0,0.0,0.0,0.0,268.60202380952376,2483.0157718253963,0.0
2025-10-02,0,54,9:00-9:10,1091.7308333333333,966.2611571428571,1.0243,1.0253138392857142,96.82401904761903,560.8352988095237,0.0,0.0,0.0,0.0,222.2936952380952,2236.022777116402,0.0
2025-10-02,0,55,9:10-9:20,1089.7665499999998,1021.7972999999998,0.9453,0.9437915178571429,89.85923333333342,514.2310684523807,0.0,0.0,0.0,0.0,157.82848333333334,2060.65779563492,0.0
2025-10-02,0,56,9:20-9:30,1065.4566666666665,1073.5008928571428,0.8907,0.8884625,100.4824404761905,539.1669940476188,0.0,0.0,0.0,0.0,92.43821428571414,1957.9486686507933,0.0
2025-10-02,0,57,9:30-9:40,1062.59775,1117.9542452380954,0.9356,0.9401325892857144,104.85879523809551,547.4348964285705,0.0,0.0,0.0,0.0,49.502300000000105,1902.9461130952375,0.0
2025-10-02,0,58,9:40-9:50,1076.32495,1154.0677404761905,0.9341,0.9137906250000002,99.02414523809519,569.7820017857136,0.0,0.0,0.0,0.0,21.281354761904595,1879.300163359788,0.0
2025-10-02,0,59,9:50-10:00,1085.69,1183.5151785714284,0.8887,0.8263794642857144,97.75178571428546,584.5997005952374,0.0,0.0,0.0,0.07339285714283506,0.0,1879.3662169312165,0.0
2025-10-02,0,60,10:00-10:10,1077.20365,1210.325057142857,0.933,0.8686169642857146,96.33378809523781,610.2823369047619,0.0,0.0,0.0,36.78761904761927,0.0,1912.475074074074,0.0
2025-10-02,0,61,10:10-10:20,1078.759633333333,1238.9616666666666,0.9188,0.8617598214285713,87.70036904761916,641.2275666666666,0.0,0.0,0.0,72.50166428571424,0.0,1977.7265719312168,0.0
2025-10-02,0,62,10:20-10:30,1089.4833333333331,1268.86875,0.8597,0.7976879464285714,88.29375000000005,641.9461505952378,0.0,0.0,0.0,91.09166666666692,0.0,2059.709071931217,0.0
2025-10-02,0,63,10:30-10:40,1080.0494166666667,1294.8735642857143,0.8904,0.8240749999999997,104.18307380952373,685.8869595238086,0.0,0.0,0.0,110.64107380952396,0.0,2159.2860383597886,0.0
2025-10-02,0,64,10:40-10:50,1063.4731,1314.1033214285715,0.7147,0.6688209821428572,109.7551761904765,674.126849999999,0.0,0.0,0.0,140.87504523809503,0.0,2286.073579074074,0.0
2025-10-02,0,65,10:50-11:00,1053.3483333333334,1332.149107142857,0.4265,0.4115133928571427,97.4755357142858,648.2142976190477,652.0080952380954,652.0080952380954,652.0080952380954,833.3333333333333,0.0,3036.073579074074,0.0
2025-10-02,0,66,11:00-11:10,1051.9690166666664,1358.0363428571427,0.4399,0.4264589285714284,79.50212857142878,653.4765357142854,606.7681357142858,606.7681357142858,606.7681357142858,833.3333333333333,0.0,3786.073579074074,0.0
2025-10-02,0,67,11:10-11:20,1058.0814666666665,1383.3734857142856,0.4608,0.44026517857142855,97.1908833333332,636.3817166666666,605.2321976190474,605.2321976190474,605.2321976190474,833.3333333333333,0.0,4536.073579074075,0.0
2025-10-02,0,68,11:20-11:30,1067.5183333333332,1399.3482142857142,0.3954,0.3737200892857141,101.29113095238085,636.8558184523806,602.7945833333331,602.7945833333331,602.7945833333331,833.3333333333333,0.0,5286.073579074075,0.0
2025-10-02,0,69,11:30-11:40,1068.4123,1403.8153047619046,0.446,0.4235776785714287,95.2195857142857,715.9681666666664,593.1499142857142,593.1499142857142,593.1499142857142,833.3333333333333,0.0,6036.073579074075,0.0
2025-10-02,0,70,11:40-11:50,1029.5611,1404.790773809524,0.4755,0.45369553571428556,111.53916666666663,795.9230083333333,0.0,0.0,0.0,263.6905071428573,0.0,6273.395035502646,0.0
2025-10-02,0,71,11:50-12:00,980.9033333333333,1403.0285714285715,0.4454,0.42708169642857147,95.44845238095252,823.9463642857139,506.6565476190476,506.6565476190476,506.6565476190476,833.3333333333333,0.0,7023.395035502646,0.0
2025-10-02,0,72,12:00-12:10,990.6165833333332,1395.2507904761906,0.4624,0.4490593749999999,102.08970476190495,821.0898166666664,530.7888309523807,530.7888309523807,530.7888309523807,833.3333333333333,0.0,7773.395035502646,0.0
2025-10-02,0,73,12:10-12:20,1017.0255166666667,1399.458283333333,0.4679,0.4535361607142859,95.21683809523824,871.7194559523815,385.7823740446763,385.7823740446763,385.7823740446763,672.9983026161042,0.0,8379.09350785714,0.0
2025-10-02,0,74,12:20-12:30,1012.915,1402.0767857142855,0.4302,0.41225401785714283,99.05250000000001,912.2229678571434,543.2240476190477,543.2240476190477,543.2240476190477,833.3333333333333,0.0,9129.09350785714,0.0
2025-10-02,0,75,12:30-12:40,975.6621,1369.736142857143,0.4165,0.40302633928571435,113.78910952380966,897.5423577380959,553.0483999999999,553.0483999999999,553.0483999999999,833.3333333333333,0.0,9879.09350785714,0.0
2025-10-02,0,76,12:40-12:50,985.5033666666666,1336.4267833333333,0.5974,0.586657142857143,78.80468095238092,873.6546720238106,0.0,0.0,0.0,272.1187357142858,0.0,10124.000369999998,0.0
2025-10-02,0,77,12:50-13:00,1031.2883333333332,1320.082142857143,0.8508,0.8354553571428572,90.45910714285719,818.1673583333343,0.0,0.0,0.0,198.33470238095265,0.0,10302.501602142855,0.0
2025-10-02,0,78,13:00-13:10,1027.4416999999999,1304.2787214285713,0.8612,0.8386437500000002,69.09348571428575,782.4753940476201,0.0,0.0,0.0,207.74353571428583,0.0,10489.470784285711,0.0
2025-10-02,0,79,13:10-13:20,1034.4029333333333,1269.742919047619,0.8038,0.7791071428571428,69.93004047619056,753.6987077380961,0.0,0.0,0.0,165.40994523809513,0.0,10638.339734999998,0.0
2025-10-02,0,80,13:20-13:30,1066.2199999999998,1227.8535714285715,0.8058,0.7874084821428573,80.26494047619036,671.1957238095243,0.0,0.0,0.0,81.36863095238141,0.0,10711.571502857141,0.0
2025-10-02,0,81,13:30-13:40,1067.9640333333332,1205.6837428571428,0.8313,0.8202424107142857,86.77993809523798,581.8405750000004,0.0,0.0,0.0,50.9397714285717,0.0,10757.417297142856,0.0
2025-10-02,0,82,13:40-13:50,1045.4531666666667,1171.1593404761904,0.8882,0.8566468749999999,82.85777380952379,565.0739589285718,0.0,0.0,0.0,42.84840000000008,0.0,10795.980857142857,0.0
2025-10-02,0,83,13:50-14:00,1024.1833333333334,1124.2125,0.9307,0.8651053571428572,95.5634523809525,581.1245017857142,0.0,0.0,0.0,4.465714285714284,0.0,10800.0,0.0
2025-10-02,0,84,14:00-14:10,1025.51165,1097.0392714285713,0.8939,0.826128125,73.22209047619057,515.8851607142861,1.6944690476191226,1.6944690476191226,1.6944690476191226,0.0,-0.0,10800.0,0.0
2025-10-02,0,85,14:10-14:20,1039.60775,1063.6921047619046,0.894,0.8330223214285714,74.18846904761904,501.39947321428644,50.10411428571433,50.10411428571433,50.10411428571433,0.0,0.0,10800.0,0.0
2025-10-02,0,86,14:20-14:30,1040.4683333333332,1013.55,0.9666,0.9019366071428568,77.70190476190464,473.00795059523875,0.0,0.0,0.0,0.0,104.62023809523794,10683.755291005291,0.0
2025-10-02,0,87,14:30-14:40,1012.8679833333333,963.3385571428569,1.0102,0.9389084821428569,75.02087619047657,410.1374595238102,0.0,0.0,0.0,0.0,124.5503023809531,10545.366066137565,0.0
2025-10-02,0,88,14:40-14:50,1014.6459166666666,917.5551166666665,0.8955,0.8439892857142858,65.62083333333322,363.0376220238102,162.71163333333322,162.71163333333322,162.71163333333322,0.0,0.0,10545.366066137565,0.0
2025-10-02,0,89,14:50-15:00,1044.7816666666665,875.1910714285711,0.7229,0.7070334821428571,71.11124999999998,330.6173386904767,523.6284384185784,523.6284384185784,523.6284384185784,282.9265931804831,0.0,10800.0,0.0
2025-10-02,0,90,15:00-15:10,1042.7728166666666,832.1517214285715,0.7259,0.7196491071428575,51.981314285714234,284.79690178571525,262.60240952380934,262.60240952380934,262.60240952380934,0.0,0.0,10800.0,0.0
2025-10-02,0,91,15:10-15:20,1019.2073999999999,780.9930738095237,0.7405,0.730674107142857,57.20933809523814,216.2147273809529,295.4236642857144,295.4236642857144,295.4236642857144,0.0,0.0,10800.0,0.0
2025-10-02,0,92,15:20-15:30,1006.675,725.6258928571428,0.7225,0.7094209821428571,76.39571428571412,219.13734880952393,357.44482142857123,357.44482142857123,357.44482142857123,0.0,0.0,10800.0,0.0
2025-10-02,0,93,15:30-15:40,1027.5994333333333,677.1555404761905,0.795,0.7799446428571428,51.51393333333317,167.32691964285732,401.957826190476,401.957826190476,401.957826190476,0.0,0.0,10800.0,0.0
2025-10-02,0,94,15:40-15:50,1051.1463333333331,627.1316690476191,0.8649,0.8532044642857138,51.32146428571423,142.9036910714289,475.3361285714283,475.3361285714283,475.3361285714283,0.0,0.0,10800.0,0.0
2025-10-02,0,95,15:50-16:00,1054.2066666666665,569.8428571428572,0.8769,0.8699183035714285,59.52958333333322,182.60353630952392,543.8933928571425,543.8933928571425,543.8933928571425,0.0,0.0,10800.0,0.0
2025-10-02,0,96,16:00-16:10,1041.7787833333332,509.1362714285714,0.8696,0.8606049107142857,63.016883333333226,204.98676964285738,595.659395238095,595.659395238095,595.659395238095,0.0,0.0,10800.0,0.0
2025-10-02,0,97,16:10-16:20,1045.5380333333333,455.46312142857147,0.8803,0.8730124999999996,69.08969047619041,177.35886250000027,659.1646023809521,659.1646023809521,659.1646023809521,0.0,-0.0,10800.0,0.0
2025-10-02,0,98,16:20-16:30,1070.745,407.5526785714286,0.9263,0.9242482142857141,65.35190476190468,141.54178809523842,728.544226190476,728.544226190476,728.544226190476,0.0,-0.0,10800.0,0.0
2025-10-02,0,99,16:30-16:40,1086.9949499999998,354.33813095238094,0.9878,0.9835156250000002,49.966326190476195,162.81957678571422,782.623145238095,782.623145238095,782.623145238095,0.0,-0.0,10800.0,0.0
2025-10-02,0,100,16:40-16:50,1056.290883333333,298.607919047619,0.9772,0.9703950892857142,42.2538571428571,131.06744940476185,799.9368214285713,799.9368214285713,799.9368214285713,0.0,0.0,10800.0,0.0
2025-10-02,0,101,16:50-17:00,1022.35,244.23571428571427,0.9498,0.944935714285714,55.90863095238092,115.20235357142846,834.0229166666666,834.0229166666666,834.0229166666666,0.0,0.0,10800.0,0.0
2025-10-02,0,102,17:00-17:10,1062.0893333333333,192.0939380952381,1.0411,1.0396200892857146,53.64441428571428,99.82757559523779,923.6398095238095,923.6398095238095,923.6398095238095,0.0,0.0,10800.0,0.0
2025-10-02,0,103,17:10-17:20,1059.9475,141.1768761904762,1.0782,1.0760147321428573,40.56485476190471,92.63982500000022,959.3354785714284,959.3354785714284,959.3354785714284,0.0,0.0,10800.0,0.0
2025-10-02,0,104,17:20-17:30,1027.1316666666667,90.68839285714286,1.0225,1.0159861607142857,39.421428571428464,107.48364166666651,975.8647023809522,975.8647023809522,975.8647023809522,-0.0,0.0,10800.0,0.0
2025-10-02,0,105,17:30-17:40,1069.6052,43.22281428571429,1.0274,1.0188982142857141,36.09725238095257,65.38115773809527,1062.4796380952382,1062.4796380952382,1062.4796380952382,0.0,0.0,10800.0,0.0
2025-10-02,0,106,17:40-17:50,982.3454666666667,11.80150238095238,1.1566,1.1501321428571434,31.174085714285695,52.271175000000284,1001.71805,1001.71805,1001.71805,0.0,0.0,10800.0,0.0
2025-10-02,0,107,17:50-18:00,780.9816666666667,0.0,1.2938,1.2889964285714284,31.328333333333205,72.62122440476216,0.0,0.0,0.0,0.0,812.31,9897.433333333334,0.0
2025-10-02,0,108,18:00-18:10,712.0342,0.0,1.2626,1.2532294642857145,18.97882380952376,77.44145833333337,731.0130238095238,731.0130238095238,731.0130238095238,0.0,0.0,9897.433333333334,0.0
2025-10-02,0,109,18:10-18:20,745.2323833333332,0.3221309523809523,1.2548,1.2419674107142853,29.47711190476184,50.77042976190495,774.3873642857142,774.3873642857142,774.3873642857142,0.0,0.0,9897.433333333334,0.0
2025-10-02,0,110,18:20-18:30,799.76,0.0,1.3213,1.308438839285714,50.26946428571421,54.722613690476464,16.69613095238094,16.69613095238094,16.69613095238094,0.0,833.3333333333333,8971.50740740741,0.0
2025-10-02,0,111,18:30-18:40,830.9983666666667,0.0,1.3288,1.3114241071428574,20.615599999999972,50.55597619047637,18.280633333333412,18.280633333333412,18.280633333333412,0.0,833.3333333333333,8045.581481481483,0.0
2025-10-02,0,112,18:40-18:50,849.8881166666666,0.023126190476190474,1.3455,1.3049625,22.795019047618894,52.41168809523833,39.326676190476064,39.326676190476064,39.326676190476064,0.0,833.3333333333333,7119.655555555557,0.0
2025-10-02,0,113,18:50-19:00,848.7049999999999,0.0,1.3825,1.314464732142857,25.47833333333324,49.07143273809547,40.84999999999991,40.84999999999991,40.84999999999991,0.0,833.3333333333333,6193.729629629631,0.0
2025-10-02,0,114,19:00-19:10,805.3152666666666,0.0,1.3683,1.299513392857143,26.556733333333227,51.71520416666664,0.0,0.0,0.0,0.0,831.8719999999998,5269.427407407409,0.0
2025-10-02,0,115,19:10-19:20,767.1848499999999,0.001657142857142857,1.3408,1.2773888392857142,31.901666666666642,59.87773988095216,0.0,0.0,0.0,0.0,799.0848595238093,4381.555341269843,0.0
2025-10-02,0,116,19:20-19:30,753.6583333333333,0.0,1.3084,1.2414892857142856,42.401666666666756,39.584260119047514,796.0600000000001,796.0600000000001,796.0600000000001,0.0,0.0,4381.555341269843,0.0
2025-10-02,0,117,19:30-19:40,747.6110666666666,0.0,1.2537,1.1798049107142852,30.820128571428768,49.7217571428572,778.4311952380954,778.4311952380954,778.4311952380954,0.0,0.0,4381.555341269843,0.0
2025-10-02,0,118,19:40-19:50,767.5945333333334,5.476190476190476e-05,1.2821,1.208770089285714,10.778449999999907,54.11194880952385,778.3729285714286,778.3729285714286,778.3729285714286,0.0,0.0,4381.555341269843,0.0
2025-10-02,0,119,19:50-20:00,797.1783333333333,0.0,1.3578,1.2912986607142856,28.12333333333345,37.08729047619042,0.0,0.0,0.0,0.0,825.3016666666667,3464.553489417991,0.0
2025-10-02,0,120,20:00-20:10,796.1897333333333,0.0,1.3341,1.2692383928571433,23.94684285714277,47.712995833333366,0.0,0.0,0.0,0.0,820.136576190476,2553.2906269841287,0.0
2025-10-02,0,121,20:10-20:20,804.2820833333333,0.0,1.3039,1.2373058035714284,26.782516666666652,51.483549999999866,831.0645999999999,831.0645999999999,831.0645999999999,0.0,0.0,2553.2906269841287,0.0
2025-10-02,0,122,20:20-20:30,817.285,0.0,1.3298,1.2588303571428572,23.329999999999927,73.06157916666669,526.447794047617,526.447794047617,526.447794047617,0.0,314.1672059523829,2204.2159537037032,0.0
2025-10-02,0,123,20:30-20:40,795.5159999999998,0.0,1.3524,1.2770763392857145,27.468583333333413,49.96054464285693,0.0,0.0,0.0,0.0,822.9845833333333,1289.7886388888887,0.0
2025-10-02,0,124,20:40-20:50,809.9327166666667,0.0,1.2071,1.154013839285714,22.55681666666669,61.00540833333315,832.4895333333334,832.4895333333334,832.4895333333334,0.0,0.0,1289.7886388888887,0.0
2025-10-02,0,125,20:50-21:00,860.1149999999999,0.0,1.0099,0.9912700892857141,26.578333333333376,80.80977499999989,936.8058281893004,936.8058281893004,936.8058281893004,50.112494855967114,0.0,1334.8898842592591,0.0
2025-10-02,0,126,21:00-21:10,867.8118166666666,0.0,1.042,1.0254758928571432,22.314850000000092,121.40089583333314,872.3689916666667,872.3689916666667,872.3689916666667,0.0,17.75767499999995,1315.1591342592592,0.0
2025-10-02,0,127,21:10-21:20,842.4818499999999,0.0,1.0406,1.0155008928571427,26.71623333333332,103.6432208333333,846.7388166666667,846.7388166666667,846.7388166666667,0.0,22.45926666666653,1290.2043935185186,0.0
2025-10-02,0,128,21:20-21:30,817.8883333333333,0.0,0.973,0.9462750000000001,26.73166666666657,70.45833333333336,844.6199999999999,844.6199999999999,844.6199999999999,0.0,0.0,1290.2043935185186,0.0
2025-10-02,0,129,21:30-21:40,804.80665,0.0,1.0255,1.0006156250000002,29.54936666666663,72.39261666666668,834.3560166666666,834.3560166666666,834.3560166666666,0.0,0.0,1290.2043935185186,0.0
2025-10-02,0,130,21:40-21:50,722.6610666666667,0.0,0.8104,0.7873875,38.45079999999996,81.18395416666672,781.7450816872428,781.7450816872428,781.7450816872428,20.633215020576092,0.0,1308.774287037037,0.0
2025-10-02,0,131,21:50-22:00,598.2516666666667,0.0,0.4216,0.39999598214285725,33.17833333333334,97.8968583333334,1464.7633333333333,1464.7633333333333,1464.7633333333333,833.3333333333333,0.0,2058.774287037037,0.0
2025-10-02,0,132,22:00-22:10,552.2519833333333,0.0,0.3856,0.36558437500000013,16.540616666666665,63.86550416666668,1402.1259333333333,1402.1259333333333,1402.1259333333333,833.3333333333333,0.0,2808.774287037037,0.0
2025-10-02,0,133,22:10-22:20,560.8366166666666,0.0,0.4528,0.4297209821428571,13.661849999999959,41.80934166666668,786.9714810699587,786.9714810699587,786.9714810699587,212.47301440329213,0.0,3000.0,0.0
2025-10-02,0,134,22:20-22:30,583.5133333333333,0.0,0.4451,0.41594241071428556,31.596666666666692,46.95586249999997,1448.4433333333332,1448.4433333333332,1448.4433333333332,833.3333333333333,0.0,3750.0,0.0
2025-10-02,0,135,22:30-22:40,606.9198666666666,0.0,0.4427,0.41216696428571437,26.84140000000002,49.75758750000003,1467.0946,1467.0946,1467.0946,833.3333333333333,0.0,4500.0,0.0
2025-10-02,0,136,22:40-22:50,641.0132833333332,0.0,0.4709,0.4441549107142858,29.204516666666677,27.80271250000004,670.2177999999999,670.2177999999999,670.2177999999999,0.0,0.0,4500.0,0.0
2025-10-02,0,137,22:50-23:00,663.9333333333333,0.0,0.4977,0.47652187499999993,34.38499999999999,59.845795833333355,698.3183333333333,698.3183333333333,698.3183333333333,0.0,0.0,4500.0,0.0
2025-10-02,0,138,23:00-23:10,638.79455,0.0,0.4751,0.4567125,25.23085000000009,90.11415833333325,664.0254,664.0254,664.0254,0.0,0.0,4500.0,0.0
2025-10-02,0,139,23:10-23:20,616.2672166666666,0.0,0.4543,0.4347499999999999,25.05863333333332,71.74529166666673,641.32585,641.32585,641.32585,0.0,0.0,4500.0,0.0
2025-10-02,0,140,23:20-23:30,623.5066666666667,0.0,0.4637,0.44257232142857134,32.738333333333344,46.196541666666604,656.245,656.245,656.245,0.0,0.0,4500.0,0.0
2025-10-02,0,141,23:30-23:40,630.6806166666667,0.0,0.4732,0.45424508928571417,18.10699999999997,40.20117499999991,648.7876166666666,648.7876166666666,648.7876166666666,0.0,0.0,4500.0,0.0
2025-10-02,0,142,23:40-23:50,567.7610666666667,0.0,0.4135,0.3925991071428571,31.924633333333418,39.19182916666665,1433.0190333333335,1433.0190333333335,1433.0190333333335,833.3333333333333,0.0,5250.0,0.0
2025-10-02,0,143,23:50-24:00,457.41666666666663,0.0,0.3266,0.3022857142857143,22.97166666666658,34.55166666666676,1313.7216666666664,1313.7216666666664,1313.7216666666664,833.3333333333333,0.0,6000.0,0.0
2025-10-03,0,0,0:00-0:10,402.8858333333333,0.0,0.3283,0.30993214285714293,24.172483333333275,56.84824583333348,427.0583166666666,427.0583166666666,427.0583166666666,0.0,0.0,9370.988147685184,0.0
2025-10-03,0,1,0:10-0:20,418.66993333333335,0.0,0.3539,0.33583660714285707,16.52918333333332,70.04175000000014,0.0,0.0,0.0,0.0,435.19911666666667,8887.43357361111,0.0
2025-10-03,0,2,0:20-0:30,449.39,0.0,0.3492,0.3263473214285715,26.191666666666606,59.18627083333318,0.0,0.0,0.0,0.0,475.5816666666666,8359.009499537036,0.0
2025-10-03,0,3,0:30-0:40,424.7021666666667,0.0,0.3272,0.3075486607142857,21.91526666666664,60.975041666666726,446.61743333333334,446.61743333333334,446.61743333333334,0.0,0.0,8359.009499537036,0.0
2025-10-03,0,4,0:40-0:50,397.91234999999995,0.0,0.3349,0.315528125,20.179416666666725,75.03749999999991,418.0917666666667,418.0917666666667,418.0917666666667,0.0,0.0,8359.009499537036,0.0
2025-10-03,0,5,0:50-1:00,390.4816666666666,0.0,0.3395,0.3158736607142858,17.34333333333342,75.3765374999999,0.0,0.0,0.0,0.0,407.82500000000005,7905.870610648148,0.0
2025-10-03,0,6,1:00-1:10,376.38374999999996,0.0,0.2731,0.25051964285714284,27.336400000000026,70.69204166666657,1237.0534833333331,1237.0534833333331,1237.0534833333331,833.3333333333333,0.0,8655.870610648148,0.0
2025-10-03,0,7,1:10-1:20,389.81331666666665,0.0,0.2664,0.24404241071428565,23.91626666666673,36.62180000000009,1247.0629166666668,1247.0629166666668,1247.0629166666668,833.3333333333333,0.0,9405.870610648148,0.0
2025-10-03,0,8,1:20-1:30,414.635,0.0,0.3132,0.28849017857142856,16.271666666666704,68.7526583333333,430.9066666666667,430.9066666666667,430.9066666666667,0.0,0.0,9405.870610648148,0.0
2025-10-03,0,9,1:30-1:40,400.59729999999996,0.0,0.2803,0.2557848214285715,19.984866666666562,83.88366428571425,1136.2814881687245,1136.2814881687245,1136.2814881687245,715.6993215020581,0.0,10050.0,0.0
2025-10-03,0,10,1:40-1:50,420.4095333333333,0.0,0.2695,0.24639508928571438,18.049350000000004,62.84870952380933,1271.7922166666665,1271.7922166666665,1271.7922166666665,833.3333333333333,0.0,10800.0,0.0
2025-10-03,0,11,1:50-2:00,466.84,0.0,0.3082,0.28672723214285706,15.934999999999945,50.529687500000165,482.7749999999999,482.7749999999999,482.7749999999999,0.0,0.0,10800.0,0.0
2025-10-03,0,12,2:00-2:10,454.40798333333333,0.0,0.3199,0.30067812499999996,25.5542333333334,42.93277261904751,479.96221666666673,479.96221666666673,479.96221666666673,0.0,0.0,10800.0,0.0
2025-10-03,0,13,2:10-2:20,428.31395,0.0,0.3519,0.3333607142857142,25.540849999999978,35.55971666666662,453.85479999999995,453.85479999999995,453.85479999999995,0.0,0.0,10800.0,0.0
2025-10-03,0,14,2:20-2:30,423.2283333333333,0.0,0.3823,0.3631308035714286,17.09666666666658,45.25995833333326,0.0,0.0,0.0,0.0,440.3249999999999,10310.75,0.0
2025-10-03,0,15,2:30-2:40,431.27119999999996,0.0,0.3365,0.3183995535714285,17.55453333333344,45.04292499999991,448.8257333333334,448.8257333333334,448.8257333333334,0.0,0.0,10310.75,0.0
2025-10-03,0,16,2:40-2:50,450.89075,0.0,0.3317,0.3177607142857141,22.700733333333346,59.12527499999996,473.5914833333334,473.5914833333334,473.5914833333334,0.0,0.0,10310.75,0.0
2025-10-03,0,17,2:50-3:00,456.02666666666664,0.0,0.3656,0.3548866071428571,25.803333333333285,56.03352916666671,0.0,0.0,0.0,0.0,481.8299999999999,9775.383333333333,0.0
2025-10-03,0,18,3:00-3:10,420.9221166666667,0.0,0.3237,0.30916339285714295,35.02526666666665,58.449507142857115,455.94738333333333,455.94738333333333,455.94738333333333,0.0,0.0,9775.383333333333,0.0
2025-10-03,0,19,3:10-3:20,422.29161666666664,0.0,0.3089,0.28916919642857153,21.378066666666655,80.61942916666673,443.6696833333333,443.6696833333333,443.6696833333333,0.0,0.0,9775.383333333333,0.0
2025-10-03,0,20,3:20-3:30,447.70333333333326,0.0,0.3604,0.3401441964285716,14.675000000000068,53.575413095238105,462.37833333333333,462.37833333333333,462.37833333333333,0.0,0.0,9775.383333333333,0.0
2025-10-03,0,21,3:30-3:40,412.35479999999995,0.0,0.4008,0.38541160714285694,17.248833333333323,63.95438154761902,0.0,0.0,0.0,0.0,429.6036333333333,9298.045962962962,0.0
2025-10-03,0,22,3:40-3:50,398.13868333333335,0.0,0.3709,0.3563723214285715,9.99868333333336,55.49471547619038,0.0,0.0,0.0,0.0,408.1373666666667,8844.56,0.0
2025-10-03,0,23,3:50-4:00,437.79499999999996,0.0,0.3291,0.3118183035714285,23.43500000000006,23.817499999999967,461.23,461.23,461.23,0.0,0.0,8844.56,0.0
2025-10-03,0,24,4:00-4:10,473.8661666666667,5.714285714285715e-05,0.3801,0.36588169642857143,19.524783333333346,37.82911250000005,0.0,0.0,0.0,0.0,493.3908928571429,8296.347896825395,0.0
2025-10-03,0,25,4:10-4:20,459.79595,0.0,0.377,0.3680723214285715,27.090509523809487,33.318931547619115,0.0,0.0,0.0,0.0,486.8864595238095,7755.3629417989405,0.0
2025-10-03,0,26,4:20-4:30,428.49666666666667,0.0,0.3165,0.30883973214285715,21.12000000000006,69.70254166666663,449.61666666666673,449.61666666666673,449.61666666666673,0.0,0.0,7755.3629417989405,0.0
2025-10-03,0,27,4:30-4:40,454.16995,0.0012928571428571427,0.3479,0.33533392857142863,29.347885714285667,86.4371172619048,483.5165428571428,483.5165428571428,483.5165428571428,0.0,0.0,7755.3629417989405,0.0
2025-10-03,0,28,4:40-4:50,476.1639333333333,0.00010952380952380952,0.403,0.39004508928571424,28.242933333333326,102.08064464285695,0.0,0.0,0.0,0.0,504.40675714285715,7194.910989417988,0.0
2025-10-03,0,29,4:50-5:00,465.57,0.0,0.4038,0.39392098214285715,16.601666666666688,102.19692142857127,0.0,0.0,0.0,0.0,482.1716666666667,6659.164693121692,0.0
2025-10-03,0,30,5:00-5:10,454.47114999999997,0.01803333333333333,0.3473,0.3339834821428572,21.903735714285745,128.26797797619028,476.3568523809524,476.3568523809524,476.3568523809524,0.0,0.0,6659.164693121692,0.0
2025-10-03,0,31,5:10-5:20,453.36003333333326,0.0015333333333333332,0.3368,0.32678616071428573,19.992983333333314,149.23617857142835,473.35148333333325,473.35148333333325,473.35148333333325,0.0,0.0,6659.164693121692,0.0
2025-10-03,0,32,5:20-5:30,457.47499999999997,0.0,0.3513,0.35155937499999995,32.19148809523813,222.91885059523776,437.3794589285711,437.3794589285711,437.3794589285711,0.0,52.287029166666976,6601.0679940476175,0.0
2025-10-03,0,33,5:30-5:40,454.2552833333333,0.25115,0.3066,0.3103299107142857,26.572440476190536,418.26703511904697,480.57657380952384,480.57657380952384,480.57657380952384,0.0,0.0,6601.0679940476175,0.0
2025-10-03,0,34,5:40-5:50,437.5308166666667,0.021361904761904763,0.4491,0.4553933035714285,26.829340476190453,497.2362714285706,0.0,0.0,0.0,0.0,464.3387952380952,6085.135999338623,0.0
2025-10-03,0,35,5:50-6:00,427.2733333333333,0.0,0.7313,0.742328125,40.79684523809527,514.9451970238088,0.0,0.0,0.0,0.0,468.0701785714286,5565.058023148147,0.0
2025-10-03,0,36,6:00-6:10,450.26575,10.00385,0.8244,0.8380214285714286,40.14623095238096,556.98222797619,0.0,0.0,0.0,0.0,480.408130952381,5031.2712109788345,0.0
2025-10-03,0,37,6:10-6:20,464.44455,41.148426190476194,0.7817,0.79378125,42.09227380952382,605.7039928571425,0.0,0.0,0.0,0.0,465.3883976190476,4514.172991402115,0.0
2025-10-03,0,38,6:20-6:30,448.5816666666666,89.83035714285714,0.7104,0.7205348214285714,36.051250000000095,642.15745297619,0.0,0.0,0.0,0.0,394.8025595238096,4075.5034808201044,0.0
2025-10-03,0,39,6:30-6:40,429.86655,140.0488595238095,0.6665,0.6795437499999999,47.27542142857135,621.8552059523806,0.0,0.0,0.0,0.0,337.0931119047618,3700.955578703703,0.0
2025-10-03,0,40,6:40-6:50,471.16921666666667,191.20595952380953,0.683,0.6955531249999999,49.86968809523796,729.0114374999994,0.0,0.0,0.0,0.0,329.83294523809514,3334.474528439153,0.0
2025-10-03,0,41,6:50-7:00,536.3266666666666,245.23392857142852,0.7093,0.7197656250000001,52.93553571428572,784.5570065476184,0.0,0.0,0.0,0.0,344.0282738095238,2952.2208908730154,0.0
2025-10-03,0,42,7:00-7:10,527.5246833333333,302.08179047619046,0.6579,0.6737870535714284,53.53828095238083,765.0486273809521,0.0,0.0,0.0,0.0,278.9811738095236,2642.2418088624336,0.0
2025-10-03,0,43,7:10-7:20,525.7682833333333,359.86230714285716,0.6078,0.6219727678571428,59.905659523809504,756.3435940476187,0.0,0.0,0.0,0.0,225.81163571428567,2391.339991402116,0.0
2025-10-03,0,44,7:20-7:30,550.925,418.5178571428571,0.5764,0.5816883928571429,60.01857142857153,780.3019101190472,0.0,0.0,0.0,0.0,192.42571428571432,2177.533642195767,0.0
2025-10-03,0,45,7:30-7:40,540.8254,479.0174047619047,0.5347,0.538721875,58.032166666666626,768.9622523809522,0.0,0.0,0.0,0.0,119.84016190476189,2044.3779067460312,0.0
2025-10-03,0,46,7:40-7:50,531.3488666666666,537.667888095238,0.6637,0.665728125,53.31222142857132,740.240645238095,0.0,0.0,0.0,0.0,46.99319999999989,1992.1632400793646,0.0
2025-10-03,0,47,7:50-8:00,540.8633333333332,596.8714285714286,0.8759,0.8725058035714283,53.31595238095247,712.9469160714283,0.0,0.0,0.0,-0.0,23.926874999997885,1965.5778234127004,0.0
2025-10-03,0,48,8:00-8:10,545.2602999999999,660.9287738095237,0.8734,0.8682553571428572,41.41404285714299,689.0200410714283,0.0,0.0,0.0,74.25443095238086,0.0,2032.406811269843,0.0
2025-10-03,0,49,8:10-8:20,525.1745999999999,713.5712095238096,0.8007,0.7969120535714287,65.67844285714284,654.9799726190473,0.0,0.0,0.0,0.0,84.51260811904945,1938.5039133597882,0.0
2025-10-03,0,50,8:20-8:30,504.99666666666667,755.5758928571428,0.7833,0.7817495535714284,66.49863095238084,664.6535220238092,0.0,0.0,0.0,-0.0,17.636238690475853,1918.9080925925928,0.0
2025-10-03,0,51,8:30-8:40,534.5691999999999,805.499919047619,0.8088,0.8086874999999999,80.91542380952387,647.0172833333334,0.0,0.0,0.0,190.01529523809518,0.0,2089.9218583068787,0.0
2025-10-03,0,52,8:40-8:50,596.703,863.6531857142857,0.8469,0.8467758928571428,76.81365714285721,604.6128398809519,0.0,0.0,0.0,190.13652857142847,0.0,2261.044734021164,0.0
2025-10-03,0,53,8:50-9:00,646.5066666666667,918.8616071428571,0.8777,0.8782263392857145,110.09089285714305,556.9497541666663,0.0,0.0,0.0,-0.0,428.2295272857144,1785.234148148148,0.0
2025-10-03,0,54,9:00-9:10,645.7362833333333,961.5321904761904,0.8876,0.8915674107142857,96.82401904761903,526.7107333333332,0.0,0.0,0.0,0.0,-0.0,1785.234148148148,0.0
2025-10-03,0,55,9:10-9:20,624.0115666666666,1013.7272095238093,0.8372,0.8398308035714287,89.85923333333342,475.0937970238089,0.0,0.0,0.0,299.85640952380925,0.0,2055.104916719576,0.0
2025-10-03,0,56,9:20-9:30,613.1733333333333,1074.1169642857142,0.759,0.7599321428571431,100.4824404761905,506.4606690476189,0.0,0.0,0.0,360.4611904761904,-0.0,2379.5199881481476,0.0
2025-10-03,0,57,9:30-9:40,622.1855833333333,1118.4854833333334,0.739,0.7448986607142858,104.85879523809551,519.2314880952376,0.0,0.0,0.0,-0.0,525.1803595714282,1795.986255291005,0.0
2025-10-03,0,58,9:40-9:50,628.6348666666667,1156.0269857142857,0.7628,0.7431388392857141,99.02414523809519,536.3876297619046,0.0,0.0,0.0,428.3679738095239,0.0,2181.5174317195765,0.0
2025-10-03,0,59,9:50-10:00,618.1233333333332,1191.8625,0.7608,0.6993580357142857,100.93904761904741,564.7957499999995,0.0,0.0,0.0,472.8001190476193,0.0,2607.037538862434,0.0
2025-10-03,0,60,10:00-10:10,598.7606999999999,1221.5549476190474,0.678,0.6140955357142859,96.33378809523781,553.0807053571423,0.0,0.0,0.0,-0.0,0.0,2607.037538862434,0.0
2025-10-03,0,61,10:10-10:20,603.7233333333334,1252.995002380952,0.6295,0.573161607142857,90.83749047619062,545.2693333333327,0.0,0.0,0.0,-0.0,705.3509266428578,1823.3142870370361,0.0
2025-10-03,0,62,10:20-10:30,622.7483333333332,1285.4178571428572,0.6677,0.6070093750000003,88.29375000000005,560.9828583333326,0.0,0.0,0.0,574.3757738095236,0.0,2340.2524834656074,0.0
2025-10-03,0,63,10:30-10:40,614.7744166666666,1308.5564,0.7036,0.6380928571428571,104.18916666666671,621.6464297619041,0.0,0.0,0.0,589.5928166666662,0.0,2870.886018465607,0.0
2025-10-03,0,64,10:40-10:50,611.5495166666666,1322.129411904762,0.5207,0.4759495535714287,109.78004285714292,608.2337940476184,0.0,0.0,0.0,600.7998523809524,0.0,3411.6058856084637,0.0
2025-10-03,0,65,10:50-11:00,615.0933333333332,1339.5,0.2374,0.22407410714285717,97.4755357142858,576.4198291666662,0.0,0.0,0.0,0.0,833.3333333333333,2485.679959682538,0.0
2025-10-03,0,66,11:00-11:10,598.6377166666666,1374.2983238095235,0.2072,0.1936464285714286,79.66298095238102,570.647486904762,0.0,0.0,0.0,0.0,551.2680774047609,1873.1598736772485,0.0
2025-10-03,0,67,11:10-11:20,610.7183,1398.6241238095238,0.2706,0.2492133928571428,102.41867619047628,553.0171422619046,0.0,0.0,0.0,-0.0,0.0,1873.1598736772485,0.0
2025-10-03,0,68,11:20-11:30,640.88,1407.53125,0.2758,0.2545933035714286,104.80809523809535,551.0927720238095,0.0,0.0,0.0,-0.0,0.0,1873.1598736772485,0.0
2025-10-03,0,69,11:30-11:40,626.1668999999999,1421.5718214285712,0.2323,0.21143303571428573,98.63949761904746,605.8438863095238,0.0,0.0,0.0,102.93179453262837,0.0,1965.798488756614,0.0
2025-10-03,0,70,11:40-11:50,605.0920166666666,1430.0256547619047,0.2317,0.21188124999999997,122.71997857142856,689.2186398809527,0.0,0.0,0.0,702.2136595238096,-0.0,2597.790782328043,0.0
2025-10-03,0,71,11:50-12:00,598.5899999999999,1426.8598214285712,0.2806,0.2638352678571428,95.44845238095252,728.4228077380951,0.0,0.0,0.0,732.8213690476186,0.0,3257.3300144708996,0.0
2025-10-03,0,72,12:00-12:10,589.1038666666666,1420.1466285714287,0.2953,0.2822665178571428,125.58225238095235,725.5662601190476,0.0,0.0,0.0,705.4605095238097,0.0,3892.2444730423285,0.0
2025-10-03,0,73,12:10-12:20,580.55485,1422.0171476190474,0.2473,0.23350937499999996,101.52983095238096,772.9388488095242,0.0,0.0,0.0,0.0,0.0,3892.2444730423204,0.0
2025-10-03,0,74,12:20-12:30,587.68,1425.6812499999999,0.1786,0.16316296428571425,119.8409523809525,819.7553535714289,0.0,0.0,0.0,0.0,0.0,3892.2444730423204,0.0
2025-10-03,0,75,12:30-12:40,618.3077499999999,1410.3766547619045,0.1871,0.17538707142857143,114.35156666666666,825.8631958333341,0.0,0.0,0.0,402.5734616989946,0.0,4254.560588571416,0.0
2025-10-03,0,76,12:40-12:50,634.1474499999999,1378.850769047619,0.3618,0.35256785714285716,107.10373809523799,802.5379672619056,0.0,0.0,0.0,637.5995809523811,0.0,4828.400211428559,0.0
2025-10-03,0,77,12:50-13:00,616.6116666666667,1344.9660714285712,0.5668,0.5529928571428571,90.45910714285719,775.3497107142864,0.0,0.0,0.0,637.8952976190474,0.0,5402.505979285701,0.0
2025-10-03,0,78,13:00-13:10,583.4735166666667,1319.5042642857143,0.5601,0.537550892857143,76.2450023809526,739.6577464285721,0.0,0.0,0.0,659.7857452380949,0.0,5996.313149999986,0.0
2025-10-03,0,79,13:10-13:20,570.9870999999999,1282.3934404761903,0.5518,0.526982142857143,69.93004047619056,718.032576785715,0.0,0.0,0.0,641.4762999999998,0.0,6573.641819999986,0.0
2025-10-03,0,80,13:20-13:30,578.4816666666666,1241.0580357142858,0.6187,0.6015263392857143,80.26494047619036,635.5295928571433,0.0,0.0,0.0,582.3114285714288,-0.0,7097.722105714272,0.0
2025-10-03,0,81,13:30-13:40,574.9894999999999,1221.6718047619047,0.6295,0.619519196428571,86.77993809523798,546.1744440476193,0.0,0.0,0.0,559.9023666666669,-0.0,7601.634235714273,0.0
2025-10-03,0,82,13:40-13:50,572.4808166666667,1186.7640476190475,0.6154,0.5844379464285713,82.85777380952379,529.4078279761906,0.0,0.0,0.0,531.425457142857,0.0,8079.917147142844,0.0
2025-10-03,0,83,13:50-14:00,578.65,1137.5723214285713,0.6145,0.5491964285714286,95.5634523809525,546.7486386904761,0.0,0.0,0.0,463.35886904761867,-0.0,8496.940129285702,0.0
2025-10-03,0,84,14:00-14:10,584.9623833333333,1112.8919333333333,0.6232,0.554983482142857,73.22209047619057,480.219029761905,0.0,0.0,0.0,454.70745952380946,-0.0,8906.17684285713,0.0
2025-10-03,0,85,14:10-14:20,580.5246666666667,1083.255880952381,0.6208,0.5595116071428572,74.18846904761904,465.73334226190536,0.0,0.0,0.0,428.5427452380951,-0.0,9291.865313571416,0.0
2025-10-03,0,86,14:20-14:30,570.0666666666666,1036.4330357142858,0.6448,0.5807901785714288,108.20696428571424,437.3418196428576,0.0,0.0,0.0,358.1594047619076,0.0,9614.208777857139,0.0
2025-10-03,0,87,14:30-14:40,572.3285833333333,989.8700476190476,0.7272,0.6568924107142856,75.02087619047657,404.9763880952387,0.0,0.0,0.0,342.52058809523936,0.0,9922.477307142859,0.0
2025-10-03,0,88,14:40-14:50,596.81495,940.5494357142857,0.6438,0.5931660714285716,65.62083333333322,357.87655059523865,0.0,0.0,0.0,278.11365238095254,-0.0,10172.779594285714,0.0
2025-10-03,0,89,14:50-15:00,625.385,890.1607142857142,0.4515,0.4355870535714287,71.11124999999998,325.4562672619051,0.0,0.0,0.0,193.6644642857143,0.0,10347.077612142857,0.0
2025-10-03,0,90,15:00-15:10,622.87695,845.5816761904762,0.4432,0.43496696428571424,51.981314285714234,279.63583035714373,0.0,0.0,0.0,170.72341190476197,0.0,10500.728682857143,0.0
2025-10-03,0,91,15:10-15:20,587.89895,794.507645238095,0.483,0.4724955357142856,57.20933809523814,211.05365595238138,0.0,0.0,0.0,149.39935714285696,0.0,10635.188104285713,0.0
2025-10-03,0,92,15:20-15:30,555.3966666666666,739.9919642857142,0.4919,0.48103526785714273,81.55678571428564,213.9762773809524,0.0,0.0,0.0,103.03851190476189,0.0,10727.922765,0.0
2025-10-03,0,93,15:30-15:40,565.4533166666666,697.0530666666666,0.5304,0.5159446428571429,51.51393333333317,167.32691964285732,0.0,0.0,0.0,80.0858166666668,-0.0,10800.0,0.0
2025-10-03,0,94,15:40-15:50,571.2062999999999,648.3350952380953,0.5513,0.5380973214285715,51.32146428571423,142.9036910714289,0.0,0.0,0.0,-0.0,0.0,10800.0,0.0
2025-10-03,0,95,15:50-16:00,571.5083333333333,587.0151785714286,0.5545,0.546041517857143,59.52958333333322,182.60353630952392,44.02273809523797,44.02273809523797,44.02273809523797,0.0,-0.0,10800.0,0.0
2025-10-03,0,96,16:00-16:10,608.2466833333333,524.1330285714286,0.5964,0.5868745535714286,63.016883333333226,204.98676964285738,147.13053809523797,147.13053809523797,147.13053809523797,0.0,-0.0,10800.0,0.0
2025-10-03,0,97,16:10-16:20,627.2679499999999,466.4937500000001,0.6548,0.6481553571428572,69.08969047619041,177.35886250000027,229.86389047619025,229.86389047619025,229.86389047619025,-0.0,0.0,10800.0,0.0
2025-10-03,0,98,16:20-16:30,614.3183333333333,413.0848214285714,0.7051,0.7045446428571429,65.35190476190468,141.54178809523842,266.5854166666665,266.5854166666665,266.5854166666665,0.0,0.0,10800.0,0.0
2025-10-03,0,99,16:30-16:40,604.3206166666666,358.037919047619,0.7342,0.7315531249999997,49.966326190476195,162.81957678571422,296.24902380952375,296.24902380952375,296.24902380952375,0.0,0.0,10800.0,0.0
2025-10-03,0,100,16:40-16:50,571.9195,302.22005,0.7073,0.7019861607142858,42.2538571428571,131.06744940476185,311.95330714285706,311.95330714285706,311.95330714285706,0.0,0.0,10800.0,0.0
2025-10-03,0,101,16:50-17:00,513.1283333333333,247.14553571428567,0.6531,0.6490464285714285,55.90863095238092,115.20235357142846,321.8914285714286,321.8914285714286,321.8914285714286,0.0,0.0,10800.0,0.0
2025-10-03,0,102,17:00-17:10,462.65843333333333,193.30319523809524,0.6537,0.6515308035714283,53.64441428571428,99.76238869047596,322.9996523809524,322.9996523809524,322.9996523809524,0.0,0.0,10800.0,0.0
2025-10-03,0,103,17:10-17:20,458.87104999999997,141.4273380952381,0.7268,0.7245504464285714,40.56485476190471,86.95722738095249,358.0085666666666,358.0085666666666,358.0085666666666,0.0,0.0,10800.0,0.0
2025-10-03,0,104,17:20-17:30,482.6733333333333,90.3580357142857,0.7801,0.7758075892857141,39.421428571428464,101.80104404761879,431.736726190476,431.736726190476,431.736726190476,0.0,0.0,10800.0,0.0
2025-10-03,0,105,17:30-17:40,474.44329999999997,41.013621428571426,0.7243,0.7182178571428574,36.09725238095257,59.69856011904754,469.5269309523811,469.5269309523811,469.5269309523811,0.0,0.0,10800.0,0.0
2025-10-03,0,106,17:40-17:50,445.10818333333333,9.756771428571428,0.8377,0.8316803571428573,36.85668333333342,46.58857738095256,472.2080952380953,472.2080952380953,472.2080952380953,-0.0,0.0,10800.0,0.0
2025-10-03,0,107,17:50-18:00,442.8066666666667,0.0,1.0912,1.085448214285714,31.328333333333205,72.62122440476216,0.0,0.0,0.0,0.0,474.1349999999999,10273.183333333334,0.0
2025-10-03,0,108,18:00-18:10,499.08258333333333,0.029185714285714287,1.1596,1.1511026785714282,18.97882380952376,77.44145833333337,0.0,0.0,0.0,0.0,518.0322214285713,9697.591976190477,0.0
2025-10-03,0,109,18:10-18:20,509.53583333333336,0.2423738095238095,1.131,1.1191370535714285,29.47711190476184,50.77042976190495,0.0,0.0,0.0,0.0,538.7705714285714,9098.958007936508,0.0
2025-10-03,0,110,18:20-18:30,476.25666666666666,0.0,1.1107,1.0966620535714287,50.26946428571421,54.722613690476464,0.0,0.0,0.0,0.0,526.5261309523809,8513.928973544973,0.0
2025-10-03,0,111,18:30-18:40,500.65903333333335,0.002095238095238095,1.1099,1.0912937500000002,20.615599999999972,50.55597619047637,0.0,0.0,0.0,0.0,521.2725380952381,7934.737264550263,0.0
2025-10-03,0,112,18:40-18:50,522.0676166666666,0.0174,1.124,1.0826750000000003,22.795019047618894,52.41168809523833,0.0,0.0,0.0,0.0,544.8452357142855,7329.353669312168,0.0
2025-10-03,0,113,18:50-19:00,514.04,0.0,1.1469,1.0779450892857143,25.47833333333324,49.07143273809547,0.0,0.0,0.0,0.0,539.5183333333332,6729.888854497353,0.0
2025-10-03,0,114,19:00-19:10,516.4357,0.00015,1.1723,1.102724107142857,26.556733333333227,52.23255952380916,0.0,0.0,0.0,0.0,542.9922833333333,6126.5640952380945,0.0
2025-10-03,0,115,19:10-19:20,528.77685,0.0012452380952380953,1.1889,1.1251691964285715,31.901666666666642,60.95218273809499,0.0,0.0,0.0,0.0,560.6772714285713,5503.589349206349,0.0
2025-10-03,0,116,19:20-19:30,531.92,0.0,1.1931,1.1264160714285711,42.401666666666756,39.584260119047514,0.0,0.0,0.0,0.0,574.3216666666667,4865.454164021164,0.0
2025-10-03,0,117,19:30-19:40,515.8230166666666,0.0,1.1904,1.1169406250000002,30.820128571428768,49.7217571428572,0.0,0.0,0.0,0.0,546.6431452380954,4258.072891534391,0.0
2025-10-03,0,118,19:40-19:50,533.7460666666666,2.6190476190476192e-05,1.182,1.1085897321428573,10.778449999999907,54.95735952380949,0.0,0.0,0.0,0.0,544.5244904761903,3653.0456798941796,0.0
2025-10-03,0,119,19:50-20:00,562.1766666666666,0.0,1.1594,1.0915147321428573,28.12333333333345,38.249427976190304,0.0,0.0,0.0,0.0,590.3000000000001,2997.1567910052904,0.0
2025-10-03,0,120,20:00-20:10,523.2917,0.0,1.119,1.051300892857143,23.82991666666669,52.010767261904675,69.57654226190556,69.57654226190556,69.57654226190556,0.0,477.5450744047611,2466.551152777778,0.0
2025-10-03,0,121,20:10-20:20,489.4613333333333,0.0,1.1131,1.0441558035714287,22.60167142857142,55.664395238095096,512.0630047619047,512.0630047619047,512.0630047619047,0.0,0.0,2466.551152777778,0.0
2025-10-03,0,122,20:20-20:30,496.60999999999996,0.0,1.1608,1.0897714285714288,23.329999999999927,73.06157916666669,0.0,0.0,0.0,0.0,519.9399999999998,1888.8400416666668,0.0
2025-10-03,0,123,20:30-20:40,509.7171666666666,0.0,1.1987,1.1248638392857147,27.468583333333413,49.4527363095236,0.0,0.0,0.0,0.0,537.1857500000001,1291.966986111111,0.0
2025-10-03,0,124,20:40-20:50,511.2429333333333,0.0,1.035,0.9824299107142856,22.55681666666669,61.00540833333315,533.79975,533.79975,533.79975,0.0,0.0,1291.966986111111,0.0
2025-10-03,0,125,20:50-21:00,516.3766666666667,0.0,0.7906,0.770554017857143,26.578333333333376,82.77028749999997,591.8148045267488,591.8148045267488,591.8148045267488,48.859804526748825,0.0,1335.940810185185,0.0
2025-10-03,0,126,21:00-21:10,545.0147666666667,0.0,0.7889,0.7712955357142857,22.314850000000092,122.34672916666648,567.3296166666668,567.3296166666668,567.3296166666668,0.0,0.0,1335.940810185185,0.0
2025-10-03,0,127,21:10-21:20,530.99155,0.0,0.8002,0.7743044642857144,26.71623333333332,104.58905416666664,557.7077833333333,557.7077833333333,557.7077833333333,0.0,0.0,1335.940810185185,0.0
2025-10-03,0,128,21:20-21:30,505.7266666666667,0.0,0.7794,0.7513696428571427,26.73166666666657,71.05449583333372,532.4583333333333,532.4583333333333,532.4583333333333,0.0,0.0,1335.940810185185,0.0
2025-10-03,0,129,21:30-21:40,561.86285,0.0,0.8717,0.8457656249999997,29.54936666666663,72.39261666666668,543.0892375000001,543.0892375000001,543.0892375000001,0.0,48.32297916666648,1282.2486111111111,0.0
2025-10-03,0,130,21:40-21:50,566.3806333333333,0.0,0.7018,0.6776535714285713,38.45079999999996,74.02375000000004,633.4275753086417,633.4275753086417,633.4275753086417,28.596141975308456,0.0,1307.9851388888887,0.0
2025-10-03,0,131,21:50-22:00,489.1333333333333,0.0,0.3567,0.3334834821428572,29.394999999999982,97.18662499999994,518.5283333333333,518.5283333333333,518.5283333333333,0.0,0.0,1307.9851388888887,0.0
2025-10-03,0,132,22:00-22:10,439.49696666666665,0.0,0.3287,0.3073558035714286,14.234816666666688,55.95829166666667,1287.0651166666667,1287.0651166666667,1287.0651166666667,833.3333333333333,0.0,2057.9851388888887,0.0
2025-10-03,0,133,22:10-22:20,441.0540833333333,0.0,0.363,0.33873526785714286,13.661849999999959,39.77925000000002,454.7159333333333,454.7159333333333,454.7159333333333,0.0,0.0,2057.9851388888887,0.0
2025-10-03,0,134,22:20-22:30,460.44999999999993,0.0,0.3185,0.2880763392857143,31.596666666666692,44.9257708333333,1325.3799999999999,1325.3799999999999,1325.3799999999999,833.3333333333333,0.0,2807.9851388888887,0.0
2025-10-03,0,135,22:30-22:40,450.6655833333333,0.0,0.3236,0.29218482142857144,34.961766666666676,43.96103750000002,1318.9606833333332,1318.9606833333332,1318.9606833333332,833.3333333333333,0.0,3557.9851388888887,0.0
2025-10-03,0,136,22:40-22:50,442.94926666666663,0.0,0.3552,0.32691562499999993,29.204516666666677,34.18339999999992,472.1537833333333,472.1537833333333,472.1537833333333,0.0,0.0,3557.9851388888887,0.0
2025-10-03,0,137,22:50-23:00,443.64166666666665,0.0,0.3716,0.3481075892857142,32.93166666666673,68.50374999999985,476.5733333333334,476.5733333333334,476.5733333333334,0.0,0.0,3557.9851388888887,0.0
2025-10-03,0,138,23:00-23:10,427.57334999999995,0.0,0.3605,0.34127678571428577,25.04350000000011,97.95609166666657,452.61685000000006,452.61685000000006,452.61685000000006,0.0,0.0,3557.9851388888887,0.0
2025-10-03,0,139,23:10-23:20,421.6616833333333,0.0,0.3336,0.3134017857142856,18.814049999999952,79.39987500000007,1273.8090666666665,1273.8090666666665,1273.8090666666665,833.3333333333333,0.0,4307.985138888889,0.0
2025-10-03,0,140,23:20-23:30,437.8016666666666,0.0,0.3173,0.29442232142857144,31.328333333333376,47.60654166666657,1302.4633333333331,1302.4633333333331,1302.4633333333331,833.3333333333333,0.0,5057.985138888889,0.0
2025-10-03,0,141,23:30-23:40,456.5618833333333,0.0,0.3323,0.31277723214285713,18.10699999999997,40.20117499999991,1308.0022166666665,1308.0022166666665,1308.0022166666665,833.3333333333333,0.0,5807.985138888889,0.0
2025-10-03,0,142,23:40-23:50,449.06109999999995,0.0,0.3419,0.32163482142857147,31.924633333333418,39.19182916666665,480.98573333333337,480.98573333333337,480.98573333333337,0.0,0.0,5807.985138888889,0.0
2025-10-03,0,143,23:50-24:00,423.24,0.0,0.3376,0.31358035714285715,22.97166666666658,34.55166666666676,659.5615123456786,659.5615123456786,659.5615123456786,213.349845679012,0.0,6000.0,0.0
2025-10-04,0,0,0:00-0:10,414.5432833333333,0.0,0.3432,0.32403750000000003,24.172483333333275,56.84824583333348,438.7157666666666,438.7157666666666,438.7157666666666,0.0,0.0,8883.630579623017,0.0
2025-10-04,0,1,0:10-0:20,414.0024166666667,0.0,0.3449,0.3254437499999999,16.52918333333332,66.35866250000024,430.5316,430.5316,430.5316,0.0,0.0,8883.630579623017,0.0
2025-10-04,0,2,0:20-0:30,425.095,0.0,0.3444,0.32083482142857134,26.191666666666606,58.617008333333274,451.28666666666663,451.28666666666663,451.28666666666663,0.0,0.0,8883.630579623017,0.0
2025-10-04,0,3,0:30-0:40,456.9303,0.0,0.3567,0.3379361607142858,21.91526666666664,56.67425833333348,478.8455666666666,478.8455666666666,478.8455666666666,0.0,0.0,8883.630579623017,0.0
2025-10-04,0,4,0:40-0:50,449.66536666666667,0.0,0.3483,0.32979241071428556,24.480199999999968,69.96337916666667,474.14556666666664,474.14556666666664,474.14556666666664,0.0,0.0,8883.630579623017,0.0
2025-10-04,0,5,0:50-1:00,426.67999999999995,0.0,0.3343,0.3099647321428571,17.953333333333376,76.02793749999995,444.6333333333333,444.6333333333333,444.6333333333333,0.0,0.0,8883.630579623017,0.0
2025-10-04,0,6,1:00-1:10,466.6137166666666,0.0,0.3613,0.3375125,23.679666666666662,75.52296249999989,490.2933833333333,490.2933833333333,490.2933833333333,0.0,0.0,8883.630579623017,0.0
2025-10-04,0,7,1:10-1:20,471.755,0.0,0.3649,0.34208526785714294,22.527400000000057,34.139391666666555,494.28240000000005,494.28240000000005,494.28240000000005,0.0,0.0,8883.630579623017,0.0
2025-10-04,0,8,1:20-1:30,424.49333333333334,0.0,0.3335,0.30971339285714283,22.446666666666715,61.265374999999864,446.94000000000005,446.94000000000005,446.94000000000005,0.0,0.0,8883.630579623017,0.0
2025-10-04,0,9,1:30-1:40,409.87205,0.0,0.3249,0.3024848214285714,21.297149999999988,80.47450535714258,431.1692,431.1692,431.1692,0.0,0.0,8883.630579623017,0.0
2025-10-04,0,10,1:40-1:50,422.4631,0.0,0.3477,0.326671875,18.049350000000004,57.980755357142584,440.51245,440.51245,440.51245,0.0,0.0,8883.630579623017,0.0
2025-10-04,0,11,1:50-2:00,435.01166666666666,0.0,0.3725,0.35223973214285714,14.146666666666704,53.87302083333336,449.15833333333336,449.15833333333336,449.15833333333336,0.0,0.0,8883.630579623017,0.0
2025-10-04,0,12,2:00-2:10,432.7483,0.0,0.3632,0.3446495535714285,25.5542333333334,40.714010119047515,458.3025333333334,458.3025333333334,458.3025333333334,0.0,0.0,8883.630579623017,0.0
2025-10-04,0,13,2:10-2:20,440.2435833333333,0.0,0.3556,0.3364,25.540849999999978,36.986129166666615,465.78443333333325,465.78443333333325,465.78443333333325,0.0,0.0,8883.630579623017,0.0
2025-10-04,0,14,2:20-2:30,447.9883333333333,0.0,0.3587,0.33849508928571426,15.023333333333312,47.333291666666526,463.0116666666666,463.0116666666666,463.0116666666666,0.0,0.0,8883.630579623017,0.0
2025-10-04,0,15,2:30-2:40,422.99125000000004,0.0,0.3472,0.3312691964285714,17.55453333333344,45.04292499999991,440.5457833333335,440.5457833333335,440.5457833333335,0.0,0.0,8883.630579623017,0.0
2025-10-04,0,16,2:40-2:50,412.05886666666663,0.0,0.3396,0.3273392857142858,22.700733333333346,59.12527499999996,434.7596,434.7596,434.7596,0.0,0.0,8883.630579623017,0.0
2025-10-04,0,17,2:50-3:00,440.6333333333333,0.0,0.3584,0.34609375000000003,25.803333333333285,56.03352916666671,466.4366666666666,466.4366666666666,466.4366666666666,0.0,0.0,8883.630579623017,0.0
2025-10-04,0,18,3:00-3:10,481.6947666666666,0.0,0.3946,0.3804973214285714,35.02526666666665,55.7124113095238,0.0,0.0,0.0,0.0,516.7200333333333,8309.497209252648,0.0
2025-10-04,0,19,3:10-3:20,469.51683333333335,0.0,0.3501,0.332415625,21.378066666666655,73.7323,490.8949,490.8949,490.8949,0.0,0.0,8309.497209252648,0.0
2025-10-04,0,20,3:20-3:30,419.175,0.0,0.2867,0.26688883928571416,14.675000000000068,46.91287559523812,1267.1833333333334,1267.1833333333334,1267.1833333333334,833.3333333333333,0.0,9059.497209252648,0.0
2025-10-04,0,21,3:30-3:40,414.45435,0.0,0.3633,0.34707767857142857,17.248833333333323,54.172401785714285,431.7031833333333,431.7031833333333,431.7031833333333,0.0,0.0,9059.497209252648,0.0
2025-10-04,0,22,3:40-3:50,452.45568333333335,0.0,0.4071,0.39352767857142856,18.882066666666674,44.546332142857125,0.0,0.0,0.0,0.0,471.33775,8535.788598141537,0.0
2025-10-04,0,23,3:50-4:00,474.71166666666664,0.0,0.3517,0.33727544642857143,25.5,21.752500000000026,500.21166666666664,500.21166666666664,500.21166666666664,0.0,0.0,8535.788598141537,0.0
2025-10-04,0,24,4:00-4:10,431.26425,2.6190476190476192e-05,0.3041,0.2897406249999999,19.524783333333346,35.63911250000004,450.78900714285714,450.78900714285714,450.78900714285714,0.0,0.0,8535.788598141537,0.0
2025-10-04,0,25,4:10-4:20,431.36941666666667,0.0,0.3009,0.29179553571428574,27.090509523809487,30.3989315476191,458.45992619047615,458.45992619047615,458.45992619047615,0.0,0.0,8535.788598141537,0.0
2025-10-04,0,26,4:20-4:30,477.61833333333334,0.0,0.336,0.33101473214285715,24.040000000000077,66.78254166666662,501.6583333333334,501.6583333333334,501.6583333333334,0.0,0.0,8535.788598141537,0.0
2025-10-04,0,27,4:30-4:40,464.05129999999997,0.0008523809523809521,0.3755,0.36353035714285714,29.347885714285667,86.4371172619048,0.0,0.0,0.0,0.0,493.39833333333326,7987.568227771167,0.0
2025-10-04,0,28,4:40-4:50,435.97571666666664,0.0003380952380952381,0.3667,0.3530754464285715,28.242933333333326,102.08064464285695,286.61811345833144,286.61811345833144,286.61811345833144,0.0,177.60019844643043,7790.2346739418,0.0
2025-10-04,0,29,4:50-5:00,436.0566666666667,0.0,0.3379,0.3291031249999999,16.601666666666688,103.7070714285712,452.65833333333336,452.65833333333336,452.65833333333336,0.0,0.0,7790.2346739418,0.0
2025-10-04,0,30,5:00-5:10,456.78035,0.01190714285714286,0.3651,0.3536013392857143,21.903735714285745,131.61775595238075,0.0,0.0,0.0,0.0,478.6721785714286,7258.376697751323,0.0
2025-10-04,0,31,5:10-5:20,460.56154999999995,0.004709523809523808,0.3792,0.37008258928571414,19.992983333333314,151.5584595238093,0.0,0.0,0.0,0.0,480.54982380952373,6724.432449074075,0.0
2025-10-04,0,32,5:20-5:30,456.31,0.0,0.3393,0.3394540178571428,32.19148809523813,222.53584345238062,488.50148809523813,488.50148809523813,488.50148809523813,0.0,0.0,6724.432449074075,0.0
2025-10-04,0,33,5:30-5:40,480.70029999999997,0.1658238095238095,0.307,0.3113977678571428,26.572440476190536,417.8840279761898,507.1069166666667,507.1069166666667,507.1069166666667,0.0,0.0,6724.432449074075,0.0
2025-10-04,0,34,5:40-5:50,471.63941666666665,0.06560238095238095,0.4789,0.4862986607142858,26.829340476190453,496.85326428571346,0.0,0.0,0.0,0.0,498.4031547619047,6170.651166005291,0.0
2025-10-04,0,35,5:50-6:00,441.28,0.0,0.7502,0.7611727678571428,40.79684523809527,514.5621898809516,0.0,0.0,0.0,0.0,482.07684523809525,5635.010226851852,0.0
2025-10-04,0,36,6:00-6:10,464.1881833333333,7.502038095238095,0.7986,0.8104910714285714,40.14623095238096,554.1056458333327,0.0,0.0,0.0,0.0,496.83237619047617,5082.974253306879,0.0
2025-10-04,0,37,6:10-6:20,470.85455,37.15548571428572,0.7639,0.7750044642857146,42.09227380952382,602.8274107142852,0.0,0.0,0.0,0.0,475.79133809523813,4554.317210978837,0.0
2025-10-04,0,38,6:20-6:30,454.1866666666666,86.43482142857142,0.7535,0.7642544642857143,36.051250000000095,639.2808708333329,0.0,0.0,0.0,0.0,403.8030952380953,4105.6471051587305,0.0
2025-10-04,0,39,6:30-6:40,483.2747333333333,137.26840714285714,0.7343,0.7462812499999999,44.873371428571545,618.9786238095235,0.0,0.0,0.0,0.0,390.8796976190477,3671.336330026455,0.0
2025-10-04,0,40,6:40-6:50,533.8685333333333,188.1426976190476,0.7155,0.7272745535714286,49.55339999999998,724.4020595238089,0.0,0.0,0.0,0.0,395.27923571428573,3232.137179232804,0.0
2025-10-04,0,41,6:50-7:00,558.3766666666667,242.6910714285714,0.7148,0.7267245535714285,49.613273809523776,780.187359523809,0.0,0.0,0.0,0.0,365.29886904761906,2826.2495469576716,0.0
2025-10-04,0,42,7:00-7:10,532.5560333333333,303.2342166666666,0.7283,0.7446245535714285,53.53828095238083,757.3567184523808,0.0,0.0,0.0,0.0,282.86009761904745,2511.9605496031745,0.0
2025-10-04,0,43,7:10-7:20,517.8552166666666,363.89404761904757,0.6868,0.7014049107142858,59.905659523809504,746.1581101190475,0.0,0.0,0.0,0.0,213.86682857142853,2274.330740079365,0.0
2025-10-04,0,44,7:20-7:30,520.905,421.6633928571428,0.5831,0.5902723214285713,60.01857142857153,770.116426190476,0.0,0.0,0.0,0.0,159.26017857142864,2097.374986111111,0.0
2025-10-04,0,45,7:30-7:40,498.2509,478.7007404761904,0.513,0.5177772321428574,58.032166666666626,758.7767684523809,0.0,0.0,0.0,0.0,77.58232619047624,2011.1724014550264,0.0
2025-10-04,0,46,7:40-7:50,507.4154,538.07195,0.6558,0.6580370535714287,53.31222142857132,730.0551613095238,0.0,0.0,0.0,-0.0,27.293729166666935,1980.8460357142853,0.0
2025-10-04,0,47,7:50-8:00,550.1766666666666,602.1446428571429,0.8724,0.8702415178571431,53.31595238095247,702.7614321428568,0.0,0.0,0.0,0.0,23.92687500000011,1954.2606190476185,0.0
2025-10-04,0,48,8:00-8:10,563.0171166666667,669.6037761904762,0.8305,0.826657142857143,41.41404285714299,678.8345571428569,0.0,0.0,0.0,65.17261666666661,0.0,2012.9159740476184,0.0
2025-10-04,0,49,8:10-8:20,548.2856999999999,728.4848809523808,0.765,0.7612477678571429,65.67844285714284,644.794488690476,0.0,0.0,0.0,-0.0,78.46766890476178,1925.7296752645498,0.0
2025-10-04,0,50,8:20-8:30,519.8766666666667,777.7714285714284,0.754,0.7516138392857142,66.49863095238084,653.1567077380947,0.0,0.0,0.0,-0.0,17.636238690475853,1906.1338544973544,0.0
2025-10-04,0,51,8:30-8:40,498.5743666666666,828.4070095238095,0.659,0.6591767857142854,80.91542380952387,635.5204690476189,0.0,0.0,0.0,-0.0,41.093113095238344,1860.4748399470895,0.0
2025-10-04,0,52,8:40-8:50,550.9042833333333,884.5263500000001,0.6699,0.6685312500000001,76.81365714285721,594.4273559523806,0.0,0.0,0.0,-0.0,47.70548928571416,1807.4687407407405,0.0
2025-10-04,0,53,8:50-9:00,638.8266666666666,942.8116071428569,0.7722,0.7679227678571429,102.73238095238088,546.7218666666663,0.0,0.0,0.0,0.0,-0.0,1807.4687407407405,0.0
2025-10-04,0,54,9:00-9:10,647.6051833333333,996.7613666666666,0.743,0.7421370535714286,100.93400714285718,505.36678273809486,0.0,0.0,0.0,248.22217619047544,0.0,2030.8686993121685,0.0
2025-10-04,0,55,9:10-9:20,619.0407,1049.2146500000001,0.6838,0.6829754464285713,99.53136428571429,460.3484589285705,0.0,0.0,0.0,330.64258571428576,0.0,2328.4470264550255,0.0
2025-10-04,0,56,9:20-9:30,614.0899999999999,1097.9205357142855,0.6682,0.666794642857143,100.4824404761905,501.38746190476127,0.0,0.0,0.0,152.07881299235936,0.0,2465.3179581481486,0.0
2025-10-04,0,57,9:30-9:40,649.5324333333333,1137.6947738095237,0.6598,0.6645415178571427,104.85879523809551,514.15828095238,0.0,0.0,0.0,383.3035452380949,-0.0,2810.291148862434,0.0
2025-10-04,0,58,9:40-9:50,654.2846499999999,1180.6187952380951,0.6311,0.6100388392857142,102.34891190476196,523.2871654761902,0.0,0.0,0.0,423.9852333333331,-0.0,3191.8778588624336,0.0
2025-10-04,0,59,9:50-10:00,622.6966666666666,1221.6214285714284,0.5997,0.5368366071428571,100.93904761904741,557.4250666666663,0.0,0.0,0.0,0.0,833.3333333333333,2265.9519329365075,0.0
2025-10-04,0,60,10:00-10:10,620.9545666666667,1243.5032476190474,0.6086,0.5463758928571428,98.08222857142862,548.6565124999992,0.0,0.0,0.0,524.4664523809547,0.0,2737.9717400793647,0.0
2025-10-04,0,61,10:10-10:20,652.4354166666667,1265.9806952380952,0.638,0.583450892857143,90.83749047619062,542.5935809523804,0.0,0.0,0.0,-0.0,833.333333333333,1812.045814153439,0.0
2025-10-04,0,62,10:20-10:30,669.9316666666666,1300.5741071428572,0.6453,0.5828968749999996,88.29375000000005,550.8412327380952,0.0,0.0,0.0,441.0160587595535,0.0,2208.9602670370373,0.0
2025-10-04,0,63,10:30-10:40,626.8307,1337.8683809523807,0.5813,0.5126982142857145,104.18916666666671,611.5048041666666,0.0,0.0,0.0,606.848514285714,0.0,2755.1239298941796,0.0
2025-10-04,0,64,10:40-10:50,609.9014999999999,1356.906014285714,0.405,0.35796919642857145,109.78004285714292,598.0921684523811,0.0,0.0,0.0,4.52234934583224e-13,833.3333333333328,1829.1980039682544,0.0
2025-10-04,0,65,10:50-11:00,632.795,1369.3446428571426,0.2264,0.21237053571428569,97.4755357142858,566.2782035714289,0.0,0.0,0.0,309.0801542034106,0.0,2107.370142751324,0.0
2025-10-04,0,66,11:00-11:10,629.8380333333333,1405.8647857142855,0.2236,0.2104160714285714,79.66298095238102,559.9202273809528,0.0,0.0,0.0,696.3637714285712,0.0,2734.0975370370384,0.0
2025-10-04,0,67,11:10-11:20,641.6423833333333,1433.8397952380951,0.2568,0.23581875000000002,102.41867619047628,541.6525553571436,0.0,0.0,0.0,-0.0,833.3333333333338,1808.1716111111118,0.0
2025-10-04,0,68,11:20-11:30,650.9466666666666,1446.0133928571427,0.2437,0.2221522321428572,104.80809523809535,547.3544500000007,0.0,0.0,0.0,690.2586309523799,0.0,2429.4043789682537,0.0
2025-10-04,0,69,11:30-11:40,596.4714833333333,1464.9283690476188,0.2319,0.20995982142857142,98.63949761904746,599.165564285715,0.0,0.0,0.0,-0.0,423.92362321428465,1958.3781309523822,0.0
2025-10-04,0,70,11:40-11:50,577.9001499999999,1467.5996761904762,0.2345,0.21343125000000002,122.71997857142856,682.540317857144,0.0,0.0,0.0,766.9795476190473,0.0,2648.6597238095246,0.0
2025-10-04,0,71,11:50-12:00,612.3716666666667,1455.9794642857141,0.2347,0.2166745535714286,103.93660714285693,721.7444857142865,0.0,0.0,0.0,-0.0,576.4176585714292,2008.1956587301593,0.0
2025-10-04,0,72,12:00-12:10,618.4100666666666,1458.7271285714287,0.2123,0.1975004464285713,127.7971071428571,727.3760928571432,0.0,0.0,0.0,712.5199547619048,-0.0,2649.4636180158736,0.0
2025-10-04,0,73,12:10-12:20,614.0130166666667,1464.5808642857146,0.208,0.19315580357142856,101.52983095238096,803.7131345238105,0.0,0.0,0.0,749.038016666667,0.0,3323.597833015874,0.0
2025-10-04,0,74,12:20-12:30,621.3266666666666,1459.9589285714285,0.2301,0.21463080357142855,119.09244047619018,850.5296392857152,0.0,0.0,0.0,719.5398214285717,0.0,3971.1836723015904,0.0
2025-10-04,0,75,12:30-12:40,633.0086833333332,1440.4765738095239,0.2666,0.25539776785714285,114.35156666666666,855.8889696428579,0.0,0.0,0.0,693.1163238095239,0.0,4594.988363730162,0.0
2025-10-04,0,76,12:40-12:50,614.4591499999999,1406.6774095238097,0.4091,0.3982910714285714,107.10373809523799,832.5637410714296,0.0,0.0,0.0,685.1145214285718,0.0,5211.591433015877,0.0
2025-10-04,0,77,12:50-13:00,578.615,1369.3133928571428,0.5763,0.5592571428571427,96.09946428571433,805.3754845238102,0.0,0.0,0.0,694.5989285714285,0.0,5836.730468730162,0.0
2025-10-04,0,78,13:00-13:10,575.91955,1340.7493928571428,0.5837,0.5604651785714285,76.2450023809526,775.323877380953,0.0,0.0,0.0,688.5848404761903,0.0,6456.456825158733,0.0
2025-10-04,0,79,13:10-13:20,590.4343333333334,1304.5772547619044,0.6168,0.5928964285714284,69.93004047619056,754.247394642858,0.0,0.0,0.0,644.2128809523805,0.0,7036.248418015875,0.0
2025-10-04,0,80,13:20-13:30,589.6333333333333,1260.6419642857143,0.6905,0.6740870535714285,80.26494047619036,672.84178452381,0.0,0.0,0.0,590.7436904761905,-0.0,7567.917739444447,0.0
2025-10-04,0,81,13:30-13:40,561.4960333333333,1225.5024642857143,0.6386,0.6312424107142854,86.77993809523798,583.4866357142862,0.0,0.0,0.0,577.226492857143,-0.0,8087.4215830158755,0.0
2025-10-04,0,82,13:40-13:50,569.5618833333333,1189.0918333333334,0.6246,0.5961415178571426,82.85777380952379,566.7200196428574,0.0,0.0,0.0,536.6721761904763,0.0,8570.426541587305,0.0
2025-10-04,0,83,13:50-14:00,604.0766666666666,1150.4053571428572,0.6964,0.6322107142857144,95.5634523809525,582.7705624999999,0.0,0.0,0.0,450.7652380952379,0.0,8976.11525587302,0.0
2025-10-04,0,84,14:00-14:10,593.4041166666666,1119.3721214285715,0.7285,0.6635566964285715,73.22209047619057,516.433847619048,0.0,0.0,0.0,452.7459142857143,0.0,9383.586578730163,0.0
2025-10-04,0,85,14:10-14:20,584.5778499999999,1086.152157142857,0.7084,0.6507812499999999,74.18846904761904,501.39947321428644,0.0,0.0,0.0,427.3858380952381,0.0,9768.233833015876,0.0
2025-10-04,0,86,14:20-14:30,598.2016666666666,1045.0098214285715,0.7121,0.649611607142857,77.70190476190464,473.00795059523875,0.0,0.0,0.0,369.1062500000003,-0.0,10100.429458015877,0.0
2025-10-04,0,87,14:30-14:40,608.2508499999999,998.9536285714286,0.7926,0.7237441964285712,75.02087619047657,410.1374595238102,0.0,0.0,0.0,315.681902380952,-0.0,10384.543170158733,0.0
2025-10-04,0,88,14:40-14:50,628.6461833333333,949.2297833333333,0.6963,0.6470607142857144,65.62083333333322,370.8055041666672,0.0,0.0,0.0,-0.0,259.35833585714306,10096.367241428574,0.0
2025-10-04,0,89,14:50-15:00,638.8499999999999,899.9553571428571,0.4847,0.46916741071428586,71.11124999999998,338.38522083333373,0.0,0.0,0.0,189.99410714285727,0.0,10267.361937857146,0.0
2025-10-04,0,90,15:00-15:10,602.6477,855.1018642857144,0.4882,0.4799098214285714,51.981314285714234,284.79690178571525,0.0,0.0,0.0,200.47285000000022,0.0,10447.787502857145,0.0
2025-10-04,0,91,15:10-15:20,596.0501999999999,805.0427333333333,0.5516,0.5413098214285713,57.20933809523814,216.2147273809529,0.0,0.0,0.0,151.78319523809535,0.0,10584.39237857143,0.0
2025-10-04,0,92,15:20-15:30,601.765,751.1660714285714,0.5382,0.5279691964285715,76.39571428571412,221.87550952380982,0.0,0.0,0.0,73.00535714285729,0.0,10650.097200000002,0.0
2025-10-04,0,93,15:30-15:40,538.8364666666666,704.1389214285714,0.4875,0.47353214285714296,51.51393333333317,168.32079226190493,0.0,0.0,0.0,113.78852142857158,0.0,10752.506869285717,0.0
2025-10-04,0,94,15:40-15:50,550.21745,654.3090595238095,0.5511,0.5375455357142856,51.32146428571423,146.43399583333365,0.0,0.0,0.0,52.77014523810067,0.0,10800.0,0.0
2025-10-04,0,95,15:50-16:00,634.6199999999999,595.2428571428571,0.6813,0.671879017857143,59.52958333333322,185.24346964285724,98.90672619047598,98.90672619047598,98.90672619047598,0.0,-0.0,10800.0,0.0
2025-10-04,0,96,16:00-16:10,642.9041,530.7139547619048,0.6803,0.670438839285714,63.016883333333226,205.98064226190502,175.2070285714284,175.2070285714284,175.2070285714284,0.0,0.0,10800.0,0.0
2025-10-04,0,97,16:10-16:20,637.1293499999999,471.03932380952375,0.65,0.6428750000000001,69.08969047619041,178.35273511904788,235.1797166666666,235.1797166666666,235.1797166666666,0.0,0.0,10800.0,0.0
2025-10-04,0,98,16:20-16:30,652.0116666666667,417.68214285714276,0.6715,0.66915,65.35190476190468,145.5172785714289,299.6814285714285,299.6814285714285,299.6814285714285,-0.0,0.0,10800.0,0.0
2025-10-04,0,99,16:30-16:40,643.5957,363.2614214285714,0.7134,0.7082602678571427,49.966326190476195,166.7950672619047,330.3006047619048,330.3006047619048,330.3006047619048,0.0,0.0,10800.0,0.0
2025-10-04,0,100,16:40-16:50,585.2139833333333,306.638969047619,0.692,0.6850040178571427,42.2538571428571,135.04293988095233,320.8288714285714,320.8288714285714,320.8288714285714,0.0,0.0,10800.0,0.0
2025-10-04,0,101,16:50-17:00,513.1999999999999,249.09642857142856,0.6532,0.6491625,55.90863095238092,119.17784404761895,320.0122023809523,320.0122023809523,320.0122023809523,0.0,0.0,10800.0,0.0
2025-10-04,0,102,17:00-17:10,491.5155666666667,192.6569166666667,0.7188,0.7175236607142859,49.66892380952379,103.80306607142828,348.5275738095238,348.5275738095238,348.5275738095238,0.0,0.0,10800.0,0.0
2025-10-04,0,103,17:10-17:20,467.80538333333334,139.19127142857144,0.7525,0.750259375,40.56485476190471,93.07210178571444,369.1789666666666,369.1789666666666,369.1789666666666,0.0,0.0,10800.0,0.0
2025-10-04,0,104,17:20-17:30,457.04333333333335,87.37142857142857,0.7262,0.7214861607142857,39.421428571428464,107.91591845238074,409.09333333333325,409.09333333333325,409.09333333333325,0.0,0.0,10800.0,0.0
2025-10-04,0,105,17:30-17:40,521.6192166666666,37.4162380952381,0.7711,0.7673321428571427,36.09725238095257,67.14295476190469,520.3002309523811,520.3002309523811,520.3002309523811,0.0,0.0,10800.0,0.0
2025-10-04,0,106,17:40-17:50,533.2313333333333,7.45747380952381,0.9513,0.9466839285714286,31.174085714285695,57.98884285714277,556.9479452380953,556.9479452380953,556.9479452380953,0.0,-0.0,10800.0,0.0
2025-10-04,0,107,17:50-18:00,492.6866666666666,0.0,1.149,1.1407749999999994,29.599226190476315,79.66841249999985,0.0,0.0,0.0,0.0,522.2858928571429,10219.682341269841,0.0
2025-10-04,0,108,18:00-18:10,526.4459333333333,0.08323095238095238,1.1716,1.1613598214285712,13.660742857142964,82.75953928571417,0.0,0.0,0.0,0.0,540.0234452380953,9619.65629100529,0.0
2025-10-04,0,109,18:10-18:20,556.2643666666667,0.16874285714285714,1.1742,1.161745982142857,29.47711190476184,50.77042976190495,0.0,0.0,0.0,0.0,585.5727357142856,8969.019917989417,0.0
2025-10-04,0,110,18:20-18:30,543.3933333333333,0.0,1.2125,1.1978549107142857,50.26946428571421,54.722613690476464,0.0,0.0,0.0,0.0,593.6627976190475,8309.394587301587,0.0
2025-10-04,0,111,18:30-18:40,533.3837666666666,0.005976190476190476,1.1913,1.1734651785714285,20.615599999999972,50.55597619047637,0.0,0.0,0.0,0.0,553.9933904761904,7693.8463756613755,0.0
2025-10-04,0,112,18:40-18:50,537.7653333333333,0.012114285714285711,1.1577,1.1168035714285713,22.795019047618894,52.41168809523833,0.0,0.0,0.0,0.0,560.5482380952379,7071.014999999999,0.0
2025-10-04,0,113,18:50-19:00,542.3433333333332,0.0,1.1473,1.0772772321428572,25.47833333333324,49.07143273809547,567.8216666666665,567.8216666666665,567.8216666666665,0.0,0.0,7071.014999999999,0.0
2025-10-04,0,114,19:00-19:10,529.6548,0.0004285714285714286,1.1535,1.0840723214285715,26.556733333333227,52.23255952380916,425.3543089285721,425.3543089285721,425.3543089285721,0.0,130.8567958333326,6925.618560185186,0.0
2025-10-04,0,115,19:10-19:20,531.9668666666666,0.0008666666666666667,1.1923,1.1291388392857145,31.901666666666642,60.95218273809499,0.0,0.0,0.0,0.0,563.8676666666667,6299.098930555556,0.0
2025-10-04,0,116,19:20-19:30,548.63,0.0,1.2231,1.155264285714286,42.401666666666756,39.584260119047514,0.0,0.0,0.0,0.0,591.0316666666668,5642.397078703704,0.0
2025-10-04,0,117,19:30-19:40,545.3869166666666,0.0,1.1833,1.107440625,30.820128571428768,49.7217571428572,0.0,0.0,0.0,0.0,576.2070452380954,5002.167028439154,0.0
2025-10-04,0,118,19:40-19:50,535.0510333333333,0.0,1.1689,1.0944540178571427,10.778449999999907,54.95735952380949,0.0,0.0,0.0,0.0,545.8294833333332,4395.68982473545,0.0
2025-10-04,0,119,19:50-20:00,528.8833333333333,0.0,1.198,1.1311200892857138,28.12333333333345,38.249427976190304,0.0,0.0,0.0,0.0,557.0066666666668,3776.7935284391538,0.0
2025-10-04,0,120,20:00-20:10,527.6886166666666,0.0,1.1957,1.1278241071428574,23.82991666666669,52.010767261904675,0.0,0.0,0.0,0.0,551.5185333333333,3163.9951580687834,0.0
2025-10-04,0,121,20:10-20:20,543.7495666666666,0.0,1.1848,1.1149540178571429,22.60167142857142,64.93787440476197,0.0,0.0,0.0,0.0,566.351238095238,2534.71600462963,0.0
2025-10-04,0,122,20:20-20:30,547.3333333333333,0.0,1.1857,1.1152214285714284,23.329999999999927,73.06157916666669,0.0,0.0,0.0,0.0,570.6633333333332,1900.6456342592596,0.0
2025-10-04,0,123,20:30-20:40,496.12811666666664,0.0,1.1647,1.092770982142857,27.468583333333413,65.79522916666642,0.0,0.0,0.0,0.0,523.5967,1318.8715231481483,0.0
2025-10-04,0,124,20:40-20:50,473.97873333333337,0.0,0.9929,0.9410584821428573,22.55681666666669,76.22532083333317,496.53555000000006,496.53555000000006,496.53555000000006,0.0,0.0,1318.8715231481483,0.0
2025-10-04,0,125,20:50-21:00,513.16,0.0,0.7923,0.7703808035714286,13.016666666666765,106.98437083333349,554.677952674897,554.677952674897,554.677952674897,28.50128600823028,0.0,1344.5226805555556,0.0
2025-10-04,0,126,21:00-21:10,559.9885166666666,0.0,0.8257,0.8058026785714285,16.0555333333333,130.07041249999997,576.0440499999999,576.0440499999999,576.0440499999999,0.0,0.0,1344.5226805555556,0.0
2025-10-04,0,127,21:10-21:20,555.3743666666667,0.0,0.838,0.8108758928571428,26.71623333333332,106.05342083333335,582.0906,582.0906,582.0906,0.0,0.0,1344.5226805555556,0.0
2025-10-04,0,128,21:20-21:30,531.0083333333333,0.0,0.8008,0.7727767857142853,26.73166666666657,76.31605000000026,557.7399999999999,557.7399999999999,557.7399999999999,0.0,0.0,1344.5226805555556,0.0
2025-10-04,0,129,21:30-21:40,559.7863166666666,0.0,0.8924,0.8669781249999998,29.54936666666663,72.67675000000001,533.3007833333335,533.3007833333335,533.3007833333335,0.0,56.034899999999766,1282.2616805555558,0.0
2025-10-04,0,130,21:40-21:50,522.4653999999999,0.0,0.7112,0.6862178571428572,38.16666666666663,74.03551250000021,600.0597364197529,600.0597364197529,600.0597364197529,39.42766975308637,0.0,1317.7465833333335,0.0
2025-10-04,0,131,21:50-22:00,430.3933333333333,0.0,0.3373,0.31160133928571426,23.821666666666488,105.97192500000014,1287.5483333333332,1287.5483333333332,1287.5483333333332,833.3333333333333,0.0,2067.7465833333335,0.0
2025-10-04,0,132,22:00-22:10,419.46584999999993,0.0,0.2929,0.2700361607142857,13.15003333333334,63.13335000000001,1265.9492166666664,1265.9492166666664,1265.9492166666664,833.3333333333333,0.0,2817.7465833333335,0.0
2025-10-04,0,133,22:10-22:20,410.95556666666664,0.0,0.3528,0.327995982142857,13.661849999999959,41.80934166666668,1257.95075,1257.95075,1257.95075,833.3333333333333,0.0,3567.7465833333335,0.0
2025-10-04,0,134,22:20-22:30,400.08,0.0,0.3561,0.32515491071428576,31.596666666666692,46.95586249999997,1265.01,1265.01,1265.01,833.3333333333333,0.0,4317.746583333334,0.0
2025-10-04,0,135,22:30-22:40,459.53981666666664,0.0,0.3712,0.33984196428571434,26.84140000000002,52.08140416666667,486.38121666666666,486.38121666666666,486.38121666666666,0.0,0.0,4317.746583333334,0.0
2025-10-04,0,136,22:40-22:50,461.8315333333333,0.0,0.3582,0.33064241071428574,29.204516666666677,34.18339999999992,1299.7163277777777,1299.7163277777777,1299.7163277777777,808.6802777777777,0.0,5045.5588333333335,0.0
2025-10-04,0,137,22:50-23:00,413.6433333333333,0.0,0.3204,0.2979700892857143,32.93166666666673,68.50374999999985,1279.9083333333333,1279.9083333333333,1279.9083333333333,833.3333333333333,0.0,5795.5588333333335,0.0
2025-10-04,0,138,23:00-23:10,449.9231666666667,0.0,0.3173,0.2991553571428572,25.04350000000011,97.95609166666657,1308.3000000000002,1308.3000000000002,1308.3000000000002,833.3333333333333,0.0,6545.5588333333335,0.0
2025-10-04,0,139,23:10-23:20,480.65049999999997,0.0,0.344,0.3240821428571428,18.814049999999952,79.39987500000007,1332.7978833333332,1332.7978833333332,1332.7978833333332,833.3333333333333,0.0,7295.5588333333335,0.0
2025-10-04,0,140,23:20-23:30,463.51666666666665,0.0,0.375,0.3513955357142856,31.328333333333376,47.60654166666657,494.845,494.845,494.845,0.0,0.0,7295.5588333333335,0.0
2025-10-04,0,141,23:30-23:40,459.7901333333333,0.0,0.3933,0.3729647321428571,18.10699999999997,40.20117499999991,477.8971333333333,477.8971333333333,477.8971333333333,0.0,0.0,7295.5588333333335,0.0
2025-10-04,0,142,23:40-23:50,517.3083166666667,0.0,0.43,0.40822232142857134,31.924633333333418,39.19182916666665,0.0,0.0,0.0,0.0,549.2329500000001,6685.3,0.0
2025-10-04,0,143,23:50-24:00,593.7983333333333,0.0,0.4657,0.4391982142857142,22.97166666666658,34.55166666666676,0.0,0.0,0.0,0.0,616.7699999999999,6000.0,0.0
2025-10-05,0,0,0:00-0:10,598.8183333333333,0.0,0.4443,0.4234803571428572,24.172483333333275,56.84824583333348,622.9908166666665,622.9908166666665,622.9908166666665,0.0,0.0,8912.348743624338,0.0
2025-10-05,0,1,0:10-0:20,588.5083,0.0,0.4135,0.3937901785714285,16.52918333333332,67.76416250000008,605.0374833333333,605.0374833333333,605.0374833333333,0.0,0.0,8912.348743624338,0.0
2025-10-05,0,2,0:20-0:30,586.2233333333334,0.0,0.4117,0.38811696428571435,19.021666666666647,58.96822083333312,605.245,605.245,605.245,0.0,0.0,8912.348743624338,0.0
2025-10-05,0,3,0:30-0:40,564.1657,0.0,0.4375,0.41713794642857144,16.485849999999914,65.40121666666663,580.6515499999999,580.6515499999999,580.6515499999999,0.0,0.0,8912.348743624338,0.0
2025-10-05,0,4,0:40-0:50,568.26605,0.0,0.473,0.451960267857143,19.60598333333337,68.30567916666644,587.8720333333333,587.8720333333333,587.8720333333333,0.0,0.0,8912.348743624338,0.0
2025-10-05,0,5,0:50-1:00,592.1466666666666,0.0,0.4796,0.45363258928571426,17.34333333333342,76.63793749999991,609.49,609.49,609.49,0.0,0.0,8912.348743624338,0.0
2025-10-05,0,6,1:00-1:10,578.8813,0.0,0.4298,0.4062303571428571,23.679666666666662,75.7376416666666,602.5609666666667,602.5609666666667,602.5609666666667,0.0,0.0,8912.348743624338,0.0
2025-10-05,0,7,1:10-1:20,554.9987833333332,0.0,0.4066,0.38578169642857135,22.527400000000057,36.87171666666649,577.5261833333333,577.5261833333333,577.5261833333333,0.0,0.0,8912.348743624338,0.0
2025-10-05,0,8,1:20-1:30,559.4333333333333,0.0,0.4305,0.4091348214285714,21.50666666666666,62.20537499999992,580.9399999999999,580.9399999999999,580.9399999999999,0.0,0.0,8912.348743624338,0.0
2025-10-05,0,9,1:30-1:40,601.2531333333333,0.0,0.4433,0.42166875,21.297149999999988,81.48803511904744,622.5502833333333,622.5502833333333,622.5502833333333,0.0,0.0,8912.348743624338,0.0
2025-10-05,0,10,1:40-1:50,611.2860666666666,0.0,0.4355,0.4140236607142857,18.049350000000004,60.0457553571425,629.3354166666666,629.3354166666666,629.3354166666666,0.0,0.0,8912.348743624338,0.0
2025-10-05,0,11,1:50-2:00,597.5116666666667,0.0,0.441,0.4202040178571428,14.146666666666704,55.93802083333327,611.6583333333333,611.6583333333333,611.6583333333333,0.0,0.0,8912.348743624338,0.0
2025-10-05,0,12,2:00-2:10,628.7529666666667,0.0,0.4877,0.468303125,25.5542333333334,41.40234345238082,328.1933307380962,328.1933307380962,328.1933307380962,0.0,326.11386926190386,8550.0,0.0
2025-10-05,0,13,2:10-2:20,634.8251499999999,0.0,0.4645,0.44413214285714286,25.540849999999978,39.05112916666653,660.3659999999999,660.3659999999999,660.3659999999999,0.0,0.0,8550.0,0.0
2025-10-05,0,14,2:20-2:30,602.0783333333333,0.0,0.3972,0.3761111607142857,12.270000000000095,50.08662499999974,1447.6816666666666,1447.6816666666666,1447.6816666666666,833.3333333333333,0.0,9300.0,0.0
2025-10-05,0,15,2:30-2:40,589.0603,0.0,0.4214,0.40557633928571424,17.55453333333344,45.04292499999991,606.6148333333334,606.6148333333334,606.6148333333334,0.0,0.0,9300.0,0.0
2025-10-05,0,16,2:40-2:50,575.5008,0.0,0.4289,0.4166053571428572,22.700733333333346,59.12527499999996,598.2015333333334,598.2015333333334,598.2015333333334,0.0,0.0,9300.0,0.0
2025-10-05,0,17,2:50-3:00,561.0316666666666,0.0,0.3879,0.3742223214285715,25.803333333333285,56.03352916666671,1420.168333333333,1420.168333333333,1420.168333333333,833.3333333333333,0.0,10050.0,0.0
2025-10-05,0,18,3:00-3:10,574.3330666666666,0.0,0.3864,0.37058303571428575,35.02526666666665,55.7124113095238,1442.6916666666666,1442.6916666666666,1442.6916666666666,833.3333333333333,0.0,10800.0,0.0
2025-10-05,0,19,3:10-3:20,598.15315,0.0,0.4345,0.41777991071428555,21.378066666666655,73.7323,619.5312166666666,619.5312166666666,619.5312166666666,0.0,0.0,10800.0,0.0
2025-10-05,0,20,3:20-3:30,611.5183333333333,0.0,0.4659,0.4497281250000001,14.675000000000068,46.91287559523812,626.1933333333334,626.1933333333334,626.1933333333334,0.0,0.0,10800.0,0.0
2025-10-05,0,21,3:30-3:40,608.3510833333332,0.0,0.4122,0.39707232142857146,17.248833333333323,54.172401785714285,625.5999166666666,625.5999166666666,625.5999166666666,0.0,0.0,10800.0,0.0
2025-10-05,0,22,3:40-3:50,608.1889666666666,0.0,0.4096,0.39495089285714285,18.882066666666674,44.546332142857125,627.0710333333333,627.0710333333333,627.0710333333333,0.0,0.0,10800.0,0.0
2025-10-05,0,23,3:50-4:00,610.9833333333333,0.0,0.4587,0.44385758928571406,25.5,21.752500000000026,636.4833333333333,636.4833333333333,636.4833333333333,0.0,0.0,10800.0,0.0
2025-10-05,0,24,4:00-4:10,601.8697166666666,0.0,0.4337,0.419465625,19.524783333333346,34.110822023809575,621.3944999999999,621.3944999999999,621.3944999999999,0.0,0.0,10800.0,0.0
2025-10-05,0,25,4:10-4:20,608.1846166666667,3.095238095238095e-05,0.4417,0.4321544642857142,27.99879999999996,32.41064107142864,636.1833857142857,636.1833857142857,636.1833857142857,0.0,0.0,10800.0,0.0
2025-10-05,0,26,4:20-4:30,619.5316666666666,0.0,0.4772,0.4712343749999999,21.12000000000006,69.10902857142855,640.6516666666666,640.6516666666666,640.6516666666666,0.0,0.0,10800.0,0.0
2025-10-05,0,27,4:30-4:40,599.8005333333333,0.0005023809523809524,0.4265,0.4148464285714285,29.347885714285667,82.46819345238103,629.1479166666666,629.1479166666666,629.1479166666666,0.0,0.0,10800.0,0.0
2025-10-05,0,28,4:40-4:50,600.9428,0.0007690476190476191,0.4263,0.4143808035714286,28.242933333333326,98.89978154761886,629.1849642857143,629.1849642857143,629.1849642857143,-0.0,0.0,10800.0,0.0
2025-10-05,0,29,4:50-5:00,621.175,0.0,0.4822,0.4752370535714286,20.348333333333358,99.43959404761895,641.5233333333333,641.5233333333333,641.5233333333333,0.0,0.0,10800.0,0.0
2025-10-05,0,30,5:00-5:10,607.4393833333334,0.007023809523809523,0.463,0.4524191964285715,21.903735714285745,131.09694523809517,629.3360952380953,629.3360952380953,629.3360952380953,0.0,0.0,10800.0,0.0
2025-10-05,0,31,5:10-5:20,603.4697666666666,0.010723809523809521,0.463,0.454146875,19.992983333333314,152.06514583333325,623.4520261904761,623.4520261904761,623.4520261904761,0.0,0.0,10800.0,0.0
2025-10-05,0,32,5:20-5:30,604.14,0.0,0.4698,0.4704093750000002,31.437083333333362,235.12374821428574,635.5770833333333,635.5770833333333,635.5770833333333,0.0,0.0,10800.0,0.0
2025-10-05,0,33,5:30-5:40,576.46485,0.09782380952380951,0.4112,0.41654241071428577,26.572440476190536,428.27496845238045,602.9394666666667,602.9394666666667,602.9394666666667,-0.0,0.0,10800.0,0.0
2025-10-05,0,34,5:40-5:50,661.0754999999999,0.14937380952380952,0.6159,0.6239254464285714,26.829340476190453,507.24420476190403,687.7554666666666,687.7554666666666,687.7554666666666,0.0,-0.0,10800.0,0.0
2025-10-05,0,35,5:50-6:00,803.2049999999999,0.0,0.9611,0.9716084821428568,41.587619047619114,524.9531303571421,11.459285714285784,11.459285714285784,11.459285714285784,0.0,833.3333333333333,9874.074074074075,0.0
2025-10-05,0,36,6:00-6:10,797.4819333333332,5.238788095238096,0.9668,0.9775571428571427,40.40620476190469,570.1713815476187,0.0,0.0,0.0,0.0,832.6493499999999,8948.90812962963,0.0
2025-10-05,0,37,6:10-6:20,786.5688166666666,32.86096666666667,0.9204,0.9307491071428571,42.09227380952382,619.153120238095,0.0,0.0,0.0,0.0,795.8001238095238,8064.68576984127,0.0
2025-10-05,0,38,6:20-6:30,820.6516666666666,82.14821428571427,0.9625,0.9737080357142857,36.051250000000095,655.6065803571425,0.0,0.0,0.0,0.0,774.5547023809524,7204.0694338624335,0.0
2025-10-05,0,39,6:30-6:40,805.8427666666666,133.45537380952382,0.9392,0.9525098214285715,42.93114523809527,635.304333333333,0.0,0.0,0.0,0.0,715.3185380952381,6409.271058201058,0.0
2025-10-05,0,40,6:40-6:50,797.2145833333334,186.48086428571426,0.8936,0.9052888392857141,49.55339999999998,738.0596517857141,0.0,0.0,0.0,0.0,660.2871190476192,5675.618703703703,0.0
2025-10-05,0,41,6:50-7:00,815.8833333333333,243.14999999999998,0.8656,0.8749870535714288,48.70892857142843,793.2951494047616,621.4422619047617,621.4422619047617,621.4422619047617,0.0,0.0,5675.618703703703,0.0
2025-10-05,0,42,7:00-7:10,820.2980666666667,302.3312976190476,0.8457,0.8597299107142857,52.02557380952362,770.3471571428571,569.9923428571428,569.9923428571428,569.9923428571428,0.0,0.0,5675.618703703703,0.0
2025-10-05,0,43,7:10-7:20,810.3321833333332,361.8994214285714,0.8499,0.8650674107142856,59.905659523809504,762.5198630952381,508.33842142857134,508.33842142857134,508.33842142857134,0.0,0.0,5675.618703703703,0.0
2025-10-05,0,44,7:20-7:30,781.1633333333332,420.4732142857143,0.8327,0.8431241071428571,62.56488095238109,786.4781791666666,423.25500000000005,423.25500000000005,423.25500000000005,0.0,0.0,5675.618703703703,0.0
2025-10-05,0,45,7:30-7:40,749.4449999999999,478.04043333333334,0.7593,0.766836160714286,60.743007142856925,777.6848309523812,332.14757380952346,332.14757380952346,332.14757380952346,0.0,0.0,5675.618703703703,0.0
2025-10-05,0,46,7:40-7:50,869.5931499999999,536.269969047619,0.8927,0.8968727678571428,53.31222142857132,751.6740642857142,333.09923154762225,333.09923154762225,333.09923154762225,0.0,53.53617083332992,5616.134069444448,0.0
2025-10-05,0,47,7:50-8:00,1067.5116666666665,598.4446428571428,1.1625,1.1625915178571427,53.31595238095247,724.3803351190473,0.0,0.0,0.0,0.0,522.3829761904763,5035.708540343919,0.0
2025-10-05,0,48,8:00-8:10,1097.4176499999999,665.1696523809524,1.2089,1.2074642857142859,41.41404285714299,700.4534601190475,0.0,0.0,0.0,0.0,473.66204047619044,4509.417384259263,0.0
2025-10-05,0,49,8:10-8:20,1074.0385833333332,722.2662714285714,1.1468,1.144679910714286,65.67844285714284,666.4133916666665,0.0,0.0,0.0,0.0,417.4507547619048,4045.5832123015903,0.0
2025-10-05,0,50,8:20-8:30,1085.6716666666666,768.7633928571428,1.111,1.109528125,66.49863095238084,689.5918999999999,0.0,0.0,0.0,0.0,383.4069047619047,3619.5755403439184,0.0
2025-10-05,0,51,8:30-8:40,1101.3504333333333,818.088169047619,1.1185,1.1205964285714283,80.91542380952387,667.6127648809528,0.0,0.0,0.0,0.0,364.1776880952382,3214.9336646825427,0.0
2025-10-05,0,52,8:40-8:50,1092.7223,873.3838642857143,1.1273,1.1285848214285714,76.81365714285721,618.2177071428569,0.0,0.0,0.0,0.0,296.15209285714286,2885.875783730162,0.0
2025-10-05,0,53,8:50-9:00,1075.9733333333334,930.2723214285712,1.115,1.1130602678571433,102.73238095238088,608.8383964285713,0.0,0.0,0.0,0.0,248.43339285714308,2609.8386805555583,0.0
2025-10-05,0,54,9:00-9:10,1088.9909499999999,981.9401523809524,1.0909,1.092115625,96.82401904761903,595.1371315476189,0.0,0.0,0.0,0.0,203.87481666666645,2383.3111064814843,0.0
2025-10-05,0,55,9:10-9:20,1089.16485,1030.6348714285714,1.0543,1.0554325892857144,89.85923333333342,548.9188238095237,0.0,0.0,0.0,0.0,148.38921190476185,2218.434204365082,0.0
2025-10-05,0,56,9:20-9:30,1081.2533333333333,1075.0848214285713,1.0046,1.0046839285714284,101.92500000000032,568.0574273809519,0.0,0.0,0.0,0.0,108.09351190476241,2098.3303022486793,0.0
2025-10-05,0,57,9:30-9:40,1110.97875,1112.8872023809522,0.9534,0.9587468749999998,104.85879523809551,567.5239744047615,0.0,0.0,0.0,0.0,102.95034285714337,1983.9410324074088,0.0
2025-10-05,0,58,9:40-9:50,1119.0233666666666,1159.2978261904761,0.9429,0.9236691964285714,99.02414523809519,589.8710797619048,0.0,0.0,0.0,0.0,58.74968571428553,1918.6636038359804,0.0
2025-10-05,0,59,9:50-10:00,1086.0983333333334,1207.5749999999998,0.964,0.9049008928571428,97.75178571428546,604.6887785714285,0.0,0.0,0.0,23.724880952381,0.0,1940.0159966931233,0.0
2025-10-05,0,60,10:00-10:10,1058.8508,1234.6631714285713,0.9621,0.9020776785714286,96.33378809523781,666.014397023811,0.0,0.0,0.0,79.47858333333352,0.0,2011.5467216931233,0.0
2025-10-05,0,61,10:10-10:20,1076.60765,1257.603907142857,0.9374,0.8828044642857141,87.70036904761916,696.9596267857155,0.0,0.0,0.0,93.29588809523784,0.0,2095.5130209788376,0.0
2025-10-05,0,62,10:20-10:30,1109.6766666666667,1291.1803571428572,0.9196,0.8568147321428574,85.28898809523784,697.6782107142867,0.0,0.0,0.0,96.21470238095276,0.0,2182.1062531216953,0.0
2025-10-05,0,63,10:30-10:40,1093.8840833333334,1331.78325,0.9146,0.8471517857142856,104.18307380952373,722.1337910714279,0.0,0.0,0.0,133.71609285714294,0.0,2302.450736693124,0.0
2025-10-05,0,64,10:40-10:50,1089.3541166666666,1354.2851523809522,0.7828,0.7378388392857144,109.7551761904765,710.3736815476184,0.0,0.0,0.0,155.1758595238091,0.0,2442.109010264552,0.0
2025-10-05,0,65,10:50-11:00,1106.4583333333333,1368.292857142857,0.5838,0.5709437499999999,94.32755952380938,695.304492261905,0.0,0.0,0.0,167.50696428571428,0.0,2592.865278121695,0.0
2025-10-05,0,66,11:00-11:10,1092.1609166666667,1405.7523285714283,0.5347,0.5209589285714283,70.97718809523826,694.4432845238093,0.0,0.0,0.0,242.6142238095233,0.0,2811.2180795502663,0.0
2025-10-05,0,67,11:10-11:20,1065.2057499999999,1430.318307142857,0.5426,0.5205651785714285,82.85338095238092,673.2818607142862,384.97070367430535,384.97070367430535,384.97070367430535,667.2298798647818,0.0,3411.72497142857,0.0
2025-10-05,0,68,11:20-11:30,1044.5166666666667,1439.4258928571428,0.5129,0.49099151785714296,94.75488095238128,659.4184601190477,533.1789880952383,533.1789880952383,533.1789880952383,833.3333333333333,0.0,4161.72497142857,0.0
2025-10-05,0,69,11:30-11:40,1029.7705333333333,1465.6589738095238,0.4497,0.4272687499999999,95.2195857142857,742.6183904761918,492.6644785714284,492.6644785714284,492.6644785714284,833.3333333333333,0.0,4911.72497142857,0.0
2025-10-05,0,70,11:40-11:50,1018.2600833333332,1478.8906023809525,0.4316,0.40867053571428585,111.53916666666663,821.0196214285728,484.2419809523806,484.2419809523806,484.2419809523806,833.3333333333333,0.0,5661.72497142857,0.0
2025-10-05,0,71,11:50-12:00,1005.9533333333334,1475.1562499999995,0.4524,0.43180669642857156,94.67660714285682,849.0156464285725,458.807023809524,458.807023809524,458.807023809524,833.3333333333333,0.0,6411.72497142857,0.0
2025-10-05,0,72,12:00-12:10,989.4662,1482.150064285714,0.4389,0.4236522321428572,102.08970476190495,845.3872535714293,442.7391738095241,442.7391738095241,442.7391738095241,833.3333333333333,0.0,7161.72497142857,0.0
2025-10-05,0,73,12:10-12:20,972.0204333333332,1485.3606571428568,0.4573,0.4428236607142858,95.21683809523824,891.274067857144,415.2099476190481,415.2099476190481,415.2099476190481,833.3333333333333,0.0,7911.72497142857,0.0
2025-10-05,0,74,12:20-12:30,964.855,1476.8892857142857,0.4905,0.47320223214285717,99.05250000000001,931.777579761906,420.35154761904755,420.35154761904755,420.35154761904755,833.3333333333333,0.0,8661.72497142857,0.0
2025-10-05,0,75,12:30-12:40,980.2247166666666,1461.8923071428571,0.4812,0.4656924107142855,102.07584047619025,917.0969696428585,453.741583333333,453.741583333333,453.741583333333,833.3333333333333,0.0,9411.72497142857,0.0
2025-10-05,0,76,12:40-12:50,1008.8685833333334,1428.3421952380952,0.668,0.6542535714285714,77.44865952380951,881.4960148809537,0.0,0.0,0.0,342.0249523809523,0.0,9719.547428571426,0.0
2025-10-05,0,77,12:50-13:00,1032.5066666666667,1385.1035714285713,0.9374,0.9206964285714287,83.7097023809522,826.2612869047628,0.0,0.0,0.0,268.88720238095243,0.0,9961.545910714283,0.0
2025-10-05,0,78,13:00-13:10,1034.8127833333333,1355.2664190476191,0.912,0.8884562500000001,65.60818333333327,783.8199178571437,0.0,0.0,0.0,254.84545238095257,0.0,10190.906817857142,0.0
2025-10-05,0,79,13:10-13:20,1021.9737166666666,1318.5159523809523,0.8546,0.8296714285714284,67.35565952380915,753.9652898809532,0.0,0.0,0.0,229.18657619047644,0.0,10397.174736428571,0.0
2025-10-05,0,80,13:20-13:30,1015.3333333333333,1271.1955357142856,0.9043,0.8881102678571431,80.26494047619036,676.9198607142855,0.0,0.0,0.0,175.59726190476204,0.0,10555.212272142857,0.0
2025-10-05,0,81,13:30-13:40,1032.0303,1232.017314285714,0.9307,0.924620982142857,86.77993809523798,587.5647119047617,0.0,0.0,0.0,113.2070761904763,0.0,10657.098640714286,0.0
2025-10-05,0,82,13:40-13:50,1036.41235,1198.2245142857141,0.8842,0.856409375,82.85777380952379,570.7980958333329,0.0,0.0,0.0,78.95439047619038,0.0,10728.157592142858,0.0
2025-10-05,0,83,13:50-14:00,1024.7633333333333,1166.1446428571426,0.834,0.7691499999999998,95.5634523809525,588.4295803571422,0.0,0.0,0.0,45.81785714285684,0.0,10769.393663571429,0.0
2025-10-05,0,84,14:00-14:10,1028.39185,1135.6209809523812,0.8927,0.827347767857143,73.22209047619057,513.5773619047617,0.0,0.0,0.0,34.007040476190696,0.0,10800.0,0.0
2025-10-05,0,85,14:10-14:20,1038.2089666666666,1101.7571404761902,0.9666,0.9093526785714285,74.18846904761904,495.0757065476192,0.0,0.0,0.0,0.0,10.640295238095405,10788.177449735449,0.0
2025-10-05,0,86,14:20-14:30,1044.9133333333332,1063.5321428571428,1.0069,0.9451758928571429,77.70190476190464,466.68418392857143,0.0,0.0,0.0,0.0,59.083095238094984,10722.529566137566,0.0
2025-10-05,0,87,14:30-14:40,1050.4388166666665,1023.2918714285713,1.0284,0.9603031249999997,75.02087619047657,403.8136928571429,0.0,0.0,0.0,0.0,102.16782142857187,10609.009764550263,0.0
2025-10-05,0,88,14:40-14:50,1059.382383333333,976.7183452380951,0.9205,0.8712714285714283,65.62083333333322,379.954039285714,0.0,0.0,0.0,0.0,148.28487142857114,10444.248796296295,0.0
2025-10-05,0,89,14:50-15:00,1060.0249999999999,925.0366071428572,0.7594,0.7431513392857143,71.11124999999998,347.53375595238043,206.0996428571426,206.0996428571426,206.0996428571426,0.0,0.0,10444.248796296295,0.0
2025-10-05,0,90,15:00-15:10,1038.5988333333332,873.7725714285714,0.7492,0.7406687499999997,51.981314285714234,278.4731351190479,216.80757619047608,216.80757619047608,216.80757619047608,0.0,0.0,10444.248796296295,0.0
2025-10-05,0,91,15:10-15:20,1037.48985,817.1491380952381,0.7396,0.7287901785714286,57.20933809523814,210.77705357142767,277.55004999999994,277.55004999999994,277.55004999999994,0.0,0.0,10444.248796296295,0.0
2025-10-05,0,92,15:20-15:30,1042.29,759.0910714285715,0.7049,0.694315625,76.39571428571412,219.61773630952337,754.8737580834814,754.8737580834814,754.8737580834814,395.27911522633883,0.0,10800.0,0.0
2025-10-05,0,93,15:30-15:40,1003.4982833333333,710.6109142857142,0.7695,0.7584749999999998,57.72837619047647,166.06301904761847,350.61574523809554,350.61574523809554,350.61574523809554,0.0,0.0,10800.0,0.0
2025-10-05,0,94,15:40-15:50,1009.8193666666666,660.9986238095238,0.8037,0.7929633928571423,51.430788095238256,161.9899333333331,400.25153095238113,400.25153095238113,400.25153095238113,0.0,0.0,10800.0,0.0
2025-10-05,0,95,15:50-16:00,1060.3116666666665,602.075,0.7934,0.7830843749999997,59.52958333333322,199.71130595238083,517.7662499999997,517.7662499999997,517.7662499999997,0.0,0.0,10800.0,0.0
2025-10-05,0,96,16:00-16:10,1061.8887833333333,536.0865857142858,0.8542,0.8427406249999999,63.016883333333226,214.87245714285717,588.8190809523808,588.8190809523808,588.8190809523808,0.0,0.0,10800.0,0.0
2025-10-05,0,97,16:10-16:20,1050.8967833333331,474.1382166666667,0.904,0.8964107142857143,69.08969047619041,187.24455000000003,645.8482571428567,645.8482571428567,645.8482571428567,0.0,-0.0,10800.0,0.0
2025-10-05,0,98,16:20-16:30,1054.1733333333332,419.3446428571429,0.9304,0.9284035714285713,65.35190476190468,161.78125238095234,700.1805952380951,700.1805952380951,700.1805952380951,0.0,-0.0,10800.0,0.0
2025-10-05,0,99,16:30-16:40,1057.6059666666665,365.3206,1.0009,0.9958013392857138,49.966326190476195,183.05904107142814,742.2516928571426,742.2516928571426,742.2516928571426,0.0,-0.0,10800.0,0.0
2025-10-05,0,100,16:40-16:50,1056.4510666666665,308.29344285714285,1.0239,1.015729017857143,35.819428571428716,151.30691369047577,783.9770523809524,783.9770523809524,783.9770523809524,0.0,-0.0,10800.0,0.0
2025-10-05,0,101,16:50-17:00,1053.56,248.66785714285712,1.009,1.002648214285714,55.90863095238092,132.28171071428554,860.8007738095238,860.8007738095238,860.8007738095238,0.0,0.0,10800.0,0.0
2025-10-05,0,102,17:00-17:10,1055.2521833333333,190.21437857142854,1.0645,1.0610629464285715,42.23422857142853,114.72405178571384,907.2720333333332,907.2720333333332,907.2720333333332,0.0,0.0,10800.0,0.0
2025-10-05,0,103,17:10-17:20,1063.60645,136.28315476190477,1.1249,1.122107589285714,38.17000476190492,99.83271369047628,965.4933000000001,965.4933000000001,965.4933000000001,0.0,0.0,10800.0,0.0
2025-10-05,0,104,17:20-17:30,1102.2849999999999,84.81160714285714,1.1412,1.1374700892857144,35.326249999999845,112.28168035714279,1052.7996428571425,1052.7996428571425,1052.7996428571425,0.0,0.0,10800.0,0.0
2025-10-05,0,105,17:30-17:40,1159.1541499999998,34.27022619047619,1.1397,1.1363999999999999,35.826669047619134,67.41353809523812,1160.7105928571427,1160.7105928571427,1160.7105928571427,0.0,0.0,10800.0,0.0
2025-10-05,0,106,17:40-17:50,1005.1030999999999,5.520428571428571,1.1948,1.1898946428571429,31.174085714285695,57.98884285714277,1030.7567571428572,1030.7567571428572,1030.7567571428572,0.0,-0.0,10800.0,0.0
2025-10-05,0,107,17:50-18:00,743.0516666666667,0.0,1.2882,1.2795553571428573,29.599226190476315,79.66841249999985,0.0,0.0,0.0,0.0,772.650892857143,9941.499007936507,0.0
2025-10-05,0,108,18:00-18:10,724.0686666666667,0.17072619047619045,1.3213,1.3102991071428567,13.660742857142964,82.75953928571417,0.0,0.0,0.0,0.0,737.5586833333334,9121.989359788358,0.0
2025-10-05,0,109,18:10-18:20,755.5679166666666,0.11170476190476188,1.2923,1.2785120535714285,29.47711190476184,50.77042976190495,0.0,0.0,0.0,0.0,784.9333238095237,8249.841222222221,0.0
2025-10-05,0,110,18:20-18:30,728.8,0.0,1.2559,1.2394388392857147,50.26946428571421,54.722613690476464,779.0694642857142,779.0694642857142,779.0694642857142,0.0,0.0,8249.841222222221,0.0
2025-10-05,0,111,18:30-18:40,733.5046666666667,0.012257142857142855,1.2762,1.25659375,20.615599999999972,50.55597619047637,0.0,0.0,0.0,0.0,754.1080095238095,7411.943433862433,0.0
2025-10-05,0,112,18:40-18:50,757.8904333333332,0.008019047619047618,1.3299,1.2882142857142858,22.795019047618894,52.41168809523833,0.0,0.0,0.0,0.0,780.677433333333,6544.524063492063,0.0
2025-10-05,0,113,18:50-19:00,773.79,0.0,1.347,1.2768522321428573,25.47833333333324,49.07143273809547,0.0,0.0,0.0,0.0,799.2683333333332,5656.448137566137,0.0
2025-10-05,0,114,19:00-19:10,775.9854833333334,0.0008785714285714286,1.2853,1.2143723214285715,26.556733333333227,52.23255952380916,802.5413380952381,802.5413380952381,802.5413380952381,0.0,0.0,5656.448137566137,0.0
2025-10-05,0,115,19:10-19:20,802.4328,0.0005738095238095239,1.2985,1.2333638392857142,31.901666666666642,60.95218273809499,834.3338928571429,834.3338928571429,834.3338928571429,0.0,0.0,5656.448137566137,0.0
2025-10-05,0,116,19:20-19:30,839.2016666666666,0.0,1.3657,1.2973214285714285,42.401666666666756,39.584260119047514,48.270000000000095,48.270000000000095,48.270000000000095,0.0,833.3333333333333,4730.522211640211,0.0
2025-10-05,0,117,19:30-19:40,831.1041166666666,3.3333333333333335e-05,1.322,1.2468977678571425,30.820128571428768,49.7217571428572,861.924211904762,861.924211904762,861.924211904762,0.0,0.0,4730.522211640211,0.0
2025-10-05,0,118,19:40-19:50,807.0609166666666,0.0,1.3137,1.2394397321428572,10.778449999999907,54.95735952380949,817.8393666666665,817.8393666666665,817.8393666666665,0.0,0.0,4730.522211640211,0.0
2025-10-05,0,119,19:50-20:00,793.2633333333333,0.0,1.3583,1.290141517857143,28.12333333333345,38.249427976190304,0.0,0.0,0.0,0.0,821.3866666666668,3817.870359788359,0.0
2025-10-05,0,120,20:00-20:10,787.3219666666666,0.0,1.321,1.2520955357142858,23.82991666666669,52.010767261904675,176.7290928571432,176.7290928571432,176.7290928571432,0.0,634.4227904761901,3112.956148148148,0.0
2025-10-05,0,121,20:10-20:20,772.0742166666666,0.0,1.292,1.221816517857143,22.60167142857142,65.43736190476193,794.6758880952381,794.6758880952381,794.6758880952381,0.0,0.0,3112.956148148148,0.0
2025-10-05,0,122,20:20-20:30,767.2733333333333,0.0,1.3289,1.2581624999999996,23.329999999999927,73.06157916666669,0.0,0.0,0.0,0.0,790.6033333333332,2234.508,0.0
2025-10-05,0,123,20:30-20:40,804.54515,0.0,1.3665,1.2940441964285718,27.468583333333413,57.86642916666659,0.0,0.0,0.0,0.0,832.0137333333334,1310.048296296296,0.0
2025-10-05,0,124,20:40-20:50,806.6253499999999,0.0,1.2258,1.1735334821428574,22.55681666666669,72.46452499999975,829.1821666666666,829.1821666666666,829.1821666666666,0.0,0.0,1310.048296296296,0.0
2025-10-05,0,125,20:50-21:00,781.9216666666666,0.0,0.9931,0.9706575892857144,13.016666666666765,99.04346666666646,802.5059567901235,802.5059567901235,802.5059567901235,7.5676234567900895,0.0,1316.859157407407,0.0
2025-10-05,0,126,21:00-21:10,807.6603833333334,0.0,0.9426,0.9209241071428567,14.344900000000052,105.17324166666648,822.0052833333334,822.0052833333334,822.0052833333334,0.0,0.0,1316.859157407407,0.0
2025-10-05,0,127,21:10-21:20,790.2350166666666,0.0,0.9364,0.9079366071428572,26.428916666666737,83.3824166666667,816.6639333333334,816.6639333333334,816.6639333333334,0.0,0.0,1316.859157407407,0.0
2025-10-05,0,128,21:20-21:30,756.8983333333333,0.0,0.9346,0.9066535714285715,24.04833333333329,81.28794583333321,780.9466666666666,780.9466666666666,780.9466666666666,0.0,0.0,1316.859157407407,0.0
2025-10-05,0,129,21:30-21:40,816.8568499999999,0.0,1.002,0.9755120535714285,28.93528333333336,75.75953333333318,808.8373958333335,808.8373958333335,808.8373958333335,0.0,36.95473749999976,1275.798337962963,0.0
2025-10-05,0,130,21:40-21:50,761.45355,0.0,0.8251,0.7984624999999997,35.69796666666673,68.2185041666666,792.2312291666667,792.2312291666667,792.2312291666667,0.0,4.920287499999949,1270.3313518518519,0.0
2025-10-05,0,131,21:50-22:00,609.5516666666666,0.0,0.4849,0.4585513392857142,19.988333333333344,63.29821666666666,629.54,629.54,629.54,0.0,0.0,1270.3313518518519,0.0
2025-10-05,0,132,22:00-22:10,601.8482166666666,0.0,0.4096,0.3864843749999998,11.18621666666661,55.153579166666844,1446.3677666666665,1446.3677666666665,1446.3677666666665,833.3333333333333,0.0,2020.3313518518519,0.0
2025-10-05,0,133,22:10-22:20,635.3633,0.0,0.4584,0.4331941964285715,13.661849999999959,48.88260416666688,649.0251499999999,649.0251499999999,649.0251499999999,0.0,0.0,2020.3313518518519,0.0
2025-10-05,0,134,22:20-22:30,612.8316666666666,0.0,0.4715,0.43991205357142843,22.120000000000005,57.47055416666683,634.9516666666666,634.9516666666666,634.9516666666666,0.0,0.0,2020.3313518518519,0.0
2025-10-05,0,135,22:30-22:40,550.8673166666666,0.0,0.4414,0.4091580357142858,20.575233333333244,58.34757083333345,1404.7758833333332,1404.7758833333332,1404.7758833333332,833.3333333333333,0.0,2770.3313518518517,0.0
2025-10-05,0,136,22:40-22:50,537.4026833333332,0.0,0.449,0.4197031249999999,29.204516666666677,34.18339999999992,1399.9405333333332,1399.9405333333332,1399.9405333333332,833.3333333333333,0.0,3520.3313518518517,0.0
2025-10-05,0,137,22:50-23:00,584.125,0.0,0.4773,0.45220044642857143,32.93166666666673,68.50374999999985,617.0566666666667,617.0566666666667,617.0566666666667,0.0,0.0,3520.3313518518517,0.0
2025-10-05,0,138,23:00-23:10,620.2519166666666,0.0,0.4399,0.4195535714285716,25.04350000000011,97.95609166666657,1478.6287499999999,1478.6287499999999,1478.6287499999999,833.3333333333333,0.0,4270.331351851852,0.0
2025-10-05,0,139,23:10-23:20,618.8257833333332,0.0,0.4422,0.4218,18.814049999999952,79.39987500000007,892.8272201646091,892.8272201646091,892.8272201646091,255.18738683127594,0.0,4500.0,0.0
2025-10-05,0,140,23:20-23:30,600.8216666666666,0.0,0.477,0.45394375,31.328333333333376,47.60654166666657,632.15,632.15,632.15,0.0,0.0,4500.0,0.0
2025-10-05,0,141,23:30-23:40,608.7275833333333,0.0,0.4341,0.41290937499999997,18.10699999999997,40.20117499999991,1460.1679166666665,1460.1679166666665,1460.1679166666665,833.3333333333333,0.0,5250.0,0.0
2025-10-05,0,142,23:40-23:50,627.3834166666666,0.0,0.4343,0.4120562499999999,31.924633333333418,39.19182916666665,1492.6413833333331,1492.6413833333331,1492.6413833333331,833.3333333333333,0.0,6000.0,0.0
2025-10-05,0,143,23:50-24:00,629.4816666666666,0.0,0.4891,0.46346249999999994,22.97166666666658,34.55166666666676,652.4533333333331,652.4533333333331,652.4533333333331,0.0,0.0,6000.0,0.0
2025-10-06,0,0,0:00-0:10,603.9192333333333,0.0,0.4795,0.45704464285714286,24.172483333333275,58.54644583333341,628.0917166666666,628.0917166666666,628.0917166666666,0.0,0.0,8668.558657685187,0.0
2025-10-06,0,1,0:10-0:20,591.9221333333332,0.0,0.4361,0.41391874999999995,14.830983333333393,67.56883749999989,606.7531166666666,606.7531166666666,606.7531166666666,0.0,0.0,8668.558657685187,0.0
2025-10-06,0,2,0:20-0:30,605.6916666666666,0.0,0.4072,0.38268839285714285,18.671666666666624,60.906545833333155,1457.6966666666665,1457.6966666666665,1457.6966666666665,833.3333333333333,0.0,9418.558657685187,0.0
2025-10-06,0,3,0:30-0:40,616.46155,0.0,0.4102,0.38817008928571434,16.485849999999914,63.06329166666667,1466.280733333333,1466.280733333333,1466.280733333333,833.3333333333333,0.0,10168.558657685187,0.0
2025-10-06,0,4,0:40-0:50,601.4487666666666,0.0,0.4235,0.4010245535714286,19.60598333333337,65.81525416666649,621.05475,621.05475,621.05475,0.0,0.0,10168.558657685187,0.0
2025-10-06,0,5,0:50-1:00,574.9166666666666,0.0,0.4268,0.4011915178571427,17.953333333333376,75.40112916666662,592.87,592.87,592.87,0.0,0.0,10168.558657685187,0.0
2025-10-06,0,6,1:00-1:10,573.5870166666666,0.0,0.4213,0.398419642857143,24.798033333333308,73.23040833333329,598.3850499999999,598.3850499999999,598.3850499999999,0.0,0.0,10168.558657685187,0.0
2025-10-06,0,7,1:10-1:20,584.0657,0.0,0.4466,0.4266727678571427,23.91626666666673,43.062112499999884,607.9819666666667,607.9819666666667,607.9819666666667,0.0,0.0,10168.558657685187,0.0
2025-10-06,0,8,1:20-1:30,589.21,0.0,0.4732,0.4528901785714286,16.271666666666704,67.44037499999988,605.4816666666668,605.4816666666668,605.4816666666668,0.0,0.0,10168.558657685187,0.0
2025-10-06,0,9,1:30-1:40,582.4402,0.0,0.4345,0.41254732142857137,21.297149999999988,82.45445595238078,603.73735,603.73735,603.73735,0.0,0.0,10168.558657685187,0.0
2025-10-06,0,10,1:40-1:50,563.7492833333333,0.0,0.4239,0.4007433035714287,18.049350000000004,62.94501785714253,581.7986333333333,581.7986333333333,581.7986333333333,0.0,0.0,10168.558657685187,0.0
2025-10-06,0,11,1:50-2:00,557.0683333333333,0.0,0.4514,0.4288986607142857,14.146666666666704,55.93802083333327,571.2149999999999,571.2149999999999,571.2149999999999,0.0,0.0,10168.558657685187,0.0
2025-10-06,0,12,2:00-2:10,589.0029333333333,0.0,0.4406,0.4206834821428571,25.5542333333334,42.368764285714164,614.5571666666667,614.5571666666667,614.5571666666667,0.0,0.0,10168.558657685187,0.0
2025-10-06,0,13,2:10-2:20,609.5006999999999,0.0,0.462,0.44188928571428576,25.540849999999978,40.10852916666663,635.0415499999999,635.0415499999999,635.0415499999999,0.0,0.0,10168.558657685187,0.0
2025-10-06,0,14,2:20-2:30,599.7666666666667,0.0,0.5005,0.47953437499999996,12.270000000000095,51.78960416666652,505.3338747499981,505.3338747499981,505.3338747499981,0.0,106.70279191666867,10050.0,0.0
2025-10-06,0,15,2:30-2:40,588.5258166666666,0.0,0.4664,0.4504138392857143,16.144666666666637,50.20769999999999,604.6704833333333,604.6704833333333,604.6704833333333,0.0,0.0,10050.0,0.0
2025-10-06,0,16,2:40-2:50,591.7545166666666,0.0,0.4609,0.4479,20.984916666666663,59.5160916666666,612.7394333333333,612.7394333333333,612.7394333333333,0.0,0.0,10050.0,0.0
2025-10-06,0,17,2:50-3:00,618.13,0.0,0.4888,0.4746026785714286,27.12833333333333,54.708529166666665,645.2583333333333,645.2583333333333,645.2583333333333,0.0,0.0,10050.0,0.0
2025-10-06,0,18,3:00-3:10,655.8551333333332,0.0,0.4525,0.4381276785714286,35.02526666666665,56.22866130952379,690.8803999999999,690.8803999999999,690.8803999999999,0.0,0.0,10050.0,0.0
2025-10-06,0,19,3:10-3:20,630.5660166666667,0.0,0.4242,0.4089084821428573,21.378066666666655,75.28104999999995,651.9440833333333,651.9440833333333,651.9440833333333,0.0,0.0,10050.0,0.0
2025-10-06,0,20,3:20-3:30,568.5416666666666,0.0,0.431,0.41457455357142864,14.675000000000068,46.91287559523812,583.2166666666667,583.2166666666667,583.2166666666667,0.0,0.0,10050.0,0.0
2025-10-06,0,21,3:30-3:40,573.4812833333333,0.0,0.4253,0.4104580357142856,17.248833333333323,55.07099821428571,590.7301166666666,590.7301166666666,590.7301166666666,0.0,0.0,10050.0,0.0
2025-10-06,0,22,3:40-3:50,596.4590333333333,0.0,0.4164,0.40201696428571415,18.882066666666674,46.611332142857066,615.3411,615.3411,615.3411,0.0,0.0,10050.0,0.0
2025-10-06,0,23,3:50-4:00,610.0016666666667,0.0,0.425,0.40947366071428565,23.43500000000006,23.817499999999967,633.4366666666667,633.4366666666667,633.4366666666667,0.0,0.0,10050.0,0.0
2025-10-06,0,24,4:00-4:10,632.5145833333333,0.0,0.4566,0.44232812500000007,19.524783333333346,34.110822023809575,652.0393666666666,652.0393666666666,652.0393666666666,0.0,0.0,10050.0,0.0
2025-10-06,0,25,4:10-4:20,625.2383666666666,7.619047619047617e-05,0.4703,0.4607955357142858,27.99879999999996,32.41064107142864,653.2370904761904,653.2370904761904,653.2370904761904,0.0,0.0,10050.0,0.0
2025-10-06,0,26,4:20-4:30,599.6616666666666,0.0,0.4524,0.44634508928571426,21.12000000000006,69.10902857142855,620.7816666666668,620.7816666666668,620.7816666666668,0.0,0.0,10050.0,0.0
2025-10-06,0,27,4:30-4:40,609.23375,0.0003,0.4291,0.4193321428571428,29.347885714285667,82.46819345238103,638.5813357142856,638.5813357142856,638.5813357142856,0.0,0.0,10050.0,0.0
2025-10-06,0,28,4:40-4:50,616.3478333333333,0.0013857142857142857,0.4286,0.4181147321428571,28.242933333333326,98.89978154761886,644.5893809523809,644.5893809523809,644.5893809523809,0.0,0.0,10050.0,0.0
2025-10-06,0,29,4:50-5:00,603.9283333333333,0.0,0.4468,0.43878705357142833,20.348333333333358,99.30351666666658,624.2766666666666,624.2766666666666,624.2766666666666,0.0,0.0,10050.0,0.0
2025-10-06,0,30,5:00-5:10,596.74005,0.004195238095238094,0.4537,0.44260491071428565,21.903735714285745,130.9608678571428,618.6395904761905,618.6395904761905,618.6395904761905,0.0,0.0,10050.0,0.0
2025-10-06,0,31,5:10-5:20,609.2664333333332,0.019316666666666663,0.4453,0.43666294642857145,19.992983333333314,151.92906845238087,629.2400999999999,629.2400999999999,629.2400999999999,0.0,0.0,10050.0,0.0
2025-10-06,0,32,5:20-5:30,616.6316666666667,0.0,0.4053,0.40594151785714283,31.437083333333362,234.57943869047625,648.06875,648.06875,648.06875,0.0,0.0,10050.0,0.0
2025-10-06,0,33,5:30-5:40,597.4065833333333,0.05842142857142857,0.3708,0.37679955357142864,26.572440476190536,427.73065892857096,1457.2539357142855,1457.2539357142855,1457.2539357142855,833.3333333333333,0.0,10800.0,0.0
2025-10-06,0,34,5:40-5:50,680.26235,0.2690666666666666,0.6446,0.6528808035714284,26.829340476190453,507.5762559523804,706.8226238095239,706.8226238095239,706.8226238095239,0.0,-0.0,10800.0,0.0
2025-10-06,0,35,5:50-6:00,829.1416666666667,0.0,1.0402,1.0504566964285715,41.587619047619114,525.2851815476185,37.39595238095251,37.39595238095251,37.39595238095251,0.0,833.3333333333333,9874.074074074075,0.0
2025-10-06,0,36,6:00-6:10,862.9605833333333,3.699242857142857,1.0329,1.0455017857142852,40.40620476190469,570.7263327380952,66.3342119047619,66.3342119047619,66.3342119047619,0.0,833.3333333333333,8948.14814814815,0.0
2025-10-06,0,37,6:10-6:20,829.3952333333333,29.645864285714286,0.9511,0.9633169642857141,42.09227380952382,619.7080714285714,8.508309523809544,8.508309523809544,8.508309523809544,0.0,833.3333333333333,8022.2222222222235,0.0
2025-10-06,0,38,6:20-6:30,795.8916666666667,80.02767857142857,0.9656,0.976363392857143,36.051250000000095,656.161531547619,0.0,0.0,0.0,0.0,751.9152380952382,7186.760846560847,0.0
2025-10-06,0,39,6:30-6:40,785.4819,133.29031666666666,0.9285,0.9412526785714286,44.873371428571545,635.8592845238095,0.0,0.0,0.0,0.0,697.0649547619049,6412.244230158731,0.0
2025-10-06,0,40,6:40-6:50,801.0465166666665,188.03697380952377,0.9181,0.9300120535714287,49.55339999999998,739.8239886904762,0.0,0.0,0.0,0.0,662.5629428571428,5676.063182539683,0.0
2025-10-06,0,41,6:50-7:00,816.2149999999999,245.66071428571428,0.9204,0.9297656250000002,48.70892857142843,795.0594863095237,0.0,0.0,0.0,0.0,619.2632142857142,4987.992944444445,0.0
2025-10-06,0,42,7:00-7:10,799.7166666666667,305.43401190476186,0.8346,0.8471906249999999,52.02557380952362,772.1114940476192,546.3082285714285,546.3082285714285,546.3082285714285,0.0,0.0,4987.992944444445,0.0
2025-10-06,0,43,7:10-7:20,796.2266999999999,367.32762857142853,0.8137,0.8278049107142856,59.905659523809504,765.3834607142861,488.8047309523809,488.8047309523809,488.8047309523809,0.0,0.0,4987.992944444445,0.0
2025-10-06,0,44,7:20-7:30,800.315,428.41339285714287,0.8214,0.8320008928571428,62.56488095238109,789.3417767857146,434.46648809523833,434.46648809523833,434.46648809523833,0.0,0.0,4987.992944444445,0.0
2025-10-06,0,45,7:30-7:40,786.2959999999999,484.7528023809523,0.71,0.7163379464285713,60.743007142856925,780.5484285714292,843.1239538800712,843.1239538800712,843.1239538800712,480.83774911816664,0.0,5420.746918650795,0.0
2025-10-06,0,46,7:40-7:50,912.7218333333333,540.7737071428571,0.8773,0.881020982142857,53.31222142857132,754.5376619047622,425.2603476190475,425.2603476190475,425.2603476190475,0.0,0.0,5420.746918650795,0.0
2025-10-06,0,47,7:50-8:00,1107.62,603.2821428571427,1.2209,1.2229290178571426,51.91803571428568,727.2439327380954,0.0,0.0,0.0,0.0,556.2558928571428,4802.684815476192,0.0
2025-10-06,0,48,8:00-8:10,1121.0047666666665,673.9894238095238,1.2122,1.2112017857142856,41.41404285714299,701.9191410714287,0.0,0.0,0.0,0.0,488.42938571428556,4259.985498015874,0.0
2025-10-06,0,49,8:10-8:20,1093.1649333333332,734.2089428571427,1.1599,1.1562531249999997,65.67844285714284,667.8790726190475,0.0,0.0,0.0,0.0,424.6344333333335,3788.169460978837,0.0
2025-10-06,0,50,8:20-8:30,1104.4383333333333,782.7026785714285,1.2007,1.1977316964285714,66.49863095238084,691.0575809523812,0.0,0.0,0.0,0.0,388.23428571428565,3356.7980324074083,0.0
2025-10-06,0,51,8:30-8:40,1095.8191166666666,836.3268166666664,1.1498,1.1514035714285715,80.91542380952387,669.0784458333341,0.0,0.0,0.0,0.0,340.407723809524,2978.5672281746038,0.0
2025-10-06,0,52,8:40-8:50,1091.2094333333332,894.0535666666666,1.0852,1.0861955357142858,76.81365714285721,619.683388095238,0.0,0.0,0.0,0.0,273.9695238095238,2674.156646164022,0.0
2025-10-06,0,53,8:50-9:00,1091.8016666666667,948.8303571428571,1.0516,1.048528125,102.73238095238088,599.7379541666671,0.0,0.0,0.0,0.0,245.70369047619056,2401.1525456349214,0.0
2025-10-06,0,54,9:00-9:10,1069.3080166666666,996.0717309523809,1.0081,1.0075888392857144,96.82401904761903,587.248797619048,0.0,0.0,0.0,0.0,170.06030476190472,2212.196651455027,0.0
2025-10-06,0,55,9:10-9:20,1056.9749,1045.5822595238094,0.9829,0.9827290178571431,89.85923333333342,544.3275755952384,0.0,0.0,0.0,0.0,101.25187380952389,2099.6945694444453,0.0
2025-10-06,0,56,9:20-9:30,1073.2233333333334,1094.7955357142855,0.9877,0.9867964285714287,101.92500000000032,558.9569851190479,0.0,0.0,0.0,0.0,80.35279761904826,2010.4136832010583,0.0
2025-10-06,0,57,9:30-9:40,1098.80045,1132.423919047619,0.9971,0.9999879464285711,103.69031428571436,568.8960642857143,0.0,0.0,0.0,0.0,70.06684523809531,1932.561632936508,0.0
2025-10-06,0,58,9:40-9:50,1089.1781999999998,1175.0404476190477,0.9804,0.9583959821428574,98.72694523809514,590.0746886904763,0.0,0.0,0.0,0.0,12.86469761904732,1918.2675244708998,0.0
2025-10-06,0,59,9:50-10:00,1052.9366666666665,1219.3830357142856,0.9427,0.8817633928571428,97.75178571428546,631.6443517857151,0.0,0.0,0.0,68.69458333333364,0.0,1980.0926494709001,0.0
2025-10-06,0,60,10:00-10:10,1043.9343166666665,1245.6558928571426,0.9173,0.8548883928571428,96.33378809523781,702.0833845238101,0.0,0.0,0.0,105.3877880952382,0.0,2074.9416587566147,0.0
2025-10-06,0,61,10:10-10:20,1060.55035,1274.861726190476,0.903,0.8459919642857144,87.70036904761916,733.0286142857146,0.0,0.0,0.0,126.6110071428568,0.0,2188.8915651851858,0.0
2025-10-06,0,62,10:20-10:30,1081.315,1316.4223214285714,0.9232,0.858979017857143,85.28898809523784,731.2176994047619,0.0,0.0,0.0,149.8183333333336,0.0,2323.728065185186,0.0
2025-10-06,0,63,10:30-10:40,1086.2110833333331,1356.3799642857143,0.9742,0.9055017857142859,104.18307380952373,727.4302148809525,0.0,0.0,0.0,165.98580714285754,0.0,2473.115291613758,0.0
2025-10-06,0,64,10:40-10:50,1082.2837,1376.9346238095236,0.8293,0.7828049107142856,109.7551761904765,727.5141749999998,0.0,0.0,0.0,184.89574761904714,0.0,2639.5214644709004,0.0
2025-10-06,0,65,10:50-11:00,1081.8816666666667,1390.6892857142857,0.5562,0.5419562499999999,94.32755952380938,713.0958797619047,0.0,0.0,0.0,214.4800595238096,0.0,2832.553518042329,0.0
2025-10-06,0,66,11:00-11:10,1088.3164,1425.0757404761903,0.4693,0.4552785714285715,70.97718809523826,718.9343595238092,214.2082609053502,214.2082609053502,214.2082609053502,479.99041328630227,0.0,3264.544890000001,0.0
2025-10-06,0,67,11:10-11:20,1076.5879333333332,1444.6871738095235,0.4713,0.4500669642857141,90.40529523809516,695.7108375,555.6393880952382,555.6393880952382,555.6393880952382,833.3333333333333,0.0,4014.544890000001,0.0
2025-10-06,0,68,11:20-11:30,1054.59,1451.079464285714,0.4667,0.44584330357142854,101.29113095238085,692.1735416666668,538.135,538.135,538.135,833.3333333333333,0.0,4764.544890000001,0.0
2025-10-06,0,69,11:30-11:40,1049.6233166666666,1479.9538714285713,0.4612,0.43909732142857155,95.2195857142857,673.1938077380962,498.2223642857141,498.2223642857141,498.2223642857141,833.3333333333333,0.0,5514.544890000001,0.0
2025-10-06,0,70,11:40-11:50,1010.9519333333333,1493.8584738095237,0.4333,0.4093008928571429,111.53916666666663,705.3041761904764,461.9659595238095,461.9659595238095,461.9659595238095,833.3333333333333,0.0,6264.544890000001,0.0
2025-10-06,0,71,11:50-12:00,962.415,1489.3107142857139,0.398,0.3749049107142858,91.97511904761905,846.6394851190477,398.4127380952384,398.4127380952384,398.4127380952384,833.3333333333333,0.0,7014.544890000001,0.0
2025-10-06,0,72,12:00-12:10,983.52875,1501.317007142857,0.4038,0.3852629464285715,94.21039523809543,898.5872827380953,409.7554714285716,409.7554714285716,409.7554714285716,833.3333333333333,0.0,7764.544890000001,0.0
2025-10-06,0,73,12:10-12:20,1001.6871833333332,1508.597030952381,0.4511,0.4330075892857145,92.0838357142859,960.1806821428571,418.50732142857146,418.50732142857146,418.50732142857146,833.3333333333333,0.0,8514.544890000001,0.0
2025-10-06,0,74,12:20-12:30,979.4516666666666,1500.6589285714285,0.4881,0.46668794642857137,93.82970238095243,997.5511916666667,0.0,0.0,0.0,427.3775595238094,0.0,8899.18469357143,0.0
2025-10-06,0,75,12:30-12:40,959.7486666666666,1487.958938095238,0.4807,0.46000133928571424,93.09122857142842,977.6477839285717,0.0,0.0,0.0,435.11904285714286,0.0,9290.791832142859,0.0
2025-10-06,0,76,12:40-12:50,1005.2752666666667,1463.539845238095,0.6114,0.5922607142857144,76.4277142857145,933.0622172619051,0.0,0.0,0.0,381.836864285714,0.0,9634.445010000001,0.0
2025-10-06,0,77,12:50-13:00,1074.94,1428.4901785714285,0.822,0.8007517857142855,73.7593452380952,877.2451517857146,0.0,0.0,0.0,279.79083333333324,0.0,9886.256760000002,0.0
2025-10-06,0,78,13:00-13:10,1066.2600666666667,1391.7803999999999,0.8598,0.8325651785714288,59.675588095238254,824.8534255952384,0.0,0.0,0.0,265.8447452380949,0.0,10125.517030714287,0.0
2025-10-06,0,79,13:10-13:20,1058.2114333333334,1344.128938095238,0.869,0.8421982142857144,66.75075714285731,789.0662023809527,0.0,0.0,0.0,219.16674761904733,0.0,10322.76710357143,0.0
2025-10-06,0,80,13:20-13:30,1070.8066666666666,1292.8267857142857,0.9237,0.9066566964285716,65.61577380952366,712.2930863095239,0.0,0.0,0.0,156.4043452380954,0.0,10463.531014285716,0.0
2025-10-06,0,81,13:30-13:40,1046.0046,1257.4332976190476,0.9412,0.9316834821428573,84.5541785714285,608.2887708333333,0.0,0.0,0.0,126.87451904761906,0.0,10577.718081428573,0.0
2025-10-06,0,82,13:40-13:50,1032.5195166666667,1222.3835095238096,0.9021,0.8703540178571428,81.5161357142857,589.296395238095,0.0,0.0,0.0,108.34785714285726,0.0,10675.231152857144,0.0
2025-10-06,0,83,13:50-14:00,1036.715,1183.6160714285713,0.8653,0.7993821428571427,89.86053571428545,604.0648130952377,0.0,0.0,0.0,57.04053571428608,0.0,10726.567635000001,0.0
2025-10-06,0,84,14:00-14:10,1018.75825,1152.7552095238098,0.9096,0.8449763392857144,69.1698833333334,523.9827624999998,0.0,0.0,0.0,64.82707619047642,0.0,10784.91200357143,0.0
2025-10-06,0,85,14:10-14:20,1031.3617833333333,1122.3146928571427,0.9558,0.8982812499999998,74.18846904761904,501.1614208333332,0.0,0.0,0.0,16.76444047619043,0.0,10800.0,0.0
2025-10-06,0,86,14:20-14:30,1072.3083333333334,1084.8375,0.9902,0.9266580357142857,77.70190476190464,472.7698982142855,0.0,0.0,0.0,0.0,65.17273809523795,10727.585846560847,0.0
2025-10-06,0,87,14:30-14:40,1077.4508166666665,1038.8284023809524,1.0396,0.9710424107142858,75.02087619047657,409.89940714285694,0.0,0.0,0.0,0.0,113.64329047619071,10601.315523809524,0.0
2025-10-06,0,88,14:40-14:50,1050.8932666666665,986.5379761904761,0.8896,0.8398517857142856,65.62083333333322,387.3555767857139,0.0,0.0,0.0,0.0,129.97612380952353,10456.89760846561,0.0
2025-10-06,0,89,14:50-15:00,1028.78,931.7366071428571,0.6594,0.6404477678571429,71.11124999999998,354.93529345238034,549.3795223397988,549.3795223397988,549.3795223397988,381.2248794826559,0.0,10800.0,0.0
2025-10-06,0,90,15:00-15:10,1046.18235,877.5388023809523,0.7133,0.7018276785714287,51.981314285714234,284.558849404762,220.62486190476193,220.62486190476193,220.62486190476193,0.0,0.0,10800.0,0.0
2025-10-06,0,91,15:10-15:20,1077.4828499999999,822.1302904761903,0.8244,0.8129758928571427,57.20933809523814,218.17859107142752,312.5618976190476,312.5618976190476,312.5618976190476,0.0,-0.0,10800.0,0.0
2025-10-06,0,92,15:20-15:30,1082.8383333333331,768.1321428571429,0.8247,0.815290625,76.39571428571412,221.57777261904712,391.1019047619044,391.1019047619044,391.1019047619044,0.0,-0.0,10800.0,0.0
2025-10-06,0,93,15:30-15:40,1046.8104166666667,719.7184166666667,0.7752,0.762919642857143,57.72837619047647,168.02305535714223,384.8203761904764,384.8203761904764,384.8203761904764,0.0,0.0,10800.0,0.0
2025-10-06,0,94,15:40-15:50,1043.0857999999998,665.1701666666667,0.8028,0.7891008928571426,51.430788095238256,169.8300785714282,429.3464214285715,429.3464214285715,429.3464214285715,0.0,0.0,10800.0,0.0
2025-10-06,0,95,15:50-16:00,1074.6116666666667,602.2294642857142,0.8892,0.8765915178571427,53.44386904761916,207.55145119047592,525.8260714285715,525.8260714285715,525.8260714285715,0.0,-0.0,10800.0,0.0
2025-10-06,0,96,16:00-16:10,1073.7072166666667,539.6707999999999,0.9101,0.8965852678571433,63.016883333333226,216.6268880952382,597.0533,597.0533,597.0533,0.0,-0.0,10800.0,0.0
2025-10-06,0,97,16:10-16:20,1061.0609333333332,476.6795404761905,0.9492,0.9404339285714289,69.08969047619041,188.99898095238103,653.471083333333,653.471083333333,653.471083333333,0.0,-0.0,10800.0,0.0
2025-10-06,0,98,16:20-16:30,1054.2266666666665,415.9830357142856,0.9926,0.9901910714285718,65.35190476190468,163.53568333333337,703.5955357142856,703.5955357142856,703.5955357142856,0.0,-0.0,10800.0,0.0
2025-10-06,0,99,16:30-16:40,1047.9895333333334,362.5258214285714,0.9445,0.9375013392857141,49.966326190476195,184.81347202380917,735.4300380952382,735.4300380952382,735.4300380952382,0.0,0.0,10800.0,0.0
2025-10-06,0,100,16:40-16:50,1050.837,306.28242857142857,0.9756,0.9653379464285713,34.06499761904769,153.0613446428568,778.6195690476192,778.6195690476192,778.6195690476192,0.0,0.0,10800.0,0.0
2025-10-06,0,101,16:50-17:00,1069.9966666666664,245.0580357142857,1.0743,1.0669482142857143,55.90863095238092,132.28171071428554,880.8472619047617,880.8472619047617,880.8472619047617,0.0,0.0,10800.0,0.0
2025-10-06,0,102,17:00-17:10,1095.7923833333332,186.7881642857143,1.0572,1.0515879464285716,42.23422857142853,114.72405178571384,951.2384476190474,951.2384476190474,951.2384476190474,0.0,0.0,10800.0,0.0
2025-10-06,0,103,17:10-17:20,1075.2591166666666,133.2286738095238,1.049,1.0429450892857142,38.17000476190492,99.83271369047628,980.2004476190477,980.2004476190477,980.2004476190477,0.0,0.0,10800.0,0.0
2025-10-06,0,104,17:20-17:30,1045.4466666666667,81.25803571428571,1.0922,1.0859825892857142,35.326249999999845,112.28168035714279,999.5148809523808,999.5148809523808,999.5148809523808,0.0,0.0,10800.0,0.0
2025-10-06,0,105,17:30-17:40,1073.7719166666666,30.479926190476185,1.1091,1.1052071428571426,35.826669047619134,67.41353809523812,1079.1186595238096,1079.1186595238096,1079.1186595238096,0.0,-0.0,10800.0,0.0
2025-10-06,0,106,17:40-17:50,960.0723833333333,3.795142857142857,1.1822,1.1774999999999998,31.174085714285695,57.98884285714277,987.4513261904762,987.4513261904762,987.4513261904762,0.0,0.0,10800.0,0.0
2025-10-06,0,107,17:50-18:00,756.5450000000001,0.0,1.2865,1.2774696428571428,29.599226190476315,79.66841249999985,0.0,0.0,0.0,0.0,786.1442261904764,9926.506415343914,0.0
2025-10-06,0,108,18:00-18:10,736.5195999999999,0.2819,1.2992,1.2874526785714289,13.660742857142964,82.75953928571417,0.0,0.0,0.0,0.0,749.8984428571429,9093.285923280422,0.0
2025-10-06,0,109,18:10-18:20,782.0402166666665,0.06493095238095238,1.3037,1.2893281250000004,29.47711190476184,50.77042976190495,0.0,0.0,0.0,0.0,811.4523976190475,8191.672148148147,0.0
2025-10-06,0,110,18:20-18:30,801.8683333333333,0.0,1.3354,1.318472767857143,50.26946428571421,54.722613690476464,18.80446428571429,18.80446428571429,18.80446428571429,0.0,833.3333333333333,7265.746222222221,0.0
2025-10-06,0,111,18:30-18:40,822.7584499999999,0.020238095238095236,1.345,1.3243276785714286,20.615599999999972,50.55597619047637,10.020478571428498,10.020478571428498,10.020478571428498,0.0,833.3333333333333,6339.820296296295,0.0
2025-10-06,0,112,18:40-18:50,831.8580666666667,0.004661904761904761,1.3462,1.3029249999999999,22.795019047618894,52.41168809523833,21.31509047619045,21.31509047619045,21.31509047619045,0.0,833.3333333333333,5413.894370370369,0.0
2025-10-06,0,113,18:50-19:00,819.9866666666667,0.0,1.3341,1.2628129464285716,25.47833333333324,49.07143273809547,420.6530476190489,420.6530476190489,420.6530476190489,0.0,424.811952380951,4941.88108994709,0.0
2025-10-06,0,114,19:00-19:10,798.7389833333333,0.0014523809523809524,1.2907,1.2199223214285715,26.556733333333227,55.01243988095203,825.2942642857141,825.2942642857141,825.2942642857141,0.0,0.0,4941.88108994709,0.0
2025-10-06,0,115,19:10-19:20,800.68295,0.0003333333333333334,1.2838,1.2181102678571432,31.901666666666642,61.506762499999866,832.5842833333334,832.5842833333334,832.5842833333334,0.0,0.0,4941.88108994709,0.0
2025-10-06,0,116,19:20-19:30,813.3299999999999,0.0,1.2907,1.220110714285714,42.401666666666756,39.584260119047514,855.7316666666667,855.7316666666667,855.7316666666667,0.0,0.0,4941.88108994709,0.0
2025-10-06,0,117,19:30-19:40,793.2652833333333,7.38095238095238e-05,1.2328,1.1567299107142859,30.820128571428768,49.7217571428572,824.0853380952383,824.0853380952383,824.0853380952383,0.0,0.0,4941.88108994709,0.0
2025-10-06,0,118,19:40-19:50,772.5959333333333,0.0,1.2498,1.1757058035714283,10.778449999999907,55.88398630952378,783.3743833333332,783.3743833333332,783.3743833333332,0.0,0.0,4941.88108994709,0.0
2025-10-06,0,119,19:50-20:00,772.9766666666666,0.0,1.3334,1.2651736607142856,28.12333333333345,40.56063809523792,0.0,0.0,0.0,0.0,801.1,4051.7699788359787,0.0
2025-10-06,0,120,20:00-20:10,786.3126833333333,0.0,1.3322,1.263324107142857,23.82991666666669,61.25560773809514,0.0,0.0,0.0,0.0,810.1426,3151.6115343915344,0.0
2025-10-06,0,121,20:10-20:20,805.1784166666666,0.0,1.3337,1.2633736607142858,18.89516428571426,74.68220238095239,0.0,0.0,0.0,0.0,824.0735809523809,2235.974222222222,0.0
2025-10-06,0,122,20:20-20:30,825.6416666666667,0.0,1.3651,1.2930624999999998,17.79166666666663,78.59991249999999,10.100000000000023,10.100000000000023,10.100000000000023,0.0,833.3333333333333,1310.048296296296,0.0
2025-10-06,0,123,20:30-20:40,838.9537166666667,0.0,1.3354,1.259913839285714,27.468583333333413,57.86642916666659,866.4223000000001,866.4223000000001,866.4223000000001,0.0,0.0,1310.048296296296,0.0
2025-10-06,0,124,20:40-20:50,808.5144333333333,0.0,1.1719,1.1170066964285714,22.55681666666669,72.46452499999975,831.07125,831.07125,831.07125,0.0,0.0,1310.048296296296,0.0
2025-10-06,0,125,20:50-21:00,768.2083333333333,0.0,0.9728,0.9499504464285716,13.016666666666765,99.04346666666646,788.7926234567901,788.7926234567901,788.7926234567901,7.5676234567900895,0.0,1316.859157407407,0.0
2025-10-06,0,126,21:00-21:10,788.16345,0.0,0.9282,0.9070455357142858,14.344900000000052,105.17324166666648,802.5083500000001,802.5083500000001,802.5083500000001,0.0,0.0,1316.859157407407,0.0
2025-10-06,0,127,21:10-21:20,780.3543999999999,0.0,0.9449,0.9167741071428572,26.428916666666737,83.3824166666667,806.7833166666667,806.7833166666667,806.7833166666667,0.0,0.0,1316.859157407407,0.0
2025-10-06,0,128,21:20-21:30,770.9366666666666,0.0,0.9886,0.9605857142857142,24.04833333333329,81.28794583333321,794.9849999999999,794.9849999999999,794.9849999999999,0.0,0.0,1316.859157407407,0.0
2025-10-06,0,129,21:30-21:40,849.4694333333333,0.0,1.0603,1.0336174107142857,28.93528333333336,75.75953333333318,841.4499791666669,841.4499791666669,841.4499791666669,0.0,36.95473749999976,1275.798337962963,0.0
2025-10-06,0,130,21:40-21:50,758.1956333333333,0.0,0.807,0.7799214285714287,35.69796666666673,68.2185041666666,788.9733125,788.9733125,788.9733125,0.0,4.920287499999949,1270.3313518518519,0.0
2025-10-06,0,131,21:50-22:00,545.5716666666666,0.0,0.3951,0.36757812500000003,19.988333333333344,63.29821666666666,1398.8933333333332,1398.8933333333332,1398.8933333333332,833.3333333333333,0.0,2020.3313518518519,0.0
2025-10-06,0,132,22:00-22:10,536.4400666666667,0.0,0.3794,0.3540790178571431,11.18621666666661,55.153579166666844,1380.9596166666665,1380.9596166666665,1380.9596166666665,833.3333333333333,0.0,2770.3313518518517,0.0
2025-10-06,0,133,22:10-22:20,589.1425999999999,0.0,0.4466,0.41911562500000016,13.661849999999959,43.205687500000096,1436.1377833333331,1436.1377833333331,1436.1377833333331,833.3333333333333,0.0,3520.3313518518517,0.0
2025-10-06,0,134,22:20-22:30,598.4766666666667,0.0,0.4244,0.3921691964285715,27.039999999999964,51.793637500000045,1458.85,1458.85,1458.85,833.3333333333333,0.0,4270.331351851852,0.0
2025-10-06,0,135,22:30-22:40,608.3004999999999,0.0,0.4559,0.42533482142857143,21.33215000000007,58.02810833333335,884.820036831276,884.820036831276,884.820036831276,255.18738683127594,0.0,4500.0,0.0
2025-10-06,0,136,22:40-22:50,627.7281499999999,0.0,0.4893,0.46008348214285705,29.204516666666677,35.4957625000001,656.9326666666666,656.9326666666666,656.9326666666666,0.0,0.0,4500.0,0.0
2025-10-06,0,137,22:50-23:00,625.5883333333334,0.0,0.4796,0.45142723214285746,31.576666666666597,70.25356666666676,657.165,657.165,657.165,0.0,0.0,4500.0,0.0
2025-10-06,0,138,23:00-23:10,573.57885,0.0,0.4467,0.42538035714285716,24.648683333333338,98.35090833333334,598.2275333333333,598.2275333333333,598.2275333333333,0.0,0.0,4500.0,0.0
2025-10-06,0,139,23:10-23:20,568.5581666666667,0.0,0.4315,0.41102857142857135,18.814049999999952,79.39987500000007,1420.70555,1420.70555,1420.70555,833.3333333333333,0.0,5250.0,0.0
2025-10-06,0,140,23:20-23:30,607.2049999999999,0.0,0.4422,0.4174883928571429,31.328333333333376,47.60654166666657,1471.8666666666666,1471.8666666666666,1471.8666666666666,833.3333333333333,0.0,6000.0,0.0
2025-10-06,0,141,23:30-23:40,597.6105,0.0,0.4567,0.43485223214285723,18.10699999999997,40.20117499999991,615.7175,615.7175,615.7175,0.0,0.0,6000.0,0.0
2025-10-06,0,142,23:40-23:50,615.3725999999999,0.0,0.4793,0.45643482142857145,31.924633333333418,39.19182916666665,647.2972333333333,647.2972333333333,647.2972333333333,0.0,0.0,6000.0,0.0
2025-10-06,0,143,23:50-24:00,658.0266666666666,0.0,0.4838,0.45645714285714284,22.97166666666658,34.55166666666676,680.9983333333332,680.9983333333332,680.9983333333332,0.0,0.0,6000.0,0.0
2025-10-07,0,0,0:00-0:10,636.6617333333334,0.0,0.4387,0.41638035714285715,24.172483333333275,58.54644583333341,660.8342166666666,660.8342166666666,660.8342166666666,0.0,0.0,8837.210598478838,0.0
2025-10-07,0,1,0:10-0:20,600.2866333333333,0.0,0.435,0.4134098214285714,14.830983333333393,47.201645833333174,615.1176166666667,615.1176166666667,615.1176166666667,0.0,0.0,8837.210598478838,0.0
2025-10-07,0,2,0:20-0:30,591.7583333333333,0.0,0.4695,0.4443459821428571,18.645000000000095,41.0612041666665,0.0,0.0,0.0,0.0,610.4033333333334,8158.984672552911,0.0
2025-10-07,0,3,0:30-0:40,604.8842999999999,0.0,0.4485,0.4260491071428572,16.485849999999914,51.72064166666662,621.3701499999999,621.3701499999999,621.3701499999999,0.0,0.0,8158.984672552911,0.0
2025-10-07,0,4,0:40-0:50,606.9718166666667,0.0,0.4142,0.3917138392857142,19.60598333333337,65.42515416666642,626.5778,626.5778,626.5778,0.0,0.0,8158.984672552911,0.0
2025-10-07,0,5,0:50-1:00,600.9083333333333,0.0,0.4084,0.38254017857142847,17.34333333333342,54.102708333333254,618.2516666666668,618.2516666666668,618.2516666666668,0.0,0.0,8158.984672552911,0.0
2025-10-07,0,6,1:00-1:10,613.3643333333333,0.0,0.4248,0.4013455357142856,23.679666666666662,54.4287833333332,637.044,637.044,637.044,0.0,0.0,8158.984672552911,0.0
2025-10-07,0,7,1:10-1:20,601.8834833333333,0.0,0.4107,0.38972857142857137,22.527400000000057,39.649633333333426,624.4108833333333,624.4108833333333,624.4108833333333,0.0,0.0,8158.984672552911,0.0
2025-10-07,0,8,1:20-1:30,568.0833333333333,0.0,0.3733,0.3521861607142856,16.271666666666704,67.33089166666659,1018.8164749412095,1018.8164749412095,1018.8164749412095,434.46147494120953,0.0,8550.0,0.0
2025-10-07,0,9,1:30-1:40,560.2512833333333,0.0,0.369,0.34807410714285725,21.297149999999988,81.12998928571422,1414.8817666666664,1414.8817666666664,1414.8817666666664,833.3333333333333,0.0,9300.0,0.0
2025-10-07,0,10,1:40-1:50,566.5112333333333,0.0,0.3689,0.34693214285714286,18.15883333333329,58.528084523809426,1418.0033999999998,1418.0033999999998,1418.0033999999998,833.3333333333333,0.0,10050.0,0.0
2025-10-07,0,11,1:50-2:00,568.6816666666666,0.0,0.3695,0.3470093749999999,16.796666666666624,52.53302083333344,1418.8116666666665,1418.8116666666665,1418.8116666666665,833.3333333333333,0.0,10800.0,0.0
2025-10-07,0,12,2:00-2:10,566.1088,0.0,0.4002,0.38118392857142874,25.5542333333334,41.816280952380865,591.6630333333334,591.6630333333334,591.6630333333334,0.0,0.0,10800.0,0.0
2025-10-07,0,13,2:10-2:20,588.0037833333333,0.0,0.4327,0.41380714285714293,25.540849999999978,39.35352916666672,613.5446333333333,613.5446333333333,613.5446333333333,0.0,0.0,10800.0,0.0
2025-10-07,0,14,2:20-2:30,612.0833333333333,0.0,0.4348,0.41447053571428566,13.276666666666642,49.76105000000004,625.3599999999999,625.3599999999999,625.3599999999999,0.0,0.0,10800.0,0.0
2025-10-07,0,15,2:30-2:40,588.5220166666666,0.0,0.4015,0.38702098214285713,16.144666666666637,48.491883333333305,604.6666833333331,604.6666833333331,604.6666833333331,0.0,0.0,10800.0,0.0
2025-10-07,0,16,2:40-2:50,588.54775,0.0,0.3854,0.37394776785714284,22.700733333333346,57.92841249999992,611.2484833333333,611.2484833333333,611.2484833333333,-0.0,0.0,10800.0,0.0
2025-10-07,0,17,2:50-3:00,618.6016666666667,0.0,0.4052,0.39174508928571433,27.12833333333333,55.2210791666667,645.73,645.73,645.73,-0.0,0.0,10800.0,0.0
2025-10-07,0,18,3:00-3:10,613.5052,0.0,0.4307,0.41779821428571434,34.67196666666655,46.46669166666673,648.1771666666665,648.1771666666665,648.1771666666665,0.0,0.0,10800.0,0.0
2025-10-07,0,19,3:10-3:20,602.9105999999999,0.0,0.4333,0.4198803571428572,21.010483333333354,75.44029999999988,623.9210833333333,623.9210833333333,623.9210833333333,0.0,0.0,10800.0,0.0
2025-10-07,0,20,3:20-3:30,607.5966666666666,0.0,0.4193,0.4040299107142858,14.88333333333344,46.70454226190475,622.48,622.48,622.48,-0.0,0.0,10800.0,0.0
2025-10-07,0,21,3:30-3:40,614.5644833333333,0.0,0.4198,0.4054750000000001,17.248833333333323,55.07099821428571,631.8133166666667,631.8133166666667,631.8133166666667,-0.0,0.0,10800.0,0.0
2025-10-07,0,22,3:40-3:50,611.2017666666666,0.0,0.4273,0.41338035714285715,18.882066666666674,46.611332142857066,630.0838333333332,630.0838333333332,630.0838333333332,0.0,0.0,10800.0,0.0
2025-10-07,0,23,3:50-4:00,607.3483333333334,0.0,0.4415,0.42694821428571433,23.43500000000006,23.817499999999967,630.7833333333334,630.7833333333334,630.7833333333334,0.0,0.0,10800.0,0.0
2025-10-07,0,24,4:00-4:10,621.3798833333333,0.0,0.468,0.45518258928571426,19.524783333333346,34.3935720238095,640.9046666666666,640.9046666666666,640.9046666666666,0.0,0.0,10800.0,0.0
2025-10-07,0,25,4:10-4:20,620.3540499999999,0.00012857142857142858,0.4685,0.4595026785714286,27.99879999999996,32.78764107142854,648.3527214285713,648.3527214285713,648.3527214285713,0.0,0.0,10800.0,0.0
2025-10-07,0,26,4:20-4:30,614.7083333333333,0.0,0.4673,0.460459375,21.12000000000006,69.48602857142845,635.8283333333334,635.8283333333334,635.8283333333334,0.0,0.0,10800.0,0.0
2025-10-07,0,27,4:30-4:40,646.74315,0.00014523809523809522,0.5205,0.5109049107142858,28.97088571428577,85.40776964285723,675.7138904761905,675.7138904761905,675.7138904761905,0.0,0.0,10800.0,0.0
2025-10-07,0,28,4:40-4:50,662.8361666666666,0.002116666666666667,0.5248,0.5157089285714286,28.242933333333326,101.46235773809516,0.0,0.0,0.0,0.0,691.0769833333333,10032.136685185185,0.0
2025-10-07,0,29,4:50-5:00,640.0416666666666,0.0,0.4684,0.46192098214285726,20.348333333333358,105.97376369047626,660.39,660.39,660.39,0.0,0.0,10032.136685185185,0.0
2025-10-07,0,30,5:00-5:10,610.8812499999999,0.002028571428571428,0.4445,0.43468705357142856,22.17401666666666,139.14574285714292,633.0532380952379,633.0532380952379,633.0532380952379,0.0,0.0,10032.136685185185,0.0
2025-10-07,0,31,5:10-5:20,606.3004166666666,0.029485714285714285,0.4392,0.43264330357142855,19.992983333333314,160.38422440476194,626.2639142857142,626.2639142857142,626.2639142857142,0.0,0.0,10032.136685185185,0.0
2025-10-07,0,32,5:20-5:30,603.1283333333333,0.0,0.414,0.41745044642857143,27.6599404761904,260.56186488095267,650.63640138154,650.63640138154,650.63640138154,19.848127572016285,0.0,10050.0,0.0
2025-10-07,0,33,5:30-5:40,569.1957666666666,0.028228571428571426,0.3902,0.39715178571428555,26.572440476190536,451.3785017857142,1429.0733119047618,1429.0733119047618,1429.0733119047618,833.3333333333333,0.0,10800.0,0.0
2025-10-07,0,34,5:40-5:50,639.3603166666667,0.4107023809523809,0.5961,0.6035933035714286,26.829340476190453,531.2240988095236,665.7789547619049,665.7789547619049,665.7789547619049,-0.0,0.0,10800.0,0.0
2025-10-07,0,35,5:50-6:00,776.0749999999999,0.0,0.9187,0.9283290178571428,41.587619047619114,548.9330244047618,664.5254662142863,664.5254662142863,664.5254662142863,0.0,153.13715283333275,10629.847607962964,0.0
2025-10-07,0,36,6:00-6:10,792.6224833333333,2.380297619047619,0.9835,0.9967843749999998,40.40620476190469,595.7618988095239,0.0,0.0,0.0,0.0,830.6483904761905,9706.904951878307,0.0
2025-10-07,0,37,6:10-6:20,761.9606666666666,26.29851666666666,0.9374,0.9508910714285717,42.09227380952382,644.7436375000001,0.0,0.0,0.0,0.0,777.7544238095238,8842.733369867725,0.0
2025-10-07,0,38,6:20-6:30,764.6516666666666,77.48839285714286,0.9213,0.932667410714286,39.036845238095225,681.1970976190478,0.0,0.0,0.0,0.0,726.200119047619,8035.844348703703,0.0
2025-10-07,0,39,6:30-6:40,805.0387999999999,132.28770476190476,0.9313,0.9437267857142857,44.873371428571545,663.8804458333334,0.0,0.0,0.0,0.0,717.6244666666666,7238.483830185184,0.0
2025-10-07,0,40,6:40-6:50,824.3218333333332,188.12607380952377,0.9458,0.9569861607142857,49.55339999999998,766.9200011904765,0.0,0.0,0.0,0.0,685.7491595238095,6476.540319603174,0.0
2025-10-07,0,41,6:50-7:00,817.5883333333333,245.44107142857143,0.9494,0.9583964285714286,48.70892857142843,822.1554988095239,0.0,0.0,0.0,0.0,620.8561904761902,5786.700107962963,0.0
2025-10-07,0,42,7:00-7:10,826.3431999999999,303.58509047619043,0.9304,0.9430946428571427,52.02557380952362,799.2075065476195,0.0,0.0,0.0,0.0,574.7836833333331,5148.051570925926,0.0
2025-10-07,0,43,7:10-7:20,805.1499166666667,365.99336190476185,0.8599,0.8728410714285711,59.905659523809504,793.8671964285718,499.0622142857144,499.0622142857144,499.0622142857144,0.0,0.0,5148.051570925926,0.0
2025-10-07,0,44,7:20-7:30,764.8083333333334,430.6008928571428,0.7518,0.7599772321428572,60.01857142857153,817.8255125000003,394.22601190476206,394.22601190476206,394.22601190476206,0.0,0.0,5148.051570925926,0.0
2025-10-07,0,45,7:30-7:40,788.7702833333333,490.40154047619046,0.7035,0.7097544642857143,58.032166666666626,806.4858547619053,1189.7342428571428,1189.7342428571428,1189.7342428571428,833.3333333333333,0.0,5898.051570925926,0.0
2025-10-07,0,46,7:40-7:50,930.2733166666667,545.194357142857,0.9382,0.9433013392857144,53.31222142857132,777.7642476190481,0.0,0.0,0.0,0.0,438.391180952381,5410.950258756614,0.0
2025-10-07,0,47,7:50-8:00,1099.8766666666666,605.4285714285713,1.2728,1.2754642857142855,51.91803571428568,750.4705184523813,0.0,0.0,0.0,0.0,546.3661309523809,4803.876779920635,0.0
2025-10-07,0,48,8:00-8:10,1133.8029833333333,680.564930952381,1.2643,1.263904017857143,41.41404285714299,725.1457267857145,0.0,0.0,0.0,0.0,494.65209523809517,4254.2633407671965,0.0
2025-10-07,0,49,8:10-8:20,1105.37045,742.152088095238,1.1657,1.1625071428571427,65.67844285714284,691.1056583333334,0.0,0.0,0.0,0.0,428.8968047619046,3777.711335476191,0.0
2025-10-07,0,50,8:20-8:30,1089.565,787.4205357142856,1.1552,1.1518424107142857,66.49863095238084,714.2841666666669,0.0,0.0,0.0,0.0,368.64309523809527,3368.107896322752,0.0
2025-10-07,0,51,8:30-8:40,1093.2570833333332,841.6009809523808,1.1604,1.1606446428571426,80.91542380952387,692.3050315476198,0.0,0.0,0.0,0.0,332.5715261904762,2998.583978333334,0.0
2025-10-07,0,52,8:40-8:50,1089.3309833333333,900.9555238095237,1.1283,1.1270852678571424,66.4316714285714,642.9099738095238,0.0,0.0,0.0,0.0,254.80713095238104,2715.4649439417994,0.0
2025-10-07,0,53,8:50-9:00,1091.7266666666665,955.4848214285713,1.1047,1.0999553571428573,96.67386904761912,623.1486773809524,0.0,0.0,0.0,0.0,232.91571428571422,2456.6697058465616,0.0
2025-10-07,0,54,9:00-9:10,1133.9243,1000.9524166666666,1.1651,1.1657285714285714,96.82401904761903,604.6946000000002,0.0,0.0,0.0,0.0,229.79590238095227,2201.340925423281,0.0
2025-10-07,0,55,9:10-9:20,1136.3687333333332,1049.9969047619047,1.1461,1.1472790178571426,86.3660023809523,561.0876910714288,0.0,0.0,0.0,0.0,172.73783095238082,2009.4100021428578,0.0
2025-10-07,0,56,9:20-9:30,1091.17,1103.442857142857,1.0351,1.033489732142857,100.4824404761905,572.8159654761903,0.0,0.0,0.0,0.0,88.20958333333351,1911.3993539947094,0.0
2025-10-07,0,57,9:30-9:40,1070.3884666666665,1150.0540595238094,0.9846,0.9873825892857143,103.69031428571436,570.83995297619,0.0,0.0,0.0,0.0,24.02472142857141,1884.7052190740744,0.0
2025-10-07,0,58,9:40-9:50,1065.1283833333332,1193.9636595238094,0.9671,0.9450187499999998,98.72694523809514,592.018577380952,0.0,0.0,0.0,30.10833095238104,0.0,1911.8027169312174,0.0
2025-10-07,0,59,9:50-10:00,1069.915,1232.8919642857143,0.9667,0.9044709821428573,95.90148809523816,626.3648458333339,0.0,0.0,0.0,67.07547619047614,0.0,1972.170645502646,0.0
2025-10-07,0,60,10:00-10:10,1091.3077666666666,1259.9505428571429,0.9985,0.9353723214285719,96.33378809523781,694.9535809523816,0.0,0.0,0.0,72.30898809523842,0.0,2037.2487347883607,0.0
2025-10-07,0,61,10:10-10:20,1087.5144666666665,1290.891757142857,0.9723,0.916217857142857,87.70036904761916,725.8988107142862,0.0,0.0,0.0,115.67692142857118,0.0,2141.357964074075,0.0
2025-10-07,0,62,10:20-10:30,1062.7933333333333,1332.4785714285713,0.9273,0.8646678571428577,85.28898809523784,726.6173946428573,0.0,0.0,0.0,184.39625000000024,0.0,2307.3145890740752,0.0
2025-10-07,0,63,10:30-10:40,1062.5874833333332,1373.5329690476192,0.9659,0.8974299107142861,104.18307380952373,723.4394904761898,0.0,0.0,0.0,206.7624119047623,0.0,2493.4007597883615,0.0
2025-10-07,0,64,10:40-10:50,1064.7957166666665,1391.9611666666665,0.833,0.7872370535714286,109.7551761904765,718.1382184523809,0.0,0.0,0.0,217.41027380952346,0.0,2689.0700062169326,0.0
2025-10-07,0,65,10:50-11:00,1060.6966666666667,1403.855357142857,0.5791,0.5670477678571427,94.32755952380938,704.9508869047619,0.0,0.0,0.0,248.83113095238082,0.0,2913.018024074075,0.0
2025-10-07,0,66,11:00-11:10,1065.0513333333333,1444.1254785714284,0.5285,0.5145915178571429,70.97718809523826,712.6906559523806,0.0,0.0,0.0,308.0969571428568,0.0,3190.3052855026463,0.0
2025-10-07,0,67,11:10-11:20,1064.3828666666666,1463.0625023809525,0.5281,0.5063714285714286,82.85338095238092,686.8453535714286,0.0,0.0,0.0,315.82625476190515,0.0,3474.548914788361,0.0
2025-10-07,0,68,11:20-11:30,1071.1299999999999,1460.3562499999998,0.4984,0.4791888392857143,94.75488095238128,675.7561434523811,538.8619642857145,538.8619642857145,538.8619642857145,833.3333333333333,0.0,4224.548914788361,0.0
2025-10-07,0,69,11:30-11:40,1101.48805,1484.3538476190474,0.5185,0.4991308035714285,95.2195857142857,649.4744505952397,259.02026134626647,259.02026134626647,259.02026134626647,546.6664732510284,0.0,4716.548740714286,0.0
2025-10-07,0,70,11:40-11:50,1060.3960666666667,1496.3186666666666,0.5135,0.49273392857142845,111.53916666666663,681.5848190476199,508.94990000000007,508.94990000000007,508.94990000000007,833.3333333333333,0.0,5466.548740714286,0.0
2025-10-07,0,71,11:50-12:00,983.3083333333334,1487.1232142857139,0.4631,0.4434486607142859,94.67660714285682,822.9201279761912,424.19505952380973,424.19505952380973,424.19505952380973,833.3333333333333,0.0,6216.548740714286,0.0
2025-10-07,0,72,12:00-12:10,1002.5500166666667,1490.1324166666666,0.4257,0.40972008928571435,102.08970476190495,877.5694136904766,447.8406380952383,447.8406380952383,447.8406380952383,833.3333333333333,0.0,6966.548740714286,0.0
2025-10-07,0,73,12:10-12:20,1009.1777833333333,1500.187769047619,0.3931,0.3756683035714287,95.21683809523824,947.042122619048,437.5401857142858,437.5401857142858,437.5401857142858,833.3333333333333,0.0,7716.548740714286,0.0
2025-10-07,0,74,12:20-12:30,969.3633333333333,1505.2946428571427,0.3589,0.3370415178571429,93.82970238095243,987.5456345238099,391.23172619047637,391.23172619047637,391.23172619047637,833.3333333333333,0.0,8466.548740714286,0.0
2025-10-07,0,75,12:30-12:40,968.9324499999999,1497.543538095238,0.3666,0.34682678571428566,102.07584047619025,967.6422267857149,406.79808571428543,406.79808571428543,406.79808571428543,833.3333333333333,0.0,9216.548740714286,0.0
2025-10-07,0,76,12:40-12:50,1021.3814,1472.357407142857,0.5666,0.5479129464285714,77.44865952380951,932.04127202381,0.0,0.0,0.0,373.52734761904753,0.0,9552.72335357143,0.0
2025-10-07,0,77,12:50-13:00,1069.6149999999998,1436.4991071428572,0.8439,0.8214500000000001,73.7593452380952,877.2451517857146,0.0,0.0,0.0,293.1247619047622,0.0,9816.535639285716,0.0
2025-10-07,0,78,13:00-13:10,1043.07675,1400.8216309523807,0.9014,0.8749727678571428,59.675588095238254,824.8534255952384,0.0,0.0,0.0,298.0692928571425,0.0,10084.798002857144,0.0
2025-10-07,0,79,13:10-13:20,1018.1044499999999,1351.6731761904762,0.8761,0.8514120535714284,66.75075714285731,789.0662023809527,0.0,0.0,0.0,266.81796904761904,0.0,10324.934175,0.0
2025-10-07,0,80,13:20-13:30,1034.0,1298.9642857142858,0.8999,0.8837700892857142,65.61577380952366,712.2930863095239,0.0,0.0,0.0,199.34851190476206,0.0,10504.347835714287,0.0
2025-10-07,0,81,13:30-13:40,1056.6611666666665,1268.4443904761904,0.9661,0.9566566964285713,84.5541785714285,608.2887708333333,0.0,0.0,0.0,127.2290452380953,0.0,10618.853976428572,0.0
2025-10-07,0,82,13:40-13:50,1057.0003333333334,1231.6926571428571,0.9871,0.9567223214285715,81.5161357142857,589.296395238095,0.0,0.0,0.0,93.1761880952381,0.0,10702.712545714287,0.0
2025-10-07,0,83,13:50-14:00,1038.7483333333332,1184.9098214285714,0.9609,0.898085267857143,89.86053571428545,604.0648130952377,0.0,0.0,0.0,56.30095238095282,0.0,10753.383402857144,0.0
2025-10-07,0,84,14:00-14:10,1032.2797166666664,1153.245819047619,0.9659,0.9032906250000002,69.1698833333334,523.9827624999998,0.0,0.0,0.0,51.79621904761916,0.0,10800.0,0.0
2025-10-07,0,85,14:10-14:20,1049.9952333333333,1124.1710642857142,0.9843,0.9277883928571427,74.18846904761904,501.1614208333332,0.0,0.0,0.0,0.0,0.012638095238116875,10799.985957671957,0.0
2025-10-07,0,86,14:20-14:30,1064.0633333333333,1086.467857142857,1.0197,0.9571785714285712,77.70190476190464,472.7698982142855,0.0,0.0,0.0,0.0,55.29738095238099,10738.544423280422,0.0
2025-10-07,0,87,14:30-14:40,1035.3840166666666,1040.5168547619048,1.071,1.0028388392857142,75.02087619047657,409.89940714285694,0.0,0.0,0.0,0.0,69.88803809523847,10660.891047619047,0.0
2025-10-07,0,88,14:40-14:50,1018.8292666666666,988.4679476190477,0.9448,0.896102232142857,65.62083333333322,387.3555767857139,0.0,0.0,0.0,0.0,95.98215238095213,10554.24421164021,0.0
2025-10-07,0,89,14:50-15:00,1034.96,932.6758928571427,0.7231,0.706023214285714,71.11124999999998,354.93529345238034,173.39535714285728,173.39535714285728,173.39535714285728,0.0,0.0,10554.24421164021,0.0
2025-10-07,0,90,15:00-15:10,1049.0662166666666,875.6408166666668,0.7076,0.6957580357142857,51.981314285714234,284.558849404762,498.4687013521465,498.4687013521465,498.4687013521465,273.06198706643244,0.0,10800.0,0.0
2025-10-07,0,91,15:10-15:20,1039.55245,820.7973738095238,0.7868,0.7734781250000002,57.20933809523814,218.17859107142752,275.96441428571416,275.96441428571416,275.96441428571416,0.0,0.0,10800.0,0.0
2025-10-07,0,92,15:20-15:30,1021.1816666666666,769.399107142857,0.8343,0.8237754464285715,76.39571428571412,221.57777261904712,328.1782738095237,328.1782738095237,328.1782738095237,0.0,0.0,10800.0,0.0
2025-10-07,0,93,15:30-15:40,1027.2514999999999,719.1782857142857,0.8342,0.8217781249999998,57.72837619047647,168.02305535714223,365.80159047619054,365.80159047619054,365.80159047619054,0.0,0.0,10800.0,0.0
2025-10-07,0,94,15:40-15:50,1036.6135666666667,663.7221857142856,0.843,0.8293839285714287,51.430788095238256,169.8300785714282,424.32216904761935,424.32216904761935,424.32216904761935,0.0,0.0,10800.0,0.0
2025-10-07,0,95,15:50-16:00,1040.905,601.8875,0.8851,0.8725196428571431,53.44386904761916,207.55145119047592,492.4613690476192,492.4613690476192,492.4613690476192,0.0,-0.0,10800.0,0.0
2025-10-07,0,96,16:00-16:10,1050.2722166666667,538.0536023809523,0.9352,0.9223004464285713,63.016883333333226,216.6268880952382,575.2354976190477,575.2354976190477,575.2354976190477,0.0,-0.0,10800.0,0.0
2025-10-07,0,97,16:10-16:20,1043.6276833333332,473.6782666666666,0.9682,0.9597830357142857,69.08969047619041,188.99898095238103,639.0391071428569,639.0391071428569,639.0391071428569,0.0,-0.0,10800.0,0.0
2025-10-07,0,98,16:20-16:30,1031.435,411.7848214285714,0.9737,0.9711535714285714,65.35190476190468,163.53568333333337,685.0020833333333,685.0020833333333,685.0020833333333,0.0,-0.0,10800.0,0.0
2025-10-07,0,99,16:30-16:40,1047.1905666666667,355.3700023809523,0.9639,0.9581138392857145,49.966326190476195,184.81347202380917,741.7868904761905,741.7868904761905,741.7868904761905,0.0,0.0,10800.0,0.0
2025-10-07,0,100,16:40-16:50,1059.5296833333332,298.1645547619048,0.9847,0.9757714285714287,34.06499761904769,153.0613446428568,795.4301261904761,795.4301261904761,795.4301261904761,0.0,-0.0,10800.0,0.0
2025-10-07,0,101,16:50-17:00,1057.335,238.38928571428573,1.0278,1.0204562500000003,55.90863095238092,132.28171071428554,874.8543452380952,874.8543452380952,874.8543452380952,0.0,0.0,10800.0,0.0
2025-10-07,0,102,17:00-17:10,1057.1410833333332,180.62852857142855,1.0458,1.040365178571429,42.23422857142853,114.72405178571384,918.7467833333332,918.7467833333332,918.7467833333332,0.0,0.0,10800.0,0.0
2025-10-07,0,103,17:10-17:20,1041.1747166666667,127.39578809523809,1.0785,1.0732647321428572,38.17000476190492,103.32897619047614,951.9489333333335,951.9489333333335,951.9489333333335,0.0,-0.0,10800.0,0.0
2025-10-07,0,104,17:20-17:30,1043.6033333333332,76.18125,1.126,1.1206111607142857,35.326249999999845,112.28168035714279,1002.7483333333331,1002.7483333333331,1002.7483333333331,0.0,0.0,10800.0,0.0
2025-10-07,0,105,17:30-17:40,1096.5324666666666,26.305285714285716,1.1531,1.1494111607142856,35.826669047619134,71.5650833333332,1106.05385,1106.05385,1106.05385,0.0,0.0,10800.0,0.0
2025-10-07,0,106,17:40-17:50,994.0064833333332,2.286892857142857,1.2269,1.2218174107142858,31.174085714285695,59.95469107142844,1022.8936761904761,1022.8936761904761,1022.8936761904761,0.0,0.0,10800.0,0.0
2025-10-07,0,107,17:50-18:00,785.6183333333333,0.0,1.3029,1.2931008928571426,29.599226190476315,80.32369523809507,0.0,0.0,0.0,0.0,815.2175595238097,9894.202711640211,0.0
2025-10-07,0,108,18:00-18:10,747.9256666666666,0.4040333333333333,1.2674,1.2543200892857147,13.660742857142964,83.41482202380939,0.0,0.0,0.0,0.0,761.1823761904762,9048.444515873016,0.0
2025-10-07,0,109,18:10-18:20,804.3060166666667,0.028230952380952377,1.2675,1.251216517857143,29.47711190476184,52.06738928571434,833.7548976190476,833.7548976190476,833.7548976190476,0.0,0.0,9048.444515873016,0.0
2025-10-07,0,110,18:20-18:30,829.4833333333332,0.0,1.3215,1.3030589285714282,47.64833333333331,62.785639880952886,43.79833333333329,43.79833333333329,43.79833333333329,0.0,833.3333333333333,8122.51858994709,0.0
2025-10-07,0,111,18:30-18:40,780.67515,0.029007142857142856,1.3058,1.2854209821428573,20.615599999999972,62.00367500000033,0.0,0.0,0.0,0.0,801.2617428571428,7232.2277645502645,0.0
2025-10-07,0,112,18:40-18:50,766.8477333333333,0.0020261904761904757,1.3088,1.264880357142857,22.795019047618894,54.46222202380966,0.0,0.0,0.0,0.0,789.640726190476,6354.8491798941795,0.0
2025-10-07,0,113,18:50-19:00,802.905,0.0,1.3368,1.2626558035714288,25.47833333333324,53.05350952380962,0.0,0.0,0.0,0.0,828.3833333333332,5434.423253968253,0.0
2025-10-07,0,114,19:00-19:10,800.6268333333334,0.002080952380952381,1.303,1.231163392857143,25.735950000000116,60.64617738095228,826.3607023809525,826.3607023809525,826.3607023809525,0.0,0.0,5434.423253968253,0.0
2025-10-07,0,115,19:10-19:20,784.18235,0.00014523809523809522,1.2912,1.2240062500000002,27.413014285714212,71.26261369047631,811.595219047619,811.595219047619,811.595219047619,0.0,0.0,5434.423253968253,0.0
2025-10-07,0,116,19:20-19:30,779.5733333333333,0.0,1.3217,1.248044642857143,37.569999999999936,45.86784642857165,817.1433333333332,817.1433333333332,817.1433333333332,0.0,0.0,5434.423253968253,0.0
2025-10-07,0,117,19:30-19:40,781.7423333333332,0.00011904761904761905,1.3282,1.25365,29.077999999999975,51.46388571428599,369.44461904761954,369.44461904761954,369.44461904761954,0.0,441.37559523809466,4944.005925925926,0.0
2025-10-07,0,118,19:40-19:50,774.4917499999999,0.0,1.329,1.2580758928571427,10.778449999999907,56.040298214285684,0.0,0.0,0.0,0.0,785.2701999999998,4071.4834814814817,0.0
2025-10-07,0,119,19:50-20:00,790.5016666666667,0.0,1.3356,1.267231696428571,28.12333333333345,41.07412499999981,0.0,0.0,0.0,0.0,818.6250000000001,3161.900148148148,0.0
2025-10-07,0,120,20:00-20:10,864.7444833333334,0.0,1.3316,1.2615058035714288,23.35368333333338,61.880855357142764,54.76483333333351,54.76483333333351,54.76483333333351,0.0,833.3333333333333,2235.974222222222,0.0
2025-10-07,0,121,20:10-20:20,846.2781333333334,0.0,1.3079,1.236576339285714,18.746149999999943,74.8312166666667,865.0242833333333,865.0242833333333,865.0242833333333,0.0,0.0,2235.974222222222,0.0
2025-10-07,0,122,20:20-20:30,772.5566666666666,0.0,1.3131,1.2403910714285709,17.79166666666663,78.59991249999999,790.3483333333332,790.3483333333332,790.3483333333332,0.0,0.0,2235.974222222222,0.0
2025-10-07,0,123,20:30-20:40,827.0441000000001,0.0,1.3781,1.302740625,27.468583333333413,57.86642916666659,21.179350000000227,21.179350000000227,21.179350000000227,0.0,833.3333333333333,1310.048296296296,0.0
2025-10-07,0,124,20:40-20:50,845.4676999999999,0.0,1.2593,1.2048785714285712,22.55681666666669,72.46452499999975,868.0245166666666,868.0245166666666,868.0245166666666,0.0,0.0,1310.048296296296,0.0
2025-10-07,0,125,20:50-21:00,801.0683333333333,0.0,1.0235,1.0008852678571427,13.016666666666765,99.04346666666646,821.6526234567901,821.6526234567901,821.6526234567901,7.5676234567900895,0.0,1316.859157407407,0.0
2025-10-07,0,126,21:00-21:10,829.5019166666666,0.0,0.9892,0.9682200892857145,14.344900000000052,105.17324166666648,843.8468166666667,843.8468166666667,843.8468166666667,0.0,0.0,1316.859157407407,0.0
2025-10-07,0,127,21:10-21:20,815.6447499999999,0.0,0.976,0.947784375,26.428916666666737,83.3824166666667,842.0736666666667,842.0736666666667,842.0736666666667,0.0,0.0,1316.859157407407,0.0
2025-10-07,0,128,21:20-21:30,754.3583333333332,0.0,0.9443,0.9155580357142857,24.04833333333329,81.28794583333321,778.4066666666665,778.4066666666665,778.4066666666665,0.0,0.0,1316.859157407407,0.0
2025-10-07,0,129,21:30-21:40,757.6260833333333,0.0,1.0038,0.9758285714285713,28.93528333333336,75.75953333333318,751.9798791666669,751.9798791666669,751.9798791666669,0.0,34.58148749999975,1278.4352824074074,0.0
2025-10-07,0,130,21:40-21:50,712.5415666666665,0.0,0.8065,0.7784187499999999,35.69796666666673,70.59175416666656,741.7370791666665,741.7370791666665,741.7370791666665,0.0,6.502454166666757,1271.2103333333332,0.0
2025-10-07,0,131,21:50-22:00,614.6266666666667,0.0,0.4545,0.42648660714285713,19.988333333333344,64.08929999999998,634.615,634.615,634.615,0.0,0.0,1271.2103333333332,0.0
2025-10-07,0,132,22:00-22:10,583.2495666666666,0.0,0.424,0.3975125,11.18621666666661,41.143487499999964,848.6465240740741,848.6465240740741,848.6465240740741,254.21074074074087,0.0,1500.0,0.0
2025-10-07,0,133,22:10-22:20,570.12985,0.0,0.4325,0.4032602678571428,10.497516666666684,46.37002083333337,580.6273666666667,580.6273666666667,580.6273666666667,0.0,0.0,1500.0,0.0
2025-10-07,0,134,22:20-22:30,557.6266666666667,0.0,0.3697,0.336015625,27.039999999999964,51.793637500000045,1418.0,1418.0,1418.0,833.3333333333333,0.0,2250.0,0.0
2025-10-07,0,135,22:30-22:40,580.7992333333333,0.0,0.4163,0.3849330357142858,21.33215000000007,60.026366666666675,1435.4647166666666,1435.4647166666666,1435.4647166666666,833.3333333333333,0.0,3000.0,0.0
2025-10-07,0,136,22:40-22:50,590.9339833333333,0.0,0.4492,0.41894107142857157,26.937599999999975,42.05726666666675,617.8715833333333,617.8715833333333,617.8715833333333,0.0,0.0,3000.0,0.0
2025-10-07,0,137,22:50-23:00,584.8116666666666,0.0,0.4207,0.39109107142857136,28.6633333333333,73.98989583333332,1446.8083333333332,1446.8083333333332,1446.8083333333332,833.3333333333333,0.0,3750.0,0.0
2025-10-07,0,138,23:00-23:10,605.6095499999999,0.0,0.4172,0.39573214285714275,24.648683333333338,101.16369166666664,1463.5915666666665,1463.5915666666665,1463.5915666666665,833.3333333333333,0.0,4500.0,0.0
2025-10-07,0,139,23:10-23:20,615.5565166666667,0.0,0.4395,0.41957723214285725,18.814049999999952,82.21265833333337,634.3705666666666,634.3705666666666,634.3705666666666,0.0,0.0,4500.0,0.0
2025-10-07,0,140,23:20-23:30,612.4416666666666,0.0,0.4582,0.43342053571428574,31.328333333333376,50.41932499999987,643.77,643.77,643.77,0.0,0.0,4500.0,0.0
2025-10-07,0,141,23:30-23:40,628.6197833333333,0.0,0.4464,0.42409196428571433,15.29421666666667,43.01395833333321,643.914,643.914,643.914,0.0,0.0,4500.0,0.0
2025-10-07,0,142,23:40-23:50,611.99295,0.0,0.4175,0.3941986607142857,31.924633333333418,39.19182916666665,1477.2509166666666,1477.2509166666666,1477.2509166666666,833.3333333333333,0.0,5250.0,0.0
2025-10-07,0,143,23:50-24:00,566.7533333333333,0.0,0.4052,0.37802589285714283,22.97166666666658,34.55166666666676,1423.0583333333332,1423.0583333333332,1423.0583333333332,833.3333333333333,0.0,6000.0,0.0
2025-10-08,0,0,0:00-0:10,556.0798666666667,0.0,0.4344,0.41328392857142854,24.172483333333275,58.580062500000125,580.25235,580.25235,580.25235,0.0,0.0,9044.123345853175,0.0
2025-10-08,0,1,0:10-0:20,567.6071499999999,0.0,0.454,0.43256651785714295,14.797366666666676,47.23526249999989,582.4045166666666,582.4045166666666,582.4045166666666,0.0,0.0,9044.123345853175,0.0
2025-10-08,0,2,0:20-0:30,583.0366666666666,0.0,0.4361,0.4096205357142857,18.645000000000095,38.739033333333154,601.6816666666667,601.6816666666667,601.6816666666667,0.0,0.0,9044.123345853175,0.0
2025-10-08,0,3,0:30-0:40,593.0527999999999,0.0,0.4025,0.3808834821428572,16.485849999999914,50.9293416666667,893.8460434964719,893.8460434964719,893.8460434964719,284.30739349647206,0.0,9300.0,0.0
2025-10-08,0,4,0:40-0:50,571.7437333333332,0.0,0.3988,0.3780477678571427,19.60598333333337,61.06241666666668,1424.6830499999999,1424.6830499999999,1424.6830499999999,833.3333333333333,0.0,10050.0,0.0
2025-10-08,0,5,0:50-1:00,550.6266666666667,0.0,0.421,0.3953776785714286,17.34333333333342,54.102708333333254,567.97,567.97,567.97,0.0,0.0,10050.0,0.0
2025-10-08,0,6,1:00-1:10,585.1299333333333,0.0,0.422,0.3987616071428572,23.679666666666662,53.90357083333319,608.8095999999999,608.8095999999999,608.8095999999999,0.0,0.0,10050.0,0.0
2025-10-08,0,7,1:10-1:20,584.9490166666667,0.0,0.4028,0.3832334821428572,22.527400000000057,32.64651666666654,607.4764166666668,607.4764166666668,607.4764166666668,0.0,0.0,10050.0,0.0
2025-10-08,0,8,1:20-1:30,548.74,0.0,0.3941,0.3752214285714287,22.446666666666715,58.04220833333321,1404.52,1404.52,1404.52,833.3333333333333,0.0,10800.0,0.0
2025-10-08,0,9,1:30-1:40,565.9926166666667,0.0,0.4203,0.40100178571428563,24.410833333333358,79.58960178571411,590.40345,590.40345,590.40345,0.0,0.0,10800.0,0.0
2025-10-08,0,10,1:40-1:50,587.8254833333333,0.0,0.4194,0.3986281250000001,18.15883333333329,63.22338869047584,605.9843166666666,605.9843166666666,605.9843166666666,0.0,0.0,10800.0,0.0
2025-10-08,0,11,1:50-2:00,588.1483333333333,0.0,0.4125,0.3911665178571429,16.895000000000095,52.43468749999997,605.0433333333334,605.0433333333334,605.0433333333334,0.0,0.0,10800.0,0.0
2025-10-08,0,12,2:00-2:10,592.9743833333333,0.0,0.4716,0.45291651785714293,25.5542333333334,43.414160119047494,618.5286166666667,618.5286166666667,618.5286166666667,0.0,0.0,10800.0,0.0
2025-10-08,0,13,2:10-2:20,601.3899833333332,0.0,0.4623,0.4435544642857141,25.540849999999978,38.29612916666662,626.9308333333332,626.9308333333332,626.9308333333332,0.0,0.0,10800.0,0.0
2025-10-08,0,14,2:20-2:30,599.1033333333332,0.0,0.4004,0.38116383928571423,13.276666666666642,51.143895833333175,612.3799999999999,612.3799999999999,612.3799999999999,-0.0,0.0,10800.0,0.0
2025-10-08,0,15,2:30-2:40,579.7278666666666,0.0,0.4395,0.42706026785714285,17.55453333333344,48.78883749999986,597.2824,597.2824,597.2824,0.0,0.0,10800.0,0.0
2025-10-08,0,16,2:40-2:50,589.2689166666667,0.0,0.479,0.469436607142857,22.700733333333346,53.265320833333305,611.96965,611.96965,611.96965,0.0,0.0,10800.0,0.0
2025-10-08,0,17,2:50-3:00,613.3866666666667,0.0,0.4769,0.4640620535714287,25.803333333333285,46.11358750000005,639.1899999999999,639.1899999999999,639.1899999999999,0.0,0.0,10800.0,0.0
2025-10-08,0,18,3:00-3:10,594.6935833333333,0.0,0.4894,0.4758767857142856,29.25638333333336,52.14747499999994,623.9499666666667,623.9499666666667,623.9499666666667,0.0,0.0,10800.0,0.0
2025-10-08,0,19,3:10-3:20,593.8502833333333,0.0,0.4699,0.45617276785714295,21.010483333333354,76.50109999999997,614.8607666666667,614.8607666666667,614.8607666666667,0.0,0.0,10800.0,0.0
2025-10-08,0,20,3:20-3:30,615.4549999999999,0.0,0.4507,0.4355611607142857,14.675000000000068,47.765342261904834,630.13,630.13,630.13,0.0,0.0,10800.0,0.0
2025-10-08,0,21,3:30-3:40,603.2895833333333,0.0,0.5109,0.4948991071428572,16.39636666666661,55.92346488095242,0.0,0.0,0.0,0.0,619.6859499999999,10111.460055555555,0.0
2025-10-08,0,22,3:40-3:50,600.6265333333333,0.0,0.5021,0.48808303571428574,18.882066666666674,46.611332142857066,564.1945500000003,564.1945500000003,564.1945500000003,0.0,55.31404999999977,10050.0,0.0
2025-10-08,0,23,3:50-4:00,613.4816666666666,0.0,0.4266,0.4150718749999999,23.43500000000006,23.817499999999967,636.9166666666666,636.9166666666666,636.9166666666666,0.0,0.0,10050.0,0.0
2025-10-08,0,24,4:00-4:10,605.8254666666667,0.0,0.4347,0.4220174107142857,19.524783333333346,36.52957202380959,625.35025,625.35025,625.35025,0.0,0.0,10050.0,0.0
2025-10-08,0,25,4:10-4:20,622.0894499999999,0.00017142857142857143,0.4389,0.42835848214285716,27.99879999999996,32.41064107142864,650.0880785714285,650.0880785714285,650.0880785714285,0.0,0.0,10050.0,0.0
2025-10-08,0,26,4:20-4:30,643.98,0.0,0.4142,0.40734107142857134,21.12000000000006,69.70254166666663,665.1000000000001,665.1000000000001,665.1000000000001,0.0,0.0,10050.0,0.0
2025-10-08,0,27,4:30-4:40,605.5253333333333,3.80952380952381e-05,0.432,0.4218303571428571,29.347885714285667,88.438798809524,634.8731809523808,634.8731809523808,634.8731809523808,0.0,0.0,10050.0,0.0
2025-10-08,0,28,4:40-4:50,580.6887166666667,0.0027142857142857142,0.4541,0.44337008928571425,28.242933333333326,105.8661208333332,608.9289357142857,608.9289357142857,608.9289357142857,0.0,0.0,10050.0,0.0
2025-10-08,0,29,4:50-5:00,600.0116666666667,0.0,0.4492,0.4412227678571428,17.123333333333335,104.41871250000011,617.135,617.135,617.135,0.0,0.0,10050.0,0.0
2025-10-08,0,30,5:00-5:10,619.9130833333334,0.0005309523809523809,0.4331,0.4228254464285711,21.903735714285745,132.92868273809532,641.8162880952382,641.8162880952382,641.8162880952382,0.0,0.0,10050.0,0.0
2025-10-08,0,31,5:10-5:20,618.0896,0.0378047619047619,0.4627,0.4560049107142858,19.992983333333314,153.8968833333334,638.0447785714285,638.0447785714285,638.0447785714285,0.0,0.0,10050.0,0.0
2025-10-08,0,32,5:20-5:30,589.2066666666666,0.0,0.4622,0.46533080357142864,26.448630952380938,234.96150773809566,615.6552976190476,615.6552976190476,615.6552976190476,0.0,0.0,10050.0,0.0
2025-10-08,0,33,5:30-5:40,564.3711333333333,0.00738095238095238,0.3548,0.3623446428571429,26.572440476190536,425.0880851190477,1424.2695261904762,1424.2695261904762,1424.2695261904762,833.3333333333333,0.0,10800.0,0.0
2025-10-08,0,34,5:40-5:50,667.3087833333333,0.5265738095238094,0.5986,0.6073107142857143,28.15698571428561,511.4749982142858,694.9391952380951,694.9391952380951,694.9391952380951,0.0,-0.0,10800.0,0.0
2025-10-08,0,35,5:50-6:00,816.4716666666666,0.0,1.0273,1.0377808035714284,41.587619047619114,530.5115690476191,24.725952380952435,24.725952380952435,24.725952380952435,0.0,833.3333333333333,9874.074074074075,0.0
2025-10-08,0,36,6:00-6:10,798.51275,1.3854428571428574,0.9897,1.0033758928571426,40.40620476190469,579.201955952381,4.200178571428523,4.200178571428523,4.200178571428523,0.0,833.3333333333333,8948.14814814815,0.0
2025-10-08,0,37,6:10-6:20,776.9922833333333,23.63675714285714,0.9102,0.925019642857143,42.09227380952382,628.1836946428573,0.0,0.0,0.0,0.0,795.4477999999999,8064.317259259261,0.0
2025-10-08,0,38,6:20-6:30,804.3466666666666,75.38214285714285,0.9631,0.9767446428571428,39.564642857142644,664.6371547619048,0.0,0.0,0.0,0.0,768.5291666666664,7210.395962962965,0.0
2025-10-08,0,39,6:30-6:40,774.1450166666666,131.43665714285714,0.893,0.9057995535714284,44.873371428571545,647.848300595238,0.0,0.0,0.0,0.0,687.581730952381,6446.416261904764,0.0
2025-10-08,0,40,6:40-6:50,770.3847999999999,188.44720476190474,0.8281,0.8379178571428573,49.55339999999998,747.328805952381,631.4909952380951,631.4909952380951,631.4909952380951,0.0,0.0,6446.416261904764,0.0
2025-10-08,0,41,6:50-7:00,800.8966666666666,246.28124999999994,0.834,0.841642857142857,48.70892857142843,804.7725285714287,0.0,0.0,0.0,0.0,603.324345238095,5776.055878306881,0.0
2025-10-08,0,42,7:00-7:10,782.5256166666666,304.1903047619047,0.8294,0.841290625,52.02557380952362,781.8245363095242,382.7380107142833,382.7380107142833,382.7380107142833,0.0,147.6228750000022,5612.030461640212,0.0
2025-10-08,0,43,7:10-7:20,769.0861333333334,366.71279285714286,0.8022,0.81474375,59.905659523809504,784.8870547619051,462.279,462.279,462.279,0.0,0.0,5612.030461640212,0.0
2025-10-08,0,44,7:20-7:30,774.4849999999999,433.03214285714284,0.7397,0.7475500000000002,62.56488095238109,808.8453708333336,404.0177380952382,404.0177380952382,404.0177380952382,0.0,0.0,5612.030461640212,0.0
2025-10-08,0,45,7:30-7:40,776.5941666666665,496.1453642857142,0.6759,0.6817741071428571,58.032166666666626,800.052022619048,338.48096904761894,338.48096904761894,338.48096904761894,0.0,0.0,5612.030461640212,0.0
2025-10-08,0,46,7:40-7:50,901.2104666666667,551.7057238095238,0.889,0.8940968749999999,53.31222142857132,771.3304154761908,0.0,0.0,0.0,0.0,402.8169642857142,5164.456056878307,0.0
2025-10-08,0,47,7:50-8:00,1082.6916666666666,609.9008928571428,1.2084,1.2116982142857144,51.91803571428568,744.0366863095242,0.0,0.0,0.0,0.0,524.7088095238095,4581.446268518519,0.0
2025-10-08,0,48,8:00-8:10,1107.2542666666666,683.6299952380951,1.1592,1.159532142857143,41.41404285714299,718.7118946428574,0.0,0.0,0.0,0.0,465.03831428571436,4064.737030423281,0.0
2025-10-08,0,49,8:10-8:20,1080.7907833333334,743.150130952381,1.0714,1.068345089285714,65.67844285714284,684.6718261904763,0.0,0.0,0.0,0.0,403.3190952380951,3616.604702380953,0.0
2025-10-08,0,50,8:20-8:30,1083.335,786.5625,1.0945,1.0905343750000005,67.79351190476189,714.0891720238103,0.0,0.0,0.0,0.0,364.56601190476204,3211.531355820106,0.0
2025-10-08,0,51,8:30-8:40,1090.4413666666665,842.0129047619048,1.0471,1.0466584821428573,85.90043571428566,697.7478142857154,0.0,0.0,0.0,0.0,334.32889761904744,2840.0548029100532,0.0
2025-10-08,0,52,8:40-8:50,1092.8457166666667,903.3821547619048,0.9706,0.9693540178571427,76.81365714285721,640.5845863095236,0.0,0.0,0.0,0.0,266.27721904761916,2544.1912261904763,0.0
2025-10-08,0,53,8:50-9:00,1084.2549999999999,959.6866071428572,0.9144,0.9096343749999999,102.42190476190484,624.3130559523819,0.0,0.0,0.0,0.0,226.99029761904762,2291.9797843915344,0.0
2025-10-08,0,54,9:00-9:10,1068.1027333333332,1007.8740023809523,0.8856,0.8844075892857143,96.82401904761903,605.9242958333346,0.0,0.0,0.0,0.0,157.05274999999983,2117.476728835979,0.0
2025-10-08,0,55,9:10-9:20,1090.9590833333332,1059.4219833333332,0.9222,0.9223241071428572,86.3660023809523,559.7059880952395,0.0,0.0,0.0,0.0,117.9031023809523,1986.473281746032,0.0
2025-10-08,0,56,9:20-9:30,1123.1316666666667,1113.7089285714285,0.9442,0.9437464285714284,99.9611904761905,579.7283797619054,0.0,0.0,0.0,0.0,109.38392857142867,1864.9355833333334,0.0
2025-10-08,0,57,9:30-9:40,1088.0320666666667,1159.4799476190474,0.8291,0.8313040178571426,94.96855952380952,585.985155357143,23.52067857142879,23.52067857142879,23.52067857142879,0.0,0.0,1864.9355833333334,0.0
2025-10-08,0,58,9:40-9:50,1065.5467166666667,1205.0431785714286,0.7817,0.7581187499999997,96.24492857142866,598.4420250000002,0.0,0.0,0.0,43.2515333333331,0.0,1903.8619633333333,0.0
2025-10-08,0,59,9:50-10:00,1079.7199999999998,1248.9946428571427,0.8447,0.7820946428571427,95.90148809523816,610.4805071428574,0.0,0.0,0.0,73.37315476190474,0.0,1969.8978026190475,0.0
2025-10-08,0,60,10:00-10:10,1074.6235,1280.7920738095238,0.853,0.7890160714285716,88.16244523809505,677.136215476192,0.0,0.0,0.0,118.00612857142892,0.0,2076.1033183333334,0.0
2025-10-08,0,61,10:10-10:20,1057.7421333333332,1312.0473261904763,0.794,0.7363379464285714,87.70036904761916,699.9101023809538,0.0,0.0,0.0,166.60482380952385,0.0,2226.047659761905,0.0
2025-10-08,0,62,10:20-10:30,1045.1466666666665,1351.1151785714283,0.746,0.6818477678571427,85.28898809523784,700.628686309525,0.0,0.0,0.0,220.67952380952397,0.0,2424.6592311904765,0.0
2025-10-08,0,63,10:30-10:40,1045.7575833333333,1391.635630952381,0.7704,0.7006441964285713,104.18307380952373,703.5416136904767,0.0,0.0,0.0,241.69497380952407,0.0,2642.184707619048,0.0
2025-10-08,0,64,10:40-10:50,1071.4305833333333,1406.4002976190477,0.6735,0.6264924107142856,100.92227619047594,691.781504166667,0.0,0.0,0.0,234.04743809523848,0.0,2852.8274019047626,0.0
2025-10-08,0,65,10:50-11:00,1095.0316666666665,1412.65625,0.4598,0.4465977678571429,94.32755952380938,675.8811047619054,0.0,0.0,0.0,223.29702380952403,0.0,3053.7947233333343,0.0
2025-10-08,0,66,11:00-11:10,1072.5500666666667,1452.7597785714288,0.3414,0.3270200892857143,79.66298095238102,695.3169309523812,212.98927328042316,212.98927328042316,212.98927328042316,513.5360042328042,0.0,3515.977127142858,0.0
2025-10-08,0,67,11:10-11:20,1049.8165,1474.299138095238,0.3112,0.2896758928571429,90.40529523809516,665.6628101190479,499.2559904761904,499.2559904761904,499.2559904761904,833.3333333333333,0.0,4265.977127142858,0.0
2025-10-08,0,68,11:20-11:30,1052.0766666666666,1470.5089285714284,0.3186,0.29997901785714287,101.29113095238085,662.8987892857144,516.1922023809523,516.1922023809523,516.1922023809523,833.3333333333333,0.0,5015.977127142858,0.0
2025-10-08,0,69,11:30-11:40,1058.4790666666665,1486.8408357142855,0.3343,0.3157482142857143,98.63949761904746,664.9982309523818,503.61106190476175,503.61106190476175,503.61106190476175,833.3333333333333,0.0,5765.977127142858,0.0
2025-10-08,0,70,11:40-11:50,1039.7410666666665,1499.4611404761904,0.357,0.3366580357142857,111.53916666666663,702.4716130952381,0.0,0.0,0.0,348.1809071428572,0.0,6079.33994357143,0.0
2025-10-08,0,71,11:50-12:00,1011.03,1497.8071428571425,0.3747,0.35499776785714277,94.67660714285682,843.8342529761906,0.0,0.0,0.0,392.1005357142858,0.0,6432.230425714287,0.0
2025-10-08,0,72,12:00-12:10,1013.6240333333333,1498.1495904761905,0.3637,0.3483263392857143,102.08970476190495,899.4674821428567,0.0,0.0,0.0,382.4358523809524,0.0,6776.422692857144,0.0
2025-10-08,0,73,12:10-12:20,1011.0849333333333,1498.8581166666665,0.3201,0.3043575892857143,95.21683809523824,976.6348464285716,440.77698809523827,440.77698809523827,440.77698809523827,833.3333333333333,0.0,7526.422692857144,0.0
2025-10-08,0,74,12:20-12:30,996.1716666666666,1498.1750000000002,0.2547,0.2346638392857143,99.05250000000001,1018.5080583333336,430.3824999999997,430.3824999999997,430.3824999999997,833.3333333333333,0.0,8276.422692857144,0.0
2025-10-08,0,75,12:30-12:40,1001.3388166666666,1495.2083714285714,0.2329,0.21340714285714282,107.00067380952407,1009.1314214285716,446.4644523809527,446.4644523809527,446.4644523809527,833.3333333333333,0.0,9026.422692857144,0.0
2025-10-08,0,76,12:40-12:50,1021.6953,1474.7725928571429,0.4825,0.46343839285714283,78.80468095238092,980.223291071429,0.0,0.0,0.0,374.272611904762,0.0,9363.26804357143,0.0
2025-10-08,0,77,12:50-13:00,1051.645,1441.099107142857,0.8089,0.7865080357142855,73.7593452380952,926.7831922619051,0.0,0.0,0.0,315.6947619047619,0.0,9647.393329285716,0.0
2025-10-08,0,78,13:00-13:10,1082.0474,1412.226207142857,0.7664,0.7395044642857143,59.675588095238254,874.3914660714289,0.0,0.0,0.0,270.5032190476188,0.0,9890.846226428574,0.0
2025-10-08,0,79,13:10-13:20,1057.3410166666665,1370.6906238095237,0.7327,0.7076321428571427,66.75075714285731,838.6042428571434,0.0,0.0,0.0,246.59884999999986,0.0,10112.785191428573,0.0
2025-10-08,0,80,13:20-13:30,1011.3116666666666,1322.649107142857,0.8258,0.8094781249999997,65.61577380952366,761.8311267857146,0.0,0.0,0.0,245.7216666666668,0.0,10333.934691428572,0.0
2025-10-08,0,81,13:30-13:40,1036.3277666666665,1293.6927095238095,0.7994,0.7880727678571426,84.5541785714285,657.8268113095238,0.0,0.0,0.0,172.8107642857144,0.0,10489.464379285715,0.0
2025-10-08,0,82,13:40-13:50,1058.6099666666667,1257.7630380952382,0.8207,0.788803571428571,81.5161357142857,638.8344357142855,0.0,0.0,0.0,117.63693571428598,0.0,10595.337621428573,0.0
2025-10-08,0,83,13:50-14:00,1046.7116666666666,1212.1089285714284,0.919,0.8567339285714286,89.86053571428545,641.6016041666667,0.0,0.0,0.0,75.5367261904762,0.0,10663.320675,0.0
2025-10-08,0,84,14:00-14:10,1040.0532333333333,1180.684276190476,0.9303,0.8675191964285711,64.42814523809523,536.6525886904759,0.0,0.0,0.0,76.20289761904746,0.0,10731.903282857143,0.0
2025-10-08,0,85,14:10-14:20,1023.5056833333333,1148.6229142857142,0.9027,0.8446977678571426,67.93206904761928,503.57516071428523,0.0,0.0,0.0,57.18516190476157,0.0,10783.369928571428,0.0
2025-10-08,0,86,14:20-14:30,1010.68,1106.3660714285713,0.9213,0.857440625,77.20821428571449,506.42867559523756,0.0,0.0,0.0,18.47785714285692,0.0,10800.0,0.0
2025-10-08,0,87,14:30-14:40,1032.4513,1058.6532095238094,0.9891,0.9209138392857144,64.52734047619029,457.89561011904726,0.0,0.0,0.0,0.0,38.325430952380884,10757.416187830688,0.0
2025-10-08,0,88,14:40-14:50,1020.0058833333333,1005.8573357142857,0.8717,0.8231816964285714,57.28868333333355,425.33722261904717,0.0,0.0,0.0,0.0,71.43723095238124,10678.041486772487,0.0
2025-10-08,0,89,14:50-15:00,981.48,949.3267857142857,0.6412,0.6237745535714284,71.11124999999998,384.58478928571395,103.26446428571421,103.26446428571421,103.26446428571421,0.0,0.0,10678.041486772487,0.0
2025-10-08,0,90,15:00-15:10,998.9841333333334,892.4322190476191,0.6219,0.6106200892857147,51.981314285714234,313.1205184523808,294.04268771310996,294.04268771310996,294.04268771310996,135.50945914168148,0.0,10800.0,0.0
2025-10-08,0,91,15:10-15:20,1041.5306166666664,837.5821452380952,0.6889,0.6755535714285713,57.18507619047608,217.67468511904752,261.13354761904736,261.13354761904736,261.13354761904736,-0.0,0.0,10800.0,0.0
2025-10-08,0,92,15:20-15:30,1057.77,784.5098214285714,0.7305,0.7181799107142858,75.90065476190489,231.69543749999977,349.16083333333347,349.16083333333347,349.16083333333347,0.0,0.0,10800.0,0.0
2025-10-08,0,93,15:30-15:40,1027.3635166666666,730.1948285714285,0.7597,0.7458366071428569,51.51393333333317,180.36916785714263,348.6826214285712,348.6826214285712,348.6826214285712,0.0,0.0,10800.0,0.0
2025-10-08,0,94,15:40-15:50,1014.7691833333333,670.5171857142857,0.772,0.7567638392857143,51.32146428571423,182.31684047619012,395.57346190476187,395.57346190476187,395.57346190476187,0.0,0.0,10800.0,0.0
2025-10-08,0,95,15:50-16:00,1035.105,607.3544642857142,0.7857,0.7705812499999999,49.508095238095166,219.9288892857138,477.25863095238094,477.25863095238094,477.25863095238094,0.0,0.0,10800.0,0.0
2025-10-08,0,96,16:00-16:10,1044.3559,546.191980952381,0.8344,0.8198013392857141,63.016883333333226,225.27303154761873,561.1808023809523,561.1808023809523,561.1808023809523,0.0,0.0,10800.0,0.0
2025-10-08,0,97,16:10-16:20,1043.0221333333334,482.3559047619047,0.8951,0.8849754464285713,67.71999047619045,197.44305714285701,628.3862190476193,628.3862190476193,628.3862190476193,0.0,-0.0,10800.0,0.0
2025-10-08,0,98,16:20-16:30,1027.3049999999998,417.51874999999995,0.9352,0.9297919642857143,58.279940476190745,170.6076476190473,668.0661904761907,668.0661904761907,668.0661904761907,0.0,-0.0,10800.0,0.0
2025-10-08,0,99,16:30-16:40,991.9304833333333,358.7350476190476,0.9411,0.9326584821428573,49.966326190476195,185.42690952380906,683.1617619047619,683.1617619047619,683.1617619047619,0.0,-0.0,10800.0,0.0
2025-10-08,0,100,16:40-16:50,987.7355666666667,299.15666428571427,0.954,0.9431986607142855,34.06499761904769,171.1960500000003,722.6439000000003,722.6439000000003,722.6439000000003,0.0,-0.0,10800.0,0.0
2025-10-08,0,101,16:50-17:00,1016.19,237.19910714285714,0.9898,0.9812580357142854,55.90863095238092,135.36809345238112,834.8995238095238,834.8995238095238,834.8995238095238,0.0,0.0,10800.0,0.0
2025-10-08,0,102,17:00-17:10,1027.5318666666667,178.88034999999996,1.0308,1.0248790178571427,42.23422857142853,121.02438809523815,890.8857452380953,890.8857452380953,890.8857452380953,0.0,0.0,10800.0,0.0
2025-10-08,0,103,17:10-17:20,1022.1078166666666,125.1652857142857,1.078,1.072724107142857,38.17000476190492,102.20773988095212,935.1125357142859,935.1125357142859,935.1125357142859,0.0,0.0,10800.0,0.0
2025-10-08,0,104,17:20-17:30,1030.3983333333333,73.10803571428572,1.1097,1.1039736607142856,34.508333333333326,109.93127380952365,991.798630952381,991.798630952381,991.798630952381,0.0,0.0,10800.0,0.0
2025-10-08,0,105,17:30-17:40,1053.8073833333333,23.284466666666667,1.104,1.0987089285714287,26.911433333333207,81.49042261904751,1057.4343499999998,1057.4343499999998,1057.4343499999998,0.0,0.0,10800.0,0.0
2025-10-08,0,106,17:40-17:50,921.9441499999999,1.2974619047619045,1.1457,1.1377379464285717,28.01391190476204,72.83359166666656,948.6606,948.6606,948.6606,0.0,-0.0,10800.0,0.0
2025-10-08,0,107,17:50-18:00,697.55,0.0,1.2302,1.2177830357142858,29.599226190476315,85.11159464285726,0.0,0.0,0.0,0.0,727.1492261904763,9992.056415343915,0.0
2025-10-08,0,108,18:00-18:10,638.6789166666666,0.5203,1.2673,1.2539200892857143,13.660742857142964,87.56845535714277,0.0,0.0,0.0,0.0,651.8193595238096,9267.812682539683,0.0
2025-10-08,0,109,18:10-18:20,681.2803333333333,0.010147619047619048,1.2867,1.2700665178571426,28.465145238095147,57.45499583333368,0.0,0.0,0.0,0.0,709.7353309523808,8479.21787037037,0.0
2025-10-08,0,110,18:20-18:30,716.6716666666666,0.0,1.2847,1.2641758928571423,35.08166666666659,79.21725119047659,0.0,0.0,0.0,0.0,751.7533333333332,7643.936388888889,0.0
2025-10-08,0,111,18:30-18:40,701.7168499999999,0.037354761904761905,1.229,1.2079946428571429,19.583885714285657,73.31576607142878,0.0,0.0,0.0,0.0,721.2633809523808,6842.5326322751325,0.0
2025-10-08,0,112,18:40-18:50,696.40185,0.0007285714285714285,1.2267,1.1832383928571428,22.795019047618894,58.13669345238111,719.1961404761903,719.1961404761903,719.1961404761903,0.0,0.0,6842.5326322751325,0.0
2025-10-08,0,113,18:50-19:00,709.9983333333332,0.0,1.2794,1.2049133928571434,25.47833333333324,59.176105357142916,0.0,0.0,0.0,0.0,735.4766666666665,6025.336335978836,0.0
2025-10-08,0,114,19:00-19:10,696.8018333333332,0.002680952380952381,1.2824,1.2097486607142858,25.735950000000116,51.72417083333326,0.0,0.0,0.0,0.0,722.5351023809524,5222.519555555556,0.0
2025-10-08,0,115,19:10-19:20,693.4471333333332,5.2380952380952384e-05,1.2674,1.1995084821428572,21.326583333333247,47.68076011904756,0.0,0.0,0.0,0.0,714.7736642857141,4428.326595238095,0.0
2025-10-08,0,116,19:20-19:30,711.9433333333333,0.0,1.2581,1.1840151785714286,36.66666666666674,47.04785833333335,748.61,748.61,748.61,0.0,0.0,4428.326595238095,0.0
2025-10-08,0,117,19:30-19:40,725.2576,0.00016190476190476192,1.2447,1.1696334821428571,24.690516666666667,55.8513690476193,749.9479547619048,749.9479547619048,749.9479547619048,0.0,0.0,4428.326595238095,0.0
2025-10-08,0,118,19:40-19:50,734.0239166666667,0.0,1.2577,1.1857196428571428,10.778449999999907,56.040298214285684,744.8023666666666,744.8023666666666,744.8023666666666,0.0,0.0,4428.326595238095,0.0
2025-10-08,0,119,19:50-20:00,738.3066666666666,0.0,1.296,1.226275892857143,28.12333333333345,41.07412499999981,0.0,0.0,0.0,0.0,766.4300000000001,3576.7377063492063,0.0
2025-10-08,0,120,20:00-20:10,733.2407833333333,0.0,1.3138,1.2430870535714287,23.35368333333338,61.880855357142764,0.0,0.0,0.0,0.0,756.5944666666667,2736.0771878306878,0.0
2025-10-08,0,121,20:10-20:20,725.7716,0.0,1.2595,1.1878629464285715,18.746149999999943,75.9253666666668,185.55928095238096,185.55928095238096,185.55928095238096,0.0,558.958469047619,2115.012222222222,0.0
2025-10-08,0,122,20:20-20:30,715.8583333333332,0.0,1.2113,1.1379678571428573,17.79166666666663,79.4980166666667,733.6499999999999,733.6499999999999,733.6499999999999,0.0,0.0,2115.012222222222,0.0
2025-10-08,0,123,20:30-20:40,700.3096999999999,0.0,1.2769,1.2009406249999999,23.876166666666563,54.26333750000012,0.0,0.0,0.0,0.0,724.1858666666665,1310.3612592592592,0.0
2025-10-08,0,124,20:40-20:50,701.9230333333333,0.0,1.1753,1.118825892857143,22.0542999999999,73.2487083333333,723.9773333333331,723.9773333333331,723.9773333333331,0.0,0.0,1310.3612592592592,0.0
2025-10-08,0,125,20:50-21:00,715.6183333333333,0.0,0.9452,0.9188343750000002,12.735000000000014,99.32513333333321,735.5732201646088,735.5732201646088,735.5732201646088,7.21988683127544,0.0,1316.859157407407,0.0
2025-10-08,0,126,21:00-21:10,712.9824166666667,0.0,0.9182,0.8949651785714285,14.344900000000052,105.17324166666648,727.3273166666668,727.3273166666668,727.3273166666668,0.0,0.0,1316.859157407407,0.0
2025-10-08,0,127,21:10-21:20,709.90035,0.0,0.9383,0.9098910714285714,26.428916666666737,83.3824166666667,736.3292666666667,736.3292666666667,736.3292666666667,0.0,0.0,1316.859157407407,0.0
2025-10-08,0,128,21:20-21:30,726.6983333333333,0.0,0.9477,0.9194285714285712,24.04833333333329,81.28794583333321,750.7466666666666,750.7466666666666,750.7466666666666,0.0,0.0,1316.859157407407,0.0
2025-10-08,0,129,21:30-21:40,748.6878333333334,0.0,1.0067,0.9788848214285711,28.93528333333336,75.75953333333318,743.041629166667,743.041629166667,743.041629166667,0.0,34.58148749999975,1278.4352824074074,0.0
2025-10-08,0,130,21:40-21:50,658.2698166666667,0.0,0.7707,0.7424888392857142,35.69796666666673,70.59175416666656,687.4653291666666,687.4653291666666,687.4653291666666,0.0,6.502454166666757,1271.2103333333332,0.0
2025-10-08,0,131,21:50-22:00,519.1916666666666,0.0,0.3733,0.3452763392857142,19.988333333333344,64.08929999999998,1372.5133333333333,1372.5133333333333,1372.5133333333333,833.3333333333333,0.0,2021.2103333333332,0.0
2025-10-08,0,132,22:00-22:10,525.2188,0.0,0.3376,0.3113013392857142,11.18621666666661,41.143487499999964,1369.7383499999999,1369.7383499999999,1369.7383499999999,833.3333333333333,0.0,2771.2103333333334,0.0
2025-10-08,0,133,22:10-22:20,566.7491333333332,0.0,0.4274,0.3984571428571427,10.497516666666684,41.87750416666668,577.2466499999999,577.2466499999999,577.2466499999999,0.0,0.0,2771.2103333333334,0.0
2025-10-08,0,134,22:20-22:30,559.5283333333333,0.0,0.4218,0.388304017857143,27.039999999999964,47.30112083333336,1419.9016666666666,1419.9016666666666,1419.9016666666666,833.3333333333333,0.0,3521.2103333333334,0.0
2025-10-08,0,135,22:30-22:40,531.4009666666666,0.0,0.3452,0.3136848214285715,25.824666666666758,55.53384999999999,1390.5589666666665,1390.5589666666665,1390.5589666666665,833.3333333333333,0.0,4271.210333333333,0.0
2025-10-08,0,136,22:40-22:50,541.1238333333333,0.0,0.3495,0.31896875000000013,26.937599999999975,42.05726666666675,1401.3947666666666,1401.3947666666666,1401.3947666666666,833.3333333333333,0.0,5021.210333333333,0.0
2025-10-08,0,137,22:50-23:00,571.555,0.0,0.4327,0.40336383928571423,28.6633333333333,73.98989583333332,600.2183333333332,600.2183333333332,600.2183333333332,0.0,0.0,5021.210333333333,0.0
2025-10-08,0,138,23:00-23:10,554.3598833333333,0.0,0.449,0.4288370535714288,24.648683333333338,101.16369166666664,579.0085666666666,579.0085666666666,579.0085666666666,0.0,0.0,5021.210333333333,0.0
2025-10-08,0,139,23:10-23:20,543.7021833333333,0.0,0.4097,0.39033839285714295,18.814049999999952,82.21265833333337,816.726974074074,816.726974074074,816.726974074074,254.21074074074062,0.0,5250.0,0.0
2025-10-08,0,140,23:20-23:30,564.0683333333333,0.0,0.3837,0.3576790178571429,31.328333333333376,50.41932499999987,1428.73,1428.73,1428.73,833.3333333333333,0.0,6000.0,0.0
2025-10-08,0,141,23:30-23:40,583.3302,0.0,0.4228,0.39960312499999995,15.29421666666667,43.01395833333321,598.6244166666667,598.6244166666667,598.6244166666667,0.0,0.0,6000.0,0.0
2025-10-08,0,142,23:40-23:50,588.4149,0.0,0.4501,0.42759285714285716,31.924633333333418,39.19182916666665,620.3395333333334,620.3395333333334,620.3395333333334,0.0,0.0,6000.0,0.0
2025-10-08,0,143,23:50-24:00,587.1633333333333,0.0,0.4378,0.4120049107142858,22.97166666666658,34.55166666666676,610.1349999999999,610.1349999999999,610.1349999999999,0.0,0.0,6000.0,0.0
2025-10-09,0,0,0:00-0:10,591.4769833333332,0.0,0.4259,0.40414999999999984,24.172483333333275,58.580062500000125,615.6494666666665,615.6494666666665,615.6494666666665,0.0,0.0,6644.870282976189,0.0
2025-10-09,0,1,0:10-0:20,570.2619166666666,0.0,0.4031,0.3806598214285714,14.797366666666676,47.23526249999989,1035.2034133597904,1035.2034133597904,1035.2034133597904,450.144130026457,0.0,7050.0,0.0
2025-10-09,0,2,0:20-0:30,542.275,0.0,0.399,0.3729468749999999,18.645000000000095,40.3472041666665,1394.2533333333333,1394.2533333333333,1394.2533333333333,833.3333333333333,0.0,7800.0,0.0
2025-10-09,0,3,0:30-0:40,561.0175333333333,0.0,0.4563,0.4345656250000001,16.485849999999914,50.9293416666667,577.5033833333332,577.5033833333332,577.5033833333332,0.0,0.0,7800.0,0.0
2025-10-09,0,4,0:40-0:50,578.1863666666666,0.0,0.459,0.4379089285714287,19.60598333333337,63.20940416666632,597.7923499999999,597.7923499999999,597.7923499999999,0.0,0.0,7800.0,0.0
2025-10-09,0,5,0:50-1:00,571.5999999999999,0.0,0.4129,0.38774285714285706,17.34333333333342,41.44297916666656,588.9433333333334,588.9433333333334,588.9433333333334,0.0,0.0,7800.0,0.0
2025-10-09,0,6,1:00-1:10,569.2386666666666,0.0,0.4321,0.4092357142857143,23.679666666666662,54.4287833333332,592.9183333333333,592.9183333333333,592.9183333333333,0.0,0.0,7800.0,0.0
2025-10-09,0,7,1:10-1:20,589.2671833333333,0.0,0.424,0.40423080357142865,22.527400000000057,34.25468749999989,611.7945833333333,611.7945833333333,611.7945833333333,0.0,0.0,7800.0,0.0
2025-10-09,0,8,1:20-1:30,612.7066666666666,0.0,0.3819,0.3627299107142859,16.271666666666704,64.4748916666666,1462.3116666666665,1462.3116666666665,1462.3116666666665,833.3333333333333,0.0,8550.0,0.0
2025-10-09,0,9,1:30-1:40,602.6110833333332,0.0,0.3958,0.37715267857142853,24.153149999999982,78.80046845238087,1460.0975666666664,1460.0975666666664,1460.0975666666664,833.3333333333333,0.0,9300.0,0.0
2025-10-09,0,10,1:40-1:50,585.86185,0.0,0.3904,0.37117633928571436,18.15883333333329,60.082938690476,1437.3540166666667,1437.3540166666667,1437.3540166666667,833.3333333333333,0.0,10050.0,0.0
2025-10-09,0,11,1:50-2:00,588.2266666666667,0.0,0.3758,0.3556723214285714,16.895000000000095,52.43468749999997,1438.455,1438.455,1438.455,833.3333333333333,0.0,10800.0,0.0
2025-10-09,0,12,2:00-2:10,611.5105333333333,0.0,0.4403,0.42115357142857146,25.5542333333334,42.36734345238088,637.0647666666667,637.0647666666667,637.0647666666667,0.0,0.0,10800.0,0.0
2025-10-09,0,13,2:10-2:20,631.7747833333333,0.0,0.4776,0.45845714285714284,25.540849999999978,35.79282916666665,657.3156333333333,657.3156333333333,657.3156333333333,0.0,0.0,10800.0,0.0
2025-10-09,0,14,2:20-2:30,626.2349999999999,0.0,0.442,0.42377544642857146,13.276666666666642,47.38229166666662,639.5116666666665,639.5116666666665,639.5116666666665,0.0,0.0,10800.0,0.0
2025-10-09,0,15,2:30-2:40,594.4535833333333,0.0,0.4014,0.3893249999999999,21.17425000000003,45.27729999999997,615.6278333333333,615.6278333333333,615.6278333333333,0.0,0.0,10800.0,0.0
2025-10-09,0,16,2:40-2:50,592.3947499999999,0.0,0.4287,0.4182125,22.700733333333346,47.06505416666667,615.0954833333333,615.0954833333333,615.0954833333333,0.0,0.0,10800.0,0.0
2025-10-09,0,17,2:50-3:00,612.89,0.0,0.4771,0.462771875,25.313333333333276,45.54603750000018,638.2033333333333,638.2033333333333,638.2033333333333,0.0,0.0,10800.0,0.0
2025-10-09,0,18,3:00-3:10,597.7834666666666,0.0,0.4344,0.4194901785714286,30.31393333333324,51.089925000000065,628.0973999999999,628.0973999999999,628.0973999999999,0.0,0.0,10800.0,0.0
2025-10-09,0,19,3:10-3:20,590.9086833333333,0.0,0.3985,0.38369375,21.010483333333354,76.50109999999997,611.9191666666667,611.9191666666667,611.9191666666667,-0.0,0.0,10800.0,0.0
2025-10-09,0,20,3:20-3:30,601.7216666666666,0.0,0.4147,0.39889151785714294,14.675000000000068,47.765342261904834,616.3966666666666,616.3966666666666,616.3966666666666,-0.0,0.0,10800.0,0.0
2025-10-09,0,21,3:30-3:40,595.9829166666666,0.0,0.4316,0.4155964285714287,16.39636666666661,55.92346488095242,612.3792833333332,612.3792833333332,612.3792833333332,-0.0,0.0,10800.0,0.0
2025-10-09,0,22,3:40-3:50,604.8664,0.0,0.4367,0.4230598214285715,18.882066666666674,46.611332142857066,623.7484666666667,623.7484666666667,623.7484666666667,0.0,0.0,10800.0,0.0
2025-10-09,0,23,3:50-4:00,615.24,0.0,0.4342,0.42320758928571417,23.43500000000006,23.817499999999967,638.6750000000001,638.6750000000001,638.6750000000001,0.0,0.0,10800.0,0.0
2025-10-09,0,24,4:00-4:10,583.6107833333333,0.0,0.4336,0.4218531249999999,19.524783333333346,37.5539303571429,603.1355666666666,603.1355666666666,603.1355666666666,-0.0,0.0,10800.0,0.0
2025-10-09,0,25,4:10-4:20,585.7515333333333,0.00020714285714285713,0.4398,0.4297785714285715,27.99879999999996,33.88930773809528,613.7501261904762,613.7501261904762,613.7501261904762,0.0,0.0,10800.0,0.0
2025-10-09,0,26,4:20-4:30,623.3333333333333,0.0,0.4444,0.4373513392857143,20.018333333333317,65.34643273809516,643.3516666666666,643.3516666666666,643.3516666666666,0.0,0.0,10800.0,0.0
2025-10-09,0,27,4:30-4:40,618.8752333333333,0.0,0.4355,0.4256852678571427,28.97088571428577,90.04009702380978,647.8461190476191,647.8461190476191,647.8461190476191,0.0,0.0,10800.0,0.0
2025-10-09,0,28,4:40-4:50,595.8464666666666,0.0032190476190476196,0.4358,0.4252455357142857,28.242933333333326,105.98272797619038,624.0861809523809,624.0861809523809,624.0861809523809,-0.0,0.0,10800.0,0.0
2025-10-09,0,29,4:50-5:00,585.6733333333333,0.0,0.449,0.44069642857142866,17.123333333333335,102.79229464285729,602.7966666666666,602.7966666666666,602.7966666666666,-0.0,0.0,10800.0,0.0
2025-10-09,0,30,5:00-5:10,594.40415,0.0,0.4577,0.4484848214285715,21.903735714285745,131.3022648809525,616.3078857142857,616.3078857142857,616.3078857142857,0.0,0.0,10800.0,0.0
2025-10-09,0,31,5:10-5:20,600.79685,0.04484761904761904,0.472,0.46612187499999996,19.992983333333314,152.2704654761906,620.7449857142857,620.7449857142857,620.7449857142857,0.0,0.0,10800.0,0.0
2025-10-09,0,32,5:20-5:30,588.4183333333333,0.0,0.4646,0.4671933035714286,26.293154761904702,213.64107916666757,614.711488095238,614.711488095238,614.711488095238,0.0,0.0,10800.0,0.0
2025-10-09,0,33,5:30-5:40,578.4943499999999,0.0,0.4374,0.4457111607142856,26.572440476190536,403.6121803571433,605.0667904761905,605.0667904761905,605.0667904761905,-0.0,0.0,10800.0,0.0
2025-10-09,0,34,5:40-5:50,687.2522,0.6246666666666666,0.664,0.67250625,28.15698571428561,489.9990934523815,714.7845190476189,714.7845190476189,714.7845190476189,0.0,-0.0,10800.0,0.0
2025-10-09,0,35,5:50-6:00,828.9116666666666,0.0,1.0067,1.0144580357142858,40.79684523809527,509.0356642857147,36.375178571428705,36.375178571428705,36.375178571428705,0.0,833.3333333333333,9874.074074074075,0.0
2025-10-09,0,36,6:00-6:10,792.6888666666666,0.5831809523809524,1.0216,1.0344598214285712,40.14623095238096,555.5475541666673,0.0,0.0,0.0,0.0,832.2519166666666,8949.349722222223,0.0
2025-10-09,0,37,6:10-6:20,760.8612499999999,20.145811904761903,0.9481,0.9641410714285714,38.36024523809533,604.2693190476198,0.0,0.0,0.0,0.0,779.0756833333334,8083.710074074075,0.0
2025-10-09,0,38,6:20-6:30,801.3799999999999,69.4232142857143,0.9484,0.9632776785714284,39.564642857142644,636.990750595239,0.0,0.0,0.0,0.0,771.5214285714283,7226.464042328043,0.0
2025-10-09,0,39,6:30-6:40,805.385,123.06454523809523,0.9469,0.9610535714285714,47.27542142857135,620.2018964285721,0.0,0.0,0.0,0.0,729.5958761904761,6415.801957671959,0.0
2025-10-09,0,40,6:40-6:50,813.76455,178.75268333333332,0.9299,0.9413343750000001,49.55339999999998,731.8294279761908,0.0,0.0,0.0,0.0,684.5652666666667,5655.173883597885,0.0
2025-10-09,0,41,6:50-7:00,832.3566666666667,236.64732142857136,0.8788,0.8879558035714289,49.613273809523776,790.7625404761908,0.0,0.0,0.0,0.0,645.3226190476191,4938.148751322753,0.0
2025-10-09,0,42,7:00-7:10,816.2547833333333,295.11532619047614,0.7867,0.7995156249999997,53.53828095238083,770.4343398809531,574.6777380952379,574.6777380952379,574.6777380952379,0.0,0.0,4938.148751322753,0.0
2025-10-09,0,43,7:10-7:20,812.9577999999999,356.8476666666666,0.7755,0.7890504464285716,63.07131904761911,773.6218422619058,519.1814523809524,519.1814523809524,519.1814523809524,0.0,0.0,4938.148751322753,0.0
2025-10-09,0,44,7:20-7:30,802.4483333333333,421.13124999999997,0.788,0.7970522321428574,64.36755952380935,800.745817857144,445.6846428571427,445.6846428571427,445.6846428571427,0.0,0.0,4938.148751322753,0.0
2025-10-09,0,45,7:30-7:40,746.04035,483.2041952380953,0.6932,0.6990959821428572,60.743007142856925,793.7551482142866,1156.9124952380948,1156.9124952380948,1156.9124952380948,833.3333333333333,0.0,5688.148751322753,0.0
2025-10-09,0,46,7:40-7:50,879.0774833333332,540.5622214285713,0.8824,0.8877232142857141,56.83816904761903,767.7443815476196,290.96781249999646,290.96781249999646,290.96781249999646,0.0,104.38561845238445,5572.164730820104,0.0
2025-10-09,0,47,7:50-8:00,1118.3883333333333,600.0455357142857,1.2258,1.231366517857143,55.59529761904764,743.9766000000006,0.0,0.0,0.0,0.0,573.9380952380952,4934.455736111109,0.0
2025-10-09,0,48,8:00-8:10,1126.5744333333332,669.3922904761904,1.1713,1.175060714285714,45.475521428571255,722.3290702380958,0.0,0.0,0.0,0.0,502.6576642857141,4375.947220238094,0.0
2025-10-09,0,49,8:10-8:20,1091.1853999999998,726.3501666666667,1.0754,1.0743736607142853,68.17415476190479,718.9899678571435,0.0,0.0,0.0,0.0,433.009388095238,3894.825677910052,0.0
2025-10-09,0,50,8:20-8:30,1102.0166666666667,771.5500000000002,1.1025,1.098350892857143,67.79351190476189,770.0680380952386,0.0,0.0,0.0,0.0,398.26017857142824,3452.3143683862427,0.0
2025-10-09,0,51,8:30-8:40,1060.26085,827.9073285714285,1.058,1.0577370535714288,85.90043571428566,747.2396744047628,0.0,0.0,0.0,0.0,318.25395714285696,3098.698860449735,0.0
2025-10-09,0,52,8:40-8:50,1041.65025,885.9786071428571,1.0127,1.0121986607142854,76.81365714285721,685.4655214285722,0.0,0.0,0.0,0.0,232.48530000000005,2840.381860449735,0.0
2025-10-09,0,53,8:50-9:00,1075.5249999999999,937.1973214285715,1.0122,1.0084196428571428,102.42190476190484,692.3619946428573,0.0,0.0,0.0,0.0,240.74958333333325,2572.882323412698,0.0
2025-10-09,0,54,9:00-9:10,1108.4668666666666,983.56335,1.0128,1.0139857142857143,96.82401904761903,661.6588511904765,0.0,0.0,0.0,0.0,221.72753571428564,2326.5183948412696,0.0
2025-10-09,0,55,9:10-9:20,1126.1247666666666,1031.794330952381,0.9991,1.0006397321428568,86.3660023809523,584.9273970238104,0.0,0.0,0.0,0.0,180.6964380952379,2125.7445747354495,0.0
2025-10-09,0,56,9:20-9:30,1118.9983333333332,1081.924107142857,0.9649,0.9641388392857142,99.9611904761905,643.7378077380955,0.0,0.0,0.0,0.0,137.0354166666666,1973.4830006613754,0.0
2025-10-09,0,57,9:30-9:40,1079.8652666666667,1129.0591214285714,0.9086,0.9130598214285717,94.96855952380952,637.6730327380951,0.0,0.0,0.0,0.0,45.774704761904786,1922.6222175925923,0.0
2025-10-09,0,58,9:40-9:50,1034.7925,1178.9760547619046,0.8457,0.8249098214285713,96.24492857142866,650.3599958333332,0.0,0.0,0.0,47.938626190475816,0.0,1965.7669811640208,0.0
2025-10-09,0,59,9:50-10:00,1028.295,1225.0946428571428,0.8222,0.7601339285714285,97.75178571428546,662.3984779761905,0.0,0.0,0.0,99.04785714285731,0.0,2054.9100525925924,0.0
2025-10-09,0,60,10:00-10:10,1083.6880999999998,1254.2945547619047,0.8733,0.8103651785714286,72.46978333333323,683.6984089285723,0.0,0.0,0.0,98.13667142857162,0.0,2143.233056878307,0.0
2025-10-09,0,61,10:10-10:20,1104.0874999999999,1286.7883095238094,0.8915,0.8352450892857143,74.40513333333342,690.7796339285724,0.0,0.0,0.0,108.29567619047612,0.0,2240.6991654497356,0.0
2025-10-09,0,62,10:20-10:30,1072.5916666666667,1329.7651785714284,0.8536,0.7899772321428572,83.85886904761901,678.2029821428579,0.0,0.0,0.0,173.31464285714264,0.0,2396.6823440211638,0.0
2025-10-09,0,63,10:30-10:40,1063.4038999999998,1367.4070952380953,0.8148,0.7454941964285713,99.32178095238123,695.0757583333332,0.0,0.0,0.0,204.68141428571425,0.0,2580.8956168783066,0.0
2025-10-09,0,64,10:40-10:50,1074.6482166666665,1379.6175523809525,0.6713,0.623808482142857,94.96471666666656,676.7957369047622,0.0,0.0,0.0,210.00461904761937,0.0,2769.899774021164,0.0
2025-10-09,0,65,10:50-11:00,1085.905,1383.2544642857142,0.4714,0.45742232142857153,87.46577380952363,658.0683494047623,0.0,0.0,0.0,209.88369047619062,0.0,2958.7950954497355,0.0
2025-10-09,0,66,11:00-11:10,1084.8685,1414.4521880952382,0.3936,0.38202589285714295,66.68896904761891,673.5047148809524,67.72125346854682,67.72125346854682,67.72125346854682,330.61597251616604,0.0,3256.349470714285,0.0
2025-10-09,0,67,11:10-11:20,1084.3132999999998,1437.2738071428569,0.3697,0.3524866071428572,85.17278571428608,614.4129720238097,565.5456119047622,565.5456119047622,565.5456119047622,833.3333333333333,0.0,4006.349470714285,0.0
2025-10-09,0,68,11:20-11:30,1088.9566666666665,1442.241071428571,0.3649,0.34949017857142856,94.75488095238128,606.4164416666674,574.8038095238098,574.8038095238098,574.8038095238098,833.3333333333333,0.0,4756.349470714285,0.0
2025-10-09,0,69,11:30-11:40,1084.184,1454.6178785714285,0.4096,0.3954714285714286,98.63949761904746,609.5333619047638,0.0,0.0,0.0,271.79438095238106,0.0,5000.964413571428,0.0
2025-10-09,0,70,11:40-11:50,1038.1487666666667,1460.03145,0.4127,0.39619375000000007,122.71997857142856,647.00674404762,0.0,0.0,0.0,299.1627047619047,0.0,5270.210847857143,0.0
2025-10-09,0,71,11:50-12:00,979.9166666666666,1455.5839285714285,0.3747,0.35688571428571425,94.67660714285682,799.5501958333343,452.3426785714282,452.3426785714282,452.3426785714282,833.3333333333333,0.0,6020.210847857143,0.0
2025-10-09,0,72,12:00-12:10,976.8310833333333,1455.2057619047619,0.3835,0.3715660714285714,125.58225238095235,855.1834250000006,480.5409071428569,480.5409071428569,480.5409071428569,833.3333333333333,0.0,6770.210847857143,0.0
2025-10-09,0,73,12:10-12:20,990.5982166666665,1453.169688095238,0.3891,0.37727499999999997,101.52983095238096,955.8433369047627,472.29169285714283,472.29169285714283,472.29169285714283,833.3333333333333,0.0,7520.210847857143,0.0
2025-10-09,0,74,12:20-12:30,990.03,1450.8482142857142,0.3536,0.3364544642857144,119.09244047619018,1004.0295416666675,491.6075595238092,491.6075595238092,491.6075595238092,833.3333333333333,0.0,8270.210847857143,0.0
2025-10-09,0,75,12:30-12:40,984.1253666666667,1454.7405428571428,0.3234,0.3081589285714285,111.5108880952381,1014.6928452380956,474.22904523809507,474.22904523809507,474.22904523809507,833.3333333333333,0.0,9020.210847857143,0.0
2025-10-09,0,76,12:40-12:50,1003.6795166666667,1444.0209047619048,0.4772,0.4613495535714286,79.29939047619041,990.2949291666672,0.0,0.0,0.0,361.0419976190476,0.0,9345.148645714286,0.0
2025-10-09,0,77,12:50-13:00,1038.3266666666666,1417.8901785714281,0.7202,0.6983741071428573,83.7097023809522,937.3495398809526,0.0,0.0,0.0,295.85380952380933,0.0,9611.417074285713,0.0
2025-10-09,0,78,13:00-13:10,1047.5995333333333,1394.0196357142854,0.7607,0.7359857142857145,59.675588095238254,894.9081708333334,0.0,0.0,0.0,286.7445142857139,0.0,9869.487137142856,0.0
2025-10-09,0,79,13:10-13:20,1053.7566333333332,1357.3137142857145,0.7375,0.715658035714286,66.75075714285731,859.1209476190479,0.0,0.0,0.0,236.80632380952397,0.0,10082.612828571428,0.0
2025-10-09,0,80,13:20-13:30,1054.2133333333331,1314.2598214285713,0.7582,0.7435321428571428,65.61577380952366,782.3478315476191,0.0,0.0,0.0,194.43071428571443,0.0,10257.60047142857,0.0
2025-10-09,0,81,13:30-13:40,1026.7486666666666,1290.1421523809522,0.7907,0.7797709821428571,83.28279761904764,678.3435160714283,0.0,0.0,0.0,180.11068809523795,0.0,10419.700090714285,0.0
2025-10-09,0,82,13:40-13:50,1030.8551666666667,1265.969538095238,0.8147,0.7829245535714283,74.7460642857144,658.0797595238093,0.0,0.0,0.0,160.3683071428568,0.0,10564.031567142856,0.0
2025-10-09,0,83,13:50-14:00,1058.8249999999998,1230.0696428571428,0.8186,0.7562089285714286,83.001488095238,654.0768565476191,0.0,0.0,0.0,88.24315476190486,0.0,10643.45040642857,0.0
2025-10-09,0,84,14:00-14:10,1042.4998999999998,1189.894219047619,0.8075,0.7433991071428574,62.14054047619054,542.2687934523809,0.0,0.0,0.0,85.25377857142848,0.0,10720.178807142856,0.0
2025-10-09,0,85,14:10-14:20,1022.2532666666666,1154.0331404761905,0.8305,0.7716906250000001,64.603469047619,506.9037607142855,0.0,0.0,0.0,67.1764047619049,0.0,10780.637571428571,0.0
2025-10-09,0,86,14:20-14:30,1021.3833333333333,1120.1053571428572,0.8888,0.8257058035714284,77.20821428571449,502.33761309523766,0.0,0.0,0.0,21.513809523809414,0.0,10800.0,0.0
2025-10-09,0,87,14:30-14:40,1024.4638499999999,1077.024176190476,0.9126,0.8445535714285713,64.52734047619029,453.80454761904736,0.0,0.0,0.0,0.0,11.967014285714185,10786.703317460318,0.0
2025-10-09,0,88,14:40-14:50,1040.3466666666666,1023.1691190476191,0.7943,0.7461339285714285,57.28868333333355,421.24616011904726,0.0,0.0,0.0,0.0,74.4662309523809,10703.963060846561,0.0
2025-10-09,0,89,14:50-15:00,1049.6866666666665,961.4508928571429,0.6186,0.6029611607142856,71.11124999999998,380.49372678571405,159.34702380952353,159.34702380952353,159.34702380952353,0.0,0.0,10703.963060846561,0.0
2025-10-09,0,90,15:00-15:10,1019.7323166666666,896.7267619047618,0.5976,0.5880669642857143,51.981314285714234,313.59032380952385,281.69457921810636,281.69457921810636,281.69457921810636,106.70771017048739,0.0,10800.0,0.0
2025-10-09,0,91,15:10-15:20,1000.6186166666666,833.4153785714285,0.6539,0.6427544642857143,57.18507619047608,217.67468511904752,224.38831428571427,224.38831428571427,224.38831428571427,-0.0,0.0,10800.0,0.0
2025-10-09,0,92,15:20-15:30,1005.8266666666666,774.6232142857143,0.6954,0.6861638392857143,75.90065476190489,231.69543749999977,307.1041071428572,307.1041071428572,307.1041071428572,-0.0,0.0,10800.0,0.0
2025-10-09,0,93,15:30-15:40,1002.6243999999999,720.2718166666666,0.7039,0.6922406250000002,51.51393333333317,180.36916785714263,333.8665166666665,333.8665166666665,333.8665166666665,-0.0,0.0,10800.0,0.0
2025-10-09,0,94,15:40-15:50,1003.3421166666667,662.7071190476189,0.7125,0.6989477678571429,51.32146428571423,182.31684047619012,391.956461904762,391.956461904762,391.956461904762,0.0,0.0,10800.0,0.0
2025-10-09,0,95,15:50-16:00,1006.8333333333333,602.4875,0.7544,0.7412875000000001,49.508095238095166,219.9288892857138,453.85392857142847,453.85392857142847,453.85392857142847,0.0,0.0,10800.0,0.0
2025-10-09,0,96,16:00-16:10,998.9208166666667,546.1162238095237,0.8346,0.8214066964285714,63.016883333333226,225.27303154761873,515.8214761904762,515.8214761904762,515.8214761904762,0.0,0.0,10800.0,0.0
2025-10-09,0,97,16:10-16:20,1012.4601166666666,484.1658476190476,0.8931,0.8831098214285716,67.71999047619045,197.44305714285701,596.0142595238096,596.0142595238096,596.0142595238096,0.0,-0.0,10800.0,0.0
2025-10-09,0,98,16:20-16:30,1038.82,418.20267857142846,0.9152,0.9090852678571426,58.279940476190745,170.6076476190473,678.8972619047621,678.8972619047621,678.8972619047621,0.0,-0.0,10800.0,0.0
2025-10-09,0,99,16:30-16:40,1029.9473833333332,359.8181952380952,0.9358,0.9270816964285714,49.966326190476195,185.42690952380906,720.0955142857141,720.0955142857141,720.0955142857141,0.0,-0.0,10800.0,0.0
2025-10-09,0,100,16:40-16:50,995.2734499999999,300.8009380952381,0.9481,0.9374142857142861,34.06499761904769,167.1049875000004,728.5375095238096,728.5375095238096,728.5375095238096,0.0,-0.0,10800.0,0.0
2025-10-09,0,101,16:50-17:00,983.6733333333333,237.96696428571425,0.9602,0.9519410714285714,55.90863095238092,136.2030779761903,801.6149999999998,801.6149999999998,801.6149999999998,0.0,-0.0,10800.0,0.0
2025-10-09,0,102,17:00-17:10,1033.0087166666667,177.40735476190474,0.9985,0.9936433035714288,42.23422857142853,118.6327922619042,897.8355904761904,897.8355904761904,897.8355904761904,0.0,0.0,10800.0,0.0
2025-10-09,0,103,17:10-17:20,1045.18275,121.5976380952381,1.0569,1.052461160714286,38.17000476190492,100.45824940476156,961.7551166666667,961.7551166666667,961.7551166666667,0.0,0.0,10800.0,0.0
2025-10-09,0,104,17:20-17:30,1025.1216666666664,68.82321428571429,1.0997,1.0935714285714282,34.508333333333326,106.7022261904761,990.8067857142854,990.8067857142854,990.8067857142854,0.0,0.0,10800.0,0.0
2025-10-09,0,105,17:30-17:40,1045.8818166666665,19.980788095238097,1.1004,1.094474107142857,23.463373809523773,82.51844940476184,1049.3644023809522,1049.3644023809522,1049.3644023809522,0.0,0.0,10800.0,0.0
2025-10-09,0,106,17:40-17:50,917.9973333333334,0.44026428571428566,1.1465,1.139575892857143,28.01391190476204,65.76972499999977,945.5709809523811,945.5709809523811,945.5709809523811,0.0,-0.0,10800.0,0.0
2025-10-09,0,107,17:50-18:00,705.2833333333333,0.0,1.2301,1.2199129464285714,29.85833333333335,92.89664047619053,0.0,0.0,0.0,0.0,735.1416666666667,9983.175925925925,0.0
2025-10-09,0,108,18:00-18:10,684.44075,0.6286380952380952,1.2538,1.2402352678571429,18.97882380952376,78.92475297619049,0.0,0.0,0.0,0.0,702.7909357142856,9202.297108465607,0.0
2025-10-09,0,109,18:10-18:20,709.5786166666667,0.0,1.253,1.235607589285714,31.790766666666627,70.46329999999995,0.0,0.0,0.0,0.0,741.3693833333333,8378.553349206348,0.0
2025-10-09,0,110,18:20-18:30,697.2950000000001,0.0,1.2509,1.231604464285714,35.08166666666659,81.81437916666678,0.0,0.0,0.0,0.0,732.3766666666667,7564.801497354496,0.0
2025-10-09,0,111,18:30-18:40,712.0981833333333,0.04513333333333333,1.239,1.2191383928571429,19.583885714285657,59.014005357142764,0.0,0.0,0.0,0.0,731.6369357142856,6751.871568783067,0.0
2025-10-09,0,112,18:40-18:50,724.7541666666666,0.0,1.2668,1.2238468749999993,20.83939285714291,62.1019339285711,0.0,0.0,0.0,0.0,745.5935595238095,5923.434280423279,0.0
2025-10-09,0,113,18:50-19:00,709.1366666666665,0.0,1.3115,1.2374285714285718,18.808333333333394,68.63038571428561,0.0,0.0,0.0,0.0,727.9449999999999,5114.606502645502,0.0
2025-10-09,0,114,19:00-19:10,678.97595,0.0032404761904761903,1.295,1.2224276785714285,25.735950000000116,46.739554166666466,0.0,0.0,0.0,0.0,704.7086595238096,4331.59688095238,0.0
2025-10-09,0,115,19:10-19:20,690.2399,0.0,1.2643,1.1958455357142856,19.05006904761899,49.09253988095247,709.289969047619,709.289969047619,709.289969047619,0.0,0.0,4331.59688095238,0.0
2025-10-09,0,116,19:20-19:30,730.1933333333333,0.0,1.2521,1.1779008928571426,25.318333333333385,55.11214107142854,755.5116666666667,755.5116666666667,755.5116666666667,0.0,0.0,4331.59688095238,0.0
2025-10-09,0,117,19:30-19:40,731.6679166666665,0.0002023809523809524,1.2517,1.179035714285714,24.690516666666667,55.8513690476193,756.3582309523808,756.3582309523808,756.3582309523808,0.0,0.0,4331.59688095238,0.0
2025-10-09,0,118,19:40-19:50,723.6965499999999,0.0,1.2841,1.2137214285714288,10.778449999999907,56.040298214285684,245.6155404761907,245.6155404761907,245.6155404761907,0.0,488.8594595238091,3788.4197037037034,0.0
2025-10-09,0,119,19:50-20:00,717.78,0.0,1.3117,1.2404441964285715,28.12333333333345,40.6824583333331,0.0,0.0,0.0,0.0,745.9033333333334,2959.638222222222,0.0
2025-10-09,0,120,20:00-20:10,698.6226666666666,0.0,1.2703,1.1990571428571428,23.35368333333338,60.31418869047593,721.97635,721.97635,721.97635,0.0,0.0,2959.638222222222,0.0
2025-10-09,0,121,20:10-20:20,710.1356333333333,0.0,1.2492,1.1788218750000001,18.746149999999943,74.8723333333333,728.8817833333333,728.8817833333333,728.8817833333333,0.0,0.0,2959.638222222222,0.0
2025-10-09,0,122,20:20-20:30,733.9716666666666,0.0,1.2949,1.2227361607142853,19.358333333333462,81.43353749999973,0.0,0.0,0.0,0.0,753.33,2122.6048888888886,0.0
2025-10-09,0,123,20:30-20:40,707.1430999999999,0.0,1.3383,1.262326339285714,23.876166666666563,56.317870833333444,0.0,0.0,0.0,0.0,731.0192666666665,1310.3612592592592,0.0
2025-10-09,0,124,20:40-20:50,694.7722666666666,0.0,1.1869,1.1297848214285715,19.999766666666574,75.30324166666662,714.7720333333332,714.7720333333332,714.7720333333332,0.0,0.0,1310.3612592592592,0.0
2025-10-09,0,125,20:50-21:00,716.7233333333334,0.0,0.9507,0.9238995535714285,12.735000000000014,99.32513333333321,736.6782201646088,736.6782201646088,736.6782201646088,7.21988683127544,0.0,1316.859157407407,0.0
2025-10-09,0,126,21:00-21:10,726.9514999999999,0.0,0.9411,0.9175165178571428,14.344900000000052,105.17324166666648,741.2964,741.2964,741.2964,0.0,0.0,1316.859157407407,0.0
2025-10-09,0,127,21:10-21:20,728.1603833333334,0.0,0.9594,0.9309334821428573,26.428916666666737,83.3824166666667,754.5893000000001,754.5893000000001,754.5893000000001,0.0,0.0,1316.859157407407,0.0
2025-10-09,0,128,21:20-21:30,732.3199999999999,0.0,0.9546,0.9267683035714285,24.04833333333329,81.28794583333321,756.3683333333332,756.3683333333332,756.3683333333332,0.0,0.0,1316.859157407407,0.0
2025-10-09,0,129,21:30-21:40,730.31245,0.0,1.0256,0.9983919642857142,28.93528333333336,75.75953333333318,727.0337208333335,727.0337208333335,727.0337208333335,0.0,32.214012499999896,1281.065810185185,0.0
2025-10-09,0,130,21:40-21:50,650.0955833333333,0.0,0.7876,0.7598089285714282,35.69796666666673,72.95922916666647,677.7127791666669,677.7127791666669,677.7127791666669,0.0,8.080770833333121,1272.087175925926,0.0
2025-10-09,0,131,21:50-22:00,547.5,0.0,0.3931,0.36559330357142844,19.988333333333344,64.87845833333328,820.7248045267489,820.7248045267489,820.7248045267489,253.23647119341558,0.0,1500.0,0.0
2025-10-09,0,132,22:00-22:10,559.2878,0.0,0.4127,0.38787723214285713,8.029583333333392,44.30012083333318,567.3173833333333,567.3173833333333,567.3173833333333,0.0,0.0,1500.0,0.0
2025-10-09,0,133,22:10-22:20,577.1531166666666,0.0,0.4632,0.4358196428571429,10.497516666666684,44.32055416666677,587.6506333333333,587.6506333333333,587.6506333333333,0.0,0.0,1500.0,0.0
2025-10-09,0,134,22:20-22:30,554.0383333333333,0.0,0.3763,0.34349642857142865,27.039999999999964,52.842954166666715,1414.4116666666664,1414.4116666666664,1414.4116666666664,833.3333333333333,0.0,2250.0,0.0
2025-10-09,0,135,22:30-22:40,549.2863666666666,0.0,0.3703,0.3392642857142857,23.381616666666673,58.612887500000056,1406.0013166666665,1406.0013166666665,1406.0013166666665,833.3333333333333,0.0,3000.0,0.0
2025-10-09,0,136,22:40-22:50,552.4571333333333,0.0,0.374,0.34393392857142857,24.74316666666664,49.71412500000014,1410.5336333333332,1410.5336333333332,1410.5336333333332,833.3333333333333,0.0,3750.0,0.0
2025-10-09,0,137,22:50-23:00,556.7416666666666,0.0,0.3741,0.34465625,15.461666666666702,87.19156249999992,1405.5366666666664,1405.5366666666664,1405.5366666666664,833.3333333333333,0.0,4500.0,0.0
2025-10-09,0,138,23:00-23:10,567.7944,0.0,0.4374,0.4161825892857142,24.648683333333338,101.16369166666664,592.4430833333333,592.4430833333333,592.4430833333333,0.0,0.0,4500.0,0.0
2025-10-09,0,139,23:10-23:20,554.2042333333333,0.0,0.4236,0.4046026785714285,18.814049999999952,82.21265833333337,573.0182833333332,573.0182833333332,573.0182833333332,0.0,0.0,4500.0,0.0
2025-10-09,0,140,23:20-23:30,539.7316666666666,0.0,0.3666,0.34288437499999996,31.328333333333376,50.41932499999987,1404.3933333333332,1404.3933333333332,1404.3933333333332,833.3333333333333,0.0,5250.0,0.0
2025-10-09,0,141,23:30-23:40,568.1926833333333,0.0,0.4362,0.4132321428571429,15.29421666666667,43.01395833333321,583.4869,583.4869,583.4869,0.0,0.0,5250.0,0.0
2025-10-09,0,142,23:40-23:50,513.2764333333333,0.0,0.4441,0.4209446428571429,31.924633333333418,39.19182916666665,545.2010666666667,545.2010666666667,545.2010666666667,0.0,0.0,5250.0,0.0
2025-10-09,0,143,23:50-24:00,396.2783333333333,0.0,0.3377,0.3124875,22.97166666666658,34.55166666666676,1252.583333333333,1252.583333333333,1252.583333333333,833.3333333333333,0.0,6000.0,0.0
2025-10-10,0,0,0:00-0:10,374.8519166666666,0.0,0.2666,0.2446062500000001,24.172483333333275,58.580062500000125,1232.3577333333333,1232.3577333333333,1232.3577333333333,833.3333333333333,0.0,7180.460673390571,0.0
2025-10-10,0,1,0:10-0:20,391.7769166666667,0.0,0.2769,0.2539799107142858,14.797366666666676,46.14808749999989,1239.9076166666666,1239.9076166666666,1239.9076166666666,833.3333333333333,0.0,7930.460673390571,0.0
2025-10-10,0,2,0:20-0:30,404.28166666666664,0.0,0.3297,0.30383437500000005,19.021666666666647,38.725308333333246,423.3033333333333,423.3033333333333,423.3033333333333,0.0,0.0,7930.460673390571,0.0
2025-10-10,0,3,0:30-0:40,427.67336666666665,0.0,0.3524,0.3299379464285715,20.45788333333337,46.11853333333326,448.13125,448.13125,448.13125,0.0,0.0,7930.460673390571,0.0
2025-10-10,0,4,0:40-0:50,430.2956333333333,0.0,0.3635,0.34168125,19.60598333333337,62.4527416666663,449.90161666666665,449.90161666666665,449.90161666666665,0.0,0.0,7930.460673390571,0.0
2025-10-10,0,5,0:50-1:00,408.435,0.0,0.3436,0.3189745535714286,17.34333333333342,40.46394999999997,425.7783333333334,425.7783333333334,425.7783333333334,0.0,0.0,7930.460673390571,0.0
2025-10-10,0,6,1:00-1:10,396.79078333333337,0.0,0.2633,0.24133303571428574,24.798033333333308,53.310416666666555,1254.9221499999999,1254.9221499999999,1254.9221499999999,833.3333333333333,0.0,8680.460673390571,0.0
2025-10-10,0,7,1:10-1:20,419.66903333333335,0.0,0.2868,0.2688669642857142,22.527400000000057,33.64836249999986,1275.5297666666665,1275.5297666666665,1275.5297666666665,833.3333333333333,0.0,9430.460673390571,0.0
2025-10-10,0,8,1:20-1:30,447.8066666666667,0.0,0.3879,0.3714611607142858,16.271666666666704,64.99334285714261,0.0,0.0,0.0,0.0,464.0783333333334,8914.818080797979,0.0
2025-10-10,0,9,1:30-1:40,428.29715,0.0,0.3729,0.35553169642857135,24.153149999999982,80.88573095238084,69.67772132943838,69.67772132943838,69.67772132943838,0.0,382.7725786705616,8489.515215608466,0.0
2025-10-10,0,10,1:40-1:50,413.14083333333326,0.0,0.3323,0.3135138392857142,18.049350000000004,65.48606369047599,431.19018333333327,431.19018333333327,431.19018333333327,0.0,0.0,8489.515215608466,0.0
2025-10-10,0,11,1:50-2:00,421.41999999999996,0.0,0.3262,0.30697410714285717,16.895000000000095,50.53359999999992,438.31500000000005,438.31500000000005,438.31500000000005,0.0,0.0,8489.515215608466,0.0
2025-10-10,0,12,2:00-2:10,420.2488333333333,0.0,0.3193,0.3007991071428572,25.5542333333334,42.44203511904752,445.8030666666667,445.8030666666667,445.8030666666667,0.0,0.0,8489.515215608466,0.0
2025-10-10,0,13,2:10-2:20,408.43878333333333,0.0,0.3073,0.2892366071428572,28.07563333333337,33.258045833333256,436.5144166666667,436.5144166666667,436.5144166666667,0.0,0.0,8489.515215608466,0.0
2025-10-10,0,14,2:20-2:30,410.88,0.0,0.3268,0.3103383928571429,13.276666666666642,47.38229166666662,424.15666666666664,424.15666666666664,424.15666666666664,0.0,0.0,8489.515215608468,0.0
2025-10-10,0,15,2:30-2:40,447.4158666666666,0.0,0.4034,0.39206071428571426,21.17425000000003,45.27729999999997,0.0,0.0,0.0,0.0,468.59011666666663,7968.859530423282,0.0
2025-10-10,0,16,2:40-2:50,451.54246666666666,0.0,0.3985,0.38878348214285724,22.700733333333346,47.06505416666667,0.0,0.0,0.0,0.0,474.2432,7441.922641534393,0.0
2025-10-10,0,17,2:50-3:00,422.185,0.0,0.312,0.29974196428571437,25.313333333333276,47.33688750000016,447.4983333333333,447.4983333333333,447.4983333333333,0.0,0.0,7441.922641534393,0.0
2025-10-10,0,18,3:00-3:10,424.91204999999997,0.0,0.2907,0.27780625,30.31393333333324,57.96797857142862,1288.5593166666665,1288.5593166666665,1288.5593166666665,833.3333333333333,0.0,8191.922641534393,0.0
2025-10-10,0,19,3:10-3:20,443.3021,0.0,0.3488,0.33577321428571427,21.010483333333354,54.87944464285705,464.31258333333335,464.31258333333335,464.31258333333335,0.0,0.0,8191.922641534393,0.0
2025-10-10,0,20,3:20-3:30,445.59833333333336,0.0,0.3843,0.37000892857142853,14.325000000000045,48.404151785714234,0.0,0.0,0.0,0.0,459.9233333333334,7680.896715608467,0.0
2025-10-10,0,21,3:30-3:40,423.6997833333333,0.0,0.2971,0.2812633928571429,14.955516666666654,61.66342023809533,1271.9886333333332,1271.9886333333332,1271.9886333333332,833.3333333333333,0.0,8430.896715608467,0.0
2025-10-10,0,22,3:40-3:50,435.7851333333333,0.0,0.3068,0.29287455357142855,11.606683333333308,43.517393452380986,447.3918166666666,447.3918166666666,447.3918166666666,0.0,0.0,8430.896715608467,0.0
2025-10-10,0,23,3:50-4:00,468.6816666666667,0.0,0.4033,0.39240982142857145,22.063333333333276,25.18916666666675,0.0,0.0,0.0,0.0,490.74499999999995,7885.624493386245,0.0
2025-10-10,0,24,4:00-4:10,454.51045,0.0,0.3632,0.35082455357142855,19.524783333333346,33.73775595238095,474.03523333333334,474.03523333333334,474.03523333333334,0.0,0.0,7885.624493386245,0.0
2025-10-10,0,25,4:10-4:20,453.9647666666666,0.00024047619047619048,0.3399,0.32907589285714284,27.99879999999996,34.50930773809529,481.9633261904761,481.9633261904761,481.9633261904761,0.0,0.0,7885.624493386245,0.0
2025-10-10,0,26,4:20-4:30,469.40999999999997,0.0,0.3646,0.35776473214285714,19.398333333333312,61.60061666666654,0.0,0.0,0.0,0.0,488.8083333333333,7342.504123015875,0.0
2025-10-10,0,27,4:30-4:40,441.57756666666666,0.0,0.3123,0.3036017857142857,28.97088571428577,82.13081904761921,470.5484523809524,470.5484523809524,470.5484523809524,0.0,0.0,7342.504123015875,0.0
2025-10-10,0,28,4:40-4:50,427.15501666666665,0.003583333333333333,0.3067,0.29700624999999997,29.26902142857142,100.76150595238073,456.42045476190475,456.42045476190475,456.42045476190475,0.0,0.0,7342.504123015875,0.0
2025-10-10,0,29,4:50-5:00,438.8083333333333,0.0,0.3616,0.3529013392857143,21.918333333333408,99.7508541666667,460.7266666666667,460.7266666666667,460.7266666666667,0.0,0.0,7342.504123015875,0.0
2025-10-10,0,30,5:00-5:10,431.70876666666663,0.0,0.3604,0.34981116071428564,21.903735714285745,134.4928333333334,453.6125023809524,453.6125023809524,453.6125023809524,0.0,0.0,7342.504123015875,0.0
2025-10-10,0,31,5:10-5:20,426.0776333333333,0.049911904761904755,0.3617,0.35487142857142856,19.992983333333314,154.43353690476198,446.0207047619047,446.0207047619047,446.0207047619047,0.0,0.0,7342.504123015875,0.0
2025-10-10,0,32,5:20-5:30,435.73,0.0,0.3667,0.3694129464285713,25.49333333333334,222.90096250000045,0.0,0.0,0.0,0.0,461.22333333333336,6830.033752645504,0.0
2025-10-10,0,33,5:30-5:40,450.9675,0.0,0.3414,0.34948526785714273,26.572440476190536,412.0722422619049,477.5399404761905,477.5399404761905,477.5399404761905,0.0,0.0,6830.033752645504,0.0
2025-10-10,0,34,5:40-5:50,462.09916666666663,0.6952095238095237,0.5065,0.5131767857142857,26.829340476190453,498.459155357143,0.0,0.0,0.0,0.0,488.23329761904756,6287.552310846562,0.0
2025-10-10,0,35,5:50-6:00,462.7083333333333,0.0,0.766,0.7709812500000002,40.559226190476124,516.1680809523812,0.0,0.0,0.0,0.0,503.26755952380944,5728.366133597885,0.0
2025-10-10,0,36,6:00-6:10,452.5713666666666,0.17973571428571428,0.7771,0.7886388392857144,40.14623095238096,562.4423517857145,0.0,0.0,0.0,0.0,492.5378619047619,5181.101842592594,0.0
2025-10-10,0,37,6:10-6:20,443.6894666666667,17.288204761904762,0.7268,0.7419325892857142,42.09227380952382,611.164116666667,0.0,0.0,0.0,0.0,468.49353571428577,4660.553469576719,0.0
2025-10-10,0,38,6:20-6:30,439.93833333333333,64.23928571428571,0.7254,0.7388763392857144,39.564642857142644,647.6175767857146,0.0,0.0,0.0,0.0,415.2636904761903,4199.149369047619,0.0
2025-10-10,0,39,6:30-6:40,444.26935000000003,116.1534261904762,0.7061,0.7207017857142856,51.405883333333236,630.8287226190478,0.0,0.0,0.0,0.0,379.5218071428571,3777.4584722222226,0.0
2025-10-10,0,40,6:40-6:50,496.3407666666667,170.09324761904762,0.7371,0.7495214285714288,49.55339999999998,737.2481404761903,0.0,0.0,0.0,0.0,375.8009190476191,3359.901895502646,0.0
2025-10-10,0,41,6:50-7:00,549.78,226.6544642857143,0.7669,0.7759763392857144,49.613273809523776,794.691863095238,0.0,0.0,0.0,0.0,372.73880952380944,2945.7476626984135,0.0
2025-10-10,0,42,7:00-7:10,514.4136833333333,285.14853095238084,0.6665,0.6799352678571431,53.53828095238083,771.8612220238097,0.0,0.0,0.0,0.0,282.8034333333334,2631.521625661376,0.0
2025-10-10,0,43,7:10-7:20,500.02396666666664,345.5670357142857,0.6105,0.6247593750000003,63.07131904761911,775.0487244047623,0.0,0.0,0.0,0.0,217.52825000000007,2389.8235701058206,0.0
2025-10-10,0,44,7:20-7:30,527.2383333333332,407.5991071428571,0.6221,0.6311946428571428,64.36755952380935,802.1727000000005,0.0,0.0,0.0,0.0,184.0067857142855,2185.3715859788367,0.0
2025-10-10,0,45,7:30-7:40,511.6948666666666,469.6491809523809,0.5747,0.5816133928571425,60.74443333333329,795.1820303571432,0.0,0.0,0.0,0.0,102.79011904761899,2071.160342592593,0.0
2025-10-10,0,46,7:40-7:50,506.67606666666666,527.3724595238095,0.6471,0.6538544642857145,58.086980952381055,769.1726898809526,0.0,0.0,0.0,0.0,37.39058809523817,2029.6152447089953,0.0
2025-10-10,0,47,7:50-8:00,529.4649999999999,585.6455357142856,0.8268,0.8328611607142861,55.59529761904764,746.6537202380957,0.0,0.0,0.0,-0.0,21.647529761918175,2005.5624338624195,0.0
2025-10-10,0,48,8:00-8:10,535.9974333333332,653.0592404761906,0.886,0.8896133928571429,45.475521428571255,725.0061904761908,0.0,0.0,0.0,71.58628571428606,0.0,2069.990091005277,0.0
2025-10-10,0,49,8:10-8:20,525.2056333333333,714.3996738095238,0.8196,0.8189611607142856,65.67844285714284,695.027600595238,0.0,0.0,0.0,123.51559761904775,0.0,2181.1541288624207,0.0
2025-10-10,0,50,8:20-8:30,520.785,770.0428571428572,0.7421,0.7393611607142857,67.79351190476189,720.527719642857,0.0,0.0,0.0,-0.0,178.85235407141644,1982.4292910052914,0.0
2025-10-10,0,51,8:30-8:40,546.0921999999999,834.2185619047619,0.7667,0.7677263392857144,80.91542380952387,704.1863619047622,0.0,0.0,0.0,207.21093809523813,0.0,2168.9191352910057,0.0
2025-10-10,0,52,8:40-8:50,571.8604,890.8284452380951,0.7656,0.7651642857142859,66.4316714285714,645.9553488095237,0.0,0.0,0.0,252.53637380952364,0.0,2396.2018717195774,0.0
2025-10-10,0,53,8:50-9:00,592.4966666666667,935.4419642857142,0.713,0.7089361607142856,96.67386904761912,567.1351696428576,0.0,0.0,0.0,-0.0,575.1487732380954,1757.1476792328046,0.0
2025-10-10,0,54,9:00-9:10,626.5636,980.8579857142855,0.7044,0.7075660714285713,100.93400714285718,501.43291130952423,0.0,0.0,0.0,0.0,0.0,1757.1476792328044,0.0
2025-10-10,0,55,9:10-9:20,643.2059333333333,1030.5570857142857,0.6773,0.6808196428571429,89.85923333333342,414.0901244047624,0.0,0.0,0.0,0.0,0.0,1757.1476792328037,0.0
2025-10-10,0,56,9:20-9:30,641.1216666666667,1078.9919642857144,0.6494,0.6486428571428572,99.9611904761905,438.8632553571437,0.0,0.0,0.0,6.642938712523131,0.0,1763.1263240740745,0.0
2025-10-10,0,57,9:30-9:40,647.8074999999999,1120.496080952381,0.7054,0.7108897321428571,94.96855952380952,506.8136916666672,0.0,0.0,0.0,34.38812389770726,0.0,1794.075635582011,0.0
2025-10-10,0,58,9:40-9:50,638.4571833333333,1173.3469595238093,0.7189,0.6996544642857144,96.24492857142866,514.6380511904762,0.0,0.0,0.0,0.0,0.0,1794.075635582011,0.0
2025-10-10,0,59,9:50-10:00,614.7166666666667,1227.4035714285712,0.6413,0.5798017857142856,97.75178571428546,509.4977297619051,0.0,0.0,0.0,0.0,0.0,1794.0756355820108,0.0
2025-10-10,0,60,10:00-10:10,607.74975,1253.227007142857,0.5556,0.49346116071428564,96.33378809523781,534.6680720238097,0.0,0.0,0.0,549.1434690476194,0.0,2288.3047577248685,0.0
2025-10-10,0,61,10:10-10:20,607.7754666666666,1280.576388095238,0.5384,0.48305401785714286,85.69655000000034,539.0406297619043,0.0,0.0,0.0,587.1043714285709,-0.0,2816.6986920105824,0.0
2025-10-10,0,62,10:20-10:30,616.0799999999999,1319.9491071428572,0.5737,0.5109026785714283,83.85886904761901,496.74191428571413,0.0,0.0,0.0,-0.0,833.3333333333333,1890.7727660846563,0.0
2025-10-10,0,63,10:30-10:40,641.9426,1349.9823523809523,0.5545,0.48713169642857146,101.52066190476216,524.6864208333332,0.0,0.0,0.0,606.5190904761903,-0.0,2436.6399475132275,0.0
2025-10-10,0,64,10:40-10:50,642.1107499999999,1360.5378523809522,0.3789,0.3338321428571428,100.92227619047594,508.605280357143,0.0,0.0,0.0,617.504826190476,0.0,2992.3942910846554,0.0
2025-10-10,0,65,10:50-11:00,616.0933333333332,1365.2535714285714,0.1686,0.15697412500000002,97.4755357142858,467.9335488095238,0.0,0.0,0.0,-0.0,833.3333333333333,2066.4683651587293,0.0
2025-10-10,0,66,11:00-11:10,609.6100666666666,1388.3188428571425,0.1585,0.14936383928571434,79.66298095238102,479.988248214286,0.0,0.0,0.0,4.52234934583224e-13,0.0,2066.46836515873,0.0
2025-10-10,0,67,11:10-11:20,627.6763666666666,1414.436421428571,0.1609,0.14596741071428568,97.1908833333332,463.6773047619051,0.0,0.0,0.0,689.5691714285704,0.0,2687.0806194444435,0.0
2025-10-10,0,68,11:20-11:30,641.4449999999999,1433.5571428571425,0.101,0.09100500000000003,140.60642857142852,467.6988720238097,0.0,0.0,0.0,0.0,644.7915021428555,1970.6456170634926,0.0
2025-10-10,0,69,11:30-11:40,618.6452666666667,1448.6020619047617,0.0924,0.08365233928571426,109.82508333333334,484.0626952380967,0.0,0.0,0.0,-0.0,0.0,1970.6456170634926,0.0
2025-10-10,0,70,11:40-11:50,603.3914,1453.4411619047619,0.1231,0.10808710714285714,131.03591904761913,532.7216630952389,0.0,0.0,0.0,-0.0,0.0,1970.6456170634929,0.0
2025-10-10,0,71,11:50-12:00,609.1016666666667,1449.798214285714,0.1377,0.12141394642857141,124.6736309523805,693.5810553571437,0.0,0.0,0.0,716.0229166666663,0.0,2615.0662420634926,0.0
2025-10-10,0,72,12:00-12:10,608.6672666666666,1447.001652380952,0.1022,0.0947135535714286,131.09095476190464,779.2113083333336,0.0,0.0,0.0,-0.0,388.17969523809484,2183.7554695767203,0.0
2025-10-10,0,73,12:10-12:20,612.3081999999999,1443.9485904761905,0.1007,0.09346041071428571,126.047069047619,885.3799226190481,0.0,0.0,0.0,95.59028806584325,0.0,2269.7867288359794,0.0
2025-10-10,0,74,12:20-12:30,623.16,1443.4321428571425,0.1322,0.11775675000000005,122.27404761904768,962.8080559523814,0.0,0.0,0.0,697.9980952380948,0.0,2897.9850145502646,0.0
2025-10-10,0,75,12:30-12:40,624.88465,1448.5464452380952,0.1328,0.12094605357142858,113.78910952380966,978.489752380953,0.0,0.0,0.0,709.8726857142856,0.0,3536.8704316931226,0.0
2025-10-10,0,76,12:40-12:50,593.7487833333332,1438.3336571428572,0.2361,0.22130580357142862,107.10373809523799,956.982319642858,0.0,0.0,0.0,737.481135714286,0.0,4200.60345383598,0.0
2025-10-10,0,77,12:50-13:00,564.2449999999999,1413.3035714285716,0.4072,0.3853352678571428,90.45910714285719,931.4026702380957,0.0,0.0,0.0,758.5994642857145,0.0,4883.342971693123,0.0
2025-10-10,0,78,13:00-13:10,594.6859333333333,1392.4642857142856,0.4606,0.43593794642857137,65.60818333333327,895.7107059523815,0.0,0.0,0.0,732.170169047619,0.0,5542.29612383598,0.0
2025-10-10,0,79,13:10-13:20,603.7372833333333,1359.8238571428572,0.482,0.4608995535714286,66.75075714285731,868.1484559523815,0.0,0.0,0.0,689.3358166666666,0.0,6162.69835883598,0.0
2025-10-10,0,80,13:20-13:30,579.7466666666667,1318.092857142857,0.5427,0.5290660714285714,65.61577380952366,795.082880357143,0.0,0.0,0.0,672.7304166666665,0.0,6768.15573383598,0.0
2025-10-10,0,81,13:30-13:40,588.1278833333333,1289.904507142857,0.6179,0.6077459821428572,83.28279761904764,691.0785648809523,0.0,0.0,0.0,618.4938261904759,-0.0,7324.800177407408,0.0
2025-10-10,0,82,13:40-13:50,584.7700666666666,1266.6796833333333,0.6405,0.6107607142857141,74.7460642857144,670.8148083333333,0.0,0.0,0.0,607.1635523809522,-0.0,7871.247374550265,0.0
2025-10-10,0,83,13:50-14:00,570.2249999999999,1234.424107142857,0.6368,0.5783169642857144,83.001488095238,657.7240613095239,0.0,0.0,0.0,581.1976190476194,-0.0,8394.325231693123,0.0
2025-10-10,0,84,14:00-14:10,591.9037833333333,1188.1306523809521,0.6845,0.623602232142857,62.14054047619054,544.0622279761905,0.0,0.0,0.0,534.0863285714285,0.0,8875.002927407408,0.0
2025-10-10,0,85,14:10-14:20,595.2096833333333,1146.9238023809523,0.6676,0.6105486607142859,64.603469047619,519.6388095238095,0.0,0.0,0.0,487.11065000000013,0.0,9313.402512407409,0.0
2025-10-10,0,86,14:20-14:30,575.5999999999999,1112.15,0.6305,0.5692803571428569,77.20821428571449,515.0726619047616,0.0,0.0,0.0,459.3417857142856,0.0,9726.810119550266,0.0
2025-10-10,0,87,14:30-14:40,586.55345,1066.3368857142857,0.7159,0.6517499999999999,64.52734047619029,466.5395964285714,0.0,0.0,0.0,415.2560952380955,0.0,10100.540605264552,0.0
2025-10-10,0,88,14:40-14:50,608.9974166666666,1011.6390000000001,0.6375,0.5931058035714285,57.28868333333355,433.9812089285713,0.0,0.0,0.0,345.3528999999999,-0.0,10411.358215264552,0.0
2025-10-10,0,89,14:50-15:00,623.1883333333333,950.3008928571427,0.4334,0.41942946428571426,71.11124999999998,393.22877559523806,0.0,0.0,0.0,-0.0,145.83377466666607,10249.320687857147,0.0
2025-10-10,0,90,15:00-15:10,624.2530999999999,882.0050714285713,0.443,0.43511473214285706,51.981314285714234,326.32537261904787,0.0,0.0,0.0,205.7706571428572,0.0,10434.514279285719,0.0
2025-10-10,0,91,15:10-15:20,595.4149333333332,816.162857142857,0.4865,0.477521875,57.18507619047608,231.3025005952377,0.0,0.0,0.0,163.5628476190476,0.0,10581.72084214286,0.0
2025-10-10,0,92,15:20-15:30,558.535,757.05,0.4636,0.45675000000000016,75.90065476190489,235.3426422619046,0.0,0.0,0.0,122.6143452380951,0.0,10692.073752857146,0.0
2025-10-10,0,93,15:30-15:40,558.37425,701.2258095238095,0.4661,0.45754642857142863,51.51393333333317,194.95798690476184,0.0,0.0,0.0,91.33762619047639,0.0,10774.277616428575,0.0
2025-10-10,0,94,15:40-15:50,565.1568666666667,645.0587571428571,0.4945,0.48408437500000007,51.32146428571423,196.90565952380933,0.0,0.0,0.0,28.580426190477738,0.0,10800.0,0.0
2025-10-10,0,95,15:50-16:00,555.5816666666666,589.0616071428572,0.511,0.4999531250000001,49.508095238095166,234.51770833333302,16.028154761904602,16.028154761904602,16.028154761904602,0.0,-0.0,10800.0,0.0
2025-10-10,0,96,16:00-16:10,539.73065,535.3179976190477,0.4976,0.48524732142857147,63.016883333333226,232.98471666666654,67.42953571428552,67.42953571428552,67.42953571428552,-0.0,0.0,10800.0,0.0
2025-10-10,0,97,16:10-16:20,556.2551833333333,476.23078571428573,0.5612,0.5518982142857144,62.99529999999993,205.1547422619048,143.01969761904752,143.01969761904752,143.01969761904752,0.0,0.0,10800.0,0.0
2025-10-10,0,98,16:20-16:30,589.4716666666666,412.3973214285714,0.658,0.6531803571428573,55.830892857142885,180.471776190476,232.90523809523808,232.90523809523808,232.90523809523808,-0.0,0.0,10800.0,0.0
2025-10-10,0,99,16:30-16:40,577.3667166666667,352.1221690476191,0.6308,0.6232616071428572,49.966326190476195,192.8419904761899,275.2108738095237,275.2108738095237,275.2108738095237,0.0,0.0,10800.0,0.0
2025-10-10,0,100,16:40-16:50,518.5955166666666,292.1069761904762,0.591,0.5808691964285713,35.819428571428716,174.52006845238122,262.30796904761917,262.30796904761917,262.30796904761917,0.0,0.0,10800.0,0.0
2025-10-10,0,101,16:50-17:00,454.99499999999995,230.76071428571424,0.6104,0.6024499999999999,47.18410714285713,145.37258988095215,271.41839285714286,271.41839285714286,271.41839285714286,0.0,0.0,10800.0,0.0
2025-10-10,0,102,17:00-17:10,437.50846666666666,171.11744047619044,0.6558,0.6518508928571428,41.78924047619046,119.07778035714227,308.1802666666667,308.1802666666667,308.1802666666667,0.0,0.0,10800.0,0.0
2025-10-10,0,103,17:10-17:20,444.62131666666664,115.67965238095238,0.709,0.704900892857143,38.17000476190492,100.45824940476156,367.1116690476192,367.1116690476192,367.1116690476192,0.0,0.0,10800.0,0.0
2025-10-10,0,104,17:20-17:30,447.4316666666667,63.77946428571429,0.7297,0.7224558035714287,34.508333333333326,106.7022261904761,418.1605357142857,418.1605357142857,418.1605357142857,0.0,0.0,10800.0,0.0
2025-10-10,0,105,17:30-17:40,435.865,17.02972619047619,0.7096,0.7026116071428571,23.463373809523773,75.67037619047599,442.2986476190476,442.2986476190476,442.2986476190476,0.0,0.0,10800.0,0.0
2025-10-10,0,106,17:40-17:50,429.96169999999995,0.05560238095238096,0.8569,0.8496758928571432,28.01391190476204,63.930782142857254,457.9200095238096,457.9200095238096,457.9200095238096,0.0,-0.0,10800.0,0.0
2025-10-10,0,107,17:50-18:00,432.515,0.0,1.1004,1.0907580357142856,29.85833333333335,92.89664047619053,0.0,0.0,0.0,0.0,462.37333333333333,10286.251851851852,0.0
2025-10-10,0,108,18:00-18:10,428.44793333333337,0.7043309523809522,1.1413,1.129146875,18.97882380952376,78.92475297619049,0.0,0.0,0.0,0.0,446.7224261904762,9789.8936005291,0.0
2025-10-10,0,109,18:10-18:20,429.1675333333333,0.0,1.1013,1.0846665178571429,31.790766666666627,70.46329999999995,0.0,0.0,0.0,0.0,460.95829999999995,9277.71771164021,0.0
2025-10-10,0,110,18:20-18:30,438.08500000000004,0.0,1.0939,1.0741919642857143,35.08166666666659,81.81437916666678,0.0,0.0,0.0,0.0,473.16666666666663,8751.97697089947,0.0
2025-10-10,0,111,18:30-18:40,446.48024999999996,0.05056904761904761,1.1092,1.0897767857142857,19.583885714285657,59.014005357142764,0.0,0.0,0.0,0.0,466.0135666666666,8234.184119047619,0.0
2025-10-10,0,112,18:40-18:50,456.17566666666664,0.0,1.1154,1.0728816964285712,20.83939285714291,62.1019339285711,0.0,0.0,0.0,0.0,477.01505952380955,7704.167386243386,0.0
2025-10-10,0,113,18:50-19:00,460.80333333333334,0.0,1.1009,1.0261513392857144,18.808333333333394,65.15008749999984,0.0,0.0,0.0,0.0,479.61166666666674,7171.265534391534,0.0
2025-10-10,0,114,19:00-19:10,452.3823333333333,0.003630952380952381,1.0845,1.0117620535714287,25.735950000000116,45.797141071428484,0.0,0.0,0.0,0.0,478.11465238095246,6640.027031746031,0.0
2025-10-10,0,115,19:10-19:20,458.35518333333334,0.0,1.106,1.0382450892857142,19.05006904761899,49.09253988095247,0.0,0.0,0.0,0.0,477.40525238095233,6109.576751322751,0.0
2025-10-10,0,116,19:20-19:30,467.75666666666666,0.0,1.1366,1.0628633928571427,25.318333333333385,55.11214107142854,0.0,0.0,0.0,0.0,493.07500000000005,5561.71564021164,0.0
2025-10-10,0,117,19:30-19:40,444.29929999999996,0.0002404761904761905,1.1116,1.0380321428571428,24.690516666666667,55.8513690476193,0.0,0.0,0.0,0.0,468.98957619047616,5040.6161111111105,0.0
2025-10-10,0,118,19:40-19:50,436.8255333333333,0.0,1.1104,1.0387477678571433,10.778449999999907,56.040298214285684,0.0,0.0,0.0,0.0,447.6039833333332,4543.278351851852,0.0
2025-10-10,0,119,19:50-20:00,445.0283333333333,0.0,1.1367,1.0650553571428574,28.12333333333345,40.6824583333331,0.0,0.0,0.0,0.0,473.15166666666676,4017.5542777777773,0.0
2025-10-10,0,120,20:00-20:10,424.3388333333333,0.0,1.115,1.0440468750000003,23.35368333333338,60.31418869047593,0.0,0.0,0.0,0.0,447.6925166666667,3520.1181481481476,0.0
2025-10-10,0,121,20:10-20:20,433.4719333333333,0.0,1.1014,1.032808482142857,18.746149999999943,71.6873,0.0,0.0,0.0,0.0,452.21808333333325,3017.653611111111,0.0
2025-10-10,0,122,20:20-20:30,478.5833333333333,0.0,1.1374,1.0678531249999998,19.358333333333462,77.93134999999987,0.0,0.0,0.0,0.0,497.9416666666668,2464.385092592592,0.0
2025-10-10,0,123,20:30-20:40,498.67564999999996,0.0,1.1747,1.0988285714285715,23.876166666666563,62.29147083333359,0.0,0.0,0.0,0.0,522.5518166666666,1883.7719629629626,0.0
2025-10-10,0,124,20:40-20:50,481.78,0.0,1.0164,0.9585165178571426,19.999766666666574,65.43430416666695,0.0,0.0,0.0,0.0,501.77976666666655,1326.2388888888886,0.0
2025-10-10,0,125,20:50-21:00,451.83500000000004,0.0,0.7722,0.7456276785714285,12.735000000000014,108.84185000000008,465.6808127572021,465.6808127572021,465.6808127572021,1.1108127572020343,0.0,1327.2386203703704,0.0
2025-10-10,0,126,21:00-21:10,442.46976666666666,0.0,0.7595,0.7346294642857145,10.192283333333307,114.51475833333333,452.66204999999997,452.66204999999997,452.66204999999997,0.0,0.0,1327.2386203703704,0.0
2025-10-10,0,127,21:10-21:20,436.53614999999996,0.0,0.7661,0.7361312499999998,21.240016666666634,89.09691666666686,457.7761666666666,457.7761666666666,457.7761666666666,0.0,0.0,1327.2386203703704,0.0
2025-10-10,0,128,21:20-21:30,439.94333333333327,0.0,0.739,0.7111098214285713,24.04833333333329,81.98874583333328,463.99166666666656,463.99166666666656,463.99166666666656,0.0,0.0,1327.2386203703704,0.0
2025-10-10,0,129,21:30-21:40,465.9179833333333,0.0,0.802,0.7741473214285713,28.234483333333287,76.46033333333325,451.9871499999997,451.9871499999997,451.9871499999997,0.0,42.1653166666669,1280.3882685185183,0.0
2025-10-10,0,130,21:40-21:50,419.99235,0.0,0.6261,0.5972959821428573,35.69796666666673,72.34944166666654,448.01607083333363,448.01607083333363,448.01607083333363,0.0,7.674245833333111,1271.8613287037037,0.0
2025-10-10,0,131,21:50-22:00,340.62,0.0,0.293,0.26500535714285717,19.988333333333344,64.6751958333333,1193.9416666666666,1193.9416666666666,1193.9416666666666,833.3333333333333,0.0,2021.8613287037037,0.0
2025-10-10,0,132,22:00-22:10,365.0884,0.0,0.2493,0.22382991071428576,8.84263333333331,43.48707083333326,1207.2643666666665,1207.2643666666665,1207.2643666666665,833.3333333333333,0.0,2771.8613287037037,0.0
2025-10-10,0,133,22:10-22:20,390.54835,0.0,0.3008,0.2736611607142857,10.497516666666684,41.87750416666668,1234.3791999999999,1234.3791999999999,1234.3791999999999,833.3333333333333,0.0,3521.8613287037037,0.0
2025-10-10,0,134,22:20-22:30,377.2416666666666,0.0,0.307,0.27571964285714284,27.039999999999964,50.58763749999994,1237.6149999999998,1237.6149999999998,1237.6149999999998,833.3333333333333,0.0,4271.861328703704,0.0
2025-10-10,0,135,22:30-22:40,388.0027666666666,0.0,0.326,0.2956129464285714,25.824666666666758,56.37465416666663,667.3148458847731,667.3148458847731,667.3148458847731,253.48741255143977,0.0,4500.0,0.0
2025-10-10,0,136,22:40-22:50,398.0326666666666,0.0,0.3343,0.3046026785714285,23.923900000000003,50.46505833333339,421.9565666666666,421.9565666666666,421.9565666666666,0.0,0.0,4500.0,0.0
2025-10-10,0,137,22:50-23:00,394.30499999999995,0.0,0.3319,0.3028607142857142,15.530000000000086,84.87107083333314,409.83500000000004,409.83500000000004,409.83500000000004,0.0,0.0,4500.0,0.0
2025-10-10,0,138,23:00-23:10,396.39750000000004,0.0,0.3479,0.3248174107142856,24.648683333333338,96.44535833333316,421.0461833333334,421.0461833333334,421.0461833333334,0.0,0.0,4500.0,0.0
2025-10-10,0,139,23:10-23:20,413.28364999999997,0.0,0.3461,0.32583750000000006,18.814049999999952,81.15479583333328,432.0976999999999,432.0976999999999,432.0976999999999,0.0,0.0,4500.0,0.0
2025-10-10,0,140,23:20-23:30,432.53166666666664,0.0,0.3326,0.3104928571428571,31.328333333333376,50.41932499999987,463.86,463.86,463.86,0.0,0.0,4500.0,0.0
2025-10-10,0,141,23:30-23:40,431.16166666666663,0.0,0.3443,0.3220843750000001,15.29421666666667,43.01395833333321,446.4558833333333,446.4558833333333,446.4558833333333,0.0,0.0,4500.0,0.0
2025-10-10,0,142,23:40-23:50,417.4440333333333,0.0,0.312,0.2883491071428571,31.924633333333418,34.473495833333175,1282.702,1282.702,1282.702,833.3333333333333,0.0,5250.0,0.0
2025-10-10,0,143,23:50-24:00,406.90999999999997,0.0,0.2564,0.2313616071428571,27.690000000000055,29.833333333333286,1267.9333333333334,1267.9333333333334,1267.9333333333334,833.3333333333333,0.0,6000.0,0.0
2025-10-11,0,0,0:00-0:10,409.7948666666667,0.0,0.2778,0.25737723214285724,26.24459999999999,61.98757499999988,1269.3727999999999,1269.3727999999999,1269.3727999999999,833.3333333333333,0.0,7257.032453374404,0.0
2025-10-11,0,1,0:10-0:20,418.2708,0.0,0.3301,0.30946473214285725,14.830983333333393,46.90793333333313,433.1017833333334,433.1017833333334,433.1017833333334,0.0,0.0,7257.032453374404,0.0
2025-10-11,0,2,0:20-0:30,422.4216666666667,0.0,0.35,0.32554062500000003,18.645000000000095,39.83848333333316,441.0666666666668,441.0666666666668,441.0666666666668,0.0,0.0,7257.032453374404,0.0
2025-10-11,0,3,0:30-0:40,419.37901666666664,0.0,0.3159,0.2926147321428571,17.660700000000077,40.64790833333326,1270.37305,1270.37305,1270.37305,833.3333333333333,0.0,8007.032453374404,0.0
2025-10-11,0,4,0:40-0:50,423.64214999999996,0.0,0.2893,0.2656767857142857,19.60598333333337,62.48562916666653,1276.5814666666665,1276.5814666666665,1276.5814666666665,833.3333333333333,0.0,8757.032453374404,0.0
2025-10-11,0,5,0:50-1:00,427.95333333333326,0.0,0.3088,0.28378839285714297,17.953333333333376,39.85395000000001,1279.2399999999998,1279.2399999999998,1279.2399999999998,833.3333333333333,0.0,9507.032453374404,0.0
2025-10-11,0,6,1:00-1:10,411.6033666666666,0.0,0.3586,0.3385486607142857,24.798033333333308,53.310416666666555,436.4013999999999,436.4013999999999,436.4013999999999,0.0,0.0,9507.032453374404,0.0
2025-10-11,0,7,1:10-1:20,403.11465,0.0,0.3816,0.3649419642857143,22.527400000000057,34.522899999999936,0.0,0.0,0.0,0.0,425.64205000000004,9034.096842263292,0.0
2025-10-11,0,8,1:20-1:30,415.1133333333333,0.0,0.3704,0.3527133928571428,15.403333333333308,66.76323035714267,430.5166666666666,430.5166666666666,430.5166666666666,0.0,0.0,9034.096842263292,0.0
2025-10-11,0,9,1:30-1:40,429.8246333333333,0.0,0.3645,0.34618839285714287,24.153149999999982,81.11326011904754,453.97778333333326,453.97778333333326,453.97778333333326,0.0,0.0,9034.096842263292,0.0
2025-10-11,0,10,1:40-1:50,423.2260166666666,0.0,0.3515,0.33254553571428574,18.15883333333329,66.3367303571427,441.3848499999999,441.3848499999999,441.3848499999999,0.0,0.0,9034.096842263292,0.0
2025-10-11,0,11,1:50-2:00,401.73499999999996,0.0,0.3381,0.3188799107142857,16.796666666666624,51.16052083333332,418.5316666666666,418.5316666666666,418.5316666666666,0.0,0.0,9034.096842263292,0.0
2025-10-11,0,12,2:00-2:10,397.54246666666666,0.0,0.3447,0.3270870535714285,25.5542333333334,42.528051785714155,423.09670000000006,423.09670000000006,423.09670000000006,0.0,0.0,9034.096842263292,0.0
2025-10-11,0,13,2:10-2:20,418.25305000000003,0.0,0.3178,0.3007232142857143,28.37751666666668,36.214462499999826,446.6305666666667,446.6305666666667,446.6305666666667,0.0,0.0,9034.096842263292,0.0
2025-10-11,0,14,2:20-2:30,443.94166666666666,0.0,0.2836,0.26728214285714286,12.270000000000095,51.89954583333309,1289.545,1289.545,1289.545,833.3333333333333,0.0,9784.096842263292,0.0
2025-10-11,0,15,2:30-2:40,444.18101666666666,0.0,0.3241,0.3126205357142857,17.55453333333344,48.46049999999991,461.7355500000001,461.7355500000001,461.7355500000001,0.0,0.0,9784.096842263292,0.0
2025-10-11,0,16,2:40-2:50,430.70776666666666,0.0,0.3525,0.3428040178571429,23.137249999999995,46.62853750000002,453.84501666666665,453.84501666666665,453.84501666666665,0.0,0.0,9784.096842263292,0.0
2025-10-11,0,17,2:50-3:00,426.7966666666667,0.0,0.3318,0.3196120535714286,25.313333333333276,45.896037500000205,452.10999999999996,452.10999999999996,452.10999999999996,0.0,0.0,9784.096842263292,0.0
2025-10-11,0,18,3:00-3:10,443.26161666666667,0.0,0.3149,0.3017294642857144,30.31393333333324,55.32971190476191,473.5755499999999,473.5755499999999,473.5755499999999,0.0,0.0,9784.096842263292,0.0
2025-10-11,0,19,3:10-3:20,440.4045166666666,0.0,0.343,0.3296897321428571,21.010483333333354,52.64583214285699,461.41499999999996,461.41499999999996,461.41499999999996,0.0,0.0,9784.096842263292,0.0
2025-10-11,0,20,3:20-3:30,420.36833333333334,0.0,0.3811,0.36737187500000007,14.325000000000045,45.87118511904748,0.0,0.0,0.0,0.0,434.6933333333334,9301.1042496707,0.0
2025-10-11,0,21,3:30-3:40,425.6344333333333,0.0,0.3574,0.3433455357142858,16.39636666666661,59.02515357142862,442.0307999999999,442.0307999999999,442.0307999999999,0.0,0.0,9301.1042496707,0.0
2025-10-11,0,22,3:40-3:50,442.40815,0.0,0.3344,0.3215446428571428,12.804100000000062,42.35507678571422,455.21225000000004,455.21225000000004,455.21225000000004,0.0,0.0,9301.1042496707,0.0
2025-10-11,0,23,3:50-4:00,448.61833333333334,0.0,0.3352,0.32344508928571425,22.063333333333276,25.18916666666675,470.6816666666666,470.6816666666666,470.6816666666666,0.0,0.0,9301.1042496707,0.0
2025-10-11,0,24,4:00-4:10,440.57865,0.0,0.3218,0.30844419642857135,19.384383333333403,31.925032142857077,459.9630333333334,459.9630333333334,459.9630333333334,0.0,0.0,9301.1042496707,0.0
2025-10-11,0,25,4:10-4:20,459.3684333333333,0.000269047619047619,0.3082,0.29677276785714285,28.883116666666638,33.62499107142861,488.2512809523809,488.2512809523809,488.2512809523809,0.0,0.0,9301.1042496707,0.0
2025-10-11,0,26,4:20-4:30,484.1833333333333,0.0,0.3203,0.3134299107142856,19.398333333333312,61.60061666666654,503.5816666666666,503.5816666666666,503.5816666666666,0.0,0.0,9301.1042496707,0.0
2025-10-11,0,27,4:30-4:40,456.56573333333336,0.0,0.3672,0.3601455357142858,28.97088571428577,87.2154571428573,485.5366190476191,485.5366190476191,485.5366190476191,0.0,0.0,9301.1042496707,0.0
2025-10-11,0,28,4:40-4:50,454.7226166666667,0.0037404761904761903,0.4004,0.39246473214285726,29.26902142857142,99.14840595238098,0.0,0.0,0.0,0.0,483.9878976190476,8763.339918982869,0.0
2025-10-11,0,29,4:50-5:00,483.94999999999993,0.0,0.3945,0.38622589285714287,21.918333333333408,104.83549226190482,0.0,0.0,0.0,0.0,505.86833333333334,8201.263993056942,0.0
2025-10-11,0,30,5:00-5:10,471.89715,0.0,0.3691,0.35887857142857144,21.903735714285745,139.57747142857153,493.80088571428576,493.80088571428576,493.80088571428576,0.0,0.0,8201.263993056942,0.0
2025-10-11,0,31,5:10-5:20,463.9233333333333,0.052111904761904755,0.3705,0.36362366071428565,19.992983333333314,160.5456720238096,0.0,0.0,0.0,0.0,483.8642047619047,7663.637098877048,0.0
2025-10-11,0,32,5:20-5:30,462.72333333333336,0.0,0.3603,0.36150714285714286,23.671666666666624,235.80457678571477,165.75896220113367,165.75896220113367,165.75896220113367,0.0,320.6360377988663,7307.374834656085,0.0
2025-10-11,0,33,5:30-5:40,429.3156833333333,0.0,0.3016,0.30706026785714285,25.56844523809525,423.15418988095246,454.88412857142856,454.88412857142856,454.88412857142856,0.0,0.0,7307.374834656085,0.0
2025-10-11,0,34,5:40-5:50,445.71034999999995,0.725847619047619,0.5023,0.5067906249999999,24.642283333333353,508.53710773809536,0.0,0.0,0.0,0.0,469.6267857142857,6785.567294973545,0.0
2025-10-11,0,35,5:50-6:00,501.82,0.0,0.8369,0.8414450892857143,40.559226190476124,524.0589761904763,0.0,0.0,0.0,0.0,542.3792261904762,6182.92371031746,0.0
2025-10-11,0,36,6:00-6:10,498.4302666666666,0.0,0.843,0.8555428571428573,40.14623095238096,570.3332470238098,0.0,0.0,0.0,0.0,538.5764976190476,5584.50537962963,0.0
2025-10-11,0,37,6:10-6:20,470.99069999999995,14.540730952380954,0.7794,0.795282142857143,42.09227380952382,619.0550119047623,0.0,0.0,0.0,0.0,498.5422428571428,5030.569554232805,0.0
2025-10-11,0,38,6:20-6:30,457.4583333333333,58.58660714285714,0.7903,0.8031901785714286,41.05398809523808,655.5084720238099,0.0,0.0,0.0,0.0,439.92571428571426,4541.763205026456,0.0
2025-10-11,0,39,6:30-6:40,462.86508333333336,109.07128809523809,0.7606,0.7740223214285714,44.873371428571545,640.2089630952385,0.0,0.0,0.0,0.0,398.66716666666684,4098.799686507937,0.0
2025-10-11,0,40,6:40-6:50,490.0489333333333,163.11404047619044,0.737,0.747590625,49.55339999999998,746.0618702380955,0.0,0.0,0.0,0.0,376.4882928571428,3680.4793611111113,0.0
2025-10-11,0,41,6:50-7:00,529.3533333333332,219.3392857142857,0.7285,0.7358714285714286,49.613273809523776,803.505592857143,0.0,0.0,0.0,0.0,359.62732142857135,3280.8934484126985,0.0
2025-10-11,0,42,7:00-7:10,561.1832833333333,275.17351428571425,0.6918,0.7060901785714285,53.53828095238083,781.461945833334,0.0,0.0,0.0,0.0,339.5480499999998,2903.6178373015878,0.0
2025-10-11,0,43,7:10-7:20,575.6925333333334,334.72387857142854,0.6934,0.7094017857142855,67.8268095238094,784.6494482142865,0.0,0.0,0.0,0.0,308.7954642857142,2560.5117658730164,0.0
2025-10-11,0,44,7:20-7:30,572.1933333333333,398.7107142857143,0.6955,0.7051388392857142,64.36755952380935,816.5289142857149,0.0,0.0,0.0,0.0,237.85017857142827,2296.2337896825406,0.0
2025-10-11,0,45,7:30-7:40,556.5788666666666,462.69407142857136,0.6189,0.6266258928571425,60.74443333333329,809.5382446428578,0.0,0.0,0.0,0.0,154.62922857142854,2124.4235357142866,0.0
2025-10-11,0,46,7:40-7:50,535.1887833333333,522.3045166666666,0.7316,0.7396767857142859,58.086980952381055,783.5289041666672,0.0,0.0,0.0,0.0,70.97124761904774,2045.5665939153446,0.0
2025-10-11,0,47,7:50-8:00,525.035,581.3285714285714,0.9583,0.9656441964285711,55.59529761904764,761.0099345238101,0.0,0.0,0.0,0.0,21.647529761938927,2021.5137830687459,0.0
2025-10-11,0,48,8:00-8:10,539.5348666666666,646.0279928571429,0.9309,0.9359526785714284,45.475521428571255,739.3624047619053,0.0,0.0,0.0,61.01760476190316,0.0,2076.4296273544605,0.0
2025-10-11,0,49,8:10-8:20,537.0402333333333,701.4454738095238,0.8302,0.8315125,65.67844285714284,713.0749059523812,0.0,0.0,0.0,98.72679761904647,0.0,2165.2837452116014,0.0
2025-10-11,0,50,8:20-8:30,503.9816666666666,754.7473214285715,0.7795,0.7784191964285714,67.79351190476189,761.6572642857144,0.0,0.0,0.0,-0.0,127.78236057139299,2023.3033445767203,0.0
2025-10-11,0,51,8:30-8:40,478.89225,827.4982523809523,0.7289,0.7294941964285716,80.91542380952387,740.9730101190482,0.0,0.0,0.0,-0.0,66.75916488095247,1949.1264947089953,0.0
2025-10-11,0,52,8:40-8:50,535.4273499999999,890.1597428571429,0.7288,0.728042410714286,66.4316714285714,674.2138452380959,0.0,0.0,0.0,288.3007214285715,0.0,2208.5971439947098,0.0
2025-10-11,0,53,8:50-9:00,631.8,931.3267857142857,0.7725,0.7698446428571428,96.67386904761912,664.3084934523805,0.0,0.0,0.0,-0.0,291.06092602381074,1885.1961150793645,0.0
2025-10-11,0,54,9:00-9:10,646.5508833333333,970.1267904761904,0.7852,0.7888330357142858,96.82401904761903,616.6765035714282,0.0,0.0,0.0,226.7518880952381,0.0,2089.2728143650793,0.0
2025-10-11,0,55,9:10-9:20,631.8729666666666,1021.9985880952381,0.7601,0.7643852678571429,86.3660023809523,519.7192113095235,0.0,0.0,0.0,-0.0,232.73099304761928,1830.6828220899467,0.0
2025-10-11,0,56,9:20-9:30,623.1833333333333,1079.0160714285714,0.722,0.7235736607142852,99.9611904761905,567.6145398809521,0.0,0.0,0.0,355.87154761904765,-0.0,2150.96721494709,0.0
2025-10-11,0,57,9:30-9:40,608.0974166666666,1121.5110523809522,0.7003,0.7068540178571429,94.96855952380952,603.8714958333328,0.0,0.0,0.0,0.0,-0.0,2150.96721494709,0.0
2025-10-11,0,58,9:40-9:50,626.1122833333333,1169.8040357142854,0.6871,0.6680299107142857,96.24492857142866,598.923573214285,0.0,0.0,0.0,-0.0,240.61043630952406,1883.6222857142852,0.0
2025-10-11,0,59,9:50-10:00,659.6733333333333,1221.6473214285713,0.6706,0.6104258928571428,97.75178571428546,615.2600571428566,0.0,0.0,0.0,-0.0,9.355430357143177,1873.2273630952373,0.0
2025-10-11,0,60,10:00-10:10,647.2928499999999,1252.91115,0.6474,0.5879794642857142,72.46978333333323,605.9046267857136,0.0,0.0,0.0,533.1485166666668,0.0,2353.061028095237,0.0
2025-10-11,0,61,10:10-10:20,632.2860833333333,1282.127445238095,0.6282,0.5755589285714284,85.69655000000034,588.5404499999999,0.0,0.0,0.0,-0.0,450.4997104047609,1852.5057943121692,0.0
2025-10-11,0,62,10:20-10:30,633.56,1315.1267857142857,0.6337,0.5728241071428573,83.85886904761901,587.2552148809523,0.0,0.0,0.0,52.184342298646925,-0.0,1899.4717023809515,0.0
2025-10-11,0,63,10:30-10:40,626.3518833333333,1337.812976190476,0.6486,0.5834888392857144,101.52066190476216,629.5245321428561,0.0,0.0,0.0,347.5853078189295,0.0,2212.2984794179883,0.0
2025-10-11,0,64,10:40-10:50,616.6606833333333,1351.4292999999998,0.5001,0.45680223214285703,100.92227619047594,613.4433916666659,0.0,0.0,0.0,633.8463404761904,0.0,2782.7601858465596,0.0
2025-10-11,0,65,10:50-11:00,616.375,1364.44375,0.2683,0.2571174107142857,94.32755952380938,577.593169047619,0.0,0.0,0.0,-0.0,833.3333333333333,1856.834259920634,0.0
2025-10-11,0,66,11:00-11:10,626.0648,1385.7093404761902,0.2251,0.21734017857142854,70.97718809523826,591.1508339285706,0.0,0.0,0.0,688.6673523809516,0.0,2476.6348770634904,0.0
2025-10-11,0,67,11:10-11:20,613.20245,1412.841969047619,0.2491,0.23580357142857147,85.17278571428608,558.9459940476185,0.0,0.0,0.0,0.0,0.0,2476.6348770634904,0.0
2025-10-11,0,68,11:20-11:30,598.7883333333333,1434.6812499999999,0.2382,0.2255892857142857,94.75488095238128,550.949463690476,0.0,0.0,0.0,0.0,0.0,2476.634877063491,0.0
2025-10-11,0,69,11:30-11:40,631.5373,1441.142495238095,0.2077,0.19714107142857146,102.91106428571425,528.669842857144,0.0,0.0,0.0,-0.0,0.0,2476.634877063491,0.0
2025-10-11,0,70,11:40-11:50,629.0199833333334,1449.0899333333332,0.16,0.14706651785714284,127.5087880952384,571.9662333333335,0.0,0.0,0.0,-0.0,419.67289471428387,2010.3316607142865,0.0
2025-10-11,0,71,11:50-12:00,591.4633333333334,1457.5196428571428,0.132,0.11800857142857142,124.6736309523805,729.2984946428579,0.0,0.0,0.0,741.3826785714277,0.0,2677.5760714285716,0.0
2025-10-11,0,72,12:00-12:10,598.7924666666667,1450.581945238095,0.1699,0.1587504821428572,129.18430000000006,813.9448041666667,0.0,0.0,0.0,-0.0,411.9568035714291,2219.8462896825395,0.0
2025-10-11,0,73,12:10-12:20,589.7585333333333,1450.4828285714286,0.204,0.19265089285714285,102.84511428571432,917.8616607142854,0.0,0.0,0.0,66.94589947089909,0.0,2280.0975992063486,0.0
2025-10-11,0,74,12:20-12:30,569.3216666666666,1460.9214285714284,0.1877,0.1719464464285714,119.8409523809525,972.0878392857139,0.0,0.0,0.0,771.7588095238093,0.0,2974.680527777777,0.0
2025-10-11,0,75,12:30-12:40,608.2181833333333,1460.888304761905,0.1656,0.1498705535714286,113.78910952380966,985.3364404761904,0.0,0.0,0.0,738.881011904762,0.0,3639.673438492063,0.0
2025-10-11,0,76,12:40-12:50,632.7637,1444.199245238095,0.3184,0.30114241071428577,100.47944523809497,963.8290077380955,0.0,0.0,0.0,710.9561000000001,0.0,4279.533928492063,0.0
2025-10-11,0,77,12:50-13:00,613.6966666666666,1419.8776785714285,0.549,0.5275241071428571,90.45910714285719,930.016458333333,0.0,0.0,0.0,715.7219047619047,0.0,4923.683642777777,0.0
2025-10-11,0,78,13:00-13:10,595.7004499999999,1400.3464357142857,0.5696,0.545897767857143,65.60818333333327,894.3244940476189,0.0,0.0,0.0,739.0378023809525,0.0,5588.817664920634,0.0
2025-10-11,0,79,13:10-13:20,592.0659166666667,1368.2317785714285,0.5658,0.5457727678571428,66.75075714285731,866.7622440476189,0.0,0.0,0.0,709.4151047619046,0.0,6227.2912592063485,0.0
2025-10-11,0,80,13:20-13:30,594.9916666666666,1329.6982142857144,0.6161,0.6037825892857144,65.61577380952366,790.4794541666663,0.0,0.0,0.0,669.0907738095241,0.0,6829.47295563492,0.0
2025-10-11,0,81,13:30-13:40,593.0767333333333,1310.341969047619,0.6123,0.6022361607142858,83.28279761904764,686.4751386904755,0.0,0.0,0.0,633.982438095238,-0.0,7400.057149920634,0.0
2025-10-11,0,82,13:40-13:50,608.0429166666667,1289.9067166666666,0.6144,0.5838946428571428,74.7460642857144,666.2113821428566,0.0,0.0,0.0,607.1177357142856,-0.0,7946.463112063491,0.0
2025-10-11,0,83,13:50-14:00,627.5783333333333,1255.9419642857142,0.6444,0.584678125,83.001488095238,656.1710529761904,0.0,0.0,0.0,545.3621428571431,-0.0,8437.28904063492,0.0
2025-10-11,0,84,14:00-14:10,610.7029166666666,1214.6614499999998,0.6533,0.5898991071428572,62.14054047619054,544.1178267857141,0.0,0.0,0.0,541.8179928571427,0.0,8924.925234206348,0.0
2025-10-11,0,85,14:10-14:20,572.0760833333333,1168.5572642857142,0.6408,0.5835933035714284,64.603469047619,513.2392458333328,0.0,0.0,0.0,531.877711904762,-0.0,9403.615174920635,0.0
2025-10-11,0,86,14:20-14:30,552.3833333333333,1120.4508928571427,0.6569,0.5987017857142859,77.20821428571449,505.47361607142807,0.0,0.0,0.0,490.8593452380949,0.0,9845.38858563492,0.0
2025-10-11,0,87,14:30-14:40,580.6808,1072.4833095238096,0.7237,0.6592843750000001,64.52734047619029,456.9405505952377,0.0,0.0,0.0,427.27516904761933,0.0,10229.936237777778,0.0
2025-10-11,0,88,14:40-14:50,595.7198999999999,1018.3082214285715,0.6181,0.5723062499999998,57.28868333333355,424.3821630952376,0.0,0.0,0.0,365.29963809523815,-0.0,10558.705912063493,0.0
2025-10-11,0,89,14:50-15:00,577.5116666666667,952.5348214285715,0.413,0.40001741071428576,71.11124999999998,383.62972976190446,0.0,0.0,0.0,-0.0,275.94017414285446,10252.105718571433,0.0
2025-10-11,0,90,15:00-15:10,564.0711166666666,876.9961904761903,0.4217,0.4135732142857143,51.981314285714234,316.72632678571426,0.0,0.0,0.0,260.9437595238095,0.0,10486.955102142862,0.0
2025-10-11,0,91,15:10-15:20,568.94035,809.2123904761904,0.4914,0.4811928571428572,57.18507619047608,224.51278988095194,0.0,0.0,0.0,183.08696428571443,0.0,10651.733370000004,0.0
2025-10-11,0,92,15:20-15:30,584.43,751.6098214285714,0.5178,0.5107950892857143,75.90065476190489,237.64076726190436,0.0,0.0,0.0,91.27916666666658,0.0,10733.884620000004,0.0
2025-10-11,0,93,15:30-15:40,588.9199333333333,691.5845523809523,0.548,0.5401089285714286,45.30816666666675,186.14662440476155,0.0,0.0,0.0,57.35645238095502,0.0,10785.505427142863,0.0
2025-10-11,0,94,15:40-15:50,564.7754833333333,632.2020285714284,0.5639,0.555449107142857,51.32146428571423,182.6917220238092,0.0,0.0,0.0,16.105080952387652,0.0,10800.0,0.0
2025-10-11,0,95,15:50-16:00,542.5433333333333,577.5821428571428,0.5679,0.5599397321428571,53.44386904761916,221.50119583333276,18.405059523809655,18.405059523809655,18.405059523809655,0.0,-0.0,10800.0,0.0
2025-10-11,0,96,16:00-16:10,565.9302833333334,526.1851095238095,0.5864,0.5760959821428572,65.06448095238113,223.69949880952367,104.809654761905,104.809654761905,104.809654761905,-0.0,0.0,10800.0,0.0
2025-10-11,0,97,16:10-16:20,549.5618999999999,466.77727142857145,0.5928,0.5840325892857142,62.99529999999993,198.1191892857144,145.7799285714284,145.7799285714284,145.7799285714284,0.0,0.0,10800.0,0.0
2025-10-11,0,98,16:20-16:30,520.54,400.72499999999997,0.6128,0.6084892857142857,55.830892857142885,171.64249761904782,175.64589285714288,175.64589285714288,175.64589285714288,-0.0,0.0,10800.0,0.0
2025-10-11,0,99,16:30-16:40,578.5600166666666,340.2958261904762,0.6912,0.6859406250000001,49.966326190476195,183.39927440476183,288.2305166666665,288.2305166666665,288.2305166666665,0.0,0.0,10800.0,0.0
2025-10-11,0,100,16:40-16:50,544.24465,281.6451809523809,0.6934,0.6856089285714287,42.2538571428571,162.49130773809608,304.8533261904762,304.8533261904762,304.8533261904762,0.0,0.0,10800.0,0.0
2025-10-11,0,101,16:50-17:00,430.895,222.2491071428571,0.6392,0.6319486607142858,47.18410714285713,141.91124583333337,255.82999999999998,255.82999999999998,255.82999999999998,0.0,0.0,10800.0,0.0
2025-10-11,0,102,17:00-17:10,438.4572333333333,164.75983095238092,0.6854,0.6820955357142858,41.78924047619046,115.0029988095236,315.48664285714284,315.48664285714284,315.48664285714284,0.0,0.0,10800.0,0.0
2025-10-11,0,103,17:10-17:20,462.67215,110.44281666666666,0.7387,0.7354156249999998,40.56485476190471,97.64976250000011,392.79418809523804,392.79418809523804,392.79418809523804,0.0,0.0,10800.0,0.0
2025-10-11,0,104,17:20-17:30,442.8516666666667,59.286607142857136,0.7357,0.7290138392857143,35.326249999999845,102.43625000000014,418.8913095238094,418.8913095238094,418.8913095238094,0.0,0.0,10800.0,0.0
2025-10-11,0,105,17:30-17:40,428.8535,14.735523809523809,0.7382,0.7319151785714286,26.911433333333207,72.22231666666656,441.0294095238094,441.0294095238094,441.0294095238094,0.0,0.0,10800.0,0.0
2025-10-11,0,106,17:40-17:50,423.0967833333333,0.0,0.9185,0.9117526785714286,28.01391190476204,66.21425714285698,451.11069523809533,451.11069523809533,451.11069523809533,0.0,0.0,10800.0,0.0
2025-10-11,0,107,17:50-18:00,425.58500000000004,0.0,1.1548,1.145034375,29.85833333333335,94.31271726190491,0.0,0.0,0.0,0.0,455.4433333333334,10293.951851851853,0.0
2025-10-11,0,108,18:00-18:10,441.5247,0.7291928571428571,1.1377,1.125414732142857,18.97882380952376,81.36652083333342,0.0,0.0,0.0,0.0,459.7743309523809,9783.091484126984,0.0
2025-10-11,0,109,18:10-18:20,454.70655,0.0,1.0791,1.0629495535714286,31.790766666666627,75.59975238095234,0.0,0.0,0.0,0.0,486.4973166666666,9242.53891005291,0.0
2025-10-11,0,110,18:20-18:30,464.6866666666666,0.0,1.1079,1.0891410714285716,35.08166666666659,81.81437916666678,0.0,0.0,0.0,0.0,499.7683333333332,8687.240761904763,0.0
2025-10-11,0,111,18:30-18:40,479.5282666666667,0.052352380952380956,1.1416,1.1225571428571428,19.583885714285657,64.6061244047618,0.0,0.0,0.0,0.0,499.0598,8132.729873015874,0.0
2025-10-11,0,112,18:40-18:50,459.6320333333333,0.0,1.1233,1.0802999999999998,20.83939285714291,68.60538630952342,0.0,0.0,0.0,0.0,480.4714261904762,7598.872732804233,0.0
2025-10-11,0,113,18:50-19:00,427.45333333333326,0.0,1.077,1.0012549107142854,18.808333333333394,70.74220654761888,0.0,0.0,0.0,0.0,446.26166666666666,7103.0264365079365,0.0
2025-10-11,0,114,19:00-19:10,446.6245833333333,0.003759523809523809,1.0766,1.0029321428571427,20.599497619047725,51.38926011904752,0.0,0.0,0.0,0.0,467.2203214285715,6583.892746031746,0.0
2025-10-11,0,115,19:10-19:20,452.75429999999994,0.0,1.1071,1.0397,19.05006904761899,49.09253988095247,0.0,0.0,0.0,0.0,471.80436904761893,6059.6656693121695,0.0
2025-10-11,0,116,19:20-19:30,441.515,0.0,1.1476,1.0754102678571427,25.318333333333385,56.452610714285726,0.0,0.0,0.0,0.0,466.83333333333337,5540.961965608465,0.0
2025-10-11,0,117,19:30-19:40,469.80634999999995,0.00026904761904761906,1.1845,1.1112651785714285,24.690516666666667,57.67403571428588,0.0,0.0,0.0,0.0,494.4965976190476,4991.521301587301,0.0
2025-10-11,0,118,19:40-19:50,472.02028333333334,0.0,1.166,1.0929370535714285,8.95578333333333,60.722377976190444,0.0,0.0,0.0,0.0,480.97606666666667,4457.103449735449,0.0
2025-10-11,0,119,19:50-20:00,444.76,0.0,1.1179,1.0445508928571428,25.226666666666688,43.541871428571284,0.0,0.0,0.0,0.0,469.9866666666667,3934.8960423280423,0.0
2025-10-11,0,120,20:00-20:10,454.0937833333333,0.0,1.1193,1.0479495535714287,23.35368333333338,60.165174404761615,0.0,0.0,0.0,0.0,477.4474666666667,3404.398857142857,0.0
2025-10-11,0,121,20:10-20:20,469.86584999999997,0.0,1.1178,1.0486013392857145,18.89516428571426,71.71806488095226,0.0,0.0,0.0,0.0,488.7610142857142,2861.3310634920635,0.0
2025-10-11,0,122,20:20-20:30,467.56666666666666,0.0,1.1197,1.0479964285714287,19.358333333333462,77.62329583333312,0.0,0.0,0.0,0.0,486.9250000000001,2320.3032857142857,0.0
2025-10-11,0,123,20:30-20:40,454.9144833333333,0.0,1.1566,1.0789174107142858,23.335833333333312,63.35732916666666,0.0,0.0,0.0,0.0,478.2503166666666,1788.914044973545,0.0
2025-10-11,0,124,20:40-20:50,445.56646666666666,0.0,1.0098,0.9514495535714288,19.999766666666574,65.49797500000005,44.694705357142425,44.694705357142425,44.694705357142425,0.0,420.8715279761908,1321.2790138888886,0.0
2025-10-11,0,125,20:50-21:00,453.47333333333336,0.0,0.7719,0.7456495535714288,13.016666666666765,109.15111249999981,473.68024176954754,473.68024176954754,473.68024176954754,7.190241769547407,0.0,1327.7502314814813,0.0
2025-10-11,0,126,21:00-21:10,480.0228833333333,0.0,0.7704,0.7455191964285716,10.192283333333307,114.97520833333314,490.2151666666666,490.2151666666666,490.2151666666666,0.0,0.0,1327.7502314814813,0.0
2025-10-11,0,127,21:10-21:20,482.5907833333333,0.0,0.7863,0.7564754464285715,20.779566666666824,89.94880416666669,503.37035000000014,503.37035000000014,503.37035000000014,0.0,0.0,1327.7502314814813,0.0
2025-10-11,0,128,21:20-21:30,471.8533333333333,0.0,0.7677,0.7401750000000001,24.04833333333329,82.51066249999998,495.9016666666666,495.9016666666666,495.9016666666666,0.0,0.0,1327.7502314814813,0.0
2025-10-11,0,129,21:30-21:40,487.9711666666667,0.0,0.8445,0.8155620535714287,27.71256666666659,76.98224999999995,471.3002791666668,471.3002791666668,471.3002791666668,0.0,44.383454166666475,1278.4352824074074,0.0
2025-10-11,0,130,21:40-21:50,438.96494999999993,0.0,0.666,0.6361169642857144,35.69796666666673,70.59175416666656,489.60766460905353,489.60766460905353,489.60766460905353,14.944747942386886,0.0,1291.8855555555556,0.0
2025-10-11,0,131,21:50-22:00,360.63666666666666,0.0,0.3249,0.2974450892857143,19.988333333333344,82.69699999999995,1213.9583333333333,1213.9583333333333,1213.9583333333333,833.3333333333333,0.0,2041.8855555555556,0.0
2025-10-11,0,132,22:00-22:10,386.7029666666666,0.0,0.3001,0.2754986607142857,11.18621666666661,78.66699999999999,1231.2225166666665,1231.2225166666665,1231.2225166666665,833.3333333333333,0.0,2791.8855555555556,0.0
2025-10-11,0,133,22:10-22:20,402.9496833333333,0.0,0.36,0.33434107142857156,10.497516666666684,46.70632916666662,413.4472,413.4472,413.4472,0.0,0.0,2791.8855555555556,0.0
2025-10-11,0,134,22:20-22:30,379.33,0.0,0.3456,0.31636517857142865,31.596666666666692,45.10664999999992,541.0270781892998,541.0270781892998,541.0270781892998,130.1004115226331,0.0,2908.9759259259254,0.0
2025-10-11,0,135,22:30-22:40,398.38348333333334,0.0,0.3307,0.3008183035714286,26.84140000000002,55.35792083333337,1258.5582166666666,1258.5582166666666,1258.5582166666666,833.3333333333333,0.0,3658.9759259259254,0.0
2025-10-11,0,136,22:40-22:50,405.0802,0.0,0.2963,0.26651741071428575,23.923900000000003,54.948533333333586,1262.3374333333331,1262.3374333333331,1262.3374333333331,833.3333333333333,0.0,4408.975925925925,0.0
2025-10-11,0,137,22:50-23:00,394.47499999999997,0.0,0.2688,0.2400415178571429,22.45500000000004,75.29514583333344,1250.2633333333333,1250.2633333333333,1250.2633333333333,833.3333333333333,0.0,5158.975925925925,0.0
2025-10-11,0,138,23:00-23:10,418.76223333333337,0.0,0.313,0.28870133928571423,24.041433333333316,99.56252916666679,1276.137,1276.137,1276.137,833.3333333333333,0.0,5908.975925925925,0.0
2025-10-11,0,139,23:10-23:20,418.1903333333333,0.0,0.3647,0.3429441964285714,15.176849999999945,88.01645833333342,433.36718333333323,433.36718333333323,433.36718333333323,0.0,0.0,5908.975925925925,0.0
2025-10-11,0,140,23:20-23:30,392.94999999999993,0.0,0.362,0.33965580357142855,31.328333333333376,57.14788750000011,424.2783333333333,424.2783333333333,424.2783333333333,0.0,0.0,5908.975925925925,0.0
2025-10-11,0,141,23:30-23:40,415.6653833333333,0.0,0.3127,0.29019999999999996,15.29421666666667,51.68035833333339,1264.2929333333332,1264.2929333333332,1264.2929333333332,833.3333333333333,0.0,6658.975925925925,0.0
2025-10-11,0,142,23:40-23:50,491.53291666666667,0.0,0.3523,0.32863080357142854,23.258233333333237,44.38420416666676,514.7911499999999,514.7911499999999,514.7911499999999,0.0,0.0,6658.975925925925,0.0
2025-10-11,0,143,23:50-24:00,570.1066666666666,0.0,0.4384,0.41413660714285705,22.97166666666658,33.43666666666675,0.0,0.0,0.0,0.0,593.0783333333331,6000.0,0.0
2025-10-12,0,0,0:00-0:10,589.088,0.0,0.4012,0.38120312500000003,24.783233333333328,63.44894166666654,1447.2045666666666,1447.2045666666666,1447.2045666666666,833.3333333333333,0.0,7390.824169186508,0.0
2025-10-12,0,1,0:10-0:20,588.0681833333333,0.0,0.3917,0.3709616071428571,14.830983333333393,47.72873749999982,1436.2325,1436.2325,1436.2325,833.3333333333333,0.0,8140.824169186508,0.0
2025-10-12,0,2,0:20-0:30,588.5233333333333,0.0,0.4384,0.4140758928571429,18.645000000000095,41.139262499999816,607.1683333333334,607.1683333333334,607.1683333333334,0.0,0.0,8140.824169186508,0.0
2025-10-12,0,3,0:30-0:40,578.5431833333333,0.0,0.4212,0.39889330357142866,14.377483333333316,44.60081250000002,1426.254,1426.254,1426.254,833.3333333333333,0.0,8890.824169186508,0.0
2025-10-12,0,4,0:40-0:50,586.9272333333333,0.0,0.439,0.4161558035714285,18.661183333333383,62.85411666666651,605.5884166666667,605.5884166666667,605.5884166666667,0.0,0.0,8890.824169186508,0.0
2025-10-12,0,5,0:50-1:00,613.165,0.0,0.4907,0.4652290178571428,17.953333333333376,41.44856249999995,631.1183333333333,631.1183333333333,631.1183333333333,0.0,0.0,8890.824169186508,0.0
2025-10-12,0,6,1:00-1:10,622.3339833333333,0.0,0.467,0.4460205357142858,23.679666666666662,46.27143749999999,646.01365,646.01365,646.01365,0.0,0.0,8890.824169186508,0.0
2025-10-12,0,7,1:10-1:20,602.7973333333333,0.0,0.4496,0.4332066964285713,21.91181666666671,33.69952083333334,624.70915,624.70915,624.70915,0.0,0.0,8890.824169186508,0.0
2025-10-12,0,8,1:20-1:30,573.0533333333333,0.0,0.4556,0.4394732142857142,16.271666666666704,68.48426785714268,589.325,589.325,589.325,0.0,0.0,8890.824169186508,0.0
2025-10-12,0,9,1:30-1:40,566.5576333333333,0.0,0.4192,0.4014084821428572,24.153149999999982,82.04937261904753,1045.3505953483245,1045.3505953483245,1045.3505953483245,454.6398120149913,0.0,9300.0,0.0
2025-10-12,0,10,1:40-1:50,580.6811499999999,0.0,0.3954,0.37638437500000005,18.049350000000004,68.51333869047615,1432.0638333333332,1432.0638333333332,1432.0638333333332,833.3333333333333,0.0,10050.0,0.0
2025-10-12,0,11,1:50-2:00,594.05,0.0,0.4214,0.4025352678571427,16.796666666666624,49.486354166666814,610.8466666666666,610.8466666666666,610.8466666666666,0.0,0.0,10050.0,0.0
2025-10-12,0,12,2:00-2:10,586.3095833333333,0.0,0.47,0.4521102678571428,27.29774999999995,42.11639345238099,613.6073333333333,613.6073333333333,613.6073333333333,0.0,0.0,10050.0,0.0
2025-10-12,0,13,2:10-2:20,578.3092833333333,0.0,0.4591,0.4419187500000001,28.285049999999956,36.30692916666655,606.5943333333332,606.5943333333332,606.5943333333332,0.0,0.0,10050.0,0.0
2025-10-12,0,14,2:20-2:30,584.97,0.0,0.4148,0.39966116071428587,12.270000000000095,52.74842083333307,1430.5733333333333,1430.5733333333333,1430.5733333333333,833.3333333333333,0.0,10800.0,0.0
2025-10-12,0,15,2:30-2:40,602.9040833333333,0.0,0.4392,0.42933660714285715,17.55453333333344,49.75419583333321,620.4586166666668,620.4586166666668,620.4586166666668,0.0,0.0,10800.0,0.0
2025-10-12,0,16,2:40-2:50,620.4971166666667,0.0,0.4559,0.4468062500000001,22.700733333333346,49.28429166666662,643.19785,643.19785,643.19785,0.0,0.0,10800.0,0.0
2025-10-12,0,17,2:50-3:00,616.8333333333333,0.0,0.4409,0.42849151785714273,25.313333333333276,50.41708750000021,642.1466666666665,642.1466666666665,642.1466666666665,0.0,0.0,10800.0,0.0
2025-10-12,0,18,3:00-3:10,583.3098333333332,0.0,0.4474,0.43525267857142874,27.354949999999974,57.56088333333342,610.6647833333332,610.6647833333332,610.6647833333332,0.0,0.0,10800.0,0.0
2025-10-12,0,19,3:10-3:20,586.21525,0.0,0.4473,0.4337116071428571,19.448416666666617,54.207898809523726,605.6636666666666,605.6636666666666,605.6636666666666,0.0,0.0,10800.0,0.0
2025-10-12,0,20,3:20-3:30,618.3483333333334,0.0,0.4321,0.41554776785714287,14.325000000000045,45.87118511904748,632.6733333333334,632.6733333333334,632.6733333333334,0.0,0.0,10800.0,0.0
2025-10-12,0,21,3:30-3:40,608.3888166666666,0.0,0.4288,0.4141352678571429,16.39636666666661,53.868521428571526,624.7851833333332,624.7851833333332,624.7851833333332,0.0,0.0,10800.0,0.0
2025-10-12,0,22,3:40-3:50,595.8313666666666,0.0,0.4419,0.4303031250000001,12.804100000000062,38.63599821428569,608.6354666666666,608.6354666666666,608.6354666666666,0.0,0.0,10800.0,0.0
2025-10-12,0,23,3:50-4:00,605.9649999999999,0.0,0.4579,0.4470053571428571,22.063333333333276,25.18916666666675,628.0283333333332,628.0283333333332,628.0283333333332,0.0,0.0,10800.0,0.0
2025-10-12,0,24,4:00-4:10,620.3444499999999,0.0,0.4566,0.44450580357142844,19.384383333333403,33.782350595238086,639.7288333333333,639.7288333333333,639.7288333333333,0.0,0.0,10800.0,0.0
2025-10-12,0,25,4:10-4:20,618.5185333333333,0.0002380952380952381,0.438,0.42803571428571435,27.99879999999996,34.50930773809529,646.5170952380952,646.5170952380952,646.5170952380952,0.0,0.0,10800.0,0.0
2025-10-12,0,26,4:20-4:30,608.1466666666666,0.0,0.4305,0.42402812499999987,19.398333333333312,66.61828273809523,627.545,627.545,627.545,0.0,0.0,10800.0,0.0
2025-10-12,0,27,4:30-4:40,616.25825,0.0,0.4643,0.4557388392857142,28.97088571428577,82.04488095238133,645.2291357142858,645.2291357142858,645.2291357142858,0.0,0.0,10800.0,0.0
2025-10-12,0,28,4:40-4:50,634.4924666666666,0.003626190476190476,0.4871,0.4770549107142857,28.242933333333326,106.11031845238118,662.7317738095237,662.7317738095237,662.7317738095237,0.0,0.0,10800.0,0.0
2025-10-12,0,29,4:50-5:00,638.2983333333333,0.0,0.4655,0.4558674107142857,17.123333333333335,93.0385071428573,655.4216666666666,655.4216666666666,655.4216666666666,0.0,0.0,10800.0,0.0
2025-10-12,0,30,5:00-5:10,612.73745,0.0,0.4208,0.4094941964285714,21.03460238095232,131.12520595238112,633.7720523809523,633.7720523809523,633.7720523809523,-0.0,0.0,10800.0,0.0
2025-10-12,0,31,5:10-5:20,606.0250166666666,0.050511904761904765,0.4266,0.41910892857142856,19.992983333333314,151.2242732142858,625.967488095238,625.967488095238,625.967488095238,-0.0,0.0,10800.0,0.0
2025-10-12,0,32,5:20-5:30,604.2149999999999,0.0,0.4529,0.45433348214285724,23.671666666666624,197.43221726190507,627.8866666666665,627.8866666666665,627.8866666666665,0.0,0.0,10800.0,0.0
2025-10-12,0,33,5:30-5:40,565.71295,0.0,0.436,0.44198794642857137,25.56844523809525,384.7818303571428,591.2813952380952,591.2813952380952,591.2813952380952,-0.0,0.0,10800.0,0.0
2025-10-12,0,34,5:40-5:50,640.0804499999999,0.7035523809523809,0.6272,0.6313450892857144,24.280028571428545,470.16474821428557,663.6569261904762,663.6569261904762,663.6569261904762,-0.0,0.0,10800.0,0.0
2025-10-12,0,35,5:50-6:00,789.8833333333333,0.0,0.9396,0.9430950892857146,40.559226190476124,485.32436190476176,0.0,0.0,0.0,0.0,830.4425595238095,9877.286044973545,0.0
2025-10-12,0,36,6:00-6:10,814.7683999999999,0.0,1.0038,1.0167397321428568,40.14623095238096,531.5986327380953,21.581297619047632,21.581297619047632,21.581297619047632,0.0,833.3333333333333,8951.36011904762,0.0
2025-10-12,0,37,6:10-6:20,800.9340166666666,12.537328571428569,0.9848,1.0017714285714285,42.09227380952382,580.3203976190478,0.0,0.0,0.0,0.0,830.4889619047618,8028.594605820107,0.0
2025-10-12,0,38,6:20-6:30,810.0433333333333,53.82946428571427,0.9813,0.9944285714285716,41.05398809523808,616.7738577380953,0.0,0.0,0.0,0.0,797.2678571428571,7142.741431216932,0.0
2025-10-12,0,39,6:30-6:40,812.5473833333333,103.44350238095237,0.9201,0.9334013392857144,44.873371428571545,601.4743488095239,0.0,0.0,0.0,0.0,753.9772523809525,6304.988928571429,0.0
2025-10-12,0,40,6:40-6:50,808.8507166666666,156.18013571428568,0.8561,0.8665388392857144,49.55339999999998,707.3272559523808,0.0,0.0,0.0,0.0,702.2239809523809,5524.740060846561,0.0
2025-10-12,0,41,6:50-7:00,802.2866666666666,210.56517857142856,0.8224,0.8295973214285713,52.93553571428572,766.2603684523808,644.6570238095238,644.6570238095238,644.6570238095238,0.0,0.0,5524.740060846561,0.0
2025-10-12,0,42,7:00-7:10,795.8694666666667,266.5161809523809,0.8058,0.8199334821428572,53.53828095238083,749.2544297619052,582.8915666666667,582.8915666666667,582.8915666666667,0.0,0.0,5524.740060846561,0.0
2025-10-12,0,43,7:10-7:20,811.1904666666666,326.9684642857143,0.8265,0.8423142857142858,67.8268095238094,752.4419321428577,552.0488119047617,552.0488119047617,552.0488119047617,0.0,0.0,5524.740060846561,0.0
2025-10-12,0,44,7:20-7:30,812.5333333333333,391.3901785714286,0.8065,0.8161017857142862,64.36755952380935,784.3213982142861,485.51071428571413,485.51071428571413,485.51071428571413,0.0,0.0,5524.740060846561,0.0
2025-10-12,0,45,7:30-7:40,767.9541333333333,455.2076476190476,0.6871,0.6952718750000001,60.74443333333329,777.330728571429,1167.6663254262182,1167.6663254262182,1167.6663254262182,794.1754063785993,0.0,6239.497926587301,0.0
2025-10-12,0,46,7:40-7:50,893.3525,514.8085238095239,0.8856,0.8934562500000001,58.086980952381055,751.3213880952384,0.0,0.0,0.0,0.0,436.63095714285714,5754.352418650793,0.0
2025-10-12,0,47,7:50-8:00,1119.1516666666666,572.96875,1.272,1.2782464285714294,55.59529761904764,728.8024184523813,0.0,0.0,0.0,0.0,601.7782142857143,5085.709958333333,0.0
2025-10-12,0,48,8:00-8:10,1139.3171333333332,634.609138095238,1.2627,1.268188839285714,45.475521428571255,707.1548886904765,0.0,0.0,0.0,0.0,550.1835166666665,4474.394939814814,0.0
2025-10-12,0,49,8:10-8:20,1088.4635166666667,689.7545738095237,1.1196,1.1233763392857143,68.17415476190479,693.3099738095239,0.0,0.0,0.0,0.0,466.88309761904793,3955.635942460316,0.0
2025-10-12,0,50,8:20-8:30,1078.7933333333333,745.8223214285714,1.0577,1.0596580357142855,79.59511904761922,744.3880440476189,0.0,0.0,0.0,0.0,412.56613095238106,3497.229130291004,0.0
2025-10-12,0,51,8:30-8:40,1086.8870333333332,819.3052285714285,1.0409,1.043610714285714,85.90043571428566,733.6200136904768,0.0,0.0,0.0,0.0,353.4822404761902,3104.4710853174593,0.0
2025-10-12,0,52,8:40-8:50,1092.9654333333333,879.7636714285713,1.0869,1.088650446428572,76.81365714285721,671.8458607142861,0.0,0.0,0.0,0.0,290.01541904761916,2782.2317308201045,0.0
2025-10-12,0,53,8:50-9:00,1091.6983333333333,918.8928571428571,1.1213,1.1219776785714284,102.42190476190484,675.1505696428567,0.0,0.0,0.0,0.0,275.22738095238105,2476.4235297619034,0.0
2025-10-12,0,54,9:00-9:10,1089.6624333333332,960.2517190476188,1.0276,1.0323888392857141,96.82401904761903,644.4040690476189,0.0,0.0,0.0,0.0,226.23473333333334,2225.0516038359774,0.0
2025-10-12,0,55,9:10-9:20,1092.0929166666665,1017.5475714285714,0.9491,0.953017857142857,86.3660023809523,569.7216839285717,0.0,0.0,0.0,0.0,160.91134761904743,2046.2612175925915,0.0
2025-10-12,0,56,9:20-9:30,1085.3466666666666,1081.0928571428572,0.9409,0.9429040178571428,99.9611904761905,626.4830255952379,0.0,0.0,0.0,0.0,104.21499999999992,1930.4667731481472,0.0
2025-10-12,0,57,9:30-9:40,1054.6660333333332,1128.5233857142857,0.9248,0.933015625,94.96855952380952,620.4616077380947,0.0,0.0,0.0,0.0,21.111207142856983,1907.0098763227506,0.0
2025-10-12,0,58,9:40-9:50,1051.8222333333333,1168.531,0.9045,0.8879517857142857,96.24492857142866,636.3088886904757,0.0,0.0,0.0,20.46383809523786,0.0,1925.4273306084647,0.0
2025-10-12,0,59,9:50-10:00,1085.01,1207.1883928571428,0.8864,0.8285227678571429,97.75178571428546,648.3473708333329,0.0,0.0,0.0,24.426607142857392,0.0,1947.4112770370361,0.0
2025-10-12,0,60,10:00-10:10,1107.4813666666666,1242.2849476190474,0.8584,0.7997941964285715,72.46978333333323,669.5172303571431,0.0,0.0,0.0,62.33379761904757,0.0,2003.511694894179,0.0
2025-10-12,0,61,10:10-10:20,1095.8472499999998,1280.3679904761902,0.8168,0.764978125,85.69655000000034,676.5984553571432,0.0,0.0,0.0,98.8241904761901,0.0,2092.45346632275,0.0
2025-10-12,0,62,10:20-10:30,1067.03,1317.892857142857,0.804,0.745233482142857,83.85886904761901,675.3132202380956,0.0,0.0,0.0,167.00398809523813,0.0,2242.7570556084643,0.0
2025-10-12,0,63,10:30-10:40,1059.4295833333333,1342.0146095238094,0.8346,0.7713107142857145,101.52066190476216,692.1859964285709,0.0,0.0,0.0,181.06436428571396,0.0,2405.714983465607,0.0
2025-10-12,0,64,10:40-10:50,1062.9030166666666,1352.6920619047619,0.6585,0.6161830357142855,94.96471666666656,676.1048559523808,0.0,0.0,0.0,194.82432857142862,0.0,2581.056879179893,0.0
2025-10-12,0,65,10:50-11:00,1072.5049999999999,1362.6098214285714,0.4,0.38919955357142844,87.46577380952363,657.3774684523811,630.6942857142853,630.6942857142853,630.6942857142853,833.3333333333333,0.0,3331.0568791798923,0.0
2025-10-12,0,66,11:00-11:10,1090.1246833333332,1386.219652380952,0.4498,0.44188437499999994,67.20642142857145,675.9925726190472,0.0,0.0,0.0,228.88854761904736,0.0,3537.056572037035,0.0
2025-10-12,0,67,11:10-11:20,1076.8237333333332,1408.0628071428569,0.5125,0.4994062499999999,85.17278571428608,613.2934482142857,0.0,0.0,0.0,246.06628809523772,0.0,3758.5162313227493,0.0
2025-10-12,0,68,11:20-11:30,1043.6499999999999,1418.1874999999995,0.4457,0.43435758928571433,94.75488095238128,605.2969178571433,0.0,0.0,0.0,279.7826190476185,0.0,4010.320588465606,0.0
2025-10-12,0,69,11:30-11:40,1036.1151333333332,1421.8910976190475,0.4,0.3915214285714287,102.91106428571425,612.1030363095252,41.883044562024395,41.883044562024395,41.883044562024395,324.74794456202443,0.0,4302.593738571428,0.0
2025-10-12,0,70,11:40-11:50,1000.4671666666666,1432.2042000000001,0.3787,0.369403125,122.71997857142856,648.8719428571435,524.3162785714283,524.3162785714283,524.3162785714283,833.3333333333333,0.0,5052.593738571428,0.0
2025-10-12,0,71,11:50-12:00,958.29,1443.1901785714285,0.3545,0.3431026785714287,94.67660714285682,801.4153946428578,443.1097619047616,443.1097619047616,443.1097619047616,833.3333333333333,0.0,5802.593738571428,0.0
2025-10-12,0,72,12:00-12:10,988.9529166666666,1438.5295476190477,0.3247,0.3154732142857143,127.7971071428571,856.0646803571431,511.5538095238094,511.5538095238094,511.5538095238094,833.3333333333333,0.0,6552.593738571428,0.0
2025-10-12,0,73,12:10-12:20,1004.1636,1442.0131357142857,0.3397,0.3287816964285714,95.21683809523824,958.594344047619,490.7006357142859,490.7006357142859,490.7006357142859,833.3333333333333,0.0,7302.593738571428,0.0
2025-10-12,0,74,12:20-12:30,974.0416666666666,1456.1767857142854,0.3594,0.343771875,119.09244047619018,1005.1922464285713,470.29065476190476,470.29065476190476,470.29065476190476,833.3333333333333,0.0,8052.593738571428,0.0
2025-10-12,0,75,12:30-12:40,960.7243166666667,1457.5132642857143,0.3272,0.31263749999999996,111.5108880952381,1011.6217553571425,448.05527380952367,448.05527380952367,448.05527380952367,833.3333333333333,0.0,8802.593738571428,0.0
2025-10-12,0,76,12:40-12:50,987.1715999999999,1444.5880642857146,0.5167,0.5007553571428572,79.29939047619041,985.8125744047618,0.0,0.0,0.0,378.1170738095243,0.0,9142.899105,0.0
2025-10-12,0,77,12:50-13:00,1031.1433333333332,1426.4348214285712,0.8186,0.7970651785714283,83.7097023809522,930.819970238095,0.0,0.0,0.0,311.58178571428584,0.0,9423.322712142857,0.0
2025-10-12,0,78,13:00-13:10,1049.5535166666666,1410.2155452380953,0.8264,0.8029589285714287,59.675588095238254,888.3786011904758,0.0,0.0,0.0,300.9864404761904,0.0,9694.210508571428,0.0
2025-10-12,0,79,13:10-13:20,1052.1739333333333,1378.5752333333332,0.7966,0.7776004464285714,66.75075714285731,854.8837559523806,0.0,0.0,0.0,259.6505428571427,0.0,9927.895997142856,0.0
2025-10-12,0,80,13:20-13:30,1041.3383333333331,1339.467857142857,0.8371,0.8262008928571428,65.61577380952366,778.6009660714278,0.0,0.0,0.0,232.51375000000007,0.0,10137.158372142856,0.0
2025-10-12,0,81,13:30-13:40,1010.2033333333334,1319.7711595238093,0.7996,0.7911049107142855,83.28279761904764,674.5966505952374,0.0,0.0,0.0,226.28502857142826,0.0,10340.814897857143,0.0
2025-10-12,0,82,13:40-13:50,997.9222333333333,1297.1418285714287,0.7828,0.752092410714286,74.7460642857144,654.3328940476182,0.0,0.0,0.0,224.473530952381,0.0,10542.841075714285,0.0
2025-10-12,0,83,13:50-14:00,1023.2566666666667,1260.2223214285714,0.8539,0.7920383928571428,80.4831547619048,656.8906291666663,0.0,0.0,0.0,156.48249999999985,0.0,10683.675325714285,0.0
2025-10-12,0,84,14:00-14:10,1064.8602166666665,1218.7570047619047,0.9577,0.8937379464285712,62.14054047619054,542.3190696428569,0.0,0.0,0.0,91.7562476190476,0.0,10766.255948571428,0.0
2025-10-12,0,85,14:10-14:20,1072.1972666666666,1172.5139476190475,0.9493,0.8926491071428572,64.603469047619,498.8424244047614,0.0,0.0,0.0,35.71321190476192,0.0,10798.397839285713,0.0
2025-10-12,0,86,14:20-14:30,1050.4633333333331,1122.2446428571427,0.8937,0.8352267857142858,70.00113095238089,488.91184107142817,0.0,0.0,0.0,1.780178571428678,0.0,10800.0,0.0
2025-10-12,0,87,14:30-14:40,1044.7955166666666,1070.4402809523808,0.9675,0.9024933035714291,60.63567142857164,433.17169226190435,0.0,0.0,0.0,0.0,34.990907142857395,10761.121214285715,0.0
2025-10-12,0,88,14:40-14:50,1013.35095,1011.8085452380951,0.8885,0.8427165178571429,57.28868333333355,396.7216357142856,0.0,0.0,0.0,0.0,58.831088095238556,10695.75333862434,0.0
2025-10-12,0,89,14:50-15:00,981.8399999999999,943.7723214285713,0.6794,0.6677303571428571,79.80940476190474,355.96920238095237,117.8770833333333,117.8770833333333,117.8770833333333,0.0,0.0,10695.75333862434,0.0
2025-10-12,0,90,15:00-15:10,1024.8635666666667,871.1861023809525,0.673,0.6675334821428569,60.68462619047605,299.67549345238126,330.1917142269242,330.1917142269242,330.1917142269242,115.82962375073394,0.0,10800.0,0.0
2025-10-12,0,91,15:10-15:20,1056.6526166666665,809.0213238095237,0.7567,0.7485504464285715,57.18507619047608,216.41868273809482,304.816369047619,304.816369047619,304.816369047619,0.0,0.0,10800.0,0.0
2025-10-12,0,92,15:20-15:30,1041.7183333333332,756.5080357142857,0.7807,0.7736611607142857,75.90065476190489,235.6172404761901,361.1109523809524,361.1109523809524,361.1109523809524,0.0,0.0,10800.0,0.0
2025-10-12,0,93,15:30-15:40,1026.0287166666667,698.8160666666665,0.7225,0.7135995535714288,45.30816666666675,181.56746369047596,372.52081666666686,372.52081666666686,372.52081666666686,-0.0,0.0,10800.0,0.0
2025-10-12,0,94,15:40-15:50,1016.3607666666667,637.760057142857,0.7448,0.7355053571428574,51.32146428571423,174.59761488095208,429.9221738095239,429.9221738095239,429.9221738095239,0.0,0.0,10800.0,0.0
2025-10-12,0,95,15:50-16:00,1018.415,579.7401785714285,0.8325,0.8240598214285714,53.44386904761916,213.40708869047563,492.1186904761905,492.1186904761905,492.1186904761905,0.0,0.0,10800.0,0.0
2025-10-12,0,96,16:00-16:10,1036.8252666666667,527.2150714285714,0.8213,0.8104575892857145,65.06448095238113,215.60539166666655,574.6746761904764,574.6746761904764,574.6746761904764,0.0,0.0,10800.0,0.0
2025-10-12,0,97,16:10-16:20,1035.2430666666667,466.75665238095235,0.8352,0.8270973214285717,62.99529999999993,190.02508214285731,631.4817142857141,631.4817142857141,631.4817142857141,0.0,0.0,10800.0,0.0
2025-10-12,0,98,16:20-16:30,1016.6783333333333,398.6142857142857,0.8955,0.8928433035714284,63.92500000000001,163.5483904761907,681.9890476190476,681.9890476190476,681.9890476190476,0.0,-0.0,10800.0,0.0
2025-10-12,0,99,16:30-16:40,1016.4109333333333,336.36077857142857,0.8983,0.8925013392857143,49.966326190476195,183.39927440476183,730.0164809523809,730.0164809523809,730.0164809523809,0.0,0.0,10800.0,0.0
2025-10-12,0,100,16:40-16:50,1002.5490499999999,276.5148238095238,0.9395,0.9313531250000002,42.2538571428571,160.32635416666773,768.288083333333,768.288083333333,768.288083333333,0.0,-0.0,10800.0,0.0
2025-10-12,0,101,16:50-17:00,984.835,217.02142857142854,1.0161,1.0108450892857144,47.18410714285713,141.91124583333337,814.9976785714287,814.9976785714287,814.9976785714287,0.0,-0.0,10800.0,0.0
2025-10-12,0,102,17:00-17:10,1006.8647833333332,160.68623095238092,1.0185,1.015973214285714,41.78924047619046,115.0029988095236,887.9677928571426,887.9677928571426,887.9677928571426,0.0,0.0,10800.0,0.0
2025-10-12,0,103,17:10-17:20,1015.7072,106.35438809523808,1.0134,1.0098691964285713,40.56485476190471,94.38380059523854,949.9176666666666,949.9176666666666,949.9176666666666,0.0,0.0,10800.0,0.0
2025-10-12,0,104,17:20-17:30,1023.5416666666666,54.82321428571428,1.0445,1.0384388392857142,35.326249999999845,99.91714523809561,1004.0447023809523,1004.0447023809523,1004.0447023809523,0.0,0.0,10800.0,0.0
2025-10-12,0,105,17:30-17:40,1066.6984166666666,12.628245238095234,1.0943,1.0888299107142856,26.911433333333207,69.33571190476206,1080.9816047619047,1080.9816047619047,1080.9816047619047,0.0,0.0,10800.0,0.0
2025-10-12,0,106,17:40-17:50,933.8992333333333,0.0,1.1744,1.1665504464285714,29.430516666666676,62.94829523809541,963.32975,963.32975,963.32975,0.0,0.0,10800.0,0.0
2025-10-12,0,107,17:50-18:00,700.1983333333333,0.0,1.2517,1.239103125,31.328333333333205,92.84271726190505,0.0,0.0,0.0,0.0,731.5266666666664,9987.192592592593,0.0
2025-10-12,0,108,18:00-18:10,675.0605666666667,0.7132833333333333,1.2649,1.2517897321428568,18.97882380952376,87.66167619047629,0.0,0.0,0.0,0.0,693.326107142857,9216.830251322752,0.0
2025-10-12,0,109,18:10-18:20,715.2343833333332,0.0,1.2512,1.2352397321428572,31.790766666666627,75.0939428571429,0.0,0.0,0.0,0.0,747.0251499999998,8386.802306878308,0.0
2025-10-12,0,110,18:20-18:30,709.0116666666665,0.0,1.2501,1.230024553571429,35.08166666666659,82.45155892857156,0.0,0.0,0.0,0.0,744.0933333333331,7560.031936507938,0.0
2025-10-12,0,111,18:30-18:40,692.3041833333333,0.051211904761904764,1.2694,1.2482995535714292,17.976042857142943,66.32515238095235,0.0,0.0,0.0,0.0,710.2290142857144,6770.888587301588,0.0
2025-10-12,0,112,18:40-18:50,695.6524,0.0,1.2811,1.2373558035714287,13.228516666666678,73.16624642857121,0.0,0.0,0.0,0.0,708.8809166666666,5983.243124338625,0.0
2025-10-12,0,113,18:50-19:00,709.98,0.0,1.2734,1.1988678571428577,25.47833333333324,63.242515476190476,0.0,0.0,0.0,0.0,735.4583333333333,5166.067198412699,0.0
2025-10-12,0,114,19:00-19:10,703.54805,0.003678571428571429,1.259,1.1866562500000002,23.65402619047626,50.559569047618965,188.14668630952326,188.14668630952326,188.14668630952326,0.0,539.0517113095243,4567.120852513228,0.0
2025-10-12,0,115,19:10-19:20,699.3584166666666,0.0,1.2493,1.1830482142857142,19.05006904761899,51.31737738095245,718.4084857142856,718.4084857142856,718.4084857142856,0.0,0.0,4567.120852513228,0.0
2025-10-12,0,116,19:20-19:30,707.7950000000001,0.0,1.2502,1.1786906250000002,25.318333333333385,65.35196071428564,733.1133333333335,733.1133333333335,733.1133333333335,0.0,0.0,4567.120852513228,0.0
2025-10-12,0,117,19:30-19:40,713.2297166666667,0.0002619047619047619,1.2628,1.1882156250000002,15.791166666666754,66.57338571428579,0.0,0.0,0.0,0.0,729.0206214285715,3757.0979398148147,0.0
2025-10-12,0,118,19:40-19:50,704.12455,0.0,1.2855,1.211334821428572,8.95578333333333,60.722377976190444,0.0,0.0,0.0,0.0,713.0803333333333,2964.786458333333,0.0
2025-10-12,0,119,19:50-20:00,700.1566666666665,0.0,1.303,1.2307160714285719,25.226666666666688,43.541871428571284,0.0,0.0,0.0,0.0,725.3833333333332,2158.8049768518517,0.0
2025-10-12,0,120,20:00-20:10,730.4196833333333,0.0,1.2899,1.2194089285714291,23.35368333333338,54.42332738095223,0.0,0.0,0.0,0.0,753.7733666666667,1321.2790138888886,0.0
2025-10-12,0,121,20:10-20:20,744.6330833333333,0.0,1.2353,1.166363392857143,18.89516428571426,57.18881904761895,763.5282476190475,763.5282476190475,763.5282476190475,0.0,0.0,1321.2790138888886,0.0
2025-10-12,0,122,20:20-20:30,730.5233333333333,0.0,1.2057,1.13456875,19.358333333333462,68.61973333333327,749.8816666666668,749.8816666666668,749.8816666666668,0.0,0.0,1321.2790138888886,0.0
2025-10-12,0,123,20:30-20:40,724.0598,0.0,1.2618,1.1850191964285717,23.335833333333312,63.35732916666666,747.3956333333333,747.3956333333333,747.3956333333333,0.0,0.0,1321.2790138888886,0.0
2025-10-12,0,124,20:40-20:50,722.2596333333332,0.0,1.1594,1.1019227678571426,19.999766666666574,65.49797500000005,742.2593999999998,742.2593999999998,742.2593999999998,0.0,0.0,1321.2790138888886,0.0
2025-10-12,0,125,20:50-21:00,729.7816666666665,0.0,0.9653,0.9393241071428572,13.016666666666765,109.15111249999981,749.9885751028806,749.9885751028806,749.9885751028806,7.190241769547407,0.0,1327.7502314814813,0.0
2025-10-12,0,126,21:00-21:10,756.7603333333333,0.0,0.9897,0.9640852678571425,10.192283333333307,114.97520833333314,741.9262125000001,741.9262125000001,741.9262125000001,0.0,25.026404166666474,1299.9431157407407,0.0
2025-10-12,0,127,21:10-21:20,765.2572666666666,0.0,0.9824,0.9519151785714285,20.779566666666824,89.94880416666669,778.5986916666667,778.5986916666667,778.5986916666667,0.0,7.438141666666729,1291.6785138888888,0.0
2025-10-12,0,128,21:20-21:30,752.9116666666666,0.0,0.911,0.8836375000000001,24.04833333333329,82.51066249999998,776.9599999999999,776.9599999999999,776.9599999999999,0.0,0.0,1291.6785138888888,0.0
2025-10-12,0,129,21:30-21:40,741.31875,0.0,0.9592,0.9301816964285715,27.71256666666659,76.98224999999995,761.1632458333332,761.1632458333332,761.1632458333332,0.0,7.868070833333377,1282.9362129629628,0.0
2025-10-12,0,130,21:40-21:50,662.0817,0.0,0.753,0.7225959821428571,35.69796666666673,74.64259166666652,715.0442654320988,715.0442654320988,715.0442654320988,17.26459876543206,0.0,1298.4743518518517,0.0
2025-10-12,0,131,21:50-22:00,545.7133333333334,0.0,0.3776,0.3495200892857143,19.988333333333344,88.62691666666646,1399.0349999999999,1399.0349999999999,1399.0349999999999,833.3333333333333,0.0,2048.4743518518517,0.0
2025-10-12,0,132,22:00-22:10,510.99218333333334,0.0,0.3349,0.3096178571428571,8.84263333333331,84.5969166666665,1353.16815,1353.16815,1353.16815,833.3333333333333,0.0,2798.4743518518517,0.0
2025-10-12,0,133,22:10-22:20,541.6562166666666,0.0,0.3959,0.37006964285714294,7.439983333333373,49.70637916666652,1382.4295333333332,1382.4295333333332,1382.4295333333332,833.3333333333333,0.0,3548.4743518518517,0.0
2025-10-12,0,134,22:20-22:30,577.8766666666667,0.0,0.415,0.3863437499999999,31.908333333333417,45.04916666666651,1443.1183333333333,1443.1183333333333,1443.1183333333333,833.3333333333333,0.0,4298.474351851852,0.0
2025-10-12,0,135,22:30-22:40,572.1994666666667,0.0,0.4689,0.4396589285714286,25.824666666666758,56.37465416666663,598.0241333333335,598.0241333333335,598.0241333333335,0.0,0.0,4298.474351851852,0.0
2025-10-12,0,136,22:40-22:50,558.7337166666666,0.0,0.4435,0.4145361607142856,23.923900000000003,54.948533333333586,582.6576166666666,582.6576166666666,582.6576166666666,0.0,0.0,4298.474351851852,0.0
2025-10-12,0,137,22:50-23:00,551.0566666666666,0.0,0.3758,0.34828839285714297,22.45500000000004,75.29514583333344,1406.8449999999998,1406.8449999999998,1406.8449999999998,833.3333333333333,0.0,5048.474351851852,0.0
2025-10-12,0,138,23:00-23:10,534.40685,0.0,0.4254,0.40202857142857135,24.041433333333316,99.56252916666679,558.4482833333333,558.4482833333333,558.4482833333333,0.0,0.0,5048.474351851852,0.0
2025-10-12,0,139,23:10-23:20,542.2560333333333,0.0,0.4425,0.41957321428571426,15.176849999999945,88.01645833333342,557.4328833333333,557.4328833333333,557.4328833333333,0.0,0.0,5048.474351851852,0.0
2025-10-12,0,140,23:20-23:30,564.2816666666666,0.0,0.4001,0.3752883928571428,31.328333333333376,57.14788750000011,1428.9433333333332,1428.9433333333332,1428.9433333333332,833.3333333333333,0.0,5798.474351851852,0.0
2025-10-12,0,141,23:30-23:40,554.3991833333333,0.0,0.4236,0.40182053571428566,15.29421666666667,51.68035833333339,569.6934,569.6934,569.6934,0.0,0.0,5798.474351851852,0.0
2025-10-12,0,142,23:40-23:50,547.1677,0.0,0.4404,0.4191004464285714,23.258233333333237,44.38420416666676,570.4259333333332,570.4259333333332,570.4259333333332,0.0,0.0,5798.474351851852,0.0
2025-10-12,0,143,23:50-24:00,563.3183333333333,0.0,0.4222,0.39906473214285704,22.97166666666658,33.43666666666675,810.2073868312757,810.2073868312757,810.2073868312757,223.9173868312759,0.0,6000.0,0.0
2025-10-13,0,0,0:00-0:10,586.2514333333334,0.0,0.4215,0.4026754464285714,24.783233333333328,63.44894166666654,1444.368,1444.368,1444.368,833.3333333333333,0.0,7078.225849596561,0.0
2025-10-13,0,1,0:10-0:20,589.8663833333333,0.0,0.4315,0.4111522321428573,14.830983333333393,47.72873749999982,604.6973666666667,604.6973666666667,604.6973666666667,0.0,0.0,7078.225849596561,0.0
2025-10-13,0,2,0:20-0:30,577.7149999999999,0.0,0.4412,0.41564419642857153,18.645000000000095,41.111891666666494,596.36,596.36,596.36,0.0,0.0,7078.225849596561,0.0
2025-10-13,0,3,0:30-0:40,576.3714333333332,0.0,0.4476,0.4242455357142857,14.377483333333316,44.60081250000002,590.7489166666666,590.7489166666666,590.7489166666666,0.0,0.0,7078.225849596561,0.0
2025-10-13,0,4,0:40-0:50,578.3368333333333,0.0,0.4362,0.41273973214285714,18.661183333333383,62.698254166666445,596.9980166666667,596.9980166666667,596.9980166666667,0.0,0.0,7078.225849596561,0.0
2025-10-13,0,5,0:50-1:00,576.9516666666666,0.0,0.4182,0.3924758928571429,17.953333333333376,41.44856249999995,1428.2383333333332,1428.2383333333332,1428.2383333333332,833.3333333333333,0.0,7828.225849596561,0.0
2025-10-13,0,6,1:00-1:10,571.8758,0.0,0.421,0.4009999999999999,23.679666666666662,46.27143749999999,1428.8888,1428.8888,1428.8888,833.3333333333333,0.0,8578.225849596562,0.0
2025-10-13,0,7,1:10-1:20,550.99975,0.0,0.4223,0.40588169642857136,21.91181666666671,33.699920833333294,1406.2449,1406.2449,1406.2449,833.3333333333333,0.0,9328.225849596562,0.0
2025-10-13,0,8,1:20-1:30,539.54,0.0,0.4295,0.4114526785714285,16.271666666666704,72.35994702380924,555.8116666666667,555.8116666666667,555.8116666666667,0.0,0.0,9328.225849596562,0.0
2025-10-13,0,9,1:30-1:40,576.4924333333333,0.0,0.4689,0.45104375,24.153149999999982,83.26827678571419,600.6455833333333,600.6455833333333,600.6455833333333,0.0,0.0,9328.225849596562,0.0
2025-10-13,0,10,1:40-1:50,597.8509166666666,0.0,0.4779,0.46048973214285704,18.15883333333329,72.41678869047598,616.0097499999999,616.0097499999999,616.0097499999999,0.0,0.0,9328.225849596562,0.0
2025-10-13,0,11,1:50-2:00,590.31,0.0,0.4452,0.42716785714285715,16.895000000000095,44.72997619047604,607.205,607.205,607.205,0.0,0.0,9328.225849596562,0.0
2025-10-13,0,12,2:00-2:10,601.4278833333333,0.0,0.4254,0.4068968749999999,27.29774999999995,29.28199166666667,628.7256333333332,628.7256333333332,628.7256333333332,0.0,0.0,9328.225849596562,0.0
2025-10-13,0,13,2:10-2:20,615.2510166666666,0.0,0.4391,0.421521875,28.07563333333337,31.372516666666456,643.32665,643.32665,643.32665,0.0,0.0,9328.225849596562,0.0
2025-10-13,0,14,2:20-2:30,613.0433333333333,0.0,0.4633,0.4491879464285714,12.270000000000095,52.881449999999745,625.3133333333334,625.3133333333334,625.3133333333334,0.0,0.0,9328.225849596562,0.0
2025-10-13,0,15,2:30-2:40,596.8576499999999,0.0,0.4578,0.44905714285714277,17.55453333333344,49.88722499999989,614.4121833333334,614.4121833333334,614.4121833333334,0.0,0.0,9328.225849596562,0.0
2025-10-13,0,16,2:40-2:50,594.6186833333334,0.0,0.4509,0.44233258928571434,22.700733333333346,49.68337916666664,617.3194166666667,617.3194166666667,617.3194166666667,0.0,0.0,9328.225849596562,0.0
2025-10-13,0,17,2:50-3:00,605.9433333333333,0.0,0.4726,0.46001339285714277,25.313333333333276,49.8170375,631.2566666666665,631.2566666666665,631.2566666666665,0.0,0.0,9328.225849596562,0.0
2025-10-13,0,18,3:00-3:10,605.3661833333333,0.0,0.5151,0.5018892857142857,26.82283333333328,47.24708333333331,606.7857520297612,606.7857520297612,606.7857520297612,0.0,25.40326463690544,9300.0,0.0
2025-10-13,0,19,3:10-3:20,604.6190999999999,0.0,0.4874,0.4725232142857143,17.77076666666676,33.90272738095223,622.3898666666666,622.3898666666666,622.3898666666666,0.0,0.0,9300.0,0.0
2025-10-13,0,20,3:20-3:30,603.1966666666666,0.0,0.4077,0.39049553571428575,12.388333333333321,47.16322738095245,1448.918333333333,1448.918333333333,1448.918333333333,833.3333333333333,0.0,10050.0,0.0
2025-10-13,0,21,3:30-3:40,589.8776499999999,0.0,0.392,0.37761607142857134,14.955516666666654,54.92455476190493,1438.1664999999998,1438.1664999999998,1438.1664999999998,833.3333333333333,0.0,10800.0,0.0
2025-10-13,0,22,3:40-3:50,596.0148166666667,0.0,0.4284,0.4181491071428572,13.188916666666614,38.25118154761914,609.2037333333333,609.2037333333333,609.2037333333333,-0.0,0.0,10800.0,0.0
2025-10-13,0,23,3:50-4:00,613.0933333333332,0.0,0.4728,0.46356562500000004,22.063333333333276,25.18916666666675,635.1566666666665,635.1566666666665,635.1566666666665,0.0,0.0,10800.0,0.0
2025-10-13,0,24,4:00-4:10,601.3228999999999,0.0,0.4884,0.47672544642857145,19.384383333333403,33.782350595238086,620.7072833333333,620.7072833333333,620.7072833333333,0.0,0.0,10800.0,0.0
2025-10-13,0,25,4:10-4:20,596.64805,0.00019285714285714284,0.4658,0.4561691964285714,27.99879999999996,34.626722023809634,624.6466571428571,624.6466571428571,624.6466571428571,0.0,0.0,10800.0,0.0
2025-10-13,0,26,4:20-4:30,605.1116666666667,0.0,0.4413,0.43626830357142843,19.398333333333312,67.12703273809528,624.51,624.51,624.51,-0.0,0.0,10800.0,0.0
2025-10-13,0,27,4:30-4:40,596.9894833333333,0.0,0.4639,0.4564178571428572,28.97088571428577,94.33199404761945,625.960369047619,625.960369047619,625.960369047619,0.0,0.0,10800.0,0.0
2025-10-13,0,28,4:40-4:50,595.7899333333332,0.003290476190476191,0.4797,0.46961205357142866,28.242933333333326,106.59021607142897,624.0295761904761,624.0295761904761,624.0295761904761,0.0,0.0,10800.0,0.0
2025-10-13,0,29,4:50-5:00,609.9633333333334,0.0,0.4747,0.4644535714285715,16.444999999999936,105.61787023809524,626.4083333333333,626.4083333333333,626.4083333333333,0.0,0.0,10800.0,0.0
2025-10-13,0,30,5:00-5:10,622.1425166666667,0.0,0.4888,0.4773267857142858,21.03460238095232,134.91582857142876,643.177119047619,643.177119047619,643.177119047619,0.0,0.0,10800.0,0.0
2025-10-13,0,31,5:10-5:20,627.0921833333333,0.04583571428571429,0.5142,0.5063080357142856,20.701635714285658,155.0148958333334,647.7479833333333,647.7479833333333,647.7479833333333,0.0,0.0,10800.0,0.0
2025-10-13,0,32,5:20-5:30,617.6016666666667,0.0,0.4983,0.49851116071428575,23.265357142857056,214.09710297619043,640.8670238095237,640.8670238095237,640.8670238095237,0.0,0.0,10800.0,0.0
2025-10-13,0,33,5:30-5:40,601.71515,0.0,0.4386,0.44374375000000005,25.56844523809525,401.04040654761855,627.2835952380952,627.2835952380952,627.2835952380952,-0.0,0.0,10800.0,0.0
2025-10-13,0,34,5:40-5:50,663.8099833333333,0.6384000000000001,0.6374,0.6415482142857144,24.280028571428545,486.42332440476144,687.4516119047619,687.4516119047619,687.4516119047619,0.0,-0.0,10800.0,0.0
2025-10-13,0,35,5:50-6:00,771.125,0.0,0.9869,0.9905071428571431,40.559226190476124,501.58293809523764,0.0,0.0,0.0,0.0,811.6842261904761,9898.128637566138,0.0
2025-10-13,0,36,6:00-6:10,800.0201833333333,0.0,1.0454,1.0574906250000002,40.108469047618996,547.8572089285711,6.795319047619046,6.795319047619046,6.795319047619046,0.0,833.3333333333333,8972.202711640213,0.0
2025-10-13,0,37,6:10-6:20,805.5748833333333,10.680749999999998,0.9757,0.9922004464285713,42.09227380952382,596.5412119047617,3.653073809523903,3.653073809523903,3.653073809523903,0.0,833.3333333333333,8046.276785714287,0.0
2025-10-13,0,38,6:20-6:30,823.3883333333333,48.30357142857143,0.9307,0.944689732142857,41.05398809523808,632.9946720238092,0.0,0.0,0.0,0.0,816.13875,7139.455952380954,0.0
2025-10-13,0,39,6:30-6:40,827.1564666666666,96.2711261904762,0.8973,0.9110575892857143,44.873371428571545,617.6951630952378,0.0,0.0,0.0,0.0,775.7587119047619,6277.50182804233,0.0
2025-10-13,0,40,6:40-6:50,806.9783,148.15877380952378,0.8641,0.8747584821428571,45.231404761904656,726.4422488095234,704.0509309523809,704.0509309523809,704.0509309523809,0.0,0.0,6277.50182804233,0.0
2025-10-13,0,41,6:50-7:00,789.3033333333333,201.7214285714286,0.8323,0.8401312499999999,49.613273809523776,781.053366071428,637.1951785714284,637.1951785714284,637.1951785714284,0.0,0.0,6277.50182804233,0.0
2025-10-13,0,42,7:00-7:10,810.2533166666667,257.5699666666667,0.8092,0.8234303571428571,51.51989285714279,760.7251654761905,604.2032428571429,604.2032428571429,604.2032428571429,0.0,0.0,6277.50182804233,0.0
2025-10-13,0,43,7:10-7:20,820.3936999999999,318.39720476190473,0.7876,0.8025950892857142,63.07131904761911,761.8942797619048,565.0678142857142,565.0678142857142,565.0678142857142,0.0,0.0,6277.50182804233,0.0
2025-10-13,0,44,7:20-7:30,791.0466666666666,383.38392857142856,0.7467,0.7555196428571426,62.56488095238109,789.018255357143,470.2276190476192,470.2276190476192,470.2276190476192,0.0,0.0,6277.50182804233,0.0
2025-10-13,0,45,7:30-7:40,763.3909666666666,447.82647857142854,0.7116,0.720540625,60.74443333333329,780.2249071428577,392.9753823339185,392.9753823339185,392.9753823339185,16.66646090534717,0.0,6292.5016428571425,0.0
2025-10-13,0,46,7:40-7:50,878.0228333333332,507.75348809523814,0.913,0.9216049107142857,58.086980952381055,754.2155666666671,0.0,0.0,0.0,0.0,428.3563261904761,5816.550169312169,0.0
2025-10-13,0,47,7:50-8:00,1071.5233333333333,564.8982142857143,1.2098,1.2157040178571425,55.59529761904764,731.6965970238099,0.0,0.0,0.0,0.0,562.2204166666667,5191.860817460317,0.0
2025-10-13,0,48,8:00-8:10,1124.3297833333331,623.6457785714285,1.2027,1.2090562500000004,45.475521428571255,710.0490672619052,0.0,0.0,0.0,0.0,546.1595261904758,4585.016899470899,0.0
2025-10-13,0,49,8:10-8:20,1102.7051333333334,677.8008428571428,1.1377,1.1429254464285712,68.17415476190479,702.0586130952383,0.0,0.0,0.0,0.0,493.07844523809547,4037.1519603174597,0.0
2025-10-13,0,50,8:20-8:30,1073.85,734.8910714285714,1.1403,1.143183928571429,79.59511904761922,753.1366833333335,0.0,0.0,0.0,0.0,418.55404761904765,3572.091907407407,0.0
2025-10-13,0,51,8:30-8:40,1042.2422,807.8790095238096,1.0875,1.0917249999999998,85.90043571428566,744.2540363095247,0.0,0.0,0.0,0.0,320.26362619047586,3216.2434338624334,0.0
2025-10-13,0,52,8:40-8:50,1050.5958666666666,867.3433333333332,1.0057,1.00760625,76.81365714285721,682.4798833333341,0.0,0.0,0.0,0.0,260.0661904761905,2927.2809999999995,0.0
2025-10-13,0,53,8:50-9:00,1084.0366666666666,909.2580357142857,0.9776,0.976757142857143,102.42190476190484,682.2358101190479,0.0,0.0,0.0,0.0,277.2005357142858,2619.2804047619043,0.0
2025-10-13,0,54,9:00-9:10,1083.6144333333332,959.3177261904759,1.0457,1.0518223214285711,96.82401904761903,655.3609244047624,0.0,0.0,0.0,0.0,221.12072619047626,2373.5907089947086,0.0
2025-10-13,0,55,9:10-9:20,1084.05135,1017.3646666666666,1.0387,1.0451866071428568,86.3660023809523,588.9022404761911,0.0,0.0,0.0,0.0,153.05268571428564,2203.532169312169,0.0
2025-10-13,0,56,9:20-9:30,1102.73,1075.3000000000002,0.9581,0.9608674107142854,99.9611904761905,628.8231416666672,0.0,0.0,0.0,0.0,127.39119047619033,2061.986402116402,0.0
2025-10-13,0,57,9:30-9:40,1116.1568333333332,1126.006864285714,0.9604,0.9692986607142859,94.96855952380952,631.4645589285713,0.0,0.0,0.0,0.0,85.11852857142867,1967.4102592592592,0.0
2025-10-13,0,58,9:40-9:50,1104.9651,1170.5657285714285,0.9268,0.9119361607142853,96.24492857142866,647.9864511904759,0.0,0.0,0.0,0.0,30.644300000000158,1933.3610370370368,0.0
2025-10-13,0,59,9:50-10:00,1087.9866666666667,1210.917857142857,0.8517,0.7960321428571431,97.75178571428546,660.0249333333331,0.0,0.0,0.0,25.179404761904834,0.0,1956.0225013227512,0.0
2025-10-13,0,60,10:00-10:10,1099.5186166666667,1248.7227333333333,0.8613,0.8043620535714286,72.46978333333323,658.2453571428584,0.0,0.0,0.0,76.73433333333332,0.0,2025.0834013227511,0.0
2025-10-13,0,61,10:10-10:20,1091.6542166666666,1288.7364833333331,0.8768,0.8261383928571425,74.40513333333342,665.3265821428583,0.0,0.0,0.0,122.67713333333313,0.0,2135.492821322751,0.0
2025-10-13,0,62,10:20-10:30,1058.7366666666667,1323.3571428571427,0.8568,0.7994910714285715,83.57357142857131,652.749930357144,0.0,0.0,0.0,181.04690476190467,0.0,2298.435035608465,0.0
2025-10-13,0,63,10:30-10:40,1048.4000999999998,1337.643138095238,0.8291,0.7682892857142857,101.52066190476216,703.9016892857139,0.0,0.0,0.0,187.7223761904761,0.0,2467.3851741798935,0.0
2025-10-13,0,64,10:40-10:50,1067.5789166666666,1339.8885047619049,0.7354,0.6967294642857145,94.96471666666656,687.8205488095238,0.0,0.0,0.0,177.34487142857165,0.0,2626.995558465608,0.0
2025-10-13,0,65,10:50-11:00,1088.5333333333333,1344.6205357142858,0.5775,0.5707531249999999,87.46577380952363,641.1912577380953,0.0,0.0,0.0,168.62142857142885,0.0,2778.754844179894,0.0
2025-10-13,0,66,11:00-11:10,1079.5417666666667,1362.913180952381,0.4416,0.4368116071428573,70.97718809523826,635.5518589285716,620.9391071428572,620.9391071428572,620.9391071428572,833.3333333333333,0.0,3528.754844179894,0.0
2025-10-13,0,67,11:10-11:20,1085.3285333333333,1390.4896571428571,0.4155,0.40483437500000014,90.40529523809516,614.1321422619051,618.5775047619047,618.5775047619047,618.5775047619047,833.3333333333333,0.0,4278.754844179894,0.0
2025-10-13,0,68,11:20-11:30,1105.245,1409.7276785714284,0.486,0.4773995535714285,94.75488095238128,611.3681214285718,465.04933662551105,465.04933662551105,465.04933662551105,674.7771342445584,0.0,4886.054264999996,0.0
2025-10-13,0,69,11:30-11:40,1088.43895,1406.2378857142858,0.5486,0.543425,98.63949761904746,574.4616416666674,0.0,0.0,0.0,219.15943809523833,0.0,5083.2977592857105,0.0
2025-10-13,0,70,11:40-11:50,1042.7237499999999,1414.4587333333332,0.5387,0.5319700892857141,122.71997857142856,606.7282833333344,0.0,0.0,0.0,249.01500476190472,0.0,5307.411263571425,0.0
2025-10-13,0,71,11:50-12:00,1002.5716666666667,1432.84375,0.4761,0.46642589285714287,103.93660714285693,759.2717351190487,506.9978571428569,506.9978571428569,506.9978571428569,833.3333333333333,0.0,6057.411263571425,0.0
2025-10-13,0,72,12:00-12:10,994.9096333333333,1427.7536928571428,0.4341,0.4280982142857144,102.08970476190495,823.1810208333341,502.5789785714287,502.5789785714287,502.5789785714287,833.3333333333333,0.0,6807.411263571425,0.0
2025-10-13,0,73,12:10-12:20,974.5851166666666,1428.681135714286,0.4078,0.4000803571428571,95.21683809523824,900.0032821428578,474.4541523809521,474.4541523809521,474.4541523809521,833.3333333333333,0.0,7557.411263571425,0.0
2025-10-13,0,74,12:20-12:30,951.7049999999999,1443.1589285714283,0.3936,0.3792941964285714,119.09244047619018,953.1826916666673,460.97184523809506,460.97184523809506,460.97184523809506,833.3333333333333,0.0,8307.411263571425,0.0
2025-10-13,0,75,12:30-12:40,982.0183333333332,1444.9627547619048,0.42,0.40654419642857137,111.5108880952381,959.6122005952385,481.8997999999999,481.8997999999999,481.8997999999999,833.3333333333333,0.0,9057.411263571425,0.0
2025-10-13,0,76,12:40-12:50,1012.8237333333333,1426.581623809524,0.551,0.5358008928571428,100.47944523809497,933.8030196428576,0.0,0.0,0.0,313.2784452380956,0.0,9339.36186428571,0.0
2025-10-13,0,77,12:50-13:00,1022.5049999999999,1400.3544642857144,0.7318,0.7103428571428569,90.45910714285719,899.9904702380952,0.0,0.0,0.0,287.3903571428573,0.0,9598.013185714282,0.0
2025-10-13,0,78,13:00-13:10,1038.29635,1384.3184357142857,0.8245,0.8019727678571427,65.60818333333327,864.298505952381,0.0,0.0,0.0,280.4139023809523,0.0,9850.38569785714,0.0
2025-10-13,0,79,13:10-13:20,1047.8921666666665,1361.428952380952,0.8666,0.8485941964285715,67.35565952380915,834.6077589285715,0.0,0.0,0.0,246.18112619047633,0.0,10071.94871142857,0.0
2025-10-13,0,80,13:20-13:30,1052.935,1331.3955357142856,0.8917,0.8810888392857141,77.23452380952381,754.6728773809518,0.0,0.0,0.0,201.2260119047619,0.0,10253.052122142855,0.0
2025-10-13,0,81,13:30-13:40,1066.5072499999999,1311.3302238095239,0.8898,0.8825276785714288,83.28279761904764,662.2873119047612,0.0,0.0,0.0,161.54017619047636,0.0,10398.438280714285,0.0
2025-10-13,0,82,13:40-13:50,1052.5765333333334,1285.988326190476,0.8719,0.8441915178571426,81.5161357142857,642.0235553571422,0.0,0.0,0.0,151.8956571428571,0.0,10535.144372142857,0.0
2025-10-13,0,83,13:50-14:00,1031.9916666666666,1249.4910714285713,0.8717,0.813188392857143,83.001488095238,650.6722255952377,0.0,0.0,0.0,134.4979166666667,0.0,10656.192497142856,0.0
2025-10-13,0,84,14:00-14:10,1059.7163999999998,1210.2296999999999,0.9172,0.8542281249999999,64.42814523809523,539.035291071428,0.0,0.0,0.0,86.08515476190496,0.0,10733.66913642857,0.0
2025-10-13,0,85,14:10-14:20,1054.3262333333332,1163.2001857142855,0.9497,0.8937718750000003,64.603469047619,499.22559166666565,0.0,0.0,0.0,44.27048333333323,0.0,10773.512571428571,0.0
2025-10-13,0,86,14:20-14:30,1010.2783333333333,1110.6392857142855,0.97,0.9143102678571429,70.93047619047631,489.20115297618975,0.0,0.0,0.0,29.43047619047593,0.0,10800.0,0.0
2025-10-13,0,87,14:30-14:40,1010.15915,1061.4922952380953,1.0095,0.9472142857142858,60.63567142857164,434.3903494047613,0.0,0.0,0.0,0.0,9.302526190476328,10789.66385978836,0.0
2025-10-13,0,88,14:40-14:50,1045.4112166666666,1008.6364047619049,0.9083,0.8641330357142857,57.28868333333355,397.9402928571426,0.0,0.0,0.0,0.0,94.06349523809513,10685.148865079365,0.0
2025-10-13,0,89,14:50-15:00,1067.6733333333332,946.1776785714285,0.7183,0.7075691964285715,79.80940476190474,357.1878595238094,201.3050595238094,201.3050595238094,201.3050595238094,0.0,0.0,10685.148865079365,0.0
2025-10-13,0,90,15:00-15:10,1037.9884,876.417230952381,0.6755,0.6707656249999999,60.68462619047605,300.4040059523811,349.86816737213354,349.86816737213354,349.86816737213354,127.6123721340385,0.0,10800.0,0.0
2025-10-13,0,91,15:10-15:20,1015.4362333333333,812.3739166666666,0.7121,0.7036312499999999,57.18507619047608,217.55371190476103,260.2473928571429,260.2473928571429,260.2473928571429,-0.0,0.0,10800.0,0.0
2025-10-13,0,92,15:20-15:30,1020.4733333333334,755.9267857142856,0.7448,0.7364861607142859,75.90065476190489,235.13412023809488,340.4472023809526,340.4472023809526,340.4472023809526,0.0,0.0,10800.0,0.0
2025-10-13,0,93,15:30-15:40,1018.10735,697.4606880952381,0.7631,0.7543660714285713,45.30816666666675,181.08434345238075,365.9548285714286,365.9548285714286,365.9548285714286,0.0,0.0,10800.0,0.0
2025-10-13,0,94,15:40-15:50,1005.4780833333332,636.4944261904761,0.792,0.7841950892857142,51.32146428571423,172.66513392857127,420.3051214285713,420.3051214285713,420.3051214285713,0.0,0.0,10800.0,0.0
2025-10-13,0,95,15:50-16:00,1004.4583333333333,576.5651785714285,0.8334,0.826245535714286,53.44386904761916,211.47460773809485,481.337023809524,481.337023809524,481.337023809524,0.0,0.0,10800.0,0.0
2025-10-13,0,96,16:00-16:10,1035.07765,519.9739880952382,0.8666,0.8563392857142856,65.06448095238113,220.05840178571412,580.168142857143,580.168142857143,580.168142857143,0.0,0.0,10800.0,0.0
2025-10-13,0,97,16:10-16:20,1048.1043333333332,458.25806904761896,0.9024,0.8950169642857142,56.41379285714288,194.4780922619049,646.2600571428571,646.2600571428571,646.2600571428571,0.0,-0.0,10800.0,0.0
2025-10-13,0,98,16:20-16:30,1025.2399999999998,391.9732142857143,0.9369,0.9353848214285715,63.92500000000001,155.03440238095283,697.1917857142855,697.1917857142855,697.1917857142855,0.0,-0.0,10800.0,0.0
2025-10-13,0,99,16:30-16:40,998.6215166666666,330.45258333333334,0.9583,0.9526767857142856,49.966326190476195,174.88528630952396,718.1352595238094,718.1352595238094,718.1352595238094,0.0,-0.0,10800.0,0.0
2025-10-13,0,100,16:40-16:50,1005.9757833333333,271.3807333333333,1.0128,1.004075892857143,42.2538571428571,154.49666250000107,776.8489071428572,776.8489071428572,776.8489071428572,0.0,-0.0,10800.0,0.0
2025-10-13,0,101,16:50-17:00,1030.085,212.80714285714285,1.0631,1.0574491071428571,55.69809523809499,134.25927261904786,872.9759523809522,872.9759523809522,872.9759523809522,0.0,-0.0,10800.0,0.0
2025-10-13,0,102,17:00-17:10,1019.9753999999999,155.9051880952381,1.0296,1.0271066964285713,41.78924047619046,115.86501369047596,905.8594523809522,905.8594523809522,905.8594523809522,0.0,0.0,10800.0,0.0
2025-10-13,0,103,17:10-17:20,1011.2446333333334,100.83952619047616,1.0461,1.0436995535714286,40.56485476190471,96.23621309523836,950.9699619047619,950.9699619047619,950.9699619047619,0.0,0.0,10800.0,0.0
2025-10-13,0,104,17:20-17:30,1024.335,50.20178571428571,1.114,1.1096816964285714,35.326249999999845,102.15595238095251,1009.4594642857141,1009.4594642857141,1009.4594642857141,0.0,0.0,10800.0,0.0
2025-10-13,0,105,17:30-17:40,1022.8928333333333,11.030216666666668,1.1087,1.1032049107142858,23.463373809523773,71.13798333333321,1035.3259904761903,1035.3259904761903,1035.3259904761903,0.0,0.0,10800.0,0.0
2025-10-13,0,106,17:40-17:50,901.23315,0.0,1.1443,1.134770535714286,28.01391190476204,61.06004464285729,929.2470619047621,929.2470619047621,929.2470619047621,0.0,0.0,10800.0,0.0
2025-10-13,0,107,17:50-18:00,723.4566666666666,0.0,1.2187,1.2046812499999997,31.328333333333205,90.92912738095245,0.0,0.0,0.0,0.0,754.7849999999999,9961.35,0.0
2025-10-13,0,108,18:00-18:10,678.2227166666667,0.6584380952380952,1.2119,1.1990321428571433,19.79973333333328,75.9774952380952,697.3640119047618,697.3640119047618,697.3640119047618,0.0,0.0,9961.35,0.0
2025-10-13,0,109,18:10-18:20,707.5482499999999,0.0,1.2376,1.2225714285714286,34.471000000000004,66.69261607142852,0.0,0.0,0.0,0.0,742.0192499999999,9136.884166666667,0.0
2025-10-13,0,110,18:20-18:30,734.1716666666666,0.0,1.3035,1.2834183035714288,33.32666666666671,68.05617738095235,0.0,0.0,0.0,0.0,767.4983333333333,8284.108240740741,0.0
2025-10-13,0,111,18:30-18:40,732.1105333333333,0.04727619047619048,1.2899,1.2677441964285716,17.515502380952398,43.97931250000029,0.0,0.0,0.0,0.0,749.5787595238095,7451.242952380953,0.0
2025-10-13,0,112,18:40-18:50,704.0259666666667,0.0,1.2334,1.1888785714285715,16.09758333333332,66.15485595238098,720.12355,720.12355,720.12355,0.0,0.0,7451.242952380953,0.0
2025-10-13,0,113,18:50-19:00,687.9499999999999,0.0,1.2042,1.1298535714285713,25.47833333333324,54.94798214285724,713.4283333333332,713.4283333333332,713.4283333333332,0.0,0.0,7451.242952380953,0.0
2025-10-13,0,114,19:00-19:10,724.4496833333333,0.0033952380952380953,1.2378,1.165374107142857,23.65402619047626,45.71477261904769,748.1003142857144,748.1003142857144,748.1003142857144,0.0,0.0,7451.242952380953,0.0
2025-10-13,0,115,19:10-19:20,752.0930166666667,0.0,1.2619,1.1951776785714292,19.05006904761899,42.58195119047622,771.1430857142857,771.1430857142857,771.1430857142857,0.0,0.0,7451.242952380953,0.0
2025-10-13,0,116,19:20-19:30,744.0183333333332,0.0,1.2715,1.1999696428571431,25.17999999999995,62.1659577380953,539.6644315476191,539.6644315476191,539.6644315476191,0.0,229.53390178571408,7196.20528373016,0.0
2025-10-13,0,117,19:30-19:40,731.0210999999999,0.00022142857142857145,1.3222,1.2485665178571426,15.167066666666642,67.1974857142859,0.0,0.0,0.0,0.0,746.1879452380952,6367.107566798943,0.0
2025-10-13,0,118,19:40-19:50,731.9127,0.0,1.3391,1.2658053571428567,8.95578333333333,57.82571130952368,0.0,0.0,0.0,0.0,740.8684833333333,5543.920363095239,0.0
2025-10-13,0,119,19:50-20:00,737.4866666666667,0.0,1.303,1.2304459821428575,28.12333333333345,40.64520476190452,0.0,0.0,0.0,0.0,765.6100000000001,4693.242585317461,0.0
2025-10-13,0,120,20:00-20:10,727.9483666666666,0.0,1.278,1.2067486607142854,23.35368333333338,54.42332738095223,0.0,0.0,0.0,0.0,751.30205,3858.462529761905,0.0
2025-10-13,0,121,20:10-20:20,736.1311833333332,0.0,1.2996,1.2310736607142856,18.89516428571426,57.18881904761895,0.0,0.0,0.0,0.0,755.0263476190474,3019.544365740741,0.0
2025-10-13,0,122,20:20-20:30,752.4933333333333,0.0,1.3468,1.2772897321428573,19.358333333333462,68.28522499999985,0.0,0.0,0.0,0.0,771.8516666666668,2161.9314027777777,0.0
2025-10-13,0,123,20:30-20:40,732.5738166666666,0.0,1.3409,1.2644401785714285,23.335833333333312,65.38982916666669,0.0,0.0,0.0,0.0,755.9096499999999,1322.0317916666665,0.0
2025-10-13,0,124,20:40-20:50,713.8632333333333,0.0,1.1775,1.1199080357142859,19.999766666666574,65.49797500000005,733.8629999999998,733.8629999999998,733.8629999999998,0.0,0.0,1322.0317916666665,0.0
2025-10-13,0,125,20:50-21:00,719.225,0.0,0.9548,0.9292276785714284,13.016666666666765,109.82861249999982,738.5954886831275,738.5954886831275,738.5954886831275,6.353822016460779,0.0,1327.7502314814813,0.0
2025-10-13,0,126,21:00-21:10,731.7581666666666,0.0,0.8991,0.8723026785714282,10.192283333333307,114.97520833333314,741.9504499999999,741.9504499999999,741.9504499999999,0.0,0.0,1327.7502314814813,0.0
2025-10-13,0,127,21:10-21:20,721.2127166666667,0.0,0.9166,0.884534375,20.779566666666824,89.94880416666669,741.9922833333335,741.9922833333335,741.9922833333335,0.0,0.0,1327.7502314814813,0.0
2025-10-13,0,128,21:20-21:30,717.9933333333333,0.0,0.9461,0.918528125,24.04833333333329,83.71225416666668,742.0416666666666,742.0416666666666,742.0416666666666,0.0,0.0,1327.7502314814813,0.0
2025-10-13,0,129,21:30-21:40,760.6008833333333,0.0,0.9747,0.9457303571428571,27.71256666666659,76.98224999999995,745.1671333333333,745.1671333333333,745.1671333333333,0.0,43.14631666666662,1279.8098796296294,0.0
2025-10-13,0,130,21:40-21:50,677.9615166666666,0.0,0.7446,0.7140624999999999,35.69796666666673,71.82889166666655,727.7095347736627,727.7095347736627,727.7095347736627,14.050051440329348,0.0,1292.4549259259259,0.0
2025-10-13,0,131,21:50-22:00,528.8683333333333,0.0,0.3878,0.35990089285714294,17.278333333333308,83.20943333333321,1379.48,1379.48,1379.48,833.3333333333333,0.0,2042.4549259259259,0.0
2025-10-13,0,132,22:00-22:10,549.6682833333333,0.0,0.3294,0.305034375,13.15003333333334,76.46943333333321,1396.1516499999998,1396.1516499999998,1396.1516499999998,833.3333333333333,0.0,2792.4549259259256,0.0
2025-10-13,0,133,22:10-22:20,564.9673166666666,0.0,0.367,0.34183526785714297,10.497516666666684,46.394662499999896,1408.7981666666665,1408.7981666666665,1408.7981666666665,833.3333333333333,0.0,3542.4549259259256,0.0
2025-10-13,0,134,22:20-22:30,518.1383333333333,0.0,0.3592,0.33026919642857144,31.908333333333417,43.88568333333319,1383.38,1383.38,1383.38,833.3333333333333,0.0,4292.454925925926,0.0
2025-10-13,0,135,22:30-22:40,533.1985833333333,0.0,0.3698,0.34029241071428584,26.84140000000002,55.35792083333337,1393.3733166666666,1393.3733166666666,1393.3733166666666,833.3333333333333,0.0,5042.454925925926,0.0
2025-10-13,0,136,22:40-22:50,560.1359833333333,0.0,0.3907,0.3613254464285715,23.923900000000003,48.81987916666671,1417.3932166666666,1417.3932166666666,1417.3932166666666,833.3333333333333,0.0,5792.454925925926,0.0
2025-10-13,0,137,22:50-23:00,563.015,0.0,0.4147,0.3863745535714286,22.45500000000004,74.38584583333343,816.0756378600827,816.0756378600827,816.0756378600827,230.60563786008262,0.0,6000.0,0.0
2025-10-13,0,138,23:00-23:10,564.1499166666666,0.0,0.4454,0.42170357142857134,24.041433333333316,94.71632916666677,588.1913499999999,588.1913499999999,588.1913499999999,0.0,0.0,6000.0,0.0
2025-10-13,0,139,23:10-23:20,577.68,0.0,0.449,0.42658169642857136,18.814049999999952,79.80121666666682,596.4940499999999,596.4940499999999,596.4940499999999,0.0,0.0,6000.0,0.0
2025-10-13,0,140,23:20-23:30,593.265,0.0,0.433,0.4091116071428572,31.328333333333376,51.898970833333394,624.5933333333334,624.5933333333334,624.5933333333334,0.0,0.0,6000.0,0.0
2025-10-13,0,141,23:30-23:40,586.1938333333333,0.0,0.4392,0.4179946428571428,19.235716666666576,45.19269166666673,605.4295499999998,605.4295499999998,605.4295499999998,0.0,0.0,6000.0,0.0
2025-10-13,0,142,23:40-23:50,562.0565166666667,0.0,0.4428,0.42143437500000014,25.804399999999987,43.4897041666666,587.8609166666666,587.8609166666666,587.8609166666666,0.0,0.0,6000.0,0.0
2025-10-13,0,143,23:50-24:00,549.7616666666667,0.0,0.4387,0.41535625000000004,21.319999999999993,35.08833333333334,571.0816666666667,571.0816666666667,571.0816666666667,0.0,0.0,6000.0,0.0
2025-10-14,0,0,0:00-0:10,574.4807,0.0,0.44934999999999997,0.4310825892857141,24.70133333333331,63.53084166666656,599.1820333333333,599.1820333333333,599.1820333333333,0.0,0.0,6774.335907804234,0.0
2025-10-14,0,1,0:10-0:20,586.9931999999999,0.0,0.448125,0.42851339285714285,14.830983333333393,47.72873749999982,601.8241833333333,601.8241833333333,601.8241833333333,0.0,0.0,6774.335907804234,0.0
2025-10-14,0,2,0:20-0:30,577.8366666666666,0.0,0.4456,0.420297767857143,18.645000000000095,41.75750416666651,596.4816666666667,596.4816666666667,596.4816666666667,0.0,0.0,6774.335907804234,0.0
2025-10-14,0,3,0:30-0:40,582.4671,0.0,0.43165,0.40871250000000003,14.377483333333316,47.419262499999704,596.8445833333333,596.8445833333333,596.8445833333333,0.0,0.0,6774.335907804234,0.0
2025-10-14,0,4,0:40-0:50,583.20505,0.0,0.41814999999999997,0.3951575892857143,18.661183333333383,63.140391666666446,908.1596691064067,908.1596691064067,908.1596691064067,306.2934357730733,0.0,7050.0,0.0
2025-10-14,0,5,0:50-1:00,577.925,0.0,0.41532500000000006,0.38957857142857144,17.953333333333376,41.44856249999995,1429.2116666666666,1429.2116666666666,1429.2116666666666,833.3333333333333,0.0,7800.0,0.0
2025-10-14,0,6,1:00-1:10,586.8067,0.0,0.4221,0.4015000000000001,23.679666666666662,46.27143749999999,610.4863666666666,610.4863666666666,610.4863666666666,0.0,0.0,7800.0,0.0
2025-10-14,0,7,1:10-1:20,601.2594999999999,0.0,0.42287500000000006,0.40566964285714285,21.91181666666671,31.419383333333315,623.1713166666666,623.1713166666666,623.1713166666666,0.0,0.0,7800.0,0.0
2025-10-14,0,8,1:20-1:30,603.65,0.0,0.4164,0.39748035714285707,16.271666666666704,57.06921428571414,619.9216666666666,619.9216666666666,619.9216666666666,0.0,0.0,7800.0,0.0
2025-10-14,0,9,1:30-1:40,586.1046666666666,0.0,0.41464999999999996,0.395375,21.297149999999988,64.25714166666663,607.4018166666666,607.4018166666666,607.4018166666666,0.0,0.0,7800.0,0.0
2025-10-14,0,10,1:40-1:50,583.7176833333333,0.0,0.412725,0.3941629464285715,18.15883333333329,47.67843928571443,1435.2098499999997,1435.2098499999997,1435.2098499999997,833.3333333333333,0.0,8550.0,0.0
2025-10-14,0,11,1:50-2:00,592.8316666666666,0.0,0.413575,0.395403125,20.904999999999973,34.224880952380886,613.7366666666666,613.7366666666666,613.7366666666666,0.0,0.0,8550.0,0.0
2025-10-14,0,12,2:00-2:10,578.2102166666666,0.0,0.42675,0.40841651785714284,25.5542333333334,25.21044999999981,603.76445,603.76445,603.76445,0.0,0.0,8550.0,0.0
2025-10-14,0,13,2:10-2:20,574.52045,0.0,0.4384,0.4208727678571429,25.540849999999978,32.084754166666585,600.0613,600.0613,600.0613,0.0,0.0,8550.0,0.0
2025-10-14,0,14,2:20-2:30,593.0116666666667,0.0,0.44045,0.4261687500000001,12.270000000000095,53.310404166666416,605.2816666666668,605.2816666666668,605.2816666666668,0.0,0.0,8550.0,0.0
2025-10-14,0,15,2:30-2:40,609.6962666666666,0.0,0.438925,0.4296566964285714,17.55453333333344,51.60304166666657,627.2508,627.2508,627.2508,0.0,0.0,8550.0,0.0
2025-10-14,0,16,2:40-2:50,624.61175,0.0,0.4466,0.43713258928571447,20.984916666666663,51.39919583333332,645.5966666666667,645.5966666666667,645.5966666666667,0.0,0.0,8550.0,0.0
2025-10-14,0,17,2:50-3:00,626.5516666666666,0.0,0.4574,0.44365982142857135,25.313333333333276,49.8170375,651.8649999999999,651.8649999999999,651.8649999999999,0.0,0.0,8550.0,0.0
2025-10-14,0,18,3:00-3:10,600.1224333333332,0.0,0.44965,0.4352625,26.82283333333328,47.24708333333331,626.9452666666665,626.9452666666665,626.9452666666665,0.0,0.0,8550.0,0.0
2025-10-14,0,19,3:10-3:20,581.9861,0.0,0.42347500000000005,0.40769687500000007,17.77076666666676,34.14064404761888,599.7568666666667,599.7568666666667,599.7568666666667,0.0,0.0,8550.0,0.0
2025-10-14,0,20,3:20-3:30,576.0916666666667,0.0,0.39864999999999995,0.3809776785714286,12.388333333333321,48.114894047619046,1421.8133333333333,1421.8133333333333,1421.8133333333333,833.3333333333333,0.0,9300.0,0.0
2025-10-14,0,21,3:30-3:40,558.9865,0.0,0.40290000000000004,0.38823526785714274,14.955516666666654,55.16247142857158,1407.27535,1407.27535,1407.27535,833.3333333333333,0.0,10050.0,0.0
2025-10-14,0,22,3:40-3:50,577.5789833333333,0.0,0.43732499999999996,0.4260901785714286,13.188916666666614,41.18672321428592,590.7678999999999,590.7678999999999,590.7678999999999,0.0,0.0,10050.0,0.0
2025-10-14,0,23,3:50-4:00,612.2833333333333,0.0,0.4661,0.4551178571428571,21.11166666666668,24.495886904762003,633.395,633.395,633.395,0.0,0.0,10050.0,0.0
2025-10-14,0,24,4:00-4:10,593.36155,0.0,0.4464,0.43383750000000004,19.384383333333403,33.782350595238086,612.7459333333334,612.7459333333334,612.7459333333334,0.0,0.0,10050.0,0.0
2025-10-14,0,25,4:10-4:20,585.2529499999999,0.00014047619047619046,0.425975,0.4168915178571426,27.99879999999996,34.13230773809539,613.2516095238094,613.2516095238094,613.2516095238094,0.0,0.0,10050.0,0.0
2025-10-14,0,26,4:20-4:30,605.6566666666666,0.0,0.43975000000000003,0.4357852678571429,19.398333333333312,66.86880595238111,625.055,625.055,625.055,0.0,0.0,10050.0,0.0
2025-10-14,0,27,4:30-4:40,606.8558666666667,0.0,0.474075,0.4667910714285716,29.347885714285667,87.5598404761907,636.2037523809523,636.2037523809523,636.2037523809523,0.0,0.0,10050.0,0.0
2025-10-14,0,28,4:40-4:50,603.4631833333333,0.002807142857142857,0.46885,0.4591669642857143,28.242933333333326,95.45558392857143,631.7033095238095,631.7033095238095,631.7033095238095,0.0,0.0,10050.0,0.0
2025-10-14,0,29,4:50-5:00,606.9383333333333,0.0,0.437875,0.4285705357142859,17.123333333333335,96.18768571428583,624.0616666666666,624.0616666666666,624.0616666666666,0.0,0.0,10050.0,0.0
2025-10-14,0,30,5:00-5:10,612.4518833333333,0.0,0.45177500000000004,0.4392000000000001,20.197904761904624,124.5460488095242,632.6497880952379,632.6497880952379,632.6497880952379,0.0,0.0,10050.0,0.0
2025-10-14,0,31,5:10-5:20,627.0308,0.039099999999999996,0.470075,0.4603607142857145,19.992983333333314,159.6043720238098,646.9846833333334,646.9846833333334,646.9846833333334,0.0,0.0,10050.0,0.0
2025-10-14,0,32,5:20-5:30,626.8,0.0,0.43525,0.4346348214285714,23.265357142857056,241.61561250000017,650.065357142857,650.065357142857,650.065357142857,0.0,0.0,10050.0,0.0
2025-10-14,0,33,5:30-5:40,594.7359833333333,0.0,0.378375,0.3819316964285714,19.27296904761897,428.55891607142837,1447.3422857142855,1447.3422857142855,1447.3422857142855,833.3333333333333,0.0,10800.0,0.0
2025-10-14,0,34,5:40-5:50,667.9177,0.5446,0.61415,0.6162459821428572,24.280028571428545,507.6463577380949,691.6531285714286,691.6531285714286,691.6531285714286,0.0,-0.0,10800.0,0.0
2025-10-14,0,35,5:50-6:00,803.2166666666667,0.0,0.9936999999999999,0.9956772321428569,37.33547619047613,522.8059714285711,7.218809523809568,7.218809523809568,7.218809523809568,0.0,833.3333333333333,9874.074074074075,0.0
2025-10-14,0,36,6:00-6:10,810.2468,0.0,1.0210000000000001,1.0313241071428574,39.49486666666667,565.8564922619046,16.408333333333417,16.408333333333417,16.408333333333417,0.0,833.3333333333333,8948.14814814815,0.0
2025-10-14,0,37,6:10-6:20,781.6812166666666,9.193340476190475,0.9385,0.9543249999999999,39.003911904761935,613.9268928571428,0.0,0.0,0.0,0.0,811.4917880952381,8046.490605820107,0.0
2025-10-14,0,38,6:20-6:30,784.6216666666666,43.417857142857144,0.9229750000000001,0.9384107142857143,41.05398809523808,647.2919910714285,0.0,0.0,0.0,0.0,782.2577976190476,7177.315275132276,0.0
2025-10-14,0,39,6:30-6:40,790.3051166666667,90.9930357142857,0.9083749999999999,0.9243437499999999,44.873371428571545,631.9924821428572,0.0,0.0,0.0,0.0,744.1854523809525,6350.442550264551,0.0
2025-10-14,0,40,6:40-6:50,782.4917833333334,143.63776904761903,0.882125,0.8946133928571428,45.231404761904656,740.7395678571427,184.92934880952248,184.92934880952248,184.92934880952248,0.0,499.1560702380965,5795.824694444444,0.0
2025-10-14,0,41,6:50-7:00,772.0483333333333,198.14821428571423,0.8588,0.8677866071428572,49.613273809523776,795.3506851190473,623.5133928571429,623.5133928571429,623.5133928571429,0.0,0.0,5795.824694444444,0.0
2025-10-14,0,42,7:00-7:10,783.14345,255.95838571428578,0.852125,0.86708125,51.51989285714279,775.0224845238097,578.7049571428571,578.7049571428571,578.7049571428571,0.0,0.0,5795.824694444444,0.0
2025-10-14,0,43,7:10-7:20,801.2844833333334,317.72068333333334,0.8291250000000001,0.8440839285714287,63.07131904761911,776.1915988095242,546.6351190476191,546.6351190476191,546.6351190476191,0.0,0.0,5795.824694444444,0.0
2025-10-14,0,44,7:20-7:30,795.0749999999999,381.42321428571427,0.761825,0.7700245535714284,62.56488095238109,803.3155744047624,476.2166666666667,476.2166666666667,476.2166666666667,0.0,0.0,5795.824694444444,0.0
2025-10-14,0,45,7:30-7:40,770.2757666666666,443.5463809523809,0.6968749999999999,0.7059026785714285,60.74443333333329,794.5222261904769,1220.8071523809522,1220.8071523809522,1220.8071523809522,833.3333333333333,0.0,6545.824694444444,0.0
2025-10-14,0,46,7:40-7:50,896.8289166666666,504.1114214285715,0.8932500000000001,0.902146875,58.086980952381055,768.5128857142864,0.0,0.0,0.0,0.0,450.8044761904762,6044.930832010581,0.0
2025-10-14,0,47,7:50-8:00,1103.8033333333333,561.9437499999999,1.2109999999999999,1.2167133928571432,55.59529761904764,745.9939160714292,0.0,0.0,0.0,0.0,597.454880952381,5381.092075396825,0.0
2025-10-14,0,48,8:00-8:10,1131.5097833333332,615.144607142857,1.22155,1.228138392857143,45.475521428571255,724.3463863095245,0.0,0.0,0.0,0.0,561.8406976190474,4756.824633597883,0.0
2025-10-14,0,49,8:10-8:20,1088.7231499999998,667.5554309523809,1.1373,1.143448214285714,65.67844285714284,716.3559321428577,0.0,0.0,0.0,0.0,486.84616190476163,4215.884453703703,0.0
2025-10-14,0,50,8:20-8:30,1077.4166666666665,729.1732142857143,1.119,1.1226825892857146,67.79351190476189,764.9382904761909,0.0,0.0,0.0,0.0,416.03696428571425,3753.6211600529095,0.0
2025-10-14,0,51,8:30-8:40,1091.62825,805.1827261904762,1.1121750000000001,1.1161741071428573,85.90043571428566,744.2540363095247,0.0,0.0,0.0,0.0,372.34595952380937,3339.903427248677,0.0
2025-10-14,0,52,8:40-8:50,1102.9779166666667,864.4657904761905,1.0749250000000001,1.0777531250000005,76.81365714285721,682.4798833333341,0.0,0.0,0.0,0.0,315.32578333333345,2989.5414457671955,0.0
2025-10-14,0,53,8:50-9:00,1107.195,906.2598214285714,1.03275,1.03436875,102.42190476190484,679.0321351190478,0.0,0.0,0.0,0.0,303.35708333333343,2652.4780198412695,0.0
2025-10-14,0,54,9:00-9:10,1117.7794999999999,960.191995238095,1.043825,1.0498580357142857,96.82401904761903,651.0893577380956,0.0,0.0,0.0,0.0,254.41152380952383,2369.798548941799,0.0
2025-10-14,0,55,9:10-9:20,1107.2677166666667,1019.788169047619,1.05095,1.0576446428571429,86.3660023809523,584.6306738095243,0.0,0.0,0.0,0.0,173.84555,2176.6368267195767,0.0
2025-10-14,0,56,9:20-9:30,1090.5283333333332,1075.2910714285713,1.0171,1.023117857142857,99.9611904761905,624.5515750000004,0.0,0.0,0.0,0.0,115.1984523809524,2048.638546296296,0.0
2025-10-14,0,57,9:30-9:40,1108.3593333333333,1124.2539499999998,0.962375,0.9731839285714284,94.96855952380952,628.260883928571,0.0,0.0,0.0,0.0,79.07394285714304,1960.7786097883595,0.0
2025-10-14,0,58,9:40-9:50,1098.1135333333332,1168.6147547619048,0.9347,0.9203120535714282,96.24492857142866,646.9185595238092,0.0,0.0,0.0,0.0,25.743707142857147,1932.1744907407406,0.0
2025-10-14,0,59,9:50-10:00,1070.5116666666665,1207.8589285714284,0.9426000000000001,0.8879946428571428,97.75178571428546,658.9570416666664,0.0,0.0,0.0,39.59547619047635,0.0,1967.8104193121692,0.0
2025-10-14,0,60,10:00-10:10,1098.1999166666665,1241.5027499999999,0.948075,0.8923352678571427,72.46978333333323,653.9737904761917,0.0,0.0,0.0,70.83305000000018,0.0,2031.5601643121695,0.0
2025-10-14,0,61,10:10-10:20,1106.3188,1282.1497571428567,0.9138250000000001,0.8637580357142856,74.40513333333342,661.0550154761916,0.0,0.0,0.0,101.42582380952331,0.0,2122.8434057407403,0.0
2025-10-14,0,62,10:20-10:30,1073.8083333333334,1323.8874999999998,0.884925,0.8278388392857143,83.57357142857131,648.4783636904772,0.0,0.0,0.0,166.5055952380951,0.0,2272.698441455026,0.0
2025-10-14,0,63,10:30-10:40,1057.2302166666666,1345.1923428571426,0.913275,0.8533959821428568,101.52066190476216,699.6301226190471,0.0,0.0,0.0,186.4414642857139,0.0,2440.4957593121685,0.0
2025-10-14,0,64,10:40-10:50,1056.7631,1349.6355714285714,0.7681,0.7300696428571429,94.96471666666656,683.548982142857,0.0,0.0,0.0,197.90775476190493,0.0,2618.612738597883,0.0
2025-10-14,0,65,10:50-11:00,1062.5116666666665,1352.6607142857142,0.516925,0.5103736607142856,87.46577380952363,636.9196910714285,0.0,0.0,0.0,202.68327380952405,0.0,2801.0276850264545,0.0
2025-10-14,0,66,11:00-11:10,1070.4340666666667,1370.5628857142858,0.47775,0.47530758928571437,70.97718809523826,634.8220261904764,604.1817023809524,604.1817023809524,604.1817023809524,833.3333333333333,0.0,3551.0276850264545,0.0
2025-10-14,0,67,11:10-11:20,1079.5749166666665,1401.0766904761904,0.5004,0.49281339285714276,90.40529523809516,611.0411535714288,0.0,0.0,0.0,231.09647857142863,0.0,3759.0145157407405,0.0
2025-10-14,0,68,11:20-11:30,1085.0049999999999,1425.1303571428573,0.4898,0.4821334821428573,94.75488095238128,608.2771327380956,222.78668092298722,222.78668092298722,222.78668092298722,468.1571571134634,0.0,4180.355957142858,0.0
2025-10-14,0,69,11:30-11:40,1074.2076666666667,1424.6570000000002,0.49985,0.4934017857142859,102.91106428571425,574.681688690478,0.0,0.0,0.0,247.53826904761922,0.0,4403.140399285715,0.0
2025-10-14,0,70,11:40-11:50,1025.78335,1432.15765,0.47822499999999996,0.47053125,122.71997857142856,611.4505952380964,549.6790119047616,549.6790119047616,549.6790119047616,833.3333333333333,0.0,5153.140399285715,0.0
2025-10-14,0,71,11:50-12:00,977.7433333333333,1450.1125000000002,0.422675,0.41430178571428566,103.93660714285693,763.9940470238106,464.90077380952334,464.90077380952334,464.90077380952334,833.3333333333333,0.0,5903.140399285715,0.0
2025-10-14,0,72,12:00-12:10,993.5138499999999,1449.094869047619,0.3957,0.39221875,102.08970476190495,826.828526190477,479.84201904761903,479.84201904761903,479.84201904761903,833.3333333333333,0.0,6653.140399285716,0.0
2025-10-14,0,73,12:10-12:20,996.4571333333333,1442.591947619048,0.40445000000000003,0.3987790178571428,95.21683809523824,900.4263678571436,482.4153571428569,482.4153571428569,482.4153571428569,833.3333333333333,0.0,7403.140399285716,0.0
2025-10-14,0,74,12:20-12:30,978.81,1440.6848214285712,0.401775,0.38817232142857144,119.09244047619018,953.6057773809531,490.55095238095214,490.55095238095214,490.55095238095214,833.3333333333333,0.0,8153.140399285716,0.0
2025-10-14,0,75,12:30-12:40,1008.9539,1437.4696404761903,0.36882499999999996,0.3555808035714286,111.5108880952381,960.0352863095243,516.3284809523809,516.3284809523809,516.3284809523809,833.3333333333333,0.0,8903.140399285716,0.0
2025-10-14,0,76,12:40-12:50,1043.3447333333334,1422.3327333333332,0.5418000000000001,0.528932142857143,100.47944523809497,934.1638285714293,0.0,0.0,0.0,278.50855476190486,0.0,9153.798098571428,0.0
2025-10-14,0,77,12:50-13:00,1049.4583333333333,1402.0839285714285,0.8313999999999999,0.8139718749999999,90.45910714285719,900.0796339285718,0.0,0.0,0.0,262.16648809523804,0.0,9389.747937857142,0.0
2025-10-14,0,78,13:00-13:10,1038.2214999999999,1392.3916404761906,0.885775,0.8638138392857142,65.60818333333327,864.3876696428575,0.0,0.0,0.0,288.5619571428574,0.0,9649.453699285716,0.0
2025-10-14,0,79,13:10-13:20,1032.9316,1371.8838166666665,0.8544750000000001,0.8356794642857143,67.35565952380915,836.8254196428574,0.0,0.0,0.0,271.59655714285736,0.0,9893.890600714287,0.0
2025-10-14,0,80,13:20-13:30,1040.6133333333332,1339.0008928571428,0.8617750000000001,0.8521687499999996,77.23452380952381,760.4796880952374,0.0,0.0,0.0,221.1530357142858,0.0,10092.928332857144,0.0
2025-10-14,0,81,13:30-13:40,1046.9747499999999,1314.0569714285714,0.881325,0.8739924107142855,83.28279761904764,668.0941226190469,0.0,0.0,0.0,183.7994238095239,0.0,10258.347814285715,0.0
2025-10-14,0,82,13:40-13:50,1029.8211666666666,1288.1769619047618,0.9044000000000001,0.8754767857142856,74.7460642857144,647.8303660714279,0.0,0.0,0.0,183.6097309523807,0.0,10423.596572142857,0.0
2025-10-14,0,83,13:50-14:00,1003.1216666666666,1254.3526785714284,0.92245,0.8633267857142856,80.4831547619048,649.3442345238093,0.0,0.0,0.0,170.74785714285713,0.0,10577.269643571428,0.0
2025-10-14,0,84,14:00-14:10,1005.2565999999999,1214.1401595238094,0.92915,0.8663950892857144,64.42814523809523,535.1065970238095,0.0,0.0,0.0,144.45541428571414,0.0,10707.27951642857,0.0
2025-10-14,0,85,14:10-14:20,1020.7338,1165.6427238095239,0.95025,0.8935758928571428,58.29045000000019,496.42363869047557,0.0,0.0,0.0,86.61847380952372,0.0,10785.236142857142,0.0
2025-10-14,0,86,14:20-14:30,1024.9133333333332,1111.31875,1.0082250000000001,0.9507982142857142,70.00113095238089,481.8161148809518,0.0,0.0,0.0,16.404285714285834,0.0,10800.0,0.0
2025-10-14,0,87,14:30-14:40,1010.3204333333333,1057.2765547619047,1.06965,1.0080830357142856,64.52734047619029,426.07596607142796,0.0,0.0,0.0,0.0,17.571219047619024,10780.476423280423,0.0
2025-10-14,0,88,14:40-14:50,1016.2786833333332,1002.876338095238,0.93645,0.8940607142857143,65.20547142857163,393.5175785714278,0.0,0.0,0.0,0.0,78.60781666666685,10693.134404761904,0.0
2025-10-14,0,89,14:50-15:00,1027.4699999999998,944.4133928571429,0.714375,0.7042473214285714,79.80940476190474,360.68193333333267,281.60556216931263,281.60556216931263,281.60556216931263,118.73955026455101,0.0,10800.0,0.0
2025-10-14,0,90,15:00-15:10,996.3495666666665,879.9148142857143,0.7249,0.7211790178571428,60.68462619047605,309.60068333333305,177.11937857142834,177.11937857142834,177.11937857142834,0.0,0.0,10800.0,0.0
2025-10-14,0,91,15:10-15:20,1006.0746666666666,819.0565309523809,0.7823249999999999,0.7748651785714288,57.18507619047608,223.05468571428418,244.20321190476193,244.20321190476193,244.20321190476193,0.0,0.0,10800.0,0.0
2025-10-14,0,92,15:20-15:30,1046.995,761.7919642857142,0.780125,0.7719151785714287,75.90065476190489,236.65708035714232,361.10369047619054,361.10369047619054,361.10369047619054,0.0,0.0,10800.0,0.0
2025-10-14,0,93,15:30-15:40,1026.1340166666666,698.8727023809524,0.798975,0.7903513392857143,45.30816666666675,182.60730357142822,372.5694809523809,372.5694809523809,372.5694809523809,0.0,0.0,10800.0,0.0
2025-10-14,0,94,15:40-15:50,1017.3365999999999,634.6819690476191,0.83075,0.8229674107142857,51.32146428571423,177.34034523809459,433.976095238095,433.976095238095,433.976095238095,0.0,0.0,10800.0,0.0
2025-10-14,0,95,15:50-16:00,1030.1633333333332,573.5589285714286,0.8641750000000001,0.8571816964285713,57.74309523809529,214.95239404761827,514.3474999999999,514.3474999999999,514.3474999999999,0.0,0.0,10800.0,0.0
2025-10-14,0,96,16:00-16:10,1000.8305833333334,515.0002666666667,0.904125,0.8955808035714287,65.06448095238113,221.65440238095192,550.8947976190477,550.8947976190477,550.8947976190477,0.0,-0.0,10800.0,0.0
2025-10-14,0,97,16:10-16:20,997.4989999999999,453.7962285714285,0.9354,0.9293888392857143,56.41379285714288,195.87202559523809,600.1165642857144,600.1165642857144,600.1165642857144,0.0,-0.0,10800.0,0.0
2025-10-14,0,98,16:20-16:30,1027.2849999999999,390.4196428571429,0.941875,0.9398366071428574,63.92500000000001,164.60755238095223,700.7903571428569,700.7903571428569,700.7903571428569,0.0,-0.0,10800.0,0.0
2025-10-14,0,99,16:30-16:40,1025.2674666666667,330.1651809523809,0.92515,0.9193263392857147,50.21543333333341,185.07187380952325,745.317719047619,745.317719047619,745.317719047619,0.0,0.0,10800.0,0.0
2025-10-14,0,100,16:40-16:50,1017.6887499999999,270.5104142857142,0.938875,0.930748660714286,43.34043809523814,168.48316071428616,790.518773809524,790.518773809524,790.518773809524,0.0,0.0,10800.0,0.0
2025-10-14,0,101,16:50-17:00,1019.885,210.87142857142857,0.9934499999999999,0.9884843749999999,47.18410714285713,139.81038869047643,856.1976785714285,856.1976785714285,856.1976785714285,-0.0,0.0,10800.0,0.0
2025-10-14,0,102,17:00-17:10,1014.6602333333333,153.65583571428573,1.04815,1.046200892857143,41.78924047619046,112.46279821428553,902.7936380952378,902.7936380952378,902.7936380952378,0.0,0.0,10800.0,0.0
2025-10-14,0,103,17:10-17:20,995.4774666666667,97.62493095238094,1.082375,1.0794915178571431,38.17000476190492,83.7388999999999,936.0225404761907,936.0225404761907,936.0225404761907,0.0,0.0,10800.0,0.0
2025-10-14,0,104,17:20-17:30,1000.1066666666667,46.46517857142857,1.096025,1.0901549107142858,34.508333333333326,73.55211011904747,988.1498214285714,988.1498214285714,988.1498214285714,0.0,0.0,10800.0,0.0
2025-10-14,0,105,17:30-17:40,1045.5588833333331,9.805488095238095,1.112175,1.1058736607142856,23.463373809523773,73.32668511904745,1059.2167690476188,1059.2167690476188,1059.2167690476188,0.0,0.0,10800.0,0.0
2025-10-14,0,106,17:40-17:50,916.1794666666666,0.0,1.1837499999999999,1.1747035714285714,28.01391190476204,66.33684285714295,944.1933785714286,944.1933785714286,944.1933785714286,0.0,0.0,10800.0,0.0
2025-10-14,0,107,17:50-18:00,688.305,0.0,1.2754999999999999,1.2625459821428573,31.328333333333205,92.11272857142865,0.0,0.0,0.0,0.0,719.6333333333332,10000.407407407407,0.0
2025-10-14,0,108,18:00-18:10,671.7175666666667,0.580442857142857,1.295875,1.2837107142857145,19.79973333333328,77.1610964285714,0.0,0.0,0.0,0.0,690.9368571428571,9232.699788359789,0.0
2025-10-14,0,109,18:10-18:20,714.9013333333334,0.0,1.306025,1.2908669642857138,34.471000000000004,75.06065297619035,0.0,0.0,0.0,0.0,749.3723333333334,8400.063862433863,0.0
2025-10-14,0,110,18:20-18:30,714.7083333333333,0.0,1.3285749999999998,1.3076267857142856,33.32666666666671,74.94238214285711,0.0,0.0,0.0,0.0,748.035,7568.913862433863,0.0
2025-10-14,0,111,18:30-18:40,720.21585,0.04167619047619048,1.322675,1.2995249999999998,12.781097619047614,52.34734940476213,0.0,0.0,0.0,0.0,732.9552714285715,6754.519116402117,0.0
2025-10-14,0,112,18:40-18:50,720.2856333333334,0.0,1.3053750000000002,1.260903125,13.228516666666678,68.14360416666631,0.0,0.0,0.0,0.0,733.5141500000001,5939.503394179895,0.0
2025-10-14,0,113,18:50-19:00,711.0899999999999,0.0,1.29705,1.2236040178571428,25.47833333333324,56.115213690475684,736.5683333333332,736.5683333333332,736.5683333333332,0.0,0.0,5939.503394179895,0.0
2025-10-14,0,114,19:00-19:10,707.2501333333332,0.002995238095238096,1.302025,1.2291906250000004,20.599497619047725,48.25686845238087,727.8466357142858,727.8466357142858,727.8466357142858,0.0,0.0,5939.503394179895,0.0
2025-10-14,0,115,19:10-19:20,701.3152333333334,0.0,1.3085499999999999,1.2411276785714287,19.046335714285874,39.19077202380939,0.0,0.0,0.0,0.0,720.3615690476192,5139.101650793651,0.0
2025-10-14,0,116,19:20-19:30,701.7683333333332,0.0,1.307925,1.2366343749999997,25.17999999999995,60.68056785714282,0.0,0.0,0.0,0.0,726.9483333333332,4331.381280423281,0.0
2025-10-14,0,117,19:30-19:40,724.36295,0.00017619047619047616,1.301175,1.2270593749999996,15.791166666666754,61.94604523809528,740.1539404761905,740.1539404761905,740.1539404761905,0.0,0.0,4331.381280423281,0.0
2025-10-14,0,118,19:40-19:50,729.1451999999999,0.0,1.298975,1.224500892857143,13.58312380952384,56.09503749999993,742.7283238095238,742.7283238095238,742.7283238095238,0.0,0.0,4331.381280423281,0.0
2025-10-14,0,119,19:50-20:00,709.3599999999999,0.0,1.30205,1.2287008928571426,25.226666666666688,44.24982738095218,734.5866666666666,734.5866666666666,734.5866666666666,0.0,0.0,4331.381280423281,0.0
2025-10-14,0,120,20:00-20:10,699.3222000000001,0.0,1.3018,1.2303616071428571,23.35368333333338,55.989994047619064,235.85932023809454,235.85932023809454,235.85932023809454,0.0,486.8165630952389,3790.473988095238,0.0
2025-10-14,0,121,20:10-20:20,707.6386333333332,0.0,1.3033000000000001,1.2342575892857144,18.89516428571426,58.75548571428578,0.0,0.0,0.0,0.0,726.5337976190475,2983.214212962963,0.0
2025-10-14,0,122,20:20-20:30,723.8933333333332,0.0,1.32695,1.25613125,17.79166666666663,65.9346958333334,0.0,0.0,0.0,0.0,741.6849999999998,2159.1197685185184,0.0
2025-10-14,0,123,20:30-20:40,729.8182333333332,0.0,1.357825,1.280385267857143,20.97020000000009,68.58734999999993,0.0,0.0,0.0,0.0,750.7884333333333,1324.910398148148,0.0
2025-10-14,0,124,20:40-20:50,724.3727,0.0,1.20845,1.150575,19.999766666666574,67.81142500000007,744.3724666666666,744.3724666666666,744.3724666666666,0.0,0.0,1324.910398148148,0.0
2025-10-14,0,125,20:50-21:00,718.5683333333333,0.0,0.974025,0.948842857142857,13.016666666666765,112.41935833333318,738.5485185185184,738.5485185185184,738.5485185185184,6.963518518518362,0.0,1331.1775648148146,0.0
2025-10-14,0,126,21:00-21:10,724.6833333333334,0.0,0.9551749999999999,0.9297008928571425,7.107683333333284,118.05980833333317,731.7910166666667,731.7910166666667,731.7910166666667,0.0,0.0,1331.1775648148146,0.0
2025-10-14,0,127,21:10-21:20,730.5969499999999,0.0,0.9809249999999999,0.9506767857142856,20.779566666666824,89.94880416666669,751.3765166666667,751.3765166666667,751.3765166666667,0.0,0.0,1331.1775648148146,0.0
2025-10-14,0,128,21:20-21:30,740.4316666666666,0.0,0.9863,0.9601982142857145,24.04833333333329,83.24524583333336,764.4799999999999,764.4799999999999,764.4799999999999,0.0,0.0,1331.1775648148146,0.0
2025-10-14,0,129,21:30-21:40,753.67165,0.0,1.0360749999999999,1.007807589285714,27.71256666666659,77.71683333333333,733.1778833333334,733.1778833333334,733.1778833333334,0.0,48.20633333333316,1277.6149722222221,0.0
2025-10-14,0,130,21:40-21:50,669.3782,0.0,0.826025,0.7962718749999999,34.963383333333354,69.85347499999989,716.5280133744855,716.5280133744855,716.5280133744855,12.186430041152157,0.0,1288.582759259259,0.0
2025-10-14,0,131,21:50-22:00,539.54,0.0,0.4728,0.4462196428571429,19.988333333333344,79.72448333333315,559.5283333333333,559.5283333333333,559.5283333333333,0.0,0.0,1288.582759259259,0.0
2025-10-14,0,132,22:00-22:10,529.3807166666666,0.0,0.43045,0.4068276785714287,13.15003333333334,75.6944833333332,1375.8640833333332,1375.8640833333332,1375.8640833333332,833.3333333333333,0.0,2038.582759259259,0.0
2025-10-14,0,133,22:10-22:20,548.28915,0.0,0.45435000000000003,0.42948169642857137,10.497516666666684,44.59884583333326,558.7866666666666,558.7866666666666,558.7866666666666,0.0,0.0,2038.582759259259,0.0
2025-10-14,0,134,22:20-22:30,538.555,0.0,0.412975,0.384558482142857,33.95833333333337,43.152487499999864,1405.8466666666666,1405.8466666666666,1405.8466666666666,833.3333333333333,0.0,2788.582759259259,0.0
2025-10-14,0,135,22:30-22:40,535.3390833333333,0.0,0.42610000000000003,0.39721160714285725,25.824666666666758,56.37465416666663,1394.4970833333332,1394.4970833333332,1394.4970833333332,833.3333333333333,0.0,3538.582759259259,0.0
2025-10-14,0,136,22:40-22:50,549.5076666666666,0.0,0.4456,0.41651830357142866,23.923900000000003,50.31290000000011,573.4315666666666,573.4315666666666,573.4315666666666,0.0,0.0,3538.582759259259,0.0
2025-10-14,0,137,22:50-23:00,573.2966666666666,0.0,0.4384,0.4100968750000002,22.45500000000004,78.63632916666668,595.7516666666667,595.7516666666667,595.7516666666667,0.0,0.0,3538.582759259259,0.0
2025-10-14,0,138,23:00-23:10,585.5010666666667,0.0,0.428075,0.4049352678571428,19.790950000000066,98.96681250000002,1438.62535,1438.62535,1438.62535,833.3333333333333,0.0,4288.58275925926,0.0
2025-10-14,0,139,23:10-23:20,559.4421166666666,0.0,0.42269999999999996,0.40130669642857125,18.814049999999952,79.80121666666682,1411.5894999999998,1411.5894999999998,1411.5894999999998,833.3333333333333,0.0,5038.58275925926,0.0
2025-10-14,0,140,23:20-23:30,521.9583333333333,0.0,0.423975,0.400645982142857,31.328333333333376,51.898970833333394,1386.62,1386.62,1386.62,833.3333333333333,0.0,5788.58275925926,0.0
2025-10-14,0,141,23:30-23:40,532.5082333333332,0.0,0.431,0.4090142857142857,19.235716666666576,45.19269166666673,786.6519952674897,786.6519952674897,786.6519952674897,234.90804526748988,0.0,6000.0,0.0
2025-10-14,0,142,23:40-23:50,562.6989833333333,0.0,0.43902499999999994,0.41669375000000014,25.804399999999987,43.4897041666666,588.5033833333333,588.5033833333333,588.5033833333333,0.0,0.0,6000.0,0.0
2025-10-14,0,143,23:50-24:00,577.6666666666666,0.0,0.442575,0.4188241071428571,21.319999999999993,35.08833333333334,598.9866666666667,598.9866666666667,598.9866666666667,0.0,0.0,6000.0,0.0
2025-10-15,0,0,0:00-0:10,569.6219166666666,0.0,0.43879999999999997,0.4193763392857143,24.70133333333331,63.53084166666656,594.3232499999999,594.3232499999999,594.3232499999999,0.0,0.0,6326.016335211638,0.0
2025-10-15,0,1,0:10-0:20,572.2402333333333,0.0,0.43417500000000003,0.4144660714285716,14.830983333333393,47.72873749999982,587.0712166666667,587.0712166666667,587.0712166666667,0.0,0.0,6326.016335211638,0.0
2025-10-15,0,2,0:20-0:30,573.4433333333333,0.0,0.4255,0.40150446428571407,18.645000000000095,43.983804166666445,1425.4216666666666,1425.4216666666666,1425.4216666666666,833.3333333333333,0.0,7076.016335211638,0.0
2025-10-15,0,3,0:30-0:40,537.8593833333333,0.0,0.40892500000000004,0.385325,14.377483333333316,47.253116666666585,1385.5701999999999,1385.5701999999999,1385.5701999999999,833.3333333333333,0.0,7826.016335211638,0.0
2025-10-15,0,4,0:40-0:50,554.6063666666666,0.0,0.42127499999999996,0.3973808035714285,14.940866666666693,69.25268333333305,1402.8805666666667,1402.8805666666667,1402.8805666666667,833.3333333333333,0.0,8576.016335211638,0.0
2025-10-15,0,5,0:50-1:00,605.56,0.0,0.44507499999999994,0.42067767857142846,17.34333333333342,42.05856249999991,622.9033333333334,622.9033333333334,622.9033333333334,0.0,0.0,8576.016335211638,0.0
2025-10-15,0,6,1:00-1:10,579.6610833333333,0.0,0.4248,0.4057874999999999,23.679666666666662,46.27143749999999,603.34075,603.34075,603.34075,0.0,0.0,8576.016335211638,0.0
2025-10-15,0,7,1:10-1:20,547.1184,0.0,0.40947500000000003,0.39281919642857144,21.91181666666671,28.314924999999945,1402.36355,1402.36355,1402.36355,833.3333333333333,0.0,9326.016335211638,0.0
2025-10-15,0,8,1:20-1:30,558.78,0.0,0.421475,0.40281339285714274,16.271666666666704,55.37184761904747,1379.477960875958,1379.477960875958,1379.477960875958,804.4262942092912,0.0,10050.0,0.0
2025-10-15,0,9,1:30-1:40,590.1457666666666,0.0,0.43210000000000004,0.41445401785714286,21.297149999999988,64.36662499999991,611.4429166666666,611.4429166666666,611.4429166666666,0.0,0.0,10050.0,0.0
2025-10-15,0,10,1:40-1:50,583.9029166666667,0.0,0.424325,0.40748392857142857,18.049350000000004,38.450099999999935,601.9522666666667,601.9522666666667,601.9522666666667,0.0,0.0,10050.0,0.0
2025-10-15,0,11,1:50-2:00,560.8116666666666,0.0,0.425825,0.4078200892857144,16.895000000000095,29.666133333333306,577.7066666666667,577.7066666666667,577.7066666666667,0.0,0.0,10050.0,0.0
2025-10-15,0,12,2:00-2:10,591.44255,0.0,0.47302500000000003,0.4541754464285713,27.29774999999995,29.28199166666667,618.7402999999999,618.7402999999999,618.7402999999999,0.0,0.0,10050.0,0.0
2025-10-15,0,13,2:10-2:20,607.2944166666666,0.0,0.479,0.4610120535714285,28.07563333333337,29.560804166666543,635.37005,635.37005,635.37005,0.0,0.0,10050.0,0.0
2025-10-15,0,14,2:20-2:30,592.4583333333333,0.0,0.44265000000000004,0.42759553571428566,12.226666666666688,43.19517499999992,604.685,604.685,604.685,0.0,0.0,10050.0,0.0
2025-10-15,0,15,2:30-2:40,601.4700499999999,0.0,0.45027500000000004,0.4390308035714285,16.144666666666637,55.34892500000001,617.6147166666665,617.6147166666665,617.6147166666665,0.0,0.0,10050.0,0.0
2025-10-15,0,16,2:40-2:50,617.9915333333333,0.0,0.470225,0.4594522321428571,18.648900000000026,53.73521249999996,636.6404333333334,636.6404333333334,636.6404333333334,0.0,0.0,10050.0,0.0
2025-10-15,0,17,2:50-3:00,619.48,0.0,0.474475,0.4611924107142857,25.313333333333276,47.29500833333347,644.7933333333333,644.7933333333333,644.7933333333333,0.0,0.0,10050.0,0.0
2025-10-15,0,18,3:00-3:10,605.0971666666667,0.0,0.4683,0.4537441964285714,26.82283333333328,46.17969583333334,631.92,631.92,631.92,0.0,0.0,10050.0,0.0
2025-10-15,0,19,3:10-3:20,608.7756499999999,0.0,0.45212500000000005,0.43609821428571427,19.448416666666617,43.853327976190315,628.2240666666665,628.2240666666665,628.2240666666665,0.0,0.0,10050.0,0.0
2025-10-15,0,20,3:20-3:30,624.9733333333334,0.0,0.4383,0.4214888392857143,14.325000000000045,39.04422738095231,639.2983333333334,639.2983333333334,639.2983333333334,0.0,0.0,10050.0,0.0
2025-10-15,0,21,3:30-3:40,616.7970833333333,0.0,0.44399999999999995,0.43009241071428556,16.39636666666661,48.028471428571564,633.1934499999999,633.1934499999999,633.1934499999999,0.0,0.0,10050.0,0.0
2025-10-15,0,22,3:40-3:50,612.2332166666666,0.0,0.45182500000000003,0.44118035714285714,18.882066666666674,34.8829589285716,631.1152833333333,631.1152833333333,631.1152833333333,0.0,0.0,10050.0,0.0
2025-10-15,0,23,3:50-4:00,614.2049999999999,0.0,0.4466,0.4363526785714285,21.11166666666668,24.292348809523915,635.3166666666666,635.3166666666666,635.3166666666666,0.0,0.0,10050.0,0.0
2025-10-15,0,24,4:00-4:10,597.58485,0.0,0.42869999999999997,0.41646250000000007,19.384383333333403,33.68188333333336,616.9692333333334,616.9692333333334,616.9692333333334,0.0,0.0,10050.0,0.0
2025-10-15,0,25,4:10-4:20,590.73735,9.761904761904761e-05,0.41645,0.40759464285714264,27.99879999999996,31.337764880952577,618.7360523809523,618.7360523809523,618.7360523809523,0.0,0.0,10050.0,0.0
2025-10-15,0,26,4:20-4:30,600.65,0.0,0.421875,0.41763526785714283,19.32499999999999,58.44818809523831,619.9749999999999,619.9749999999999,619.9749999999999,0.0,0.0,10050.0,0.0
2025-10-15,0,27,4:30-4:40,606.4678666666666,0.0,0.44179999999999997,0.4321558035714285,28.51594999999986,86.67235476190503,634.9838166666665,634.9838166666665,634.9838166666665,0.0,0.0,10050.0,0.0
2025-10-15,0,28,4:40-4:50,615.8584999999999,0.0023976190476190473,0.45594999999999997,0.4450625000000001,29.26902142857142,84.16104821428635,645.1251238095236,645.1251238095236,645.1251238095236,0.0,0.0,10050.0,0.0
2025-10-15,0,29,4:50-5:00,622.4883333333332,0.0,0.451775,0.4445517857142857,17.81666666666672,92.30264761904792,640.305,640.305,640.305,0.0,0.0,10050.0,0.0
2025-10-15,0,30,5:00-5:10,609.8295499999999,0.0,0.439075,0.4278562500000001,20.197904761904624,114.3869958333344,630.0274547619046,630.0274547619046,630.0274547619046,0.0,0.0,10050.0,0.0
2025-10-15,0,31,5:10-5:20,604.6499666666666,0.03338571428571428,0.464325,0.4546388392857141,19.992983333333314,149.44531904762,624.6095642857142,624.6095642857142,624.6095642857142,0.0,0.0,10050.0,0.0
2025-10-15,0,32,5:20-5:30,599.2283333333332,0.0,0.46425,0.46349062499999993,23.265357142857056,228.84879345238204,622.4936904761903,622.4936904761903,622.4936904761903,0.0,0.0,10050.0,0.0
2025-10-15,0,33,5:30-5:40,577.3203,0.0,0.37485,0.3776540178571429,19.27296904761897,415.79209702381024,1429.9266023809523,1429.9266023809523,1429.9266023809523,833.3333333333333,0.0,10800.0,0.0
2025-10-15,0,34,5:40-5:50,661.7350166666666,0.46499523809523813,0.5776749999999999,0.5792866071428572,24.280028571428545,494.87953869047675,685.5500499999999,685.5500499999999,685.5500499999999,0.0,-0.0,10800.0,0.0
2025-10-15,0,35,5:50-6:00,804.6166666666666,0.0,0.9602,0.9628687499999999,37.33547619047613,510.03915238095294,8.618809523809432,8.618809523809432,8.618809523809432,0.0,833.3333333333333,9874.074074074075,0.0
2025-10-15,0,36,6:00-6:10,821.6677166666666,0.0,0.996975,1.008457589285714,39.49486666666667,553.0896732142864,27.829250000000002,27.829250000000002,27.829250000000002,0.0,833.3333333333333,8948.14814814815,0.0
2025-10-15,0,37,6:10-6:20,802.2679499999999,7.928721428571427,0.9259999999999999,0.942734375,39.003911904761935,601.1600738095246,0.009807142857198414,0.009807142857198414,0.009807142857198414,0.0,833.3333333333333,8022.2222222222235,0.0
2025-10-15,0,38,6:20-6:30,809.3083333333334,39.20892857142857,0.915525,0.9313910714285717,41.05398809523808,634.5251720238103,0.0,0.0,0.0,0.0,811.1533928571429,7120.9406746031755,0.0
2025-10-15,0,39,6:30-6:40,814.8930499999999,86.24641428571428,0.8910750000000001,0.9072321428571427,44.873371428571545,619.225663095239,0.0,0.0,0.0,0.0,773.5200071428571,6261.474000000001,0.0
2025-10-15,0,40,6:40-6:50,816.5659,139.1636595238095,0.873275,0.886077232142857,45.231404761904656,727.6808595238102,165.18877559523696,165.18877559523696,165.18877559523696,0.0,557.4448696428582,5642.090811507936,0.0
2025-10-15,0,41,6:50-7:00,817.0816666666666,193.42053571428568,0.865075,0.8745071428571427,49.613273809523776,782.291976785715,673.2744047619046,673.2744047619046,673.2744047619046,0.0,0.0,5642.090811507936,0.0
2025-10-15,0,42,7:00-7:10,816.9207833333332,250.53715714285715,0.8379,0.8530491071428573,53.53828095238083,761.9637761904772,619.9219071428569,619.9219071428569,619.9219071428569,0.0,0.0,5642.090811507936,0.0
2025-10-15,0,43,7:10-7:20,815.6712333333332,310.5309,0.8128,0.8283816964285714,67.8268095238094,765.1512785714299,572.9671428571427,572.9671428571427,572.9671428571427,0.0,0.0,5642.090811507936,0.0
2025-10-15,0,44,7:20-7:30,797.6716666666666,371.76428571428573,0.76665,0.7763089285714287,64.36755952380935,797.0307446428583,490.2749404761903,490.2749404761903,490.2749404761903,0.0,0.0,5642.090811507936,0.0
2025-10-15,0,45,7:30-7:40,773.1528833333333,431.97601904761905,0.696125,0.7064482142857142,61.457673809523726,790.040075000001,1235.9678714285712,1235.9678714285712,1235.9678714285712,833.3333333333333,0.0,6392.090811507936,0.0
2025-10-15,0,46,7:40-7:50,904.2345833333334,491.174530952381,0.88415,0.893979464285714,58.38174047619043,764.743975000001,0.0,0.0,0.0,0.0,471.4417928571428,5868.266597222222,0.0
2025-10-15,0,47,7:50-8:00,1120.8633333333332,548.3696428571428,1.201425,1.208029464285714,58.77755952380937,742.5197648809533,0.0,0.0,0.0,0.0,631.2712499999999,5166.854097222223,0.0
2025-10-15,0,48,8:00-8:10,1164.6734666666666,602.867469047619,1.206825,1.2142799107142854,45.475521428571255,724.0544970238102,0.0,0.0,0.0,0.0,607.2815190476189,4492.096853835979,0.0
2025-10-15,0,49,8:10-8:20,1103.2484833333333,661.3227119047618,1.13785,1.1446964285714287,65.67844285714284,715.1883750000004,0.0,0.0,0.0,0.0,507.6042142857142,3928.092171296297,0.0
2025-10-15,0,50,8:20-8:30,1042.0983333333334,728.742857142857,1.1301,1.13414375,67.79351190476189,763.7707333333336,0.0,0.0,0.0,0.0,381.14898809523834,3504.5932956349207,0.0
2025-10-15,0,51,8:30-8:40,1026.683,801.9533714285715,1.0818,1.0858946428571428,85.90043571428566,743.0864791666675,0.0,0.0,0.0,0.0,310.6300642857143,3159.448779761905,0.0
2025-10-15,0,52,8:40-8:50,1047.9934833333332,860.2273285714286,1.04555,1.049117410714286,76.81365714285721,681.3123261904768,0.0,0.0,0.0,0.0,264.57981190476175,2865.471210978836,0.0
2025-10-15,0,53,8:50-9:00,1074.9516666666666,905.08125,1.042125,1.0453508928571429,102.42190476190484,678.8606940476193,0.0,0.0,0.0,0.0,272.29232142857154,2562.924187169312,0.0
2025-10-15,0,54,9:00-9:10,1077.7754833333333,958.0973666666665,1.0264250000000001,1.0336191964285717,96.82401904761903,651.2499553571434,0.0,0.0,0.0,0.0,216.50213571428583,2322.366258597883,0.0
2025-10-15,0,55,9:10-9:20,1067.9042333333332,1014.9262904761905,0.9847000000000001,0.9924888392857144,86.3660023809523,584.7912714285724,0.0,0.0,0.0,0.0,139.343945238095,2167.5396527777775,0.0
2025-10-15,0,56,9:20-9:30,1071.3866666666665,1068.4919642857142,0.9392500000000001,0.9470776785714285,99.9611904761905,622.0984422619053,0.0,0.0,0.0,0.0,102.85589285714286,2053.255327380952,0.0
2025-10-15,0,57,9:30-9:40,1100.7172833333334,1117.2821357142857,0.9236,0.9363629464285713,94.96855952380952,628.0894428571428,0.0,0.0,0.0,0.0,78.40370714285723,1966.1400972222218,0.0
2025-10-15,0,58,9:40-9:50,1100.6363,1165.4766642857142,0.90875,0.895979910714286,96.24492857142866,646.0830410714282,0.0,0.0,0.0,0.0,31.404564285714287,1931.2461369047614,0.0
2025-10-15,0,59,9:50-10:00,1073.6299999999999,1210.2339285714284,0.8997999999999999,0.8464236607142854,97.75178571428546,658.1215232142854,0.0,0.0,0.0,38.85214285714301,0.0,1966.2130654761906,0.0
2025-10-15,0,60,10:00-10:10,1075.8782166666665,1244.7925857142857,0.923375,0.86869375,72.46978333333323,643.2192166666663,0.0,0.0,0.0,96.44458571428595,0.0,2053.013192619048,0.0
2025-10-15,0,61,10:10-10:20,1080.8251,1279.6923619047616,0.89895,0.8498267857142859,74.40513333333342,650.1480738095248,0.0,0.0,0.0,124.46212857142814,0.0,2165.029108333333,0.0
2025-10-15,0,62,10:20-10:30,1072.58,1315.7821428571428,0.8496,0.7940071428571429,83.85886904761901,643.8473273809523,0.0,0.0,0.0,159.3432738095239,0.0,2308.4380547619044,0.0
2025-10-15,0,63,10:30-10:40,1066.9911,1341.278819047619,0.8545750000000001,0.7979468750000002,102.40292142857169,700.0760178571427,0.0,0.0,0.0,171.88479761904728,0.0,2463.134372619047,0.0
2025-10-15,0,64,10:40-10:50,1076.7832333333333,1350.8731714285714,0.708025,0.6731647321428573,94.96471666666656,684.8771369047621,0.0,0.0,0.0,179.12522142857142,0.0,2624.3470719047614,0.0
2025-10-15,0,65,10:50-11:00,1081.7549999999999,1353.9571428571426,0.46904999999999997,0.4642232142857144,87.46577380952363,638.2478458333336,0.0,0.0,0.0,184.73636904761906,0.0,2790.6098040476186,0.0
2025-10-15,0,66,11:00-11:10,1054.2037666666665,1368.9336023809524,0.42739999999999995,0.42719598214285703,70.97718809523826,628.7771154761907,589.5806857142857,589.5806857142857,589.5806857142857,833.3333333333333,0.0,3540.6098040476186,0.0
2025-10-15,0,67,11:10-11:20,1059.4357833333333,1397.939930952381,0.45165,0.4459575892857141,90.40529523809516,609.6443869047623,0.0,0.0,0.0,248.0988523809524,0.0,3763.8987711904756,0.0
2025-10-15,0,68,11:20-11:30,1091.8566666666666,1425.2875,0.452925,0.44560937500000003,93.42672619047616,606.8743005952385,335.96008280423484,335.96008280423484,335.96008280423484,575.9641899470921,0.0,4282.266542142858,0.0
2025-10-15,0,69,11:30-11:40,1074.4974333333332,1431.4537476190474,0.4699,0.4637924107142855,102.91106428571425,568.639666071429,0.0,0.0,0.0,254.0452499999999,0.0,4510.9072671428585,0.0
2025-10-15,0,70,11:40-11:50,1023.3080499999999,1435.1096547619047,0.449325,0.442325,122.71997857142856,598.9752059523814,544.251707142857,544.251707142857,544.251707142857,833.3333333333333,0.0,5260.9072671428585,0.0
2025-10-15,0,71,11:50-12:00,987.7950000000001,1443.2169642857143,0.4105,0.402475,103.93660714285693,751.4913267857148,481.84797619047595,481.84797619047595,481.84797619047595,833.3333333333333,0.0,6010.9072671428585,0.0
2025-10-15,0,72,12:00-12:10,1001.5677999999999,1444.946507142857,0.431225,0.42736696428571436,102.08970476190495,814.3258059523811,492.0443309523812,492.0443309523812,492.0443309523812,833.3333333333333,0.0,6760.9072671428585,0.0
2025-10-15,0,73,12:10-12:20,1000.6208166666667,1443.7297095238096,0.437775,0.4318986607142858,95.21683809523824,875.4001464285716,485.4412785714287,485.4412785714287,485.4412785714287,833.3333333333333,0.0,7510.9072671428585,0.0
2025-10-15,0,74,12:20-12:30,967.55,1442.141964285714,0.385825,0.3727794642857143,119.09244047619018,921.9980488095241,477.83380952380935,477.83380952380935,477.83380952380935,833.3333333333333,0.0,8260.907267142858,0.0
2025-10-15,0,75,12:30-12:40,954.7807333333333,1436.502642857143,0.34245,0.32969866071428566,111.5108880952381,928.4275577380953,463.1223119047618,463.1223119047618,463.1223119047618,833.3333333333333,0.0,9010.907267142858,0.0
2025-10-15,0,76,12:40-12:50,1005.9223666666667,1417.615026190476,0.53015,0.5181727678571428,100.47944523809497,902.5561000000001,0.0,0.0,0.0,311.21321428571446,0.0,9290.999160000001,0.0
2025-10-15,0,77,12:50-13:00,1077.3316666666665,1395.0276785714286,0.814475,0.7989343749999999,94.85434523809533,868.4616708333332,0.0,0.0,0.0,222.8416666666667,0.0,9491.55666,0.0
2025-10-15,0,78,13:00-13:10,1074.0205166666665,1386.9187857142856,0.82175,0.801827232142857,69.09348571428575,837.164944642857,0.0,0.0,0.0,243.8047833333335,0.0,9710.980965,0.0
2025-10-15,0,79,13:10-13:20,1032.0557999999999,1367.079969047619,0.7887249999999999,0.7709946428571427,69.93004047619056,813.0879970238095,0.0,0.0,0.0,265.09412857142866,0.0,9949.565680714286,0.0
2025-10-15,0,80,13:20-13:30,1006.7666666666667,1329.5473214285712,0.8372250000000001,0.8281830357142859,80.26494047619036,739.296177380952,0.0,0.0,0.0,242.51571428571424,0.0,10167.82982357143,0.0
2025-10-15,0,81,13:30-13:40,1022.8121666666666,1295.8771047619048,0.851475,0.8464200892857143,84.5541785714285,649.9410285714281,0.0,0.0,0.0,188.5107595238096,0.0,10337.489507142858,0.0
2025-10-15,0,82,13:40-13:50,1041.2964333333332,1271.0500023809523,0.8509749999999999,0.8244294642857143,81.5161357142857,630.9486529761898,0.0,0.0,0.0,148.23743333333346,0.0,10470.903197142858,0.0
2025-10-15,0,83,13:50-14:00,1039.7983333333332,1246.2401785714285,0.8694250000000001,0.8109428571428573,80.4831547619048,649.365660714285,0.0,0.0,0.0,125.95869047619044,0.0,10584.266018571429,0.0
2025-10-15,0,84,14:00-14:10,1028.04485,1208.2857333333332,0.905525,0.8433147321428575,64.42814523809523,545.047569642857,0.0,0.0,0.0,115.81273809523782,0.0,10688.497482857143,0.0
2025-10-15,0,85,14:10-14:20,1015.5167833333333,1163.5705857142857,0.9134,0.8572017857142854,58.29045000000019,486.3119970238089,0.0,0.0,0.0,89.76335238095226,0.0,10769.2845,0.0
2025-10-15,0,86,14:20-14:30,1010.85,1114.9794642857144,0.9224000000000001,0.864498214285714,70.00113095238089,470.0974499999993,0.0,0.0,0.0,34.12833333333333,0.0,10800.0,0.0
2025-10-15,0,87,14:30-14:40,1018.8619666666666,1059.1816142857142,0.97695,0.91414375,64.52734047619029,414.3573011904755,0.0,0.0,0.0,0.0,24.207692857142774,10773.102563492064,0.0
2025-10-15,0,88,14:40-14:50,1030.7681166666666,1001.5893428571427,0.8546,0.8112397321428572,57.28868333333355,381.7989136904753,0.0,0.0,0.0,0.0,86.4674571428576,10677.02761111111,0.0
2025-10-15,0,89,14:50-15:00,1033.3316666666665,941.9955357142858,0.636075,0.6258209821428571,71.11124999999998,341.0464803571422,299.0833686067021,299.0833686067021,299.0833686067021,136.63598765432147,0.0,10800.0,0.0
2025-10-15,0,90,15:00-15:10,1021.4201833333333,876.2886642857143,0.6485749999999999,0.6449245535714285,66.6724642857144,281.2670755952377,211.80398333333346,211.80398333333346,211.80398333333346,-0.0,0.0,10800.0,0.0
2025-10-15,0,91,15:10-15:20,1024.7012666666665,815.6179190476191,0.7287250000000001,0.7214732142857144,57.20933809523814,200.54403273809447,266.2926857142854,266.2926857142854,266.2926857142854,-0.0,0.0,10800.0,0.0
2025-10-15,0,92,15:20-15:30,1039.6333333333332,758.7535714285715,0.7526250000000001,0.745132142857143,75.90065476190489,226.73958273809484,356.7804166666666,356.7804166666666,356.7804166666666,0.0,0.0,10800.0,0.0
2025-10-15,0,93,15:30-15:40,1033.0697499999999,693.2707761904762,0.76175,0.754278125,51.51393333333317,172.68980595238074,391.31290714285683,391.31290714285683,391.31290714285683,0.0,0.0,10800.0,0.0
2025-10-15,0,94,15:40-15:50,1020.8149666666666,626.7452404761905,0.7922750000000001,0.784569642857143,51.430788095238256,162.82139285714243,445.5005142857144,445.5005142857144,445.5005142857144,0.0,0.0,10800.0,0.0
2025-10-15,0,95,15:50-16:00,1024.27,564.1401785714286,0.8349,0.8265888392857146,57.74309523809529,200.54276547619014,517.8729166666667,517.8729166666667,517.8729166666667,0.0,0.0,10800.0,0.0
2025-10-15,0,96,16:00-16:10,1044.4847333333332,502.90264523809526,0.854125,0.845305357142857,72.85166428571438,207.2447738095238,614.4337523809523,614.4337523809523,614.4337523809523,0.0,0.0,10800.0,0.0
2025-10-15,0,97,16:10-16:20,1032.2814833333332,441.63651904761906,0.8759499999999999,0.870817857142857,62.99529999999993,189.2495803571432,653.6402642857142,653.6402642857142,653.6402642857142,0.0,0.0,10800.0,0.0
2025-10-15,0,98,16:20-16:30,989.0116666666665,380.58125,0.9109,0.910046875,63.92500000000001,164.5666142857144,672.3554166666665,672.3554166666665,672.3554166666665,0.0,-0.0,10800.0,0.0
2025-10-15,0,99,16:30-16:40,968.4514999999999,320.8271357142857,0.9416,0.9376540178571429,50.21543333333341,185.03093571428542,697.8397976190477,697.8397976190477,697.8397976190477,0.0,-0.0,10800.0,0.0
2025-10-15,0,100,16:40-16:50,981.5965166666666,261.87401666666665,0.9648249999999999,0.9590374999999998,43.381376190475976,166.8351994047625,763.1038761904761,763.1038761904761,763.1038761904761,0.0,-0.0,10800.0,0.0
2025-10-15,0,101,16:50-17:00,1017.8649999999999,203.92678571428567,0.98675,0.9836209821428571,47.18410714285713,138.20336547619064,861.1223214285715,861.1223214285715,861.1223214285715,0.0,-0.0,10800.0,0.0
2025-10-15,0,102,17:00-17:10,1049.8105333333333,147.72475952380952,1.016875,1.015349107142857,41.78924047619046,111.14986250000001,943.8750142857143,943.8750142857143,943.8750142857143,0.0,0.0,10800.0,0.0
2025-10-15,0,103,17:10-17:20,1027.8127,91.98653333333334,1.054,1.0507638392857144,38.17000476190492,81.09747023809504,973.9961714285715,973.9961714285715,973.9961714285715,0.0,0.0,10800.0,0.0
2025-10-15,0,104,17:20-17:30,999.7833333333333,41.91339285714286,1.080725,1.0743642857142859,34.508333333333326,69.91321607142837,992.3782738095236,992.3782738095236,992.3782738095236,0.0,0.0,10800.0,0.0
2025-10-15,0,105,17:30-17:40,1040.6776666666665,8.485680952380953,1.0899999999999999,1.0824107142857138,23.463373809523773,69.68779107142835,1055.6553595238092,1055.6553595238092,1055.6553595238092,0.0,0.0,10800.0,0.0
2025-10-15,0,106,17:40-17:50,936.2185999999999,0.0,1.16555,1.1548553571428573,28.01391190476204,63.695413095238095,964.232511904762,964.232511904762,964.232511904762,0.0,0.0,10800.0,0.0
2025-10-15,0,107,17:50-18:00,727.4083333333333,0.0,1.2722749999999998,1.258363392857143,31.426785714285757,89.97003095238091,0.0,0.0,0.0,0.0,758.8351190476191,9956.849867724868,0.0
2025-10-15,0,108,18:00-18:10,689.2424833333332,0.49779047619047617,1.2868249999999999,1.2746937500000002,21.843978571428465,75.11685119047621,0.0,0.0,0.0,0.0,710.5886714285712,9167.3068994709,0.0
2025-10-15,0,109,18:10-18:20,721.8911333333333,0.0,1.293425,1.277930803571429,34.471000000000004,74.56192083333323,0.0,0.0,0.0,0.0,756.3621333333333,8326.90452910053,0.0
2025-10-15,0,110,18:20-18:30,720.9383333333333,0.0,1.3103250000000002,1.2880129464285712,33.32666666666671,74.94238214285711,0.0,0.0,0.0,0.0,754.265,7488.8323068783075,0.0
2025-10-15,0,111,18:30-18:40,689.3710166666666,0.03574285714285714,1.2737,1.2497919642857143,12.781097619047614,51.848617261905005,0.0,0.0,0.0,0.0,702.1163714285714,6708.703005291006,0.0
2025-10-15,0,112,18:40-18:50,685.7802333333334,0.0,1.265975,1.2214620535714287,13.228516666666678,66.6167505952379,308.8127880952378,308.8127880952378,308.8127880952378,0.0,390.19596190476227,6275.151936507937,0.0
2025-10-15,0,113,18:50-19:00,711.635,0.0,1.3021500000000001,1.2291566964285714,25.47833333333324,55.21381547619053,0.0,0.0,0.0,0.0,737.1133333333332,5456.137121693122,0.0
2025-10-15,0,114,19:00-19:10,715.3585833333333,0.0025690476190476192,1.3113000000000001,1.2398821428571427,23.65402619047626,45.46723988095235,0.0,0.0,0.0,0.0,739.0100404761904,4635.0148544973545,0.0
2025-10-15,0,115,19:10-19:20,712.4934166666667,0.0,1.3000999999999998,1.2319267857142855,19.05006904761899,40.1747791666665,0.0,0.0,0.0,0.0,731.5434857142857,3822.1887592592593,0.0
2025-10-15,0,116,19:20-19:30,719.8883333333333,0.0,1.290475,1.2156236607142863,24.116666666666788,53.86900476190456,744.0050000000001,744.0050000000001,744.0050000000001,0.0,0.0,3822.1887592592593,0.0
2025-10-15,0,117,19:30-19:40,733.4270666666666,0.00013333333333333334,1.29265,1.2178852678571424,15.167066666666642,62.57014523809539,748.5939999999999,748.5939999999999,748.5939999999999,0.0,0.0,3822.1887592592593,0.0
2025-10-15,0,118,19:40-19:50,731.4774333333332,0.0,1.2923499999999999,1.2192808035714289,13.58312380952384,53.38131666666655,745.0605571428571,745.0605571428571,745.0605571428571,0.0,0.0,3822.1887592592593,0.0
2025-10-15,0,119,19:50-20:00,719.46,0.0,1.289625,1.216084821428571,28.12333333333345,45.20976904761892,747.5833333333335,747.5833333333335,747.5833333333335,0.0,0.0,3822.1887592592593,0.0
2025-10-15,0,120,20:00-20:10,724.1931666666666,0.0,1.2962500000000001,1.2232294642857142,22.62189999999987,56.721777380952574,0.0,0.0,0.0,0.0,746.8150666666664,2992.3942407407408,0.0
2025-10-15,0,121,20:10-20:20,733.5146833333333,0.0,1.290725,1.2206964285714281,18.89516428571426,58.75548571428578,752.4098476190476,752.4098476190476,752.4098476190476,0.0,0.0,2992.3942407407408,0.0
2025-10-15,0,122,20:20-20:30,735.2166666666667,0.0,1.293625,1.223292857142857,17.79166666666663,65.9346958333334,0.0,0.0,0.0,0.0,753.0083333333333,2155.7183148148147,0.0
2025-10-15,0,123,20:30-20:40,728.0287666666666,0.0,1.3206,1.2434441964285714,20.97020000000009,71.71217499999992,0.0,0.0,0.0,0.0,748.9989666666667,1323.4972407407406,0.0
2025-10-15,0,124,20:40-20:50,714.60195,0.0,1.1798250000000001,1.1212290178571427,19.999766666666574,67.79173750000007,734.6017166666666,734.6017166666666,734.6017166666666,0.0,0.0,1323.4972407407406,0.0
2025-10-15,0,125,20:50-21:00,706.26,0.0,0.9523,0.9257482142857143,13.016666666666765,111.14751666666649,725.0526234567902,725.0526234567902,725.0526234567902,5.775956790123473,0.0,1328.6956018518517,0.0
2025-10-15,0,126,21:00-21:10,715.346,0.0,0.93,0.9032526785714284,10.192283333333307,115.82604166666647,725.5382833333333,725.5382833333333,725.5382833333333,0.0,0.0,1328.6956018518517,0.0
2025-10-15,0,127,21:10-21:20,727.7817666666666,0.0,0.9601500000000001,0.9291334821428573,20.779566666666824,76.93961249999973,748.5613333333334,748.5613333333334,748.5613333333334,0.0,0.0,1328.6956018518517,0.0
2025-10-15,0,128,21:20-21:30,739.0116666666665,0.0,0.9784749999999999,0.9519924107142854,20.644999999999982,85.40970833333336,759.6566666666665,759.6566666666665,759.6566666666665,0.0,0.0,1328.6956018518517,0.0
2025-10-15,0,129,21:30-21:40,741.2418166666666,0.0,1.028775,0.999961607142857,23.864866666666558,81.56453333333336,714.7112416666666,714.7112416666666,714.7112416666666,0.0,50.3954416666666,1272.7006666666666,0.0
2025-10-15,0,130,21:40-21:50,655.50505,0.0,0.795325,0.7643375,34.963383333333354,65.43059999999991,700.8347502057612,700.8347502057612,700.8347502057612,10.366316872427888,0.0,1282.0303518518517,0.0
2025-10-15,0,131,21:50-22:00,535.7983333333333,0.0,0.4209,0.39213928571428563,19.988333333333344,73.82731666666652,1389.12,1389.12,1389.12,833.3333333333333,0.0,2032.0303518518517,0.0
2025-10-15,0,132,22:00-22:10,530.63645,0.0,0.40205,0.3758241071428571,13.22821666666664,69.79731666666656,1377.1979999999999,1377.1979999999999,1377.1979999999999,833.3333333333333,0.0,2782.0303518518517,0.0
2025-10-15,0,133,22:10-22:20,565.67135,0.0,0.46144999999999997,0.4361785714285714,16.31650000000002,38.77986249999992,581.98785,581.98785,581.98785,0.0,0.0,2782.0303518518517,0.0
2025-10-15,0,134,22:20-22:30,573.0616666666666,0.0,0.431075,0.4046866071428571,33.95833333333337,42.79998749999987,1440.3533333333332,1440.3533333333332,1440.3533333333332,833.3333333333333,0.0,3532.030351851852,0.0
2025-10-15,0,135,22:30-22:40,554.7825833333333,0.0,0.421525,0.39260044642857145,25.824666666666758,56.37465416666663,1413.9405833333333,1413.9405833333333,1413.9405833333333,833.3333333333333,0.0,4282.030351851852,0.0
2025-10-15,0,136,22:40-22:50,535.7237333333333,0.0,0.42345,0.3927830357142858,23.923900000000003,51.449066666666894,1392.9809666666665,1392.9809666666665,1392.9809666666665,833.3333333333333,0.0,5032.030351851852,0.0
2025-10-15,0,137,22:50-23:00,526.9649999999999,0.0,0.423,0.3939308035714286,22.45500000000004,78.63632916666668,1382.753333333333,1382.753333333333,1382.753333333333,833.3333333333333,0.0,5782.030351851852,0.0
2025-10-15,0,138,23:00-23:10,525.7925833333334,0.0,0.429825,0.4062580357142857,19.790950000000066,99.25085416666671,787.7720312757199,787.7720312757199,787.7720312757199,242.18849794238648,0.0,6000.0,0.0
2025-10-15,0,139,23:10-23:20,547.7074333333333,0.0,0.433175,0.41207946428571424,18.814049999999952,79.02775833333354,566.5214833333332,566.5214833333332,566.5214833333332,0.0,0.0,6000.0,0.0
2025-10-15,0,140,23:20-23:30,568.48,0.0,0.430075,0.40796473214285695,32.738333333333344,57.47581250000019,601.2183333333334,601.2183333333334,601.2183333333334,0.0,0.0,6000.0,0.0
2025-10-15,0,141,23:30-23:40,546.9609166666667,0.0,0.431175,0.4099169642857142,19.235716666666576,47.73885833333348,566.1966333333332,566.1966333333332,566.1966333333332,0.0,0.0,6000.0,0.0
2025-10-15,0,142,23:40-23:50,548.2731666666666,0.0,0.44815,0.4255397321428573,23.258233333333237,46.03587083333335,571.5313999999998,571.5313999999998,571.5313999999998,0.0,0.0,6000.0,0.0
2025-10-15,0,143,23:50-24:00,573.2933333333333,0.0,0.45605,0.43165178571428564,21.319999999999993,35.08833333333334,594.6133333333332,594.6133333333332,594.6133333333332,0.0,0.0,6000.0,0.0
2025-10-16,0,0,0:00-0:10,559.41595,0.0,0.418225,0.39863348214285727,24.70133333333331,63.53084166666656,1417.4506166666665,1417.4506166666665,1417.4506166666665,833.3333333333333,0.0,7366.653120825006,0.0
2025-10-16,0,1,0:10-0:20,552.8238333333334,0.0,0.39664999999999995,0.37625401785714285,14.830983333333393,40.29757083333318,1400.9881500000001,1400.9881500000001,1400.9881500000001,833.3333333333333,0.0,8116.653120825005,0.0
2025-10-16,0,2,0:20-0:30,571.0866666666666,0.0,0.4159,0.3906187499999998,12.35666666666674,39.004374999999825,1416.7766666666666,1416.7766666666666,1416.7766666666666,833.3333333333333,0.0,8866.653120825005,0.0
2025-10-16,0,3,0:30-0:40,581.4754166666667,0.0,0.440075,0.4170513392857142,14.377483333333316,49.58924583333324,595.8529,595.8529,595.8529,0.0,0.0,8866.653120825005,0.0
2025-10-16,0,4,0:40-0:50,577.8313166666667,0.0,0.442275,0.4194790178571428,18.661183333333383,66.37831666666627,596.4925000000001,596.4925000000001,596.4925000000001,0.0,0.0,8866.653120825005,0.0
2025-10-16,0,5,0:50-1:00,572.8766666666667,0.0,0.43495,0.41087678571428576,17.34333333333342,41.44297916666656,590.22,590.22,590.22,0.0,0.0,8866.653120825005,0.0
2025-10-16,0,6,1:00-1:10,583.2206166666666,0.0,0.448625,0.43144107142857147,23.679666666666662,45.65585416666664,606.9002833333333,606.9002833333333,606.9002833333333,0.0,0.0,8866.653120825005,0.0
2025-10-16,0,7,1:10-1:20,594.8606666666667,0.0,0.444,0.42900937499999986,22.527400000000057,27.699341666666598,617.3880666666668,617.3880666666668,617.3880666666668,0.0,0.0,8866.653120825005,0.0
2025-10-16,0,8,1:20-1:30,592.7883333333333,0.0,0.42240000000000005,0.40331785714285723,16.271666666666704,56.94297678571404,609.06,609.06,609.06,0.0,0.0,8866.653120825005,0.0
2025-10-16,0,9,1:30-1:40,575.5744833333333,0.0,0.4236,0.4055325892857143,21.297149999999988,64.36662499999991,596.8716333333333,596.8716333333333,596.8716333333333,0.0,0.0,8866.653120825005,0.0
2025-10-16,0,10,1:40-1:50,568.3465666666666,0.0,0.409975,0.3933816964285714,18.049350000000004,33.69731666666655,1419.7292499999999,1419.7292499999999,1419.7292499999999,833.3333333333333,0.0,9616.653120825005,0.0
2025-10-16,0,11,1:50-2:00,587.7149999999999,0.0,0.402275,0.3847482142857142,16.895000000000095,25.833479166666592,1437.9433333333332,1437.9433333333332,1437.9433333333332,833.3333333333333,0.0,10366.653120825005,0.0
2025-10-16,0,12,2:00-2:10,623.7197333333334,0.0,0.45865,0.44068526785714285,25.5542333333334,31.02550833333322,649.2739666666668,649.2739666666668,649.2739666666668,0.0,0.0,10366.653120825005,0.0
2025-10-16,0,13,2:10-2:20,623.41715,0.0,0.47855000000000003,0.46256741071428575,28.07563333333337,30.019520833333175,651.4927833333334,651.4927833333334,651.4927833333334,0.0,0.0,10366.653120825005,0.0
2025-10-16,0,14,2:20-2:30,590.88,0.0,0.44179999999999997,0.42940491071428566,12.270000000000095,45.67516666666661,603.1500000000001,603.1500000000001,603.1500000000001,0.0,0.0,10366.653120825005,0.0
2025-10-16,0,15,2:30-2:40,582.5605499999999,0.0,0.43135,0.42115625,16.144666666666637,56.075595833333324,598.7052166666665,598.7052166666665,598.7052166666665,0.0,0.0,10366.653120825005,0.0
2025-10-16,0,16,2:40-2:50,594.1272166666666,0.0,0.45640000000000003,0.4451794642857144,18.648900000000026,55.91522499999991,612.7761166666667,612.7761166666667,612.7761166666667,0.0,0.0,10366.653120825005,0.0
2025-10-16,0,17,2:50-3:00,607.2266666666667,0.0,0.478225,0.4642571428571428,25.313333333333276,51.87934166666659,632.54,632.54,632.54,0.0,0.0,10366.653120825005,0.0
2025-10-16,0,18,3:00-3:10,608.2093,0.0,0.45480000000000004,0.4396151785714287,23.916150000000016,50.15376666666657,632.12545,632.12545,632.12545,0.0,0.0,10366.653120825005,0.0
2025-10-16,0,19,3:10-3:20,595.3774166666667,0.0,0.440125,0.42350178571428554,17.77076666666676,45.425677976190215,613.1481833333335,613.1481833333335,613.1481833333335,0.0,0.0,10366.653120825005,0.0
2025-10-16,0,20,3:20-3:30,588.3283333333333,0.0,0.443375,0.42592187499999995,14.325000000000045,39.00912738095232,602.6533333333333,602.6533333333333,602.6533333333333,0.0,0.0,10366.653120825005,0.0
2025-10-16,0,21,3:30-3:40,607.5592166666667,0.0,0.42410000000000003,0.4094388392857142,16.39636666666661,48.028471428571564,623.9555833333333,623.9555833333333,623.9555833333333,0.0,0.0,10366.653120825005,0.0
2025-10-16,0,22,3:40-3:50,606.5454833333333,0.0,0.419,0.40739464285714294,18.882066666666674,34.690373214285955,625.42755,625.42755,625.42755,0.0,0.0,10366.653120825005,0.0
2025-10-16,0,23,3:50-4:00,583.0233333333333,0.0,0.43679999999999997,0.4256477678571428,21.11166666666668,24.77217857142891,604.135,604.135,604.135,0.0,0.0,10366.653120825005,0.0
2025-10-16,0,24,4:00-4:10,583.9232999999999,0.0,0.44605,0.4337651785714286,19.524783333333346,33.32040416666675,603.4480833333332,603.4480833333332,603.4480833333332,0.0,0.0,10366.653120825005,0.0
2025-10-16,0,25,4:10-4:20,607.3642833333333,6.19047619047619e-05,0.44662500000000005,0.439084375,28.883116666666638,28.74552261904796,636.2473380952381,636.2473380952381,636.2473380952381,0.0,0.0,10366.653120825005,0.0
2025-10-16,0,26,4:20-4:30,622.2516666666667,0.0,0.43985,0.4376839285714286,19.32499999999999,49.08053452380976,641.5766666666666,641.5766666666666,641.5766666666666,0.0,0.0,10366.653120825005,0.0
2025-10-16,0,27,4:30-4:40,603.4225833333333,0.0,0.42785,0.4194196428571429,28.51594999999986,77.1045238095239,631.9385333333331,631.9385333333331,631.9385333333331,0.0,0.0,10366.653120825005,0.0
2025-10-16,0,28,4:40-4:50,610.5597166666666,0.0020166666666666666,0.440925,0.43040714285714293,29.26902142857142,72.44932023809531,639.8267214285714,639.8267214285714,639.8267214285714,0.0,0.0,10366.653120825005,0.0
2025-10-16,0,29,4:50-5:00,628.4316666666666,0.0,0.46285,0.4557558035714283,17.81666666666672,86.65612738095243,646.2483333333333,646.2483333333333,646.2483333333333,0.0,0.0,10366.653120825005,0.0
2025-10-16,0,30,5:00-5:10,586.8707833333333,0.0,0.452075,0.4405218749999999,20.197904761904624,95.8820642857145,607.0686880952379,607.0686880952379,607.0686880952379,0.0,0.0,10366.653120825005,0.0
2025-10-16,0,31,5:10-5:20,575.9843666666666,0.028061904761904764,0.474175,0.4638857142857142,19.992983333333314,121.36158273809562,595.949288095238,595.949288095238,595.949288095238,0.0,0.0,10366.653120825005,0.0
2025-10-16,0,32,5:20-5:30,608.6966666666666,0.0,0.4804,0.47935803571428565,23.265357142857056,175.81962499999997,631.9620238095237,631.9620238095237,631.9620238095237,0.0,0.0,10366.653120825005,0.0
2025-10-16,0,33,5:30-5:40,615.4890166666667,0.0,0.398525,0.40176339285714296,19.267385714285638,246.64016071428554,1116.252934797613,1116.252934797613,1116.252934797613,481.4965324166607,0.0,10800.0,0.0
2025-10-16,0,34,5:40-5:50,665.7981833333333,0.39083571428571423,0.6027,0.6047419642857144,23.470876190476133,294.4899250000001,688.8782238095238,688.8782238095238,688.8782238095238,0.0,-0.0,10800.0,0.0
2025-10-16,0,35,5:50-6:00,762.4216666666666,0.0,0.9816,0.9839303571428571,37.33547619047613,323.028611904762,0.0,0.0,0.0,0.0,799.7571428571428,9911.380952380952,0.0
2025-10-16,0,36,6:00-6:10,820.1652,0.0,1.015775,1.0265187500000001,39.49486666666667,346.76247499999977,26.326733333333436,26.326733333333436,26.326733333333436,0.0,833.3333333333333,8985.455026455027,0.0
2025-10-16,0,37,6:10-6:20,814.7231166666667,6.758266666666666,0.93675,0.9532366071428573,38.36024523809533,372.23249821428556,12.99176190476203,12.99176190476203,12.99176190476203,0.0,833.3333333333333,8059.529100529101,0.0
2025-10-16,0,38,6:20-6:30,786.895,35.495535714285715,0.924575,0.9409571428571432,39.036845238095225,420.7385363095236,0.0,0.0,0.0,0.0,790.4363095238095,7181.266534391535,0.0
2025-10-16,0,39,6:30-6:40,798.026,82.61240476190474,0.923,0.9395160714285719,44.873371428571545,608.4801732142857,0.0,0.0,0.0,0.0,760.2869666666668,6336.503238095239,0.0
2025-10-16,0,40,6:40-6:50,799.7344666666665,136.25990238095238,0.9145749999999999,0.9271736607142855,45.231404761904656,702.8023464285712,0.0,0.0,0.0,0.0,708.7059690476187,5549.052161375663,0.0
2025-10-16,0,41,6:50-7:00,786.4183333333333,190.34375,0.8830749999999999,0.8922678571428573,48.70892857142843,712.6998726190474,477.78673135713916,477.78673135713916,477.78673135713916,0.0,166.99678054762262,5363.500182989415,0.0
2025-10-16,0,42,7:00-7:10,803.27805,246.7073714285714,0.8228749999999999,0.8385941964285714,51.51989285714279,728.5931761904759,608.0905714285714,608.0905714285714,608.0905714285714,0.0,0.0,5363.500182989415,0.0
2025-10-16,0,43,7:10-7:20,816.9425166666666,305.81275952380946,0.8087000000000001,0.8246241071428575,63.07131904761911,732.9364184523804,574.2010761904762,574.2010761904762,574.2010761904762,0.0,0.0,5363.500182989415,0.0
2025-10-16,0,44,7:20-7:30,801.0783333333334,366.77053571428576,0.79295,0.8021558035714283,62.56488095238109,740.547889285714,496.87267857142876,496.87267857142876,496.87267857142876,0.0,0.0,5363.500182989415,0.0
2025-10-16,0,45,7:30-7:40,787.3652333333332,427.6930404761904,0.699125,0.7099281250000001,60.74443333333329,735.1230529761904,1253.7499595238094,1253.7499595238094,1253.7499595238094,833.3333333333333,0.0,6113.500182989415,0.0
2025-10-16,0,46,7:40-7:50,918.2805666666666,486.39321428571435,0.8809750000000001,0.8919995535714287,58.086980952381055,692.2618940476187,489.9743333333333,489.9743333333333,489.9743333333333,0.0,0.0,6113.500182989415,0.0
2025-10-16,0,47,7:50-8:00,1103.8283333333334,541.3758928571428,1.22105,1.2284553571428576,55.59529761904764,665.0594357142855,0.0,0.0,0.0,0.0,618.0477380952382,5426.780473994706,0.0
2025-10-16,0,48,8:00-8:10,1100.2556333333332,593.8032619047619,1.2169999999999999,1.2247794642857142,41.995659523809536,700.907575595238,0.0,0.0,0.0,0.0,548.4480309523808,4817.393772936505,0.0
2025-10-16,0,49,8:10-8:20,1079.6281,652.1833571428572,1.13565,1.1423544642857142,55.41984761904757,693.8893023809524,0.0,0.0,0.0,0.0,482.8645904761904,4280.877561296294,0.0
2025-10-16,0,50,8:20-8:30,1124.31,721.0089285714286,1.1382,1.1417044642857146,67.79351190476189,715.2242863095237,0.0,0.0,0.0,0.0,471.0945833333334,3757.4391353703677,0.0
2025-10-16,0,51,8:30-8:40,1140.5725,794.5812142857144,1.1129,1.1165486607142856,78.64476666666661,714.4460357142859,0.0,0.0,0.0,0.0,424.63605238095215,3285.621299391532,0.0
2025-10-16,0,52,8:40-8:50,1117.3887833333333,851.1016023809523,1.073975,1.0785535714285712,74.00054523809558,659.5885119047621,0.0,0.0,0.0,0.0,340.28772619047663,2907.523825846558,0.0
2025-10-16,0,53,8:50-9:00,1089.945,894.2178571428572,1.04695,1.052157142857143,96.67386904761912,604.0658035714291,0.0,0.0,0.0,0.0,292.40101190476184,2582.633812619045,0.0
2025-10-16,0,54,9:00-9:10,1098.1716833333332,948.5518857142858,1.028275,1.0353035714285717,95.3736523809522,558.4052744047616,0.0,0.0,0.0,0.0,244.9934499999997,2310.418868174601,0.0
2025-10-16,0,55,9:10-9:20,1108.7339666666667,1005.4007357142857,0.9935499999999999,1.0011892857142854,69.72496666666677,599.8935392857138,0.0,0.0,0.0,0.0,173.05819761904763,2118.131981931215,0.0
2025-10-16,0,56,9:20-9:30,1098.5983333333334,1056.6714285714284,0.9501000000000001,0.959384375,75.08440476190465,627.3035113095243,0.0,0.0,0.0,0.0,117.01130952380959,1988.1194157936486,0.0
2025-10-16,0,57,9:30-9:40,1077.34755,1104.0909880952377,0.9280999999999999,0.9401169642857141,90.22309999999993,615.0755672619041,0.0,0.0,0.0,0.0,63.479661904762224,1917.5864581216906,0.0
2025-10-16,0,58,9:40-9:50,1068.4571166666665,1151.2839976190476,0.90395,0.8906638392857144,96.24492857142866,622.7869773809517,13.418047619047684,13.418047619047684,13.418047619047684,0.0,0.0,1917.5864581216906,0.0
2025-10-16,0,59,9:50-10:00,1074.125,1194.8517857142856,0.8877250000000001,0.8366419642857142,97.75178571428546,634.825459523809,0.0,0.0,0.0,22.975000000000136,0.0,1938.2639581216908,0.0
2025-10-16,0,60,10:00-10:10,1078.3833,1228.9398690476191,0.909225,0.8558290178571426,96.33378809523781,632.1179601190477,0.0,0.0,0.0,54.2227809523813,0.0,1987.0644609788342,0.0
2025-10-16,0,61,10:10-10:20,1089.34125,1266.5824904761903,0.89335,0.8443294642857145,85.69655000000034,708.3580148809513,0.0,0.0,0.0,91.54469047619,0.0,2069.4546824074055,0.0
2025-10-16,0,62,10:20-10:30,1098.79,1305.7919642857144,0.8583,0.8033035714285716,83.57357142857131,767.395553571428,0.0,0.0,0.0,123.42839285714308,0.0,2180.540235978834,0.0
2025-10-16,0,63,10:30-10:40,1086.1457166666667,1328.72055,0.8694000000000001,0.8135629464285714,101.52066190476216,783.5151815476182,0.0,0.0,0.0,141.05417142857118,0.0,2307.488990264548,0.0
2025-10-16,0,64,10:40-10:50,1070.9812,1333.8845738095235,0.716375,0.6824651785714287,92.71342857142861,802.374210119047,0.0,0.0,0.0,170.1899452380951,0.0,2460.6599409788337,0.0
2025-10-16,0,65,10:50-11:00,1065.7016666666666,1335.5455357142855,0.47222499999999995,0.4686276785714284,87.46577380952363,771.1549541666662,0.0,0.0,0.0,182.37809523809528,0.0,2624.8002266931194,0.0
2025-10-16,0,66,11:00-11:10,1064.4582999999998,1353.2974261904762,0.44105,0.4422383928571429,70.97718809523826,670.0343773809519,173.70748224574118,173.70748224574118,173.70748224574118,391.5694203409794,0.0,2977.212705000001,0.0
2025-10-16,0,67,11:10-11:20,1058.7945333333332,1382.210288095238,0.44649999999999995,0.44325178571428553,90.40529523809516,723.9365988095238,0.0,0.0,0.0,233.01045952380946,0.0,3186.9221185714296,0.0
2025-10-16,0,68,11:20-11:30,1053.1733333333332,1408.624107142857,0.4047,0.4001013392857142,93.42672619047616,932.6592964285712,571.3092857142856,571.3092857142856,571.3092857142856,833.3333333333333,0.0,3936.9221185714296,0.0
2025-10-16,0,69,11:30-11:40,1053.1925166666665,1421.7582714285713,0.411125,0.4046125,98.63949761904746,1082.8480369047618,563.4070761904759,563.4070761904759,563.4070761904759,833.3333333333333,0.0,4686.92211857143,0.0
2025-10-16,0,70,11:40-11:50,1018.61025,1431.830783333333,0.4165,0.40784999999999993,111.9860333333337,1122.2073892857145,532.0988333333339,532.0988333333339,532.0988333333339,833.3333333333333,0.0,5436.92211857143,0.0
2025-10-16,0,71,11:50-12:00,969.0066666666667,1444.9535714285714,0.40437500000000004,0.3958410714285715,96.19238095238097,1108.1803946428572,453.57880952380947,453.57880952380947,453.57880952380947,833.3333333333333,0.0,6186.92211857143,0.0
2025-10-16,0,72,12:00-12:10,970.1362,1456.073711904762,0.411975,0.40673883928571425,94.21039523809543,1101.5085642857143,441.6062166666668,441.6062166666668,441.6062166666668,833.3333333333333,0.0,6936.9221185714305,0.0
2025-10-16,0,73,12:10-12:20,988.1469333333332,1453.7171547619048,0.408775,0.40151875000000004,92.0838357142859,1125.4644226190474,459.84694761904757,459.84694761904757,459.84694761904757,833.3333333333333,0.0,7686.9221185714305,0.0
2025-10-16,0,74,12:20-12:30,995.6266666666667,1440.9839285714284,0.37802500000000006,0.365260267857143,119.09244047619018,1132.2794297619048,507.06851190476186,507.06851190476186,507.06851190476186,833.3333333333333,0.0,8436.92211857143,0.0
2025-10-16,0,75,12:30-12:40,998.6203499999999,1430.1615880952381,0.36619999999999997,0.3545736607142857,113.78910952380966,1125.7705904761904,515.5812047619047,515.5812047619047,515.5812047619047,833.3333333333333,0.0,9186.92211857143,0.0
2025-10-16,0,76,12:40-12:50,1007.6693,1407.1641333333332,0.5342250000000001,0.5237040178571428,107.10373809523799,1098.9664726190479,0.0,0.0,0.0,292.3910952380952,0.0,9450.074104285715,0.0
2025-10-16,0,77,12:50-13:00,1015.2516666666667,1378.0142857142857,0.7805749999999999,0.7670834821428574,96.09946428571433,1054.9632916666667,0.0,0.0,0.0,266.6631547619047,0.0,9690.070943571429,0.0
2025-10-16,0,78,13:00-13:10,1009.0197166666667,1364.2668214285716,0.819,0.8020973214285713,76.2450023809526,948.4918630952382,0.0,0.0,0.0,279.00210238095224,0.0,9941.172835714286,0.0
2025-10-16,0,79,13:10-13:20,1029.2163666666665,1343.2536095238097,0.78155,0.7668267857142855,69.93004047619056,850.7418440476189,0.0,0.0,0.0,244.10720238095269,0.0,10160.869317857143,0.0
2025-10-16,0,80,13:20-13:30,1051.1183333333333,1307.4339285714284,0.77765,0.7705133928571424,80.26494047619036,784.6138982142861,0.0,0.0,0.0,176.05065476190475,0.0,10319.314907142858,0.0
2025-10-16,0,81,13:30-13:40,1013.3562833333333,1272.9129428571428,0.793275,0.7891995535714285,84.5541785714285,670.5547702380954,0.0,0.0,0.0,175.0024809523809,0.0,10476.817140000001,0.0
2025-10-16,0,82,13:40-13:50,1015.0336166666666,1244.1896047619048,0.8419249999999999,0.8158446428571426,81.5161357142857,616.9851642857141,0.0,0.0,0.0,147.63985238095256,0.0,10609.693007142858,0.0
2025-10-16,0,83,13:50-14:00,1054.5833333333333,1216.2964285714284,0.887175,0.8294995535714287,83.001488095238,634.4473803571427,0.0,0.0,0.0,78.71160714285702,0.0,10680.533453571428,0.0
2025-10-16,0,84,14:00-14:10,1032.2537,1180.1188428571427,0.8700749999999999,0.8099669642857142,67.11927142857152,539.1386880952379,0.0,0.0,0.0,80.74587142857126,0.0,10753.204737857142,0.0
2025-10-16,0,85,14:10-14:20,1018.4730999999999,1135.071304761905,0.869425,0.8145392857142858,64.603469047619,478.9345178571427,0.0,0.0,0.0,51.99473571428598,0.0,10800.0,0.0
2025-10-16,0,86,14:20-14:30,1044.1133333333332,1083.2607142857144,0.92625,0.8680187499999998,70.00113095238089,466.31896666666626,0.0,0.0,0.0,0.0,30.853749999999764,10765.718055555555,0.0
2025-10-16,0,87,14:30-14:40,1061.7997833333334,1027.7316023809522,0.979025,0.9174816964285714,64.52734047619029,410.57881785714244,0.0,0.0,0.0,0.0,98.5955214285716,10656.167476190476,0.0
2025-10-16,0,88,14:40-14:50,1047.4294166666666,973.0297738095238,0.8617250000000001,0.820011607142857,57.28868333333355,378.02043035714235,0.0,0.0,0.0,0.0,131.68832619047623,10509.847113756614,0.0
2025-10-16,0,89,14:50-15:00,1020.5783333333334,917.6017857142857,0.6624500000000001,0.6526437500000002,71.11124999999998,337.26799702380913,174.0877976190476,174.0877976190476,174.0877976190476,0.0,0.0,10509.847113756614,0.0
2025-10-16,0,90,15:00-15:10,1019.7722999999999,857.5714047619049,0.650775,0.6487928571428571,66.6724642857144,275.33679226190475,551.2654553497939,551.2654553497939,551.2654553497939,322.39209582598454,0.0,10800.0,0.0
2025-10-16,0,91,15:10-15:20,1013.60655,804.7354547619047,0.7096750000000001,0.704547767857143,57.20933809523814,201.56341428571443,266.0804333333333,266.0804333333333,266.0804333333333,-0.0,0.0,10800.0,0.0
2025-10-16,0,92,15:20-15:30,999.1666666666666,754.1205357142858,0.744125,0.7375808035714286,72.08148809523794,228.9308738095237,317.12761904761874,317.12761904761874,317.12761904761874,0.0,0.0,10800.0,0.0
2025-10-16,0,93,15:30-15:40,1005.9141666666666,688.287769047619,0.7755,0.768786607142857,51.51393333333317,171.06193035714261,369.1403309523806,369.1403309523806,369.1403309523806,0.0,0.0,10800.0,0.0
2025-10-16,0,94,15:40-15:50,1008.8856833333332,622.1693952380951,0.80275,0.7964553571428571,51.430788095238256,155.85104047619,438.14707619047635,438.14707619047635,438.14707619047635,0.0,0.0,10800.0,0.0
2025-10-16,0,95,15:50-16:00,1005.0983333333334,560.7008928571429,0.82565,0.8192991071428569,57.74309523809529,192.65471309523764,502.14053571428576,502.14053571428576,502.14053571428576,0.0,0.0,10800.0,0.0
2025-10-16,0,96,16:00-16:10,1017.0078333333332,494.53072380952386,0.851025,0.8438607142857144,72.85166428571438,197.9091214285714,595.3287738095237,595.3287738095237,595.3287738095237,0.0,0.0,10800.0,0.0
2025-10-16,0,97,16:10-16:20,1025.5538666666666,430.0787976190476,0.88245,0.8780959821428571,62.99529999999993,179.91392797619085,658.4703690476191,658.4703690476191,658.4703690476191,0.0,-0.0,10800.0,0.0
2025-10-16,0,98,16:20-16:30,1026.2683333333332,369.9241071428571,0.917825,0.9169374999999997,63.92500000000001,158.05511190476201,720.269226190476,720.269226190476,720.269226190476,0.0,-0.0,10800.0,0.0
2025-10-16,0,99,16:30-16:40,1030.0802333333331,309.8890642857143,0.94675,0.9425910714285716,60.492469047619124,178.51943333333304,780.6836380952379,780.6836380952379,780.6836380952379,0.0,-0.0,10800.0,0.0
2025-10-16,0,100,16:40-16:50,1010.5748833333333,250.68420476190477,0.947625,0.9420232142857143,43.381376190475976,167.88670952381017,803.2720547619047,803.2720547619047,803.2720547619047,0.0,0.0,10800.0,0.0
2025-10-16,0,101,16:50-17:00,989.5066666666667,193.7401785714286,0.94935,0.9471049107142857,47.18410714285713,141.3860130952376,842.9505952380952,842.9505952380952,842.9505952380952,-0.0,0.0,10800.0,0.0
2025-10-16,0,102,17:00-17:10,1017.2438,139.22845952380953,1.00455,1.0043910714285718,39.85910714285728,112.20137261904767,917.8744476190477,917.8744476190477,917.8744476190477,0.0,0.0,10800.0,0.0
2025-10-16,0,103,17:10-17:20,1031.3442666666665,85.01861904761904,1.049675,1.0469910714285713,36.33460476190476,78.59690595238098,982.6602523809522,982.6602523809522,982.6602523809522,0.0,0.0,10800.0,0.0
2025-10-16,0,104,17:20-17:30,1028.5466666666666,36.96785714285714,1.0532,1.0463593749999995,34.508333333333326,68.22324880952402,1026.0871428571427,1026.0871428571427,1026.0871428571427,0.0,0.0,10800.0,0.0
2025-10-16,0,105,17:30-17:40,1045.1601333333333,7.126709523809522,1.0585,1.0511424107142857,28.650523809523747,65.3765880952379,1066.6839476190476,1066.6839476190476,1066.6839476190476,0.0,0.0,10800.0,0.0
2025-10-16,0,106,17:40-17:50,934.3594499999999,0.0,1.155275,1.1437709821428574,28.01391190476204,64.54659880952384,962.373361904762,962.373361904762,962.373361904762,0.0,0.0,10800.0,0.0
2025-10-16,0,107,17:50-18:00,744.9849999999999,0.0,1.28575,1.2694888392857144,29.85833333333335,91.53848333333332,0.0,0.0,0.0,0.0,774.8433333333332,9939.062962962964,0.0
2025-10-16,0,108,18:00-18:10,695.1188333333332,0.41337142857142856,1.2963,1.2843477678571429,21.843978571428465,75.11685119047621,0.0,0.0,0.0,0.0,716.5494404761903,9142.89691798942,0.0
2025-10-16,0,109,18:10-18:20,713.0521999999999,0.0,1.27875,1.2636874999999999,34.471000000000004,71.69285416666659,0.0,0.0,0.0,0.0,747.5231999999999,8312.315584656086,0.0
2025-10-16,0,110,18:20-18:30,718.1366666666665,0.0,1.28405,1.2597272321428574,33.32666666666671,72.79058214285713,0.0,0.0,0.0,0.0,751.4633333333333,7477.356325396827,0.0
2025-10-16,0,111,18:30-18:40,707.0735666666666,0.029680952380952377,1.2773,1.2522901785714282,12.781097619047614,48.979550595238365,0.0,0.0,0.0,0.0,719.8249833333332,6677.55078835979,0.0
2025-10-16,0,112,18:40-18:50,718.4264499999999,0.0,1.293275,1.2489441964285715,16.09758333333332,67.25834821428549,0.0,0.0,0.0,0.0,734.5240333333333,5861.412973544975,0.0
2025-10-16,0,113,18:50-19:00,735.6783333333333,0.0,1.327,1.253518303571428,25.47833333333324,55.21381547619053,0.0,0.0,0.0,0.0,761.1566666666665,5015.683343915345,0.0
2025-10-16,0,114,19:00-19:10,709.6414666666666,0.0021333333333333334,1.3282,1.2547861607142858,23.65402619047626,45.44859880952376,0.0,0.0,0.0,0.0,733.2933595238095,4200.912944444446,0.0
2025-10-16,0,115,19:10-19:20,714.7314166666666,0.0,1.300025,1.230284375,19.05006904761899,42.0185535714283,435.704752380951,435.704752380951,435.704752380951,0.0,298.07673333333463,3869.7165740740743,0.0
2025-10-16,0,116,19:20-19:30,743.4699999999999,0.0,1.266375,1.1917374999999997,24.116666666666788,51.355897023809206,767.5866666666667,767.5866666666667,767.5866666666667,0.0,0.0,3869.7165740740743,0.0
2025-10-16,0,117,19:30-19:40,715.4589333333333,9.285714285714285e-05,1.254775,1.1801705357142858,15.113521428571516,63.16913035714285,730.572361904762,730.572361904762,730.572361904762,0.0,0.0,3869.7165740740743,0.0
2025-10-16,0,118,19:40-19:50,707.8241333333333,0.0,1.2787499999999998,1.2051236607142857,8.95578333333333,58.83128214285719,716.7799166666666,716.7799166666666,716.7799166666666,0.0,0.0,3869.7165740740743,0.0
2025-10-16,0,119,19:50-20:00,728.5983333333334,0.0,1.3053000000000001,1.2307941964285718,25.226666666666688,41.2244125,0.0,0.0,0.0,0.0,753.825,3032.133240740741,0.0
2025-10-16,0,120,20:00-20:10,708.92625,0.0,1.2876750000000001,1.213475892857143,21.69563333333332,57.79705833333344,730.6218833333332,730.6218833333332,730.6218833333332,0.0,0.0,3032.133240740741,0.0
2025-10-16,0,121,20:10-20:20,707.9256499999999,0.0,1.292325,1.2219361607142856,18.746149999999943,58.9045000000001,726.6717999999998,726.6717999999998,726.6717999999998,0.0,0.0,3032.133240740741,0.0
2025-10-16,0,122,20:20-20:30,741.4516666666666,0.0,1.344725,1.2750053571428575,17.79166666666663,65.9346958333334,0.0,0.0,0.0,0.0,759.2433333333332,2188.5295370370372,0.0
2025-10-16,0,123,20:30-20:40,759.46605,0.0,1.3730250000000002,1.2956401785714284,20.97020000000009,70.28178750000006,0.0,0.0,0.0,0.0,780.4362500000001,1321.3781481481483,0.0
2025-10-16,0,124,20:40-20:50,754.4793166666666,0.0,1.208175,1.1481571428571429,19.999766666666574,66.36135000000021,774.4790833333332,774.4790833333332,774.4790833333332,0.0,0.0,1321.3781481481483,0.0
2025-10-16,0,125,20:50-21:00,736.7566666666667,0.0,0.972225,0.9444035714285717,13.016666666666765,109.24033333333335,755.5492901234567,755.5492901234567,755.5492901234567,5.77595679012322,0.0,1326.5765092592592,0.0
2025-10-16,0,126,21:00-21:10,720.5801666666666,0.0,0.9687749999999999,0.9425040178571428,11.639016666666635,113.91885833333333,732.2191833333333,732.2191833333333,732.2191833333333,0.0,0.0,1326.5765092592592,0.0
2025-10-16,0,127,21:10-21:20,711.7431166666667,0.0,0.98295,0.952927232142857,21.240016666666634,76.47916249999992,732.9831333333333,732.9831333333333,732.9831333333333,0.0,0.0,1326.5765092592592,0.0
2025-10-16,0,128,21:20-21:30,726.4216666666666,0.0,0.9642,0.9377566964285712,20.644999999999982,85.45487083333327,747.0666666666666,747.0666666666666,747.0666666666666,0.0,0.0,1326.5765092592592,0.0
2025-10-16,0,129,21:30-21:40,758.0250166666666,0.0,1.027425,0.998603125,23.864866666666558,81.56453333333336,737.7658624999999,737.7658624999999,737.7658624999999,0.0,44.12402083333327,1277.5498194444444,0.0
2025-10-16,0,130,21:40-21:50,668.90555,0.0,0.7892250000000001,0.7586897321428573,34.963383333333354,69.79483749999991,716.0312327160491,716.0312327160491,716.0312327160491,12.1622993827158,0.0,1288.4958888888887,0.0
2025-10-16,0,131,21:50-22:00,523.0066666666667,0.0,0.39225,0.36408124999999986,19.988333333333344,79.64629999999985,1376.3283333333334,1376.3283333333334,1376.3283333333334,833.3333333333333,0.0,2038.4958888888887,0.0
2025-10-16,0,132,22:00-22:10,532.63075,0.0,0.401125,0.3749879464285716,13.22821666666664,75.6162999999999,1379.1923,1379.1923,1379.1923,833.3333333333333,0.0,2788.4958888888887,0.0
2025-10-16,0,133,22:10-22:20,571.2111166666666,0.0,0.4702,0.4444933035714284,10.497516666666684,44.59884583333326,581.7086333333333,581.7086333333333,581.7086333333333,0.0,0.0,2788.4958888888887,0.0
2025-10-16,0,134,22:20-22:30,553.835,0.0,0.41425,0.3870964285714285,33.95833333333337,44.364183333333216,1421.1266666666666,1421.1266666666666,1421.1266666666666,833.3333333333333,0.0,3538.4958888888887,0.0
2025-10-16,0,135,22:30-22:40,526.6157833333333,0.0,0.39865,0.3685370535714285,25.824666666666758,56.37465416666663,1385.7737833333333,1385.7737833333333,1385.7737833333333,833.3333333333333,0.0,4288.495888888889,0.0
2025-10-16,0,136,22:40-22:50,540.6923166666666,0.0,0.41180000000000005,0.3796620535714287,23.923900000000003,50.914804166666684,1397.9495499999998,1397.9495499999998,1397.9495499999998,833.3333333333333,0.0,5038.495888888889,0.0
2025-10-16,0,137,22:50-23:00,572.2716666666666,0.0,0.4253,0.39490892857142856,22.45500000000004,68.39864166666665,829.7312345679015,829.7312345679015,829.7312345679015,235.00456790123482,0.0,5250.0,0.0
2025-10-16,0,138,23:00-23:10,554.5270499999999,0.0,0.43790000000000007,0.41357276785714275,18.581366666666668,73.26742500000003,573.1084166666666,573.1084166666666,573.1084166666666,0.0,0.0,5250.0,0.0
2025-10-16,0,139,23:10-23:20,544.7476999999999,0.0,0.4342,0.41244598214285716,15.176849999999945,69.96513333333345,559.9245499999998,559.9245499999998,559.9245499999998,0.0,0.0,5250.0,0.0
2025-10-16,0,140,23:20-23:30,567.6116666666667,0.0,0.43185,0.4085611607142858,31.328333333333376,62.83315,598.94,598.94,598.94,0.0,0.0,5250.0,0.0
2025-10-16,0,141,23:30-23:40,576.8316666666666,0.0,0.456375,0.4335245535714286,19.235716666666576,54.14539166666667,596.0673833333332,596.0673833333332,596.0673833333332,0.0,0.0,5250.0,0.0
2025-10-16,0,142,23:40-23:50,505.86093333333326,0.0,0.42264999999999997,0.39864330357142863,16.85170000000005,52.442404166666535,522.7126333333333,522.7126333333333,522.7126333333333,0.0,0.0,5250.0,0.0
2025-10-16,0,143,23:50-24:00,414.70333333333326,0.0,0.343725,0.3185839285714286,21.319999999999993,35.08833333333334,1269.3566666666666,1269.3566666666666,1269.3566666666666,833.3333333333333,0.0,6000.0,0.0
2025-10-17,0,0,0:00-0:10,431.8696,0.0,0.3261,0.3062058035714287,24.783233333333328,63.44894166666654,456.6528333333333,456.6528333333333,456.6528333333333,0.0,0.0,6235.603152592592,0.0
2025-10-17,0,1,0:10-0:20,442.4164666666666,0.0,0.34657499999999997,0.32568348214285725,14.830983333333393,40.29757083333318,457.24745,457.24745,457.24745,0.0,0.0,6235.603152592592,0.0
2025-10-17,0,2,0:20-0:30,408.9483333333333,0.0,0.35545,0.3295897321428571,12.35666666666674,35.65358749999996,421.30500000000006,421.30500000000006,421.30500000000006,0.0,0.0,6235.603152592592,0.0
2025-10-17,0,3,0:30-0:40,410.29838333333333,0.0,0.33075,0.3082196428571429,17.660700000000077,44.90372916666652,427.9590833333334,427.9590833333334,427.9590833333334,0.0,0.0,6235.603152592592,0.0
2025-10-17,0,4,0:40-0:50,431.29881666666665,0.0,0.328175,0.30615446428571425,19.60598333333337,64.56045416666636,450.9048,450.9048,450.9048,0.0,0.0,6235.603152592592,0.0
2025-10-17,0,5,0:50-1:00,442.7366666666667,0.0,0.3432,0.3193352678571428,17.953333333333376,40.832979166666604,460.69000000000005,460.69000000000005,460.69000000000005,0.0,0.0,6235.603152592592,0.0
2025-10-17,0,6,1:00-1:10,433.68838333333326,0.0,0.32045,0.30389285714285724,23.679666666666662,45.65585416666664,457.3680499999999,457.3680499999999,457.3680499999999,0.0,0.0,6235.603152592592,0.0
2025-10-17,0,7,1:10-1:20,421.93681666666663,0.0,0.314575,0.30041741071428574,22.527400000000057,31.66593095238086,444.4642166666667,444.4642166666667,444.4642166666667,0.0,0.0,6235.603152592592,0.0
2025-10-17,0,8,1:20-1:30,421.31833333333327,0.0,0.3339,0.315459375,15.403333333333308,60.196097619047436,436.7216666666666,436.7216666666666,436.7216666666666,0.0,0.0,6235.603152592592,0.0
2025-10-17,0,9,1:30-1:40,430.4781833333333,0.0,0.33045,0.3134477678571429,21.297149999999988,63.14754166666657,451.77533333333326,451.77533333333326,451.77533333333326,0.0,0.0,6235.603152592592,0.0
2025-10-17,0,10,1:40-1:50,432.4092666666666,0.0,0.32892499999999997,0.313092857142857,19.26843333333335,32.47823333333321,451.67769999999996,451.67769999999996,451.67769999999996,0.0,0.0,6235.603152592592,0.0
2025-10-17,0,11,1:50-2:00,431.39166666666665,0.0,0.329225,0.3116308035714286,16.895000000000095,27.681837499999915,448.28666666666675,448.28666666666675,448.28666666666675,0.0,0.0,6235.603152592592,0.0
2025-10-17,0,12,2:00-2:10,443.97866666666664,0.0,0.30625,0.28859419642857154,25.5542333333334,30.816091666666637,1302.8662333333332,1302.8662333333332,1302.8662333333332,833.3333333333333,0.0,6985.603152592592,0.0
2025-10-17,0,13,2:10-2:20,437.85523333333333,0.0,0.307475,0.2926964285714285,28.285049999999956,30.156433333333325,466.1402833333333,466.1402833333333,466.1402833333333,0.0,0.0,6985.603152592592,0.0
2025-10-17,0,14,2:20-2:30,421.8233333333333,0.0,0.340725,0.3295437500000001,13.276666666666642,51.90715416666649,435.09999999999997,435.09999999999997,435.09999999999997,0.0,0.0,6985.603152592592,0.0
2025-10-17,0,15,2:30-2:40,436.1061666666667,0.0,0.36277499999999996,0.3520602678571428,17.55453333333344,61.203658333333166,453.66070000000013,453.66070000000013,453.66070000000013,0.0,0.0,6985.603152592592,0.0
2025-10-17,0,16,2:40-2:50,435.21281666666664,0.0,0.36085,0.3472736607142857,18.648900000000026,58.00754583333327,453.86171666666667,453.86171666666667,453.86171666666667,0.0,0.0,6985.603152592592,0.0
2025-10-17,0,17,2:50-3:00,420.79166666666663,0.0,0.335275,0.31866875,10.789999999999964,57.96595833333316,431.5816666666666,431.5816666666666,431.5816666666666,0.0,0.0,6985.603152592592,0.0
2025-10-17,0,18,3:00-3:10,440.02845,0.0,0.3022,0.2859424107142857,21.398050000000012,52.671866666666574,1294.7598333333333,1294.7598333333333,1294.7598333333333,833.3333333333333,0.0,7735.603152592592,0.0
2025-10-17,0,19,3:10-3:20,448.3765333333333,0.0,0.3179,0.3010924107142858,17.77076666666676,45.425677976190215,466.1473000000001,466.1473000000001,466.1473000000001,0.0,0.0,7735.603152592592,0.0
2025-10-17,0,20,3:20-3:30,440.06833333333327,0.0,0.36125,0.3434133928571428,14.325000000000045,39.00912738095232,454.3933333333333,454.3933333333333,454.3933333333333,0.0,0.0,7735.603152592592,0.0
2025-10-17,0,21,3:30-3:40,452.51765,0.0,0.355325,0.34068214285714277,16.39636666666661,48.028471428571564,468.9140166666666,468.9140166666666,468.9140166666666,0.0,0.0,7735.603152592592,0.0
2025-10-17,0,22,3:40-3:50,448.58923333333337,0.0,0.3483,0.3366482142857142,18.882066666666674,33.71015892857153,467.47130000000004,467.47130000000004,467.47130000000004,0.0,0.0,7735.603152592592,0.0
2025-10-17,0,23,3:50-4:00,431.29166666666663,0.0,0.35914999999999997,0.34768348214285705,21.11166666666668,23.913115476190555,452.4033333333333,452.4033333333333,452.4033333333333,0.0,0.0,7735.603152592592,0.0
2025-10-17,0,24,4:00-4:10,441.0170333333333,0.0,0.35605000000000003,0.3444026785714286,19.524783333333346,33.38000357142862,460.54181666666665,460.54181666666665,460.54181666666665,0.0,0.0,7735.603152592592,0.0
2025-10-17,0,25,4:10-4:20,433.31808333333333,2.857142857142857e-05,0.34885,0.34204508928571425,28.883116666666638,27.824907738095405,462.2011714285714,462.2011714285714,462.2011714285714,0.0,0.0,7735.603152592592,0.0
2025-10-17,0,26,4:20-4:30,421.45333333333326,0.0,0.348225,0.34580714285714287,19.32499999999999,44.70004583333325,440.77833333333325,440.77833333333325,440.77833333333325,0.0,0.0,7735.603152592592,0.0
2025-10-17,0,27,4:30-4:40,462.0700333333333,0.0,0.35409999999999997,0.3452151785714285,28.97088571428577,53.0151119047619,491.04091904761907,491.04091904761907,491.04091904761907,0.0,0.0,7735.603152592592,0.0
2025-10-17,0,28,4:40-4:50,472.15588333333335,0.0016023809523809524,0.3651,0.3540883928571428,29.26902142857142,51.52918392857143,501.4233023809524,501.4233023809524,501.4233023809524,0.0,0.0,7735.603152592592,0.0
2025-10-17,0,29,4:50-5:00,448.06666666666666,0.0,0.365175,0.35800669642857147,17.123333333333335,70.40880476190475,66.80795730952417,66.80795730952417,66.80795730952417,0.0,398.3820426904758,7292.956438492063,0.0
2025-10-17,0,30,5:00-5:10,465.14598333333333,0.0,0.34195,0.33192991071428557,21.03460238095232,89.59563154761922,486.18058571428566,486.18058571428566,486.18058571428566,0.0,0.0,7292.956438492063,0.0
2025-10-17,0,31,5:10-5:20,458.34548333333333,0.022290476190476187,0.351625,0.3421406249999999,20.701635714285658,110.43362678571452,479.02482857142854,479.02482857142854,479.02482857142854,0.0,0.0,7292.956438492063,0.0
2025-10-17,0,32,5:20-5:30,423.75,0.0,0.3587,0.3560910714285714,23.265357142857056,161.0084892857143,447.01535714285706,447.01535714285706,447.01535714285706,0.0,0.0,7292.956438492063,0.0
2025-10-17,0,33,5:30-5:40,431.0898666666667,0.0,0.307475,0.3096441964285714,19.267385714285638,231.82902499999986,450.35725238095233,450.35725238095233,450.35725238095233,0.0,0.0,7292.956438492063,0.0
2025-10-17,0,34,5:40-5:50,455.3447,0.31043809523809524,0.47650000000000003,0.47951875000000005,23.470876190476133,290.3896607142857,0.0,0.0,0.0,0.0,478.505138095238,6761.284062830688,0.0
2025-10-17,0,35,5:50-6:00,461.6116666666667,0.0,0.7767999999999999,0.7809089285714288,37.33547619047613,318.9283476190476,0.0,0.0,0.0,0.0,498.9471428571428,6206.8983485449735,0.0
2025-10-17,0,36,6:00-6:10,444.00353333333334,0.0,0.8106,0.8213776785714285,39.49486666666667,335.88279702380953,0.0,0.0,0.0,0.0,483.4984,5669.677904100529,0.0
2025-10-17,0,37,6:10-6:20,449.98019999999997,5.48015238095238,0.74705,0.7635352678571428,38.36024523809533,357.031575595238,0.0,0.0,0.0,0.0,482.8602928571429,5133.166467592593,0.0
2025-10-17,0,38,6:20-6:30,467.185,31.220535714285717,0.720025,0.7380901785714286,39.036845238095225,402.3603886904762,0.0,0.0,0.0,0.0,475.0013095238095,4605.38723478836,0.0
2025-10-17,0,39,6:30-6:40,444.4711333333333,77.7218357142857,0.697075,0.7145906250000003,44.873371428571545,588.8154630952383,0.0,0.0,0.0,0.0,411.6226690476191,4148.028713624339,0.0
2025-10-17,0,40,6:40-6:50,462.92408333333333,131.54871904761904,0.7051499999999999,0.7176303571428573,45.231404761904656,686.3168499999998,0.0,0.0,0.0,0.0,376.6067690476189,3729.576748015873,0.0
2025-10-17,0,41,6:50-7:00,533.6016666666667,185.1482142857143,0.717825,0.7272745535714285,49.613273809523776,696.2143761904758,0.0,0.0,0.0,0.0,398.0667261904762,3287.2803855820107,0.0
2025-10-17,0,42,7:00-7:10,576.8618833333333,240.5749833333333,0.672475,0.689971875,51.51989285714279,713.0120249999998,0.0,0.0,0.0,0.0,387.8067928571428,2856.3839490740743,0.0
2025-10-17,0,43,7:10-7:20,567.2984666666666,299.1968071428571,0.639775,0.6571906249999998,63.07131904761911,718.1348410714281,0.0,0.0,0.0,0.0,331.17297857142864,2488.413972883598,0.0
2025-10-17,0,44,7:20-7:30,527.9666666666667,360.0276785714286,0.6171,0.6265553571428573,62.56488095238109,725.7463119047616,0.0,0.0,0.0,0.0,230.50386904761922,2232.298562830688,0.0
2025-10-17,0,45,7:30-7:40,504.73693333333335,420.6826214285714,0.5597,0.5720941964285713,60.74443333333329,720.3214755952381,0.0,0.0,0.0,0.0,144.79874523809525,2071.411068121693,0.0
2025-10-17,0,46,7:40-7:50,499.7724333333333,481.2966857142857,0.6673250000000001,0.6805339285714286,58.086980952381055,677.4603166666664,0.0,0.0,0.0,0.0,76.56272857142869,1986.3413697089945,0.0
2025-10-17,0,47,7:50-8:00,505.6583333333333,538.4830357142856,0.8745,0.8832870535714291,55.59529761904764,649.0884976190475,0.0,0.0,0.0,0.0,22.770595238095325,1961.040708333333,0.0
2025-10-17,0,48,8:00-8:10,517.6991166666667,588.1198452380952,0.8876999999999999,0.8974651785714288,45.475521428571255,684.9366374999998,0.0,0.0,0.0,0.0,12.727887785713968,1946.898610793651,0.0
2025-10-17,0,49,8:10-8:20,534.4458333333333,639.6516023809522,0.8084749999999999,0.8180245535714281,65.67844285714284,656.6022404761904,0.0,0.0,0.0,39.52732619047607,0.0,1982.4732043650793,0.0
2025-10-17,0,50,8:20-8:30,538.1466666666666,701.5803571428571,0.761125,0.7675589285714287,68.46684523809529,704.2258839285713,0.0,0.0,0.0,7.426850382128299,0.0,1989.1573697089948,0.0
2025-10-17,0,51,8:30-8:40,517.7942499999999,772.0767047619048,0.7702999999999999,0.7764749999999997,78.64476666666661,710.2416327380954,0.0,0.0,0.0,-0.0,56.58151547618968,1926.2890191798951,0.0
2025-10-17,0,52,8:40-8:50,552.9485666666667,827.035407142857,0.7832749999999999,0.7903459821428569,74.00054523809558,653.6601172619055,0.0,0.0,0.0,200.08629523809475,0.0,2106.3666848941803,0.0
2025-10-17,0,53,8:50-9:00,636.9566666666666,871.6482142857144,0.7744500000000001,0.7818227678571429,96.67386904761912,592.8218535714291,0.0,0.0,0.0,138.01767857142863,0.0,2230.5825956084664,0.0
2025-10-17,0,54,9:00-9:10,675.7533833333333,934.08995,0.757475,0.764878125,95.3736523809522,539.1255886904768,0.0,0.0,0.0,-0.0,413.1840664047626,1771.4891884920635,0.0
2025-10-17,0,55,9:10-9:20,662.86025,996.1321595238094,0.72305,0.7309883928571429,69.72496666666677,514.340269642857,0.0,0.0,0.0,16.685947971781218,0.0,1786.5065416666666,0.0
2025-10-17,0,56,9:20-9:30,639.1233333333332,1048.8517857142856,0.692375,0.702989732142857,75.08440476190465,527.8558875000001,0.0,0.0,0.0,37.78896751910694,0.0,1820.516612433863,0.0
2025-10-17,0,57,9:30-9:40,647.0151999999999,1100.9674976190472,0.70275,0.7146495535714285,88.59498571428566,558.4649511904767,0.0,0.0,0.0,1.938779394473029,0.0,1822.2615138888887,0.0
2025-10-17,0,58,9:40-9:50,641.1875,1146.9481261904762,0.710525,0.6970754464285714,96.24492857142866,560.0353624999998,0.0,0.0,0.0,25.35221928277533,0.0,1845.0785112433864,0.0
2025-10-17,0,59,9:50-10:00,613.0316666666666,1185.1696428571427,0.678625,0.6288691964285714,100.93904761904741,580.5706601190477,0.0,0.0,0.0,0.0,0.0,1845.0785112433864,0.0
2025-10-17,0,60,10:00-10:10,604.4550999999999,1222.1034333333334,0.615425,0.5626102678571426,96.33378809523781,568.8556154761905,0.0,0.0,0.0,0.0,0.0,1845.0785112433864,0.0
2025-10-17,0,61,10:10-10:20,622.4538,1265.1451690476188,0.598025,0.5495553571428572,87.70036904761916,566.8541505952376,0.0,0.0,0.0,81.58839873603762,0.0,1918.50807010582,0.0
2025-10-17,0,62,10:20-10:30,638.9466666666666,1307.205357142857,0.6295,0.5761013392857143,85.28898809523784,646.657263095238,0.0,0.0,0.0,33.48658583186274,0.0,1948.6459973544966,0.0
2025-10-17,0,63,10:30-10:40,621.6058166666667,1331.0541857142857,0.615,0.5601375,101.52066190476216,673.7813976190469,0.0,0.0,0.0,20.044005731922386,0.0,1966.6856025132267,0.0
2025-10-17,0,64,10:40-10:50,621.2920166666667,1337.806471428571,0.441575,0.4084200892857142,92.71342857142861,690.0170422619041,0.0,0.0,0.0,-0.0,14.221945238094849,1950.8834411375658,0.0
2025-10-17,0,65,10:50-11:00,650.1166666666666,1341.95625,0.21925,0.2169285714285715,94.32755952380938,675.7950970238093,0.0,0.0,0.0,-0.0,83.62542857142937,1857.966298280422,0.0
2025-10-17,0,66,11:00-11:10,663.1079166666666,1360.6598714285715,0.18714999999999998,0.18919419642857147,95.45985238095221,581.4709452380948,0.0,0.0,0.0,-0.0,0.0,1857.966298280422,0.0
2025-10-17,0,67,11:10-11:20,629.1809999999999,1387.138107142857,0.20352499999999998,0.2019004464285714,92.75266428571439,592.1696684523799,0.0,0.0,0.0,283.10084435626163,0.0,2112.7570582010576,0.0
2025-10-17,0,68,11:20-11:30,587.4583333333333,1407.2660714285712,0.186975,0.18503348214285711,94.75488095238128,821.4813523809516,0.0,0.0,0.0,725.0528571428557,0.0,2765.304629629628,0.0
2025-10-17,0,69,11:30-11:40,606.8597333333332,1412.150780952381,0.19255,0.18683794642857135,98.63949761904746,972.9490934523803,0.0,0.0,0.0,-0.0,286.26604642857075,2447.231244708994,0.0
2025-10-17,0,70,11:40-11:50,615.11605,1418.200111904762,0.192975,0.18418750000000003,123.18099047619074,1032.794841666666,0.0,0.0,0.0,-0.0,0.0,2447.231244708994,0.0
2025-10-17,0,71,11:50-12:00,593.4133333333333,1432.3669642857142,0.18035,0.17213124999999999,111.75059523809523,1080.1431053571423,0.0,0.0,0.0,-0.0,0.0,2447.231244708994,0.0
2025-10-17,0,72,12:00-12:10,595.32645,1444.6437214285716,0.1791,0.1732549285714286,127.7971071428571,1122.5081202380945,0.0,0.0,0.0,721.5201642857162,0.0,3096.5993925661387,0.0
2025-10-17,0,73,12:10-12:20,606.8421,1440.997773809524,0.176425,0.16868080357142853,92.0838357142859,1192.3174684523804,0.0,0.0,0.0,742.0718380952383,-0.0,3764.4640468518546,0.0
2025-10-17,0,74,12:20-12:30,613.6133333333332,1421.136607142857,0.155975,0.14535896428571426,122.27404761904768,1209.5313130952377,0.0,0.0,0.0,685.2492261904761,0.0,4381.188350423283,0.0
2025-10-17,0,75,12:30-12:40,614.4337166666667,1396.8132095238097,0.14024999999999999,0.13054605357142862,114.35156666666666,1201.3204785714283,0.0,0.0,0.0,668.0279261904764,0.0,4982.413483994712,0.0
2025-10-17,0,76,12:40-12:50,592.5832166666667,1369.9850071428573,0.27097499999999997,0.26166339285714285,119.94517619047656,1158.8458464285711,0.0,0.0,0.0,657.4566142857141,-0.0,5574.124436851855,0.0
2025-10-17,0,77,12:50-13:00,575.3016666666666,1347.1357142857141,0.47045000000000003,0.4602178571428572,106.59202380952365,1118.007510714286,0.0,0.0,0.0,665.242023809524,-0.0,6172.842258280426,0.0
2025-10-17,0,78,13:00-13:10,607.70165,1334.8803857142857,0.5048,0.49048660714285713,97.85587380952393,1100.5139839285712,0.0,0.0,0.0,629.3228619047618,0.0,6739.232833994712,0.0
2025-10-17,0,79,13:10-13:20,618.1964166666667,1312.8180214285712,0.50525,0.49162142857142843,71.92822619047593,1001.2562833333332,0.0,0.0,0.0,622.6933785714286,0.0,7299.656874708998,0.0
2025-10-17,0,80,13:20-13:30,594.9849999999999,1276.4607142857144,0.55015,0.5436491071428572,77.23452380952381,814.0617077380947,0.0,0.0,0.0,604.2411904761907,-0.0,7843.473946137569,0.0
2025-10-17,0,81,13:30-13:40,597.8773833333332,1241.1962357142856,0.58385,0.5809401785714287,84.5541785714285,717.5496791666667,0.0,0.0,0.0,558.7646738095239,-0.0,8346.36215256614,0.0
2025-10-17,0,82,13:40-13:50,615.1750499999999,1210.7093476190475,0.6019249999999999,0.5772482142857142,81.5161357142857,689.7465065476191,0.0,0.0,0.0,514.0181619047619,0.0,8808.978498280427,0.0
2025-10-17,0,83,13:50-14:00,616.3566666666666,1180.4205357142855,0.6106750000000001,0.5540977678571429,89.86053571428545,623.1004255952379,0.0,0.0,0.0,474.2033333333336,-0.0,9235.761498280428,0.0
2025-10-17,0,84,14:00-14:10,588.0185166666666,1142.5098404761902,0.6147,0.5558571428571428,69.1698833333334,626.34571845238,0.0,0.0,0.0,485.3214404761902,-0.0,9672.550794708997,0.0
2025-10-17,0,85,14:10-14:20,581.87285,1096.5974904761904,0.62665,0.5743651785714284,64.603469047619,613.7278047619044,0.0,0.0,0.0,450.1211714285714,0.0,10077.659848994714,0.0
2025-10-17,0,86,14:20-14:30,593.0233333333333,1045.3008928571426,0.669725,0.6150763392857144,70.93047619047631,601.4714940476185,0.0,0.0,0.0,381.3470833333329,-0.0,10420.872223994713,0.0
2025-10-17,0,87,14:30-14:40,568.4633666666666,992.1349904761905,0.729525,0.6700968750000003,75.02087619047657,594.8234880952378,0.0,0.0,0.0,348.65074761904737,0.0,10734.657896851855,0.0
2025-10-17,0,88,14:40-14:50,552.1199999999999,939.6833523809524,0.620625,0.5809691964285716,65.20547142857163,541.5387083333334,0.0,0.0,0.0,-0.0,377.5983432380981,10315.104182142857,0.0
2025-10-17,0,89,14:50-15:00,563.49,885.8071428571429,0.43024999999999997,0.42446517857142857,87.90898809523821,446.96080000000023,0.0,0.0,0.0,234.4081547619046,-0.0,10526.071521428572,0.0
2025-10-17,0,90,15:00-15:10,577.9421,828.2386666666666,0.444475,0.4470973214285716,78.19367380952369,371.9341476190482,0.0,0.0,0.0,172.10289285714293,-0.0,10680.964125,0.0
2025-10-17,0,91,15:10-15:20,591.4649,781.0061857142856,0.492275,0.4906803571428572,57.2792023809524,256.34836250000006,0.0,0.0,0.0,132.2620833333333,-0.0,10800.0,0.0
2025-10-17,0,92,15:20-15:30,589.21,737.2517857142857,0.4834,0.47917276785714297,81.55678571428564,235.5351452380953,0.0,0.0,0.0,-0.0,-0.0,10800.0,0.0
2025-10-17,0,93,15:30-15:40,561.0411999999999,674.9104333333332,0.50255,0.49838214285714294,52.28770238095251,214.99937023809525,0.0,0.0,0.0,-0.0,-0.0,10800.0,0.0
2025-10-17,0,94,15:40-15:50,576.8775833333333,610.1975071428571,0.54065,0.5367687500000001,51.63030476190477,170.50173571428587,18.31038095238091,18.31038095238091,18.31038095238091,0.0,-0.0,10800.0,0.0
2025-10-17,0,95,15:50-16:00,614.5616666666666,548.0482142857143,0.5653999999999999,0.5607147321428572,59.52958333333322,171.68231071428556,126.04303571428557,126.04303571428557,126.04303571428557,0.0,-0.0,10800.0,0.0
2025-10-17,0,96,16:00-16:10,581.8454666666667,478.0334404761905,0.5677,0.5623816964285716,73.03169999999989,184.90421904761905,176.84372619047605,176.84372619047605,176.84372619047605,-0.0,0.0,10800.0,0.0
2025-10-17,0,97,16:10-16:20,551.96035,412.18726190476184,0.618075,0.6157593749999999,67.71999047619045,167.29112857142857,207.49307857142855,207.49307857142855,207.49307857142855,-0.0,0.0,10800.0,0.0
2025-10-17,0,98,16:20-16:30,566.8683333333333,355.2035714285714,0.6929,0.6936946428571428,63.92500000000001,143.77392380952392,275.5897619047619,275.5897619047619,275.5897619047619,0.0,0.0,10800.0,0.0
2025-10-17,0,99,16:30-16:40,585.1394833333333,299.6517285714286,0.6932,0.6902910714285716,60.492469047619124,163.62480773809506,345.9802238095238,345.9802238095238,345.9802238095238,0.0,0.0,10800.0,0.0
2025-10-17,0,100,16:40-16:50,532.59785,242.50425,0.6713250000000001,0.6670558035714287,49.148576190476206,154.6328928571436,339.2421761904762,339.2421761904762,339.2421761904762,-0.0,0.0,10800.0,0.0
2025-10-17,0,101,16:50-17:00,448.93833333333333,185.36339285714283,0.672,0.6713616071428569,55.69809523809499,132.25858749999983,319.27303571428547,319.27303571428547,319.27303571428547,-0.0,0.0,10800.0,0.0
2025-10-17,0,102,17:00-17:10,449.1857666666666,131.55425714285713,0.6925,0.6935392857142857,39.85910714285728,113.02426488095256,357.49061666666677,357.49061666666677,357.49061666666677,0.0,0.0,10800.0,0.0
2025-10-17,0,103,17:10-17:20,467.97901666666667,78.23221428571429,0.72725,0.7253433035714286,36.33460476190476,81.86928452380968,426.08140714285713,426.08140714285713,426.08140714285713,0.0,0.0,10800.0,0.0
2025-10-17,0,104,17:20-17:30,468.06833333333327,31.778571428571425,0.73585,0.7297035714285716,35.326249999999845,68.58645178571464,471.6160119047617,471.6160119047617,471.6160119047617,0.0,0.0,10800.0,0.0
2025-10-17,0,105,17:30-17:40,474.63318333333336,5.65277619047619,0.70455,0.6978723214285715,28.650523809523747,70.10106666666647,497.63093095238094,497.63093095238094,497.63093095238094,0.0,0.0,10800.0,0.0
2025-10-17,0,106,17:40-17:50,466.04018333333335,0.0,0.848275,0.8374937499999999,28.01391190476204,67.51209940476171,421.6548726190467,421.6548726190467,421.6548726190467,0.0,72.39922261904867,10719.556419312168,0.0
2025-10-17,0,107,17:50-18:00,445.26,0.0,1.106175,1.0901839285714285,29.85833333333335,62.631957142857175,0.0,0.0,0.0,0.0,475.11833333333334,10191.64716005291,0.0
2025-10-17,0,108,18:00-18:10,442.6983333333333,0.321347619047619,1.18015,1.1670107142857142,19.79973333333328,55.757136309523716,0.0,0.0,0.0,0.0,462.176719047619,9678.117472222222,0.0
2025-10-17,0,109,18:10-18:20,450.15228333333334,0.0,1.15245,1.1357794642857146,31.790766666666627,71.83635416666661,0.0,0.0,0.0,0.0,481.94304999999997,9142.625194444445,0.0
2025-10-17,0,110,18:20-18:30,452.91999999999996,0.0,1.127175,1.1020455357142858,33.32666666666671,70.25384880952377,0.0,0.0,0.0,0.0,486.24666666666667,8602.351120370371,0.0
2025-10-17,0,111,18:30-18:40,444.9214333333333,0.023073809523809517,1.122025,1.0965486607142858,15.317830952380973,46.442817261905006,0.0,0.0,0.0,0.0,460.2161904761905,8090.999797619048,0.0
2025-10-17,0,112,18:40-18:50,439.5392,0.0,1.117675,1.0734482142857142,16.09758333333332,67.21818928571415,0.0,0.0,0.0,0.0,455.6367833333333,7584.736705026456,0.0
2025-10-17,0,113,18:50-19:00,437.24499999999995,0.0,1.11095,1.0377825892857147,25.47833333333324,55.21381547619053,0.0,0.0,0.0,0.0,462.7233333333332,7070.599667989419,0.0
2025-10-17,0,114,19:00-19:10,430.36736666666667,0.0016595238095238095,1.118275,1.0437415178571432,23.65402619047626,45.43521249999998,0.0,0.0,0.0,0.0,454.0197333333334,6566.133297619048,0.0
2025-10-17,0,115,19:10-19:20,447.23361666666665,0.0,1.1364999999999998,1.0658696428571428,19.05006904761899,41.965008333333174,0.0,0.0,0.0,0.0,466.28368571428564,6048.040313492063,0.0
2025-10-17,0,116,19:20-19:30,471.2683333333333,0.0,1.149825,1.0760611607142858,24.116666666666788,51.30235178571408,0.0,0.0,0.0,0.0,495.3850000000001,5497.6125357142855,0.0
2025-10-17,0,117,19:30-19:40,452.6893666666666,5.476190476190476e-05,1.143975,1.0700611607142856,15.167066666666642,63.11558511904772,0.0,0.0,0.0,0.0,467.8563785714285,4977.772115079365,0.0
2025-10-17,0,118,19:40-19:50,424.3690833333333,0.0,1.1383,1.064725,8.95578333333333,58.83128214285719,0.0,0.0,0.0,0.0,433.32486666666665,4496.300041005291,0.0
2025-10-17,0,119,19:50-20:00,419.7783333333333,0.0,1.1369250000000002,1.062446428571429,25.226666666666688,43.634992857142834,0.0,0.0,0.0,0.0,445.005,4001.850041005291,0.0
2025-10-17,0,120,20:00-20:10,442.02846666666665,0.0,1.1241,1.0498736607142856,21.69563333333332,64.72937976190474,0.0,0.0,0.0,0.0,463.72409999999996,3486.6010410052913,0.0
2025-10-17,0,121,20:10-20:20,457.06756666666666,0.0,1.102675,1.0315995535714284,12.380495238095136,65.8368214285714,0.0,0.0,0.0,0.0,469.4480619047618,2964.9920833333335,0.0
2025-10-17,0,122,20:20-20:30,459.00666666666666,0.0,1.1145749999999999,1.0434553571428573,17.225000000000136,66.50136249999989,0.0,0.0,0.0,0.0,476.2316666666668,2435.845787037037,0.0
2025-10-17,0,123,20:30-20:40,471.35151666666667,0.0,1.1707750000000001,1.0923366071428573,20.97020000000009,72.31428750000009,0.0,0.0,0.0,0.0,492.32171666666676,1888.8216574074072,0.0
2025-10-17,0,124,20:40-20:50,486.0208666666666,0.0,1.038175,0.9776370535714288,19.999766666666574,66.36135000000021,0.0,0.0,0.0,0.0,506.0206333333332,1326.5765092592592,0.0
2025-10-17,0,125,20:50-21:00,480.7383333333333,0.0,0.79695,0.7689549107142855,13.016666666666765,109.91783333333336,493.75500000000005,493.75500000000005,493.75500000000005,0.0,0.0,1326.5765092592592,0.0
2025-10-17,0,126,21:00-21:10,447.41724999999997,0.0,0.775625,0.7496834821428574,11.639016666666635,113.91885833333333,459.0562666666666,459.0562666666666,459.0562666666666,0.0,0.0,1326.5765092592592,0.0
2025-10-17,0,127,21:10-21:20,454.1029833333333,0.0,0.8068249999999999,0.7769433035714284,21.240016666666634,76.47916249999992,475.34299999999996,475.34299999999996,475.34299999999996,0.0,0.0,1326.5765092592592,0.0
2025-10-17,0,128,21:20-21:30,492.7483333333333,0.0,0.8130000000000001,0.7857455357142857,20.644999999999982,85.71691666666662,513.3933333333332,513.3933333333332,513.3933333333332,0.0,0.0,1326.5765092592592,0.0
2025-10-17,0,129,21:30-21:40,479.73265,0.0,0.8483499999999999,0.8181799107142858,23.864866666666558,81.56453333333336,451.5914333333333,451.5914333333333,451.5914333333333,0.0,52.00608333333321,1268.7919722222223,0.0
2025-10-17,0,130,21:40-21:50,412.0011833333333,0.0,0.642575,0.6122080357142856,34.963383333333354,61.912774999999996,440.62002916666654,440.62002916666654,440.62002916666654,0.0,6.344537500000137,1261.742486111111,0.0
2025-10-17,0,131,21:50-22:00,355.435,0.0,0.3137,0.28722187500000007,17.278333333333308,55.568237499999995,1206.0466666666666,1206.0466666666666,1206.0466666666666,833.3333333333333,0.0,2011.742486111111,0.0
2025-10-17,0,132,22:00-22:10,386.2666,0.0,0.28905000000000003,0.2624379464285715,13.15003333333334,49.724545833333224,1232.7499666666665,1232.7499666666665,1232.7499666666665,833.3333333333333,0.0,2761.7424861111112,0.0
2025-10-17,0,133,22:10-22:20,433.4559166666666,0.0,0.35467499999999996,0.3271870535714284,7.439983333333373,46.754854166666576,440.8959,440.8959,440.8959,0.0,0.0,2761.7424861111112,0.0
2025-10-17,0,134,22:20-22:30,441.27666666666664,0.0,0.35412499999999997,0.32670089285714277,33.95833333333337,43.46265833333322,475.235,475.235,475.235,0.0,0.0,2761.7424861111112,0.0
2025-10-17,0,135,22:30-22:40,417.6074,0.0,0.344275,0.31555491071428576,29.430766666666727,52.76855416666666,447.0381666666667,447.0381666666667,447.0381666666667,0.0,0.0,2761.7424861111112,0.0
2025-10-17,0,136,22:40-22:50,411.30153333333334,0.0,0.34259999999999996,0.31143973214285703,23.923900000000003,48.90025416666674,699.9560043209875,699.9560043209875,699.9560043209875,264.7305709876542,0.0,3000.0,0.0
2025-10-17,0,137,22:50-23:00,416.76,0.0,0.34295,0.3121008928571429,22.45500000000004,62.35499166666682,439.21500000000003,439.21500000000003,439.21500000000003,0.0,0.0,3000.0,0.0
2025-10-17,0,138,23:00-23:10,392.04299999999995,0.0,0.33492500000000003,0.3105941964285714,18.581366666666668,73.26742500000003,1243.9577,1243.9577,1243.9577,833.3333333333333,0.0,3750.0,0.0
2025-10-17,0,139,23:10-23:20,401.6480333333333,0.0,0.3346,0.31301651785714296,15.176849999999945,69.96513333333345,416.8248833333332,416.8248833333332,416.8248833333332,0.0,0.0,3750.0,0.0
2025-10-17,0,140,23:20-23:30,431.1533333333333,0.0,0.338225,0.3144147321428572,31.328333333333376,56.789500000000174,462.4816666666667,462.4816666666667,462.4816666666667,0.0,0.0,3750.0,0.0
2025-10-17,0,141,23:30-23:40,403.1651333333333,0.0,0.325875,0.30257500000000004,19.235716666666576,47.73885833333348,1255.734183333333,1255.734183333333,1255.734183333333,833.3333333333333,0.0,4500.0,0.0
2025-10-17,0,142,23:40-23:50,407.6812666666666,0.0,0.319275,0.2947040178571428,23.258233333333237,44.38420416666676,1264.272833333333,1264.272833333333,1264.272833333333,833.3333333333333,0.0,5250.0,0.0
2025-10-17,0,143,23:50-24:00,449.115,0.0,0.32945,0.30323035714285707,22.97166666666658,33.43666666666675,1305.4199999999998,1305.4199999999998,1305.4199999999998,833.3333333333333,0.0,6000.0,0.0
2025-10-18,0,0,0:00-0:10,434.5781,0.0,0.34405,0.32301919642857146,24.783233333333328,63.44894166666654,459.36133333333333,459.36133333333333,459.36133333333333,0.0,0.0,6614.972593465607,0.0
2025-10-18,0,1,0:10-0:20,395.6727833333333,0.0,0.34455,0.3224062500000001,14.830983333333393,42.56027916666656,410.5037666666667,410.5037666666667,410.5037666666667,0.0,0.0,6614.972593465607,0.0
2025-10-18,0,2,0:20-0:30,380.53666666666663,0.0,0.33290000000000003,0.3056535714285715,7.506666666666661,40.50358750000004,388.0433333333333,388.0433333333333,388.0433333333333,0.0,0.0,6614.972593465607,0.0
2025-10-18,0,3,0:30-0:40,404.19079999999997,0.0,0.32720000000000005,0.3038808035714287,17.660700000000077,44.90372916666652,421.85150000000004,421.85150000000004,421.85150000000004,0.0,0.0,6614.972593465607,0.0
2025-10-18,0,4,0:40-0:50,415.6192,0.0,0.3236,0.30205178571428576,19.60598333333337,66.45897916666644,435.22518333333335,435.22518333333335,435.22518333333335,0.0,0.0,6614.972593465607,0.0
2025-10-18,0,5,0:50-1:00,402.715,0.0,0.327975,0.30555223214285715,17.953333333333376,41.79957916666646,420.66833333333335,420.66833333333335,420.66833333333335,0.0,0.0,6614.972593465607,0.0
2025-10-18,0,6,1:00-1:10,400.98555,0.0,0.35050000000000003,0.33493526785714284,23.679666666666662,45.65585416666664,424.66521666666665,424.66521666666665,424.66521666666665,0.0,0.0,6614.972593465607,0.0
2025-10-18,0,7,1:10-1:20,415.11625000000004,0.0,0.359275,0.3452075892857143,22.527400000000057,29.168233333333177,437.6436500000001,437.6436500000001,437.6436500000001,0.0,0.0,6614.972593465607,0.0
2025-10-18,0,8,1:20-1:30,434.46166666666664,0.0,0.345325,0.32653883928571437,15.403333333333308,46.94224166666652,449.86499999999995,449.86499999999995,449.86499999999995,0.0,0.0,6614.972593465607,0.0
2025-10-18,0,9,1:30-1:40,441.1359333333333,0.0,0.33207499999999995,0.3148424107142857,19.984866666666562,41.228604166666486,461.12079999999986,461.12079999999986,461.12079999999986,0.0,0.0,6614.972593465607,0.0
2025-10-18,0,10,1:40-1:50,418.43681666666663,0.0,0.33630000000000004,0.3200392857142857,18.049350000000004,32.724504166666534,436.48616666666663,436.48616666666663,436.48616666666663,0.0,0.0,6614.972593465607,0.0
2025-10-18,0,11,1:50-2:00,397.185,0.0,0.34597500000000003,0.3273915178571429,16.895000000000095,26.204941666666443,414.0800000000001,414.0800000000001,414.0800000000001,0.0,0.0,6614.972593465607,0.0
2025-10-18,0,12,2:00-2:10,426.91381666666666,0.0,0.33465,0.31598928571428575,25.5542333333334,28.869941666666534,452.46805000000006,452.46805000000006,452.46805000000006,0.0,0.0,6614.972593465607,0.0
2025-10-18,0,13,2:10-2:20,446.5381,0.0,0.323525,0.3087830357142856,28.07563333333337,29.500695833333168,474.61373333333336,474.61373333333336,474.61373333333336,0.0,0.0,6614.972593465607,0.0
2025-10-18,0,14,2:20-2:30,438.015,0.0,0.32909999999999995,0.3185044642857143,14.02166666666676,44.08738333333312,452.03666666666675,452.03666666666675,452.03666666666675,0.0,0.0,6614.972593465607,0.0
2025-10-18,0,15,2:30-2:40,440.32698333333326,0.0,0.3447,0.332675,17.55453333333344,56.16345297619026,457.8815166666667,457.8815166666667,457.8815166666667,0.0,0.0,6614.972593465607,0.0
2025-10-18,0,16,2:40-2:50,437.16668333333337,0.0,0.342325,0.326975,14.436566666666636,58.29210833333339,451.60325,451.60325,451.60325,0.0,0.0,6614.972593465607,0.0
2025-10-18,0,17,2:50-3:00,431.05,0.0,0.33945,0.32280089285714286,9.160000000000082,61.32009999999998,440.2100000000001,440.2100000000001,440.2100000000001,0.0,0.0,6614.972593465607,0.0
2025-10-18,0,18,3:00-3:10,443.20185,0.0,0.372375,0.35688571428571436,21.398050000000012,48.89499047619036,464.5999,464.5999,464.5999,0.0,0.0,6614.972593465607,0.0
2025-10-18,0,19,3:10-3:20,438.56874999999997,0.0,0.35592500000000005,0.33964910714285707,15.503549999999905,32.74649404761904,454.07229999999987,454.07229999999987,454.07229999999987,0.0,0.0,6614.972593465607,0.0
2025-10-18,0,20,3:20-3:30,426.78666666666663,0.0,0.30962500000000004,0.2916379464285715,14.675000000000068,40.46748750000009,1209.0533551440344,1209.0533551440344,1209.0533551440344,767.5916884773677,0.0,7305.805113095238,0.0
2025-10-18,0,21,3:30-3:40,451.02806666666663,0.0,0.34047499999999997,0.32494419642857153,16.39636666666661,45.03335297619063,467.42443333333324,467.42443333333324,467.42443333333324,0.0,0.0,7305.805113095238,0.0
2025-10-18,0,22,3:40-3:50,455.5970666666666,0.0,0.365125,0.35161205357142844,13.188916666666614,37.07766071428577,468.7859833333332,468.7859833333332,468.7859833333332,0.0,0.0,7305.805113095238,0.0
2025-10-18,0,23,3:50-4:00,438.84999999999997,0.0,0.349275,0.33576651785714284,20.706666666666706,20.439475595238036,459.5566666666667,459.5566666666667,459.5566666666667,0.0,0.0,7305.805113095238,0.0
2025-10-18,0,24,4:00-4:10,454.1000333333333,0.0,0.34085,0.32891741071428554,19.524783333333346,35.64099107142874,473.6248166666666,473.6248166666666,473.6248166666666,0.0,0.0,7305.805113095238,0.0
2025-10-18,0,25,4:10-4:20,459.3679666666667,0.0,0.327825,0.3208348214285715,28.883116666666638,34.06844821428591,488.2510833333333,488.2510833333333,488.2510833333333,0.0,0.0,7305.805113095238,0.0
2025-10-18,0,26,4:20-4:30,446.1383333333333,0.0,0.32165,0.3179486607142855,16.230000000000018,49.24792916666648,462.36833333333334,462.36833333333334,462.36833333333334,0.0,0.0,7305.805113095238,0.0
2025-10-18,0,27,4:30-4:40,447.6116,0.0,0.35140000000000005,0.34262232142857146,28.51594999999986,53.86367202380965,476.12754999999987,476.12754999999987,476.12754999999987,0.0,0.0,7305.805113095238,0.0
2025-10-18,0,28,4:40-4:50,433.7572666666666,0.0012166666666666665,0.36085,0.34975535714285705,29.26902142857142,54.18418035714261,463.0250714285714,463.0250714285714,463.0250714285714,0.0,0.0,7305.805113095238,0.0
2025-10-18,0,29,4:50-5:00,415.97166666666664,0.0,0.34275,0.33450937499999983,17.123333333333335,71.9833023809521,433.09499999999997,433.09499999999997,433.09499999999997,0.0,0.0,7305.805113095238,0.0
2025-10-18,0,30,5:00-5:10,440.86109999999996,0.0,0.34657499999999997,0.3384183035714286,21.03460238095232,89.98925595238106,461.8957023809523,461.8957023809523,461.8957023809523,0.0,0.0,7305.805113095238,0.0
2025-10-18,0,31,5:10-5:20,465.8424666666666,0.016988095238095233,0.365275,0.3579933035714285,20.701635714285658,112.00812440476187,486.52711428571416,486.52711428571416,486.52711428571416,0.0,0.0,7305.805113095238,0.0
2025-10-18,0,32,5:20-5:30,458.74,0.0,0.34967499999999996,0.3465464285714284,22.74333333333334,162.58298690476164,481.48333333333335,481.48333333333335,481.48333333333335,0.0,0.0,7305.805113095238,0.0
2025-10-18,0,33,5:30-5:40,431.54866666666663,0.0,0.29845,0.3004191964285715,19.27296904761897,232.8814988095235,450.8216357142856,450.8216357142856,450.8216357142856,0.0,0.0,7305.805113095238,0.0
2025-10-18,0,34,5:40-5:50,436.4080833333333,0.2365809523809524,0.48939999999999995,0.49240580357142844,23.470876190476133,291.44771785714266,0.0,0.0,0.0,0.0,459.6423785714285,6795.091359126985,0.0
2025-10-18,0,35,5:50-6:00,462.885,0.0,0.8021,0.8059633928571429,35.435,319.9864047619045,0.0,0.0,0.0,0.0,498.32,6241.402470238096,0.0
2025-10-18,0,36,6:00-6:10,453.02945,0.0,0.81455,0.8274544642857145,36.0152904761905,335.04037797619037,0.0,0.0,0.0,0.0,489.0447404761905,5698.019425264551,0.0
2025-10-18,0,37,6:10-6:20,445.5208333333333,4.314473809523809,0.76025,0.7791245535714287,38.36024523809533,352.7095803571426,0.0,0.0,0.0,0.0,479.56660476190484,5165.167642195767,0.0
2025-10-18,0,38,6:20-6:30,452.25333333333333,27.521428571428565,0.769025,0.7871499999999999,39.036845238095225,398.0383934523808,0.0,0.0,0.0,0.0,463.76875,4649.869031084656,0.0
2025-10-18,0,39,6:30-6:40,451.8073333333333,74.02764285714284,0.7374249999999999,0.7545647321428569,44.873371428571545,583.8480660714285,0.0,0.0,0.0,0.0,422.653061904762,4180.254517857143,0.0
2025-10-18,0,40,6:40-6:50,492.54921666666667,128.1321714285714,0.716075,0.7291714285714287,49.55339999999998,681.9948547619044,0.0,0.0,0.0,0.0,413.9704452380953,3720.2873564814813,0.0
2025-10-18,0,41,6:50-7:00,552.04,181.56428571428572,0.72135,0.7323665178571428,49.613273809523776,696.2143761904758,0.0,0.0,0.0,0.0,420.08898809523805,3253.521814153439,0.0
2025-10-18,0,42,7:00-7:10,550.0392333333333,237.80828809523814,0.706875,0.7259129464285714,51.51989285714279,713.0120249999998,0.0,0.0,0.0,0.0,363.7508380952379,2849.3542162698413,0.0
2025-10-18,0,43,7:10-7:20,528.6926166666666,296.24579047619045,0.6786749999999999,0.6966607142857141,63.07131904761911,718.1348410714281,0.0,0.0,0.0,0.0,295.51814523809526,2521.0007215608466,0.0
2025-10-18,0,44,7:20-7:30,523.2816666666666,355.85267857142867,0.62725,0.6365263392857143,62.56488095238109,725.7463119047616,0.0,0.0,0.0,0.0,229.993869047619,2265.4519781746035,0.0
2025-10-18,0,45,7:30-7:40,525.7036333333333,416.26426666666663,0.56325,0.5762209821428569,60.74443333333329,720.3214755952381,0.0,0.0,0.0,0.0,170.18379999999996,2076.358867063492,0.0
2025-10-18,0,46,7:40-7:50,509.9690333333333,476.574969047619,0.6813250000000001,0.6956169642857143,58.086980952381055,677.4603166666664,0.0,0.0,0.0,0.0,91.48104523809536,1974.7132612433861,0.0
2025-10-18,0,47,7:50-8:00,489.33500000000004,532.6249999999999,0.8885,0.8978745535714284,55.59529761904764,649.0884976190475,0.0,0.0,0.0,0.0,12.305297619047792,1961.040708333333,0.0
2025-10-18,0,48,8:00-8:10,503.2448166666666,581.5545904761905,0.8796999999999999,0.8895776785714283,45.475521428571255,684.9366374999998,0.0,0.0,0.0,32.834252380941706,0.0,1990.5915354761805,0.0
2025-10-18,0,49,8:10-8:20,523.8162666666666,637.4712142857142,0.8284250000000001,0.8385843750000002,65.67844285714284,666.3027136904759,0.0,0.0,0.0,47.97650476190561,0.0,2033.7703897618949,0.0
2025-10-18,0,50,8:20-8:30,531.1866666666666,703.392857142857,0.8109249999999999,0.8188000000000001,68.46684523809529,707.9599678571426,0.0,0.0,0.0,103.7393452380951,0.0,2127.1358004761805,0.0
2025-10-18,0,51,8:30-8:40,538.9853499999999,767.5027833333334,0.7394000000000001,0.7466098214285716,78.64476666666661,710.0264988095239,0.0,0.0,0.0,0.0,181.40750495237185,1925.5719060846561,0.0
2025-10-18,0,52,8:40-8:50,589.9787666666666,820.863157142857,0.7429749999999999,0.7503477678571427,74.00054523809558,653.014715476191,0.0,0.0,0.0,156.88384523809475,0.0,2066.767366798942,0.0
2025-10-18,0,53,8:50-9:00,653.7533333333333,872.6196428571429,0.806025,0.813467410714286,96.67386904761912,595.8200845238099,0.0,0.0,0.0,-0.0,237.96681047619154,1802.3597996031754,0.0
2025-10-18,0,54,9:00-9:10,649.6458166666666,938.7897166666667,0.77275,0.7805486607142859,95.3736523809522,542.1238196428576,0.0,0.0,0.0,193.77024761904786,0.0,1976.7530224603183,0.0
2025-10-18,0,55,9:10-9:20,615.7882833333333,995.5350047619047,0.7273499999999999,0.7364116071428571,69.72496666666677,540.5899023809521,0.0,0.0,0.0,-0.0,144.9721999761912,1815.67280026455,0.0
2025-10-18,0,56,9:20-9:30,599.28,1041.549107142857,0.7135750000000001,0.7251901785714283,75.08440476190465,554.1055202380951,0.0,0.0,0.0,367.18470238095233,0.0,2146.1390324074073,0.0
2025-10-18,0,57,9:30-9:40,614.9978,1097.825161904762,0.6889500000000001,0.6997379464285715,88.59498571428566,573.7335910714286,0.0,0.0,0.0,394.23237619047603,0.0,2500.948170978835,0.0
2025-10-18,0,58,9:40-9:50,635.9549,1144.9533738095238,0.6744,0.6590955357142859,96.24492857142866,587.0208482142853,0.0,0.0,0.0,412.75354523809506,-0.0,2872.4263616931207,0.0
2025-10-18,0,59,9:50-10:00,638.0183333333333,1178.9651785714284,0.6667000000000001,0.6164455357142857,100.93904761904741,599.5233791666661,0.0,0.0,0.0,-0.0,833.3333333333333,1946.5004357671944,0.0
2025-10-18,0,60,10:00-10:10,621.8973833333333,1217.1904690476192,0.63685,0.5845750000000001,96.33378809523781,587.808334523809,0.0,0.0,0.0,498.9592976190482,0.0,2395.5638036243377,0.0
2025-10-18,0,61,10:10-10:20,631.9308166666666,1258.4067166666666,0.61775,0.5704839285714287,87.70036904761916,585.9941607142846,0.0,0.0,0.0,-2.26117467291612e-13,371.5552226666667,1982.7246673280413,0.0
2025-10-18,0,62,10:20-10:30,645.6366666666667,1293.242857142857,0.628325,0.5764477678571429,86.14952380952388,665.7972732142848,0.0,0.0,0.0,-0.0,0.0,1982.7246673280415,0.0
2025-10-18,0,63,10:30-10:40,602.7329,1311.78225,0.6268,0.5730977678571428,101.52066190476216,704.4522005952374,0.0,0.0,0.0,607.5286880952378,-0.0,2529.5004866137556,0.0
2025-10-18,0,64,10:40-10:50,596.7058166666666,1315.263926190476,0.46047499999999997,0.42788125000000016,92.71342857142861,723.3112291666661,0.0,0.0,0.0,0.0,488.8929361666658,1986.286113095238,0.0
2025-10-18,0,65,10:50-11:00,638.1833333333333,1317.6383928571427,0.22817500000000002,0.2264312500000001,94.32755952380938,707.6575017857142,0.0,0.0,0.0,-0.0,94.32415178571476,1881.4814999999999,0.0
2025-10-18,0,66,11:00-11:10,641.4031166666666,1335.738576190476,0.201125,0.2046674107142857,79.66298095238102,613.3333499999998,0.0,0.0,0.0,614.6724785714282,-0.0,2434.6867307142857,0.0
2025-10-18,0,67,11:10-11:20,622.92305,1358.6466999999998,0.231575,0.23064062500000007,92.75266428571439,642.2812779761898,0.0,0.0,0.0,-0.0,239.5552314523812,2168.5142513227506,0.0
2025-10-18,0,68,11:20-11:30,609.5983333333334,1374.4973214285715,0.226775,0.22382053571428573,93.42672619047616,871.6628261904757,0.0,0.0,0.0,671.4722619047619,0.0,2772.8392870370362,0.0
2025-10-18,0,69,11:30-11:40,607.1426833333333,1381.1386523809526,0.23459999999999998,0.22884464285714282,102.91106428571425,1016.465758928571,0.0,0.0,0.0,671.0849047619051,-0.0,3376.815701322751,0.0
2025-10-18,0,70,11:40-11:50,603.8237333333333,1390.3882904761906,0.21855,0.21105982142857144,111.9860333333337,1080.776516071428,0.0,0.0,0.0,674.5785238095236,-0.0,3983.9363727513223,0.0
2025-10-18,0,71,11:50-12:00,597.8233333333333,1406.3312499999997,0.18865,0.18169285714285707,103.93660714285693,1116.9298226190476,0.0,0.0,0.0,704.5713095238095,0.0,4618.050551322751,0.0
2025-10-18,0,72,12:00-12:10,598.4214999999999,1419.4054904761902,0.199775,0.19418705357142857,127.7971071428571,1151.9274714285712,0.0,0.0,0.0,693.1868833333332,-0.0,5241.918746322751,0.0
2025-10-18,0,73,12:10-12:20,603.19785,1411.1317833333333,0.20965,0.20286339285714286,92.0838357142859,1221.7368196428567,0.0,0.0,0.0,0.0,0.0,5241.918746322751,0.0
2025-10-18,0,74,12:20-12:30,613.0,1384.5705357142856,0.19092499999999998,0.1814477857142857,122.27404761904768,1238.950664285714,0.0,0.0,0.0,649.2964880952378,-0.0,5826.285585608465,0.0
2025-10-18,0,75,12:30-12:40,625.435,1359.7795547619046,0.18292499999999998,0.17247814285714283,114.35156666666666,1233.989538095238,0.0,0.0,0.0,468.0228350382156,0.0,6247.506137142858,0.0
2025-10-18,0,76,12:40-12:50,602.6332166666666,1331.0308000000002,0.321975,0.3129183035714286,119.94517619047656,1189.4913791666665,0.0,0.0,0.0,608.452407142857,0.0,6795.11330357143,0.0
2025-10-18,0,77,12:50-13:00,563.2483333333332,1304.3151785714285,0.5281250000000001,0.519390625,110.60267857142875,1140.5323773809525,0.0,0.0,0.0,630.4641666666665,0.0,7362.53105357143,0.0
2025-10-18,0,78,13:00-13:10,569.1905166666666,1294.3268690476189,0.574075,0.561290625,97.85587380952393,1127.049505357143,0.0,0.0,0.0,627.2804785714284,0.0,7927.083484285716,0.0
2025-10-18,0,79,13:10-13:20,594.21145,1277.9247476190476,0.59455,0.5825924107142859,69.93004047619056,1027.791804761905,0.0,0.0,0.0,613.783257142857,0.0,8479.488415714288,0.0
2025-10-18,0,80,13:20-13:30,604.4333333333333,1246.2544642857142,0.6389500000000001,0.633834375,77.23452380952381,841.6546380952389,0.0,0.0,0.0,564.5866071428571,0.0,8987.616362142859,0.0
2025-10-18,0,81,13:30-13:40,588.0936666666666,1211.9439214285712,0.618925,0.6150584821428572,84.5541785714285,772.5195934523816,0.0,0.0,0.0,539.2960761904761,0.0,9472.982830714287,0.0
2025-10-18,0,82,13:40-13:50,561.5218666666666,1177.626026190476,0.6061000000000001,0.5813669642857142,74.7460642857144,744.7164208333339,0.0,0.0,0.0,541.3580952380951,0.0,9960.205116428573,0.0
2025-10-18,0,83,13:50-14:00,551.3,1140.1767857142854,0.6339250000000001,0.5806540178571431,104.72220238095224,651.011882738096,0.0,0.0,0.0,484.1545833333328,0.0,10395.944241428571,0.0
2025-10-18,0,84,14:00-14:10,573.1228666666666,1096.9553404761903,0.659475,0.6032531249999998,74.88163095238076,708.7021154761903,0.0,0.0,0.0,448.9508428571429,0.0,10800.0,0.0
2025-10-18,0,85,14:10-14:20,586.8807999999999,1058.4948166666666,0.65805,0.6055544642857145,64.603469047619,695.6954863095239,0.0,0.0,0.0,-0.0,833.3333333333376,9874.07407407407,0.0
2025-10-18,0,86,14:20-14:30,568.6999999999999,1021.8499999999999,0.667125,0.6105669642857142,59.88107142857132,683.4391755952381,0.0,0.0,0.0,393.26892857142866,0.0,10228.016109788356,0.0
2025-10-18,0,87,14:30-14:40,536.8723333333332,972.8851095238094,0.72125,0.6607080357142856,64.52734047619029,665.7417648809524,0.0,0.0,0.0,371.4854357142859,0.0,10562.353001931213,0.0
2025-10-18,0,88,14:40-14:50,553.2547,919.565488095238,0.6295000000000001,0.5891303571428572,65.20547142857163,601.9634494047617,0.0,0.0,0.0,-0.0,350.322821809519,10173.105422142859,0.0
2025-10-18,0,89,14:50-15:00,594.6983333333333,867.4741071428571,0.4487,0.4413749999999999,71.11124999999998,507.3855410714286,0.0,0.0,0.0,201.6645238095238,0.0,10354.60349357143,0.0
2025-10-18,0,90,15:00-15:10,578.3937666666666,815.8945666666668,0.444225,0.445042857142857,66.6724642857144,411.4801440476193,0.0,0.0,0.0,170.8283357142859,0.0,10508.348995714288,0.0
2025-10-18,0,91,15:10-15:20,561.8082333333333,770.6816761904761,0.50105,0.49771562500000005,57.20933809523814,279.23986190476126,0.0,0.0,0.0,151.66410476190455,0.0,10644.846690000002,0.0
2025-10-18,0,92,15:20-15:30,562.5583333333333,725.7589285714286,0.519425,0.5140482142857145,68.13017857142859,270.03385357142815,0.0,0.0,0.0,95.07041666666677,0.0,10730.410065000002,0.0
2025-10-18,0,93,15:30-15:40,543.3141333333333,667.29745,0.52175,0.5180705357142857,51.51393333333317,231.28292321428614,0.0,0.0,0.0,72.46938333332218,0.0,10795.63251,0.0
2025-10-18,0,94,15:40-15:50,548.0754166666666,604.5584880952381,0.55935,0.5567272321428571,51.63030476190477,185.24496369047637,0.0,0.0,0.0,4.852766666666753,0.0,10800.0,0.0
2025-10-18,0,95,15:50-16:00,579.1316666666667,540.1571428571428,0.6107499999999999,0.6072361607142857,57.74309523809529,200.27497797619003,96.71761904761911,96.71761904761911,96.71761904761911,0.0,-0.0,10800.0,0.0
2025-10-18,0,96,16:00-16:10,587.2663333333333,469.3202833333333,0.608275,0.604636607142857,72.85166428571438,210.2674803571427,190.79771428571433,190.79771428571433,190.79771428571433,0.0,0.0,10800.0,0.0
2025-10-18,0,97,16:10-16:20,569.5341,407.15588095238087,0.6140749999999999,0.6117986607142857,62.99529999999993,192.4743541666667,225.37351904761903,225.37351904761903,225.37351904761903,0.0,-0.0,10800.0,0.0
2025-10-18,0,98,16:20-16:30,553.115,354.74732142857135,0.6605,0.6591383928571428,55.830892857142885,170.49463571428583,254.19857142857154,254.19857142857154,254.19857142857154,-0.0,0.0,10800.0,0.0
2025-10-18,0,99,16:30-16:40,559.9825166666667,298.0416619047619,0.7092250000000001,0.7059991071428572,50.21543333333341,182.25141249999984,312.1562880952382,312.1562880952382,312.1562880952382,0.0,0.0,10800.0,0.0
2025-10-18,0,100,16:40-16:50,524.092,238.8851023809524,0.6956,0.6921709821428573,49.148576190476206,164.44410654761984,334.3554738095238,334.3554738095238,334.3554738095238,0.0,0.0,10800.0,0.0
2025-10-18,0,101,16:50-17:00,454.445,181.3196428571428,0.662325,0.6616129464285717,55.69809523809499,141.5794726190482,328.8234523809522,328.8234523809522,328.8234523809522,0.0,0.0,10800.0,0.0
2025-10-18,0,102,17:00-17:10,434.00609999999995,126.54088095238097,0.714125,0.7153183035714284,37.93521666666675,122.83547857142881,345.4004357142857,345.4004357142857,345.4004357142857,0.0,0.0,10800.0,0.0
2025-10-18,0,103,17:10-17:20,452.30246666666665,72.76273095238095,0.7540250000000001,0.7523799107142859,29.908926190476222,85.2265863095243,409.44866190476193,409.44866190476193,409.44866190476193,0.0,0.0,10800.0,0.0
2025-10-18,0,104,17:20-17:30,467.56333333333333,27.643749999999997,0.738475,0.7322401785714288,35.326249999999845,69.6230845238099,475.24583333333317,475.24583333333317,475.24583333333317,0.0,0.0,10800.0,0.0
2025-10-18,0,105,17:30-17:40,451.3104666666666,4.505745238095238,0.7456,0.7391892857142857,28.650523809523747,74.24759761904747,475.45524523809513,475.45524523809513,475.45524523809513,0.0,0.0,10800.0,0.0
2025-10-18,0,106,17:40-17:50,452.52729999999997,0.0,0.9099999999999999,0.8993799107142859,28.01391190476204,69.35680892857152,480.541211904762,480.541211904762,480.541211904762,0.0,0.0,10800.0,0.0
2025-10-18,0,107,17:50-18:00,467.11833333333334,0.0,1.1323750000000001,1.1158450892857144,29.85833333333335,45.38849583333351,0.0,0.0,0.0,0.0,496.9766666666667,10247.803703703703,0.0
2025-10-18,0,108,18:00-18:10,446.50955,0.24999047619047615,1.16275,1.1487910714285712,18.97882380952376,47.04667797619065,0.0,0.0,0.0,0.0,465.2383833333333,9730.872166666666,0.0
2025-10-18,0,109,18:10-18:20,450.14576666666665,0.0,1.1293,1.1110660714285712,28.465145238095147,46.26298988095259,0.0,0.0,0.0,0.0,478.6109119047618,9199.082264550265,0.0
2025-10-18,0,110,18:20-18:30,470.94999999999993,0.0,1.124275,1.0972013392857145,33.32666666666671,68.05617738095235,0.0,0.0,0.0,0.0,504.27666666666664,8638.774857142858,0.0
2025-10-18,0,111,18:30-18:40,443.37916666666666,0.017952380952380956,1.119375,1.0936571428571429,17.515502380952398,39.78272738095242,0.0,0.0,0.0,0.0,460.87671666666665,8126.689616402117,0.0
2025-10-18,0,112,18:40-18:50,440.8895,0.0,1.134175,1.0902205357142858,16.09758333333332,59.039524404762005,0.0,0.0,0.0,0.0,456.9870833333333,7618.926190476192,0.0
2025-10-18,0,113,18:50-19:00,471.94166666666666,0.0,1.154075,1.0801589285714288,24.954999999999927,46.8962732142857,0.0,0.0,0.0,0.0,496.8966666666666,7066.818783068783,0.0
2025-10-18,0,114,19:00-19:10,470.2774333333333,0.0012904761904761902,1.1405,1.0654816964285714,23.65402619047626,44.32182559523807,0.0,0.0,0.0,0.0,493.9301690476191,6518.007484126984,0.0
2025-10-18,0,115,19:10-19:20,471.33144999999996,0.0,1.144275,1.0734767857142855,21.326583333333247,40.6265535714285,0.0,0.0,0.0,0.0,492.6580333333332,5970.60966931217,0.0
2025-10-18,0,116,19:20-19:30,478.8416666666667,0.0,1.1666750000000001,1.0930642857142856,17.02166666666676,52.02198511904746,0.0,0.0,0.0,0.0,495.86333333333346,5419.65041005291,0.0
2025-10-18,0,117,19:30-19:40,457.94034999999997,2.6190476190476192e-05,1.157275,1.0848941964285717,15.167066666666642,56.74021845238107,0.0,0.0,0.0,0.0,473.1073904761904,4893.975531746032,0.0
2025-10-18,0,118,19:40-19:50,450.0265166666666,0.0,1.1470749999999998,1.0742812499999999,15.33114999999998,49.55924880952378,0.0,0.0,0.0,0.0,465.3576666666666,4376.911457671958,0.0
2025-10-18,0,119,19:50-20:00,465.6983333333333,0.0,1.1525999999999998,1.077187053571428,28.12333333333345,41.82086369047616,0.0,0.0,0.0,0.0,493.8216666666668,3828.220716931217,0.0
2025-10-18,0,120,20:00-20:10,475.7894166666666,0.0,1.1569,1.083388392857143,21.69563333333332,69.54271309523835,0.0,0.0,0.0,0.0,497.48504999999994,3275.45955026455,0.0
2025-10-18,0,121,20:10-20:20,492.2822166666666,0.0,1.1525750000000001,1.0825901785714283,12.380495238095136,70.65015476190501,0.0,0.0,0.0,0.0,504.66271190476175,2714.723203703704,0.0
2025-10-18,0,122,20:20-20:30,496.5483333333333,0.0,1.16215,1.090386607142857,12.41166666666652,68.61177083333351,0.0,0.0,0.0,0.0,508.9599999999998,2149.212092592593,0.0
2025-10-18,0,123,20:30-20:40,454.91836666666666,0.0,1.1855,1.1066058035714286,18.17769999999996,72.65002500000017,0.0,0.0,0.0,0.0,473.0960666666666,1623.5497962962966,0.0
2025-10-18,0,124,20:40-20:50,435.69185,0.0,1.037575,0.9777660714285715,19.999766666666574,67.72806666666696,184.89201249999974,184.89201249999974,184.89201249999974,0.0,270.7996041666668,1322.6613472222223,0.0
2025-10-18,0,125,20:50-21:00,449.4,0.0,0.8050499999999999,0.7781839285714287,12.735000000000014,110.39521250000007,468.27127057613154,468.27127057613154,468.27127057613154,6.1362705761315635,0.0,1328.1839907407407,0.0
2025-10-18,0,126,21:00-21:10,445.99311666666665,0.0,0.7779,0.752044642857143,10.192283333333307,115.36559166666666,456.18539999999996,456.18539999999996,456.18539999999996,0.0,0.0,1328.1839907407407,0.0
2025-10-18,0,127,21:10-21:20,464.45895,0.0,0.7960750000000001,0.7656705357142857,21.240016666666634,75.43984999999981,485.69896666666665,485.69896666666665,485.69896666666665,0.0,0.0,1328.1839907407407,0.0
2025-10-18,0,128,21:20-21:30,487.255,0.0,0.796875,0.7694946428571431,20.644999999999982,83.8420374999998,507.9,507.9,507.9,0.0,0.0,1328.1839907407407,0.0
2025-10-18,0,129,21:30-21:40,447.26065,0.0,0.84035,0.8104285714285716,24.516033333333326,80.17878333333321,394.40335833333336,394.40335833333336,394.40335833333336,0.0,77.37332499999995,1242.2136296296296,0.0
2025-10-18,0,130,21:40-21:50,395.53821666666664,0.0,0.6453500000000001,0.6158723214285714,35.69796666666673,37.992266666666566,433.03357530864196,433.03357530864196,433.03357530864196,1.7973919753085787,0.0,1243.8312824074073,0.0
2025-10-18,0,131,21:50-22:00,360.2633333333333,0.0,0.32409999999999994,0.29880625,20.896666666666647,39.44815416666661,1214.4933333333333,1214.4933333333333,1214.4933333333333,833.3333333333333,0.0,1993.8312824074073,0.0
2025-10-18,0,132,22:00-22:10,332.6196,0.0,0.30535,0.27882455357142855,9.298350000000028,39.08256666666669,1175.2512833333333,1175.2512833333333,1175.2512833333333,833.3333333333333,0.0,2743.8312824074073,0.0
2025-10-18,0,133,22:10-22:20,364.5775833333333,0.0,0.36824999999999997,0.3405209821428571,7.288649999999961,39.455487500000004,371.86623333333324,371.86623333333324,371.86623333333324,0.0,0.0,2743.8312824074073,0.0
2025-10-18,0,134,22:20-22:30,422.00666666666666,0.0,0.3592,0.33240535714285707,31.908333333333417,41.670237499999956,453.9150000000001,453.9150000000001,453.9150000000001,0.0,0.0,2743.8312824074073,0.0
2025-10-18,0,135,22:30-22:40,409.64989999999995,0.0,0.34385,0.31611294642857146,26.84140000000002,55.35792083333337,622.3783524691357,622.3783524691357,622.3783524691357,185.8870524691358,0.0,2911.1296296296296,0.0
2025-10-18,0,136,22:40-22:50,391.90203333333335,0.0,0.32672500000000004,0.29625,23.923900000000003,46.38144166666672,1249.1592666666666,1249.1592666666666,1249.1592666666666,833.3333333333333,0.0,3661.1296296296296,0.0
2025-10-18,0,137,22:50-23:00,397.3533333333333,0.0,0.3144,0.2841674107142857,22.45500000000004,56.4997708333332,1253.1416666666667,1253.1416666666667,1253.1416666666667,833.3333333333333,0.0,4411.12962962963,0.0
2025-10-18,0,138,23:00-23:10,389.53641666666664,0.0,0.3237,0.30090625,19.790950000000066,68.42064166666663,1242.6607,1242.6607,1242.6607,833.3333333333333,0.0,5161.12962962963,0.0
2025-10-18,0,139,23:10-23:20,378.981,0.0,0.3345,0.3144709821428573,18.814049999999952,65.51817500000007,1231.1283833333332,1231.1283833333332,1231.1283833333332,833.3333333333333,0.0,5911.12962962963,0.0
2025-10-18,0,140,23:20-23:30,386.06333333333333,0.0,0.33525,0.31202946428571426,31.328333333333376,53.550466666666665,1250.725,1250.725,1250.725,833.3333333333333,0.0,6661.12962962963,0.0
2025-10-18,0,141,23:30-23:40,426.3920166666667,0.0,0.339675,0.3167982142857143,22.474750000000085,44.49982499999997,448.86676666666676,448.86676666666676,448.86676666666676,0.0,0.0,6661.12962962963,0.0
2025-10-18,0,142,23:40-23:50,505.1649666666666,0.0,0.3881,0.3638651785714285,23.258233333333237,44.38420416666676,528.4231999999998,528.4231999999998,528.4231999999998,0.0,0.0,6661.12962962963,0.0
2025-10-18,0,143,23:50-24:00,572.045,0.0,0.445625,0.4192937499999999,22.97166666666658,33.43666666666675,0.0,0.0,0.0,0.0,595.0166666666665,6000.0,0.0
2025-10-19,0,0,0:00-0:10,559.6475666666666,0.0,0.431175,0.4096883928571428,24.70133333333331,66.07774166666672,584.3489,584.3489,584.3489,0.0,0.0,6963.50951376086,0.0
2025-10-19,0,1,0:10-0:20,541.1109166666666,0.0,0.403875,0.38127901785714274,12.284083333333228,59.0028875000001,1386.728333333333,1386.728333333333,1386.728333333333,833.3333333333333,0.0,7713.509513760859,0.0
2025-10-19,0,2,0:20-0:30,553.9,0.0,0.40859999999999996,0.38137455357142847,7.506666666666661,50.86837499999994,1394.7399999999998,1394.7399999999998,1394.7399999999998,833.3333333333333,0.0,8463.509513760859,0.0
2025-10-19,0,3,0:30-0:40,566.3520833333333,0.0,0.433925,0.4114017857142858,20.45788333333337,46.164174999999844,586.8099666666667,586.8099666666667,586.8099666666667,0.0,0.0,8463.509513760859,0.0
2025-10-19,0,4,0:40-0:50,557.6246166666666,0.0,0.446025,0.4252303571428572,19.60598333333337,60.41069166666655,577.2306,577.2306,577.2306,0.0,0.0,8463.509513760859,0.0
2025-10-19,0,5,0:50-1:00,551.0066666666667,0.0,0.438125,0.41503214285714274,21.018333333333317,37.76797916666666,572.025,572.025,572.025,0.0,0.0,8463.509513760859,0.0
2025-10-19,0,6,1:00-1:10,579.18965,0.0,0.43042500000000006,0.4122928571428573,23.679666666666662,45.65585416666664,602.8693166666667,602.8693166666667,602.8693166666667,0.0,0.0,8463.509513760859,0.0
2025-10-19,0,7,1:10-1:20,556.3926666666666,0.0,0.42390000000000005,0.40830758928571426,22.527400000000057,28.252566666666624,675.0206069323792,675.0206069323792,675.0206069323792,96.10054026571257,0.0,8550.0,0.0
2025-10-19,0,8,1:20-1:30,514.3366666666666,0.0,0.42332499999999995,0.4055745535714285,15.403333333333308,43.96702499999989,1363.0733333333333,1363.0733333333333,1363.0733333333333,833.3333333333333,0.0,9300.0,0.0
2025-10-19,0,9,1:30-1:40,574.1986166666666,0.0,0.434975,0.41799553571428566,19.95258333333328,37.44716249999985,594.1511999999998,594.1511999999998,594.1511999999998,0.0,0.0,9300.0,0.0
2025-10-19,0,10,1:40-1:50,629.2729166666666,0.0,0.43707500000000005,0.42004241071428566,18.049350000000004,28.790708333333356,647.3222666666666,647.3222666666666,647.3222666666666,0.0,0.0,9300.0,0.0
2025-10-19,0,11,1:50-2:00,617.9949999999999,0.0,0.43662500000000004,0.4175910714285714,20.904999999999973,21.823479166666715,638.8999999999999,638.8999999999999,638.8999999999999,0.0,0.0,9300.0,0.0
2025-10-19,0,12,2:00-2:10,584.46305,0.0,0.4575,0.4384691964285713,25.5542333333334,27.759966666666543,610.0172833333334,610.0172833333334,610.0172833333334,0.0,0.0,9300.0,0.0
2025-10-19,0,13,2:10-2:20,578.3384,0.0,0.451025,0.43571562500000016,28.07563333333337,29.231954166666497,606.4140333333334,606.4140333333334,606.4140333333334,0.0,0.0,9300.0,0.0
2025-10-19,0,14,2:20-2:30,600.5116666666667,0.0,0.430025,0.41849241071428567,14.02166666666676,42.937033333333176,614.5333333333334,614.5333333333334,614.5333333333334,0.0,0.0,9300.0,0.0
2025-10-19,0,15,2:30-2:40,611.1693666666666,0.0,0.45335000000000003,0.44014910714285727,17.55453333333344,54.78878630952356,628.7239000000001,628.7239000000001,628.7239000000001,0.0,0.0,9300.0,0.0
2025-10-19,0,16,2:40-2:50,604.2447,0.0,0.44784999999999997,0.4331200892857144,14.340366666666682,57.03382261904767,618.5850666666666,618.5850666666666,618.5850666666666,0.0,0.0,9300.0,0.0
2025-10-19,0,17,2:50-3:00,593.48,0.0,0.412775,0.3986080357142857,10.789999999999964,59.84518333333337,1437.6033333333332,1437.6033333333332,1437.6033333333332,833.3333333333333,0.0,10050.0,0.0
2025-10-19,0,18,3:00-3:10,593.7909333333333,0.0,0.42462500000000003,0.40963571428571427,21.309066666666695,49.38351250000005,615.1,615.1,615.1,0.0,0.0,10050.0,0.0
2025-10-19,0,19,3:10-3:20,583.5597333333333,0.0,0.446,0.4294562500000002,14.925366666666605,33.05019404761896,598.4850999999999,598.4850999999999,598.4850999999999,0.0,0.0,10050.0,0.0
2025-10-19,0,20,3:20-3:30,579.8733333333332,0.0,0.44584999999999997,0.4289169642857143,14.88333333333344,40.11902916666661,594.7566666666667,594.7566666666667,594.7566666666667,0.0,0.0,10050.0,0.0
2025-10-19,0,21,3:30-3:40,617.6956833333334,0.0,0.43295000000000006,0.41800535714285736,16.39636666666661,45.03335297619063,634.09205,634.09205,634.09205,0.0,0.0,10050.0,0.0
2025-10-19,0,22,3:40-3:50,616.8275166666666,0.0,0.432125,0.41972812499999995,13.188916666666614,37.40826011904767,630.0164333333332,630.0164333333332,630.0164333333332,0.0,0.0,10050.0,0.0
2025-10-19,0,23,3:50-4:00,585.0799999999999,0.0,0.44194999999999995,0.4307241071428572,21.11166666666668,20.770074999999935,606.1916666666666,606.1916666666666,606.1916666666666,0.0,0.0,10050.0,0.0
2025-10-19,0,24,4:00-4:10,605.9758666666667,0.0,0.4412,0.42977678571428546,19.384383333333403,37.80266250000001,625.3602500000001,625.3602500000001,625.3602500000001,0.0,0.0,10050.0,0.0
2025-10-19,0,25,4:10-4:20,601.7135166666667,0.0,0.44605,0.43795267857142867,27.99879999999996,36.20149821428576,629.7123166666667,629.7123166666667,629.7123166666667,0.0,0.0,10050.0,0.0
2025-10-19,0,26,4:20-4:30,569.8633333333332,0.0,0.4537,0.4493584821428572,16.230000000000018,49.727349404761696,586.0933333333332,586.0933333333332,586.0933333333332,0.0,0.0,10050.0,0.0
2025-10-19,0,27,4:30-4:40,589.6293833333333,0.0,0.4444,0.43632098214285703,26.747216666666645,54.354076785714305,616.3765999999999,616.3765999999999,616.3765999999999,0.0,0.0,10050.0,0.0
2025-10-19,0,28,4:40-4:50,602.5374833333333,0.0009,0.4437,0.433478125,29.26902142857142,54.333127976190255,631.8056047619048,631.8056047619048,631.8056047619048,0.0,0.0,10050.0,0.0
2025-10-19,0,29,4:50-5:00,599.8699999999999,0.0,0.451525,0.44359553571428567,17.81666666666672,71.33668452380931,617.6866666666666,617.6866666666666,617.6866666666666,0.0,0.0,10050.0,0.0
2025-10-19,0,30,5:00-5:10,629.5618499999999,0.00021428571428571427,0.44370000000000004,0.43670446428571424,20.197904761904624,90.82734940476209,649.7595404761903,649.7595404761903,649.7595404761903,0.0,0.0,10050.0,0.0
2025-10-19,0,31,5:10-5:20,627.9531999999999,0.012573809523809522,0.44510000000000005,0.4397303571428573,20.701635714285658,109.62701130952391,648.6422619047618,648.6422619047618,648.6422619047618,0.0,0.0,10050.0,0.0
2025-10-19,0,32,5:20-5:30,585.4,0.0,0.435075,0.4330995535714286,22.74333333333334,164.27026904761897,608.1433333333333,608.1433333333333,608.1433333333333,0.0,0.0,10050.0,0.0
2025-10-19,0,33,5:30-5:40,573.4045333333333,0.002995238095238095,0.40630000000000005,0.407459375,19.267385714285638,234.86921249999983,1426.0022571428572,1426.0022571428572,1426.0022571428572,833.3333333333333,0.0,10800.0,0.0
2025-10-19,0,34,5:40-5:50,652.4472,0.1751047619047619,0.6191499999999999,0.6210781249999998,23.470876190476133,297.9739017857142,675.7429714285713,675.7429714285713,675.7429714285713,0.0,-0.0,10800.0,0.0
2025-10-19,0,35,5:50-6:00,783.9516666666666,0.0,0.9514,0.955210267857143,35.435,326.51258869047604,0.0,0.0,0.0,0.0,819.3866666666665,9889.570370370371,0.0
2025-10-19,0,36,6:00-6:10,854.2632666666666,0.04170952380952381,0.9903000000000001,1.0024406250000002,36.0152904761905,343.6722017857142,56.90351428571432,56.90351428571432,56.90351428571432,0.0,833.3333333333333,8963.644444444446,0.0
2025-10-19,0,37,6:10-6:20,834.0445166666666,3.263645238095238,0.950125,0.9678491071428571,38.36024523809533,358.9547077380952,35.80778333333342,35.80778333333342,35.80778333333342,0.0,833.3333333333333,8037.71851851852,0.0
2025-10-19,0,38,6:20-6:30,785.8816666666667,24.068749999999998,0.9622999999999999,0.9796303571428567,39.036845238095225,468.3291654761901,0.0,0.0,0.0,0.0,800.8497619047619,7147.885449735451,0.0
2025-10-19,0,39,6:30-6:40,800.89885,70.75692142857142,0.94015,0.9559022321428569,44.873371428571545,656.0708023809522,0.0,0.0,0.0,0.0,775.0153000000001,6286.75733862434,0.0
2025-10-19,0,40,6:40-6:50,809.2157833333333,126.21310714285713,0.900875,0.9126392857142854,49.55339999999998,712.2591529761903,0.0,0.0,0.0,0.0,732.5560761904762,5472.806142857145,0.0
2025-10-19,0,41,6:50-7:00,791.585,181.1428571428571,0.8651,0.8757825892857143,49.613273809523776,726.4786744047617,660.0554166666667,660.0554166666667,660.0554166666667,0.0,0.0,5472.806142857145,0.0
2025-10-19,0,42,7:00-7:10,799.2532333333334,239.0301976190476,0.832325,0.8514919642857143,51.51989285714279,743.2763232142856,611.7429285714286,611.7429285714286,611.7429285714286,0.0,0.0,5472.806142857145,0.0
2025-10-19,0,43,7:10-7:20,800.2705666666667,297.1106547619047,0.8163750000000001,0.8345388392857146,63.07131904761911,739.8731452380949,566.2312309523811,566.2312309523811,566.2312309523811,0.0,0.0,5472.806142857145,0.0
2025-10-19,0,44,7:20-7:30,773.425,354.9205357142856,0.777275,0.7867258928571429,62.56488095238109,747.4846160714285,481.0693452380955,481.0693452380955,481.0693452380955,0.0,0.0,5472.806142857145,0.0
2025-10-19,0,45,7:30-7:40,758.6679,415.0584404761904,0.7016249999999999,0.7149053571428569,60.74443333333329,742.0597797619048,1237.6872261904762,1237.6872261904762,1237.6872261904762,833.3333333333333,0.0,6222.806142857145,0.0
2025-10-19,0,46,7:40-7:50,898.9800666666666,476.18659285714284,0.8888,0.9038254464285714,58.086980952381055,699.1986208333333,367.6599363095232,367.6599363095232,367.6599363095232,0.0,113.22051845238165,6097.005566798943,0.0
2025-10-19,0,47,7:50-8:00,1102.3133333333333,533.6267857142857,1.216875,1.227210714285714,58.77755952380937,689.0588125000003,0.0,0.0,0.0,0.0,627.4641071428568,5399.823225529101,0.0
2025-10-19,0,48,8:00-8:10,1115.1738333333333,585.0694309523809,1.229625,1.2398410714285713,45.475521428571255,722.6461946428572,0.0,0.0,0.0,0.0,575.5799238095236,4760.289976851853,0.0
2025-10-19,0,49,8:10-8:20,1073.7975333333334,646.0433166666667,1.12765,1.1378839285714286,65.67844285714284,703.3737690476189,0.0,0.0,0.0,0.0,493.43265952380943,4212.031466269842,0.0
2025-10-19,0,50,8:20-8:30,1073.6216666666664,716.4330357142856,1.0813,1.089539732142857,68.46684523809529,705.9384178571428,0.0,0.0,0.0,0.0,425.65547619047607,3739.080937169313,0.0
2025-10-19,0,51,8:30-8:40,1079.9836166666666,779.4828095238095,1.065775,1.0732026785714284,78.64476666666661,696.9334029761905,0.0,0.0,0.0,0.0,379.14557380952374,3317.8080773809534,0.0
2025-10-19,0,52,8:40-8:50,1100.8482,832.7855452380951,1.0739999999999998,1.0810776785714287,74.00054523809558,703.3231863095237,0.0,0.0,0.0,0.0,342.0632000000004,2937.737855158731,0.0
2025-10-19,0,53,8:50-9:00,1125.7849999999999,886.6901785714286,1.07885,1.0851285714285712,95.63273809523804,631.8224845238099,0.0,0.0,0.0,0.0,334.7275595238092,2565.8183445767204,0.0
2025-10-19,0,54,9:00-9:10,1122.2257833333333,951.6456095238096,1.045425,1.050872767857143,80.6732047619048,607.0360065476192,0.0,0.0,0.0,0.0,251.25337857142847,2286.6479239418,0.0
2025-10-19,0,55,9:10-9:20,1092.2603666666666,1004.187988095238,1.0115500000000002,1.0182142857142857,66.01070238095227,579.3237559523811,0.0,0.0,0.0,0.0,154.083080952381,2115.4445006613764,0.0
2025-10-19,0,56,9:20-9:30,1065.1683333333333,1045.9035714285712,0.98055,0.9902709821428567,73.88267857142864,705.5906732142853,0.0,0.0,0.0,0.0,93.1474404761907,2011.94734457672,0.0
2025-10-19,0,57,9:30-9:40,1071.8080166666666,1101.2644166666664,0.925675,0.9337129464285713,79.96555714285698,691.629913095238,0.0,0.0,0.0,0.0,50.50915714285725,1955.8260588624341,0.0
2025-10-19,0,58,9:40-9:50,1078.4388,1152.7320119047617,0.90645,0.8885361607142854,96.24492857142866,677.762283928571,21.951716666666925,21.951716666666925,21.951716666666925,0.0,0.0,1955.8260588624341,0.0
2025-10-19,0,59,9:50-10:00,1076.875,1193.5714285714284,0.923275,0.8716986607142857,92.51648809523802,666.2709785714283,0.0,0.0,0.0,24.179940476190495,0.0,1977.5880052910056,0.0
2025-10-19,0,60,10:00-10:10,1088.9194499999999,1233.943123809524,0.911875,0.8583178571428572,72.46978333333323,699.8292047619052,0.0,0.0,0.0,72.55389047619087,0.0,2042.8865067195775,0.0
2025-10-19,0,61,10:10-10:20,1089.9877,1265.4193833333334,0.8775000000000001,0.8284245535714286,63.87973809523845,757.2828083333328,0.0,0.0,0.0,111.55194523809496,0.0,2143.283257433863,0.0
2025-10-19,0,62,10:20-10:30,1072.485,1286.8160714285714,0.859475,0.8062035714285717,83.57357142857131,797.272257738095,0.0,0.0,0.0,130.75750000000016,0.0,2260.9650074338633,0.0
2025-10-19,0,63,10:30-10:40,1056.0980833333333,1305.2397166666667,0.8654,0.812227232142857,99.32178095238123,817.9995190476185,0.0,0.0,0.0,149.81985238095217,0.0,2395.80287457672,0.0
2025-10-19,0,64,10:40-10:50,1053.0444499999999,1313.201495238095,0.7249,0.6931946428571429,86.48135714285735,829.5483541666664,0.0,0.0,0.0,173.67568809523777,0.0,2552.110993862434,0.0
2025-10-19,0,65,10:50-11:00,1064.1083333333331,1316.6526785714282,0.51625,0.5142924107142859,77.9708333333333,795.233292261905,434.21560840681923,434.21560840681923,434.21560840681923,608.789120311581,0.0,3100.021202142857,0.0
2025-10-19,0,66,11:00-11:10,1079.6114666666667,1332.868338095238,0.502825,0.506669642857143,67.20642142857145,696.8144714285716,647.2828833333335,647.2828833333335,647.2828833333335,833.3333333333333,0.0,3850.021202142857,0.0
2025-10-19,0,67,11:10-11:20,1085.6259499999999,1355.582680952381,0.52315,0.5233093750000001,90.40529523809516,738.6582446428572,0.0,0.0,0.0,179.55143571428607,0.0,4011.617494285714,0.0
2025-10-19,0,68,11:20-11:30,1081.21,1373.6580357142857,0.4849,0.48300803571428563,93.42672619047616,965.6225595238097,634.3120238095237,634.3120238095237,634.3120238095237,833.3333333333333,0.0,4761.617494285714,0.0
2025-10-19,0,69,11:30-11:40,1073.8830833333332,1381.5014738095238,0.4576,0.45245624999999995,98.63949761904746,1110.244569642857,624.3544404761901,624.3544404761901,624.3544404761901,833.3333333333333,0.0,5511.617494285714,0.0
2025-10-19,0,70,11:40-11:50,1050.3646666666666,1390.3953595238095,0.4424,0.4353875,111.53916666666663,1170.0903178571425,604.8418071428571,604.8418071428571,604.8418071428571,833.3333333333333,0.0,6261.617494285714,0.0
2025-10-19,0,71,11:50-12:00,1018.0066666666667,1404.6071428571427,0.42602500000000004,0.41923928571428565,96.19238095238097,1203.8918315476185,542.9252380952382,542.9252380952382,542.9252380952382,833.3333333333333,0.0,7011.617494285714,0.0
2025-10-19,0,72,12:00-12:10,1001.6530666666665,1415.1764214285713,0.408725,0.40198973214285705,89.50779523809541,1231.1452541666663,509.31777380952394,509.31777380952394,509.31777380952394,833.3333333333333,0.0,7761.617494285714,0.0
2025-10-19,0,73,12:10-12:20,992.7277999999999,1405.9360904761902,0.4243,0.41680669642857154,86.4206714285715,1262.6652904761902,506.54571428571444,506.54571428571444,506.54571428571444,833.3333333333333,0.0,8511.617494285714,0.0
2025-10-19,0,74,12:20-12:30,986.6283333333333,1377.75625,0.43532499999999996,0.42695892857142853,102.83017857142835,1274.2159708333334,545.0355952380951,545.0355952380951,545.0355952380951,833.3333333333333,0.0,9261.617494285714,0.0
2025-10-19,0,75,12:30-12:40,991.4546833333334,1346.4428976190475,0.4036,0.3954915178571429,113.78910952380966,1249.8109755952378,592.1342285714288,592.1342285714288,592.1342285714288,833.3333333333333,0.0,10011.617494285714,0.0
2025-10-19,0,76,12:40-12:50,1014.7643833333333,1313.1806619047618,0.586225,0.5795843750000002,119.00067619047616,1204.7503595238093,0.0,0.0,0.0,179.41560238095235,0.0,10173.091536428572,0.0
2025-10-19,0,77,12:50-13:00,1043.4499999999998,1286.6089285714284,0.8750249999999999,0.868195982142857,106.59202380952365,1159.4750773809521,0.0,0.0,0.0,136.56690476190488,0.0,10296.001750714286,0.0
2025-10-19,0,78,13:00-13:10,1051.8058833333332,1277.7282595238094,0.88095,0.8695361607142859,94.04405952380952,1141.9815505952376,0.0,0.0,0.0,131.8783166666667,0.0,10414.692235714285,0.0
2025-10-19,0,79,13:10-13:20,1045.1721833333331,1262.7501738095236,0.83785,0.8253946428571429,69.93004047619056,1038.9120357142851,0.0,0.0,0.0,147.64795000000004,0.0,10547.575390714284,0.0
2025-10-19,0,80,13:20-13:30,1034.0549999999998,1232.4830357142857,0.87085,0.863207142857143,71.58184523809504,849.7192744047613,0.0,0.0,0.0,126.84619047619094,0.0,10661.736962142857,0.0
2025-10-19,0,81,13:30-13:40,1026.2855666666665,1198.8780333333332,0.870125,0.86426875,83.28279761904764,764.1024869047611,0.0,0.0,0.0,89.30966904761908,0.0,10742.115664285715,0.0
2025-10-19,0,82,13:40-13:50,1029.6670833333333,1164.5929452380951,0.8624,0.8362910714285716,74.7460642857144,735.0279333333327,0.0,0.0,0.0,60.17979761904735,0.0,10796.277482142857,0.0
2025-10-19,0,83,13:50-14:00,1038.2266666666665,1125.3642857142854,0.880425,0.8258660714285713,83.001488095238,650.579834523809,0.0,0.0,0.0,4.136130952380881,0.0,10800.0,0.0
2025-10-19,0,84,14:00-14:10,1039.9003333333333,1077.4250000000002,0.916725,0.8606812500000001,67.11927142857152,663.0592494047603,0.0,0.0,0.0,0.0,29.59460476190452,10767.117105820105,0.0
2025-10-19,0,85,14:10-14:20,1051.8889833333333,1035.4614833333333,0.929975,0.8795549107142854,67.93206904761928,648.6938904761895,0.0,0.0,0.0,0.0,84.35956904761929,10673.38425132275,0.0
2025-10-19,0,86,14:20-14:30,1063.1116666666667,998.4660714285712,0.9417,0.8881040178571428,70.93047619047631,639.7661797619041,0.0,0.0,0.0,0.0,135.57607142857182,10522.744171957671,0.0
2025-10-19,0,87,14:30-14:40,1043.9665333333332,951.17035,0.98525,0.9270169642857143,75.02087619047657,633.1181738095233,0.0,0.0,0.0,0.0,167.81705952380992,10336.28077248677,0.0
2025-10-19,0,88,14:40-14:50,1031.7482,902.174130952381,0.8731,0.8348933035714284,65.62083333333322,579.8333940476189,195.19490238095216,195.19490238095216,195.19490238095216,0.0,0.0,10336.28077248677,0.0
2025-10-19,0,89,14:50-15:00,1034.9499999999998,854.680357142857,0.683075,0.6785071428571426,71.11124999999998,485.6708476190473,766.6244789829531,766.6244789829531,766.6244789829531,515.2435861258103,0.0,10800.0,0.0
2025-10-19,0,90,15:00-15:10,1025.7380166666667,803.7156761904762,0.6969,0.7000124999999997,68.95152857142836,391.9745136904761,290.9738690476188,290.9738690476188,290.9738690476188,0.0,0.0,10800.0,0.0
2025-10-19,0,91,15:10-15:20,1014.2114166666667,757.3027119047617,0.7353000000000001,0.732713392857143,57.2792023809524,261.46567261904715,314.1879071428573,314.1879071428573,314.1879071428573,0.0,0.0,10800.0,0.0
2025-10-19,0,92,15:20-15:30,1010.6433333333332,712.0705357142856,0.7202500000000001,0.7146075892857144,75.90065476190489,250.55331428571304,374.4734523809525,374.4734523809525,374.4734523809525,0.0,0.0,10800.0,0.0
2025-10-19,0,93,15:30-15:40,1013.6570333333334,655.2840952380952,0.755825,0.7529312499999997,52.28770238095251,216.70937916666622,410.66064047619057,410.66064047619057,410.66064047619057,0.0,0.0,10800.0,0.0
2025-10-19,0,94,15:40-15:50,1015.4024166666666,595.2522619047619,0.7979,0.7958151785714287,59.25000952380975,171.4451886904758,479.40016428571437,479.40016428571437,479.40016428571437,0.0,0.0,10800.0,0.0
2025-10-19,0,95,15:50-16:00,1026.3133333333333,532.5339285714285,0.82035,0.816004017857143,57.74309523809529,187.4677184523805,551.5225,551.5225,551.5225,0.0,0.0,10800.0,0.0
2025-10-19,0,96,16:00-16:10,1054.2186833333333,460.77738809523805,0.8494250000000001,0.8457910714285714,72.85166428571438,199.8874232142855,666.2929595238096,666.2929595238096,666.2929595238096,0.0,-0.0,10800.0,0.0
2025-10-19,0,97,16:10-16:20,1023.0523333333333,397.7300619047619,0.892575,0.8903334821428571,62.99529999999993,179.66950654761922,688.3175714285712,688.3175714285712,688.3175714285712,0.0,-0.0,10800.0,0.0
2025-10-19,0,98,16:20-16:30,965.2983333333333,345.66696428571424,0.9365000000000001,0.9344968750000001,55.830892857142885,157.6873761904763,675.4622619047619,675.4622619047619,675.4622619047619,0.0,-0.0,10800.0,0.0
2025-10-19,0,99,16:30-16:40,993.63665,289.49702619047616,0.9617,0.959520982142857,60.492469047619124,176.72576011904735,764.6320928571429,764.6320928571429,764.6320928571429,0.0,-0.0,10800.0,0.0
2025-10-19,0,100,16:40-16:50,1026.5520999999999,231.12355952380952,0.983325,0.9812558035714284,51.678800000000024,169.1954898809531,847.1073404761905,847.1073404761905,847.1073404761905,0.0,0.0,10800.0,0.0
2025-10-19,0,101,16:50-17:00,1023.2616666666665,174.4553571428571,1.011025,1.0102629464285715,55.69809523809499,148.84631249999993,904.5044047619044,904.5044047619044,904.5044047619044,0.0,0.0,10800.0,0.0
2025-10-19,0,102,17:00-17:10,1022.2903833333332,120.23989047619048,1.041825,1.0433267857142858,37.93521666666675,132.54428809523822,939.9857095238095,939.9857095238095,939.9857095238095,0.0,0.0,10800.0,0.0
2025-10-19,0,103,17:10-17:20,1018.0182499999999,66.97475952380952,1.07885,1.0779151785714283,29.908926190476222,94.9353958333337,980.9524166666665,980.9524166666665,980.9524166666665,0.0,0.0,10800.0,0.0
2025-10-19,0,104,17:20-17:30,1025.7616666666665,23.349999999999998,1.104275,1.0981138392857142,25.61744047619044,79.3318940476193,1028.0291071428571,1028.0291071428571,1028.0291071428571,0.0,0.0,10800.0,0.0
2025-10-19,0,105,17:30-17:40,1046.6967,3.310085714285714,1.1029749999999998,1.0957183035714284,28.650523809523747,74.24759761904747,1072.037138095238,1072.037138095238,1072.037138095238,0.0,0.0,10800.0,0.0
2025-10-19,0,106,17:40-17:50,907.2959166666666,0.015654761904761904,1.1559499999999998,1.1435366071428577,28.01391190476204,69.35680892857152,935.2941738095238,935.2941738095238,935.2941738095238,0.0,-0.0,10800.0,0.0
2025-10-19,0,107,17:50-18:00,702.4816666666667,0.0,1.25735,1.2388500000000005,29.85833333333335,45.38849583333351,0.0,0.0,0.0,0.0,732.34,9986.288888888888,0.0
2025-10-19,0,108,18:00-18:10,716.34775,0.17840476190476187,1.3112,1.2965883928571424,18.97882380952376,47.04667797619065,0.0,0.0,0.0,0.0,735.148169047619,9169.45758994709,0.0
2025-10-19,0,109,18:10-18:20,749.7053833333332,0.0011238095238095237,1.3075,1.2890995535714287,28.465145238095147,46.26298988095259,0.0,0.0,0.0,0.0,778.1694047619045,8304.824917989417,0.0
2025-10-19,0,110,18:20-18:30,706.2216666666666,0.0,1.2842500000000001,1.2563325892857145,33.32666666666671,68.05617738095235,0.0,0.0,0.0,0.0,739.5483333333333,7483.104547619047,0.0
2025-10-19,0,111,18:30-18:40,691.7145499999999,0.012811904761904762,1.28925,1.262678125,17.515502380952398,39.78272738095242,0.0,0.0,0.0,0.0,709.2172404761905,6695.0853915343905,0.0
2025-10-19,0,112,18:40-18:50,711.7499833333333,8.095238095238093e-05,1.30875,1.2641857142857145,16.09758333333332,60.41074642857153,0.0,0.0,0.0,0.0,727.8474857142857,5886.365962962962,0.0
2025-10-19,0,113,18:50-19:00,734.935,0.0,1.310875,1.236294642857143,24.954999999999927,51.00993928571427,0.0,0.0,0.0,0.0,759.8899999999999,5042.04374074074,0.0
2025-10-19,0,114,19:00-19:10,733.6103333333333,0.0009214285714285711,1.28085,1.2048379464285717,23.65402619047626,45.69304761904759,757.2634380952381,757.2634380952381,757.2634380952381,0.0,0.0,5042.04374074074,0.0
2025-10-19,0,115,19:10-19:20,731.2743833333334,0.0,1.2777,1.2057674107142857,21.326583333333247,44.08296071428566,752.6009666666666,752.6009666666666,752.6009666666666,0.0,0.0,5042.04374074074,0.0
2025-10-19,0,116,19:20-19:30,732.975,0.0,1.3020749999999999,1.22741875,17.02166666666676,57.50687321428555,0.0,0.0,0.0,0.0,749.9966666666668,4208.7141111111105,0.0
2025-10-19,0,117,19:30-19:40,723.0858833333333,0.0,1.299875,1.226541964285714,9.856428571428523,62.22510654761916,365.4346244047626,365.4346244047626,365.4346244047626,0.0,367.50768749999924,3800.3722361111113,0.0
2025-10-19,0,118,19:40-19:50,727.0837499999999,0.0,1.3026749999999998,1.229737946428571,15.156900000000007,50.14120357142856,0.0,0.0,0.0,0.0,742.24065,2975.660402777778,0.0
2025-10-19,0,119,19:50-20:00,745.27,0.0,1.312975,1.2380566964285709,28.12333333333345,42.74731369047615,0.0,0.0,0.0,0.0,773.3933333333334,2116.334476851852,0.0
2025-10-19,0,120,20:00-20:10,747.2385166666666,0.0,1.295725,1.2215464285714284,21.69563333333332,69.54271309523835,768.9341499999998,768.9341499999998,768.9341499999998,0.0,0.0,2116.334476851852,0.0
2025-10-19,0,121,20:10-20:20,724.0013666666666,0.0,1.2717500000000002,1.2007191964285717,12.380495238095136,70.65015476190501,736.3818619047618,736.3818619047618,736.3818619047618,0.0,0.0,2116.334476851852,0.0
2025-10-19,0,122,20:20-20:30,696.5716666666667,0.0,1.280325,1.2083683035714288,12.41166666666652,69.28947083333352,708.9833333333332,708.9833333333332,708.9833333333332,0.0,0.0,2116.334476851852,0.0
2025-10-19,0,123,20:30-20:40,696.7354,0.0,1.3164250000000002,1.2372857142857145,17.53291666666655,76.10707500000015,0.0,0.0,0.0,0.0,714.2683166666666,1322.7030138888888,0.0
2025-10-19,0,124,20:40-20:50,703.7357666666667,0.0,1.194625,1.134041517857143,17.933749999999918,70.46991666666685,721.6695166666666,721.6695166666666,721.6695166666666,0.0,0.0,1322.7030138888888,0.0
2025-10-19,0,125,20:50-21:00,714.7766666666666,0.0,0.9869749999999999,0.9590142857142858,13.016666666666765,110.43271249999998,734.2773405349797,734.2773405349797,734.2773405349797,6.484007201646212,0.0,1328.5386203703704,0.0
2025-10-19,0,126,21:00-21:10,742.4864833333332,0.0,0.9593,0.9324857142857145,10.192283333333307,115.68475833333332,752.6787666666665,752.6787666666665,752.6787666666665,0.0,0.0,1328.5386203703704,0.0
2025-10-19,0,127,21:10-21:20,739.3143333333334,0.0,0.9528749999999999,0.9222370535714285,21.240016666666634,65.21450416666664,760.55435,760.55435,760.55435,0.0,0.0,1328.5386203703704,0.0
2025-10-19,0,128,21:20-21:30,723.6333333333333,0.0,0.93635,0.9093535714285713,19.36833333333334,70.65045416666658,743.0016666666667,743.0016666666667,743.0016666666667,0.0,0.0,1328.5386203703704,0.0
2025-10-19,0,129,21:30-21:40,747.3613,0.0,0.9999,0.9698758928571429,24.516033333333326,80.84597083333324,713.7524333333333,713.7524333333333,713.7524333333333,0.0,58.124900000000046,1263.955398148148,0.0
2025-10-19,0,130,21:40-21:50,680.6061333333333,0.0,0.7968000000000001,0.7665522321428576,35.69796666666673,57.55985833333328,707.7208166666668,707.7208166666668,707.7208166666668,0.0,8.583283333333315,1254.4184166666666,0.0
2025-10-19,0,131,21:50-22:00,557.9166666666666,0.0,0.43224999999999997,0.40608973214285715,20.896666666666647,48.976575000000025,578.8133333333333,578.8133333333333,578.8133333333333,0.0,0.0,1254.4184166666666,0.0
2025-10-19,0,132,22:00-22:10,553.3212833333333,0.0,0.3898,0.36294687499999995,13.15003333333334,40.68154999999993,1399.80465,1399.80465,1399.80465,833.3333333333333,0.0,2004.4184166666666,0.0
2025-10-19,0,133,22:10-22:20,561.6344333333333,0.0,0.4256,0.3986053571428571,7.439983333333373,39.30415416666659,1402.4077499999999,1402.4077499999999,1402.4077499999999,833.3333333333333,0.0,2754.4184166666664,0.0
2025-10-19,0,134,22:20-22:30,542.405,0.0,0.397375,0.37173124999999996,31.908333333333417,41.670237499999956,1407.6466666666665,1407.6466666666665,1407.6466666666665,833.3333333333333,0.0,3504.4184166666664,0.0
2025-10-19,0,135,22:30-22:40,563.3928666666666,0.0,0.41345,0.38550401785714283,26.84140000000002,56.00613750000002,1423.5675999999999,1423.5675999999999,1423.5675999999999,833.3333333333333,0.0,4254.418416666666,0.0
2025-10-19,0,136,22:40-22:50,579.9625333333333,0.0,0.42895,0.39812544642857145,21.33103333333338,51.370045833333336,1434.6269,1434.6269,1434.6269,833.3333333333333,0.0,5004.418416666666,0.0
2025-10-19,0,137,22:50-23:00,567.42,0.0,0.420775,0.39126249999999996,16.363333333333344,63.20628750000006,1417.1166666666666,1417.1166666666666,1417.1166666666666,833.3333333333333,0.0,5754.418416666666,0.0
2025-10-19,0,138,23:00-23:10,552.2007333333333,0.0,0.42175,0.3991321428571427,19.790950000000066,64.40069166666663,844.8601092592596,844.8601092592596,844.8601092592596,272.8684259259262,0.0,6000.0,0.0
2025-10-19,0,139,23:10-23:20,565.0900333333333,0.0,0.43427499999999997,0.41427723214285717,22.833999999999946,61.95548333333346,587.9240333333332,587.9240333333332,587.9240333333332,0.0,0.0,6000.0,0.0
2025-10-19,0,140,23:20-23:30,592.1116666666667,0.0,0.441275,0.41888482142857153,32.738333333333344,58.149075000000124,624.85,624.85,624.85,0.0,0.0,6000.0,0.0
2025-10-19,0,141,23:30-23:40,590.0349333333334,0.0,0.428125,0.4061727678571429,19.235716666666576,43.71935000000015,609.2706499999999,609.2706499999999,609.2706499999999,0.0,0.0,6000.0,0.0
2025-10-19,0,142,23:40-23:50,579.04815,0.0,0.43342499999999995,0.4098205357142855,19.56546666666668,48.07697083333332,598.6136166666666,598.6136166666666,598.6136166666666,0.0,0.0,6000.0,0.0
2025-10-19,0,143,23:50-24:00,577.925,0.0,0.45320000000000005,0.4275316964285715,22.97166666666658,33.43666666666675,600.8966666666665,600.8966666666665,600.8966666666665,0.0,0.0,6000.0,0.0
2025-10-20,0,0,0:00-0:10,583.4504999999999,0.0,0.44430000000000003,0.4240424107142857,24.70133333333331,66.07774166666672,608.1518333333332,608.1518333333332,608.1518333333332,0.0,0.0,6170.394308333335,0.0
2025-10-20,0,1,0:10-0:20,576.8300666666667,0.0,0.42922499999999997,0.40776071428571414,12.284083333333228,90.64879583333334,1422.4474833333331,1422.4474833333331,1422.4474833333331,833.3333333333333,0.0,6920.394308333335,0.0
2025-10-20,0,2,0:20-0:30,565.2833333333333,0.0,0.431475,0.40461205357142854,12.35666666666674,72.16261666666627,1410.9733333333334,1410.9733333333334,1410.9733333333334,833.3333333333333,0.0,7670.394308333335,0.0
2025-10-20,0,3,0:30-0:40,574.74565,0.0,0.450925,0.4284495535714287,17.660700000000077,56.27920416666653,592.40635,592.40635,592.40635,0.0,0.0,7670.394308333335,0.0
2025-10-20,0,4,0:40-0:50,587.4160499999999,0.0,0.45765,0.4366241071428571,18.661183333333383,69.69001249999998,606.0772333333333,606.0772333333333,606.0772333333333,0.0,0.0,7670.394308333335,0.0
2025-10-20,0,5,0:50-1:00,580.0716666666666,0.0,0.438425,0.4145700892857144,21.018333333333317,53.940374999999975,601.0899999999999,601.0899999999999,601.0899999999999,0.0,0.0,7670.394308333335,0.0
2025-10-20,0,6,1:00-1:10,550.6794333333332,0.0,0.41109999999999997,0.39187321428571426,23.679666666666662,53.30627083333319,1407.6924333333332,1407.6924333333332,1407.6924333333332,833.3333333333333,0.0,8420.394308333336,0.0
2025-10-20,0,7,1:10-1:20,555.0285333333334,0.0,0.41855000000000003,0.4028008928571429,23.91626666666673,37.74497916666668,1412.2781333333332,1412.2781333333332,1412.2781333333332,833.3333333333333,0.0,9170.394308333336,0.0
2025-10-20,0,8,1:20-1:30,581.8166666666666,0.0,0.451675,0.4347825892857144,16.271666666666704,43.0986916666665,598.0883333333334,598.0883333333334,598.0883333333334,0.0,0.0,9170.394308333336,0.0
2025-10-20,0,9,1:30-1:40,569.1084166666667,0.0,0.45842499999999997,0.4411053571428572,19.95258333333328,37.08746249999993,589.0609999999999,589.0609999999999,589.0609999999999,0.0,0.0,9170.394308333336,0.0
2025-10-20,0,10,1:40-1:50,574.97585,0.0,0.4472,0.42933794642857137,18.049350000000004,28.790708333333356,593.0252,593.0252,593.0252,0.0,0.0,9170.394308333336,0.0
2025-10-20,0,11,1:50-2:00,611.2149999999999,0.0,0.43395,0.4146540178571428,20.904999999999973,21.823479166666715,632.1199999999999,632.1199999999999,632.1199999999999,0.0,0.0,9170.394308333336,0.0
2025-10-20,0,12,2:00-2:10,621.2175,0.0,0.42950000000000005,0.4094589285714287,25.5542333333334,26.78480416666656,790.7780574074044,790.7780574074044,790.7780574074044,144.00632407407102,0.0,9300.0,0.0
2025-10-20,0,13,2:10-2:20,585.8564833333332,0.0,0.45555,0.4393165178571428,28.07563333333337,28.89496249999982,613.9321166666666,613.9321166666666,613.9321166666666,0.0,0.0,9300.0,0.0
2025-10-20,0,14,2:20-2:30,550.9549999999999,0.0,0.48605,0.47468883928571426,14.02166666666676,42.937033333333176,564.9766666666667,564.9766666666667,564.9766666666667,0.0,0.0,9300.0,0.0
2025-10-20,0,15,2:30-2:40,581.3243666666666,0.0,0.46924999999999994,0.45608348214285704,17.55453333333344,54.09047380952363,598.8789,598.8789,598.8789,0.0,0.0,9300.0,0.0
2025-10-20,0,16,2:40-2:50,602.6477166666666,0.0,0.45092499999999996,0.4356169642857142,14.340366666666682,55.785516666666766,616.9880833333333,616.9880833333333,616.9880833333333,0.0,0.0,9300.0,0.0
2025-10-20,0,17,2:50-3:00,592.6916666666666,0.0,0.45740000000000003,0.44266696428571434,10.789999999999964,58.464633333333396,603.4816666666666,603.4816666666666,603.4816666666666,0.0,0.0,9300.0,0.0
2025-10-20,0,18,3:00-3:10,598.6017499999999,0.0,0.46819999999999995,0.45336919642857126,21.309066666666695,48.70973630952366,619.9108166666666,619.9108166666666,619.9108166666666,0.0,0.0,9300.0,0.0
2025-10-20,0,19,3:10-3:20,596.8847333333333,0.0,0.45405000000000006,0.43694151785714286,15.503549999999905,31.897056547619,612.3882833333332,612.3882833333332,612.3882833333332,0.0,0.0,9300.0,0.0
2025-10-20,0,20,3:20-3:30,584.4133333333333,0.0,0.42705000000000004,0.4085093749999999,14.675000000000068,39.316662499999936,1432.4216666666666,1432.4216666666666,1432.4216666666666,833.3333333333333,0.0,10050.0,0.0
2025-10-20,0,21,3:30-3:40,586.1143833333333,0.0,0.42722499999999997,0.4125272321428571,16.39636666666661,44.022652976190585,602.5107499999999,602.5107499999999,602.5107499999999,0.0,0.0,10050.0,0.0
2025-10-20,0,22,3:40-3:50,584.3865333333333,0.0,0.43515,0.42406339285714295,14.199616666666657,35.70249880952382,598.58615,598.58615,598.58615,0.0,0.0,10050.0,0.0
2025-10-20,0,23,3:50-4:00,577.9333333333333,0.0,0.43815,0.4274709821428571,21.11166666666668,21.41470178571437,599.045,599.045,599.045,0.0,0.0,10050.0,0.0
2025-10-20,0,24,4:00-4:10,586.3062333333332,0.0,0.44442499999999996,0.43359598214285705,18.474733333333347,35.56249642857151,604.7809666666666,604.7809666666666,604.7809666666666,0.0,0.0,10050.0,0.0
2025-10-20,0,25,4:10-4:20,603.1527333333333,0.0,0.455625,0.4487508928571427,27.99879999999996,30.030248214285777,631.1515333333333,631.1515333333333,631.1515333333333,0.0,0.0,10050.0,0.0
2025-10-20,0,26,4:20-4:30,619.1133333333332,0.0,0.46020000000000005,0.4572750000000001,19.32499999999999,47.82331369047614,638.4383333333333,638.4383333333333,638.4383333333333,0.0,0.0,10050.0,0.0
2025-10-20,0,27,4:30-4:40,630.3163666666667,0.0,0.44665,0.4392374999999999,26.747216666666645,55.46307083333362,657.0635833333333,657.0635833333333,657.0635833333333,0.0,0.0,10050.0,0.0
2025-10-20,0,28,4:40-4:50,639.2456666666667,0.000619047619047619,0.447425,0.43769151785714283,29.26902142857142,57.75729702380967,668.5140690476192,668.5140690476192,668.5140690476192,0.0,0.0,10050.0,0.0
2025-10-20,0,29,4:50-5:00,638.1783333333333,0.0,0.4604,0.4533785714285713,21.918333333333408,75.57754107142885,660.0966666666667,660.0966666666667,660.0966666666667,0.0,0.0,10050.0,0.0
2025-10-20,0,30,5:00-5:10,616.01275,0.0005452380952380952,0.45435000000000003,0.4477825892857144,20.197904761904624,98.11795000000043,636.2101095238094,636.2101095238094,636.2101095238094,0.0,0.0,10050.0,0.0
2025-10-20,0,31,5:10-5:20,594.3153333333332,0.008657142857142856,0.4622,0.45630535714285714,20.701635714285658,116.92353333333384,615.0083119047617,615.0083119047617,615.0083119047617,0.0,0.0,10050.0,0.0
2025-10-20,0,32,5:20-5:30,583.9783333333332,0.0,0.453125,0.45002901785714283,20.278333333333308,171.04379047619076,604.2566666666665,604.2566666666665,604.2566666666665,0.0,0.0,10050.0,0.0
2025-10-20,0,33,5:30-5:40,593.1124333333332,0.007599999999999999,0.404075,0.4044049107142858,18.505366666666703,240.21252023809572,1444.943533333333,1444.943533333333,1444.943533333333,833.3333333333333,0.0,10800.0,0.0
2025-10-20,0,34,5:40-5:50,688.2349666666667,0.12056428571428573,0.6199250000000001,0.6219075892857145,24.280028571428545,302.7889744047625,712.394430952381,712.394430952381,712.394430952381,0.0,-0.0,10800.0,0.0
2025-10-20,0,35,5:50-6:00,806.2616666666665,0.0,0.98265,0.9870968750000001,35.435,332.1368136904767,8.36333333333323,8.36333333333323,8.36333333333323,0.0,833.3333333333333,9874.074074074075,0.0
2025-10-20,0,36,6:00-6:10,803.5754166666667,0.1058547619047619,1.0331499999999998,1.045411607142857,34.926385714285686,349.29642678571486,5.0626142857142895,5.0626142857142895,5.0626142857142895,0.0,833.3333333333333,8948.14814814815,0.0
2025-10-20,0,37,6:10-6:20,786.8223666666665,2.3145142857142855,0.9621999999999999,0.9795888392857145,37.53194047619047,361.9210261904766,0.0,0.0,0.0,0.0,822.0397928571427,8034.770600529102,0.0
2025-10-20,0,38,6:20-6:30,807.305,20.21875,0.9345749999999999,0.9519000000000002,39.036845238095225,469.5658845238096,0.0,0.0,0.0,0.0,826.1230952380952,7116.856050264551,0.0
2025-10-20,0,39,6:30-6:40,810.6478,65.7093880952381,0.922875,0.9393379464285714,42.862240476190465,657.3075214285716,0.0,0.0,0.0,0.0,787.8006523809523,6241.521992063494,0.0
2025-10-20,0,40,6:40-6:50,798.0583166666667,122.07723095238094,0.9071,0.9194669642857143,45.231404761904656,711.4847410714287,139.39654583333038,139.39654583333038,139.39654583333038,0.0,581.81594464286,5595.059831349205,0.0
2025-10-20,0,41,6:50-7:00,792.995,178.01517857142858,0.8717,0.8824433035714286,49.613273809523776,721.3822672619049,664.5930952380952,664.5930952380952,664.5930952380952,0.0,0.0,5595.059831349205,0.0
2025-10-20,0,42,7:00-7:10,812.2305666666666,234.20548095238098,0.815775,0.8355424107142858,51.51989285714279,738.1799160714287,629.5449785714285,629.5449785714285,629.5449785714285,0.0,0.0,5595.059831349205,0.0
2025-10-20,0,43,7:10-7:20,818.9857666666667,289.4514714285714,0.792175,0.8114125,63.07131904761911,734.7767380952381,592.6056142857144,592.6056142857144,592.6056142857144,0.0,0.0,5595.059831349205,0.0
2025-10-20,0,44,7:20-7:30,793.9366666666666,344.84732142857143,0.7704500000000001,0.780875,64.36755952380935,742.3882089285715,513.4569047619045,513.4569047619045,513.4569047619045,0.0,0.0,5595.059831349205,0.0
2025-10-20,0,45,7:30-7:40,775.7918999999999,403.94551428571435,0.7108,0.7249325892857142,60.74443333333329,738.7660511904762,1265.9241523809521,1265.9241523809521,1265.9241523809521,833.3333333333333,0.0,6345.059831349205,0.0
2025-10-20,0,46,7:40-7:50,901.0445666666666,468.1489666666665,0.901275,0.9166535714285714,58.086980952381055,695.9048922619046,490.9825809523811,490.9825809523811,490.9825809523811,0.0,0.0,6345.059831349205,0.0
2025-10-20,0,47,7:50-8:00,1087.7116666666666,529.3839285714286,1.2146750000000002,1.2250705357142857,58.77755952380937,685.7650839285717,0.0,0.0,0.0,0.0,617.1052976190475,5659.3872784391515,0.0
2025-10-20,0,48,8:00-8:10,1104.9815833333332,578.6398071428573,1.20665,1.2179111607142856,47.567523809523834,719.3524660714286,0.0,0.0,0.0,0.0,573.9092999999998,5021.710278439152,0.0
2025-10-20,0,49,8:10-8:20,1089.8553666666667,637.5918928571427,1.14365,1.15570625,65.67844285714284,702.1720428571429,0.0,0.0,0.0,0.0,517.9419166666667,4446.219259920634,0.0
2025-10-20,0,50,8:20-8:30,1110.0949999999998,708.4642857142858,1.155375,1.1657611607142857,68.46684523809529,704.7366916666666,0.0,0.0,0.0,0.0,470.0975595238092,3923.8886382275123,0.0
2025-10-20,0,51,8:30-8:40,1097.0781499999998,771.1110523809523,1.103575,1.1138558035714283,78.64476666666661,695.7316767857143,0.0,0.0,0.0,0.0,404.6118642857141,3474.319900132274,0.0
2025-10-20,0,52,8:40-8:50,1089.91005,824.9903023809525,1.053175,1.0620022321428568,74.00054523809558,702.1214601190477,0.0,0.0,0.0,0.0,338.92029285714307,3097.741796957671,0.0
2025-10-20,0,53,8:50-9:00,1107.1149999999998,879.3535714285715,1.042075,1.0480763392857144,95.63273809523804,630.6207583333339,0.0,0.0,0.0,0.0,323.39416666666625,2738.4149451058192,0.0
2025-10-20,0,54,9:00-9:10,1120.774,941.0210642857143,1.03405,1.039508035714286,80.6732047619048,605.8342803571431,0.0,0.0,0.0,0.0,260.4261404761904,2449.052566798941,0.0
2025-10-20,0,55,9:10-9:20,1115.542,990.0475142857141,1.02095,1.027603125,66.01070238095227,575.2631690476194,0.0,0.0,0.0,0.0,191.50518809523817,2236.2690244708983,0.0
2025-10-20,0,56,9:20-9:30,1104.6466666666665,1030.0732142857144,1.0013,1.0106218750000002,75.08440476190465,704.3889470238094,0.0,0.0,0.0,0.0,149.65785714285676,2069.982516534391,0.0
2025-10-20,0,57,9:30-9:40,1110.4117666666666,1085.1553428571426,0.97245,0.981923214285714,79.96555714285698,691.629913095238,0.0,0.0,0.0,0.0,105.22198095238105,1953.0692043650788,0.0
2025-10-20,0,58,9:40-9:50,1094.7057666666665,1140.3207071428571,0.93475,0.9193187499999999,96.24492857142866,677.762283928571,47.06336071428673,47.06336071428673,47.06336071428673,0.0,3.5666273809513767,1949.1062850529106,0.0
2025-10-20,0,59,9:50-10:00,1065.6399999999999,1184.4232142857143,0.9049,0.8548075892857144,92.51648809523802,666.2709785714283,0.0,0.0,0.0,26.266726190476447,0.0,1972.7463386243394,0.0
2025-10-20,0,60,10:00-10:10,1073.7445166666666,1219.1783666666665,0.90065,0.8475455357142856,72.46978333333323,695.4717047619054,0.0,0.0,0.0,72.96406666666667,0.0,2038.4139986243395,0.0
2025-10-20,0,61,10:10-10:20,1093.3280833333333,1242.5813738095237,0.8837250000000001,0.8361303571428575,63.87973809523845,751.3873494047614,0.0,0.0,0.0,85.37355238095188,0.0,2115.250195767196,0.0
2025-10-20,0,62,10:20-10:30,1093.175,1263.0321428571428,0.8685,0.8183401785714286,83.57357142857131,795.3071047619046,0.0,0.0,0.0,86.28357142857158,0.0,2192.9054100529106,0.0
2025-10-20,0,63,10:30-10:40,1068.815,1292.2830619047616,0.88365,0.8323919642857144,99.32178095238123,814.4649315476186,0.0,0.0,0.0,124.14628095238027,0.0,2304.637062910053,0.0
2025-10-20,0,64,10:40-10:50,1063.3913833333331,1310.8558976190477,0.7594,0.7283419642857146,86.48135714285735,821.7589035714284,0.0,0.0,0.0,160.98315714285718,0.0,2449.521904338624,0.0
2025-10-20,0,65,10:50-11:00,1074.1033333333332,1321.142857142857,0.540575,0.5387236607142857,77.9708333333333,795.233292261905,0.0,0.0,0.0,169.06869047619057,0.0,2601.6837257671955,0.0
2025-10-20,0,66,11:00-11:10,1060.5023666666666,1344.9272047619047,0.46105,0.46357544642857146,67.20642142857145,696.8144714285716,616.1149166666667,616.1149166666667,616.1149166666667,833.3333333333333,0.0,3351.6837257671955,0.0
2025-10-20,0,67,11:10-11:20,1060.1445666666666,1363.4422523809526,0.453975,0.45316696428571424,90.40529523809516,683.8566970238094,620.4409428571423,620.4409428571423,620.4409428571423,833.3333333333333,0.0,4101.683725767196,0.0
2025-10-20,0,68,11:20-11:30,1081.3483333333334,1372.5544642857144,0.4561,0.4551754464285715,93.42672619047616,910.8210119047619,635.5539285714283,635.5539285714283,635.5539285714283,833.3333333333333,0.0,4851.683725767196,0.0
2025-10-20,0,69,11:30-11:40,1084.3225333333332,1387.7093666666665,0.47245000000000004,0.46863526785714293,98.63949761904746,1059.1247613095236,566.1758785126382,566.1758785126382,566.1758785126382,770.923214226924,0.0,5545.5146185714275,0.0
2025-10-20,0,70,11:40-11:50,1037.8084666666666,1402.578573809524,0.457375,0.4512973214285715,111.53916666666663,1117.6103410714281,580.1023928571426,580.1023928571426,580.1023928571426,833.3333333333333,0.0,6295.5146185714275,0.0
2025-10-20,0,71,11:50-12:00,992.3816666666667,1411.9964285714286,0.4186,0.41259821428571425,96.19238095238097,1149.8629607142852,509.91095238095227,509.91095238095227,509.91095238095227,833.3333333333333,0.0,7045.5146185714275,0.0
2025-10-20,0,72,12:00-12:10,1028.3847833333332,1415.0823309523807,0.413925,0.4083428571428572,89.50779523809541,1177.1163833333328,536.1435809523812,536.1435809523812,536.1435809523812,833.3333333333333,0.0,7795.5146185714275,0.0
2025-10-20,0,73,12:10-12:20,1034.4990833333331,1401.2454523809522,0.43107500000000004,0.4262763392857143,86.4206714285715,1208.636419642857,553.0076357142857,553.0076357142857,553.0076357142857,833.3333333333333,0.0,8545.514618571427,0.0
2025-10-20,0,74,12:20-12:30,984.9449999999999,1372.8089285714286,0.433125,0.4286299107142857,102.83017857142835,1220.1870999999999,548.299583333333,548.299583333333,548.299583333333,833.3333333333333,0.0,9295.514618571427,0.0
2025-10-20,0,75,12:30-12:40,970.1034999999999,1343.8606785714283,0.423125,0.4173441964285714,113.78910952380966,1195.7821047619045,573.3652642857146,573.3652642857146,573.3652642857146,833.3333333333333,0.0,10045.514618571427,0.0
2025-10-20,0,76,12:40-12:50,1005.8387166666666,1314.190019047619,0.577825,0.5725794642857144,119.00067619047616,1150.721488690476,0.0,0.0,0.0,189.3506261904763,0.0,10215.930182142856,0.0
2025-10-20,0,77,12:50-13:00,1045.565,1286.9142857142856,0.81325,0.8085629464285712,106.59202380952365,1110.0697178571431,0.0,0.0,0.0,134.7572619047619,0.0,10337.211717857143,0.0
2025-10-20,0,78,13:00-13:10,1031.7061333333331,1268.5748619047617,0.851375,0.8422290178571429,97.85587380952393,1092.5761910714282,0.0,0.0,0.0,139.0128547619047,0.0,10462.323287142857,0.0
2025-10-20,0,79,13:10-13:20,1028.3571,1251.1560857142856,0.8481000000000001,0.836652232142857,71.92822619047593,993.3184904761904,0.0,0.0,0.0,150.87075952380974,0.0,10598.106970714285,0.0
2025-10-20,0,80,13:20-13:30,1045.3133333333333,1223.7276785714284,0.88955,0.8817602678571431,71.58184523809504,806.1239148809518,0.0,0.0,0.0,106.83250000000021,0.0,10694.256220714286,0.0
2025-10-20,0,81,13:30-13:40,1030.8749166666666,1182.7240928571428,0.90065,0.895842857142857,83.28279761904764,706.6365934523799,0.0,0.0,0.0,68.56637857142846,0.0,10755.965961428572,0.0
2025-10-20,0,82,13:40-13:50,1025.6473166666665,1149.3200904761904,0.88745,0.8639450892857143,74.7460642857144,684.4923095238081,0.0,0.0,0.0,48.92670952380945,0.0,10800.0,0.0
2025-10-20,0,83,13:50-14:00,1038.6499999999999,1116.5348214285716,0.8811500000000001,0.8294776785714287,83.001488095238,656.6415690476181,5.116666666666333,5.116666666666333,5.116666666666333,0.0,-0.0,10800.0,0.0
2025-10-20,0,84,14:00-14:10,1033.9920666666667,1058.5509214285714,0.9017499999999999,0.8476772321428571,69.1698833333334,635.4093220238085,0.0,0.0,0.0,0.0,44.61102857142873,10750.432190476191,0.0
2025-10-20,0,85,14:10-14:20,1018.6659,1009.5500404761904,0.9153249999999999,0.8658897321428568,67.93206904761928,638.0483476190458,0.0,0.0,0.0,0.0,77.04792857142888,10664.82338095238,0.0
2025-10-20,0,86,14:20-14:30,1013.9783333333332,973.9883928571427,0.9468,0.8941236607142855,77.20821428571449,624.586827380951,0.0,0.0,0.0,0.0,117.19815476190513,10534.60320899471,0.0
2025-10-20,0,87,14:30-14:40,1034.1577166666666,922.1724071428571,1.022425,0.9661508928571426,92.04032857142859,618.4224970238085,0.0,0.0,0.0,0.0,204.02563809523804,10307.908055555556,0.0
2025-10-20,0,88,14:40-14:50,1053.5624333333333,867.5120095238094,0.901875,0.8662299107142858,75.17023571428587,600.6331910714275,0.0,0.0,0.0,0.0,261.2206595238097,10017.662878306879,0.0
2025-10-20,0,89,14:50-15:00,1045.0716666666667,818.5955357142858,0.672475,0.6695424107142859,79.80940476190474,529.6358720238087,1139.6188690476188,1139.6188690476188,1139.6188690476188,833.3333333333333,0.0,10767.662878306879,0.0
2025-10-20,0,90,15:00-15:10,1006.3428166666665,770.389261904762,0.6815,0.6842071428571426,74.34771666666688,447.153641666666,346.23140664315025,346.23140664315025,346.23140664315025,35.93013521457882,0.0,10800.0,0.0
2025-10-20,0,91,15:10-15:20,996.5174833333333,727.1976166666666,0.7441249999999999,0.7408785714285715,57.2792023809524,367.15794583333286,326.5990690476192,326.5990690476192,326.5990690476192,0.0,0.0,10800.0,0.0
2025-10-20,0,92,15:20-15:30,1009.375,683.4178571428571,0.751825,0.747375,77.36226190476191,287.4036374999997,403.3194047619048,403.3194047619048,403.3194047619048,0.0,0.0,10800.0,0.0
2025-10-20,0,93,15:30-15:40,989.2221999999999,626.7587809523809,0.78435,0.7840714285714286,57.72837619047647,219.1345517857137,420.19179523809544,420.19179523809544,420.19179523809544,0.0,0.0,10800.0,0.0
2025-10-20,0,94,15:40-15:50,1000.4838833333333,567.2641523809524,0.82165,0.822075,65.44558571428581,167.08187797619019,498.6653166666666,498.6653166666666,498.6653166666666,0.0,0.0,10800.0,0.0
2025-10-20,0,95,15:50-16:00,1034.98,507.3794642857143,0.850525,0.8480477678571431,57.74309523809529,194.79678035714232,585.3436309523811,585.3436309523811,585.3436309523811,0.0,-0.0,10800.0,0.0
2025-10-20,0,96,16:00-16:10,1013.71785,441.4115,0.8873,0.8859611607142855,72.85166428571438,202.9709851190474,645.1580142857144,645.1580142857144,645.1580142857144,0.0,-0.0,10800.0,0.0
2025-10-20,0,97,16:10-16:20,986.7673166666666,383.5530166666666,0.928825,0.927803125,62.99529999999993,184.70016488095246,666.2095999999998,666.2095999999998,666.2095999999998,0.0,-0.0,10800.0,0.0
2025-10-20,0,98,16:20-16:30,997.3616666666667,334.1660714285714,0.955225,0.9524535714285712,55.830892857142885,165.01643809523813,719.026488095238,719.026488095238,719.026488095238,0.0,-0.0,10800.0,0.0
2025-10-20,0,99,16:30-16:40,1034.9396499999998,279.1097642857143,0.956,0.9535343749999999,63.37489523809518,185.46535773809492,819.2047809523807,819.2047809523807,819.2047809523807,0.0,-0.0,10800.0,0.0
2025-10-20,0,100,16:40-16:50,1038.2313666666666,221.86514047619045,0.9996749999999999,0.9979852678571429,51.678800000000024,186.70026309523814,868.0450261904762,868.0450261904762,868.0450261904762,0.0,0.0,10800.0,0.0
2025-10-20,0,101,16:50-17:00,1013.5833333333333,166.87857142857138,1.0604500000000001,1.0597950892857144,45.48660714285711,164.3959702380949,892.191369047619,892.191369047619,892.191369047619,0.0,0.0,10800.0,0.0
2025-10-20,0,102,17:00-17:10,1020.5642166666667,114.2586761904762,1.048175,1.049727232142857,37.93521666666675,138.26375297619006,944.2407571428572,944.2407571428572,944.2407571428572,0.0,0.0,10800.0,0.0
2025-10-20,0,103,17:10-17:20,1015.7149666666666,61.89596666666666,1.065975,1.0650419642857138,29.908926190476222,86.14091309523798,983.7279261904762,983.7279261904762,983.7279261904762,0.0,0.0,10800.0,0.0
2025-10-20,0,104,17:20-17:30,1008.3216666666667,19.432142857142857,1.1164749999999999,1.1103142857142856,23.736726190476134,74.35879166666689,1012.6262499999999,1012.6262499999999,1012.6262499999999,0.0,0.0,10800.0,0.0
2025-10-20,0,105,17:30-17:40,1033.6626333333334,2.337061904761905,1.1086,1.1017450892857144,23.463373809523773,66.96060238095212,1054.7889452380953,1054.7889452380953,1054.7889452380953,0.0,0.0,10800.0,0.0
2025-10-20,0,106,17:40-17:50,925.1280166666667,0.09154285714285715,1.16995,1.1579473214285712,28.01391190476204,52.70564047619021,953.0503857142859,953.0503857142859,953.0503857142859,0.0,-0.0,10800.0,0.0
2025-10-20,0,107,17:50-18:00,730.055,0.0,1.28185,1.2631620535714283,29.85833333333335,47.771011904761906,0.0,0.0,0.0,0.0,759.9133333333333,9955.651851851851,0.0
2025-10-20,0,108,18:00-18:10,682.1808333333333,0.12207619047619048,1.2866,1.271278571428572,14.402380952380895,48.9849047619048,0.0,0.0,0.0,0.0,696.4611380952381,9181.806142857142,0.0
2025-10-20,0,109,18:10-18:20,703.1010666666666,0.006571428571428572,1.2765,1.2576089285714287,23.938376190476333,51.391890476190426,0.0,0.0,0.0,0.0,727.0328714285715,8373.99184126984,0.0
2025-10-20,0,110,18:20-18:30,711.3449999999999,0.0,1.29415,1.2662433035714287,33.32666666666671,69.74743690476178,0.0,0.0,0.0,0.0,744.6716666666666,7546.578878306877,0.0
2025-10-20,0,111,18:30-18:40,706.8628,0.008766666666666666,1.2876,1.260740625,17.976042857142943,42.19125357142852,0.0,0.0,0.0,0.0,724.8300761904762,6741.212126984126,0.0
2025-10-20,0,112,18:40-18:50,703.1744166666667,0.0004714285714285715,1.2835750000000001,1.2385736607142857,13.228516666666678,63.27981309523817,0.0,0.0,0.0,0.0,716.4024619047619,5945.209391534391,0.0
2025-10-20,0,113,18:50-19:00,703.2466666666666,0.0,1.2893500000000002,1.2147857142857144,24.954999999999927,51.00993928571427,728.2016666666665,728.2016666666665,728.2016666666665,0.0,0.0,5945.209391534391,0.0
2025-10-20,0,114,19:00-19:10,704.6282166666666,0.0006309523809523809,1.2839,1.2084794642857144,23.65402619047626,45.69304761904759,728.2816119047619,728.2816119047619,728.2816119047619,0.0,0.0,5945.209391534391,0.0
2025-10-20,0,115,19:10-19:20,733.1860666666666,2.857142857142857e-05,1.2925,1.221624553571429,21.326583333333247,44.08296071428566,754.5126214285714,754.5126214285714,754.5126214285714,0.0,0.0,5945.209391534391,0.0
2025-10-20,0,116,19:20-19:30,768.135,0.0,1.30605,1.2323129464285714,17.02166666666676,57.50687321428555,405.67763869047604,405.67763869047604,405.67763869047604,0.0,379.4790279761907,5523.5660271164015,0.0
2025-10-20,0,117,19:30-19:40,758.70085,0.0,1.289625,1.2161727678571428,9.856428571428523,62.22510654761916,768.5572785714285,768.5572785714285,768.5572785714285,0.0,0.0,5523.5660271164015,0.0
2025-10-20,0,118,19:40-19:50,747.24385,0.0,1.288575,1.215325,15.156900000000007,49.73349880952375,762.40075,762.40075,762.40075,0.0,0.0,5523.5660271164015,0.0
2025-10-20,0,119,19:50-20:00,745.1166666666666,0.0,1.30945,1.234744642857143,28.12333333333345,42.34453869047613,0.0,0.0,0.0,0.0,773.24,4664.410471560846,0.0
2025-10-20,0,120,20:00-20:10,726.3190833333333,0.0,1.312275,1.2378473214285715,21.69563333333332,65.70771309523832,0.0,0.0,0.0,0.0,748.0147166666666,3833.2830085978835,0.0
2025-10-20,0,121,20:10-20:20,731.9040333333334,0.0,1.3070750000000002,1.23575625,12.380495238095136,66.81515476190498,0.0,0.0,0.0,0.0,744.2845285714285,3006.300199074074,0.0
2025-10-20,0,122,20:20-20:30,750.495,0.0,1.321425,1.2497410714285715,16.246666666666556,65.29327500000014,0.0,0.0,0.0,0.0,766.7416666666666,2154.365013888889,0.0
2025-10-20,0,123,20:30-20:40,727.4494166666666,0.0,1.342225,1.2631392857142856,18.17769999999996,77.61380416666677,0.0,0.0,0.0,0.0,745.6271166666666,1325.8904398148147,0.0
2025-10-20,0,124,20:40-20:50,711.8971499999999,0.0,1.1892999999999998,1.1281839285714281,17.933749999999918,69.37016666666688,729.8308999999998,729.8308999999998,729.8308999999998,0.0,0.0,1325.8904398148147,0.0
2025-10-20,0,125,20:50-21:00,726.2883333333332,0.0,0.954475,0.9255406249999999,13.016666666666765,113.30139583333334,745.7890072016462,745.7890072016462,745.7890072016462,6.484007201646212,0.0,1331.7260462962963,0.0
2025-10-20,0,126,21:00-21:10,738.6827833333333,0.0,0.930225,0.9022629464285712,7.323599999999942,118.55344166666669,746.0063833333332,746.0063833333332,746.0063833333332,0.0,0.0,1331.7260462962963,0.0
2025-10-20,0,127,21:10-21:20,716.58665,0.0,0.964975,0.933299107142857,21.240016666666634,65.21450416666664,737.8266666666666,737.8266666666666,737.8266666666666,0.0,0.0,1331.7260462962963,0.0
2025-10-20,0,128,21:20-21:30,706.4166666666666,0.0,0.9810000000000001,0.9532741071428574,19.36833333333334,70.65045416666658,725.785,725.785,725.785,0.0,0.0,1331.7260462962963,0.0
2025-10-20,0,129,21:30-21:40,767.1017833333333,0.0,1.0079,0.9775294642857143,24.516033333333326,80.84597083333324,730.6242333333332,730.6242333333332,730.6242333333332,0.0,60.99358333333339,1263.955398148148,0.0
2025-10-20,0,130,21:40-21:50,706.1785833333333,0.0,0.773475,0.7433821428571431,35.69796666666673,57.55985833333328,733.2932666666668,733.2932666666668,733.2932666666668,0.0,8.583283333333315,1254.4184166666666,0.0
2025-10-20,0,131,21:50-22:00,549.765,0.0,0.41362499999999996,0.38777991071428575,20.896666666666647,48.976575000000025,1403.995,1403.995,1403.995,833.3333333333333,0.0,2004.4184166666666,0.0
2025-10-20,0,132,22:00-22:10,527.2281333333333,0.0,0.375225,0.34810625,13.15003333333334,40.68154999999993,1373.7115,1373.7115,1373.7115,833.3333333333333,0.0,2754.4184166666664,0.0
2025-10-20,0,133,22:10-22:20,555.5023666666666,0.0,0.4196,0.3928017857142857,7.439983333333373,30.951512499999865,1396.2756833333333,1396.2756833333333,1396.2756833333333,833.3333333333333,0.0,3504.4184166666664,0.0
2025-10-20,0,134,22:20-22:30,555.3299999999999,0.0,0.40135,0.3769580357142857,31.596666666666692,38.84269583333318,1420.2599999999998,1420.2599999999998,1420.2599999999998,833.3333333333333,0.0,4254.418416666666,0.0
2025-10-20,0,135,22:30-22:40,537.5944333333333,0.0,0.41559999999999997,0.3882790178571428,26.84140000000002,56.00613750000002,1397.7691666666665,1397.7691666666665,1397.7691666666665,833.3333333333333,0.0,5004.418416666666,0.0
2025-10-20,0,136,22:40-22:50,532.3717666666666,0.0,0.439525,0.40847901785714275,21.33103333333338,52.677429166666684,553.7028,553.7028,553.7028,0.0,0.0,5004.418416666666,0.0
2025-10-20,0,137,22:50-23:00,544.0533333333333,0.0,0.445025,0.415091517857143,16.363333333333344,67.43083333333345,560.4166666666666,560.4166666666666,560.4166666666666,0.0,0.0,5004.418416666666,0.0
2025-10-20,0,138,23:00-23:10,552.8642666666666,0.0,0.43477499999999997,0.4117205357142858,18.581366666666668,50.996766666666815,571.4456333333333,571.4456333333333,571.4456333333333,0.0,0.0,5004.418416666666,0.0
2025-10-20,0,139,23:10-23:20,560.1069,0.0,0.426,0.406271875,18.814049999999952,63.50770833333337,578.92095,578.92095,578.92095,0.0,0.0,5004.418416666666,0.0
2025-10-20,0,140,23:20-23:30,562.3783333333333,0.0,0.4245,0.4029129464285714,32.738333333333344,58.149075000000124,867.9850925925929,867.9850925925929,867.9850925925929,272.8684259259262,0.0,5250.0,0.0
2025-10-20,0,141,23:30-23:40,552.2004,0.0,0.42429999999999995,0.40199196428571415,19.235716666666576,43.71935000000015,1404.7694499999998,1404.7694499999998,1404.7694499999998,833.3333333333333,0.0,6000.0,0.0
2025-10-20,0,142,23:40-23:50,546.1175,0.0,0.430975,0.4067852678571428,19.56546666666668,48.07697083333332,565.6829666666666,565.6829666666666,565.6829666666666,0.0,0.0,6000.0,0.0
2025-10-20,0,143,23:50-24:00,546.9166666666666,0.0,0.43574999999999997,0.4101995535714285,22.97166666666658,33.43666666666675,569.8883333333332,569.8883333333332,569.8883333333332,0.0,0.0,6000.0,0.0
2025-10-21,0,0,0:00-0:10,545.44165,0.0,0.42469999999999997,0.40383794642857135,24.70133333333331,68.08429166666666,570.1429833333333,570.1429833333333,570.1429833333333,0.0,0.0,6505.972442513226,0.0
2025-10-21,0,1,0:10-0:20,562.3879999999999,0.0,0.429725,0.40820178571428584,12.284083333333228,91.46960000000003,574.6720833333331,574.6720833333331,574.6720833333331,0.0,0.0,6505.972442513226,0.0
2025-10-21,0,2,0:20-0:30,583.3666666666666,0.0,0.44455,0.4187004464285714,12.35666666666674,75.44583333333303,595.7233333333334,595.7233333333334,595.7233333333334,0.0,0.0,6505.972442513226,0.0
2025-10-21,0,3,0:30-0:40,571.1828333333333,0.0,0.431,0.40770937499999993,14.377483333333316,59.56242083333329,585.5603166666666,585.5603166666666,585.5603166666666,0.0,0.0,6505.972442513226,0.0
2025-10-21,0,4,0:40-0:50,566.4944833333333,0.0,0.42069999999999996,0.3986941964285714,18.661183333333383,69.69001249999998,1418.489,1418.489,1418.489,833.3333333333333,0.0,7255.972442513226,0.0
2025-10-21,0,5,0:50-1:00,584.6633333333333,0.0,0.42997500000000005,0.4069700892857144,21.018333333333317,53.940374999999975,605.6816666666666,605.6816666666666,605.6816666666666,0.0,0.0,7255.972442513226,0.0
2025-10-21,0,6,1:00-1:10,598.1010666666666,0.0,0.441875,0.42292901785714304,23.679666666666662,51.47120833333331,621.7807333333333,621.7807333333333,621.7807333333333,0.0,0.0,7255.972442513226,0.0
2025-10-21,0,7,1:10-1:20,589.7659333333334,0.0,0.4406,0.4238830357142857,23.91626666666673,37.74497916666668,613.6822000000001,613.6822000000001,613.6822000000001,0.0,0.0,7255.972442513226,0.0
2025-10-21,0,8,1:20-1:30,578.27,0.0,0.43017500000000003,0.41219553571428574,16.271666666666704,43.0986916666665,594.5416666666667,594.5416666666667,594.5416666666667,0.0,0.0,7255.972442513226,0.0
2025-10-21,0,9,1:30-1:40,594.3364833333333,0.0,0.42674999999999996,0.4093071428571429,19.95258333333328,35.94746250000003,614.2890666666665,614.2890666666665,614.2890666666665,0.0,0.0,7255.972442513226,0.0
2025-10-21,0,10,1:40-1:50,590.568,0.0,0.42014999999999997,0.40286562499999995,18.049350000000004,28.790708333333356,1213.092413874193,1213.092413874193,1213.092413874193,604.475063874193,0.0,7800.0,0.0
2025-10-21,0,11,1:50-2:00,579.6516666666666,0.0,0.413675,0.3949928571428571,20.904999999999973,21.440929166666763,1433.8899999999999,1433.8899999999999,1433.8899999999999,833.3333333333333,0.0,8550.0,0.0
2025-10-21,0,12,2:00-2:10,618.37605,0.0,0.4238,0.4042183035714285,25.5542333333334,22.930016666666717,643.9302833333334,643.9302833333334,643.9302833333334,0.0,0.0,8550.0,0.0
2025-10-21,0,13,2:10-2:20,624.9015166666666,0.0,0.4371,0.41998883928571423,28.07563333333337,27.75496249999992,652.9771499999999,652.9771499999999,652.9771499999999,0.0,0.0,8550.0,0.0
2025-10-21,0,14,2:20-2:30,592.3,0.0,0.43652500000000005,0.42337455357142867,15.541666666666629,45.19594166666661,607.8416666666666,607.8416666666666,607.8416666666666,0.0,0.0,8550.0,0.0
2025-10-21,0,15,2:30-2:40,592.8738166666667,0.0,0.42155000000000004,0.40870089285714295,21.17425000000003,46.01571130952364,614.0480666666667,614.0480666666667,614.0480666666667,0.0,0.0,8550.0,0.0
2025-10-21,0,16,2:40-2:50,578.0833333333333,0.0,0.43655,0.4216638392857142,14.340366666666682,52.313295833333385,592.4236999999999,592.4236999999999,592.4236999999999,0.0,0.0,8550.0,0.0
2025-10-21,0,17,2:50-3:00,559.5533333333333,0.0,0.46397499999999997,0.44787767857142874,10.789999999999964,56.66312500000009,570.3433333333332,570.3433333333332,570.3433333333332,0.0,0.0,8550.0,0.0
2025-10-21,0,18,3:00-3:10,602.5612,0.0,0.44175,0.4267843749999999,21.309066666666695,45.39473630952361,623.8702666666667,623.8702666666667,623.8702666666667,0.0,0.0,8550.0,0.0
2025-10-21,0,19,3:10-3:20,624.80815,0.0,0.42090000000000005,0.404044642857143,15.503549999999905,27.56691904761894,640.3116999999999,640.3116999999999,640.3116999999999,0.0,0.0,8550.0,0.0
2025-10-21,0,20,3:20-3:30,600.9066666666666,0.0,0.41805,0.3987236607142855,14.88333333333344,34.951479166666545,1449.1233333333334,1449.1233333333334,1449.1233333333334,833.3333333333333,0.0,9300.0,0.0
2025-10-21,0,21,3:30-3:40,589.5910666666666,0.0,0.4067,0.39223482142857125,16.39636666666661,39.93080297619056,1439.3207666666665,1439.3207666666665,1439.3207666666665,833.3333333333333,0.0,10050.0,0.0
2025-10-21,0,22,3:40-3:50,605.4393,0.0,0.43674999999999997,0.4266745535714286,18.29146666666668,32.801927976190456,623.7307666666667,623.7307666666667,623.7307666666667,0.0,0.0,10050.0,0.0
2025-10-21,0,23,3:50-4:00,619.17,0.0,0.47514999999999996,0.46460357142857134,21.37166666666667,16.25333333333333,640.5416666666666,640.5416666666666,640.5416666666666,0.0,0.0,10050.0,0.0
2025-10-21,0,24,4:00-4:10,592.8654166666666,0.0,0.434225,0.42220401785714284,18.334550000000036,36.81297380952397,611.1999666666667,611.1999666666667,611.1999666666667,0.0,0.0,10050.0,0.0
2025-10-21,0,25,4:10-4:20,578.93845,0.0,0.41335000000000005,0.4056138392857142,26.435533333333353,42.73254761904771,605.3739833333334,605.3739833333334,605.3739833333334,0.0,0.0,10050.0,0.0
2025-10-21,0,26,4:20-4:30,601.8266666666666,0.0,0.44465,0.44278303571428584,19.32499999999999,51.45758095238081,621.1516666666666,621.1516666666666,621.1516666666666,0.0,0.0,10050.0,0.0
2025-10-21,0,27,4:30-4:40,633.6030833333333,3.80952380952381e-05,0.462125,0.4570366071428572,26.747216666666645,79.39465297619073,660.3502619047619,660.3502619047619,660.3502619047619,0.0,0.0,10050.0,0.0
2025-10-21,0,28,4:40-4:50,641.87655,0.00037142857142857143,0.46765,0.4594290178571428,29.26902142857142,73.08108273809523,671.1452,671.1452,671.1452,0.0,0.0,10050.0,0.0
2025-10-21,0,29,4:50-5:00,624.755,0.0,0.46585,0.4585718749999998,17.81666666666672,99.50912321428595,642.5716666666667,642.5716666666667,642.5716666666667,0.0,0.0,10050.0,0.0
2025-10-21,0,30,5:00-5:10,610.2399333333333,0.0010738095238095238,0.45365000000000005,0.4464937500000001,20.197904761904624,118.83128809523846,630.436764285714,630.436764285714,630.436764285714,0.0,0.0,10050.0,0.0
2025-10-21,0,31,5:10-5:20,619.8300833333333,0.005223809523809523,0.45785,0.45086116071428567,20.701635714285658,134.98660357142901,640.5264952380951,640.5264952380951,640.5264952380951,0.0,0.0,10050.0,0.0
2025-10-21,0,32,5:20-5:30,630.8683333333333,0.0,0.44099999999999995,0.43651339285714286,20.278333333333308,181.10374702380983,651.1466666666666,651.1466666666666,651.1466666666666,0.0,0.0,10050.0,0.0
2025-10-21,0,33,5:30-5:40,612.6248833333333,0.014976190476190476,0.38395,0.38474062500000006,18.505366666666703,251.8581613095243,1464.4486071428569,1464.4486071428569,1464.4486071428569,833.3333333333333,0.0,10800.0,0.0
2025-10-21,0,34,5:40-5:50,664.42265,0.07272857142857142,0.6039999999999999,0.6066915178571427,24.280028571428545,310.68386488095285,688.62995,688.62995,688.62995,0.0,-0.0,10800.0,0.0
2025-10-21,0,35,5:50-6:00,772.6966666666667,0.0,0.978675,0.9823473214285716,35.435,340.03170416666717,0.0,0.0,0.0,0.0,808.1316666666667,9902.075925925927,0.0
2025-10-21,0,36,6:00-6:10,814.6924166666665,0.2085761904761905,1.0313500000000002,1.0431808035714287,34.926385714285686,355.26198869047687,16.076892857142866,16.076892857142866,16.076892857142866,0.0,833.3333333333333,8976.150000000001,0.0
2025-10-21,0,37,6:10-6:20,813.3253166666666,1.4668285714285711,0.959825,0.9770968750000003,36.24844047619047,365.2363202380957,14.773595238095254,14.773595238095254,14.773595238095254,0.0,833.3333333333333,8050.224074074075,0.0
2025-10-21,0,38,6:20-6:30,806.0866666666667,16.113392857142856,0.928975,0.9458133928571429,36.451607142857256,412.10661428571507,0.0,0.0,0.0,0.0,826.424880952381,7131.974206349208,0.0
2025-10-21,0,39,6:30-6:40,802.4013,59.53517142857143,0.904925,0.9213553571428571,40.6665214285714,597.2630130952391,349.5374698333311,349.5374698333311,349.5374698333311,0.0,433.9951801666689,6649.757339497353,0.0
2025-10-21,0,40,6:40-6:50,794.1806499999999,114.94163095238096,0.8856999999999999,0.8989870535714285,40.411421428571316,672.8225964285723,719.6504404761903,719.6504404761903,719.6504404761903,0.0,0.0,6649.757339497353,0.0
2025-10-21,0,41,6:50-7:00,791.385,169.93839285714282,0.874725,0.8868424107142857,48.70892857142843,677.9001392857149,670.1555357142856,670.1555357142856,670.1555357142856,0.0,0.0,6649.757339497353,0.0
2025-10-21,0,42,7:00-7:10,814.2989333333333,224.08921666666666,0.8664750000000001,0.8870428571428572,44.71558333333337,693.7934428571434,634.9253,634.9253,634.9253,0.0,0.0,6649.757339497353,0.0
2025-10-21,0,43,7:10-7:20,836.1295,277.3640476190476,0.8404750000000001,0.8608241071428571,59.905659523809504,694.9461136904765,618.6711119047619,618.6711119047619,618.6711119047619,0.0,0.0,6649.757339497353,0.0
2025-10-21,0,44,7:20-7:30,824.9683333333334,332.27678571428567,0.773325,0.7856522321428573,65.41297619047607,699.3919250000005,558.1045238095238,558.1045238095238,558.1045238095238,0.0,0.0,6649.757339497353,0.0
2025-10-21,0,45,7:30-7:40,794.9916333333333,392.48340952380954,0.7057249999999999,0.7208678571428573,60.74443333333329,696.8151839285717,1296.5859904761903,1296.5859904761903,1296.5859904761903,833.3333333333333,0.0,7399.757339497353,0.0
2025-10-21,0,46,7:40-7:50,905.5277333333333,455.7661595238095,0.91065,0.9268401785714288,58.086980952381055,653.9540250000002,0.0,0.0,0.0,0.0,507.8485547619049,6835.481167539681,0.0
2025-10-21,0,47,7:50-8:00,1088.3233333333333,514.9973214285714,1.237125,1.248864285714286,62.31124999999986,621.3309595238101,0.0,0.0,0.0,0.0,635.6372619047617,6129.217543201057,0.0
2025-10-21,0,48,8:00-8:10,1107.2530499999998,565.6523333333333,1.2315,1.243094642857143,47.567523809523834,663.8950517857147,0.0,0.0,0.0,0.0,589.1682404761904,5474.586164894179,0.0
2025-10-21,0,49,8:10-8:20,1101.93915,626.1019809523809,1.1434250000000001,1.155648660714286,65.67844285714284,637.6526571428578,0.0,0.0,0.0,0.0,541.515611904762,4872.902151666665,0.0
2025-10-21,0,50,8:20-8:30,1128.2133333333331,693.8571428571428,1.139425,1.1513830357142858,72.23077380952361,621.5077755952386,0.0,0.0,0.0,0.0,506.5869642857141,4310.0277469047605,0.0
2025-10-21,0,51,8:30-8:40,1100.5165833333333,747.9705690476189,1.1347749999999999,1.1477433035714284,85.90043571428566,616.2666892857146,0.0,0.0,0.0,0.0,438.4464499999999,3822.865024682538,0.0
2025-10-21,0,52,8:40-8:50,1086.4793333333332,799.6608928571428,1.102,1.1136071428571426,76.81365714285721,648.4264761904766,0.0,0.0,0.0,0.0,363.6320976190476,3418.8293606613743,0.0
2025-10-21,0,53,8:50-9:00,1108.645,857.4080357142857,1.0669,1.0750669642857142,96.67386904761912,579.8266000000006,0.0,0.0,0.0,0.0,347.91083333333336,3032.2617680687817,0.0
2025-10-21,0,54,9:00-9:10,1115.0671333333332,916.3462833333334,1.0696999999999999,1.0768241071428568,90.56386428571426,533.6724744047626,0.0,0.0,0.0,0.0,289.28471428571413,2710.834307751322,0.0
2025-10-21,0,55,9:10-9:20,1098.20415,963.3862809523812,1.0658,1.0736098214285716,69.72496666666677,550.9639940476198,0.0,0.0,0.0,0.0,204.5428357142855,2483.5644902910044,0.0
2025-10-21,0,56,9:20-9:30,1082.7466666666664,1003.2535714285715,1.030775,1.0412236607142855,79.34273809523786,646.0596369047623,0.0,0.0,0.0,0.0,158.83583333333274,2307.080231031746,0.0
2025-10-21,0,57,9:30-9:40,1095.5276166666665,1053.8068238095236,0.9836,0.9953660714285716,94.96855952380952,637.0682232142858,0.0,0.0,0.0,0.0,136.6893523809524,2155.2031728306874,0.0
2025-10-21,0,58,9:40-9:50,1093.80705,1106.7604214285711,0.9493,0.9367607142857143,98.72694523809514,638.2035964285715,0.0,0.0,0.0,0.0,85.7735738095239,2059.8992019312163,0.0
2025-10-21,0,59,9:50-10:00,1077.045,1154.35,0.9403,0.8926321428571429,97.75178571428546,629.1943077380952,20.446785714285625,20.446785714285625,20.446785714285625,0.0,0.0,2059.8992019312163,0.0
2025-10-21,0,60,10:00-10:10,1085.3592333333331,1194.3971452380952,0.9450000000000001,0.893742410714286,96.33378809523781,701.0716190476195,0.0,0.0,0.0,12.704123809524162,0.0,2071.332913359788,0.0
2025-10-21,0,61,10:10-10:20,1084.576,1218.698623809524,0.914625,0.8675258928571429,63.87973809523845,784.1996220238094,0.0,0.0,0.0,70.24288571428542,0.0,2134.551510502645,0.0
2025-10-21,0,62,10:20-10:30,1074.4899999999998,1234.0419642857141,0.8896,0.8386875,83.57357142857131,811.3008750000004,0.0,0.0,0.0,75.97839285714304,0.0,2202.932064074074,0.0
2025-10-21,0,63,10:30-10:40,1088.6285833333332,1257.1422785714285,0.9286249999999999,0.8772790178571427,101.52066190476216,836.5700613095238,0.0,0.0,0.0,66.99303333333319,0.0,2263.2257940740737,0.0
2025-10-21,0,64,10:40-10:50,1085.5161166666667,1278.7457761904761,0.78705,0.7562446428571431,92.71342857142861,850.3177773809526,0.0,0.0,0.0,100.51623095238074,0.0,2353.6904019312165,0.0
2025-10-21,0,65,10:50-11:00,1069.4333333333334,1297.213392857143,0.5286,0.5268196428571429,82.3536904761906,811.2487636904766,0.0,0.0,0.0,145.4263690476189,0.0,2484.5741340740733,0.0
2025-10-21,0,66,11:00-11:10,1085.2168333333334,1320.354211904762,0.482175,0.4858870535714286,70.97718809523826,721.7547250000006,669.1731428571429,669.1731428571429,669.1731428571429,833.3333333333333,0.0,3234.5741340740733,0.0
2025-10-21,0,67,11:10-11:20,1082.8775999999998,1337.2382642857142,0.504575,0.5050915178571427,90.40529523809516,780.3209398809528,669.3779642857141,669.3779642857141,669.3779642857141,833.3333333333333,0.0,3984.5741340740733,0.0
2025-10-21,0,68,11:20-11:30,1063.4783333333332,1346.3089285714282,0.497425,0.49656428571428574,93.42672619047616,1007.3551190476194,643.9294642857144,643.9294642857144,643.9294642857144,833.3333333333333,0.0,4734.574134074073,0.0
2025-10-21,0,69,11:30-11:40,1074.60015,1358.0250142857144,0.5041,0.4996084821428572,95.2195857142857,1153.86735,645.1280547619047,645.1280547619047,645.1280547619047,833.3333333333333,0.0,5484.574134074073,0.0
2025-10-21,0,70,11:40-11:50,1052.1208499999998,1373.918707142857,0.47055,0.4631982142857141,100.4085547619049,1210.2931863095241,611.9440309523809,611.9440309523809,611.9440309523809,833.3333333333333,0.0,6234.574134074073,0.0
2025-10-21,0,71,11:50-12:00,996.8183333333333,1390.2276785714284,0.404625,0.3970370535714286,94.67660714285682,1232.9640880952384,534.6005952380949,534.6005952380949,534.6005952380949,833.3333333333333,0.0,6984.574134074073,0.0
2025-10-21,0,72,12:00-12:10,979.4621999999999,1399.8604809523806,0.382175,0.37580312499999996,86.41809999999941,1259.7765434523808,499.353152380952,499.353152380952,499.353152380952,833.3333333333333,0.0,7734.574134074073,0.0
2025-10-21,0,73,12:10-12:20,977.1288833333333,1394.4521333333332,0.398675,0.39405937499999993,81.40756904761935,1288.2068845238086,497.41765238095263,497.41765238095263,497.41765238095263,833.3333333333333,0.0,8484.574134074073,0.0
2025-10-21,0,74,12:20-12:30,964.31,1374.8223214285713,0.395275,0.39078526785714285,99.05250000000001,1296.1971220238092,521.8735119047619,521.8735119047619,521.8735119047619,833.3333333333333,0.0,9234.574134074073,0.0
2025-10-21,0,75,12:30-12:40,950.1514,1348.756919047619,0.353725,0.3462491071428571,111.5108880952381,1269.9612440476187,546.2387023809524,546.2387023809524,546.2387023809524,833.3333333333333,0.0,9984.574134074073,0.0
2025-10-21,0,76,12:40-12:50,990.7597000000001,1314.4864976190474,0.53305,0.52591875,107.41617380952391,1222.6224065476185,266.7805994415035,266.7805994415035,266.7805994415035,483.09122325102686,0.0,10419.356234999997,0.0
2025-10-21,0,77,12:50-13:00,1058.5349999999999,1278.3116071428572,0.837,0.832107589285714,97.81327380952382,1159.3282749999996,0.0,0.0,0.0,121.9633333333336,0.0,10529.123234999997,0.0
2025-10-21,0,78,13:00-13:10,1064.0357999999999,1252.3016928571428,0.884375,0.8760227678571431,94.04405952380952,1133.0559982142852,0.0,0.0,0.0,94.2218333333335,0.0,10613.922884999998,0.0
2025-10-21,0,79,13:10-13:20,1049.5272499999999,1229.4335714285712,0.8463,0.8359254464285713,71.92822619047593,1029.9864833333327,0.0,0.0,0.0,107.97809523809542,0.0,10711.103170714285,0.0
2025-10-21,0,80,13:20-13:30,1051.36,1199.6946428571428,0.8623,0.8556071428571428,71.58184523809504,851.2658845238088,0.0,0.0,0.0,76.7527976190479,0.0,10780.180688571429,0.0
2025-10-21,0,81,13:30-13:40,1061.2664666666665,1160.6229119047616,0.897575,0.8939026785714285,79.87675952380945,776.4781613095228,0.0,0.0,0.0,19.47968571428578,0.0,10797.712405714286,0.0
2025-10-21,0,82,13:40-13:50,1053.5949,1130.882735714286,0.91795,0.8957227678571428,74.7460642857144,753.0896589285697,0.0,0.0,0.0,2.5417714285713373,0.0,10800.0,0.0
2025-10-21,0,83,13:50-14:00,1033.8116666666665,1100.8035714285716,0.92155,0.8707071428571428,83.001488095238,734.855563690475,16.009583333333012,16.009583333333012,16.009583333333012,0.0,-0.0,10800.0,0.0
2025-10-21,0,84,14:00-14:10,1029.0183499999998,1043.8752761904761,0.9314250000000001,0.8765723214285714,69.1698833333334,713.6233166666655,54.31295714285716,54.31295714285716,54.31295714285716,0.0,0.0,10800.0,0.0
2025-10-21,0,85,14:10-14:20,1014.789,998.3429285714285,0.951175,0.9009999999999999,67.93206904761928,675.2501529761889,0.0,0.0,0.0,0.0,84.37814047619077,10706.24651058201,0.0
2025-10-21,0,86,14:20-14:30,999.7149999999999,967.3892857142856,0.9932,0.940808482142857,70.93047619047631,656.3598720238084,0.0,0.0,0.0,0.0,103.25619047619068,10591.51741005291,0.0
2025-10-21,0,87,14:30-14:40,1018.4164166666666,915.2195190476192,1.0411,0.9837785714285714,75.02087619047657,647.6570892857135,0.0,0.0,0.0,0.0,178.21777380952392,10393.49766137566,0.0
2025-10-21,0,88,14:40-14:50,1027.0139166666665,855.9457309523809,0.9189999999999999,0.8817187500000001,65.20547142857163,593.5677773809518,0.0,0.0,0.0,0.0,236.27365714285725,10130.971375661375,0.0
2025-10-21,0,89,14:50-15:00,1018.8883333333333,801.6151785714285,0.716075,0.7127258928571429,79.80940476190474,480.33007619047584,1040.4476976778378,1040.4476976778378,1040.4476976778378,743.3651381540282,0.0,10800.0,0.0
2025-10-21,0,90,15:00-15:10,1030.0602333333331,751.0115333333333,0.7173999999999999,0.7205120535714286,68.95152857142836,369.4909095238092,348.0002285714281,348.0002285714281,348.0002285714281,0.0,0.0,10800.0,0.0
2025-10-21,0,91,15:10-15:20,1038.5554,709.6609666666666,0.7784249999999999,0.7754937499999999,57.20933809523814,273.82275357142686,386.10377142857146,386.10377142857146,386.10377142857146,0.0,0.0,10800.0,0.0
2025-10-21,0,92,15:20-15:30,1030.4933333333333,670.4169642857144,0.7913,0.7870660714285715,68.13017857142859,289.69461428571276,428.20654761904757,428.20654761904757,428.20654761904757,0.0,0.0,10800.0,0.0
2025-10-21,0,93,15:30-15:40,1017.1351500000001,617.9959404761904,0.794625,0.7954205357142857,52.28770238095251,234.35034166666628,451.42691190476205,451.42691190476205,451.42691190476205,0.0,0.0,10800.0,0.0
2025-10-21,0,94,15:40-15:50,1016.3375166666666,562.0452095238095,0.8216749999999999,0.8225999999999999,59.25000952380975,166.9225886904756,513.5423166666669,513.5423166666669,513.5423166666669,0.0,0.0,10800.0,0.0
2025-10-21,0,95,15:50-16:00,1022.8116666666666,504.5392857142857,0.868075,0.8650419642857144,53.44386904761916,190.4973124999997,571.7162500000001,571.7162500000001,571.7162500000001,0.0,0.0,10800.0,0.0
2025-10-21,0,96,16:00-16:10,1015.1666166666666,438.9091761904763,0.90465,0.9044441964285713,65.06448095238113,224.14515892857102,641.3219214285716,641.3219214285716,641.3219214285716,0.0,-0.0,10800.0,0.0
2025-10-21,0,97,16:10-16:20,1005.45955,379.8440047619047,0.941025,0.941472767857143,57.184661904761924,198.08715535714282,682.8002071428573,682.8002071428573,682.8002071428573,0.0,-0.0,10800.0,0.0
2025-10-21,0,98,16:20-16:30,1007.5683333333333,328.6598214285714,0.9646,0.9615803571428573,55.830892857142885,172.5927904761905,734.7394047619048,734.7394047619048,734.7394047619048,0.0,-0.0,10800.0,0.0
2025-10-21,0,99,16:30-16:40,1022.6585166666666,272.3540119047618,0.9501499999999999,0.9470330357142858,60.492469047619124,193.04171011904728,810.7969738095239,810.7969738095239,810.7969738095239,0.0,0.0,10800.0,0.0
2025-10-21,0,100,16:40-16:50,1029.1721166666666,215.75454761904763,0.9490000000000001,0.9462723214285713,49.148576190476206,191.322786309524,862.5661452380953,862.5661452380953,862.5661452380953,0.0,0.0,10800.0,0.0
2025-10-21,0,101,16:50-17:00,1020.0083333333333,162.36160714285714,0.988275,0.9861580357142857,45.48660714285711,166.48826964285692,903.1333333333334,903.1333333333334,903.1333333333334,0.0,0.0,10800.0,0.0
2025-10-21,0,102,17:00-17:10,1005.2041666666667,109.87022142857144,1.0467,1.0479584821428574,35.77151428571426,140.3560523809521,931.1054595238096,931.1054595238096,931.1054595238096,0.0,0.0,10800.0,0.0
2025-10-21,0,103,17:10-17:20,984.6064833333332,57.24859999999999,1.0848749999999998,1.084978125,29.908926190476222,83.76318154761904,957.2668095238095,957.2668095238095,957.2668095238095,0.0,0.0,10800.0,0.0
2025-10-21,0,104,17:20-17:30,989.6833333333334,15.761607142857144,1.094875,1.0896450892857141,23.736726190476134,74.28738869047643,997.6584523809524,997.6584523809524,997.6584523809524,0.0,0.0,10800.0,0.0
2025-10-21,0,105,17:30-17:40,1032.7093666666665,1.5577738095238094,1.1086500000000001,1.101057589285714,28.650523809523747,66.6749904761903,1059.8021166666665,1059.8021166666665,1059.8021166666665,0.0,0.0,10800.0,0.0
2025-10-21,0,106,17:40-17:50,924.8293166666667,0.20763333333333336,1.1727750000000001,1.1598232142857143,25.901866666666706,55.51505892857125,950.5235500000001,950.5235500000001,950.5235500000001,0.0,-0.0,10800.0,0.0
2025-10-21,0,107,17:50-18:00,726.8466666666666,0.0,1.2549,1.2366696428571424,29.85833333333335,49.86313154761902,0.0,0.0,0.0,0.0,756.7049999999999,9959.216666666667,0.0
2025-10-21,0,108,18:00-18:10,701.7055666666666,0.07793809523809522,1.27505,1.260296875,11.612888095238077,51.77439761904762,0.0,0.0,0.0,0.0,713.2405166666666,9166.727203703704,0.0
2025-10-21,0,109,18:10-18:20,725.7243,0.014907142857142858,1.288075,1.2679285714285713,23.938376190476333,50.21858035714281,0.0,0.0,0.0,0.0,749.6477690476191,8333.785238095237,0.0
2025-10-21,0,110,18:20-18:30,713.765,0.0,1.31095,1.280057142857143,33.32666666666671,66.22750654761894,0.0,0.0,0.0,0.0,747.0916666666667,7503.683386243385,0.0
2025-10-21,0,111,18:30-18:40,708.84465,0.005597619047619047,1.3030249999999999,1.274291964285714,19.800216666666756,37.498013095238065,0.0,0.0,0.0,0.0,728.6392690476191,6694.084198412697,0.0
2025-10-21,0,112,18:40-18:50,713.145,0.001069047619047619,1.28365,1.2382125000000002,16.09758333333332,59.112169047619105,0.0,0.0,0.0,0.0,729.2415142857143,5883.8158492063485,0.0
2025-10-21,0,113,18:50-19:00,729.5616666666666,0.0,1.27725,1.2025991071428572,24.954999999999927,51.79853571428568,754.5166666666665,754.5166666666665,754.5166666666665,0.0,0.0,5883.8158492063485,0.0
2025-10-21,0,114,19:00-19:10,757.2195833333333,0.00040238095238095246,1.288375,1.2128482142857144,25.735950000000116,44.39447023809517,782.955130952381,782.955130952381,782.955130952381,0.0,0.0,5883.8158492063485,0.0
2025-10-21,0,115,19:10-19:20,734.7883833333333,7.142857142857143e-05,1.286875,1.215040625,21.326583333333247,47.2163464285714,756.1148952380951,756.1148952380951,756.1148952380951,0.0,0.0,5883.8158492063485,0.0
2025-10-21,0,116,19:20-19:30,685.9283333333333,0.0,1.279925,1.204609375,15.284999999999968,56.09429345238097,701.2133333333333,701.2133333333333,701.2133333333333,0.0,0.0,5883.8158492063485,0.0
2025-10-21,0,117,19:30-19:40,700.3134833333334,0.0,1.3018,1.2281433035714286,8.459709523809579,63.62182559523811,0.0,0.0,0.0,0.0,708.7731928571429,5096.290079365079,0.0
2025-10-21,0,118,19:40-19:50,732.3282166666665,0.0,1.3132,1.2403883928571424,15.156900000000007,49.73349880952375,0.0,0.0,0.0,0.0,747.4851166666665,4265.75106084656,0.0
2025-10-21,0,119,19:50-20:00,738.2833333333333,0.0,1.296575,1.2216566964285722,28.12333333333345,40.279154166666586,0.0,0.0,0.0,0.0,766.4066666666668,3414.188097883597,0.0
2025-10-21,0,120,20:00-20:10,721.9440999999999,0.0,1.27805,1.2034357142857146,21.69563333333332,63.13270833333354,743.6397333333332,743.6397333333332,743.6397333333332,0.0,0.0,3414.188097883597,0.0
2025-10-21,0,121,20:10-20:20,726.6700666666667,0.0,1.29335,1.2215245535714285,14.955499999999915,64.2401500000002,349.35725773809577,349.35725773809577,349.35725773809577,0.0,392.26830892857083,2978.334421296296,0.0
2025-10-21,0,122,20:20-20:30,741.1183333333333,0.0,1.340025,1.267470982142857,16.246666666666556,65.29327500000014,0.0,0.0,0.0,0.0,757.3649999999999,2136.8177546296297,0.0
2025-10-21,0,123,20:30-20:40,714.3659166666666,0.0,1.35235,1.2733727678571432,18.17769999999996,73.34890416666673,0.0,0.0,0.0,0.0,732.5436166666666,1322.8804027777778,0.0
2025-10-21,0,124,20:40-20:50,692.1952333333334,0.0,1.1855,1.124260267857143,17.933749999999918,68.08276666666686,710.1289833333333,710.1289833333333,710.1289833333333,0.0,0.0,1322.8804027777778,0.0
2025-10-21,0,125,20:50-21:00,705.27,0.0,0.95565,0.9255406249999999,13.016666666666765,110.59236249999998,725.6019495884774,725.6019495884774,725.6019495884774,7.315282921810598,0.0,1329.4641574074074,0.0
2025-10-21,0,126,21:00-21:10,736.32235,0.0,0.9424499999999999,0.9143781249999996,7.323599999999942,116.51774166666667,743.64595,743.64595,743.64595,0.0,0.0,1329.4641574074074,0.0
2025-10-21,0,127,21:10-21:20,739.58335,0.0,0.9680500000000001,0.9369066964285716,22.956549999999993,63.17880416666662,762.5399,762.5399,762.5399,0.0,0.0,1329.4641574074074,0.0
2025-10-21,0,128,21:20-21:30,735.9233333333333,0.0,0.968775,0.9408611607142859,20.644999999999982,68.70045416666659,756.5683333333333,756.5683333333333,756.5683333333333,0.0,0.0,1329.4641574074074,0.0
2025-10-21,0,129,21:30-21:40,769.1650833333333,0.0,1.01405,0.9831004464285711,24.516033333333326,80.17878333333321,732.0298999999999,732.0298999999999,732.0298999999999,0.0,61.651216666666755,1260.9628055555554,0.0
2025-10-21,0,130,21:40-21:50,692.2177833333333,0.0,0.801625,0.7710473214285715,35.69796666666673,54.866524999999896,719.3324666666667,719.3324666666667,719.3324666666667,0.0,8.583283333333315,1251.425824074074,0.0
2025-10-21,0,131,21:50-22:00,550.0766666666666,0.0,0.446075,0.41971651785714265,23.590000000000032,46.28324166666664,573.6666666666666,573.6666666666666,573.6666666666666,0.0,0.0,1251.425824074074,0.0
2025-10-21,0,132,22:00-22:10,548.9688833333332,0.0,0.40159999999999996,0.3734651785714285,13.15003333333334,40.68154999999993,1395.4522499999998,1395.4522499999998,1395.4522499999998,833.3333333333333,0.0,2001.425824074074,0.0
2025-10-21,0,133,22:10-22:20,582.1579666666667,0.0,0.44345,0.41653973214285706,7.439983333333373,30.951512499999865,589.5979500000001,589.5979500000001,589.5979500000001,0.0,0.0,2001.425824074074,0.0
2025-10-21,0,134,22:20-22:30,566.4449999999999,0.0,0.421075,0.3980343750000001,31.596666666666692,37.31823333333321,598.0416666666666,598.0416666666666,598.0416666666666,0.0,0.0,2001.425824074074,0.0
2025-10-21,0,135,22:30-22:40,530.9377833333333,0.0,0.41307499999999997,0.3862946428571429,26.84140000000002,56.00613750000002,1391.1125166666666,1391.1125166666666,1391.1125166666666,833.3333333333333,0.0,2751.4258240740737,0.0
2025-10-21,0,136,22:40-22:50,532.8768833333334,0.0,0.41500000000000004,0.38372455357142854,21.33103333333338,50.91815,1387.54125,1387.54125,1387.54125,833.3333333333333,0.0,3501.4258240740737,0.0
2025-10-21,0,137,22:50-23:00,557.9516666666666,0.0,0.41480000000000006,0.3849379464285714,22.2116666666667,59.80160416666669,1413.4966666666664,1413.4966666666664,1413.4966666666664,833.3333333333333,0.0,4251.425824074074,0.0
2025-10-21,0,138,23:00-23:10,545.3551333333332,0.0,0.41614999999999996,0.39319107142857146,18.402849999999944,51.059108333333455,1397.0913166666664,1397.0913166666664,1397.0913166666664,833.3333333333333,0.0,5001.425824074074,0.0
2025-10-21,0,139,23:10-23:20,554.33885,0.0,0.420925,0.40069999999999995,15.176849999999945,67.14490833333338,569.5156999999999,569.5156999999999,569.5156999999999,0.0,0.0,5001.425824074074,0.0
2025-10-21,0,140,23:20-23:30,590.7616666666667,0.0,0.42575,0.40355982142857144,32.738333333333344,52.59982500000008,623.5,623.5,623.5,0.0,0.0,5001.425824074074,0.0
2025-10-21,0,141,23:30-23:40,593.9033666666667,0.0,0.42485,0.4034950892857142,19.235716666666576,42.79615833333351,613.1390833333332,613.1390833333332,613.1390833333332,0.0,0.0,5001.425824074074,0.0
2025-10-21,0,142,23:40-23:50,573.9776833333333,0.0,0.42105000000000004,0.3980258928571429,23.258233333333237,39.07420416666665,873.4294454732512,873.4294454732512,873.4294454732512,276.19352880658477,0.0,5250.0,0.0
2025-10-21,0,143,23:50-24:00,564.7916666666666,0.0,0.422575,0.39699508928571425,28.281666666666695,28.126666666666637,1426.4066666666665,1426.4066666666665,1426.4066666666665,833.3333333333333,0.0,6000.0,0.0
2025-10-22,0,0,0:00-0:10,583.6175166666667,0.0,0.4339,0.41319598214285724,24.70133333333331,70.97468333333337,608.31885,608.31885,608.31885,0.0,0.0,6859.602273835978,0.0
2025-10-22,0,1,0:10-0:20,566.5784333333334,0.0,0.43285,0.41136785714285706,12.284083333333228,92.63497500000001,578.8625166666666,578.8625166666666,578.8625166666666,0.0,0.0,6859.602273835979,0.0
2025-10-22,0,2,0:20-0:30,536.9749999999999,0.0,0.418125,0.39202544642857146,12.35666666666674,80.10733333333296,1382.665,1382.665,1382.665,833.3333333333333,0.0,7609.602273835979,0.0
2025-10-22,0,3,0:30-0:40,579.3279666666666,0.0,0.41342500000000004,0.3912482142857144,14.377483333333316,59.56242083333329,1427.0387833333332,1427.0387833333332,1427.0387833333332,833.3333333333333,0.0,8359.602273835979,0.0
2025-10-22,0,4,0:40-0:50,598.3759333333333,0.0,0.42905,0.4080419642857143,18.661183333333383,70.85538749999996,617.0371166666666,617.0371166666666,617.0371166666666,0.0,0.0,8359.602273835979,0.0
2025-10-22,0,5,0:50-1:00,575.8666666666666,0.0,0.4454,0.4216986607142857,21.018333333333317,58.60187499999991,596.8849999999999,596.8849999999999,596.8849999999999,0.0,0.0,8359.602273835979,0.0
2025-10-22,0,6,1:00-1:10,586.9015666666667,0.0,0.430575,0.41082008928571423,20.407033333333402,56.13270833333324,607.3086000000001,607.3086000000001,607.3086000000001,0.0,0.0,8359.602273835979,0.0
2025-10-22,0,7,1:10-1:20,590.02735,0.0,0.40927500000000006,0.3923392857142858,22.527400000000057,39.13384583333335,1445.8880833333333,1445.8880833333333,1445.8880833333333,833.3333333333333,0.0,9109.602273835979,0.0
2025-10-22,0,8,1:20-1:30,571.8966666666666,0.0,0.40927499999999994,0.3913790178571426,16.271666666666704,43.0986916666665,1421.5016666666666,1421.5016666666666,1421.5016666666666,833.3333333333333,0.0,9859.602273835979,0.0
2025-10-22,0,9,1:30-1:40,569.7347,0.0,0.4336,0.4163196428571429,19.95258333333328,35.94746250000003,589.6872833333332,589.6872833333332,589.6872833333332,0.0,0.0,9859.602273835979,0.0
2025-10-22,0,10,1:40-1:50,587.81835,0.0,0.435325,0.4184866071428572,18.049350000000004,28.790708333333356,605.8677,605.8677,605.8677,0.0,0.0,9859.602273835979,0.0
2025-10-22,0,11,1:50-2:00,602.2766666666666,0.0,0.42735,0.4096959821428571,20.904999999999973,21.440929166666763,623.1816666666666,623.1816666666666,623.1816666666666,0.0,0.0,9859.602273835979,0.0
2025-10-22,0,12,2:00-2:10,587.8272666666667,0.0,0.464225,0.4461151785714285,25.5542333333334,22.930016666666717,613.3815000000001,613.3815000000001,613.3815000000001,0.0,0.0,9859.602273835979,0.0
2025-10-22,0,13,2:10-2:20,588.0784333333334,0.0,0.48374999999999996,0.4676102678571428,28.07563333333337,27.75496249999992,616.1540666666667,616.1540666666667,616.1540666666667,0.0,0.0,9859.602273835979,0.0
2025-10-22,0,14,2:20-2:30,606.48,0.0,0.46552499999999997,0.45229241071428566,15.541666666666629,45.19594166666661,622.0216666666666,622.0216666666666,622.0216666666666,0.0,0.0,9859.602273835979,0.0
2025-10-22,0,15,2:30-2:40,605.4878833333332,0.0,0.45235,0.4391357142857143,21.17425000000003,45.163244642856924,626.6621333333333,626.6621333333333,626.6621333333333,0.0,0.0,9859.602273835979,0.0
2025-10-22,0,16,2:40-2:50,612.0845166666666,0.0,0.452175,0.43734330357142853,14.340366666666682,53.35361250000004,626.4248833333332,626.4248833333332,626.4248833333332,0.0,0.0,9859.602273835979,0.0
2025-10-22,0,17,2:50-3:00,627.4933333333333,0.0,0.46210000000000007,0.4471285714285716,10.789999999999964,56.199658333333275,638.2833333333333,638.2833333333333,638.2833333333333,0.0,0.0,9859.602273835979,0.0
2025-10-22,0,18,3:00-3:10,620.4603333333333,0.0,0.471575,0.45919910714285717,21.309066666666695,44.75538630952357,641.7694,641.7694,641.7694,0.0,0.0,9859.602273835979,0.0
2025-10-22,0,19,3:10-3:20,600.1007666666667,0.0,0.4467,0.43180044642857135,15.503549999999905,26.724114880952385,615.6043166666666,615.6043166666666,615.6043166666666,0.0,0.0,9859.602273835979,0.0
2025-10-22,0,20,3:20-3:30,590.3066666666666,0.0,0.41735,0.3981321428571429,14.88333333333344,34.09901249999983,816.7430290711346,816.7430290711346,816.7430290711346,211.5530290711346,0.0,10050.0,0.0
2025-10-22,0,21,3:30-3:40,605.4901833333333,0.0,0.44662499999999994,0.4325366071428571,17.248833333333323,39.07833630952385,622.7390166666667,622.7390166666667,622.7390166666667,0.0,0.0,10050.0,0.0
2025-10-22,0,22,3:40-3:50,607.8146333333333,0.0,0.456275,0.44639196428571426,18.29146666666668,33.40894285714289,626.1061,626.1061,626.1061,0.0,0.0,10050.0,0.0
2025-10-22,0,23,3:50-4:00,604.105,0.0,0.430025,0.4186227678571428,21.37166666666667,16.25333333333333,625.4766666666667,625.4766666666667,625.4766666666667,0.0,0.0,10050.0,0.0
2025-10-22,0,24,4:00-4:10,632.0631166666667,0.0,0.429425,0.41692857142857126,18.334550000000036,39.70071845238114,650.3976666666667,650.3976666666667,650.3976666666667,0.0,0.0,10050.0,0.0
2025-10-22,0,25,4:10-4:20,626.3373333333333,0.0,0.437125,0.4292522321428572,21.612723809523686,42.447343452381105,647.950057142857,647.950057142857,647.950057142857,0.0,0.0,10050.0,0.0
2025-10-22,0,26,4:20-4:30,597.9983333333332,0.0,0.447375,0.44545848214285716,16.230000000000018,53.180143452380804,614.2283333333332,614.2283333333332,614.2283333333332,0.0,0.0,10050.0,0.0
2025-10-22,0,27,4:30-4:40,623.8076333333333,9.047619047619048e-05,0.47365,0.4695245535714287,26.747216666666645,64.96258154761935,650.5547595238095,650.5547595238095,650.5547595238095,0.0,0.0,10050.0,0.0
2025-10-22,0,28,4:40-4:50,635.5410333333333,0.00018333333333333334,0.4783,0.47087812500000015,29.26902142857142,65.1974761904764,664.8098714285713,664.8098714285713,664.8098714285713,0.0,0.0,10050.0,0.0
2025-10-22,0,29,4:50-5:00,607.9733333333334,0.0,0.45152499999999995,0.44377008928571415,17.81666666666672,85.07705178571459,625.7900000000001,625.7900000000001,625.7900000000001,0.0,0.0,10050.0,0.0
2025-10-22,0,30,5:00-5:10,588.9933833333333,0.0018190476190476188,0.42805,0.4203794642857144,20.197904761904624,104.3992166666671,609.1894690476189,609.1894690476189,609.1894690476189,0.0,0.0,10050.0,0.0
2025-10-22,0,31,5:10-5:20,596.0113666666666,0.002619047619047619,0.452075,0.4452084821428572,20.701635714285658,120.55453214285764,616.7103833333332,616.7103833333332,616.7103833333332,0.0,0.0,10050.0,0.0
2025-10-22,0,32,5:20-5:30,605.31,0.0,0.458975,0.45529107142857145,22.74333333333334,162.5114166666671,628.0533333333333,628.0533333333333,628.0533333333333,0.0,0.0,10050.0,0.0
2025-10-22,0,33,5:30-5:40,593.8761833333333,0.02534761904761905,0.38515,0.3873915178571427,19.267385714285638,233.91770595238148,1446.4515547619046,1446.4515547619046,1446.4515547619046,833.3333333333333,0.0,10800.0,0.0
2025-10-22,0,34,5:40-5:50,664.6565499999999,0.036461904761904765,0.589275,0.5934669642857143,24.642283333333353,292.5619833333337,689.2623714285713,689.2623714285713,689.2623714285713,-0.0,0.0,10800.0,0.0
2025-10-22,0,35,5:50-6:00,785.1266666666667,0.0,0.9593499999999999,0.9636683035714285,37.33547619047613,322.27207738095285,0.0,0.0,0.0,0.0,822.4621428571428,9886.153174603174,0.0
2025-10-22,0,36,6:00-6:10,808.0090833333334,0.35302857142857147,0.9948,1.0058995535714286,34.926385714285686,338.0512166666672,9.24910714285727,9.24910714285727,9.24910714285727,0.0,833.3333333333333,8960.227248677249,0.0
2025-10-22,0,37,6:10-6:20,793.77685,0.8112571428571429,0.938375,0.9545129464285713,36.24844047619047,348.025548214286,0.0,0.0,0.0,0.0,829.2140333333333,8038.878322751323,0.0
2025-10-22,0,38,6:20-6:30,799.4649999999999,12.372321428571428,0.94425,0.9607258928571432,39.036845238095225,376.1521351190477,0.0,0.0,0.0,0.0,826.1295238095237,7120.95662962963,0.0
2025-10-22,0,39,6:30-6:40,818.1866666666666,53.997078571428574,0.9178499999999999,0.9347388392857143,40.6665214285714,537.3687613095243,0.0,0.0,0.0,0.0,804.8561095238094,6226.672063492064,0.0
2025-10-22,0,40,6:40-6:50,817.9205499999999,107.60945238095236,0.8907,0.9051799107142858,40.411421428571316,635.6867773809524,750.7225190476189,750.7225190476189,750.7225190476189,0.0,0.0,6226.672063492064,0.0
2025-10-22,0,41,6:50-7:00,799.5749999999999,161.05803571428567,0.8837,0.896827232142857,55.06601190476192,640.7643202380953,693.5829761904762,693.5829761904762,693.5829761904762,0.0,0.0,6226.672063492064,0.0
2025-10-22,0,42,7:00-7:10,792.9234499999999,215.5627261904762,0.8729750000000001,0.8928919642857143,44.71558333333337,663.0147071428572,622.0763071428571,622.0763071428571,622.0763071428571,0.0,0.0,6226.672063492064,0.0
2025-10-22,0,43,7:10-7:20,789.0065333333333,270.3241785714286,0.8371500000000001,0.8577084821428572,59.905659523809504,668.7575113095239,578.5880142857143,578.5880142857143,578.5880142857143,0.0,0.0,6226.672063492064,0.0
2025-10-22,0,44,7:20-7:30,772.065,326.3285714285714,0.764325,0.7790232142857144,65.41297619047607,673.2033226190479,511.14940476190475,511.14940476190475,511.14940476190475,0.0,0.0,6226.672063492064,0.0
2025-10-22,0,45,7:30-7:40,764.4498166666667,386.6466833333334,0.70495,0.7206437499999997,60.74443333333329,670.6265815476191,1271.8808999999999,1271.8808999999999,1271.8808999999999,833.3333333333333,0.0,6976.672063492064,0.0
2025-10-22,0,46,7:40-7:50,915.4591166666667,452.4985619047619,0.9057999999999999,0.9204968750000001,58.086980952381055,627.7654226190476,154.01464852380786,154.01464852380786,154.01464852380786,0.0,367.03288719047794,6568.857744391533,0.0
2025-10-22,0,47,7:50-8:00,1127.0749999999998,515.1366071428571,1.2203,1.230687499999999,62.31124999999986,589.5297357142858,0.0,0.0,0.0,0.0,674.2496428571425,5819.691474550264,0.0
2025-10-22,0,48,8:00-8:10,1131.3652666666667,564.1682880952382,1.22475,1.2359991071428575,47.567523809523834,630.8212494047618,0.0,0.0,0.0,0.0,614.7645023809524,5136.619805238094,0.0
2025-10-22,0,49,8:10-8:20,1088.8447666666666,619.4743547619048,1.14485,1.1572499999999997,65.67844285714284,604.578854761905,0.0,0.0,0.0,0.0,535.0488547619045,4542.121077724867,0.0
2025-10-22,0,50,8:20-8:30,1089.08,684.50625,1.1241750000000001,1.1365044642857145,72.23077380952361,561.6253535714288,0.0,0.0,0.0,0.0,476.80452380952363,4012.3382734920633,0.0
2025-10-22,0,51,8:30-8:40,1068.1970833333332,742.9596785714285,1.084475,1.0987299107142858,85.90043571428566,548.2199654761905,0.0,0.0,0.0,0.0,411.13784047619026,3555.5184507407407,0.0
2025-10-22,0,52,8:40-8:50,1069.7328,795.934861904762,1.0559500000000002,1.0691375,76.81365714285721,580.453985119048,0.0,0.0,0.0,0.0,350.6115952380952,3165.9500115873016,0.0
2025-10-22,0,53,8:50-9:00,1090.2433333333333,849.6107142857143,1.0442,1.0531370535714284,96.67386904761912,521.5120791666673,0.0,0.0,0.0,0.0,337.30648809523814,2791.165024814815,0.0
2025-10-22,0,54,9:00-9:10,1077.5316833333331,906.3544833333333,1.014175,1.0211834821428574,90.56386428571426,480.5688285714285,0.0,0.0,0.0,0.0,261.7410642857142,2500.34162005291,0.0
2025-10-22,0,55,9:10-9:20,1083.93285,952.3525476190478,0.983725,0.9915928571428569,86.3660023809523,495.0072946428568,0.0,0.0,0.0,0.0,217.94630476190446,2258.1790592063494,0.0
2025-10-22,0,56,9:20-9:30,1103.445,990.5964285714285,0.9518,0.9634946428571425,86.59523809523833,577.3182994047613,0.0,0.0,0.0,0.0,199.4438095238097,2036.5748264021163,0.0
2025-10-22,0,57,9:30-9:40,1073.4091833333332,1038.2971119047618,0.9006749999999999,0.9148718749999999,98.74234047619044,576.0700988095239,133.85441190476195,133.85441190476195,133.85441190476195,0.0,0.0,2036.5748264021163,0.0
2025-10-22,0,58,9:40-9:50,1043.9497999999999,1086.541392857143,0.874775,0.8656477678571426,99.02414523809519,580.9792529761904,56.432552380952075,56.432552380952075,56.432552380952075,0.0,0.0,2036.5748264021163,0.0
2025-10-22,0,59,9:50-10:00,1053.3649999999998,1129.2071428571426,0.8894,0.8452754464285714,102.86107142857134,572.2671642857141,27.01892857142866,27.01892857142866,27.01892857142866,0.0,0.0,2036.5748264021163,0.0
2025-10-22,0,60,10:00-10:10,1087.0884166666665,1167.9194642857142,0.9094999999999999,0.8604848214285711,98.08222857142862,643.9978809523806,17.25118095238099,17.25118095238099,17.25118095238099,0.0,0.0,2036.5748264021163,0.0
2025-10-22,0,61,10:10-10:20,1086.2005166666665,1197.4717833333334,0.883175,0.8378196428571429,87.70036904761916,728.8743244047614,0.0,0.0,0.0,23.570897619047628,0.0,2057.788634259259,0.0
2025-10-22,0,62,10:20-10:30,1055.4683333333332,1219.5928571428572,0.84585,0.7971718749999999,85.28898809523784,772.009770833333,0.0,0.0,0.0,78.83553571428615,0.0,2128.7406164021168,0.0
2025-10-22,0,63,10:30-10:40,1053.7713833333332,1242.152988095238,0.8553,0.8057727678571428,101.52066190476216,792.759591666666,0.0,0.0,0.0,86.86094285714262,0.0,2206.915464973545,0.0
2025-10-22,0,64,10:40-10:50,1060.5516499999999,1262.8586904761905,0.7089000000000001,0.6793611607142862,94.96471666666656,806.5073077380948,0.0,0.0,0.0,107.34232380952403,0.0,2303.523556402117,0.0
2025-10-22,0,65,10:50-11:00,1066.6833333333334,1282.7526785714285,0.4698,0.4694227678571429,87.46577380952363,773.4047946428568,388.33025082304505,388.33025082304505,388.33025082304505,516.9338222516166,0.0,2768.7639964285718,0.0
2025-10-22,0,66,11:00-11:10,1081.7169999999999,1304.9205071428573,0.42735,0.4332580357142857,75.86445476190482,684.4809142857139,685.9942809523807,685.9942809523807,685.9942809523807,833.3333333333333,0.0,3518.7639964285718,0.0
2025-10-22,0,67,11:10-11:20,1064.4455166666667,1317.460861904762,0.45459999999999995,0.4578227678571428,92.75266428571439,755.7831708333325,673.0706523809524,673.0706523809524,673.0706523809524,833.3333333333333,0.0,4268.763996428572,0.0
2025-10-22,0,68,11:20-11:30,1028.1816666666666,1321.3803571428568,0.453525,0.4554232142857145,94.75488095238128,985.1647190476185,634.8895238095242,634.8895238095242,634.8895238095242,833.3333333333333,0.0,5018.763996428572,0.0
2025-10-22,0,69,11:30-11:40,1027.8081499999998,1331.1723666666667,0.45220000000000005,0.45077366071428576,98.63949761904746,1133.0051047619045,628.6086142857139,628.6086142857139,628.6086142857139,833.3333333333333,0.0,5768.763996428572,0.0
2025-10-22,0,70,11:40-11:50,1017.3829499999999,1348.2327047619049,0.437825,0.43441696428571414,111.53916666666663,1192.85085297619,614.022745238095,614.022745238095,614.022745238095,833.3333333333333,0.0,6518.763996428572,0.0
2025-10-22,0,71,11:50-12:00,996.5516666666667,1366.7794642857143,0.4183,0.4153075892857142,96.19238095238097,1226.6523666666662,559.2979166666667,559.2979166666667,559.2979166666667,833.3333333333333,0.0,7268.763996428572,0.0
2025-10-22,0,72,12:00-12:10,1012.70175,1377.4319023809521,0.421225,0.4186191964285716,89.50779523809541,1254.9805958333327,558.1109761904765,558.1109761904765,558.1109761904765,833.3333333333333,0.0,8018.763996428572,0.0
2025-10-22,0,73,12:10-12:20,1020.5446499999999,1371.6452499999998,0.4233,0.4210147321428571,86.4206714285715,1287.0125315476184,568.6534047619048,568.6534047619048,568.6534047619048,833.3333333333333,0.0,8768.763996428572,0.0
2025-10-22,0,74,12:20-12:30,1007.7483333333332,1349.1517857142858,0.39289999999999997,0.39036428571428566,102.83017857142835,1300.2085886904756,594.7600595238091,594.7600595238091,594.7600595238091,833.3333333333333,0.0,9518.763996428572,0.0
2025-10-22,0,75,12:30-12:40,1008.7658166666666,1318.2957452380952,0.35805,0.35406875000000015,113.78910952380966,1277.7503892857135,637.5925142857143,637.5925142857143,637.5925142857143,833.3333333333333,0.0,10268.763996428572,0.0
2025-10-22,0,76,12:40-12:50,1018.1632,1289.3407452380952,0.54885,0.5454102678571426,107.41617380952391,1232.6897732142852,0.0,0.0,0.0,163.76137142857124,0.0,10416.149230714285,0.0
2025-10-22,0,77,12:50-13:00,1034.0066666666667,1263.3919642857143,0.83805,0.8350441964285714,97.81327380952382,1168.6910249999996,0.0,0.0,0.0,131.5720238095239,0.0,10534.564052142858,0.0
2025-10-22,0,78,13:00-13:10,1061.2348,1234.8270785714285,0.847175,0.839414732142857,76.2450023809526,1142.4187482142852,0.0,0.0,0.0,97.3472761904759,0.0,10622.176600714285,0.0
2025-10-22,0,79,13:10-13:20,1076.3970833333333,1208.8061785714285,0.812,0.8020629464285717,69.93004047619056,1021.5501761904758,0.0,0.0,0.0,62.47905476190476,0.0,10678.407749999998,0.0
2025-10-22,0,80,13:20-13:30,1060.395,1181.7419642857144,0.847425,0.8415897321428567,71.58184523809504,842.9452416666666,0.0,0.0,0.0,49.765119047619464,0.0,10723.196357142857,0.0
2025-10-22,0,81,13:30-13:40,1018.2790833333333,1145.2026547619046,0.83565,0.8328620535714284,79.87675952380945,768.1575184523805,0.0,0.0,0.0,47.04681190476185,0.0,10765.538487857142,0.0
2025-10-22,0,82,13:40-13:50,1003.0486166666666,1116.0852499999999,0.8383499999999999,0.8167736607142857,74.7460642857144,752.4767928571418,0.0,0.0,0.0,38.290569047618874,0.0,10800.0,0.0
2025-10-22,0,83,13:50-14:00,1028.8183333333332,1083.9616071428572,0.8836999999999999,0.8336799107142857,83.001488095238,729.808796428571,0.0,0.0,0.0,0.0,27.858214285713984,10769.04642857143,0.0
2025-10-22,0,84,14:00-14:10,1055.3371166666666,1021.8762428571428,0.92075,0.8676669642857144,69.1698833333334,708.5765494047613,0.0,0.0,0.0,0.0,102.6307571428573,10655.012253968254,0.0
2025-10-22,0,85,14:10-14:20,1031.7858666666666,969.785811904762,0.912075,0.8636254464285715,71.59513333333337,670.2033857142851,0.0,0.0,0.0,0.0,133.59518809523786,10506.573156084656,0.0
2025-10-22,0,86,14:20-14:30,994.4133333333332,936.6151785714284,0.9113,0.8596178571428571,77.70190476190464,654.9761690476184,0.0,0.0,0.0,0.0,135.50005952380945,10356.017534391534,0.0
2025-10-22,0,87,14:30-14:40,1027.847,891.8243452380952,0.97865,0.9218522321428574,75.02087619047657,653.0448148809519,0.0,0.0,0.0,0.0,211.0435309523814,10121.524722222222,0.0
2025-10-22,0,88,14:40-14:50,1056.7107833333332,839.3332190476191,0.8729250000000001,0.8364816964285714,65.20547142857163,598.9555029761904,0.0,0.0,0.0,0.0,282.58303571428576,9807.543571428572,0.0
2025-10-22,0,89,14:50-15:00,1034.9516666666666,787.5401785714286,0.656425,0.6537250000000002,79.80940476190474,485.71780178571424,1160.5542261904761,1160.5542261904761,1160.5542261904761,833.3333333333333,0.0,10557.543571428572,0.0
2025-10-22,0,90,15:00-15:10,994.0894166666667,740.5531047619047,0.6534249999999999,0.656065625,68.95152857142836,374.87863511904754,591.883872222221,591.883872222221,591.883872222221,269.3960317460308,0.0,10800.0,0.0
2025-10-22,0,91,15:10-15:20,991.6879,703.3797095238094,0.7237,0.7203714285714286,57.20933809523814,295.178307738094,345.5175285714288,345.5175285714288,345.5175285714288,-0.0,0.0,10800.0,0.0
2025-10-22,0,92,15:20-15:30,1022.0566666666666,667.6598214285714,0.7529250000000001,0.7495026785714286,68.13017857142859,311.05016845238,422.5270238095238,422.5270238095238,422.5270238095238,0.0,0.0,10800.0,0.0
2025-10-22,0,93,15:30-15:40,1026.5839666666666,617.8370428571428,0.7711250000000001,0.772967410714286,52.28770238095251,255.1312886904762,461.03462619047616,461.03462619047616,461.03462619047616,0.0,0.0,10800.0,0.0
2025-10-22,0,94,15:40-15:50,1010.7644166666666,563.5305833333332,0.7998500000000001,0.8020339285714287,59.25000952380975,164.70255238095217,506.48384285714315,506.48384285714315,506.48384285714315,0.0,0.0,10800.0,0.0
2025-10-22,0,95,15:50-16:00,992.7966666666666,506.7892857142857,0.8311,0.8289995535714285,53.44386904761916,182.62689047619094,539.45125,539.45125,539.45125,0.0,0.0,10800.0,0.0
2025-10-22,0,96,16:00-16:10,987.1579166666667,441.00056666666666,0.8448749999999999,0.8433044642857145,63.016883333333226,217.18893630952414,609.1742333333332,609.1742333333332,609.1742333333332,0.0,0.0,10800.0,0.0
2025-10-22,0,97,16:10-16:20,1007.9731166666667,380.2177190476191,0.872725,0.8713348214285712,56.41379285714288,181.15748511904792,684.1691904761906,684.1691904761906,684.1691904761906,0.0,0.0,10800.0,0.0
2025-10-22,0,98,16:20-16:30,1028.6066666666666,326.8633928571428,0.91315,0.9101995535714286,55.830892857142885,160.84602440476266,757.5741666666665,757.5741666666665,757.5741666666665,0.0,-0.0,10800.0,0.0
2025-10-22,0,99,16:30-16:40,1005.1652166666665,269.99752619047615,0.93335,0.9314066964285714,50.21543333333341,205.5483416666672,785.3831238095239,785.3831238095239,785.3831238095239,0.0,-0.0,10800.0,0.0
2025-10-22,0,100,16:40-16:50,985.7298000000001,212.85849999999996,0.959325,0.9580120535714285,43.381376190475976,183.29930654761912,816.2526761904761,816.2526761904761,816.2526761904761,0.0,-0.0,10800.0,0.0
2025-10-22,0,101,16:50-17:00,999.4166666666666,158.43124999999998,1.0005,0.9989513392857142,41.00654761904764,172.4963011904761,881.9919642857143,881.9919642857143,881.9919642857143,0.0,0.0,10800.0,0.0
2025-10-22,0,102,17:00-17:10,1024.605,105.54166190476191,1.0383499999999999,1.0378964285714287,34.67230714285705,141.8840244047618,953.7356452380952,953.7356452380952,953.7356452380952,0.0,0.0,10800.0,0.0
2025-10-22,0,103,17:10-17:20,1010.8999833333334,52.89127142857143,1.0682749999999999,1.0660013392857142,28.361276190476133,85.69719642857157,986.3699880952381,986.3699880952381,986.3699880952381,0.0,0.0,10800.0,0.0
2025-10-22,0,104,17:20-17:30,1004.7066666666666,12.259821428571424,1.08965,1.0834232142857145,25.61744047619044,73.16850357142883,1018.0642857142856,1018.0642857142856,1018.0642857142856,0.0,0.0,10800.0,0.0
2025-10-22,0,105,17:30-17:40,1070.0909499999998,0.9462428571428572,1.11095,1.1033200892857145,28.650523809523747,69.7223071428571,1097.7952309523807,1097.7952309523807,1097.7952309523807,0.0,0.0,10800.0,0.0
2025-10-22,0,106,17:40-17:50,945.78765,0.3704095238095238,1.1748750000000001,1.1622468749999997,23.894866666666644,57.782138095238,969.3121071428571,969.3121071428571,969.3121071428571,0.0,0.0,10800.0,0.0
2025-10-22,0,107,17:50-18:00,700.625,0.0,1.2582,1.2400955357142858,29.85833333333335,50.643369047619075,0.0,0.0,0.0,0.0,730.4833333333333,9988.351851851852,0.0
2025-10-22,0,108,18:00-18:10,682.6938833333334,0.04432380952380952,1.28895,1.273460267857143,10.572571428571337,52.81471428571436,0.0,0.0,0.0,0.0,693.2221309523809,9218.10503968254,0.0
2025-10-22,0,109,18:10-18:20,715.9271,0.026592857142857147,1.2945,1.273,23.938376190476333,50.21858035714281,0.0,0.0,0.0,0.0,739.8388833333335,8396.061835978835,0.0
2025-10-22,0,110,18:20-18:30,694.5016666666667,0.0,1.287125,1.254936160714286,33.32666666666671,66.22750654761894,0.0,0.0,0.0,0.0,727.8283333333334,7587.363687830687,0.0
2025-10-22,0,111,18:30-18:40,697.4230333333333,0.003183333333333333,1.2556250000000002,1.2260906250000005,19.800216666666756,37.498013095238065,0.0,0.0,0.0,0.0,717.2200666666666,6790.452502645502,0.0
2025-10-22,0,112,18:40-18:50,719.5916166666666,0.0019071428571428573,1.2554,1.2100607142857147,16.09758333333332,60.41074642857153,735.6872928571428,735.6872928571428,735.6872928571428,0.0,0.0,6790.452502645502,0.0
2025-10-22,0,113,18:50-19:00,729.2216666666666,0.0,1.28955,1.2155169642857142,24.954999999999927,51.00993928571427,0.0,0.0,0.0,0.0,754.1766666666665,5952.478428571429,0.0
2025-10-22,0,114,19:00-19:10,708.7979499999999,0.0002285714285714286,1.303425,1.2278098214285715,23.65402619047626,45.69304761904759,0.0,0.0,0.0,0.0,732.4517476190476,5138.643153439153,0.0
2025-10-22,0,115,19:10-19:20,708.6709999999999,0.00013095238095238093,1.2903,1.21846875,21.326583333333247,44.08296071428566,0.0,0.0,0.0,0.0,729.9974523809523,4327.534873015873,0.0
2025-10-22,0,116,19:20-19:30,732.29,0.0,1.2741250000000002,1.1998397321428569,17.02166666666676,52.96090773809523,749.3116666666667,749.3116666666667,749.3116666666667,0.0,0.0,4327.534873015873,0.0
2025-10-22,0,117,19:30-19:40,733.5360499999999,0.0,1.28285,1.2101004464285712,9.856428571428523,62.22510654761916,743.3924785714285,743.3924785714285,743.3924785714285,0.0,0.0,4327.534873015873,0.0
2025-10-22,0,118,19:40-19:50,723.1904,0.0,1.2897750000000001,1.216187053571429,15.156900000000007,49.73349880952375,0.0,0.0,0.0,0.0,738.3472999999999,3507.148984126984,0.0
2025-10-22,0,119,19:50-20:00,716.7749999999999,0.0,1.283025,1.2059852678571428,28.12333333333345,40.81339583333332,744.8983333333333,744.8983333333333,744.8983333333333,0.0,0.0,3507.148984126984,0.0
2025-10-22,0,120,20:00-20:10,717.5910833333334,0.0,1.2781000000000002,1.202623214285715,21.69563333333332,63.13270833333354,739.2867166666667,739.2867166666667,739.2867166666667,0.0,0.0,3507.148984126984,0.0
2025-10-22,0,121,20:10-20:20,720.7440666666666,0.0,1.28375,1.2114745535714289,14.955499999999915,64.2401500000002,229.75202678571424,229.75202678571424,229.75202678571424,0.0,505.9475398809523,2944.985050925926,0.0
2025-10-22,0,122,20:20-20:30,718.0566666666666,0.0,1.305525,1.2316044642857147,16.246666666666556,64.93796666666682,0.0,0.0,0.0,0.0,734.3033333333332,2129.0924583333335,0.0
2025-10-22,0,123,20:30-20:40,706.5197333333333,0.0,1.3153249999999999,1.235613839285714,17.53291666666655,74.5963208333336,0.0,0.0,0.0,0.0,724.0526499999999,1324.589513888889,0.0
2025-10-22,0,124,20:40-20:50,708.2459,0.0,1.1668,1.1056575892857146,19.999766666666574,66.45248333333365,728.2456666666666,728.2456666666666,728.2456666666666,0.0,0.0,1324.589513888889,0.0
2025-10-22,0,125,20:50-21:00,730.3983333333333,0.0,0.9496249999999999,0.9198611607142855,13.86833333333334,112.13056250000011,751.8021141975306,751.8021141975306,751.8021141975306,7.535447530863924,0.0,1331.3714166666666,0.0
2025-10-22,0,126,21:00-21:10,754.9755166666666,0.0,0.9196000000000001,0.8920906250000001,7.323599999999942,118.23427500000003,762.2991166666666,762.2991166666666,762.2991166666666,0.0,0.0,1331.3714166666666,0.0
2025-10-22,0,127,21:10-21:20,750.7383166666666,0.0,0.9454,0.9142553571428572,21.240016666666634,65.30136249999988,771.9783333333332,771.9783333333332,771.9783333333332,0.0,0.0,1331.3714166666666,0.0
2025-10-22,0,128,21:20-21:30,738.935,0.0,0.9638249999999999,0.9349357142857144,20.644999999999982,69.37378749999993,759.5799999999999,759.5799999999999,759.5799999999999,0.0,0.0,1331.3714166666666,0.0
2025-10-22,0,129,21:30-21:40,754.2525499999999,0.0,0.99875,0.96684375,24.516033333333326,80.84597083333324,718.0941666666666,718.0941666666666,718.0941666666666,0.0,60.67441666666666,1263.955398148148,0.0
2025-10-22,0,130,21:40-21:50,672.17845,0.0,0.7705250000000001,0.7397388392857142,35.69796666666673,57.55985833333328,699.8725083333334,699.8725083333334,699.8725083333334,0.0,8.003908333333356,1255.0621666666666,0.0
2025-10-22,0,131,21:50-22:00,539.3299999999999,0.0,0.418175,0.3921093750000001,20.896666666666647,49.555950000000024,1393.56,1393.56,1393.56,833.3333333333333,0.0,2005.0621666666666,0.0
2025-10-22,0,132,22:00-22:10,539.9348,0.0,0.396775,0.3684848214285715,10.832533333333345,42.999049999999926,1384.1006666666667,1384.1006666666667,1384.1006666666667,833.3333333333333,0.0,2755.0621666666666,0.0
2025-10-22,0,133,22:10-22:20,567.2385999999999,0.0,0.4529,0.42581249999999987,7.439983333333373,30.951512499999865,574.6785833333333,574.6785833333333,574.6785833333333,0.0,0.0,2755.0621666666666,0.0
2025-10-22,0,134,22:20-22:30,547.2133333333334,0.0,0.41812499999999997,0.3955111607142857,31.596666666666692,37.01174583333332,850.9631481481483,850.9631481481483,850.9631481481483,272.1531481481482,0.0,3000.0,0.0
2025-10-22,0,135,22:30-22:40,515.4443333333334,0.0,0.37985,0.35362767857142857,26.84140000000002,54.0377666666667,1375.6190666666666,1375.6190666666666,1375.6190666666666,833.3333333333333,0.0,3750.0,0.0
2025-10-22,0,136,22:40-22:50,512.77495,0.0,0.37637499999999996,0.3458236607142857,29.204516666666677,42.09073750000002,1375.3128,1375.3128,1375.3128,833.3333333333333,0.0,4500.0,0.0
2025-10-22,0,137,22:50-23:00,534.4316666666666,0.0,0.40099999999999997,0.37172455357142853,22.2116666666667,57.95268749999994,1389.9766666666665,1389.9766666666665,1389.9766666666665,833.3333333333333,0.0,5250.0,0.0
2025-10-22,0,138,23:00-23:10,544.0393333333333,0.0,0.42195000000000005,0.3983620535714284,18.581366666666668,47.243391666666724,562.6206999999999,562.6206999999999,562.6206999999999,0.0,0.0,5250.0,0.0
2025-10-22,0,139,23:10-23:20,559.8644333333333,0.0,0.4272,0.40649508928571415,18.814049999999952,64.91770833333334,578.6784833333332,578.6784833333332,578.6784833333332,0.0,0.0,5250.0,0.0
2025-10-22,0,140,23:20-23:30,570.2366666666667,0.0,0.41984999999999995,0.3984745535714285,31.328333333333376,54.00982500000005,601.565,601.565,601.565,0.0,0.0,5250.0,0.0
2025-10-22,0,141,23:30-23:40,543.8001833333333,0.0,0.41457499999999997,0.3936790178571427,19.235716666666576,42.79615833333351,1396.369233333333,1396.369233333333,1396.369233333333,833.3333333333333,0.0,6000.0,0.0
2025-10-22,0,142,23:40-23:50,543.1378666666667,0.0,0.431925,0.40816607142857136,23.258233333333237,39.07420416666665,566.3960999999999,566.3960999999999,566.3960999999999,0.0,0.0,6000.0,0.0
2025-10-22,0,143,23:50-24:00,570.2066666666666,0.0,0.44894999999999996,0.42223258928571417,28.281666666666695,28.126666666666637,598.4883333333332,598.4883333333332,598.4883333333332,0.0,0.0,6000.0,0.0
2025-10-23,0,0,0:00-0:10,566.1422333333333,0.0,0.42147500000000004,0.4008709821428574,24.70133333333331,70.39085416666671,1303.2838692680784,1303.2838692680784,1303.2838692680784,712.4403026014119,0.0,7050.0,0.0
2025-10-23,0,1,0:10-0:20,565.1079166666666,0.0,0.39804999999999996,0.37780625,12.284083333333228,92.23845416666671,1410.725333333333,1410.725333333333,1410.725333333333,833.3333333333333,0.0,7800.0,0.0
2025-10-23,0,2,0:20-0:30,578.41,0.0,0.411575,0.38635625000000007,12.35666666666674,76.59851249999973,1424.1,1424.1,1424.1,833.3333333333333,0.0,8550.0,0.0
2025-10-23,0,3,0:30-0:40,580.6006833333333,0.0,0.4456,0.42275803571428566,14.377483333333316,59.56242083333329,594.9781666666667,594.9781666666667,594.9781666666667,0.0,0.0,8550.0,0.0
2025-10-23,0,4,0:40-0:50,586.3764,0.0,0.44705000000000006,0.4256839285714288,18.661183333333383,70.45886666666667,605.0375833333334,605.0375833333334,605.0375833333334,0.0,0.0,8550.0,0.0
2025-10-23,0,5,0:50-1:00,597.92,0.0,0.429975,0.40754776785714286,21.018333333333317,58.66704166666662,618.9383333333333,618.9383333333333,618.9383333333333,0.0,0.0,8550.0,0.0
2025-10-23,0,6,1:00-1:10,600.0224499999999,0.0,0.45225,0.43333928571428576,20.407033333333402,56.197874999999954,620.4294833333333,620.4294833333333,620.4294833333333,0.0,0.0,8550.0,0.0
2025-10-23,0,7,1:10-1:20,599.6518666666666,0.0,0.448175,0.4315410714285713,21.91181666666671,36.53933750000013,621.5636833333333,621.5636833333333,621.5636833333333,0.0,0.0,8550.0,0.0
2025-10-23,0,8,1:20-1:30,597.7033333333333,0.0,0.417325,0.40036919642857144,18.473333333333244,44.25939999999994,1449.5099999999998,1449.5099999999998,1449.5099999999998,833.3333333333333,0.0,9300.0,0.0
2025-10-23,0,9,1:30-1:40,588.6660166666666,0.0,0.42574999999999996,0.410428125,21.297149999999988,46.06439999999992,609.9631666666666,609.9631666666666,609.9631666666666,0.0,0.0,9300.0,0.0
2025-10-23,0,10,1:40-1:50,587.8557999999999,0.0,0.42035,0.4058245535714286,19.26843333333335,27.57162500000001,607.1242333333332,607.1242333333332,607.1242333333332,0.0,0.0,9300.0,0.0
2025-10-23,0,11,1:50-2:00,592.4283333333333,0.0,0.40795000000000003,0.3917053571428572,20.904999999999973,21.388575000000117,1446.6666666666665,1446.6666666666665,1446.6666666666665,833.3333333333333,0.0,10050.0,0.0
2025-10-23,0,12,2:00-2:10,586.7966166666666,0.0,0.45099999999999996,0.4326142857142857,25.5542333333334,22.720600000000132,612.35085,612.35085,612.35085,0.0,0.0,10050.0,0.0
2025-10-23,0,13,2:10-2:20,596.6776666666666,0.0,0.47562499999999996,0.4593504464285714,28.285049999999956,27.545545833333335,624.9627166666666,624.9627166666666,624.9627166666666,0.0,0.0,10050.0,0.0
2025-10-23,0,14,2:20-2:30,619.3583333333333,0.0,0.454325,0.4421808035714286,15.541666666666629,45.19594166666661,634.9,634.9,634.9,0.0,0.0,10050.0,0.0
2025-10-23,0,15,2:30-2:40,621.7684833333333,0.0,0.43589999999999995,0.4229754464285715,21.17425000000003,45.725146428571364,642.9427333333333,642.9427333333333,642.9427333333333,0.0,0.0,10050.0,0.0
2025-10-23,0,16,2:40-2:50,605.8985166666666,0.0,0.4446,0.43004374999999984,14.340366666666682,54.2118446428572,620.2388833333333,620.2388833333333,620.2388833333333,0.0,0.0,10050.0,0.0
2025-10-23,0,17,2:50-3:00,592.7283333333332,0.0,0.463725,0.4498147321428572,10.789999999999964,55.71965833333337,603.5183333333332,603.5183333333332,603.5183333333332,0.0,0.0,10050.0,0.0
2025-10-23,0,18,3:00-3:10,599.7613166666666,0.0,0.4569500000000001,0.4444656249999999,21.309066666666695,45.47728809523798,621.0703833333333,621.0703833333333,621.0703833333333,0.0,0.0,10050.0,0.0
2025-10-23,0,19,3:10-3:20,593.65595,0.0,0.444125,0.42915625000000013,15.503549999999905,28.59423273809533,609.1594999999999,609.1594999999999,609.1594999999999,0.0,0.0,10050.0,0.0
2025-10-23,0,20,3:20-3:30,579.285,0.0,0.43635,0.4181334821428571,15.523333333333312,33.45901249999996,594.8083333333333,594.8083333333333,594.8083333333333,0.0,0.0,10050.0,0.0
2025-10-23,0,21,3:30-3:40,594.9989166666667,0.0,0.42595,0.41174508928571424,17.248833333333323,41.579030952380904,612.24775,612.24775,612.24775,0.0,0.0,10050.0,0.0
2025-10-23,0,22,3:40-3:50,610.1597666666667,0.0,0.42305,0.4136120535714286,18.29146666666668,34.50339047619046,628.4512333333333,628.4512333333333,628.4512333333333,0.0,0.0,10050.0,0.0
2025-10-23,0,23,3:50-4:00,604.395,0.0,0.428475,0.4195410714285715,21.37166666666667,16.69786726190482,625.7666666666667,625.7666666666667,625.7666666666667,0.0,0.0,10050.0,0.0
2025-10-23,0,24,4:00-4:10,591.1312166666667,0.0,0.43379999999999996,0.4228830357142857,16.732014285714286,44.11873869047629,607.863230952381,607.863230952381,607.863230952381,0.0,0.0,10050.0,0.0
2025-10-23,0,25,4:10-4:20,604.3044166666666,0.0,0.44762500000000005,0.4399169642857142,19.142330952380917,49.1264452380951,623.4467476190475,623.4467476190475,623.4467476190475,0.0,0.0,10050.0,0.0
2025-10-23,0,26,4:20-4:30,628.2116666666666,0.0,0.45682500000000004,0.4549575892857142,16.230000000000018,54.603248214285514,644.4416666666666,644.4416666666666,644.4416666666666,0.0,0.0,10050.0,0.0
2025-10-23,0,27,4:30-4:40,614.5219,0.00015714285714285713,0.43860000000000005,0.43500535714285726,26.747216666666645,70.20280892857124,641.2689595238095,641.2689595238095,641.2689595238095,0.0,0.0,10050.0,0.0
2025-10-23,0,28,4:40-4:50,600.8596833333334,5.9523809523809524e-05,0.4331,0.4258982142857141,29.26902142857142,70.49355297619024,630.1286452380953,630.1286452380953,630.1286452380953,0.0,0.0,10050.0,0.0
2025-10-23,0,29,4:50-5:00,615.9283333333333,0.0,0.44947499999999996,0.44132723214285685,17.81666666666672,90.31727916666647,633.745,633.745,633.745,0.0,0.0,10050.0,0.0
2025-10-23,0,30,5:00-5:10,647.0292166666666,0.0027523809523809523,0.460075,0.4525071428571429,19.659535714285653,108.75602142857136,666.6859999999998,666.6859999999998,666.6859999999998,0.0,0.0,10050.0,0.0
2025-10-23,0,31,5:10-5:20,642.53855,0.0009,0.476075,0.46810892857142855,19.992983333333314,127.02323571428579,662.5306333333333,662.5306333333333,662.5306333333333,0.0,0.0,10050.0,0.0
2025-10-23,0,32,5:20-5:30,601.6916666666666,0.0,0.459025,0.45231607142857166,22.74333333333334,168.0172535714285,624.435,624.435,624.435,0.0,0.0,10050.0,0.0
2025-10-23,0,33,5:30-5:40,587.6550833333333,0.03834285714285714,0.39860000000000007,0.3991272321428573,19.267385714285638,236.77327500000004,1440.2174595238093,1440.2174595238093,1440.2174595238093,833.3333333333333,0.0,10800.0,0.0
2025-10-23,0,34,5:40-5:50,672.4163166666666,0.012528571428571427,0.61385,0.6175308035714284,24.642283333333353,294.1805589285714,697.0460714285714,697.0460714285714,697.0460714285714,0.0,-0.0,10800.0,0.0
2025-10-23,0,35,5:50-6:00,795.1683333333333,0.0,0.9772749999999999,0.9811008928571427,37.33547619047613,327.96874583333346,0.0,0.0,0.0,0.0,832.5038095238094,9874.995767195767,0.0
2025-10-23,0,36,6:00-6:10,814.5196333333333,0.5340142857142858,1.011675,1.023464285714286,28.059514285714386,373.6515309523811,8.711800000000153,8.711800000000153,8.711800000000153,0.0,833.3333333333333,8949.069841269842,0.0
2025-10-23,0,37,6:10-6:20,800.5043499999999,0.3559285714285714,0.9475250000000001,0.966095982142857,36.24844047619047,435.71353571428597,3.0635285714286056,3.0635285714286056,3.0635285714286056,0.0,833.3333333333333,8023.143915343916,0.0
2025-10-23,0,38,6:20-6:30,795.8683333333333,9.107142857142858,0.94795,0.9671553571428568,39.036845238095225,531.4876529761907,0.0,0.0,0.0,0.0,825.7980357142857,7105.590542328043,0.0
2025-10-23,0,39,6:30-6:40,777.9428666666665,49.51499999999999,0.94195,0.9591553571428573,40.6665214285714,589.0251357142855,0.0,0.0,0.0,0.0,769.094388095238,6251.041222222223,0.0
2025-10-23,0,40,6:40-6:50,786.1080499999999,102.07816428571428,0.923375,0.9371205357142857,40.411421428571316,665.8775464285713,724.441307142857,724.441307142857,724.441307142857,0.0,0.0,6251.041222222223,0.0
2025-10-23,0,41,6:50-7:00,812.98,154.5848214285714,0.892575,0.9061669642857141,55.06601190476192,702.6250285714284,713.4611904761905,713.4611904761905,713.4611904761905,0.0,0.0,6251.041222222223,0.0
2025-10-23,0,42,7:00-7:10,810.1944,209.35840714285712,0.84895,0.8699526785714287,44.71558333333337,708.8971654761899,645.5515761904762,645.5515761904762,645.5515761904762,0.0,0.0,6251.041222222223,0.0
2025-10-23,0,43,7:10-7:20,814.8836166666666,264.42147857142857,0.8326,0.8546674107142858,63.07131904761911,685.1307214285712,613.5334571428572,613.5334571428572,613.5334571428572,0.0,0.0,6251.041222222223,0.0
2025-10-23,0,44,7:20-7:30,811.7583333333333,320.10267857142856,0.8016249999999999,0.8185821428571425,66.00440476190482,715.0558809523809,557.6600595238095,557.6600595238095,557.6600595238095,0.0,0.0,6251.041222222223,0.0
2025-10-23,0,45,7:30-7:40,772.7399833333334,379.91887619047617,0.717875,0.7364441964285715,60.74443333333329,705.5263273809525,1286.8988738095238,1286.8988738095238,1286.8988738095238,833.3333333333333,0.0,7001.041222222223,0.0
2025-10-23,0,46,7:40-7:50,901.4693666666667,445.4577333333333,0.904275,0.9209111607142857,58.086980952381055,682.3268672619048,514.0986142857145,514.0986142857145,514.0986142857145,0.0,0.0,7001.041222222223,0.0
2025-10-23,0,47,7:50-8:00,1117.17,507.11785714285713,1.2350750000000001,1.2458937499999998,58.77755952380937,672.4172851190476,0.0,0.0,0.0,0.0,668.8297023809524,6257.89710846561,0.0
2025-10-23,0,48,8:00-8:10,1118.5739333333331,553.4959833333334,1.23245,1.2444446428571432,47.567523809523834,669.2711095238094,0.0,0.0,0.0,0.0,612.6454738095237,5577.179915343917,0.0
2025-10-23,0,49,8:10-8:20,1085.5992666666666,607.4060190476189,1.15785,1.1708495535714287,65.67844285714284,653.145632738095,0.0,0.0,0.0,0.0,543.8716904761905,4972.878037037039,0.0
2025-10-23,0,50,8:20-8:30,1105.8616666666667,671.9848214285714,1.1629,1.175517857142857,68.46684523809529,645.8154184523806,0.0,0.0,0.0,0.0,502.34369047619043,4414.718380952383,0.0
2025-10-23,0,51,8:30-8:40,1087.7388333333333,728.061869047619,1.1319499999999998,1.148495982142857,85.9118928571429,621.3052249999998,0.0,0.0,0.0,0.0,445.58885714285725,3919.619650793653,0.0
2025-10-23,0,52,8:40-8:50,1084.4457166666666,780.2746904761905,1.0823,1.0982566964285712,76.81365714285721,566.8980250000002,0.0,0.0,0.0,0.0,380.98468333333335,3496.303335978838,0.0
2025-10-23,0,53,8:50-9:00,1103.8166666666666,831.4089285714286,1.0476999999999999,1.0581674107142858,96.67386904761912,519.1965720238095,0.0,0.0,0.0,0.0,369.081607142857,3086.212661375663,0.0
2025-10-23,0,54,9:00-9:10,1092.60705,877.3770595238095,1.03095,1.0401361607142856,95.3736523809522,465.5003071428571,0.0,0.0,0.0,0.0,310.60364285714263,2741.097502645505,0.0
2025-10-23,0,55,9:10-9:20,1087.0040166666665,919.1234904761905,0.993825,1.00429375,89.85923333333342,496.32465238095176,0.0,0.0,0.0,0.0,257.7397595238094,2454.7199920634944,0.0
2025-10-23,0,56,9:20-9:30,1098.17,960.3723214285712,0.9460500000000001,0.9601901785714285,86.59523809523833,529.9745369047614,0.0,0.0,0.0,0.0,224.39291666666713,2205.3945291005307,0.0
2025-10-23,0,57,9:30-9:40,1097.4808333333333,1005.4421261904761,0.93085,0.9485825892857143,103.69031428571436,532.5984494047618,38.67705592857058,38.67705592857058,38.67705592857058,0.0,157.05196550000093,2030.8923452116408,0.0
2025-10-23,0,58,9:40-9:50,1089.925,1055.1132738095237,0.897475,0.8919214285714286,104.32033571428558,542.4555773809523,139.13206190476194,139.13206190476194,139.13206190476194,0.0,0.0,2030.8923452116408,0.0
2025-10-23,0,59,9:50-10:00,1078.9083333333333,1105.0392857142856,0.86175,0.8201169642857142,122.43297619047615,539.0396791666664,96.30202380952392,96.30202380952392,96.30202380952392,0.0,0.0,2030.8923452116408,0.0
2025-10-23,0,60,10:00-10:10,1063.5253166666666,1147.387404761905,0.889575,0.8432799107142858,107.13225000000011,624.5341309523807,23.270161904761835,23.270161904761835,23.270161904761835,0.0,0.0,2030.8923452116408,0.0
2025-10-23,0,61,10:10-10:20,1065.9744666666666,1177.713257142857,0.890725,0.8488915178571427,90.83749047619062,718.460595833333,0.0,0.0,0.0,20.901299999999765,0.0,2049.7035152116405,0.0
2025-10-23,0,62,10:20-10:30,1075.2816666666665,1202.1848214285715,0.864325,0.8193575892857143,86.14952380952388,764.7331636904762,0.0,0.0,0.0,40.75363095238117,0.0,2086.3817830687835,0.0
2025-10-23,0,63,10:30-10:40,1062.2419499999999,1232.521311904762,0.870975,0.824329910714286,101.52066190476216,788.0363773809522,0.0,0.0,0.0,68.75869999999986,0.0,2148.2646130687835,0.0
2025-10-23,0,64,10:40-10:50,1077.2811833333333,1263.8694238095238,0.7161000000000001,0.6888102678571427,94.96471666666656,801.7840934523811,0.0,0.0,0.0,91.62352380952393,0.0,2230.725784497355,0.0
2025-10-23,0,65,10:50-11:00,1106.92,1289.34375,0.47739999999999994,0.4793683035714285,87.46577380952363,766.988723214286,449.94547595531685,449.94547595531685,449.94547595531685,544.9034521457932,0.0,2721.138891428569,0.0
2025-10-23,0,66,11:00-11:10,1085.8002,1305.2177023809525,0.44994999999999996,0.45833348214285713,75.86445476190482,678.064842857143,689.7802857142856,689.7802857142856,689.7802857142856,833.3333333333333,0.0,3471.138891428569,0.0
2025-10-23,0,67,11:10-11:20,1074.41545,1311.7724547619048,0.4579749999999999,0.4626812499999999,92.75266428571439,756.1385279761901,688.7289928571429,688.7289928571429,688.7289928571429,833.3333333333333,0.0,4221.138891428569,0.0
2025-10-23,0,68,11:20-11:30,1083.7133333333331,1315.8133928571428,0.42169999999999996,0.42422589285714285,93.42672619047616,985.520076190476,694.6599999999996,694.6599999999996,694.6599999999996,833.3333333333333,0.0,4971.138891428569,0.0
2025-10-23,0,69,11:30-11:40,1061.1043833333333,1326.5683261904762,0.43565,0.4363388392857144,98.63949761904746,1132.0323071428566,666.5088880952378,666.5088880952378,666.5088880952378,833.3333333333333,0.0,5721.138891428569,0.0
2025-10-23,0,70,11:40-11:50,1026.8798,1340.8862642857143,0.42702500000000004,0.42581383928571437,111.53916666666663,1191.8780553571423,630.8660357142855,630.8660357142855,630.8660357142855,833.3333333333333,0.0,6471.138891428569,0.0
2025-10-23,0,71,11:50-12:00,1004.2933333333333,1355.1437500000002,0.3926,0.3907138392857144,103.93660714285693,1225.6795690476183,586.4195238095233,586.4195238095233,586.4195238095233,833.3333333333333,0.0,7221.138891428569,0.0
2025-10-23,0,72,12:00-12:10,996.5333,1366.2893928571425,0.41064999999999996,0.41073749999999976,89.50779523809541,1261.752024404761,553.0850357142863,553.0850357142863,553.0850357142863,833.3333333333333,0.0,7971.138891428569,0.0
2025-10-23,0,73,12:10-12:20,991.5922,1363.2175666666665,0.4318,0.4328982142857143,86.4206714285715,1297.2665380952371,548.1286380952383,548.1286380952383,548.1286380952383,833.3333333333333,0.0,8721.138891428569,0.0
2025-10-23,0,74,12:20-12:30,983.7149999999999,1341.6571428571428,0.406875,0.40662366071428563,102.83017857142835,1312.9323380952374,578.2213690476187,578.2213690476187,578.2213690476187,833.3333333333333,0.0,9471.138891428569,0.0
2025-10-23,0,75,12:30-12:40,980.6020166666667,1309.2893904761904,0.36812500000000004,0.36623348214285717,113.78910952380966,1290.4741386904752,618.4350690476192,618.4350690476192,618.4350690476192,833.3333333333333,0.0,10221.138891428569,0.0
2025-10-23,0,76,12:40-12:50,1002.9237333333333,1285.1438619047617,0.525525,0.5236566964285713,107.41617380952391,1245.413522619047,0.0,0.0,0.0,174.8039547619046,0.0,10378.462450714283,0.0
2025-10-23,0,77,12:50-13:00,1043.635,1269.3464285714285,0.783975,0.7818808035714289,97.81327380952382,1175.462453571428,0.0,0.0,0.0,127.8981547619046,0.0,10493.570789999998,0.0
2025-10-23,0,78,13:00-13:10,1068.68905,1245.835552380952,0.8204750000000001,0.8144191964285715,76.2450023809526,1149.1901767857134,0.0,0.0,0.0,100.90149999999949,0.0,10584.382139999998,0.0
2025-10-23,0,79,13:10-13:20,1060.6493833333334,1219.8689285714286,0.7895749999999999,0.7812370535714283,69.93004047619056,1028.321604761904,0.0,0.0,0.0,89.28950476190471,0.0,10664.742694285713,0.0
2025-10-23,0,80,13:20-13:30,1034.2849999999999,1190.8142857142857,0.801125,0.7959071428571426,71.58184523809504,867.5736327380948,0.0,0.0,0.0,84.94744047619088,0.0,10741.195390714285,0.0
2025-10-23,0,81,13:30-13:40,1023.8664833333333,1152.5848285714287,0.81405,0.8123058035714287,79.87675952380945,792.7859095238088,0.0,0.0,0.0,48.841585714285884,0.0,10785.152817857143,0.0
2025-10-23,0,82,13:40-13:50,1030.45085,1121.6937833333334,0.85425,0.833471875,74.7460642857144,766.6575898809515,0.0,0.0,0.0,16.496869047619157,0.0,10800.0,0.0
2025-10-23,0,83,13:50-14:00,1038.2033333333334,1088.3,0.900025,0.8496705357142859,83.001488095238,760.3895083333325,32.904821428571495,32.904821428571495,32.904821428571495,0.0,-0.0,10800.0,0.0
2025-10-23,0,84,14:00-14:10,1032.3226833333333,1026.7793904761904,0.894575,0.8411607142857144,69.1698833333334,739.1572613095229,74.71317619047636,74.71317619047636,74.71317619047636,0.0,0.0,10800.0,0.0
2025-10-23,0,85,14:10-14:20,1033.6673833333332,974.8954095238097,0.90055,0.8518924107142851,71.59513333333337,700.7840976190465,0.0,0.0,0.0,0.0,130.36710714285698,10655.147658730159,0.0
2025-10-23,0,86,14:20-14:30,1035.4716666666666,941.0651785714286,0.9523,0.9001531250000002,70.93047619047631,685.55688095238,0.0,0.0,0.0,0.0,165.33696428571432,10471.43992063492,0.0
2025-10-23,0,87,14:30-14:40,1011.41135,896.7281476190476,0.9966249999999999,0.9394732142857143,75.02087619047657,676.854098214285,0.0,0.0,0.0,0.0,189.7040785714289,10260.657611111112,0.0
2025-10-23,0,88,14:40-14:50,1001.5621166666666,847.1094476190475,0.8789750000000001,0.8431419642857145,65.20547142857163,622.7647863095236,219.65814047619085,219.65814047619085,219.65814047619085,0.0,0.0,10260.657611111112,0.0
2025-10-23,0,89,14:50-15:00,1020.06,795.2589285714286,0.69075,0.6896620535714285,79.80940476190474,509.52708511904746,903.8797971781298,903.8797971781298,903.8797971781298,599.2693209876537,0.0,10800.0,0.0
2025-10-23,0,90,15:00-15:10,1041.130583333333,738.4937928571428,0.69285,0.6967374999999999,68.95152857142836,398.68791845238076,371.5883190476186,371.5883190476186,371.5883190476186,0.0,0.0,10800.0,0.0
2025-10-23,0,91,15:10-15:20,1051.0617166666666,694.4609690476191,0.749525,0.74671875,57.20933809523814,318.98759107142723,413.8100857142856,413.8100857142856,413.8100857142856,0.0,0.0,10800.0,0.0
2025-10-23,0,92,15:20-15:30,1038.17,658.0642857142857,0.768425,0.7650888392857141,68.13017857142859,334.8594517857132,448.23589285714297,448.23589285714297,448.23589285714297,0.0,0.0,10800.0,0.0
2025-10-23,0,93,15:30-15:40,1005.5251,605.5943785714285,0.7906249999999999,0.7921602678571428,52.28770238095251,278.9405720238094,452.218423809524,452.218423809524,452.218423809524,0.0,0.0,10800.0,0.0
2025-10-23,0,94,15:40-15:50,1016.9314166666666,549.8828428571428,0.80825,0.8099075892857142,59.25000952380975,188.51183571428538,526.2985833333335,526.2985833333335,526.2985833333335,0.0,0.0,10800.0,0.0
2025-10-23,0,95,15:50-16:00,1057.8333333333333,495.06517857142853,0.829825,0.8275562499999999,53.44386904761916,206.43617380952415,616.212023809524,616.212023809524,616.212023809524,0.0,0.0,10800.0,0.0
2025-10-23,0,96,16:00-16:10,1047.9656833333333,432.2804452380952,0.878475,0.8778200892857146,49.08657142857135,240.99821964285735,664.7718095238097,664.7718095238097,664.7718095238097,0.0,-0.0,10800.0,0.0
2025-10-23,0,97,16:10-16:20,1017.5029666666666,372.6683738095238,0.9165000000000001,0.9164651785714286,46.53482142857155,191.03645654761925,691.3694142857142,691.3694142857142,691.3694142857142,0.0,-0.0,10800.0,0.0
2025-10-23,0,98,16:20-16:30,1003.3866666666665,319.66517857142856,0.939425,0.9374294642857143,55.830892857142885,159.29306011904853,739.552380952381,739.552380952381,739.552380952381,0.0,-0.0,10800.0,0.0
2025-10-23,0,99,16:30-16:40,1014.184,265.63218333333333,0.9731,0.9720441964285713,50.21543333333341,203.99537738095307,798.7672500000001,798.7672500000001,798.7672500000001,0.0,-0.0,10800.0,0.0
2025-10-23,0,100,16:40-16:50,1032.3,210.2533095238095,0.97465,0.9748258928571432,43.381376190475976,183.29930654761912,865.4280666666664,865.4280666666664,865.4280666666664,0.0,0.0,10800.0,0.0
2025-10-23,0,101,16:50-17:00,1030.4383333333333,155.41428571428574,0.965875,0.9658758928571428,41.00654761904764,171.97864642857138,916.0305952380953,916.0305952380953,916.0305952380953,-0.0,0.0,10800.0,0.0
2025-10-23,0,102,17:00-17:10,996.7697833333333,102.34228571428572,1.016975,1.0162553571428574,34.67230714285705,141.36636964285708,929.0998047619046,929.0998047619046,929.0998047619046,0.0,0.0,10800.0,0.0
2025-10-23,0,103,17:10-17:20,991.9928333333334,49.367864285714276,1.0647,1.0617991071428567,28.361276190476133,89.06990416666684,970.9862452380952,970.9862452380952,970.9862452380952,0.0,0.0,10800.0,0.0
2025-10-23,0,104,17:20-17:30,1027.9699999999998,8.993749999999999,1.06995,1.063778125,25.61744047619044,72.65084880952412,1044.5936904761902,1044.5936904761902,1044.5936904761902,0.0,0.0,10800.0,0.0
2025-10-23,0,105,17:30-17:40,1035.4521833333333,0.49087857142857133,1.0691000000000002,1.0598696428571432,23.463373809523773,67.65168809523827,1058.4246785714286,1058.4246785714286,1058.4246785714286,0.0,0.0,10800.0,0.0
2025-10-23,0,106,17:40-17:50,898.5369833333332,0.5855738095238094,1.15835,1.1442334821428568,23.894866666666644,55.967695833333295,921.846276190476,921.846276190476,921.846276190476,0.0,0.0,10800.0,0.0
2025-10-23,0,107,17:50-18:00,712.71,0.0,1.280475,1.2634482142857144,28.759523809523785,49.91963750000022,0.0,0.0,0.0,0.0,741.4695238095238,9976.144973544973,0.0
2025-10-23,0,108,18:00-18:10,702.8346333333334,0.020404761904761905,1.2781,1.2647361607142857,14.402380952380895,51.9798589285716,0.0,0.0,0.0,0.0,717.2166095238096,9179.23762962963,0.0
2025-10-23,0,109,18:10-18:20,728.9432333333332,0.04204047619047619,1.2585250000000001,1.2376424107142854,28.465145238095147,45.691811309524,0.0,0.0,0.0,0.0,757.3663380952379,8337.719476190476,0.0
2025-10-23,0,110,18:20-18:30,714.8,0.0,1.2714999999999999,1.238407589285714,33.32666666666671,66.22750654761894,0.0,0.0,0.0,0.0,748.1266666666667,7506.467624338624,0.0
2025-10-23,0,111,18:30-18:40,722.3681833333333,0.0014666666666666667,1.2654750000000001,1.2367741071428573,19.800216666666756,39.11884642857137,0.0,0.0,0.0,0.0,742.1669333333333,6681.837698412698,0.0
2025-10-23,0,112,18:40-18:50,737.2203333333333,0.0030166666666666666,1.2824499999999999,1.2382040178571427,16.09758333333332,66.20116309523813,0.0,0.0,0.0,0.0,753.3149,5844.821142857142,0.0
2025-10-23,0,113,18:50-19:00,731.9316666666666,0.0,1.31555,1.2409232142857147,18.471666666666692,55.4145226190476,0.0,0.0,0.0,0.0,750.4033333333333,5011.03966137566,0.0
2025-10-23,0,114,19:00-19:10,702.9543,0.00010476190476190477,1.3070249999999999,1.2313486607142856,23.65402619047626,45.00013095238096,0.0,0.0,0.0,0.0,726.6082214285715,4203.697193121692,0.0
2025-10-23,0,115,19:10-19:20,707.5080666666665,0.0002095238095238095,1.289025,1.217486160714286,21.326583333333247,41.31129404761913,380.83550833333396,380.83550833333396,380.83550833333396,0.0,347.9989321428563,3817.031712962963,0.0
2025-10-23,0,116,19:20-19:30,740.0949999999999,0.0,1.27305,1.1982120535714282,19.793333333333294,50.1892410714287,759.8883333333332,759.8883333333332,759.8883333333332,0.0,0.0,3817.031712962963,0.0
2025-10-23,0,117,19:30-19:40,740.6305833333332,0.0,1.245875,1.1721303571428572,9.856428571428523,62.22510654761916,750.4870119047617,750.4870119047617,750.4870119047617,0.0,0.0,3817.031712962963,0.0
2025-10-23,0,118,19:40-19:50,739.9094833333334,0.0,1.2675,1.1927294642857145,15.156900000000007,49.73349880952375,755.0663833333333,755.0663833333333,755.0663833333333,0.0,0.0,3817.031712962963,0.0
2025-10-23,0,119,19:50-20:00,745.225,0.0,1.306025,1.2279620535714284,28.12333333333345,40.48340833333333,0.0,0.0,0.0,0.0,773.3483333333335,2957.755787037037,0.0
2025-10-23,0,120,20:00-20:10,728.2762833333333,0.0,1.2692750000000002,1.1935741071428576,21.69563333333332,63.13270833333354,749.9719166666666,749.9719166666666,749.9719166666666,0.0,0.0,2957.755787037037,0.0
2025-10-23,0,121,20:10-20:20,706.5027499999999,0.0,1.260275,1.1876343750000002,14.955499999999915,64.2401500000002,721.4582499999998,721.4582499999998,721.4582499999998,0.0,0.0,2957.755787037037,0.0
2025-10-23,0,122,20:20-20:30,705.0016666666667,0.0,1.317825,1.2430401785714287,16.246666666666556,64.4243333333335,0.0,0.0,0.0,0.0,721.2483333333332,2156.36875,0.0
2025-10-23,0,123,20:30-20:40,730.8847499999999,0.0,1.347325,1.268013839285714,17.53291666666655,73.09272500000031,0.0,0.0,0.0,0.0,748.4176666666665,1324.793564814815,0.0
2025-10-23,0,124,20:40-20:50,738.9116166666665,0.0,1.1899,1.1300004464285716,22.0542999999999,64.39795000000032,760.9659166666664,760.9659166666664,760.9659166666664,0.0,0.0,1324.793564814815,0.0
2025-10-23,0,125,20:50-21:00,725.6783333333333,0.0,0.9659,0.9370040178571429,13.86833333333334,112.31420833333345,746.8553909465018,746.8553909465018,746.8553909465018,7.308724279835133,0.0,1331.3714166666666,0.0
2025-10-23,0,126,21:00-21:10,727.9037666666666,0.0,0.96265,0.9357950892857142,7.323599999999942,118.23427500000003,735.2273666666665,735.2273666666665,735.2273666666665,0.0,0.0,1331.3714166666666,0.0
2025-10-23,0,127,21:10-21:20,725.4205833333333,0.0,0.9726750000000001,0.9422258928571426,21.240016666666634,65.85229999999991,746.6605999999999,746.6605999999999,746.6605999999999,0.0,0.0,1331.3714166666666,0.0
2025-10-23,0,128,21:20-21:30,731.725,0.0,0.9458,0.9174026785714285,20.644999999999982,69.55743333333328,752.37,752.37,752.37,0.0,0.0,1331.3714166666666,0.0
2025-10-23,0,129,21:30-21:40,767.3038166666666,0.0,0.99485,0.9627450892857145,24.516033333333326,81.58055416666662,731.8800166666666,731.8800166666666,731.8800166666666,0.0,59.939833333333375,1264.7716018518518,0.0
2025-10-23,0,130,21:40-21:50,695.33365,0.0,0.7742749999999999,0.7437290178571426,34.963383333333354,58.29444166666666,721.5585416666668,721.5585416666668,721.5585416666668,0.0,8.738491666666642,1255.0621666666666,0.0
2025-10-23,0,131,21:50-22:00,536.5916666666667,0.0,0.3999,0.37486875000000003,20.896666666666647,49.555950000000024,1390.8216666666667,1390.8216666666667,1390.8216666666667,833.3333333333333,0.0,2005.0621666666666,0.0
2025-10-23,0,132,22:00-22:10,467.7901333333333,0.0,0.372325,0.34377098214285723,10.832533333333345,42.999049999999926,1311.956,1311.956,1311.956,833.3333333333333,0.0,2755.0621666666666,0.0
2025-10-23,0,133,22:10-22:20,497.8625,0.0,0.426775,0.3982258928571429,7.439983333333373,30.951512499999865,505.3024833333334,505.3024833333334,505.3024833333334,0.0,0.0,2755.0621666666666,0.0
2025-10-23,0,134,22:20-22:30,553.5083333333333,0.0,0.40332500000000004,0.379775,31.596666666666692,36.56552916666661,1418.4383333333333,1418.4383333333333,1418.4383333333333,833.3333333333333,0.0,3505.0621666666666,0.0
2025-10-23,0,135,22:30-22:40,556.04655,0.0,0.41085000000000005,0.38536875,26.84140000000002,53.83108333333338,1416.2212833333333,1416.2212833333333,1416.2212833333333,833.3333333333333,0.0,4255.062166666667,0.0
2025-10-23,0,136,22:40-22:50,554.5636666666667,0.0,0.42565,0.3964647321428571,29.204516666666677,36.93271250000001,583.7681833333334,583.7681833333334,583.7681833333334,0.0,0.0,4255.062166666667,0.0
2025-10-23,0,137,22:50-23:00,558.01,0.0,0.42635,0.39729821428571427,22.2116666666667,54.534683333333305,580.2216666666667,580.2216666666667,580.2216666666667,0.0,0.0,4255.062166666667,0.0
2025-10-23,0,138,23:00-23:10,528.3267166666667,0.0,0.4249,0.40008392857142866,24.041433333333316,38.1886916666667,552.36815,552.36815,552.36815,0.0,0.0,4255.062166666667,0.0
2025-10-23,0,139,23:10-23:20,525.9001666666666,0.0,0.41479999999999995,0.3935691964285714,22.40868333333333,61.32307499999996,1381.6421833333332,1381.6421833333332,1381.6421833333332,833.3333333333333,0.0,5005.062166666667,0.0
2025-10-23,0,140,23:20-23:30,556.7666666666667,0.0,0.4165,0.3961575892857141,31.328333333333376,54.00982500000005,860.2481481481482,860.2481481481482,860.2481481481482,272.1531481481482,0.0,5250.0,0.0
2025-10-23,0,141,23:30-23:40,557.6553666666666,0.0,0.451325,0.43028125000000006,19.235716666666576,42.79615833333351,576.8910833333332,576.8910833333332,576.8910833333332,0.0,0.0,5250.0,0.0
2025-10-23,0,142,23:40-23:50,508.87808333333334,0.0,0.422275,0.3974754464285714,23.258233333333237,39.07420416666665,532.1363166666665,532.1363166666665,532.1363166666665,0.0,0.0,5250.0,0.0
2025-10-23,0,143,23:50-24:00,442.98499999999996,0.0,0.33720000000000006,0.3102200892857142,28.281666666666695,28.126666666666637,1304.6,1304.6,1304.6,833.3333333333333,0.0,6000.0,0.0
2025-10-24,0,0,0:00-0:10,414.4075,0.0,0.3077,0.2876857142857143,24.783233333333328,69.71771249999988,1272.5240666666666,1272.5240666666666,1272.5240666666666,833.3333333333333,0.0,7493.434498796297,0.0
2025-10-24,0,1,0:10-0:20,404.42331666666666,0.0,0.32255,0.30354732142857144,13.67330000000004,90.2809208333332,418.0966166666667,418.0966166666667,418.0966166666667,0.0,0.0,7493.434498796298,0.0
2025-10-24,0,2,0:20-0:30,402.56666666666666,0.0,0.336575,0.31244241071428586,12.35666666666674,78.67762499999961,414.9233333333334,414.9233333333334,414.9233333333334,0.0,0.0,7493.434498796298,0.0
2025-10-24,0,3,0:30-0:40,416.11286666666666,0.0,0.3227,0.2994955357142857,17.660700000000077,55.334404166666545,433.77356666666674,433.77356666666674,433.77356666666674,0.0,0.0,7493.434498796298,0.0
2025-10-24,0,4,0:40-0:50,417.19834999999995,0.0,0.32892499999999997,0.3070638392857142,19.60598333333337,71.1817375,436.8043333333333,436.8043333333333,436.8043333333333,0.0,0.0,7493.434498796298,0.0
2025-10-24,0,5,0:50-1:00,411.07,0.0,0.34215000000000007,0.31983437499999995,21.018333333333317,65.33772499999989,432.0883333333333,432.0883333333333,432.0883333333333,0.0,0.0,7493.434498796298,0.0
2025-10-24,0,6,1:00-1:10,427.78695,0.0,0.30605,0.2858232142857143,20.407033333333402,62.868558333333226,1281.5273166666666,1281.5273166666666,1281.5273166666666,833.3333333333333,0.0,8243.434498796298,0.0
2025-10-24,0,7,1:10-1:20,430.43928333333326,0.0,0.3043,0.2868727678571427,15.241133333333437,43.2100208333334,1279.01375,1279.01375,1279.01375,833.3333333333333,0.0,8993.434498796298,0.0
2025-10-24,0,8,1:20-1:30,422.9033333333333,0.0,0.34445,0.3288776785714286,18.473333333333244,44.25939999999994,441.37666666666655,441.37666666666655,441.37666666666655,0.0,0.0,8993.434498796298,0.0
2025-10-24,0,9,1:30-1:40,443.48996666666665,0.0,0.34685,0.3323825892857144,21.297149999999988,46.06439999999992,464.78711666666663,464.78711666666663,464.78711666666663,0.0,0.0,8993.434498796298,0.0
2025-10-24,0,10,1:40-1:50,439.6848666666666,0.0,0.33135000000000003,0.31762142857142867,19.26843333333335,27.57162500000001,458.95329999999996,458.95329999999996,458.95329999999996,0.0,0.0,8993.434498796298,0.0
2025-10-24,0,11,1:50-2:00,413.0916666666667,0.0,0.31917500000000004,0.30439955357142867,20.904999999999973,21.98730833333343,433.99666666666667,433.99666666666667,433.99666666666667,0.0,0.0,8993.434498796298,0.0
2025-10-24,0,12,2:00-2:10,421.99156666666664,0.0,0.3114,0.29291026785714286,25.5542333333334,19.81464583333323,447.54580000000004,447.54580000000004,447.54580000000004,0.0,0.0,8993.434498796298,0.0
2025-10-24,0,13,2:10-2:20,442.35794999999996,0.0,0.324775,0.3080424107142858,26.372100000000046,28.75846249999995,468.73005,468.73005,468.73005,0.0,0.0,8993.434498796298,0.0
2025-10-24,0,14,2:20-2:30,447.56499999999994,0.0,0.352275,0.3407888392857144,15.541666666666629,45.19594166666661,463.10666666666657,463.10666666666657,463.10666666666657,0.0,0.0,8993.434498796298,0.0
2025-10-24,0,15,2:30-2:40,435.11984999999993,0.0,0.36485,0.35179598214285723,21.17425000000003,43.08974642857142,456.29409999999996,456.29409999999996,456.29409999999996,0.0,0.0,8993.434498796298,0.0
2025-10-24,0,16,2:40-2:50,423.1097333333333,0.0,0.35824999999999996,0.3425191964285714,14.436566666666636,53.41575833333344,437.5462999999999,437.5462999999999,437.5462999999999,0.0,0.0,8993.434498796298,0.0
2025-10-24,0,17,2:50-3:00,420.1016666666667,0.0,0.333175,0.31802589285714283,10.789999999999964,53.9598041666667,430.89166666666665,430.89166666666665,430.89166666666665,0.0,0.0,8993.434498796298,0.0
2025-10-24,0,18,3:00-3:10,424.92248333333333,0.0,0.3015,0.2882691964285714,21.309066666666695,43.71743392857131,607.2707481334497,607.2707481334497,607.2707481334497,161.03919813344973,0.0,9138.369777116402,0.0
2025-10-24,0,19,3:10-3:20,452.9324,0.0,0.322525,0.30763571428571435,14.925366666666605,26.76358630952383,467.8577666666666,467.8577666666666,467.8577666666666,0.0,0.0,9138.369777116402,0.0
2025-10-24,0,20,3:20-3:30,470.56499999999994,0.0,0.36705000000000004,0.34950848214285724,17.77833333333325,30.341629166666664,488.3433333333332,488.3433333333332,488.3433333333332,0.0,0.0,9138.369777116402,0.0
2025-10-24,0,21,3:30-3:40,427.26354999999995,0.0,0.34635,0.33251607142857137,18.111216666666678,41.30610833333333,445.37476666666663,445.37476666666663,445.37476666666663,0.0,0.0,9138.369777116402,0.0
2025-10-24,0,22,3:40-3:50,412.5188333333333,0.0,0.332075,0.32233125000000007,18.29146666666668,34.50339047619046,430.8103,430.8103,430.8103,0.0,0.0,9138.369777116402,0.0
2025-10-24,0,23,3:50-4:00,440.7083333333333,0.0,0.35014999999999996,0.34114732142857135,21.37166666666667,16.5026083333334,462.08,462.08,462.08,0.0,0.0,9138.369777116402,0.0
2025-10-24,0,24,4:00-4:10,439.4864166666667,0.0,0.35235000000000005,0.34311026785714294,16.732014285714286,44.11873869047629,456.21843095238097,456.21843095238097,456.21843095238097,0.0,0.0,9138.369777116402,0.0
2025-10-24,0,25,4:10-4:20,431.31694999999996,0.0,0.341375,0.33481517857142856,19.142330952380917,51.19996666666637,450.4592809523809,450.4592809523809,450.4592809523809,0.0,0.0,9138.369777116402,0.0
2025-10-24,0,26,4:20-4:30,437.6833333333333,0.0,0.33605,0.3330406249999999,15.905000000000086,55.64885357142833,453.58833333333337,453.58833333333337,453.58833333333337,0.0,0.0,9138.369777116402,0.0
2025-10-24,0,27,4:30-4:40,451.84563333333335,0.00021428571428571427,0.34962499999999996,0.34534241071428573,26.28461666666658,73.28064940476162,478.13003571428567,478.13003571428567,478.13003571428567,0.0,0.0,9138.369777116402,0.0
2025-10-24,0,28,4:40-4:50,458.43399999999997,0.0,0.364475,0.35858749999999995,30.316966666666644,72.4545702380949,0.0,0.0,0.0,0.0,488.7509666666666,8595.313147486771,0.0
2025-10-24,0,29,4:50-5:00,455.345,0.0,0.36692499999999995,0.36109285714285694,17.81666666666672,93.980464880952,0.0,0.0,0.0,0.0,473.16166666666675,8069.577962301587,0.0
2025-10-24,0,30,5:00-5:10,452.3213166666667,0.0035547619047619043,0.360225,0.35344508928571433,19.659535714285653,112.41920714285689,471.9772976190476,471.9772976190476,471.9772976190476,0.0,0.0,8069.577962301587,0.0
2025-10-24,0,31,5:10-5:20,446.46201666666667,7.38095238095238e-05,0.3665,0.35735312499999994,19.992983333333314,130.68642142857132,0.0,0.0,0.0,0.0,466.45492619047616,7551.294710978836,0.0
2025-10-24,0,32,5:20-5:30,443.5733333333333,0.0,0.354675,0.3463116071428572,23.671666666666624,172.45685238095217,467.24499999999995,467.24499999999995,467.24499999999995,0.0,0.0,7551.294710978836,0.0
2025-10-24,0,33,5:30-5:40,452.2855333333333,0.049509523809523795,0.308025,0.3081187500000001,19.267385714285638,243.95433214285708,471.5034095238094,471.5034095238094,471.5034095238094,0.0,0.0,7551.294710978836,0.0
2025-10-24,0,34,5:40-5:50,446.2298166666667,0.0010214285714285714,0.4794,0.483053125,24.642283333333353,302.5986095238094,0.0,0.0,0.0,0.0,470.8710785714286,7028.104623677248,0.0
2025-10-24,0,35,5:50-6:00,432.06,0.0,0.777,0.7802776785714288,35.435,347.86639107142906,0.0,0.0,0.0,0.0,467.495,6508.665734788359,0.0
2025-10-24,0,36,6:00-6:10,442.4209333333333,0.6895380952380952,0.826525,0.8383607142857145,27.985364285714297,411.2206047619054,0.0,0.0,0.0,0.0,469.7167595238095,5986.758224206349,0.0
2025-10-24,0,37,6:10-6:20,448.2228666666666,0.10335238095238095,0.768125,0.786975,35.16971428571446,475.0163077380958,0.0,0.0,0.0,0.0,483.2892285714287,5449.770192460318,0.0
2025-10-24,0,38,6:20-6:30,448.15666666666664,6.6151785714285705,0.731225,0.7507906250000002,39.036845238095225,569.7116988095246,0.0,0.0,0.0,0.0,480.5783333333333,4915.794266534392,0.0
2025-10-24,0,39,6:30-6:40,472.1264,45.67256666666667,0.7094,0.728545089285714,42.862240476190465,626.0439494047623,0.0,0.0,0.0,0.0,469.31607380952374,4394.331962301588,0.0
2025-10-24,0,40,6:40-6:50,500.8109,97.53409285714287,0.7263,0.7421968750000001,45.231404761904656,626.1257000000004,0.0,0.0,0.0,0.0,448.5082119047618,3895.98950462963,0.0
2025-10-24,0,41,6:50-7:00,516.23,149.5517857142857,0.745925,0.7603830357142859,46.51214285714292,649.0158630952385,0.0,0.0,0.0,0.0,413.1903571428572,3436.889107804233,0.0
2025-10-24,0,42,7:00-7:10,517.3512499999999,203.86725476190477,0.698975,0.7208111607142859,44.71558333333337,664.6267714285715,0.0,0.0,0.0,0.0,358.19957857142856,3038.8895760582013,0.0
2025-10-24,0,43,7:10-7:20,514.1070166666666,260.1554928571428,0.655775,0.6787107142857141,63.07131904761911,673.0176708333333,0.0,0.0,0.0,0.0,317.0228428571429,2686.641972883598,0.0
2025-10-24,0,44,7:20-7:30,511.79333333333335,317.66964285714283,0.6197,0.6370272321428573,66.00440476190482,680.6291416666668,0.0,0.0,0.0,0.0,260.12809523809534,2397.610755952381,0.0
2025-10-24,0,45,7:30-7:40,511.9302,376.64529999999996,0.554925,0.5735656249999999,60.74443333333329,678.6438291666669,0.0,0.0,0.0,0.0,196.02933333333334,2179.8003855820107,0.0
2025-10-24,0,46,7:40-7:50,528.3719333333333,439.4220642857143,0.6613,0.6775705357142857,58.086980952381055,635.7826702380954,0.0,0.0,0.0,0.0,147.03685000000007,2016.426107804233,0.0
2025-10-24,0,47,7:50-8:00,545.1366666666667,500.4633928571428,0.868425,0.8791049107142859,58.77755952380937,597.5469833333336,0.0,0.0,0.0,0.0,103.45083333333321,1901.4807374338627,0.0
2025-10-24,0,48,8:00-8:10,529.6644333333334,551.7312714285714,0.8792,0.892949107142857,47.567523809523834,631.3326636904765,0.0,0.0,0.0,-0.0,26.24239464285696,1872.3225211640217,0.0
2025-10-24,0,49,8:10-8:20,513.752,607.8893642857142,0.8077,0.8223732142857142,65.67844285714284,605.0902690476196,0.0,0.0,0.0,0.0,42.95350119047596,1824.5964087301595,0.0
2025-10-24,0,50,8:20-8:30,515.4583333333333,669.2348214285714,0.7701,0.7825665178571429,68.46684523809529,562.1367678571434,0.0,0.0,0.0,85.30964285714288,0.0,1901.375087301588,0.0
2025-10-24,0,51,8:30-8:40,528.8607166666666,721.2582238095238,0.769525,0.7862919642857144,85.9118928571429,530.1316636904768,0.0,0.0,0.0,0.0,92.22133571428624,1798.9069365079367,0.0
2025-10-24,0,52,8:40-8:50,570.9248,770.3758738095237,0.7757750000000001,0.7930111607142859,82.01102380952386,539.016242857143,0.0,0.0,0.0,0.0,17.497161309523282,1779.465646164022,0.0
2025-10-24,0,53,8:50-9:00,620.4533333333333,819.7035714285714,0.774925,0.7863816964285713,96.67386904761912,521.5190815476197,0.0,0.0,0.0,102.57636904761898,0.0,1871.7843783068793,0.0
2025-10-24,0,54,9:00-9:10,632.5078333333333,863.9334809523809,0.769375,0.7777214285714285,90.56386428571426,456.463545833334,0.0,0.0,0.0,140.86178333333328,0.0,1998.5599833068793,0.0
2025-10-24,0,55,9:10-9:20,641.7756333333333,899.6836571428572,0.7361250000000001,0.7458392857142859,86.3660023809523,417.594692857143,0.0,0.0,0.0,-0.0,222.65290819047766,1751.1678630952374,0.0
2025-10-24,0,56,9:20-9:30,651.5533333333333,937.9749999999999,0.69285,0.7075379464285713,79.34273809523786,496.0510767857136,0.0,0.0,0.0,0.0,24.826855357142218,1723.5824682539683,0.0
2025-10-24,0,57,9:30-9:40,633.1264666666666,994.3656595238094,0.6858249999999999,0.7028008928571429,98.74234047619044,471.22422142857147,0.0,0.0,0.0,262.4968523809523,-0.0,1959.8296353968253,0.0
2025-10-24,0,58,9:40-9:50,633.8473666666666,1048.3315452380953,0.6876,0.6810089285714286,104.32033571428558,403.1391386904748,0.0,0.0,0.0,310.16384285714304,0.0,2238.977093968254,0.0
2025-10-24,0,59,9:50-10:00,651.9266666666666,1094.5107142857141,0.66195,0.6201616071428571,102.86107142857134,394.757408333332,0.0,0.0,0.0,339.7229761904762,-0.0,2544.7277725396825,0.0
2025-10-24,0,60,10:00-10:10,639.9058833333333,1144.4362357142857,0.604775,0.5566977678571428,104.72178571428587,428.5351017857132,0.0,0.0,0.0,-0.0,607.7301970714295,1869.471998015872,0.0
2025-10-24,0,61,10:10-10:20,639.71525,1181.0242523809522,0.59485,0.5497544642857144,90.83749047619062,482.90626904761746,0.0,0.0,0.0,-0.0,0.0,1869.4719980158716,0.0
2025-10-24,0,62,10:20-10:30,651.6783333333333,1205.7357142857143,0.634175,0.5862946428571428,86.14952380952388,602.5247982142844,0.0,0.0,0.0,82.15454512051735,-0.0,1943.411088624337,0.0
2025-10-24,0,63,10:30-10:40,632.4653833333333,1238.364769047619,0.6212,0.5726794642857141,100.84589523809534,669.0699797619034,0.0,0.0,0.0,505.0534904761903,0.0,2397.9592300529084,0.0
2025-10-24,0,64,10:40-10:50,620.8595166666667,1268.6950285714286,0.43937500000000007,0.4100316964285716,92.71342857142861,652.3140726190463,0.0,0.0,0.0,-0.0,474.7298135952379,1870.481659391533,0.0
2025-10-24,0,65,10:50-11:00,628.8733333333332,1290.6017857142856,0.20845000000000002,0.20688705357142861,82.3536904761906,603.4334934523798,0.0,0.0,0.0,-0.0,21.47982142857113,1846.615191137565,0.0
2025-10-24,0,66,11:00-11:10,630.4160333333333,1307.1265595238096,0.18255,0.18652946428571435,75.86445476190482,581.9536720238086,0.0,0.0,0.0,17.565598177542878,0.0,1862.4242294973537,0.0
2025-10-24,0,67,11:10-11:20,637.6749333333332,1311.182854761905,0.20679999999999998,0.20864508928571432,92.75266428571439,596.1818065476183,0.0,0.0,0.0,283.18709656084684,0.0,2117.292616402116,0.0
2025-10-24,0,68,11:20-11:30,642.27,1309.53125,0.18482500000000002,0.18726919642857148,134.9785714285715,825.5633547619043,0.0,0.0,0.0,229.32846340387948,0.0,2323.6882334656075,0.0
2025-10-24,0,69,11:30-11:40,619.54725,1319.476488095238,0.17175,0.17332366071428568,105.87928571428574,1011.319410119047,0.0,0.0,0.0,594.0499523809524,-0.0,2858.3331906084645,0.0
2025-10-24,0,70,11:40-11:50,601.2016333333333,1334.6116047619048,0.17645,0.17638214285714285,111.9860333333337,1078.4049464285708,0.0,0.0,0.0,621.4239380952378,-0.0,3417.6147348941786,0.0
2025-10-24,0,71,11:50-12:00,605.7533333333333,1345.8339285714283,0.1782,0.17759285714285716,106.20488095238096,1112.6533267857142,0.0,0.0,0.0,633.8757142857139,0.0,3988.102877751321,0.0
2025-10-24,0,72,12:00-12:10,617.6885833333333,1349.3035880952382,0.156675,0.15849557142857146,94.21039523809543,1150.9940559523807,0.0,0.0,0.0,637.4046095238094,-0.0,4561.76702632275,0.0
2025-10-24,0,73,12:10-12:20,598.8683833333333,1348.0733952380951,0.154775,0.1571835178571428,95.21683809523824,1191.2111696428572,0.0,0.0,0.0,0.0,0.0,4561.767026322749,0.0
2025-10-24,0,74,12:20-12:30,576.6466666666666,1335.4142857142856,0.1581,0.1601982321428572,122.27404761904768,1215.673136309524,0.0,0.0,0.0,636.4935714285713,-0.0,5134.611240608463,0.0
2025-10-24,0,75,12:30-12:40,614.5332999999999,1303.2266166666664,0.13545000000000001,0.13686480357142855,114.35156666666666,1212.658805952381,0.0,0.0,0.0,574.3417499999998,0.0,5651.518815608463,0.0
2025-10-24,0,76,12:40-12:50,640.4830166666666,1281.9970690476193,0.26675000000000004,0.2660450892857143,119.00067619047616,1168.1606470238098,0.0,0.0,0.0,341.3605136096377,0.0,5958.743277857137,0.0
2025-10-24,0,77,12:50-13:00,620.6966666666666,1270.9991071428572,0.4854,0.48471071428571416,106.59202380952365,1112.1021011904763,0.0,0.0,0.0,543.7104166666669,0.0,6448.082652857138,0.0
2025-10-24,0,78,13:00-13:10,593.2106666666666,1240.7122095238094,0.52695,0.5241741071428571,94.04405952380952,1094.6085744047618,0.0,0.0,0.0,553.4574833333332,0.0,6946.194387857137,0.0
2025-10-24,0,79,13:10-13:20,589.7499833333333,1209.3376166666665,0.528975,0.5248598214285715,69.93004047619056,991.5390595238092,0.0,0.0,0.0,549.6575928571426,0.0,7440.8862214285655,0.0
2025-10-24,0,80,13:20-13:30,594.17,1183.6767857142854,0.5706249999999999,0.5683741071428572,71.58184523809504,823.867025,0.0,0.0,0.0,517.9249404761904,0.0,7907.018667857137,0.0
2025-10-24,0,81,13:30-13:40,571.8928999999999,1152.384030952381,0.5902000000000001,0.5892209821428571,79.87675952380945,749.0793017857139,0.0,0.0,0.0,500.61437142857153,-0.0,8357.571602142852,0.0
2025-10-24,0,82,13:40-13:50,591.4440833333333,1125.521657142857,0.6090249999999999,0.5882714285714287,74.7460642857144,727.5670238095233,0.0,0.0,0.0,459.33150952380925,-0.0,8770.969960714281,0.0
2025-10-24,0,83,13:50-14:00,631.0083333333333,1093.150892857143,0.636775,0.5876250000000001,104.72220238095224,714.3748797619044,0.0,0.0,0.0,357.42035714285737,-0.0,9092.648282142853,0.0
2025-10-24,0,84,14:00-14:10,595.8632333333333,1033.933223809524,0.651375,0.6004843750000001,74.88163095238076,714.863347023809,0.0,0.0,0.0,363.18835952380994,0.0,9419.517805714282,0.0
2025-10-24,0,85,14:10-14:20,562.377,981.6717238095237,0.643475,0.5970745535714286,80.94521666666662,682.2019309523799,0.0,0.0,0.0,338.34950714285714,0.0,9724.032362142854,0.0
2025-10-24,0,86,14:20-14:30,565.76,945.1687499999999,0.6576500000000001,0.6064750000000002,70.93047619047631,676.3247976190466,0.0,0.0,0.0,308.47827380952367,-0.0,10001.662808571426,0.0
2025-10-24,0,87,14:30-14:40,566.2158666666667,901.7172571428573,0.72385,0.6675080357142855,75.02087619047657,667.6220148809517,0.0,0.0,0.0,260.4805142857129,0.0,10236.09527142856,0.0
2025-10-24,0,88,14:40-14:50,564.3401333333334,858.1336214285716,0.626875,0.5921857142857142,65.20547142857163,613.5327029761902,0.0,0.0,0.0,228.58801666666648,0.0,10441.824486428559,0.0
2025-10-24,0,89,14:50-15:00,561.9983333333332,812.90625,0.432525,0.4322709821428572,79.80940476190474,500.29500178571413,0.0,0.0,0.0,171.09851190476206,0.0,10595.813147142844,0.0
2025-10-24,0,90,15:00-15:10,555.2018499999999,756.0486690476189,0.43525,0.4387687500000001,68.95152857142836,389.45583511904744,0.0,0.0,0.0,131.89529047619067,0.0,10714.518908571416,0.0
2025-10-24,0,91,15:10-15:20,554.8095833333333,706.9979119047618,0.48109999999999997,0.4781495535714285,57.20933809523814,311.16604345237965,0.0,0.0,0.0,94.97899047619035,0.0,10800.0,0.0
2025-10-24,0,92,15:20-15:30,557.4516666666666,664.7544642857142,0.481275,0.47914375000000003,77.36226190476191,327.0379041666656,0.0,0.0,0.0,0.0,5.48893414284497,10793.901184285714,0.0
2025-10-24,0,93,15:30-15:40,549.8282333333333,608.8923976190475,0.5073000000000001,0.5098937499999999,52.28770238095251,278.9405720238094,0.0,0.0,0.0,6.776461904761732,0.0,10800.0,0.0
2025-10-24,0,94,15:40-15:50,550.4111166666667,552.3676952380952,0.54865,0.5509209821428572,59.25000952380975,188.51183571428538,57.293430952381186,57.293430952381186,57.293430952381186,-0.0,0.0,10800.0,0.0
2025-10-24,0,95,15:50-16:00,569.8916666666667,498.78125,0.575625,0.5736566964285714,53.44386904761916,206.43617380952415,124.55428571428581,124.55428571428581,124.55428571428581,0.0,0.0,10800.0,0.0
2025-10-24,0,96,16:00-16:10,591.64595,438.2852880952381,0.5789500000000001,0.577623660714286,49.08657142857135,240.99821964285735,202.4472333333332,202.4472333333332,202.4472333333332,0.0,0.0,10800.0,0.0
2025-10-24,0,97,16:10-16:20,558.7042166666666,378.8343309523809,0.6150249999999999,0.6140433035714288,46.53482142857155,191.03645654761925,226.4047071428572,226.4047071428572,226.4047071428572,0.0,0.0,10800.0,0.0
2025-10-24,0,98,16:20-16:30,523.13,323.1428571428571,0.67785,0.6754625,55.830892857142885,158.19847619047692,255.81803571428577,255.81803571428577,255.81803571428577,-0.0,0.0,10800.0,0.0
2025-10-24,0,99,16:30-16:40,582.5419166666666,265.7862380952381,0.6992999999999999,0.6982098214285715,50.21543333333341,203.37097202381003,366.97111190476187,366.97111190476187,366.97111190476187,0.0,0.0,10800.0,0.0
2025-10-24,0,100,16:40-16:50,552.5098166666667,208.27536428571426,0.6793750000000001,0.6808540178571431,43.381376190475976,184.70984226190484,387.6158285714284,387.6158285714284,387.6158285714284,0.0,0.0,10800.0,0.0
2025-10-24,0,101,16:50-17:00,438.63166666666666,152.55089285714286,0.6609,0.6631098214285716,41.00654761904764,142.98788690476195,327.08732142857144,327.08732142857144,327.08732142857144,0.0,0.0,10800.0,0.0
2025-10-24,0,102,17:00-17:10,432.9984,98.69530952380953,0.6910750000000001,0.6903607142857144,34.67230714285705,119.92605654761911,368.9753976190475,368.9753976190475,368.9753976190475,0.0,0.0,10800.0,0.0
2025-10-24,0,103,17:10-17:20,433.0018166666667,45.64013095238094,0.735175,0.7315683035714285,28.361276190476133,72.30555714285691,415.72296190476186,415.72296190476186,415.72296190476186,0.0,0.0,10800.0,0.0
2025-10-24,0,104,17:20-17:30,412.34,6.388392857142858,0.742775,0.737590625,23.736726190476134,73.69652321428597,429.6883333333333,429.6883333333333,429.6883333333333,0.0,0.0,10800.0,0.0
2025-10-24,0,105,17:30-17:40,451.85226666666665,0.21534523809523812,0.71855,0.7105598214285715,26.68605714285718,62.070278571428545,478.3229785714286,478.3229785714286,478.3229785714286,0.0,0.0,10800.0,0.0
2025-10-24,0,106,17:40-17:50,455.7459666666667,0.7512642857142857,0.853625,0.8390816964285713,25.901866666666706,54.43307678571415,480.8965690476191,480.8965690476191,480.8965690476191,0.0,-0.0,10800.0,0.0
2025-10-24,0,107,17:50-18:00,424.28666666666663,0.0,1.08635,1.06783125,29.85833333333335,48.82082797619066,0.0,0.0,0.0,0.0,454.145,10295.394444444444,0.0
2025-10-24,0,108,18:00-18:10,451.3460166666667,0.007549999999999999,1.146025,1.1333723214285714,14.402380952380895,52.25215178571449,0.0,0.0,0.0,0.0,465.7408476190476,9777.904613756613,0.0
2025-10-24,0,109,18:10-18:20,444.31766666666664,0.05393571428571429,1.119,1.0993517857142858,28.465145238095147,48.68014464285723,0.0,0.0,0.0,0.0,472.72887619047606,9252.650306878306,0.0
2025-10-24,0,110,18:20-18:30,414.41833333333335,0.0,1.1036000000000001,1.069953125,30.33833333333348,69.21583988095217,0.0,0.0,0.0,0.0,444.75666666666683,8758.47623280423,0.0
2025-10-24,0,111,18:30-18:40,465.6918833333333,0.0005428571428571429,1.108875,1.079610267857143,19.800216666666756,39.154263095238065,0.0,0.0,0.0,0.0,485.4915571428572,8219.041169312168,0.0
2025-10-24,0,112,18:40-18:50,473.2576333333333,0.0038714285714285717,1.1102500000000002,1.0652946428571433,16.09758333333332,64.30200119047645,0.0,0.0,0.0,0.0,489.3513452380952,7675.317452380951,0.0
2025-10-24,0,113,18:50-19:00,430.195,0.0,1.1054750000000002,1.029950892857143,18.329999999999927,43.19150654761954,0.0,0.0,0.0,0.0,448.5249999999999,7176.95634126984,0.0
2025-10-24,0,114,19:00-19:10,457.1831666666667,3.80952380952381e-05,1.115725,1.040854017857143,25.694854761904708,43.6834690476192,0.0,0.0,0.0,0.0,482.8779833333333,6640.4252486772475,0.0
2025-10-24,0,115,19:10-19:20,481.39064999999994,0.0002714285714285714,1.135925,1.0641241071428569,21.326583333333247,43.12134880952385,0.0,0.0,0.0,0.0,502.7169619047618,6081.850846560846,0.0
2025-10-24,0,116,19:20-19:30,460.11833333333334,0.0,1.15075,1.0736839285714286,19.793333333333294,50.1892410714287,0.0,0.0,0.0,0.0,479.91166666666663,5548.61566137566,0.0
2025-10-24,0,117,19:30-19:40,433.2495833333333,0.0,1.1466500000000002,1.0742232142857144,9.856428571428523,62.22510654761916,0.0,0.0,0.0,0.0,443.10601190476183,5056.275648148147,0.0
2025-10-24,0,118,19:40-19:50,446.08039999999994,0.0,1.1303,1.0579870535714289,15.156900000000007,54.62267976190478,0.0,0.0,0.0,0.0,461.23729999999995,4543.789759259258,0.0
2025-10-24,0,119,19:50-20:00,473.78999999999996,0.0,1.114975,1.0365089285714286,25.226666666666688,37.30286904761894,0.0,0.0,0.0,0.0,499.01666666666665,3989.3267962962955,0.0
2025-10-24,0,120,20:00-20:10,450.9920333333333,0.0,1.109175,1.0325008928571433,20.370440476190538,59.68891785714271,0.0,0.0,0.0,0.0,471.36247380952386,3465.590714285713,0.0
2025-10-24,0,121,20:10-20:20,430.34386666666666,0.0,1.09955,1.0257174107142861,18.746149999999943,59.47116666666659,0.0,0.0,0.0,0.0,449.0900166666666,2966.601806878306,0.0
2025-10-24,0,122,20:20-20:30,448.445,0.0,1.11585,1.0394495535714285,17.225000000000136,63.44599999999991,0.0,0.0,0.0,0.0,465.67000000000013,2449.1906957671945,0.0
2025-10-24,0,123,20:30-20:40,486.10231666666664,0.0,1.1720000000000002,1.0923102678571428,17.53291666666655,78.39119583333354,0.0,0.0,0.0,0.0,503.6352333333332,1889.595992063491,0.0
2025-10-24,0,124,20:40-20:50,489.10518333333334,0.0,1.040625,0.9807892857142857,22.0542999999999,73.83864999999999,9.709765476191535,9.709765476191535,9.709765476191535,0.0,501.4497178571417,1332.429638888889,0.0
2025-10-24,0,125,20:50-21:00,458.145,0.0,0.8008000000000001,0.7707741071428569,13.86833333333334,119.1866750000001,475.3779835390945,475.3779835390945,475.3779835390945,3.3646502057611842,0.0,1335.457824074074,0.0
2025-10-24,0,126,21:00-21:10,445.87134999999995,0.0,0.7735,0.7444665178571429,7.323599999999942,121.91204166666671,453.1949499999999,453.1949499999999,453.1949499999999,0.0,0.0,1335.457824074074,0.0
2025-10-24,0,127,21:10-21:20,459.84091666666666,0.0,0.7872250000000001,0.7548714285714286,17.88141666666661,72.68595416666656,477.72233333333327,477.72233333333327,477.72233333333327,0.0,0.0,1335.457824074074,0.0
2025-10-24,0,128,21:20-21:30,487.9583333333333,0.0,0.7814749999999999,0.7523683035714285,19.36833333333334,80.19602083333325,507.32666666666665,507.32666666666665,507.32666666666665,0.0,0.0,1335.457824074074,0.0
2025-10-24,0,129,21:30-21:40,504.2486833333333,0.0,0.8346250000000001,0.802415625,17.05896666666672,95.78393749999987,464.2712416666666,464.2712416666666,464.2712416666666,0.0,57.036408333333405,1272.084037037037,0.0
2025-10-24,0,130,21:40-21:50,461.4178333333333,0.0,0.65,0.6189776785714285,28.21706666666671,64.87563333333331,475.7869541666669,475.7869541666669,475.7869541666669,0.0,13.847945833333164,1256.6974305555557,0.0
2025-10-24,0,131,21:50-22:00,385.63666666666666,0.0,0.32594999999999996,0.3000334821428572,20.896666666666647,51.02768750000003,1239.8666666666666,1239.8666666666666,1239.8666666666666,833.3333333333333,0.0,2006.697430555556,0.0
2025-10-24,0,132,22:00-22:10,358.2387833333333,0.0,0.29117499999999996,0.2625973214285714,13.22821666666664,42.007604166666624,1204.8003333333331,1204.8003333333331,1204.8003333333331,833.3333333333333,0.0,2756.697430555556,0.0
2025-10-24,0,133,22:10-22:20,366.95065,0.0,0.340275,0.31257633928571416,16.31650000000002,36.26993750000001,383.26715,383.26715,383.26715,0.0,0.0,2756.697430555556,0.0
2025-10-24,0,134,22:20-22:30,388.49666666666667,0.0,0.33285,0.31023973214285716,31.596666666666692,36.58323749999997,690.4295216049379,690.4295216049379,690.4295216049379,270.33618827160456,0.0,3000.0,0.0
2025-10-24,0,135,22:30-22:40,411.4273833333333,0.0,0.33694999999999997,0.3119763392857143,26.84140000000002,53.257975000000044,438.2687833333333,438.2687833333333,438.2687833333333,0.0,0.0,3000.0,0.0
2025-10-24,0,136,22:40-22:50,419.53436666666664,0.0,0.339825,0.31029776785714286,32.32368333333329,36.206045833333434,451.85804999999993,451.85804999999993,451.85804999999993,0.0,0.0,3000.0,0.0
2025-10-24,0,137,22:50-23:00,417.90666666666664,0.0,0.3339,0.30427455357142846,19.021666666666647,48.5687708333333,1270.2616666666665,1270.2616666666665,1270.2616666666665,833.3333333333333,0.0,3750.0,0.0
2025-10-24,0,138,23:00-23:10,425.87815,0.0,0.334125,0.31013303571428574,24.041433333333316,37.76337500000008,1283.2529166666666,1283.2529166666666,1283.2529166666666,833.3333333333333,0.0,4500.0,0.0
2025-10-24,0,139,23:10-23:20,430.1900333333333,0.0,0.33455,0.31429241071428576,22.833999999999946,60.89775833333334,453.02403333333325,453.02403333333325,453.02403333333325,0.0,0.0,4500.0,0.0
2025-10-24,0,140,23:20-23:30,431.0283333333333,0.0,0.33277500000000004,0.3121875,31.328333333333376,54.00982500000005,462.3566666666667,462.3566666666667,462.3566666666667,0.0,0.0,4500.0,0.0
2025-10-24,0,141,23:30-23:40,439.7995166666666,0.0,0.33240000000000003,0.31130446428571423,19.235716666666576,42.79615833333351,459.03523333333317,459.03523333333317,459.03523333333317,0.0,0.0,4500.0,0.0
2025-10-24,0,142,23:40-23:50,427.2467333333333,0.0,0.32562499999999994,0.30175892857142855,23.258233333333237,39.07420416666665,1283.8383,1283.8383,1283.8383,833.3333333333333,0.0,5250.0,0.0
2025-10-24,0,143,23:50-24:00,395.155,0.0,0.31710000000000005,0.2912566964285715,28.281666666666695,28.126666666666637,1256.77,1256.77,1256.77,833.3333333333333,0.0,6000.0,0.0
2025-10-25,0,0,0:00-0:10,382.0720666666667,0.0,0.3212,0.3010464285714285,24.783233333333328,70.72016249999986,406.8553,406.8553,406.8553,0.0,0.0,6577.435197841057,0.0
2025-10-25,0,1,0:10-0:20,406.0843666666666,0.0,0.329975,0.3109357142857143,13.67330000000004,91.28337083333318,419.75766666666664,419.75766666666664,419.75766666666664,0.0,0.0,6577.435197841057,0.0
2025-10-25,0,2,0:20-0:30,440.55499999999995,0.0,0.33680000000000004,0.31404732142857156,12.35666666666674,82.68742499999954,452.9116666666667,452.9116666666667,452.9116666666667,0.0,0.0,6577.435197841057,0.0
2025-10-25,0,3,0:30-0:40,440.75994999999995,0.0,0.339225,0.31714464285714294,17.660700000000077,58.57795416666649,458.42065,458.42065,458.42065,0.0,0.0,6577.435197841057,0.0
2025-10-25,0,4,0:40-0:50,443.6561,0.0,0.324,0.301975,18.661183333333383,69.49429999999971,462.31728333333336,462.31728333333336,462.31728333333336,0.0,0.0,6577.435197841057,0.0
2025-10-25,0,5,0:50-1:00,448.32499999999993,0.0,0.309025,0.2859058035714286,17.953333333333376,68.40272499999983,1299.6116666666667,1299.6116666666667,1299.6116666666667,833.3333333333333,0.0,7327.435197841057,0.0
2025-10-25,0,6,1:00-1:10,418.70703333333336,0.0,0.32905,0.30890982142857143,20.407033333333402,62.868558333333226,439.11406666666676,439.11406666666676,439.11406666666676,0.0,0.0,7327.435197841057,0.0
2025-10-25,0,7,1:10-1:20,409.69761666666665,0.0,0.35205,0.33468303571428565,15.241133333333437,43.2100208333334,424.9387500000001,424.9387500000001,424.9387500000001,0.0,0.0,7327.435197841057,0.0
2025-10-25,0,8,1:20-1:30,422.59666666666664,0.0,0.35182500000000005,0.3357816964285714,18.473333333333244,44.25939999999994,441.0699999999999,441.0699999999999,441.0699999999999,0.0,0.0,7327.435197841057,0.0
2025-10-25,0,9,1:30-1:40,407.1507833333333,0.0,0.333275,0.31987321428571425,21.297149999999988,46.06439999999992,428.4479333333333,428.4479333333333,428.4479333333333,0.0,0.0,7327.435197841057,0.0
2025-10-25,0,10,1:40-1:50,411.49173333333334,0.0,0.33140000000000003,0.3189468749999999,19.26843333333335,25.29162500000004,430.7601666666667,430.7601666666667,430.7601666666667,0.0,0.0,7327.435197841057,0.0
2025-10-25,0,11,1:50-2:00,433.675,0.0,0.3458,0.3309723214285714,23.944999999999936,14.403824999999927,457.61999999999995,457.61999999999995,457.61999999999995,0.0,0.0,7327.435197841057,0.0
2025-10-25,0,12,2:00-2:10,421.6946833333333,0.0,0.3442,0.32609955357142856,25.5542333333334,16.662799999999848,447.2489166666667,447.2489166666667,447.2489166666667,0.0,0.0,7327.435197841057,0.0
2025-10-25,0,13,2:10-2:20,422.1705,0.0,0.3357,0.3202035714285714,26.372100000000046,25.17871666666656,448.54260000000005,448.54260000000005,448.54260000000005,0.0,0.0,7327.435197841057,0.0
2025-10-25,0,14,2:20-2:30,434.32833333333326,0.0,0.33165,0.32120357142857137,15.541666666666629,39.059191666666806,449.8699999999999,449.8699999999999,449.8699999999999,0.0,0.0,7327.435197841057,0.0
2025-10-25,0,15,2:30-2:40,415.4225666666667,0.0,0.334625,0.321478125,21.17425000000003,27.144496428571372,436.5968166666667,436.5968166666667,436.5968166666667,0.0,0.0,7327.435197841057,0.0
2025-10-25,0,16,2:40-2:50,440.4929666666667,0.0,0.34675,0.3304991071428571,18.648900000000026,37.98019583333338,459.1418666666667,459.1418666666667,459.1418666666667,0.0,0.0,7327.435197841057,0.0
2025-10-25,0,17,2:50-3:00,481.76666666666665,0.0,0.36067499999999997,0.34594910714285715,21.843333333333305,42.374537500000045,503.60999999999996,503.60999999999996,503.60999999999996,0.0,0.0,7327.435197841057,0.0
2025-10-25,0,18,3:00-3:10,435.8434333333333,0.0,0.36060000000000003,0.34903660714285717,21.398050000000012,43.185500595238,457.2414833333333,457.2414833333333,457.2414833333333,0.0,0.0,7327.435197841057,0.0
2025-10-25,0,19,3:10-3:20,422.01163333333335,0.0,0.33535000000000004,0.3212803571428572,14.925366666666605,26.615936309523832,436.93699999999995,436.93699999999995,436.93699999999995,0.0,0.0,7327.435197841057,0.0
2025-10-25,0,20,3:20-3:30,456.51,0.0,0.316475,0.2982754464285714,17.77833333333325,29.75102916666667,780.9616731807196,780.9616731807196,780.9616731807196,306.67333984738633,0.0,7603.441203703705,0.0
2025-10-25,0,21,3:30-3:40,438.74155,0.0,0.35014999999999996,0.3371495535714285,18.111216666666678,40.36296904761909,456.8527666666667,456.8527666666667,456.8527666666667,0.0,0.0,7603.441203703705,0.0
2025-10-25,0,22,3:40-3:50,437.0215833333333,0.0,0.37622500000000003,0.36754151785714295,18.882066666666674,33.912790476190466,455.90364999999997,455.90364999999997,455.90364999999997,0.0,0.0,7603.441203703705,0.0
2025-10-25,0,23,3:50-4:00,461.72333333333336,0.0,0.362175,0.35240625,21.37166666666667,16.5026083333334,483.095,483.095,483.095,0.0,0.0,7603.441203703705,0.0
2025-10-25,0,24,4:00-4:10,446.58731666666665,0.0,0.33225000000000005,0.32194732142857146,16.732014285714286,48.24019404761934,463.31933095238094,463.31933095238094,463.31933095238094,0.0,0.0,7603.441203703705,0.0
2025-10-25,0,25,4:10-4:20,425.0897166666667,0.0,0.32039999999999996,0.31326607142857144,19.142330952380917,54.63282916666671,444.2320476190476,444.2320476190476,444.2320476190476,0.0,0.0,7603.441203703705,0.0
2025-10-25,0,26,4:20-4:30,423.66166666666663,0.0,0.33787500000000004,0.3343973214285715,15.905000000000086,55.53134047619025,439.5666666666667,439.5666666666667,439.5666666666667,0.0,0.0,7603.441203703705,0.0
2025-10-25,0,27,4:30-4:40,436.9978166666666,0.00027619047619047615,0.366825,0.3616968750000001,26.28461666666658,80.23338511904802,463.282157142857,463.282157142857,463.282157142857,0.0,0.0,7603.441203703705,0.0
2025-10-25,0,28,4:40-4:50,464.0730166666666,0.0,0.3727,0.36637991071428583,30.316966666666644,74.5685886904762,494.38998333333325,494.38998333333325,494.38998333333325,0.0,0.0,7603.441203703705,0.0
2025-10-25,0,29,4:50-5:00,478.66666666666663,0.0,0.35860000000000003,0.35331339285714286,17.81666666666672,100.9332005952384,496.48333333333335,496.48333333333335,496.48333333333335,0.0,0.0,7603.441203703705,0.0
2025-10-25,0,30,5:00-5:10,452.9001999999999,0.004399999999999999,0.3603,0.35405848214285707,19.659535714285653,106.19215416666708,472.5553357142856,472.5553357142856,472.5553357142856,0.0,0.0,7603.441203703705,0.0
2025-10-25,0,31,5:10-5:20,454.46896666666663,0.0,0.3774,0.36821741071428554,19.992983333333314,116.85047440476222,474.46194999999994,474.46194999999994,474.46194999999994,0.0,0.0,7603.441203703705,0.0
2025-10-25,0,32,5:20-5:30,477.1733333333333,0.0,0.360525,0.3518276785714286,23.671666666666624,179.41245238095286,500.8449999999999,500.8449999999999,500.8449999999999,0.0,0.0,7603.441203703705,0.0
2025-10-25,0,33,5:30-5:40,450.07499999999993,0.06129285714285713,0.30005,0.3001558035714286,21.195666666666625,249.57471428571472,471.2093738095237,471.2093738095237,471.2093738095237,0.0,0.0,7603.441203703705,0.0
2025-10-25,0,34,5:40-5:50,432.29288333333335,0.0,0.4817,0.48527187499999996,24.728533333333417,276.9197922619052,0.0,0.0,0.0,0.0,457.02141666666677,7095.639629629631,0.0
2025-10-25,0,35,5:50-6:00,441.1816666666667,0.0,0.7943250000000001,0.7969080357142858,37.33547619047613,356.84511488095376,0.0,0.0,0.0,0.0,478.5171428571428,6563.953915343916,0.0
2025-10-25,0,36,6:00-6:10,436.4011833333333,0.8536452380952382,0.81855,0.8294941964285714,24.540409523809444,422.0998047619063,0.0,0.0,0.0,0.0,460.0879476190475,6052.745084656086,0.0
2025-10-25,0,37,6:10-6:20,445.7617333333333,0.0,0.7741,0.7919477678571428,34.954185714285586,482.4505529761918,0.0,0.0,0.0,0.0,480.7159190476189,5518.616285714286,0.0
2025-10-25,0,38,6:20-6:30,458.16166666666663,4.208928571428571,0.78245,0.8011049107142857,36.451607142857256,576.9304154761917,0.0,0.0,0.0,0.0,490.40434523809535,4973.72256878307,0.0
2025-10-25,0,39,6:30-6:40,436.85044999999997,40.94772857142857,0.74285,0.7618285714285717,42.862240476190465,630.6774279761914,0.0,0.0,0.0,0.0,438.7649619047619,4486.205944444445,0.0
2025-10-25,0,40,6:40-6:50,464.0816666666666,91.51121904761904,0.715,0.7308214285714286,45.231404761904656,630.7591785714295,0.0,0.0,0.0,0.0,417.8018523809522,4021.9816640211648,0.0
2025-10-25,0,41,6:50-7:00,527.1116666666667,142.9892857142857,0.7213999999999999,0.7349977678571428,45.28446428571414,653.6493416666676,0.0,0.0,0.0,0.0,429.4068452380952,3544.8629470899477,0.0
2025-10-25,0,42,7:00-7:10,525.66365,195.96538333333336,0.714925,0.7354598214285716,44.1921404761905,668.0325714285718,0.0,0.0,0.0,0.0,373.8904071428571,3129.4291613756623,0.0
2025-10-25,0,43,7:10-7:20,508.40385,250.80394285714286,0.691125,0.7134870535714287,59.905659523809504,675.9000279761908,0.0,0.0,0.0,0.0,317.5055666666667,2776.6451984126993,0.0
2025-10-25,0,44,7:20-7:30,507.71166666666664,306.6267857142857,0.6330749999999999,0.65111875,66.00440476190482,680.3458392857146,0.0,0.0,0.0,0.0,267.0892857142858,2479.879325396826,0.0
2025-10-25,0,45,7:30-7:40,509.85913333333326,363.1054642857142,0.555975,0.5756321428571427,60.74443333333329,678.3605267857148,0.0,0.0,0.0,0.0,207.49810238095233,2249.325878306879,0.0
2025-10-25,0,46,7:40-7:50,534.1159166666666,425.72481428571416,0.6829750000000001,0.6995129464285715,58.38174047619043,635.4993678571433,0.0,0.0,0.0,0.0,166.7728428571429,2064.02271957672,0.0
2025-10-25,0,47,7:50-8:00,559.1416666666667,489.10446428571424,0.9088999999999999,0.9189861607142856,58.77755952380937,597.5584404761908,0.0,0.0,0.0,0.0,128.81476190476178,1920.895206349207,0.0
2025-10-25,0,48,8:00-8:10,538.0642666666666,541.9278309523809,0.8854,0.8988049107142856,47.567523809523834,631.3441208333337,0.0,0.0,0.0,0.0,43.703959523809544,1872.335251322752,0.0
2025-10-25,0,49,8:10-8:20,517.48055,597.6624904761904,0.806,0.8215589285714288,65.67844285714284,605.1017261904767,0.0,0.0,0.0,0.0,42.95350119047463,1824.609138888891,0.0
2025-10-25,0,50,8:20-8:30,516.6033333333332,658.1169642857142,0.778325,0.7921959821428567,68.46684523809529,562.1482250000006,0.0,0.0,0.0,73.04678571428568,0.0,1890.3512460317481,0.0
2025-10-25,0,51,8:30-8:40,517.4623999999999,710.8773904761906,0.7267250000000001,0.7431723214285714,85.90043571428566,546.6950511904761,0.0,0.0,0.0,107.51455476190506,0.0,1987.1143453174627,0.0
2025-10-25,0,52,8:40-8:50,555.6718666666666,758.4680785714286,0.7358250000000001,0.7525178571428573,82.01102380952386,578.2793017857143,0.0,0.0,0.0,120.78518809523814,0.0,2095.8210146031765,0.0
2025-10-25,0,53,8:50-9:00,615.6666666666666,804.2848214285715,0.78715,0.7993834821428569,96.67386904761912,521.5190815476197,0.0,0.0,0.0,0.0,328.9844833809546,1730.2826997354491,0.0
2025-10-25,0,54,9:00-9:10,633.93245,848.2998714285714,0.7627499999999999,0.7712566964285713,90.56386428571426,477.254429761904,0.0,0.0,0.0,123.80355714285702,0.0,1841.7059011640197,0.0
2025-10-25,0,55,9:10-9:20,616.31835,889.3360595238096,0.726075,0.7357678571428572,86.3660023809523,475.24279583333254,0.0,0.0,0.0,5.6529366822903e-13,36.61921521428445,1801.0178842592597,0.0
2025-10-25,0,56,9:20-9:30,600.4933333333333,932.8267857142856,0.7104,0.7258892857142857,79.34273809523786,540.9160958333334,0.0,0.0,0.0,252.99071428571358,-0.0,2028.709527116402,0.0
2025-10-25,0,57,9:30-9:40,617.3653166666666,986.3336214285712,0.6851,0.7026285714285712,98.74234047619044,484.3119077380953,0.0,0.0,0.0,270.2259642857147,0.0,2271.9128949735455,0.0
2025-10-25,0,58,9:40-9:50,618.6985999999999,1039.0184476190475,0.670925,0.6641910714285713,104.32033571428558,467.65737857142733,0.0,0.0,0.0,315.9995119047619,-0.0,2556.312455687831,0.0
2025-10-25,0,59,9:50-10:00,603.5083333333333,1087.7642857142857,0.6639499999999999,0.6220794642857143,102.86107142857134,467.9640249999988,0.0,0.0,0.0,-0.0,732.8434059523826,1742.0420046296283,0.0
2025-10-25,0,60,10:00-10:10,620.6652333333333,1137.8282857142856,0.6357250000000001,0.588704910714286,104.72178571428587,487.83780416666553,0.0,0.0,0.0,82.14649617871818,0.0,1815.9738511904748,0.0
2025-10-25,0,61,10:10-10:20,650.00135,1178.9653309523808,0.6149749999999999,0.5707080357142856,90.83749047619062,554.3764660714273,0.0,0.0,0.0,150.5630246913582,0.0,1951.4805734126971,0.0
2025-10-25,0,62,10:20-10:30,659.9616666666666,1210.2732142857144,0.6253,0.5768812499999999,86.14952380952388,676.3325160714276,0.0,0.0,0.0,74.12603468547881,0.0,2018.1940046296281,0.0
2025-10-25,0,63,10:30-10:40,638.3423166666666,1241.170314285714,0.6334500000000001,0.5846299107142858,100.84589523809534,736.3746041666654,0.0,0.0,0.0,0.0,0.0,2018.1940046296281,0.0
2025-10-25,0,64,10:40-10:50,622.3616666666667,1269.1251499999998,0.470925,0.44251741071428563,92.71342857142861,719.6186970238085,0.0,0.0,0.0,0.0,0.0,2018.1940046296281,0.0
2025-10-25,0,65,10:50-11:00,626.525,1292.7125,0.23252499999999998,0.23279285714285708,82.3536904761906,670.738117857142,0.0,0.0,0.0,583.8338095238096,0.0,2543.644433201057,0.0
2025-10-25,0,66,11:00-11:10,632.08455,1312.283157142857,0.20345,0.2090276785714286,70.97718809523826,648.5478607142851,0.0,0.0,0.0,260.66058309817925,0.0,2778.2389579894175,0.0
2025-10-25,0,67,11:10-11:20,627.6101333333334,1319.0984476190474,0.24912499999999999,0.2518928571428572,92.75266428571439,694.8531374999995,0.0,0.0,0.0,598.7356500000001,0.0,3317.1010429894177,0.0
2025-10-25,0,68,11:20-11:30,611.7483333333332,1319.5812500000002,0.25184999999999996,0.25455491071428565,94.75488095238128,924.1648214285711,0.0,0.0,0.0,-0.0,833.3333333333338,2391.1751170634916,0.0
2025-10-25,0,69,11:30-11:40,591.5125166666667,1330.0215547619046,0.22444999999999998,0.2256665178571428,98.63949761904746,1072.0576053571426,0.0,0.0,0.0,639.8695404761904,-0.0,2967.057703492063,0.0
2025-10-25,0,70,11:40-11:50,575.8639499999999,1337.0563071428571,0.200575,0.20021785714285714,106.24177142857161,1130.5431851190472,0.0,0.0,0.0,654.9505857142854,0.0,3556.5132306349196,0.0
2025-10-25,0,71,11:50-12:00,572.6099999999999,1337.9285714285713,0.1957,0.19531830357142857,103.93660714285693,1157.4984095238092,0.0,0.0,0.0,661.3819642857145,0.0,4151.756998492063,0.0
2025-10-25,0,72,12:00-12:10,583.6338333333333,1343.7360523809523,0.20179999999999998,0.2029026785714286,94.21039523809543,1193.5708648809518,0.0,0.0,0.0,665.8918238095234,0.0,4751.059639920634,0.0
2025-10-25,0,73,12:10-12:20,594.2952333333333,1348.0196595238094,0.20564999999999997,0.20789866071428562,92.0838357142859,1233.7879785714285,0.0,0.0,0.0,661.6405904761903,0.0,5346.536171349206,0.0
2025-10-25,0,74,12:20-12:30,607.5749999999999,1336.7839285714285,0.202825,0.20452099999999995,117.4281547619048,1255.116942857143,0.0,0.0,0.0,611.7807738095237,-0.0,5897.138867777777,0.0
2025-10-25,0,75,12:30-12:40,635.2116333333333,1303.8985261904759,0.220775,0.21987142857142855,114.11967142857134,1245.233192857143,0.0,0.0,0.0,554.5672214285712,-0.0,6396.249367063491,0.0
2025-10-25,0,76,12:40-12:50,638.71075,1284.3865166666665,0.36525,0.36417991071428574,107.41617380952391,1202.5266654761904,0.0,0.0,0.0,0.0,459.3637407142817,5885.845210714289,0.0
2025-10-25,0,77,12:50-13:00,604.9,1275.9214285714284,0.5496000000000001,0.5496129464285714,106.59202380952365,1135.502125,0.0,0.0,0.0,564.4294047619047,0.0,6393.831675000003,0.0
2025-10-25,0,78,13:00-13:10,560.3444333333333,1243.4056047619047,0.5675,0.5650357142857143,94.04405952380952,1118.0085982142855,0.0,0.0,0.0,589.0171119047618,0.0,6923.947075714289,0.0
2025-10-25,0,79,13:10-13:20,537.0877666666667,1210.0058023809522,0.57245,0.567665625,69.93004047619056,1014.9390833333329,0.0,0.0,0.0,602.987995238095,0.0,7466.636271428575,0.0
2025-10-25,0,80,13:20-13:30,545.5116666666667,1183.6803571428572,0.6194000000000001,0.6162624999999998,71.58184523809504,839.3409452380951,0.0,0.0,0.0,566.5868452380955,0.0,7976.564432142861,0.0
2025-10-25,0,81,13:30-13:40,570.33195,1149.7611904761904,0.6103,0.6094357142857143,79.87675952380945,764.553222023809,0.0,0.0,0.0,499.55248095238096,0.0,8426.161665000003,0.0
2025-10-25,0,82,13:40-13:50,585.0303166666666,1122.8463904761904,0.597425,0.5773816964285713,74.7460642857144,745.9587053571419,0.0,0.0,0.0,463.07000952380935,0.0,8842.924673571431,0.0
2025-10-25,0,83,13:50-14:00,582.785,1092.8410714285715,0.6211,0.5727629464285714,104.72220238095224,726.2355017857137,0.0,0.0,0.0,405.33386904761926,0.0,9207.725155714288,0.0
2025-10-25,0,84,14:00-14:10,578.0273666666667,1032.85585,0.662,0.612859375,74.88163095238076,726.7239690476183,0.0,0.0,0.0,379.94685238095246,0.0,9549.677322857146,0.0
2025-10-25,0,85,14:10-14:20,580.7699333333333,976.5832333333333,0.672725,0.6286232142857145,71.59513333333337,694.0625529761894,0.0,0.0,0.0,324.21816666666666,0.0,9841.473672857146,0.0
2025-10-25,0,86,14:20-14:30,590.4549999999999,936.5830357142856,0.6836000000000001,0.6348200892857143,70.93047619047631,678.8353363095227,0.0,0.0,0.0,275.19755952380945,0.0,10089.151476428575,0.0
2025-10-25,0,87,14:30-14:40,595.7046333333333,894.2516357142858,0.742675,0.6893379464285712,75.02087619047657,670.1325535714279,0.0,0.0,0.0,223.52612619047602,0.0,10290.324990000003,0.0
2025-10-25,0,88,14:40-14:50,580.1605666666667,852.286423809524,0.64645,0.613805357142857,65.20547142857163,616.0432416666663,0.0,0.0,0.0,206.92038571428574,0.0,10476.55333714286,0.0
2025-10-25,0,89,14:50-15:00,558.5583333333333,805.9267857142856,0.45742499999999997,0.4571410714285714,65.75946428571436,502.80554047619023,0.0,0.0,0.0,181.60898809523803,0.0,10640.001426428575,0.0
2025-10-25,0,90,15:00-15:10,564.71985,745.9848571428571,0.4592,0.4623535714285714,68.95152857142836,377.9164333333332,0.0,0.0,0.0,112.31347857142885,0.0,10741.08355714286,0.0
2025-10-25,0,91,15:10-15:20,580.2892833333333,696.8221523809523,0.507225,0.5045607142857144,57.2792023809524,286.0607577380938,0.0,0.0,0.0,59.25366666666662,0.0,10794.411857142857,0.0
2025-10-25,0,92,15:20-15:30,583.2116666666666,657.5508928571428,0.5072000000000001,0.5059772321428572,68.13017857142859,302.00248273809405,0.0,0.0,0.0,6.209047619047624,0.0,10800.0,0.0
2025-10-25,0,93,15:30-15:40,570.2976833333332,603.1942142857142,0.516575,0.5202656250000002,57.72837619047647,252.7605065476189,24.83184523809541,24.83184523809541,24.83184523809541,0.0,-0.0,10800.0,0.0
2025-10-25,0,94,15:40-15:50,572.9458333333333,546.7595571428571,0.5542499999999999,0.5567901785714284,65.44558571428581,169.4822130952379,91.63186190476199,91.63186190476199,91.63186190476199,-0.0,0.0,10800.0,0.0
2025-10-25,0,95,15:50-16:00,583.8633333333332,493.25,0.599275,0.596677232142857,53.44386904761916,190.74215178571453,144.0572023809524,144.0572023809524,144.0572023809524,0.0,0.0,10800.0,0.0
2025-10-25,0,96,16:00-16:10,566.9563666666666,433.3533476190476,0.6166,0.6152754464285716,49.08657142857135,225.30419761904773,182.6895904761903,182.6895904761903,182.6895904761903,0.0,0.0,10800.0,0.0
2025-10-25,0,97,16:10-16:20,558.3655166666666,371.7983547619047,0.62975,0.6289178571428572,46.53482142857155,175.34243452380963,233.1019833333334,233.1019833333334,233.1019833333334,0.0,0.0,10800.0,0.0
2025-10-25,0,98,16:20-16:30,578.9533333333333,312.8223214285714,0.660775,0.6583263392857142,63.92500000000001,132.175764880953,330.05601190476193,330.05601190476193,330.05601190476193,-0.0,0.0,10800.0,0.0
2025-10-25,0,99,16:30-16:40,602.27105,256.1412,0.70245,0.7027888392857145,54.10048809523812,183.04187678571466,400.23033809523804,400.23033809523804,400.23033809523804,0.0,0.0,10800.0,0.0
2025-10-25,0,100,16:40-16:50,552.8967666666666,200.26750952380954,0.699525,0.7032785714285713,46.800914285714214,171.34250833333334,399.43017142857127,399.43017142857127,399.43017142857127,0.0,0.0,10800.0,0.0
2025-10-25,0,101,16:50-17:00,453.8533333333333,145.4973214285714,0.678275,0.6820553571428573,41.00654761904764,139.4061077380952,349.3625595238095,349.3625595238095,349.3625595238095,0.0,0.0,10800.0,0.0
2025-10-25,0,102,17:00-17:10,411.0811833333333,93.23292142857142,0.72085,0.7209544642857143,34.67230714285705,116.34427738095235,352.5205690476189,352.5205690476189,352.5205690476189,0.0,0.0,10800.0,0.0
2025-10-25,0,103,17:10-17:20,420.7234833333333,41.819340476190476,0.760325,0.7574808035714283,29.54256428571432,61.52230476190442,408.4467071428572,408.4467071428572,408.4467071428572,0.0,0.0,10800.0,0.0
2025-10-25,0,104,17:20-17:30,445.6333333333333,4.077678571428572,0.752775,0.7483678571428571,33.338690476190436,63.347475595238365,474.8943452380952,474.8943452380952,474.8943452380952,0.0,0.0,10800.0,0.0
2025-10-25,0,105,17:30-17:40,453.86116666666663,0.024621428571428572,0.744175,0.7359187500000001,26.68605714285718,61.32319523809524,480.5226023809524,480.5226023809524,480.5226023809524,0.0,0.0,10800.0,0.0
2025-10-25,0,106,17:40-17:50,452.25194999999997,0.9078261904761905,0.8853500000000001,0.8698843750000004,25.901866666666706,53.68599345238084,284.88650595237976,284.88650595237976,284.88650595237976,0.0,192.3594845238107,10586.267239417988,0.0
2025-10-25,0,107,17:50-18:00,445.8316666666666,0.0,1.097275,1.0780651785714286,29.85833333333335,48.82082797619066,0.0,0.0,0.0,0.0,475.68999999999994,10057.722794973544,0.0
2025-10-25,0,108,18:00-18:10,433.6887,0.0,1.136,1.1229142857142853,14.402380952380895,51.961111904762134,0.0,0.0,0.0,0.0,448.0910809523809,9559.843816137565,0.0
2025-10-25,0,109,18:10-18:20,435.85115,0.06517619047619048,1.1138,1.0941383928571429,28.465145238095147,46.14785476190495,0.0,0.0,0.0,0.0,464.251119047619,9044.009239417988,0.0
2025-10-25,0,110,18:20-18:30,441.6816666666667,0.0,1.116,1.0825736607142857,33.32666666666671,67.5956369047618,0.0,0.0,0.0,0.0,475.0083333333334,8516.222202380952,0.0
2025-10-25,0,111,18:30-18:40,423.2740833333333,0.0,1.1167500000000001,1.0872459821428573,17.976042857142943,40.97843690476188,0.0,0.0,0.0,0.0,441.25012619047624,8025.944284391534,0.0
2025-10-25,0,112,18:40-18:50,425.01403333333326,0.004678571428571429,1.1199,1.0751821428571429,16.09758333333332,62.774754166666895,0.0,0.0,0.0,0.0,441.106938095238,7535.825464285714,0.0
2025-10-25,0,113,18:50-19:00,447.3433333333333,0.0,1.123575,1.0494214285714285,18.329999999999927,41.66425952380999,0.0,0.0,0.0,0.0,465.67333333333323,7018.4106494708985,0.0
2025-10-25,0,114,19:00-19:10,444.6848166666667,0.0,1.1209500000000001,1.0470941964285716,25.694854761904708,42.002142261904936,0.0,0.0,0.0,0.0,470.3796714285714,6495.7665701058195,0.0
2025-10-25,0,115,19:10-19:20,436.39989999999995,0.0003285714285714285,1.13845,1.0661290178571432,21.326583333333247,37.930479761904905,0.0,0.0,0.0,0.0,457.72615476190464,5987.181953703704,0.0
2025-10-25,0,116,19:20-19:30,444.31499999999994,0.0,1.1615000000000002,1.0828580357142858,19.793333333333294,44.21094047619047,0.0,0.0,0.0,0.0,464.10833333333323,5471.5060277777775,0.0
2025-10-25,0,117,19:30-19:40,466.40003333333334,0.0,1.147925,1.0747825892857146,15.791166666666754,56.11611845238096,0.0,0.0,0.0,0.0,482.1912000000001,4935.7380277777775,0.0
2025-10-25,0,118,19:40-19:50,465.18341666666663,0.0,1.1405,1.0681133928571427,15.33114999999998,52.19904285714307,0.0,0.0,0.0,0.0,480.5145666666666,4401.832953703703,0.0
2025-10-25,0,119,19:50-20:00,443.6833333333333,0.0,1.1519999999999997,1.0726709821428568,25.226666666666688,25.002650000000216,0.0,0.0,0.0,0.0,468.90999999999997,3880.8218425925925,0.0
2025-10-25,0,120,20:00-20:10,442.0227,0.0,1.1514,1.0726290178571427,19.350033333333272,49.540610714285805,0.0,0.0,0.0,0.0,461.37273333333326,3368.185472222222,0.0
2025-10-25,0,121,20:10-20:20,451.8394833333333,0.0,1.1403,1.065033482142857,18.746149999999943,59.47116666666659,0.0,0.0,0.0,0.0,470.58563333333325,2845.312546296296,0.0
2025-10-25,0,122,20:20-20:30,448.9483333333333,0.0,1.1440249999999998,1.0679968749999997,17.225000000000136,63.44599999999991,0.0,0.0,0.0,0.0,466.17333333333346,2327.342175925926,0.0
2025-10-25,0,123,20:30-20:40,424.13846666666666,0.0,1.1575,1.078059375,17.53291666666655,78.0030875000003,0.0,0.0,0.0,0.0,441.6713833333332,1836.5961944444443,0.0
2025-10-25,0,124,20:40-20:50,436.64424999999994,0.0,1.00765,0.947254017857143,22.0542999999999,67.37313750000003,0.0,0.0,0.0,0.0,458.69854999999984,1326.9311388888889,0.0
2025-10-25,0,125,20:50-21:00,469.595,0.0,0.788025,0.757613392857143,14.578333333333262,110.80265833333345,484.1733333333333,484.1733333333333,484.1733333333333,0.0,0.0,1326.9311388888889,0.0
2025-10-25,0,126,21:00-21:10,448.18296666666663,0.0,0.7806749999999999,0.7527607142857143,11.639016666666635,114.238025,459.82198333333326,459.82198333333326,459.82198333333326,0.0,0.0,1326.9311388888889,0.0
2025-10-25,0,127,21:10-21:20,435.85221666666666,0.0,0.7985249999999999,0.7681031249999999,21.240016666666634,66.17780416666652,457.0922333333333,457.0922333333333,457.0922333333333,0.0,0.0,1326.9311388888889,0.0
2025-10-25,0,128,21:20-21:30,463.275,0.0,0.7883249999999999,0.7607660714285714,19.36833333333334,79.691425,482.6433333333333,482.6433333333333,482.6433333333333,0.0,0.0,1326.9311388888889,0.0
2025-10-25,0,129,21:30-21:40,489.1899166666667,0.0,0.8438249999999999,0.8127508928571426,17.05896666666672,95.78393749999987,455.83664166666665,455.83664166666665,455.83664166666665,0.0,50.412241666666745,1270.917537037037,0.0
2025-10-25,0,130,21:40-21:50,461.19331666666665,0.0,0.6511750000000001,0.6203691964285714,28.21706666666671,63.825783333333305,475.4837375000001,475.4837375000001,475.4837375000001,0.0,13.926645833333303,1255.443486111111,0.0
2025-10-25,0,131,21:50-22:00,396.595,0.0,0.312175,0.2854174107142856,20.896666666666647,49.89913750000001,1250.8249999999998,1250.8249999999998,1250.8249999999998,833.3333333333333,0.0,2005.4434861111113,0.0
2025-10-25,0,132,22:00-22:10,369.0154666666666,0.0,0.28215,0.25271875000000005,17.427616666666665,37.8082041666666,1219.7764166666666,1219.7764166666666,1219.7764166666666,833.3333333333333,0.0,2755.4434861111113,0.0
2025-10-25,0,133,22:10-22:20,389.1080333333333,0.0,0.35710000000000003,0.3289357142857144,16.31650000000002,36.26993750000001,405.42453333333333,405.42453333333333,405.42453333333333,0.0,0.0,2755.4434861111113,0.0
2025-10-25,0,134,22:20-22:30,423.2833333333333,0.0,0.36885,0.3458058035714286,31.596666666666692,37.01174583333332,454.88,454.88,454.88,0.0,0.0,2755.4434861111113,0.0
2025-10-25,0,135,22:30-22:40,424.42433333333327,0.0,0.35145,0.3256991071428571,26.84140000000002,56.00613750000002,619.0178269547325,619.0178269547325,619.0178269547325,167.75209362139927,0.0,2906.4203703703706,0.0
2025-10-25,0,136,22:40-22:50,402.1665833333333,0.0,0.32225000000000004,0.29259910714285725,21.33103333333338,47.198695833333346,1256.83095,1256.83095,1256.83095,833.3333333333333,0.0,3656.4203703703706,0.0
2025-10-25,0,137,22:50-23:00,380.94166666666666,0.0,0.29885,0.2700656249999999,19.021666666666647,48.5687708333333,1233.2966666666666,1233.2966666666666,1233.2966666666666,833.3333333333333,0.0,4406.420370370371,0.0
2025-10-25,0,138,23:00-23:10,380.84344999999996,0.0,0.3003,0.2764089285714285,24.041433333333316,37.76337500000008,1238.2182166666666,1238.2182166666666,1238.2182166666666,833.3333333333333,0.0,5156.420370370371,0.0
2025-10-25,0,139,23:10-23:20,402.4674,0.0,0.3251,0.3046187499999999,22.833999999999946,60.89775833333334,1258.6347333333333,1258.6347333333333,1258.6347333333333,833.3333333333333,0.0,5906.420370370371,0.0
2025-10-25,0,140,23:20-23:30,420.28999999999996,0.0,0.347,0.3263535714285714,31.328333333333376,54.00982500000005,451.61833333333334,451.61833333333334,451.61833333333334,0.0,0.0,5906.420370370371,0.0
2025-10-25,0,141,23:30-23:40,415.49948333333333,0.0,0.344175,0.32193660714285705,19.235716666666576,42.79615833333351,1268.068533333333,1268.068533333333,1268.068533333333,833.3333333333333,0.0,6656.420370370371,0.0
2025-10-25,0,142,23:40-23:50,474.58545000000004,0.0,0.38584999999999997,0.3617071428571427,23.258233333333237,39.07420416666665,497.8436833333333,497.8436833333333,497.8436833333333,0.0,0.0,6656.420370370371,0.0
2025-10-25,0,143,23:50-24:00,562.4966666666667,0.0,0.44884999999999997,0.42482053571428563,28.281666666666695,28.126666666666637,0.0,0.0,0.0,0.0,590.7783333333334,6000.0,0.0
2025-10-26,0,0,0:00-0:10,554.6526333333334,0.0,0.436125,0.4170419642857142,24.172483333333275,73.82338333333342,578.8251166666666,578.8251166666666,578.8251166666666,0.0,0.0,6363.0754771362435,0.0
2025-10-26,0,1,0:10-0:20,554.7842166666667,0.0,0.41462499999999997,0.3962758928571429,12.284083333333228,94.95482500000003,1400.4016333333332,1400.4016333333332,1400.4016333333332,833.3333333333333,0.0,7113.0754771362435,0.0
2025-10-26,0,2,0:20-0:30,589.5016666666667,0.0,0.42177499999999996,0.40042366071428565,12.35666666666674,87.283395833333,1435.1916666666666,1435.1916666666666,1435.1916666666666,833.3333333333333,0.0,7863.0754771362435,0.0
2025-10-26,0,3,0:30-0:40,579.6533499999999,0.0,0.42925,0.40787633928571426,14.377483333333316,67.72803749999986,594.0308333333332,594.0308333333332,594.0308333333332,0.0,0.0,7863.0754771362435,0.0
2025-10-26,0,4,0:40-0:50,564.85025,0.0,0.433775,0.4121602678571429,13.251816666666741,66.67363749999987,578.1020666666667,578.1020666666667,578.1020666666667,0.0,0.0,7863.0754771362435,0.0
2025-10-26,0,5,0:50-1:00,581.9016666666666,0.0,0.4364,0.41426428571428575,17.34333333333342,64.12315833333324,599.2450000000001,599.2450000000001,599.2450000000001,0.0,0.0,7863.0754771362435,0.0
2025-10-26,0,6,1:00-1:10,618.5684833333332,0.0,0.434375,0.4151906250000002,18.69735000000003,64.65372916666668,637.2658333333333,637.2658333333333,637.2658333333333,0.0,0.0,7863.0754771362435,0.0
2025-10-26,0,7,1:10-1:20,606.7037,0.0,0.422025,0.4054611607142858,21.840383333333364,66.8012916666668,628.5440833333334,628.5440833333334,628.5440833333334,0.0,0.0,7863.0754771362435,0.0
2025-10-26,0,8,1:20-1:30,563.4333333333333,0.0,0.41189999999999993,0.3963562500000001,18.473333333333244,60.096941666666694,1415.2399999999998,1415.2399999999998,1415.2399999999998,833.3333333333333,0.0,8613.075477136244,0.0
2025-10-26,0,9,1:30-1:40,571.5651499999999,0.0,0.422725,0.4088120535714285,21.297149999999988,54.87737499999996,592.8622999999999,592.8622999999999,592.8622999999999,0.0,0.0,8613.075477136244,0.0
2025-10-26,0,10,1:40-1:50,583.5317,0.0,0.425225,0.4118941964285715,19.509233333333327,27.330825000000033,603.0409333333333,603.0409333333333,603.0409333333333,0.0,0.0,8613.075477136244,0.0
2025-10-26,0,11,1:50-2:00,572.78,0.0,0.42445,0.40921160714285704,20.904999999999973,18.290937500000013,593.685,593.685,593.685,0.0,0.0,8613.075477136244,0.0
2025-10-26,0,12,2:00-2:10,564.7199666666667,0.0,0.4507,0.43252098214285717,23.729833333333318,18.098449999999943,588.4498,588.4498,588.4498,0.0,0.0,8613.075477136244,0.0
2025-10-26,0,13,2:10-2:20,573.2484999999999,0.0,0.452875,0.4385174107142857,26.372100000000046,24.786087499999923,599.6206,599.6206,599.6206,0.0,0.0,8613.075477136244,0.0
2025-10-26,0,14,2:20-2:30,595.4666666666667,0.0,0.433625,0.4253464285714285,17.09666666666658,40.87967500000032,612.5633333333333,612.5633333333333,612.5633333333333,0.0,0.0,8613.075477136244,0.0
2025-10-26,0,15,2:30-2:40,613.1639666666666,0.0,0.443575,0.4311075892857143,21.18976666666663,31.495208333333395,634.3537333333333,634.3537333333333,634.3537333333333,0.0,0.0,8613.075477136244,0.0
2025-10-26,0,16,2:40-2:50,602.2931666666666,0.0,0.4308,0.4142031249999999,14.340366666666682,42.60762857142862,616.6335333333333,616.6335333333333,616.6335333333333,0.0,0.0,8613.075477136244,0.0
2025-10-26,0,17,2:50-3:00,586.2516666666667,0.0,0.403775,0.3890598214285715,21.843333333333305,41.66542500000007,1441.4283333333333,1441.4283333333333,1441.4283333333333,833.3333333333333,0.0,9363.075477136244,0.0
2025-10-26,0,18,3:00-3:10,608.9405333333333,0.0,0.425975,0.4143026785714286,21.398050000000012,43.4795666666666,630.3385833333333,630.3385833333333,630.3385833333333,0.0,0.0,9363.075477136244,0.0
2025-10-26,0,19,3:10-3:20,605.5526833333333,0.0,0.436975,0.4228562499999999,14.925366666666605,26.713958333333366,620.4780499999999,620.4780499999999,620.4780499999999,0.0,0.0,9363.075477136244,0.0
2025-10-26,0,20,3:20-3:30,581.5566666666666,0.0,0.422275,0.404757142857143,17.77833333333325,28.80554583333337,1362.5844698486171,1362.5844698486171,1362.5844698486171,763.2494698486173,0.0,10050.0,0.0
2025-10-26,0,21,3:30-3:40,608.3062166666666,0.0,0.4292,0.41769687500000013,18.111216666666678,41.877023214285614,626.4174333333333,626.4174333333333,626.4174333333333,0.0,0.0,10050.0,0.0
2025-10-26,0,22,3:40-3:50,631.0271333333333,0.0,0.4421,0.4342508928571429,19.827549999999974,33.301700000000025,650.8546833333332,650.8546833333332,650.8546833333332,0.0,0.0,10050.0,0.0
2025-10-26,0,23,3:50-4:00,614.3199999999999,0.0,0.44635,0.4363674107142858,21.37166666666667,17.641695238095238,635.6916666666666,635.6916666666666,635.6916666666666,0.0,0.0,10050.0,0.0
2025-10-26,0,24,4:00-4:10,583.9061999999999,0.0,0.44642499999999996,0.43697098214285696,15.394442857142849,48.83399821428581,599.3006428571427,599.3006428571427,599.3006428571427,0.0,0.0,10050.0,0.0
2025-10-26,0,25,4:10-4:20,598.0747333333334,0.0,0.451225,0.4448723214285714,21.59964999999994,56.574641071428374,619.6743833333333,619.6743833333333,619.6743833333333,0.0,0.0,10050.0,0.0
2025-10-26,0,26,4:20-4:30,632.115,0.0,0.45622500000000005,0.45185624999999996,14.946666666666715,57.34987321428545,647.0616666666667,647.0616666666667,647.0616666666667,0.0,0.0,10050.0,0.0
2025-10-26,0,27,4:30-4:40,609.9345166666667,0.0003309523809523809,0.45057499999999995,0.4442767857142855,24.950066666666714,83.67418273809534,634.8842523809525,634.8842523809525,634.8842523809525,0.0,0.0,10050.0,0.0
2025-10-26,0,28,4:40-4:50,607.5888833333333,0.0,0.4535,0.44702767857142867,29.26902142857142,76.67483630952366,636.8579047619048,636.8579047619048,636.8579047619048,0.0,0.0,10050.0,0.0
2025-10-26,0,29,4:50-5:00,635.3866666666667,0.0,0.4573,0.4525928571428571,17.81666666666672,101.99150297619063,653.2033333333334,653.2033333333334,653.2033333333334,0.0,0.0,10050.0,0.0
2025-10-26,0,30,5:00-5:10,624.2263833333333,0.004957142857142857,0.43812500000000004,0.43144910714285717,19.659535714285653,107.25045654761931,643.8809619047618,643.8809619047618,643.8809619047618,0.0,0.0,10050.0,0.0
2025-10-26,0,31,5:10-5:20,604.5972166666666,0.0,0.440875,0.4300870535714284,19.334299999999985,117.90877678571445,623.9315166666665,623.9315166666665,623.9315166666665,0.0,0.0,10050.0,0.0
2025-10-26,0,32,5:20-5:30,590.1316666666667,0.0,0.43770000000000003,0.42748214285714287,20.278333333333308,179.81207142857176,610.41,610.41,610.41,0.0,0.0,10050.0,0.0
2025-10-26,0,33,5:30-5:40,579.8793166666667,0.06904047619047618,0.397025,0.3968419642857142,25.56844523809525,246.5810000000003,1438.7120547619047,1438.7120547619047,1438.7120547619047,833.3333333333333,0.0,10800.0,0.0
2025-10-26,0,34,5:40-5:50,677.5463,0.0,0.6134000000000001,0.6167665178571429,25.274204761904798,278.2988565476194,702.8205047619048,702.8205047619048,702.8205047619048,0.0,-0.0,10800.0,0.0
2025-10-26,0,35,5:50-6:00,817.0316666666665,0.0,0.9641500000000001,0.9654879464285715,37.33547619047613,358.76985059523935,189.45385773809187,189.45385773809187,189.45385773809187,0.0,664.9132851190508,10061.207460978832,0.0
2025-10-26,0,36,6:00-6:10,815.9300499999999,0.9615666666666667,1.000475,1.0102049107142854,22.615673809523855,424.0245404761919,4.250823809523922,4.250823809523922,4.250823809523922,0.0,833.3333333333333,9135.281535052907,0.0
2025-10-26,0,37,6:10-6:20,805.2619666666666,0.0,0.956475,0.9737321428571428,34.954185714285586,482.4505529761918,6.882819047618909,6.882819047618909,6.882819047618909,0.0,833.3333333333333,8209.355609126982,0.0
2025-10-26,0,38,6:20-6:30,834.4233333333333,2.408035714285714,0.975625,0.9941812499999998,36.451607142857256,579.2832565476202,35.1335714285716,35.1335714285716,35.1335714285716,0.0,833.3333333333333,7283.429683201056,0.0
2025-10-26,0,39,6:30-6:40,820.19065,36.91948333333333,0.959825,0.9789464285714281,42.862240476190465,631.6768422619058,0.0,0.0,0.0,0.0,826.1334071428571,6365.503675264548,0.0
2025-10-26,0,40,6:40-6:50,795.7769666666666,86.06372142857141,0.9111,0.9274879464285714,45.231404761904656,631.7585928571439,754.9446499999998,754.9446499999998,754.9446499999998,0.0,0.0,6365.503675264548,0.0
2025-10-26,0,41,6:50-7:00,787.8599999999999,137.21339285714282,0.8647750000000001,0.8790883928571428,45.28446428571414,654.648755952382,695.9310714285713,695.9310714285713,695.9310714285713,0.0,0.0,6365.503675264548,0.0
2025-10-26,0,42,7:00-7:10,788.9699666666667,190.04698095238098,0.849475,0.8697821428571427,44.1921404761905,668.0325714285718,643.1151261904762,643.1151261904762,643.1151261904762,0.0,0.0,6365.503675264548,0.0
2025-10-26,0,43,7:10-7:20,803.1932666666667,245.6597809523809,0.8452999999999999,0.8669968750000002,59.905659523809504,675.9000279761908,617.4391452380953,617.4391452380953,617.4391452380953,0.0,0.0,6365.503675264548,0.0
2025-10-26,0,44,7:20-7:30,802.4699999999999,302.31875,0.806,0.8240803571428571,66.00440476190482,680.3458392857146,566.1556547619047,566.1556547619047,566.1556547619047,0.0,0.0,6365.503675264548,0.0
2025-10-26,0,45,7:30-7:40,772.9068666666667,357.8196023809524,0.7403500000000001,0.7610093750000001,60.74443333333329,678.3605267857148,1309.165030952381,1309.165030952381,1309.165030952381,833.3333333333333,0.0,7115.503675264548,0.0
2025-10-26,0,46,7:40-7:50,887.0523833333333,419.6503214285714,0.913875,0.9321379464285716,58.38174047619043,635.4993678571433,525.7838023809524,525.7838023809524,525.7838023809524,0.0,0.0,7115.503675264548,0.0
2025-10-26,0,47,7:50-8:00,1091.2066666666665,483.4455357142857,1.2163249999999999,1.2284357142857143,58.77755952380937,597.5584404761908,0.0,0.0,0.0,0.0,666.5386904761903,6374.905130291004,0.0
2025-10-26,0,48,8:00-8:10,1139.2428666666665,536.6892142857142,1.2411249999999998,1.256467410714286,47.567523809523834,631.3441208333337,0.0,0.0,0.0,0.0,650.1211761904761,5652.548267857142,0.0
2025-10-26,0,49,8:10-8:20,1105.2852833333332,590.8432738095239,1.152825,1.1697955357142857,65.67844285714284,605.1017261904767,0.0,0.0,0.0,0.0,580.120452380952,5007.969987433861,0.0
2025-10-26,0,50,8:20-8:30,1077.4733333333334,648.5223214285713,1.109825,1.124732142857143,68.46684523809529,583.548455357143,0.0,0.0,0.0,0.0,497.4178571428572,4455.283479497353,0.0
2025-10-26,0,51,8:30-8:40,1072.9350666666664,700.2591619047618,1.108925,1.1268941964285715,85.90043571428566,574.5434404761907,0.0,0.0,0.0,0.0,458.57634047619047,3945.754212301586,0.0
2025-10-26,0,52,8:40-8:50,1098.84745,748.0584166666665,1.115975,1.1342066964285713,82.01102380952386,606.9239416666669,0.0,0.0,0.0,0.0,432.8000571428572,3464.8652599206334,0.0
2025-10-26,0,53,8:50-9:00,1112.7199999999998,792.475,1.1018000000000001,1.1151482142857143,96.67386904761912,529.1913779761912,0.0,0.0,0.0,0.0,416.91886904761884,3001.622072089946,0.0
2025-10-26,0,54,9:00-9:10,1064.2943,831.7521738095238,1.0586,1.0685924107142857,90.56386428571426,511.39714642857166,0.0,0.0,0.0,0.0,323.1059904761905,2642.6154160052897,0.0
2025-10-26,0,55,9:10-9:20,1057.9022666666665,872.5386357142856,1.017025,1.027972767857143,86.3660023809523,548.9871946428573,0.0,0.0,0.0,0.0,271.72963333333314,2340.693601190475,0.0
2025-10-26,0,56,9:20-9:30,1098.4699999999998,917.3116071428572,0.98365,0.9998446428571428,79.34273809523786,556.645640476191,0.0,0.0,0.0,0.0,260.50113095238044,2051.2479001322745,0.0
2025-10-26,0,57,9:30-9:40,1088.1263166666665,963.2224047619047,0.9441999999999999,0.9634616071428569,98.74234047619044,536.2845684523804,223.64625238095232,223.64625238095232,223.64625238095232,0.0,0.0,2051.2479001322745,0.0
2025-10-26,0,58,9:40-9:50,1069.9125999999999,1011.2103238095237,0.93045,0.9269428571428573,104.32033571428558,535.0475749999995,163.0226119047618,163.0226119047618,163.0226119047618,0.0,0.0,2051.2479001322745,0.0
2025-10-26,0,59,9:50-10:00,1073.135,1058.7580357142858,0.934025,0.8960035714285712,102.86107142857134,553.9711642857136,117.23803571428539,117.23803571428539,117.23803571428539,0.0,0.0,2051.2479001322745,0.0
2025-10-26,0,60,10:00-10:10,1078.4711166666666,1102.0145809523808,0.91015,0.8663593749999998,104.72178571428587,546.6911529761898,81.17832142857173,81.17832142857173,81.17832142857173,0.0,0.0,2051.2479001322745,0.0
2025-10-26,0,61,10:10-10:20,1074.6401999999998,1149.0882595238093,0.878025,0.8362553571428573,87.70036904761916,644.9167624999995,13.2523095238098,13.2523095238098,13.2523095238098,0.0,0.0,2051.2479001322745,0.0
2025-10-26,0,62,10:20-10:30,1066.8166666666666,1197.5026785714285,0.876575,0.8304348214285715,85.28898809523784,748.4625363095234,0.0,0.0,0.0,45.39702380952417,0.0,2092.105221560846,0.0
2025-10-26,0,63,10:30-10:40,1067.47685,1234.9270357142857,0.896225,0.84970625,100.84589523809534,802.8946994047612,0.0,0.0,0.0,66.60429047619027,0.0,2152.0490829894175,0.0
2025-10-26,0,64,10:40-10:50,1063.6179499999998,1264.0029833333333,0.736625,0.7105611607142851,86.48135714285735,787.7974113095232,0.0,0.0,0.0,113.90367619047606,0.0,2254.5623915608458,0.0
2025-10-26,0,65,10:50-11:00,1055.5833333333333,1288.8821428571428,0.49812500000000004,0.5004950892857144,82.3536904761906,734.252788095238,682.3882142857144,682.3882142857144,682.3882142857144,833.3333333333333,0.0,3004.5623915608458,0.0
2025-10-26,0,66,11:00-11:10,1056.6587166666666,1311.0334333333335,0.49705,0.5039263392857143,70.97718809523826,704.598261904762,649.9358047619046,649.9358047619046,649.9358047619046,833.3333333333333,0.0,3754.5623915608458,0.0
2025-10-26,0,67,11:10-11:20,1053.76575,1330.5096095238093,0.528925,0.531828125,85.17278571428608,823.0616779761899,347.27422842445503,347.27422842445503,347.27422842445503,538.8453022339784,0.0,4239.523163571426,0.0
2025-10-26,0,68,11:20-11:30,1057.51,1342.1008928571428,0.47972499999999996,0.4814928571428572,78.8532142857141,1044.8633476190473,627.5956547619046,627.5956547619046,627.5956547619046,833.3333333333333,0.0,4989.523163571426,0.0
2025-10-26,0,69,11:30-11:40,1084.8976833333331,1340.5756904761902,0.439575,0.4394848214285713,95.2195857142857,1175.4571285714283,672.8749119047618,672.8749119047618,672.8749119047618,833.3333333333333,0.0,5739.523163571426,0.0
2025-10-26,0,70,11:40-11:50,1061.2349333333332,1339.6978047619045,0.4164,0.4156964285714285,100.4085547619049,1230.5227964285712,655.2790166666668,655.2790166666668,655.2790166666668,833.3333333333333,0.0,6489.523163571426,0.0
2025-10-26,0,71,11:50-12:00,994.81,1343.1080357142857,0.402575,0.40290401785714286,96.19238095238097,1251.6448041666665,581.2276785714284,581.2276785714284,581.2276785714284,833.3333333333333,0.0,7239.523163571426,0.0
2025-10-26,0,72,12:00-12:10,974.81945,1342.7666404761903,0.40265,0.4036455357142857,88.03419285714244,1279.973033333333,553.4203357142853,553.4203357142853,553.4203357142853,833.3333333333333,0.0,7989.523163571426,0.0
2025-10-26,0,73,12:10-12:20,989.37335,1342.8723428571427,0.436925,0.4387638392857142,86.4206714285715,1314.0139446428564,566.2550119047619,566.2550119047619,566.2550119047619,833.3333333333333,0.0,8739.523163571426,0.0
2025-10-26,0,74,12:20-12:30,1005.8066666666666,1333.9249999999997,0.45502499999999996,0.45683437499999985,102.83017857142835,1329.6797446428566,608.0451785714286,608.0451785714286,608.0451785714286,833.3333333333333,0.0,9489.523163571426,0.0
2025-10-26,0,75,12:30-12:40,1009.7806666666667,1302.734345238095,0.41605000000000003,0.4153803571428572,113.78910952380966,1305.1980184523802,654.1687642857144,654.1687642857144,654.1687642857144,833.3333333333333,0.0,10239.523163571426,0.0
2025-10-26,0,76,12:40-12:50,1035.1362,1286.4959023809524,0.5949500000000001,0.5945165178571431,107.41617380952391,1262.160929166666,0.0,0.0,0.0,143.9435285714285,0.0,10369.072339285713,0.0
2025-10-26,0,77,12:50-13:00,1071.5083333333332,1277.3151785714285,0.886925,0.8885834821428574,96.09946428571433,1194.184796428571,0.0,0.0,0.0,109.70738095238107,0.0,10467.808982142855,0.0
2025-10-26,0,78,13:00-13:10,1066.8073666666664,1232.3125357142856,0.8894,0.8887205357142859,76.2450023809526,1166.198710119047,0.0,0.0,0.0,89.26016666666646,0.0,10548.143132142855,0.0
2025-10-26,0,79,13:10-13:20,1027.5807166666666,1197.5580642857142,0.834575,0.8303205357142858,73.39906666666656,1045.3301380952375,0.0,0.0,0.0,96.57828095238096,0.0,10635.063584999998,0.0
2025-10-26,0,80,13:20-13:30,993.4616666666667,1182.8625000000002,0.857475,0.8535959821428569,71.58184523809504,876.0558029761899,0.0,0.0,0.0,117.81898809523841,0.0,10741.100674285713,0.0
2025-10-26,0,81,13:30-13:40,1006.4958833333333,1151.8163380952378,0.8622,0.8612816964285714,79.87675952380945,801.268079761904,0.0,0.0,0.0,65.44369523809519,0.0,10800.0,0.0
2025-10-26,0,82,13:40-13:50,1046.8633,1118.4262214285714,0.8711249999999999,0.8515933035714286,74.7460642857144,782.1654226190467,3.183142857143139,3.183142857143139,3.183142857143139,0.0,-0.0,10800.0,0.0
2025-10-26,0,83,13:50-14:00,1072.7399999999998,1081.8830357142856,0.907575,0.8595651785714286,83.001488095238,763.9019517857132,73.85845238095226,73.85845238095226,73.85845238095226,0.0,0.0,10800.0,0.0
2025-10-26,0,84,14:00-14:10,1055.6093,1024.1533976190476,0.95465,0.9063223214285712,69.1698833333334,742.6697047619036,0.0,0.0,0.0,0.0,100.62578571428594,10688.193571428572,0.0
2025-10-26,0,85,14:10-14:20,1042.9695666666667,969.4354357142857,0.964925,0.9223625000000002,71.59513333333337,704.2965410714274,0.0,0.0,0.0,0.0,145.12926428571416,10526.938833333334,0.0
2025-10-26,0,86,14:20-14:30,1042.6916666666666,926.6294642857142,0.970225,0.9229964285714288,70.93047619047631,689.0693244047609,0.0,0.0,0.0,0.0,186.99267857142877,10319.16919047619,0.0
2025-10-26,0,87,14:30-14:40,1026.0203833333333,883.0622166666667,1.022525,0.9694508928571428,75.02087619047657,680.3665416666659,0.0,0.0,0.0,0.0,217.9790428571432,10076.970253968253,0.0
2025-10-26,0,88,14:40-14:50,1047.84685,843.7551571428571,0.9232,0.889364732142857,65.20547142857163,626.2772297619043,245.0239357142867,245.0239357142867,245.0239357142867,0.0,24.273228571427715,10050.0,0.0
2025-10-26,0,89,14:50-15:00,1078.745,803.2526785714286,0.7286499999999999,0.7266866071428569,59.331845238095184,513.0395285714283,334.82416666666643,334.82416666666643,334.82416666666643,0.0,0.0,10050.0,0.0
2025-10-26,0,90,15:00-15:10,1031.62025,748.7452238095236,0.712475,0.7145276785714284,66.6724642857144,381.722802380952,1182.880823809524,1182.880823809524,1182.880823809524,833.3333333333333,0.0,10800.0,0.0
2025-10-26,0,91,15:10-15:20,1007.0826,697.7319785714285,0.749325,0.7451513392857143,57.20933809523814,292.2798232142843,366.55995952380954,366.55995952380954,366.55995952380954,0.0,0.0,10800.0,0.0
2025-10-26,0,92,15:20-15:30,1037.4266666666667,652.0571428571428,0.76055,0.757370982142857,66.672738095238,308.15168392857026,452.04226190476186,452.04226190476186,452.04226190476186,0.0,0.0,10800.0,0.0
2025-10-26,0,93,15:30-15:40,1051.8261666666667,596.6670357142857,0.79615,0.8000473214285717,57.72837619047647,252.7605065476189,512.8875071428574,512.8875071428574,512.8875071428574,0.0,0.0,10800.0,0.0
2025-10-26,0,94,15:40-15:50,1033.9342499999998,541.8228833333333,0.8229500000000001,0.8260473214285717,65.44558571428581,169.4822130952379,557.5569523809522,557.5569523809522,557.5569523809522,0.0,0.0,10800.0,0.0
2025-10-26,0,95,15:50-16:00,1012.8633333333333,488.6776785714285,0.836925,0.8334276785714285,53.44386904761916,190.37575952380973,577.629523809524,577.629523809524,577.629523809524,0.0,0.0,10800.0,0.0
2025-10-26,0,96,16:00-16:10,1025.7775833333333,427.4244238095238,0.871125,0.8699517857142857,49.08657142857135,224.93780535714293,647.4397309523807,647.4397309523807,647.4397309523807,0.0,0.0,10800.0,0.0
2025-10-26,0,97,16:10-16:20,1023.0031666666666,366.7596928571428,0.904225,0.9038727678571427,46.53482142857155,174.97604226190487,702.7782952380954,702.7782952380954,702.7782952380954,0.0,-0.0,10800.0,0.0
2025-10-26,0,98,16:20-16:30,1005.5366666666666,310.3303571428571,0.9275000000000001,0.9245125,63.92500000000001,145.34303333333392,759.1313095238095,759.1313095238095,759.1313095238095,0.0,-0.0,10800.0,0.0
2025-10-26,0,99,16:30-16:40,1021.7432166666667,253.30386666666666,0.954075,0.9543441964285714,54.10048809523812,198.09006369047603,822.5398380952383,822.5398380952383,822.5398380952383,0.0,-0.0,10800.0,0.0
2025-10-26,0,100,16:40-16:50,1021.9336166666667,196.31142380952377,0.975975,0.9801200892857143,46.800914285714214,177.2329113095236,872.4231071428571,872.4231071428571,872.4231071428571,0.0,0.0,10800.0,0.0
2025-10-26,0,101,16:50-17:00,1006.9499999999999,141.21339285714282,1.002575,1.006673214285714,41.00654761904764,139.8708511904761,906.7431547619047,906.7431547619047,906.7431547619047,0.0,0.0,10800.0,0.0
2025-10-26,0,102,17:00-17:10,1026.1719166666667,88.95687142857145,1.052025,1.0528968749999996,35.77151428571426,116.80902083333324,972.9865595238093,972.9865595238093,972.9865595238093,0.0,0.0,10800.0,0.0
2025-10-26,0,103,17:10-17:20,1024.0859666666665,38.443559523809526,1.08785,1.085808928571429,29.908926190476222,70.18461369047589,1015.5513333333332,1015.5513333333332,1015.5513333333332,0.0,0.0,10800.0,0.0
2025-10-26,0,104,17:20-17:30,1016.6999999999999,2.3446428571428566,1.0985,1.0942799107142858,25.61744047619044,76.02768452380977,1039.9727976190475,1039.9727976190475,1039.9727976190475,0.0,0.0,10800.0,0.0
2025-10-26,0,105,17:30-17:40,1049.3363166666666,0.0,1.11335,1.10481875,23.463373809523773,70.82960416666685,1072.7996904761903,1072.7996904761903,1072.7996904761903,0.0,0.0,10800.0,0.0
2025-10-26,0,106,17:40-17:50,906.8420333333333,1.0311666666666666,1.167125,1.1511656249999995,23.894866666666644,57.33287261904755,929.7057333333333,929.7057333333333,929.7057333333333,0.0,-0.0,10800.0,0.0
2025-10-26,0,107,17:50-18:00,685.0316666666665,0.0,1.2447000000000001,1.2247714285714288,29.85833333333335,51.944520238095265,0.0,0.0,0.0,0.0,714.8899999999999,10005.677777777779,0.0
2025-10-26,0,108,18:00-18:10,713.2779,0.0,1.29145,1.2772803571428566,11.670050000000003,57.43979523809534,0.0,0.0,0.0,0.0,724.94795,9200.180055555556,0.0
2025-10-26,0,109,18:10-18:20,758.6142833333333,0.07403095238095238,1.298525,1.2781370535714285,24.637959523809457,49.97504047619064,0.0,0.0,0.0,0.0,783.1782119047618,8329.982042328043,0.0
2025-10-26,0,110,18:20-18:30,718.77,0.0,1.281775,1.2486187500000006,33.32666666666671,67.5956369047618,0.0,0.0,0.0,0.0,752.0966666666667,7494.31907936508,0.0
2025-10-26,0,111,18:30-18:40,722.4734666666666,0.0,1.2695,1.2408205357142859,17.976042857142943,40.97843690476188,0.0,0.0,0.0,0.0,740.4495095238095,6671.597402116403,0.0
2025-10-26,0,112,18:40-18:50,724.5257666666666,0.005314285714285713,1.287425,1.2433732142857141,16.09758333333332,61.28901845238113,0.0,0.0,0.0,0.0,740.6180357142857,5848.688473544974,0.0
2025-10-26,0,113,18:50-19:00,719.1283333333333,0.0,1.3069250000000001,1.2329200892857144,18.329999999999927,38.480147619047756,0.0,0.0,0.0,0.0,737.4583333333333,5029.290325396826,0.0
2025-10-26,0,114,19:00-19:10,752.8455166666665,0.0,1.2775,1.2034428571428573,25.694854761904708,38.759642261904816,778.5403714285712,778.5403714285712,778.5403714285712,0.0,0.0,5029.290325396826,0.0
2025-10-26,0,115,19:10-19:20,743.2108666666666,0.0003809523809523809,1.2707,1.1975950892857143,21.326583333333247,33.60714642857141,764.5370690476188,764.5370690476188,764.5370690476188,0.0,0.0,5029.290325396826,0.0
2025-10-26,0,116,19:20-19:30,691.785,0.0,1.292875,1.2128799107142858,24.116666666666788,39.88760714285698,0.0,0.0,0.0,0.0,715.9016666666668,4233.84402910053,0.0
2025-10-26,0,117,19:30-19:40,690.8190333333333,0.0,1.2837999999999998,1.209594196428571,15.791166666666754,56.11611845238096,706.6102000000001,706.6102000000001,706.6102000000001,0.0,0.0,4233.84402910053,0.0
2025-10-26,0,118,19:40-19:50,726.31845,0.0,1.2977999999999998,1.2252044642857138,15.33114999999998,52.94207202380956,0.0,0.0,0.0,0.0,741.6496,3409.7889179894187,0.0
2025-10-26,0,119,19:50-20:00,754.3316666666666,0.0,1.324125,1.2448361607142857,25.226666666666688,36.608049999999935,0.0,0.0,0.0,0.0,779.5583333333333,2543.612992063493,0.0
2025-10-26,0,120,20:00-20:10,743.5490333333333,0.0,1.29085,1.2110151785714283,17.689633333333347,59.95110833333308,399.09599880952254,399.09599880952254,399.09599880952254,0.0,362.1426678571441,2141.2322499999996,0.0
2025-10-26,0,121,20:10-20:20,720.9802333333333,0.0,1.258975,1.1831861607142855,19.03143333333344,72.74621249999981,740.0116666666668,740.0116666666668,740.0116666666668,0.0,0.0,2141.2322499999996,0.0
2025-10-26,0,122,20:20-20:30,712.8183333333333,0.0,1.276825,1.2015968750000003,19.358333333333462,69.48091250000013,732.1766666666667,732.1766666666667,732.1766666666667,0.0,0.0,2141.2322499999996,0.0
2025-10-26,0,123,20:30-20:40,723.1958666666666,0.0,1.307275,1.226970089285714,17.53291666666655,82.12363750000029,0.0,0.0,0.0,0.0,740.7287833333331,1318.2002685185184,0.0
2025-10-26,0,124,20:40-20:50,730.6176999999999,0.0,1.171075,1.1087187500000002,17.933749999999918,68.17687499999992,748.5514499999998,748.5514499999998,748.5514499999998,0.0,0.0,1318.2002685185184,0.0
2025-10-26,0,125,20:50-21:00,728.645,0.0,0.95445,0.9230968750000003,14.578333333333262,106.38024166666668,747.4645267489711,747.4645267489711,747.4645267489711,4.241193415637857,0.0,1322.0173425925925,0.0
2025-10-26,0,126,21:00-21:10,730.5398166666666,0.0,0.931075,0.90328125,14.344900000000052,109.81560833333322,744.8847166666667,744.8847166666667,744.8847166666667,0.0,0.0,1322.0173425925925,0.0
2025-10-26,0,127,21:10-21:20,742.8071333333334,0.0,0.9336,0.9034558035714283,22.956549999999993,72.9194083333332,765.7636833333333,765.7636833333333,765.7636833333333,0.0,0.0,1322.0173425925925,0.0
2025-10-26,0,128,21:20-21:30,761.2583333333333,0.0,0.9223,0.8942107142857144,19.36833333333334,80.68514999999992,780.6266666666667,780.6266666666667,780.6266666666667,0.0,0.0,1322.0173425925925,0.0
2025-10-26,0,129,21:30-21:40,760.1646833333332,0.0,0.98655,0.9539147321428573,17.05896666666672,96.6885208333332,735.9020083333334,735.9020083333334,735.9020083333334,0.0,41.3216416666665,1276.1044074074075,0.0
2025-10-26,0,130,21:40-21:50,668.5897166666666,0.0,0.790325,0.7582848214285715,28.21706666666671,68.49396666666665,683.8237833333334,683.8237833333334,683.8237833333334,0.0,12.982999999999992,1261.678851851852,0.0
2025-10-26,0,131,21:50-22:00,537.9533333333333,0.0,0.429175,0.4021482142857143,17.278333333333308,55.510966666666704,820.0329423868311,820.0329423868311,820.0329423868311,264.8012757201645,0.0,1500.0,0.0
2025-10-26,0,132,22:00-22:10,508.31101666666666,0.0,0.3703,0.3400816964285714,13.22821666666664,42.87254999999996,1354.8725666666664,1354.8725666666664,1354.8725666666664,833.3333333333333,0.0,2250.0,0.0
2025-10-26,0,133,22:10-22:20,540.6534666666666,0.0,0.41484999999999994,0.3860218749999999,16.31650000000002,38.86477500000002,1390.3033,1390.3033,1390.3033,833.3333333333333,0.0,3000.0,0.0
2025-10-26,0,134,22:20-22:30,564.3116666666666,0.0,0.41250000000000003,0.38947410714285713,31.596666666666692,40.2252041666667,1429.2416666666666,1429.2416666666666,1429.2416666666666,833.3333333333333,0.0,3750.0,0.0
2025-10-26,0,135,22:30-22:40,545.1981833333333,0.0,0.41745000000000004,0.390835267857143,23.381616666666673,59.46592083333337,1401.9131333333332,1401.9131333333332,1401.9131333333332,833.3333333333333,0.0,4500.0,0.0
2025-10-26,0,136,22:40-22:50,534.7509666666666,0.0,0.419425,0.38917901785714293,21.33103333333338,48.369920833333325,1389.4153333333334,1389.4153333333334,1389.4153333333334,833.3333333333333,0.0,5250.0,0.0
2025-10-26,0,137,22:50-23:00,548.6733333333333,0.0,0.41737500000000005,0.38956116071428587,22.2116666666667,48.55678333333323,1404.2183333333332,1404.2183333333332,1404.2183333333332,833.3333333333333,0.0,6000.0,0.0
2025-10-26,0,138,23:00-23:10,557.5352499999999,0.0,0.429575,0.40663705357142854,24.648683333333338,43.889583333333306,582.1839333333332,582.1839333333332,582.1839333333332,0.0,0.0,6000.0,0.0
2025-10-26,0,139,23:10-23:20,577.1876166666666,0.0,0.44197499999999995,0.42115357142857135,22.833999999999946,67.15457500000008,600.0216166666665,600.0216166666665,600.0216166666665,0.0,0.0,6000.0,0.0
2025-10-26,0,140,23:20-23:30,589.7283333333332,0.0,0.4405,0.4179745535714286,27.88000000000011,64.42659166666654,617.6083333333333,617.6083333333333,617.6083333333333,0.0,0.0,6000.0,0.0
2025-10-26,0,141,23:30-23:40,558.9356833333333,0.0,0.42765,0.40270446428571416,12.267283333333353,49.76459166666673,571.2029666666666,571.2029666666666,571.2029666666666,0.0,0.0,6000.0,0.0
2025-10-26,0,142,23:40-23:50,554.31395,0.0,0.437875,0.4119272321428572,23.258233333333237,39.07420416666665,577.5721833333332,577.5721833333332,577.5721833333332,0.0,0.0,6000.0,0.0
2025-10-26,0,143,23:50-24:00,586.045,0.0,0.459325,0.43505535714285715,28.281666666666695,28.126666666666637,614.3266666666666,614.3266666666666,614.3266666666666,0.0,0.0,6000.0,0.0
2025-10-27,0,0,0:00-0:10,590.8571166666666,0.0,0.44615,0.42685803571428566,24.70133333333331,71.68656666666655,615.5584499999999,615.5584499999999,615.5584499999999,0.0,0.0,6959.275012063489,0.0
2025-10-27,0,1,0:10-0:20,558.38255,0.0,0.4311,0.41270982142857143,13.67330000000004,93.34685833333319,572.0558500000001,572.0558500000001,572.0558500000001,0.0,0.0,6959.275012063489,0.0
2025-10-27,0,2,0:20-0:30,530.9566666666666,0.0,0.4315,0.4106026785714286,12.35666666666674,83.50352083333291,644.118875485012,644.118875485012,644.118875485012,100.80554215167871,0.0,7050.0,0.0
2025-10-27,0,3,0:30-0:40,559.4534333333334,0.0,0.43384999999999996,0.4122464285714285,14.377483333333316,67.72803749999986,573.8309166666667,573.8309166666667,573.8309166666667,0.0,0.0,7050.0,0.0
2025-10-27,0,4,0:40-0:50,578.4622499999999,0.0,0.44284999999999997,0.4206879464285714,13.251816666666741,66.45488749999984,591.7140666666667,591.7140666666667,591.7140666666667,0.0,0.0,7050.0,0.0
2025-10-27,0,5,0:50-1:00,576.765,0.0,0.44352500000000006,0.4214852678571428,17.34333333333342,63.90440833333321,594.1083333333333,594.1083333333333,594.1083333333333,0.0,0.0,7050.0,0.0
2025-10-27,0,6,1:00-1:10,599.59645,0.0,0.415975,0.39758883928571437,18.69735000000003,60.87385416666659,1451.6271333333334,1451.6271333333334,1451.6271333333334,833.3333333333333,0.0,7800.0,0.0
2025-10-27,0,7,1:10-1:20,587.3924666666667,0.0,0.414975,0.4000205357142856,21.840383333333364,64.95800000000003,1442.5661833333334,1442.5661833333334,1442.5661833333334,833.3333333333333,0.0,8550.0,0.0
2025-10-27,0,8,1:20-1:30,547.5933333333332,0.0,0.44415,0.43068749999999995,19.348333333333358,55.34877499999995,566.9416666666666,566.9416666666666,566.9416666666666,0.0,0.0,8550.0,0.0
2025-10-27,0,9,1:30-1:40,554.07035,0.0,0.452275,0.4398330357142857,24.153149999999982,51.004208333333324,578.2235,578.2235,578.2235,0.0,0.0,8550.0,0.0
2025-10-27,0,10,1:40-1:50,571.8178666666666,0.0,0.44865,0.4361281250000002,20.526399999999967,26.313658333333393,592.3442666666666,592.3442666666666,592.3442666666666,0.0,0.0,8550.0,0.0
2025-10-27,0,11,1:50-2:00,580.6683333333333,0.0,0.4429,0.4280669642857142,20.904999999999973,18.290937500000013,601.5733333333333,601.5733333333333,601.5733333333333,0.0,0.0,8550.0,0.0
2025-10-27,0,12,2:00-2:10,595.0728166666667,0.0,0.43494999999999995,0.41660803571428556,23.729833333333318,16.712549999999837,618.80265,618.80265,618.80265,0.0,0.0,8550.0,0.0
2025-10-27,0,13,2:10-2:20,597.1887999999999,0.0,0.4468,0.43275446428571435,26.372100000000046,24.11025416666655,623.5609,623.5609,623.5609,0.0,0.0,8550.0,0.0
2025-10-27,0,14,2:20-2:30,596.9916666666666,0.0,0.470775,0.46414151785714275,19.800000000000068,37.42009166666671,616.7916666666666,616.7916666666666,616.7916666666666,0.0,0.0,8550.0,0.0
2025-10-27,0,15,2:30-2:40,620.4039333333333,0.0,0.47264999999999996,0.4623446428571428,21.18976666666663,30.884299999999982,641.5936999999999,641.5936999999999,641.5936999999999,0.0,0.0,8550.0,0.0
2025-10-27,0,16,2:40-2:50,615.0026333333333,0.0,0.45547499999999996,0.44036071428571427,14.340366666666682,43.02661488095242,629.343,629.343,629.343,0.0,0.0,8550.0,0.0
2025-10-27,0,17,2:50-3:00,584.03,0.0,0.4488,0.43426830357142837,21.843333333333305,40.90917499999995,605.8733333333332,605.8733333333332,605.8733333333332,0.0,0.0,8550.0,0.0
2025-10-27,0,18,3:00-3:10,586.4354666666666,0.0,0.474125,0.4618245535714286,21.398050000000012,42.184786309523616,607.8335166666666,607.8335166666666,607.8335166666666,0.0,0.0,8550.0,0.0
2025-10-27,0,19,3:10-3:20,602.1399333333333,0.0,0.4588,0.44451071428571404,14.925366666666605,27.149259523809548,617.0652999999999,617.0652999999999,617.0652999999999,0.0,0.0,8550.0,0.0
2025-10-27,0,20,3:20-3:30,607.4916666666666,0.0,0.40945000000000004,0.3930459821428572,18.786666666666747,27.797212499999873,1459.6116666666667,1459.6116666666667,1459.6116666666667,833.3333333333333,0.0,9300.0,0.0
2025-10-27,0,21,3:30-3:40,601.2804,0.0,0.40912499999999996,0.3994540178571429,18.111216666666678,43.81939583333333,1452.7249499999998,1452.7249499999998,1452.7249499999998,833.3333333333333,0.0,10050.0,0.0
2025-10-27,0,22,3:40-3:50,602.678,0.0,0.43584999999999996,0.4293330357142855,19.827549999999974,33.122189880952405,622.50555,622.50555,622.50555,0.0,0.0,10050.0,0.0
2025-10-27,0,23,3:50-4:00,605.73,0.0,0.45339999999999997,0.4433178571428572,21.37166666666667,18.431564880952607,627.1016666666667,627.1016666666667,627.1016666666667,0.0,0.0,10050.0,0.0
2025-10-27,0,24,4:00-4:10,589.2467833333333,0.0,0.44965,0.4388848214285713,16.11248333333333,51.90221547619055,605.3592666666666,605.3592666666666,605.3592666666666,0.0,0.0,10050.0,0.0
2025-10-27,0,25,4:10-4:20,589.0904166666667,0.0,0.4536,0.4465124999999999,19.142330952380917,51.94232797619047,608.2327476190476,608.2327476190476,608.2327476190476,0.0,0.0,10050.0,0.0
2025-10-27,0,26,4:20-4:30,606.8733333333332,0.0,0.46587500000000004,0.46217812500000016,14.001666666666551,56.46312261904767,620.8749999999998,620.8749999999998,620.8749999999998,0.0,0.0,10050.0,0.0
2025-10-27,0,27,4:30-4:40,608.3176166666666,0.00038095238095238096,0.460975,0.4550299107142856,24.950066666666714,94.0966124999998,633.2673023809523,633.2673023809523,633.2673023809523,0.0,0.0,10050.0,0.0
2025-10-27,0,28,4:40-4:50,609.4212833333333,0.0,0.46187500000000004,0.45522053571428556,29.26902142857142,81.06076726190435,638.6903047619048,638.6903047619048,638.6903047619048,0.0,0.0,10050.0,0.0
2025-10-27,0,29,4:50-5:00,604.3983333333333,0.0,0.466025,0.4611714285714286,17.81666666666672,112.79123392857137,622.215,622.215,622.215,0.0,0.0,10050.0,0.0
2025-10-27,0,30,5:00-5:10,572.6077666666666,0.005321428571428572,0.44930000000000003,0.44252008928571435,17.39268571428579,118.05018750000005,589.995130952381,589.995130952381,589.995130952381,0.0,0.0,10050.0,0.0
2025-10-27,0,31,5:10-5:20,570.4769666666666,0.0,0.451,0.4410736607142859,19.334299999999985,126.44165773809533,589.8112666666666,589.8112666666666,589.8112666666666,0.0,0.0,10050.0,0.0
2025-10-27,0,32,5:20-5:30,604.2233333333334,0.0,0.444825,0.4359910714285714,22.74333333333334,188.34495238095263,626.9666666666667,626.9666666666667,626.9666666666667,0.0,0.0,10050.0,0.0
2025-10-27,0,33,5:30-5:40,631.46835,0.07412380952380951,0.40654999999999997,0.4055950892857142,25.56844523809525,257.5788809523812,1490.2960047619047,1490.2960047619047,1490.2960047619047,833.3333333333333,0.0,10800.0,0.0
2025-10-27,0,34,5:40-5:50,691.7450999999999,0.0,0.624525,0.62691875,24.728533333333417,290.2401827380955,716.4736333333333,716.4736333333333,716.4736333333333,0.0,-0.0,10800.0,0.0
2025-10-27,0,35,5:50-6:00,774.2399999999999,0.0,0.98245,0.9845816964285713,35.435,376.9679839285726,0.0,0.0,0.0,0.0,809.675,9900.361111111111,0.0
2025-10-27,0,36,6:00-6:10,814.5069,1.032354761904762,1.038725,1.0484397321428571,22.615673809523855,422.07434047619176,2.7568857142857723,2.7568857142857723,2.7568857142857723,0.0,833.3333333333333,8974.435185185186,0.0
2025-10-27,0,37,6:10-6:20,819.6775666666667,0.0,0.9768499999999999,0.9932861607142852,34.954185714285586,480.5003529761917,21.298419047619063,21.298419047619063,21.298419047619063,0.0,833.3333333333333,8048.50925925926,0.0
2025-10-27,0,38,6:20-6:30,809.635,1.1419642857142855,0.9518249999999999,0.9699406250000001,36.451607142857256,577.3330565476201,11.611309523809723,11.611309523809723,11.611309523809723,0.0,833.3333333333333,7122.583333333334,0.0
2025-10-27,0,39,6:30-6:40,796.7555833333332,33.81912857142857,0.93425,0.9531169642857144,42.862240476190465,629.7266422619056,576.8277928571422,576.8277928571422,576.8277928571422,0.0,228.97090238095296,6868.1712195767195,0.0
2025-10-27,0,40,6:40-6:50,787.0396666666667,80.9475976190476,0.9163,0.9335821428571427,45.231404761904656,629.8083928571438,751.3234738095236,751.3234738095236,751.3234738095236,0.0,0.0,6868.1712195767195,0.0
2025-10-27,0,41,6:50-7:00,783.3783333333333,130.93839285714284,0.8830749999999999,0.8990459821428572,45.28446428571414,652.6985559523819,697.7244047619047,697.7244047619047,697.7244047619047,0.0,0.0,6868.1712195767195,0.0
2025-10-27,0,42,7:00-7:10,791.5722166666666,184.3741357142857,0.825675,0.8454102678571429,43.86603333333346,668.7078547619052,651.0641142857144,651.0641142857144,651.0641142857144,0.0,0.0,6868.1712195767195,0.0
2025-10-27,0,43,7:10-7:20,831.7105666666666,241.69807619047617,0.8125249999999999,0.8332160714285716,51.68145952380951,681.5001708333338,641.69395,641.69395,641.69395,0.0,0.0,6868.1712195767195,0.0
2025-10-27,0,44,7:20-7:30,843.9499999999999,300.78125,0.8023750000000001,0.8205696428571426,66.00440476190482,677.7217821428576,609.1731547619047,609.1731547619047,609.1731547619047,0.0,0.0,6868.1712195767195,0.0
2025-10-27,0,45,7:30-7:40,772.0477166666666,358.67009523809526,0.727725,0.7466584821428571,60.743007142856925,675.7364696428577,1307.4539619047616,1307.4539619047616,1307.4539619047616,833.3333333333333,0.0,7618.1712195767195,0.0
2025-10-27,0,46,7:40-7:50,889.1401333333333,418.478030952381,0.91035,0.9277,58.38174047619043,632.8738845238099,529.0438428571427,529.0438428571427,529.0438428571427,0.0,0.0,7618.1712195767195,0.0
2025-10-27,0,47,7:50-8:00,1116.8433333333332,479.20446428571427,1.229725,1.243895089285714,58.77755952380937,594.9329571428575,0.0,0.0,0.0,0.0,696.4164285714285,6844.3751878306875,0.0
2025-10-27,0,48,8:00-8:10,1093.3433833333333,535.90475,1.216925,1.233104017857143,47.567523809523834,620.8421875000001,0.0,0.0,0.0,0.0,605.0061571428572,6172.146124338624,0.0
2025-10-27,0,49,8:10-8:20,1050.2614166666667,590.3999119047619,1.15815,1.1752816964285717,65.67844285714284,594.5997928571433,0.0,0.0,0.0,0.0,525.5399476190476,5588.212849206348,0.0
2025-10-27,0,50,8:20-8:30,1099.8883333333333,644.2874999999999,1.1835,1.199564732142857,68.46684523809529,576.3336648809525,0.0,0.0,0.0,0.0,524.0676785714286,5005.915428571428,0.0
2025-10-27,0,51,8:30-8:40,1114.8854666666666,696.4253452380951,1.1317499999999998,1.149704017857143,85.90043571428566,567.32865,0.0,0.0,0.0,0.0,504.36055714285726,4445.514809523808,0.0
2025-10-27,0,52,8:40-8:50,1098.7546166666666,742.7790476190477,1.073925,1.0909508928571428,82.01102380952386,599.7091511904763,0.0,0.0,0.0,0.0,437.9865928571429,3958.8630396825383,0.0
2025-10-27,0,53,8:50-9:00,1079.1299999999999,782.2214285714286,1.0567250000000001,1.0692071428571432,96.67386904761912,521.9765875000006,0.0,0.0,0.0,0.0,393.5824404761903,3521.5492169312156,0.0
2025-10-27,0,54,9:00-9:10,1070.68905,819.4609619047619,1.046575,1.0568133928571426,90.56386428571426,499.61490595238104,0.0,0.0,0.0,0.0,341.79195238095235,3141.78038095238,0.0
2025-10-27,0,55,9:10-9:20,1081.6633833333333,867.181188095238,1.0335750000000001,1.0453388392857144,86.3660023809523,537.2049541666667,0.0,0.0,0.0,0.0,300.8481976190476,2807.5046058201046,0.0
2025-10-27,0,56,9:20-9:30,1098.1816666666666,918.7866071428572,1.01895,1.0357883928571427,79.34273809523786,547.2394214285719,0.0,0.0,0.0,0.0,258.7377976190472,2520.018164021163,0.0
2025-10-27,0,57,9:30-9:40,1094.9886333333334,956.6574428571428,1.003,1.022676339285714,94.96855952380952,525.9181190476185,0.0,0.0,0.0,0.0,233.29975000000013,2260.7962195767186,0.0
2025-10-27,0,58,9:40-9:50,1083.3872666666666,1002.561319047619,0.968075,0.9642218750000003,99.02414523809519,520.9073446428565,0.0,0.0,0.0,0.0,179.85009285714273,2060.9627830687823,0.0
2025-10-27,0,59,9:50-10:00,1075.3999999999999,1055.4035714285715,0.92515,0.8863397321428573,122.43297619047615,533.8839398809514,142.4294047619046,142.4294047619046,142.4294047619046,0.0,0.0,2060.9627830687823,0.0
2025-10-27,0,60,10:00-10:10,1073.4161666666666,1092.693807142857,0.90575,0.8624843750000002,104.72178571428587,549.4412845238087,85.44414523809564,85.44414523809564,85.44414523809564,0.0,0.0,2060.9627830687823,0.0
2025-10-27,0,61,10:10-10:20,1075.5450333333333,1136.7325595238094,0.892475,0.8516937500000002,87.70036904761916,643.4195208333327,26.51284285714314,26.51284285714314,26.51284285714314,0.0,0.0,2060.9627830687823,0.0
2025-10-27,0,62,10:20-10:30,1071.3049999999998,1189.6160714285713,0.89285,0.8467129464285714,85.28898809523784,747.1822291666664,0.0,0.0,0.0,33.02208333333374,0.0,2090.6826580687825,0.0
2025-10-27,0,63,10:30-10:40,1054.8726666666666,1228.0461857142857,0.9078999999999999,0.860807589285714,100.84589523809534,801.6143922619042,0.0,0.0,0.0,72.32762380952363,0.0,2155.7775194973538,0.0
2025-10-27,0,64,10:40-10:50,1066.8407666666667,1254.177230952381,0.77315,0.7459013392857141,86.48135714285735,786.5171041666661,0.0,0.0,0.0,100.85510714285692,0.0,2246.547115925925,0.0
2025-10-27,0,65,10:50-11:00,1098.5016666666666,1276.2821428571428,0.544425,0.5453183035714285,77.9708333333333,732.9724809523807,550.7066616696095,550.7066616696095,550.7066616696095,650.5163045267525,0.0,2832.0117900000023,0.0
2025-10-27,0,66,11:00-11:10,1096.30855,1300.372707142857,0.461575,0.4678433035714286,70.97718809523826,698.9350976190476,700.2463642857144,700.2463642857144,700.2463642857144,833.3333333333333,0.0,3582.0117900000023,0.0
2025-10-27,0,67,11:10-11:20,1071.4112166666666,1325.3616023809525,0.45539999999999997,0.457117857142857,85.17278571428608,816.530775595237,664.5557333333336,664.5557333333336,664.5557333333336,833.3333333333333,0.0,4332.011790000002,0.0
2025-10-27,0,68,11:20-11:30,1054.0983333333334,1338.6321428571428,0.457025,0.4567924107142859,78.8532142857141,1038.3324452380946,627.652738095238,627.652738095238,627.652738095238,833.3333333333333,0.0,5082.011790000002,0.0
2025-10-27,0,69,11:30-11:40,1062.0294666666666,1328.4475785714285,0.468225,0.46867455357142856,95.2195857142857,1168.9262261904755,662.1348071428572,662.1348071428572,662.1348071428572,833.3333333333333,0.0,5832.011790000002,0.0
2025-10-27,0,70,11:40-11:50,1055.4513,1324.1209523809523,0.4536,0.4539901785714286,100.4085547619049,1225.3520624999992,665.0722357142859,665.0722357142859,665.0722357142859,833.3333333333333,0.0,6582.011790000002,0.0
2025-10-27,0,71,11:50-12:00,1032.1333333333332,1330.8830357142856,0.42289999999999994,0.4223080357142857,96.19238095238097,1248.0229642857134,630.7760119047618,630.7760119047618,630.7760119047618,833.3333333333333,0.0,7332.011790000002,0.0
2025-10-27,0,72,12:00-12:10,1025.9868999999999,1327.3141571428569,0.424525,0.42486651785714297,88.03419285714244,1276.35119345238,620.0402690476187,620.0402690476187,620.0402690476187,833.3333333333333,0.0,8082.011790000002,0.0
2025-10-27,0,73,12:10-12:20,1009.67755,1322.3969261904763,0.438025,0.4402388392857143,92.0838357142859,1310.3921047619037,612.697792857143,612.697792857143,612.697792857143,833.3333333333333,0.0,8832.011790000002,0.0
2025-10-27,0,74,12:20-12:30,980.7516666666667,1314.8008928571426,0.427975,0.4304656249999998,102.83017857142835,1331.7210690476181,602.1142857142856,602.1142857142856,602.1142857142856,833.3333333333333,0.0,9582.011790000002,0.0
2025-10-27,0,75,12:30-12:40,973.5180333333333,1293.6161857142856,0.40932499999999994,0.40905580357142846,113.78910952380966,1307.2393428571415,627.0242904761906,627.0242904761906,627.0242904761906,833.3333333333333,0.0,10332.011790000002,0.0
2025-10-27,0,76,12:40-12:50,1004.4929999999999,1281.1740833333329,0.5721,0.571086160714286,107.41617380952391,1264.2022535714273,0.0,0.0,0.0,169.2649095238089,0.0,10484.35020857143,0.0
2025-10-27,0,77,12:50-13:00,1044.5416666666665,1271.6848214285712,0.822125,0.8226459821428572,96.09946428571433,1193.3170583333324,0.0,0.0,0.0,131.04369047619048,0.0,10602.289530000002,0.0
2025-10-27,0,78,13:00-13:10,1047.9901499999999,1236.6933309523808,0.85895,0.8584441964285714,76.2450023809526,1165.3309720238085,0.0,0.0,0.0,112.45817857142833,0.0,10703.501890714288,0.0
2025-10-27,0,79,13:10-13:20,1062.6106333333332,1202.3018142857143,0.861475,0.8581928571428572,73.39906666666656,1044.4623999999992,0.0,0.0,0.0,66.29211428571443,0.0,10763.16479357143,0.0
2025-10-27,0,80,13:20-13:30,1082.2066666666665,1178.836607142857,0.9177500000000001,0.914695535714286,72.44958333333356,883.9152523809513,0.0,0.0,0.0,24.18035714285702,0.0,10784.927115,0.0
2025-10-27,0,81,13:30-13:40,1053.6538999999998,1150.2783095238094,0.9296249999999999,0.9301348214285714,79.87675952380945,809.995267261904,0.0,0.0,0.0,16.74765000000025,0.0,10800.0,0.0
2025-10-27,0,82,13:40-13:50,1043.1249333333333,1114.3989333333334,0.909125,0.8910049107142857,74.7460642857144,785.0744851190467,0.0,0.0,0.0,0.0,3.4720642857141684,10796.14215079365,0.0
2025-10-27,0,83,13:50-14:00,1054.1,1070.5482142857143,0.891875,0.8441098214285717,83.001488095238,775.5382017857132,66.55327380952372,66.55327380952372,66.55327380952372,0.0,0.0,10796.14215079365,0.0
2025-10-27,0,84,14:00-14:10,1025.0983833333332,1019.2263404761903,0.8995250000000001,0.8504517857142858,69.1698833333334,754.3059547619036,75.04192619047637,75.04192619047637,75.04192619047637,0.0,0.0,10796.14215079365,0.0
2025-10-27,0,85,14:10-14:20,1005.95155,973.6974452380952,0.9239499999999999,0.8818084821428569,71.59513333333337,715.9327910714273,0.0,0.0,0.0,0.0,103.84923809523832,10680.754108465608,0.0
2025-10-27,0,86,14:20-14:30,1022.3616666666667,936.1241071428572,0.9694499999999999,0.9242209821428568,70.93047619047631,700.7055744047607,0.0,0.0,0.0,0.0,157.1680357142859,10506.122957671956,0.0
2025-10-27,0,87,14:30-14:40,1046.2592166666666,897.8808238095237,1.017625,0.9648075892857146,75.02087619047657,692.0027916666656,0.0,0.0,0.0,0.0,223.39926904761955,10257.901547619045,0.0
2025-10-27,0,88,14:40-14:50,1047.9737,863.695330952381,0.89415,0.8591584821428572,65.20547142857163,637.9134797619043,62.37244761904989,62.37244761904989,62.37244761904989,0.0,187.11139285714071,10050.0,0.0
2025-10-27,0,89,14:50-15:00,1033.3216666666667,824.4749999999999,0.6922250000000001,0.6895888392857142,59.331845238095184,524.6757785714283,1101.5118452380952,1101.5118452380952,1101.5118452380952,833.3333333333333,0.0,10800.0,0.0
2025-10-27,0,90,15:00-15:10,1032.5637499999998,764.0727785714286,0.698075,0.6998700892857143,66.6724642857144,393.359052380952,335.1634357142856,335.1634357142856,335.1634357142856,0.0,0.0,10800.0,0.0
2025-10-27,0,91,15:10-15:20,1033.321,706.204069047619,0.749625,0.7453223214285715,57.20933809523814,302.2981714285701,384.326269047619,384.326269047619,384.326269047619,0.0,0.0,10800.0,0.0
2025-10-27,0,92,15:20-15:30,1030.4683333333332,657.80625,0.752775,0.7493401785714288,66.672738095238,318.17003214285603,439.3348214285712,439.3348214285712,439.3348214285712,0.0,0.0,10800.0,0.0
2025-10-27,0,93,15:30-15:40,1030.3718666666666,604.1408999999999,0.77785,0.781068303571429,52.28770238095251,264.3967565476189,478.51866904761937,478.51866904761937,478.51866904761937,0.0,0.0,10800.0,0.0
2025-10-27,0,94,15:40-15:50,1014.1398333333333,550.9823976190477,0.8196249999999999,0.8220124999999999,59.25000952380975,175.67778928571397,522.4074452380954,522.4074452380954,522.4074452380954,0.0,0.0,10800.0,0.0
2025-10-27,0,95,15:50-16:00,1001.5083333333333,497.7053571428571,0.8620749999999999,0.8587428571428569,53.44386904761916,190.37575952380973,557.2468452380954,557.2468452380954,557.2468452380954,0.0,0.0,10800.0,0.0
2025-10-27,0,96,16:00-16:10,1030.0511166666665,435.71688333333327,0.9008499999999999,0.9011790178571426,49.08657142857135,224.93780535714293,643.4208047619047,643.4208047619047,643.4208047619047,0.0,-0.0,10800.0,0.0
2025-10-27,0,97,16:10-16:20,1032.2147,371.61814047619043,0.9371499999999999,0.9374535714285713,46.53482142857155,174.97604226190487,707.1313809523812,707.1313809523812,707.1313809523812,0.0,-0.0,10800.0,0.0
2025-10-27,0,98,16:20-16:30,1006.8533333333332,310.66875,0.957625,0.9535375,63.92500000000001,142.2198815476196,760.1095833333331,760.1095833333331,760.1095833333331,0.0,-0.0,10800.0,0.0
2025-10-27,0,99,16:30-16:40,1019.1492,252.42415714285713,0.95515,0.9555200892857142,54.10048809523812,194.47700535714318,820.825530952381,820.825530952381,820.825530952381,0.0,-0.0,10800.0,0.0
2025-10-27,0,100,16:40-16:50,1028.8262333333332,194.8275261904762,1.0057749999999999,1.0107727678571428,46.800914285714214,175.6150095238093,880.7996214285713,880.7996214285713,880.7996214285713,0.0,0.0,10800.0,0.0
2025-10-27,0,101,16:50-17:00,1013.1083333333332,138.30714285714282,1.0705,1.0747133928571428,41.00654761904764,139.33155059523799,915.807738095238,915.807738095238,915.807738095238,0.0,0.0,10800.0,0.0
2025-10-27,0,102,17:00-17:10,993.70165,85.30820476190478,1.038775,1.0398982142857143,35.77151428571426,116.26972023809515,944.1649595238093,944.1649595238093,944.1649595238093,0.0,0.0,10800.0,0.0
2025-10-27,0,103,17:10-17:20,990.3681333333334,35.59193571428571,1.04925,1.047632142857143,29.908926190476222,67.52566130952351,984.6851238095239,984.6851238095239,984.6851238095239,0.0,0.0,10800.0,0.0
2025-10-27,0,104,17:20-17:30,1014.6233333333332,1.1741071428571428,1.1083,1.1041348214285713,27.774642857142794,71.86348214285735,1041.223869047619,1041.223869047619,1041.223869047619,0.0,0.0,10800.0,0.0
2025-10-27,0,105,17:30-17:40,1037.9413166666666,0.0,1.094625,1.085802232142857,23.463373809523773,68.82260416666679,1061.4046904761904,1061.4046904761904,1061.4046904761904,0.0,0.0,10800.0,0.0
2025-10-27,0,106,17:40-17:50,911.7653833333334,1.0900523809523808,1.1525750000000001,1.1365299107142854,25.901866666666706,55.32587261904749,936.5771976190478,936.5771976190478,936.5771976190478,0.0,0.0,10800.0,0.0
2025-10-27,0,107,17:50-18:00,709.375,0.0,1.274275,1.2543013392857145,29.85833333333335,51.944520238095265,0.0,0.0,0.0,0.0,739.2333333333333,9978.62962962963,0.0
2025-10-27,0,108,18:00-18:10,671.1723333333333,0.0,1.290575,1.2750973214285712,11.670050000000003,59.386630952381054,0.0,0.0,0.0,0.0,682.8423833333334,9219.91587037037,0.0
2025-10-27,0,109,18:10-18:20,703.1547333333333,0.0782595238095238,1.268075,1.2458049107142861,24.637959523809457,49.97504047619064,0.0,0.0,0.0,0.0,727.7144333333333,8411.344277777778,0.0
2025-10-27,0,110,18:20-18:30,719.6083333333332,0.0,1.2638500000000001,1.229945535714286,33.32666666666671,67.5956369047618,0.0,0.0,0.0,0.0,752.935,7574.749833333333,0.0
2025-10-27,0,111,18:30-18:40,726.65425,0.0,1.26535,1.237622321428571,17.976042857142943,40.97843690476188,0.0,0.0,0.0,0.0,744.630292857143,6747.382841269841,0.0
2025-10-27,0,112,18:40-18:50,720.3016333333333,0.005619047619047619,1.265325,1.2219419642857139,16.09758333333332,65.17137797619057,0.0,0.0,0.0,0.0,736.3935976190476,5929.167732804233,0.0
2025-10-27,0,113,18:50-19:00,719.6999999999999,0.0,1.262,1.1870946428571432,18.329999999999927,45.12826904761934,738.0299999999999,738.0299999999999,738.0299999999999,0.0,0.0,5929.167732804233,0.0
2025-10-27,0,114,19:00-19:10,748.1799833333332,0.0,1.2592,1.1844870535714285,23.65402619047626,41.62373511904755,771.8340095238095,771.8340095238095,771.8340095238095,0.0,0.0,5929.167732804233,0.0
2025-10-27,0,115,19:10-19:20,743.1505,0.00040238095238095246,1.26835,1.1951750000000003,19.05006904761899,38.43554166666655,762.2001666666665,762.2001666666665,762.2001666666665,0.0,0.0,5929.167732804233,0.0
2025-10-27,0,116,19:20-19:30,715.53,0.0,1.2827,1.202516517857143,20.646666666666647,43.35760714285712,736.1766666666666,736.1766666666666,736.1766666666666,0.0,0.0,5929.167732804233,0.0
2025-10-27,0,117,19:30-19:40,736.1757333333333,0.0,1.284575,1.209896875,15.791166666666754,56.11611845238096,368.4475988095231,368.4475988095231,368.4475988095231,0.0,383.51930119047694,5503.035175925926,0.0
2025-10-27,0,118,19:40-19:50,738.7685166666666,0.0,1.2914750000000002,1.2183808035714285,15.33114999999998,53.34381726190486,0.0,0.0,0.0,0.0,754.0996666666666,4665.1466574074075,0.0
2025-10-27,0,119,19:50-20:00,717.2466666666666,0.0,1.2985,1.2186714285714288,25.226666666666688,37.038866666666834,0.0,0.0,0.0,0.0,742.4733333333332,3840.1762870370367,0.0
2025-10-27,0,120,20:00-20:10,734.2167333333333,0.0,1.28575,1.2049745535714285,16.81883333333326,61.107191666666665,751.0355666666666,751.0355666666666,751.0355666666666,0.0,0.0,3840.1762870370367,0.0
2025-10-27,0,121,20:10-20:20,746.8595333333333,0.0,1.2951000000000001,1.2193370535714283,18.746149999999943,73.16532916666662,0.0,0.0,0.0,0.0,765.6056833333332,2989.5033055555555,0.0
2025-10-27,0,122,20:20-20:30,737.1733333333333,0.0,1.331625,1.2577272321428574,19.358333333333462,70.01624583333339,0.0,0.0,0.0,0.0,756.5316666666668,2148.9125648148147,0.0
2025-10-27,0,123,20:30-20:40,730.6434833333333,0.0,1.330375,1.2503183035714287,16.997583333333296,82.65897083333354,0.0,0.0,0.0,0.0,747.6410666666666,1318.2002685185184,0.0
2025-10-27,0,124,20:40-20:50,719.1087333333332,0.0,1.166025,1.1038991071428574,17.933749999999918,68.17687499999992,737.0424833333332,737.0424833333332,737.0424833333332,0.0,0.0,1318.2002685185184,0.0
2025-10-27,0,125,20:50-21:00,715.0583333333334,0.0,0.944125,0.9143116071428572,14.578333333333262,106.38024166666668,733.8778600823046,733.8778600823046,733.8778600823046,4.241193415637857,0.0,1322.0173425925925,0.0
2025-10-27,0,126,21:00-21:10,741.6505666666667,0.0,0.9168,0.8900299107142857,14.344900000000052,109.81560833333322,755.9954666666667,755.9954666666667,755.9954666666667,0.0,0.0,1322.0173425925925,0.0
2025-10-27,0,127,21:10-21:20,749.0878833333333,0.0,0.949125,0.9197861607142855,22.956549999999993,72.9194083333332,772.0444333333332,772.0444333333332,772.0444333333332,0.0,0.0,1322.0173425925925,0.0
2025-10-27,0,128,21:20-21:30,735.26,0.0,0.97105,0.9441544642857141,19.36833333333334,80.68514999999992,754.6283333333333,754.6283333333333,754.6283333333333,0.0,0.0,1322.0173425925925,0.0
2025-10-27,0,129,21:30-21:40,735.4632333333334,0.0,0.99885,0.966457589285714,17.05896666666672,96.6885208333332,711.2005583333336,711.2005583333336,711.2005583333336,0.0,41.3216416666665,1276.1044074074075,0.0
2025-10-27,0,130,21:40-21:50,674.9943666666666,0.0,0.7587,0.7263410714285717,28.21706666666671,68.49396666666665,690.2284333333333,690.2284333333333,690.2284333333333,0.0,12.982999999999992,1261.678851851852,0.0
2025-10-27,0,131,21:50-22:00,573.355,0.0,0.39175,0.3647183035714286,17.278333333333308,55.510966666666704,1423.9666666666667,1423.9666666666667,1423.9666666666667,833.3333333333333,0.0,2011.678851851852,0.0
2025-10-27,0,132,22:00-22:10,538.0606666666666,0.0,0.352425,0.32208749999999997,13.22821666666664,42.87254999999996,1384.6222166666666,1384.6222166666666,1384.6222166666666,833.3333333333333,0.0,2761.678851851852,0.0
2025-10-27,0,133,22:10-22:20,540.3375,0.0,0.4031,0.3738875,16.31650000000002,38.86477500000002,1389.9873333333333,1389.9873333333333,1389.9873333333333,833.3333333333333,0.0,3511.678851851852,0.0
2025-10-27,0,134,22:20-22:30,547.515,0.0,0.39217500000000005,0.3686142857142857,31.596666666666692,40.2252041666667,1412.445,1412.445,1412.445,833.3333333333333,0.0,4261.6788518518515,0.0
2025-10-27,0,135,22:30-22:40,557.9433333333333,0.0,0.40519999999999995,0.3780241071428571,23.381616666666673,58.789045833333375,1414.6582833333332,1414.6582833333332,1414.6582833333332,833.3333333333333,0.0,5011.6788518518515,0.0
2025-10-27,0,136,22:40-22:50,567.7176666666667,0.0,0.419925,0.38981517857142844,24.038533333333362,44.491195833333364,1425.0895333333333,1425.0895333333333,1425.0895333333333,833.3333333333333,0.0,5761.6788518518515,0.0
2025-10-27,0,137,22:50-23:00,566.265,0.0,0.42652500000000004,0.39954776785714285,19.021666666666647,45.38969583333338,585.2866666666666,585.2866666666666,585.2866666666666,0.0,0.0,5761.6788518518515,0.0
2025-10-27,0,138,23:00-23:10,549.0486833333333,0.0,0.4435,0.4205620535714286,24.648683333333338,37.6144583333334,573.6973666666667,573.6973666666667,573.6973666666667,0.0,0.0,5761.6788518518515,0.0
2025-10-27,0,139,23:10-23:20,556.0663,0.0,0.43735,0.41522901785714283,22.833999999999946,59.5084416666669,578.9002999999999,578.9002999999999,578.9002999999999,0.0,0.0,5761.6788518518515,0.0
2025-10-27,0,140,23:20-23:30,578.3766666666667,0.0,0.4144,0.3907754464285714,29.495000000000005,55.75267083333331,872.6729423868317,872.6729423868317,872.6729423868317,264.801275720165,0.0,6000.0,0.0
2025-10-27,0,141,23:30-23:40,570.6809999999999,0.0,0.419025,0.3956049107142858,18.29841666666664,43.3908625000001,588.9794166666666,588.9794166666666,588.9794166666666,0.0,0.0,6000.0,0.0
2025-10-27,0,142,23:40-23:50,579.2833333333333,0.0,0.43552500000000005,0.41232812500000016,24.62861666666663,37.70382083333325,603.9119499999999,603.9119499999999,603.9119499999999,0.0,0.0,6000.0,0.0
2025-10-27,0,143,23:50-24:00,594.2233333333334,0.0,0.44015,0.41763258928571434,28.281666666666695,28.126666666666637,622.5050000000001,622.5050000000001,622.5050000000001,0.0,0.0,6000.0,0.0
2025-10-28,0,0,0:00-0:10,558.7381833333333,0.0,0.42632499999999995,0.4082049107142858,24.70133333333331,68.41721666666653,583.4395166666666,583.4395166666666,583.4395166666666,0.0,0.0,6580.750900608467,0.0
2025-10-28,0,1,0:10-0:20,544.4030833333334,0.0,0.42410000000000003,0.40646830357142844,14.830983333333393,85.36125833333315,1080.6219548794807,1080.6219548794807,1080.6219548794807,521.387888212814,0.0,7050.0,0.0
2025-10-28,0,2,0:20-0:30,570.31,0.0,0.438875,0.4183580357142858,18.645000000000095,75.05685416666626,588.955,588.955,588.955,0.0,0.0,7050.0,0.0
2025-10-28,0,3,0:30-0:40,582.8985499999999,0.0,0.444825,0.42383482142857154,14.377483333333316,67.72803749999986,597.2760333333332,597.2760333333332,597.2760333333332,0.0,0.0,7050.0,0.0
2025-10-28,0,4,0:40-0:50,579.7463,0.0,0.42679999999999996,0.40602321428571425,13.251816666666741,65.91530416666652,1426.3314500000001,1426.3314500000001,1426.3314500000001,833.3333333333333,0.0,7800.0,0.0
2025-10-28,0,5,0:50-1:00,571.4166666666666,0.0,0.40722499999999995,0.387017857142857,17.34333333333342,63.36482499999988,1422.0933333333332,1422.0933333333332,1422.0933333333332,833.3333333333333,0.0,8550.0,0.0
2025-10-28,0,6,1:00-1:10,565.0664166666666,0.0,0.422775,0.40551026785714284,18.69735000000003,58.71552083333329,1417.0971,1417.0971,1417.0971,833.3333333333333,0.0,9300.0,0.0
2025-10-28,0,7,1:10-1:20,557.9010499999999,0.0,0.432475,0.41849553571428577,21.840383333333364,62.799666666666724,579.7414333333334,579.7414333333334,579.7414333333334,0.0,0.0,9300.0,0.0
2025-10-28,0,8,1:20-1:30,561.1416666666667,0.0,0.425575,0.41367901785714284,21.50666666666666,53.19044166666664,582.6483333333333,582.6483333333333,582.6483333333333,0.0,0.0,9300.0,0.0
2025-10-28,0,9,1:30-1:40,588.42865,0.0,0.429225,0.41821517857142865,24.153149999999982,51.004208333333324,612.5817999999999,612.5817999999999,612.5817999999999,0.0,0.0,9300.0,0.0
2025-10-28,0,10,1:40-1:50,599.1647166666667,0.0,0.42310000000000003,0.41184553571428567,20.526399999999967,24.03365833333342,619.6911166666666,619.6911166666666,619.6911166666666,0.0,0.0,9300.0,0.0
2025-10-28,0,11,1:50-2:00,586.0133333333333,0.0,0.405125,0.39127589285714287,23.944999999999936,15.250937500000049,1443.2916666666665,1443.2916666666665,1443.2916666666665,833.3333333333333,0.0,10050.0,0.0
2025-10-28,0,12,2:00-2:10,581.49925,0.0,0.40117499999999995,0.3827102678571429,23.729833333333318,16.712549999999837,1438.5624166666666,1438.5624166666666,1438.5624166666666,833.3333333333333,0.0,10800.0,0.0
2025-10-28,0,13,2:10-2:20,589.31825,0.0,0.42369999999999997,0.4096848214285713,26.372100000000046,24.11025416666655,615.6903500000001,615.6903500000001,615.6903500000001,0.0,0.0,10800.0,0.0
2025-10-28,0,14,2:20-2:30,599.3516666666667,0.0,0.44317500000000004,0.43740937499999993,19.800000000000068,37.14721666666662,619.1516666666668,619.1516666666668,619.1516666666668,0.0,0.0,10800.0,0.0
2025-10-28,0,15,2:30-2:40,600.9002499999999,0.0,0.42155,0.41102633928571425,21.18976666666663,30.79334166666662,622.0900166666665,622.0900166666665,622.0900166666665,0.0,0.0,10800.0,0.0
2025-10-28,0,16,2:40-2:50,604.5431666666666,0.0,0.43329999999999996,0.417578125,14.340366666666682,42.166444047619066,618.8835333333333,618.8835333333333,618.8835333333333,0.0,0.0,10800.0,0.0
2025-10-28,0,17,2:50-3:00,608.9066666666666,0.0,0.46812499999999996,0.45383169642857146,21.843333333333305,40.5453416666665,630.75,630.75,630.75,0.0,0.0,10800.0,0.0
2025-10-28,0,18,3:00-3:10,599.5592166666667,0.0,0.441075,0.42916249999999995,21.398050000000012,41.515283333333315,620.9572666666667,620.9572666666667,620.9572666666667,0.0,0.0,10800.0,0.0
2025-10-28,0,19,3:10-3:20,579.9626499999999,0.0,0.419475,0.4067482142857143,15.28920000000005,25.763648809523687,595.25185,595.25185,595.25185,-0.0,0.0,10800.0,0.0
2025-10-28,0,20,3:20-3:30,575.68,0.0,0.424425,0.4112232142857143,18.786666666666747,27.797212499999873,594.4666666666667,594.4666666666667,594.4666666666667,0.0,0.0,10800.0,0.0
2025-10-28,0,21,3:30-3:40,607.7022833333333,0.0,0.414025,0.4068968749999999,18.111216666666678,40.39968392857138,625.8135,625.8135,625.8135,-0.0,0.0,10800.0,0.0
2025-10-28,0,22,3:40-3:50,612.5817833333333,0.0,0.431975,0.4263446428571428,19.827549999999974,32.967307142857166,632.4093333333333,632.4093333333333,632.4093333333333,0.0,0.0,10800.0,0.0
2025-10-28,0,23,3:50-4:00,587.4399999999999,0.0,0.462325,0.45285803571428557,21.37166666666667,17.54355238095242,608.8116666666666,608.8116666666666,608.8116666666666,0.0,0.0,10800.0,0.0
2025-10-28,0,24,4:00-4:10,590.0303666666666,0.0,0.43995,0.4318223214285714,16.732014285714286,48.82536547619057,606.7623809523809,606.7623809523809,606.7623809523809,0.0,0.0,10800.0,0.0
2025-10-28,0,25,4:10-4:20,595.2232333333333,0.0,0.42715000000000003,0.4221964285714287,21.59964999999994,48.52870595238102,616.8228833333333,616.8228833333333,616.8228833333333,0.0,0.0,10800.0,0.0
2025-10-28,0,26,4:20-4:30,603.4,0.0,0.449425,0.4449571428571429,14.001666666666551,55.50681964285724,617.4016666666665,617.4016666666665,617.4016666666665,0.0,0.0,10800.0,0.0
2025-10-28,0,27,4:30-4:40,638.72145,0.00038571428571428567,0.47007499999999997,0.46296517857142855,24.950066666666714,90.27140059523808,663.6711309523811,663.6711309523811,663.6711309523811,0.0,0.0,10800.0,0.0
2025-10-28,0,28,4:40-4:50,635.8521333333333,0.0,0.48239999999999994,0.47538571428571424,29.26902142857142,77.23555535714263,665.1211547619048,665.1211547619048,665.1211547619048,0.0,0.0,10800.0,0.0
2025-10-28,0,29,4:50-5:00,595.5733333333333,0.0,0.47579999999999995,0.47088883928571407,17.81666666666672,108.96602202380966,613.39,613.39,613.39,0.0,0.0,10800.0,0.0
2025-10-28,0,30,5:00-5:10,591.6357666666667,0.005380952380952382,0.445925,0.43880446428571424,17.39268571428579,114.22497559523833,609.0230714285715,609.0230714285715,609.0230714285715,0.0,0.0,10800.0,0.0
2025-10-28,0,31,5:10-5:20,631.72155,0.0,0.4577,0.447861607142857,19.334299999999985,122.61644583333361,651.05585,651.05585,651.05585,0.0,0.0,10800.0,0.0
2025-10-28,0,32,5:20-5:30,662.5216666666666,0.0,0.46807499999999996,0.4602022321428571,22.74333333333334,184.51974047619092,685.265,685.265,685.265,0.0,0.0,10800.0,0.0
2025-10-28,0,33,5:30-5:40,638.8858666666666,0.07494523809523809,0.41142500000000004,0.4112254464285714,25.56844523809525,253.7536690476195,664.3793666666667,664.3793666666667,664.3793666666667,-0.0,0.0,10800.0,0.0
2025-10-28,0,34,5:40-5:50,711.3808333333333,0.0,0.6098750000000001,0.6127508928571429,24.728533333333417,286.4149708333338,736.1093666666667,736.1093666666667,736.1093666666667,0.0,-0.0,10800.0,0.0
2025-10-28,0,35,5:50-6:00,831.9733333333334,0.0,0.9649249999999999,0.9676589285714284,37.33547619047613,373.1427720238109,35.97547619047623,35.97547619047623,35.97547619047623,0.0,833.3333333333333,9874.074074074075,0.0
2025-10-28,0,36,6:00-6:10,800.2601666666666,1.043797619047619,1.020725,1.0309433035714288,24.540409523809444,439.721509523811,0.0,0.0,0.0,0.0,823.7567785714284,8958.788764550265,0.0
2025-10-28,0,37,6:10-6:20,788.2688833333333,0.0,0.96045,0.9771316964285716,34.954185714285586,500.07225773809654,0.0,0.0,0.0,0.0,823.2230690476189,8044.096465608466,0.0
2025-10-28,0,38,6:20-6:30,833.685,0.34910714285714284,0.93545,0.9537638392857144,36.451607142857256,596.904961309525,36.454166666666765,36.454166666666765,36.454166666666765,0.0,833.3333333333333,7118.17053968254,0.0
2025-10-28,0,39,6:30-6:40,801.6034333333333,31.08828095238095,0.91215,0.9315790178571433,42.862240476190465,649.2985470238104,813.3773928571428,813.3773928571428,813.3773928571428,0.0,0.0,7118.17053968254,0.0
2025-10-28,0,40,6:40-6:50,782.1058833333333,76.53896904761905,0.902325,0.9199549107142856,45.231404761904656,649.3802976190486,750.7983190476189,750.7983190476189,750.7983190476189,0.0,0.0,7118.17053968254,0.0
2025-10-28,0,41,6:50-7:00,802.3116666666666,125.82321428571427,0.9004000000000001,0.916478125,45.28446428571414,670.9179440476196,721.7729166666664,721.7729166666664,721.7729166666664,0.0,0.0,7118.17053968254,0.0
2025-10-28,0,42,7:00-7:10,796.3395999999999,178.87190476190477,0.880275,0.9013495535714285,43.86603333333346,683.3867833333338,661.3337285714285,661.3337285714285,661.3337285714285,0.0,0.0,7118.17053968254,0.0
2025-10-28,0,43,7:10-7:20,808.8414666666665,235.10670714285715,0.856775,0.8794834821428571,51.68145952380951,686.3931470238099,625.4162190476188,625.4162190476188,625.4162190476188,0.0,0.0,7118.17053968254,0.0
2025-10-28,0,44,7:20-7:30,812.915,292.38571428571424,0.8046,0.8245892857142857,66.00440476190482,682.6147583333338,586.5336904761906,586.5336904761906,586.5336904761906,0.0,0.0,7118.17053968254,0.0
2025-10-28,0,45,7:30-7:40,755.4057166666666,349.1303857142857,0.727275,0.7484321428571429,60.743007142856925,680.6294458333339,1300.351671428571,1300.351671428571,1300.351671428571,833.3333333333333,0.0,7868.17053968254,0.0
2025-10-28,0,46,7:40-7:50,864.6400666666666,410.8766071428571,0.922925,0.9424732142857144,58.38174047619043,637.766860714286,165.31061904761657,165.31061904761657,165.31061904761657,0.0,346.83458095238336,7482.798783068781,0.0
2025-10-28,0,47,7:50-8:00,1085.2849999999999,475.76249999999993,1.251525,1.2669544642857142,58.77755952380937,601.3836904761907,0.0,0.0,0.0,0.0,668.3000595238094,6740.243161375659,0.0
2025-10-28,0,48,8:00-8:10,1116.6041666666665,535.4304714285713,1.24425,1.260725892857143,47.567523809523834,640.4140922619049,0.0,0.0,0.0,0.0,628.7412190476191,6041.641806878304,0.0
2025-10-28,0,49,8:10-8:20,1090.4272333333333,592.1737690476191,1.153775,1.1711276785714286,65.67844285714284,614.171697619048,0.0,0.0,0.0,0.0,563.931907142857,5415.0507989417965,0.0
2025-10-28,0,50,8:20-8:30,1105.9683333333332,648.0964285714285,1.153625,1.1708343749999996,68.46684523809529,595.1036500000002,0.0,0.0,0.0,0.0,526.3387499999999,4830.229965608463,0.0
2025-10-28,0,51,8:30-8:40,1118.5455,702.0322023809522,1.16215,1.1823982142857143,85.90043571428566,586.0986351190479,0.0,0.0,0.0,0.0,502.4137333333333,4271.992484126982,0.0
2025-10-28,0,52,8:40-8:50,1089.7554166666666,751.614257142857,1.1412,1.1607709821428571,82.01102380952386,618.4791363095242,0.0,0.0,0.0,0.0,420.15218333333337,3805.156724867723,0.0
2025-10-28,0,53,8:50-9:00,1057.725,795.7785714285712,1.1049499999999999,1.119350446428571,96.67386904761912,540.7465726190485,0.0,0.0,0.0,0.0,358.62029761904773,3406.6897275132255,0.0
2025-10-28,0,54,9:00-9:10,1092.18105,837.138807142857,1.0911,1.1026883928571425,90.56386428571426,520.3799321428576,0.0,0.0,0.0,0.0,345.60610714285724,3022.6829417989397,0.0
2025-10-28,0,55,9:10-9:20,1101.0018499999999,886.0122833333332,1.0777999999999999,1.0902370535714285,86.3660023809523,557.9699803571432,0.0,0.0,0.0,0.0,301.3555690476189,2687.843420634919,0.0
2025-10-28,0,56,9:20-9:30,1069.9133333333332,938.1312499999999,1.0475249999999998,1.06409375,79.34273809523786,566.5440196428577,0.0,0.0,0.0,0.0,211.12482142857107,2453.2602857142842,0.0
2025-10-28,0,57,9:30-9:40,1076.1488166666666,980.1704595238094,1.005025,1.0238156250000003,94.96855952380952,546.1175583333331,0.0,0.0,0.0,0.0,190.94691666666665,2241.0970449735437,0.0
2025-10-28,0,58,9:40-9:50,1088.2056833333331,1027.3601285714285,0.9661,0.9631964285714286,99.02414523809519,541.1067839285712,0.0,0.0,0.0,0.0,159.86969999999974,2063.464044973544,0.0
2025-10-28,0,59,9:50-10:00,1084.7333333333331,1075.192857142857,0.9498749999999999,0.9150254464285713,102.86107142857134,554.0833791666661,112.4015476190475,112.4015476190475,112.4015476190475,0.0,0.0,2063.464044973544,0.0
2025-10-28,0,60,10:00-10:10,1081.1864166666664,1105.247138095238,0.958625,0.9196549107142856,104.72178571428587,548.9376452380947,80.66106428571447,80.66106428571447,80.66106428571447,0.0,0.0,2063.464044973544,0.0
2025-10-28,0,61,10:10-10:20,1085.2476333333334,1149.7409642857142,0.929975,0.8921915178571431,87.70036904761916,644.6126422619045,23.20703809523843,23.20703809523843,23.20703809523843,0.0,0.0,2063.464044973544,0.0
2025-10-28,0,62,10:20-10:30,1092.8183333333332,1209.8232142857144,0.9035,0.8598116071428572,85.28898809523784,748.375350595238,0.0,0.0,0.0,31.715892857143444,0.0,2092.008348544973,0.0
2025-10-28,0,63,10:30-10:40,1094.2845166666666,1251.4134642857143,0.9484,0.9048982142857147,100.84589523809534,802.807513690476,0.0,0.0,0.0,56.28305238095231,0.0,2142.6630956878303,0.0
2025-10-28,0,64,10:40-10:50,1094.9978666666666,1275.717057142857,0.7983500000000001,0.7727178571428576,86.48135714285735,787.7102255952378,0.0,0.0,0.0,94.2378333333329,0.0,2227.4771456878298,0.0
2025-10-28,0,65,10:50-11:00,1089.8899999999999,1295.4669642857143,0.527775,0.5264249999999999,79.04005952380939,734.1656023809526,706.7964285714281,706.7964285714281,706.7964285714281,833.3333333333333,0.0,2977.4771456878298,0.0
2025-10-28,0,66,11:00-11:10,1071.2556666666665,1321.5718428571427,0.49932499999999996,0.5038379464285714,70.97718809523826,701.1974452380955,653.9943452380953,653.9943452380953,653.9943452380953,833.3333333333333,0.0,3727.4771456878298,0.0
2025-10-28,0,67,11:10-11:20,1075.3921666666665,1348.626211904762,0.534725,0.5360732142857143,85.17278571428608,810.0864398809517,412.48427701352466,412.48427701352466,412.48427701352466,600.5455365373341,0.0,4267.9681285714305,0.0
2025-10-28,0,68,11:20-11:30,1092.6616666666666,1364.21875,0.521875,0.5209741071428572,78.8532142857141,1031.818245238095,640.629464285714,640.629464285714,640.629464285714,833.3333333333333,0.0,5017.9681285714305,0.0
2025-10-28,0,69,11:30-11:40,1073.3154666666665,1359.5430333333334,0.5258,0.5245986607142857,95.2195857142857,1163.8093624999995,642.3253523809519,642.3253523809519,642.3253523809519,833.3333333333333,0.0,5767.9681285714305,0.0
2025-10-28,0,70,11:40-11:50,1035.0531666666666,1351.111888095238,0.498475,0.49722767857142863,98.14620714285701,1217.800341666666,615.4208190476188,615.4208190476188,615.4208190476188,833.3333333333333,0.0,6517.9681285714305,0.0
2025-10-28,0,71,11:50-12:00,1002.1700000000001,1345.6044642857144,0.443575,0.44219553571428566,96.19238095238097,1236.6600017857133,586.09125,586.09125,586.09125,833.3333333333333,0.0,7267.9681285714305,0.0
2025-10-28,0,72,12:00-12:10,986.0572,1336.248145238095,0.42667499999999997,0.4263964285714287,88.03419285714244,1264.0142726190466,571.1765809523806,571.1765809523806,571.1765809523806,833.3333333333333,0.0,8017.9681285714305,0.0
2025-10-28,0,73,12:10-12:20,989.19895,1326.8532904761903,0.43195,0.4339446428571428,92.0838357142859,1294.57260595238,587.7628285714288,587.7628285714288,587.7628285714288,833.3333333333333,0.0,8767.96812857143,0.0
2025-10-28,0,74,12:20-12:30,992.2533333333333,1315.1464285714283,0.41565,0.4182312499999999,102.83017857142835,1315.9015702380943,613.2704166666667,613.2704166666667,613.2704166666667,833.3333333333333,0.0,9517.96812857143,0.0
2025-10-28,0,75,12:30-12:40,974.9139333333333,1295.3838476190476,0.38632500000000003,0.38522678571428587,113.78910952380966,1291.419844047618,626.6525285714285,626.6525285714285,626.6525285714285,833.3333333333333,0.0,10267.96812857143,0.0
2025-10-28,0,76,12:40-12:50,988.9546,1282.4393785714285,0.570775,0.5696267857142856,107.41617380952391,1248.3827547619037,0.0,0.0,0.0,186.06860476190445,0.0,10435.429872857145,0.0
2025-10-28,0,77,12:50-13:00,1037.545,1270.6883928571428,0.8587,0.8610035714285715,96.09946428571433,1186.8894392857133,0.0,0.0,0.0,137.04392857142852,0.0,10558.76940857143,0.0
2025-10-28,0,78,13:00-13:10,1065.7161999999998,1239.0107785714283,0.8888,0.8898517857142856,76.2450023809526,1158.9033529761894,0.0,0.0,0.0,97.04957619047582,0.0,10646.114027142858,0.0
2025-10-28,0,79,13:10-13:20,1054.9909499999999,1206.3686261904763,0.85455,0.8520696428571428,73.39906666666656,1038.03478095238,0.0,0.0,0.0,77.97860952380984,0.0,10716.294775714287,0.0
2025-10-28,0,80,13:20-13:30,1035.0166666666667,1180.674107142857,0.8848,0.8824651785714286,72.44958333333356,852.3110458333323,0.0,0.0,0.0,73.20785714285694,0.0,10782.181847142858,0.0
2025-10-28,0,81,13:30-13:40,1050.5229666666667,1150.1976738095238,0.9136,0.9154379464285717,79.87675952380945,775.3920089285709,0.0,0.0,0.0,19.797947619047818,0.0,10800.0,0.0
2025-10-28,0,82,13:40-13:50,1055.8415666666665,1110.2233214285711,0.924925,0.9112691964285714,74.7460642857144,756.7974922619037,0.0,0.0,0.0,0.0,20.36430952380988,10777.372989417989,0.0
2025-10-28,0,83,13:50-14:00,1035.5749999999998,1061.8151785714285,0.930875,0.891192410714286,83.001488095238,731.5430636904757,0.0,0.0,0.0,0.0,56.76130952380936,10714.304867724868,0.0
2025-10-28,0,84,14:00-14:10,1024.5796833333334,1009.8379095238097,0.948925,0.9076660714285714,69.1698833333334,710.3108166666661,0.0,0.0,0.0,0.0,83.91165714285717,10621.069693121693,0.0
2025-10-28,0,85,14:10-14:20,1043.4283333333333,959.2308571428571,0.9667749999999999,0.9318584821428573,71.59513333333337,671.9376529761898,0.0,0.0,0.0,0.0,155.79260952380946,10447.966793650794,0.0
2025-10-28,0,86,14:20-14:30,1059.94,915.8366071428572,0.99515,0.9577575892857142,70.93047619047631,656.7104363095232,0.0,0.0,0.0,0.0,215.0338690476192,10209.040272486773,0.0
2025-10-28,0,87,14:30-14:40,1025.4896166666667,883.4115904761904,1.0312,0.9857874999999996,75.02087619047657,648.0076535714284,0.0,0.0,0.0,0.0,217.09890238095295,9967.81926984127,0.0
2025-10-28,0,88,14:40-14:50,1015.8368499999999,853.5812738095239,0.9071,0.8772754464285717,65.20547142857163,593.9183416666667,227.4610476190477,227.4610476190477,227.4610476190477,0.0,0.0,9967.81926984127,0.0
2025-10-28,0,89,14:50-15:00,1042.1983333333333,813.0785714285714,0.707175,0.7075294642857145,65.75946428571436,480.68064047619066,1128.2125595238094,1128.2125595238094,1128.2125595238094,833.3333333333333,0.0,10717.81926984127,0.0
2025-10-28,0,90,15:00-15:10,1040.7003166666666,753.5227261904762,0.7066250000000001,0.7119794642857143,68.95152857142836,355.79153333333363,447.44104144620815,447.44104144620815,447.44104144620815,91.31192239858946,0.0,10800.0,0.0
2025-10-28,0,91,15:10-15:20,1030.6566666666665,692.7441404761904,0.7751,0.7748504464285716,57.2792023809524,257.2076363095228,395.1917285714286,395.1917285714286,395.1917285714286,0.0,0.0,10800.0,0.0
2025-10-28,0,92,15:20-15:30,1027.21,638.4776785714286,0.8034749999999999,0.8033982142857139,68.13017857142859,273.149361309523,456.86250000000007,456.86250000000007,456.86250000000007,0.0,0.0,10800.0,0.0
2025-10-28,0,93,15:30-15:40,1024.1309166666665,583.9873880952381,0.812225,0.8184160714285715,62.02713095238088,227.27556190476224,502.1706595238094,502.1706595238094,502.1706595238094,0.0,0.0,10800.0,0.0
2025-10-28,0,94,15:40-15:50,1032.6210833333332,531.0721547619048,0.8357749999999999,0.8406616071428571,65.44558571428581,150.53605297619043,566.9945142857143,566.9945142857143,566.9945142857143,0.0,0.0,10800.0,0.0
2025-10-28,0,95,15:50-16:00,1041.6666666666665,478.0133928571429,0.8734500000000001,0.8723026785714287,57.33970238095242,167.75926666666666,620.9929761904762,620.9929761904762,620.9929761904762,0.0,0.0,10800.0,0.0
2025-10-28,0,96,16:00-16:10,1026.2201,419.40559999999994,0.8983749999999999,0.9014803571428576,63.016883333333226,206.48925238095245,669.8313833333333,669.8313833333333,669.8313833333333,0.0,-0.0,10800.0,0.0
2025-10-28,0,97,16:10-16:20,1011.2676499999999,358.39463809523807,0.9272,0.9300241071428573,46.53482142857155,171.70868214285724,699.4078333333333,699.4078333333333,699.4078333333333,0.0,-0.0,10800.0,0.0
2025-10-28,0,98,16:20-16:30,1005.7533333333333,299.45446428571427,0.9548,0.9523196428571427,63.92500000000001,129.1504410714291,770.223869047619,770.223869047619,770.223869047619,0.0,-0.0,10800.0,0.0
2025-10-28,0,99,16:30-16:40,998.4834333333333,244.38948333333332,0.9580249999999999,0.9602897321428572,54.10048809523812,181.4075648809527,808.1944380952382,808.1944380952382,808.1944380952382,0.0,-0.0,10800.0,0.0
2025-10-28,0,100,16:40-16:50,1010.8813166666666,188.1382095238095,0.9708000000000001,0.9774129464285719,46.800914285714214,162.5455690476188,869.5440214285713,869.5440214285713,869.5440214285713,0.0,-0.0,10800.0,0.0
2025-10-28,0,101,16:50-17:00,1022.43,131.14196428571427,1.0018500000000001,1.0069598214285713,45.48660714285711,126.26211011904749,936.7746428571429,936.7746428571429,936.7746428571429,0.0,0.0,10800.0,0.0
2025-10-28,0,102,17:00-17:10,989.0122666666666,79.3318142857143,1.028075,1.030885267857143,37.93521666666675,107.68033928571413,947.6156690476191,947.6156690476191,947.6156690476191,0.0,0.0,10800.0,0.0
2025-10-28,0,103,17:10-17:20,971.6338999999999,32.30448571428572,1.05725,1.0576866071428572,36.33460476190476,61.09998273809498,975.6640190476189,975.6640190476189,975.6640190476189,0.0,0.0,10800.0,0.0
2025-10-28,0,104,17:20-17:30,1009.8416666666667,0.40267857142857144,1.08595,1.0831508928571427,27.774642857142794,71.86348214285735,1037.2136309523808,1037.2136309523808,1037.2136309523808,0.0,0.0,10800.0,0.0
2025-10-28,0,105,17:30-17:40,1057.83765,0.0,1.10855,1.1007223214285713,23.463373809523773,68.82260416666679,1081.3010238095237,1081.3010238095237,1081.3010238095237,0.0,0.0,10800.0,0.0
2025-10-28,0,106,17:40-17:50,934.6588166666667,1.0800333333333332,1.1829999999999998,1.1680223214285712,25.901866666666706,55.32587261904749,959.4806500000001,959.4806500000001,959.4806500000001,0.0,0.0,10800.0,0.0
2025-10-28,0,107,17:50-18:00,722.7016666666666,0.0,1.271925,1.2529910714285717,29.85833333333335,51.944520238095265,0.0,0.0,0.0,0.0,752.56,9963.822222222223,0.0
2025-10-28,0,108,18:00-18:10,696.0546833333333,0.0,1.27245,1.2574183035714288,11.670050000000003,59.386630952381054,0.0,0.0,0.0,0.0,707.7247333333332,9177.461407407409,0.0
2025-10-28,0,109,18:10-18:20,715.9864333333333,0.07754047619047619,1.261025,1.2391200892857148,24.637959523809457,49.97504047619064,0.0,0.0,0.0,0.0,740.5468523809523,8354.631571428574,0.0
2025-10-28,0,110,18:20-18:30,694.1116666666667,0.0,1.275125,1.2420071428571429,33.32666666666671,67.5956369047618,0.0,0.0,0.0,0.0,727.4383333333334,7546.366756613759,0.0
2025-10-28,0,111,18:30-18:40,686.6023333333333,0.0,1.2778,1.251008482142857,17.976042857142943,40.97843690476188,0.0,0.0,0.0,0.0,704.5783761904762,6763.501894179897,0.0
2025-10-28,0,112,18:40-18:50,700.0788666666667,0.005569047619047619,1.2760749999999998,1.235477678571428,16.09758333333332,61.93127559523806,0.0,0.0,0.0,0.0,716.170880952381,5967.756470899474,0.0
2025-10-28,0,113,18:50-19:00,714.8299999999999,0.0,1.28105,1.2117776785714292,18.329999999999927,43.53322738095268,733.1599999999999,733.1599999999999,733.1599999999999,0.0,0.0,5967.756470899474,0.0
2025-10-28,0,114,19:00-19:10,710.2713666666666,0.0,1.28895,1.2206638392857143,23.65402619047626,39.44177976190478,0.0,0.0,0.0,0.0,733.9253928571429,5152.283812169315,0.0
2025-10-28,0,115,19:10-19:20,709.9134,0.0003976190476190476,1.271175,1.204250446428571,19.05006904761899,32.05537499999991,728.9630714285714,728.9630714285714,728.9630714285714,0.0,0.0,5152.283812169315,0.0
2025-10-28,0,116,19:20-19:30,718.9616666666667,0.0,1.2550999999999999,1.1812285714285715,20.646666666666647,40.59451547619038,739.6083333333333,739.6083333333333,739.6083333333333,0.0,0.0,5152.283812169315,0.0
2025-10-28,0,117,19:30-19:40,718.6854666666666,0.0,1.2945499999999999,1.2264558035714284,15.791166666666754,49.73595178571432,0.0,0.0,0.0,0.0,734.4766333333333,4336.198664021167,0.0
2025-10-28,0,118,19:40-19:50,712.5957833333333,0.0,1.3053000000000001,1.2382691964285717,21.71131666666662,46.96365059523822,0.0,0.0,0.0,0.0,734.3071,3520.301886243389,0.0
2025-10-28,0,119,19:50-20:00,713.1616666666666,0.0,1.2756750000000001,1.2014392857142855,25.226666666666688,37.038866666666834,738.3883333333333,738.3883333333333,738.3883333333333,0.0,0.0,3520.301886243389,0.0
2025-10-28,0,120,20:00-20:10,726.44845,0.0,1.2776750000000001,1.20370625,16.81883333333326,61.107191666666665,743.2672833333332,743.2672833333332,743.2672833333332,0.0,0.0,3520.301886243389,0.0
2025-10-28,0,121,20:10-20:20,722.6385166666666,0.0,1.28815,1.2188624999999997,18.746149999999943,73.16532916666662,226.5608773809496,226.5608773809496,226.5608773809496,0.0,514.823789285717,2948.2754537037035,0.0
2025-10-28,0,122,20:20-20:30,709.0383333333332,0.0,1.30735,1.2382665178571428,19.358333333333462,70.01624583333339,0.0,0.0,0.0,0.0,728.3966666666666,2138.945824074074,0.0
2025-10-28,0,123,20:30-20:40,721.6734166666666,0.0,1.3335249999999998,1.2585348214285712,16.997583333333296,82.65897083333354,0.0,0.0,0.0,0.0,738.6709999999999,1318.2002685185184,0.0
2025-10-28,0,124,20:40-20:50,728.7256833333332,0.0,1.17825,1.1201459821428574,17.933749999999918,68.17687499999992,746.6594333333331,746.6594333333331,746.6594333333331,0.0,0.0,1318.2002685185184,0.0
2025-10-28,0,125,20:50-21:00,721.7366666666667,0.0,0.9432,0.9148937500000002,14.578333333333262,106.38024166666668,740.5561934156378,740.5561934156378,740.5561934156378,4.241193415637857,0.0,1322.0173425925925,0.0
2025-10-28,0,126,21:00-21:10,724.2123333333334,0.0,0.9371499999999999,0.9113062499999999,14.344900000000052,109.81560833333322,738.5572333333334,738.5572333333334,738.5572333333334,0.0,0.0,1322.0173425925925,0.0
2025-10-28,0,127,21:10-21:20,725.4609499999999,0.0,0.959875,0.9317035714285715,22.956549999999993,70.17312083333323,748.4174999999999,748.4174999999999,748.4174999999999,0.0,0.0,1322.0173425925925,0.0
2025-10-28,0,128,21:20-21:30,734.3233333333333,0.0,0.947875,0.9226058035714285,19.36833333333334,80.68514999999992,753.6916666666666,753.6916666666666,753.6916666666666,0.0,0.0,1322.0173425925925,0.0
2025-10-28,0,129,21:30-21:40,755.2522333333333,0.0,0.99555,0.965954910714286,17.05896666666672,96.6885208333332,730.0741291666667,730.0741291666667,730.0741291666667,0.0,42.23707083333329,1275.0872638888889,0.0
2025-10-28,0,130,21:40-21:50,670.0734166666666,0.0,0.782475,0.7531044642857144,28.21706666666671,67.5785375,685.2287833333334,685.2287833333334,685.2287833333334,0.0,13.061699999999927,1260.574263888889,0.0
2025-10-28,0,131,21:50-22:00,535.4866666666667,0.0,0.424725,0.3995584821428572,17.278333333333308,54.51683750000004,552.765,552.765,552.765,0.0,0.0,1260.574263888889,0.0
2025-10-28,0,132,22:00-22:10,534.2656833333333,0.0,0.39475,0.3653540178571428,13.22821666666664,39.21083333333334,1380.8272333333332,1380.8272333333332,1380.8272333333332,833.3333333333333,0.0,2010.574263888889,0.0
2025-10-28,0,133,22:10-22:20,537.7894666666666,0.0,0.43155,0.40371517857142863,19.97821666666664,35.2030583333334,557.7676833333333,557.7676833333333,557.7676833333333,0.0,0.0,2010.574263888889,0.0
2025-10-28,0,134,22:20-22:30,512.1899999999999,0.0,0.393325,0.37208616071428574,31.596666666666692,40.2252041666667,1377.12,1377.12,1377.12,833.3333333333333,0.0,2760.5742638888887,0.0
2025-10-28,0,135,22:30-22:40,551.21075,0.0,0.403825,0.3785709821428571,23.381616666666673,58.789045833333375,1407.9256999999998,1407.9256999999998,1407.9256999999998,833.3333333333333,0.0,3510.5742638888887,0.0
2025-10-28,0,136,22:40-22:50,565.2005666666666,0.0,0.416775,0.38853794642857153,24.038533333333362,44.491195833333364,855.2676956790126,855.2676956790126,855.2676956790126,266.02859567901254,0.0,3750.0,0.0
2025-10-28,0,137,22:50-23:00,544.46,0.0,0.407075,0.38245669642857144,19.021666666666647,44.953070833333314,1396.815,1396.815,1396.815,833.3333333333333,0.0,4500.0,0.0
2025-10-28,0,138,23:00-23:10,572.96415,0.0,0.40752499999999997,0.3863575892857142,25.23085000000009,36.935024999999996,1431.5283333333334,1431.5283333333334,1431.5283333333334,833.3333333333333,0.0,5250.0,0.0
2025-10-28,0,139,23:10-23:20,600.9120166666667,0.0,0.414925,0.3937183035714286,22.931266666666602,59.41117500000024,623.8432833333333,623.8432833333333,623.8432833333333,0.0,0.0,5250.0,0.0
2025-10-28,0,140,23:20-23:30,598.56,0.0,0.422825,0.39990223214285703,29.495000000000005,55.75267083333331,628.055,628.055,628.055,0.0,0.0,5250.0,0.0
2025-10-28,0,141,23:30-23:40,587.39255,0.0,0.4283,0.4061973214285715,18.29841666666664,43.3908625000001,605.6909666666667,605.6909666666667,605.6909666666667,0.0,0.0,5250.0,0.0
2025-10-28,0,142,23:40-23:50,574.4526666666666,0.0,0.417675,0.3965915178571429,24.62861666666663,37.70382083333325,599.0812833333332,599.0812833333332,599.0812833333332,0.0,0.0,5250.0,0.0
2025-10-28,0,143,23:50-24:00,568.6233333333332,0.0,0.405075,0.3851919642857143,28.281666666666695,28.126666666666637,1430.2383333333332,1430.2383333333332,1430.2383333333332,833.3333333333333,0.0,6000.0,0.0
2025-10-29,0,0,0:00-0:10,575.3755666666666,0.0,0.41955,0.40415223214285706,24.70133333333331,62.859062499999794,900.5376678130539,900.5376678130539,900.5376678130539,300.46076781305396,0.0,7050.0,0.0
2025-10-29,0,1,0:10-0:20,564.5042,0.0,0.42882499999999996,0.41306696428571427,18.68164999999999,80.46406249999997,583.18585,583.18585,583.18585,0.0,0.0,7050.0,0.0
2025-10-29,0,2,0:20-0:30,546.5466666666666,0.0,0.4185,0.3986584821428571,19.021666666666647,72.00073749999956,1398.9016666666666,1398.9016666666666,1398.9016666666666,833.3333333333333,0.0,7800.0,0.0
2025-10-29,0,3,0:30-0:40,562.83705,0.0,0.41035,0.38978214285714285,14.377483333333316,67.72803749999986,1410.5478666666666,1410.5478666666666,1410.5478666666666,833.3333333333333,0.0,8550.0,0.0
2025-10-29,0,4,0:40-0:50,580.6153833333333,0.0,0.43242500000000006,0.4122428571428572,13.251816666666741,63.90960416666644,593.8672,593.8672,593.8672,0.0,0.0,8550.0,0.0
2025-10-29,0,5,0:50-1:00,585.1866666666666,0.0,0.4637,0.44434151785714276,17.34333333333342,61.35912499999981,602.53,602.53,602.53,0.0,0.0,8550.0,0.0
2025-10-29,0,6,1:00-1:10,591.4816833333333,0.0,0.45165,0.4355901785714285,20.407033333333402,56.03607083333314,611.8887166666667,611.8887166666667,611.8887166666667,0.0,0.0,8550.0,0.0
2025-10-29,0,7,1:10-1:20,586.2271666666666,0.0,0.419975,0.40656785714285715,21.91181666666671,61.82989999999995,608.1389833333333,608.1389833333333,608.1389833333333,0.0,0.0,8550.0,0.0
2025-10-29,0,8,1:20-1:30,590.3699999999999,0.0,0.4121,0.40007544642857135,22.405000000000086,52.29210833333322,1446.1083333333331,1446.1083333333331,1446.1083333333331,833.3333333333333,0.0,9300.0,0.0
2025-10-29,0,9,1:30-1:40,631.9878666666666,0.0,0.44605000000000006,0.43608348214285714,24.153149999999982,51.004208333333324,656.1410166666666,656.1410166666666,656.1410166666666,0.0,0.0,9300.0,0.0
2025-10-29,0,10,1:40-1:50,608.34475,0.0,0.44265,0.43259419642857155,20.526399999999967,24.03365833333342,628.87115,628.87115,628.87115,0.0,0.0,9300.0,0.0
2025-10-29,0,11,1:50-2:00,551.4316666666666,0.0,0.41412499999999997,0.4004290178571429,23.944999999999936,15.250937500000049,1408.7099999999998,1408.7099999999998,1408.7099999999998,833.3333333333333,0.0,10050.0,0.0
2025-10-29,0,12,2:00-2:10,595.3930166666667,0.0,0.44737499999999997,0.4295857142857143,23.729833333333318,16.712549999999837,619.12285,619.12285,619.12285,0.0,0.0,10050.0,0.0
2025-10-29,0,13,2:10-2:20,617.84395,0.0,0.47017499999999995,0.45770624999999987,26.372100000000046,24.11025416666655,644.21605,644.21605,644.21605,0.0,0.0,10050.0,0.0
2025-10-29,0,14,2:20-2:30,576.2716666666666,0.0,0.45642499999999997,0.45284107142857133,19.800000000000068,35.60221666666662,596.0716666666667,596.0716666666667,596.0716666666667,0.0,0.0,10050.0,0.0
2025-10-29,0,15,2:30-2:40,558.89605,0.0,0.45335,0.4458308035714286,21.18976666666663,30.27834166666662,580.0858166666666,580.0858166666666,580.0858166666666,0.0,0.0,10050.0,0.0
2025-10-29,0,16,2:40-2:50,590.75065,0.0,0.45367500000000005,0.4399776785714285,14.340366666666682,41.415194047619025,605.0910166666666,605.0910166666666,605.0910166666666,0.0,0.0,10050.0,0.0
2025-10-29,0,17,2:50-3:00,617.585,0.0,0.45347499999999996,0.43945937500000004,21.843333333333305,40.12659166666654,639.4283333333333,639.4283333333333,639.4283333333333,0.0,0.0,10050.0,0.0
2025-10-29,0,18,3:00-3:10,569.6485499999999,0.0,0.458125,0.4472308035714286,21.398050000000012,41.515283333333315,591.0465999999999,591.0465999999999,591.0465999999999,0.0,0.0,10050.0,0.0
2025-10-29,0,19,3:10-3:20,557.0307333333333,0.0,0.440925,0.4300624999999999,15.28920000000005,25.248648809523687,572.3199333333333,572.3199333333333,572.3199333333333,0.0,0.0,10050.0,0.0
2025-10-29,0,20,3:20-3:30,605.8299999999999,0.0,0.42445,0.41297455357142854,19.345000000000027,26.863462499999912,625.175,625.175,625.175,0.0,0.0,10050.0,0.0
2025-10-29,0,21,3:30-3:40,630.1998666666666,0.0,0.45745,0.45211830357142874,18.111216666666678,40.054728571428356,648.3110833333333,648.3110833333333,648.3110833333333,0.0,0.0,10050.0,0.0
2025-10-29,0,22,3:40-3:50,616.1600166666666,0.0,0.467325,0.4631191964285712,19.827549999999974,31.465640476190444,635.9875666666666,635.9875666666666,635.9875666666666,0.0,0.0,10050.0,0.0
2025-10-29,0,23,3:50-4:00,594.6383333333333,0.0,0.44152499999999995,0.4326392857142856,22.87333333333339,15.663573809523754,617.5116666666668,617.5116666666668,617.5116666666668,0.0,0.0,10050.0,0.0
2025-10-29,0,24,4:00-4:10,604.6496833333333,0.0,0.43975,0.4318388392857143,16.732014285714286,48.58911547619053,621.3816976190476,621.3816976190476,621.3816976190476,0.0,0.0,10050.0,0.0
2025-10-29,0,25,4:10-4:20,616.4963833333334,0.0,0.44755,0.4433624999999998,21.59964999999994,48.0803874999999,638.0960333333333,638.0960333333333,638.0960333333333,0.0,0.0,10050.0,0.0
2025-10-29,0,26,4:20-4:30,605.9516666666666,0.0,0.45357499999999995,0.4506,14.946666666666715,55.05850119047612,620.8983333333333,620.8983333333333,620.8983333333333,0.0,0.0,10050.0,0.0
2025-10-29,0,27,4:30-4:40,582.2124833333332,0.000369047619047619,0.46385,0.4579290178571428,24.950066666666714,88.61217738095215,607.1621809523809,607.1621809523809,607.1621809523809,0.0,0.0,10050.0,0.0
2025-10-29,0,28,4:40-4:50,593.20925,0.0,0.46435,0.4581669642857142,29.26902142857142,79.27262559523781,622.4782714285714,622.4782714285714,622.4782714285714,0.0,0.0,10050.0,0.0
2025-10-29,0,29,4:50-5:00,622.515,0.0,0.44745,0.44337321428571413,17.81666666666672,106.78965238095223,640.3316666666667,640.3316666666667,640.3316666666667,0.0,0.0,10050.0,0.0
2025-10-29,0,30,5:00-5:10,608.6576333333333,0.005126190476190475,0.42595000000000005,0.4195718750000001,17.39268571428579,107.13881904761901,626.0451928571429,626.0451928571429,626.0451928571429,0.0,0.0,10050.0,0.0
2025-10-29,0,31,5:10-5:20,601.8906999999999,0.0,0.44309999999999994,0.4342500000000001,19.334299999999985,121.71312857142861,621.2249999999999,621.2249999999999,621.2249999999999,0.0,0.0,10050.0,0.0
2025-10-29,0,32,5:20-5:30,607.3083333333333,0.0,0.4461,0.4392928571428571,22.74333333333334,174.34216428571443,630.0516666666666,630.0516666666666,630.0516666666666,0.0,0.0,10050.0,0.0
2025-10-29,0,33,5:30-5:40,595.0145166666666,0.07139285714285713,0.38395,0.38372946428571436,25.56844523809525,243.576092857143,1453.8449023809521,1453.8449023809521,1453.8449023809521,833.3333333333333,0.0,10800.0,0.0
2025-10-29,0,34,5:40-5:50,681.87875,0.0,0.6031,0.6053950892857143,24.642283333333353,276.2373946428573,706.5210333333333,706.5210333333333,706.5210333333333,0.0,-0.0,10800.0,0.0
2025-10-29,0,35,5:50-6:00,820.2399999999999,0.0,0.9780500000000001,0.9803169642857146,35.435,362.87894583333434,22.341666666666697,22.341666666666697,22.341666666666697,0.0,833.3333333333333,9874.074074074075,0.0
2025-10-29,0,36,6:00-6:10,827.02085,0.9943142857142857,1.006975,1.0162767857142858,24.540409523809444,427.5572071428583,17.233611904761915,17.233611904761915,17.233611904761915,0.0,833.3333333333333,8948.14814814815,0.0
2025-10-29,0,37,6:10-6:20,782.6956333333333,0.0,0.958325,0.9750379464285713,34.954185714285586,487.90795535714386,0.0,0.0,0.0,0.0,817.6498190476188,8039.648349206351,0.0
2025-10-29,0,38,6:20-6:30,769.44,0.02857142857142857,0.97565,0.9953866071428571,36.451607142857256,584.7406589285723,0.0,0.0,0.0,0.0,805.8630357142858,7144.244976190477,0.0
2025-10-29,0,39,6:30-6:40,789.24775,28.73125714285714,0.929475,0.9490562499999999,42.862240476190465,637.1342446428578,380.4351696428539,380.4351696428539,380.4351696428539,0.0,422.94356369047944,6674.307683201056,0.0
2025-10-29,0,40,6:40-6:50,791.73605,73.14812857142857,0.88975,0.9066531250000002,45.231404761904656,637.215995238096,763.819326190476,763.819326190476,763.819326190476,0.0,0.0,6674.307683201056,0.0
2025-10-29,0,41,6:50-7:00,776.1166666666666,123.27857142857142,0.89205,0.9080223214285713,44.71636904761908,658.7536416666669,697.5544642857142,697.5544642857142,697.5544642857142,0.0,0.0,6674.307683201056,0.0
2025-10-29,0,42,7:00-7:10,791.4089999999999,177.26522857142857,0.890675,0.9119165178571428,43.86603333333346,670.654385714286,658.0098047619048,658.0098047619048,658.0098047619048,0.0,0.0,6674.307683201056,0.0
2025-10-29,0,43,7:10-7:20,835.6889833333332,232.75667857142858,0.86575,0.8888379464285713,51.68145952380951,673.6607494047622,654.6137642857142,654.6137642857142,654.6137642857142,0.0,0.0,6674.307683201056,0.0
2025-10-29,0,44,7:20-7:30,840.4333333333334,288.2276785714285,0.798,0.8184191964285714,66.00440476190482,669.882360714286,618.2100595238098,618.2100595238098,618.2100595238098,0.0,0.0,6674.307683201056,0.0
2025-10-29,0,45,7:30-7:40,764.5497666666666,344.12859285714285,0.724975,0.7459776785714286,60.743007142856925,667.8970482142862,1314.497514285714,1314.497514285714,1314.497514285714,833.3333333333333,0.0,7424.307683201056,0.0
2025-10-29,0,46,7:40-7:50,871.9252333333334,404.3528952380953,0.9180250000000001,0.9379691964285716,58.748459523809515,625.0344630952383,526.3207976190477,526.3207976190477,526.3207976190477,0.0,0.0,7424.307683201056,0.0
2025-10-29,0,47,7:50-8:00,1105.7133333333331,466.8946428571428,1.2406,1.25784375,62.31124999999986,589.0180119047621,0.0,0.0,0.0,0.0,701.1299404761901,6645.274416005289,0.0
2025-10-29,0,48,8:00-8:10,1131.0725333333332,525.880457142857,1.2532,1.2715642857142855,56.399511904761994,631.5821041666668,0.0,0.0,0.0,0.0,661.5915880952382,5910.172651455025,0.0
2025-10-29,0,49,8:10-8:20,1085.1298333333334,586.497961904762,1.1607,1.179157142857143,65.67844285714284,614.171697619048,0.0,0.0,0.0,0.0,564.3103142857142,5283.161191137564,0.0
2025-10-29,0,50,8:20-8:30,1084.0149999999999,646.2089285714286,1.12425,1.1418374999999998,68.46684523809529,595.1036500000002,0.0,0.0,0.0,0.0,506.27291666666645,4720.635728174601,0.0
2025-10-29,0,51,8:30-8:40,1100.3116666666665,695.7902976190476,1.102825,1.1231276785714288,85.90043571428566,586.0986351190479,0.0,0.0,0.0,0.0,490.4218047619047,4175.722611772485,0.0
2025-10-29,0,52,8:40-8:50,1106.7816833333331,741.2606309523809,1.08555,1.1043910714285716,82.01102380952386,618.4791363095242,0.0,0.0,0.0,0.0,447.53207619047623,3678.464749338623,0.0
2025-10-29,0,53,8:50-9:00,1098.9683333333332,786.1955357142857,1.062975,1.0760888392857142,96.67386904761912,540.7465726190485,0.0,0.0,0.0,0.0,409.4466666666666,3223.524008597882,0.0
2025-10-29,0,54,9:00-9:10,1090.67475,830.3603071428571,1.02795,1.0394107142857139,90.56386428571426,520.3799321428576,0.0,0.0,0.0,0.0,350.8783071428571,2833.6592228835966,0.0
2025-10-29,0,55,9:10-9:20,1084.3051666666665,883.08995,1.01305,1.0257236607142857,86.3660023809523,557.9699803571432,0.0,0.0,0.0,0.0,287.5812190476188,2514.124535052909,0.0
2025-10-29,0,56,9:20-9:30,1083.92,941.0089285714286,0.9984999999999999,1.0139098214285713,79.34273809523786,566.5440196428577,0.0,0.0,0.0,0.0,222.2538095238093,2267.175857804232,0.0
2025-10-29,0,57,9:30-9:40,1092.34415,990.6306547619048,0.935625,0.952140625,94.96855952380952,546.1175583333331,0.0,0.0,0.0,0.0,196.68205476190462,2048.6402414021154,0.0
2025-10-29,0,58,9:40-9:50,1089.84595,1038.1470976190476,0.9052749999999999,0.9027071428571427,99.02414523809519,541.1067839285712,150.72299761904742,150.72299761904742,150.72299761904742,0.0,0.0,2048.6402414021154,0.0
2025-10-29,0,59,9:50-10:00,1081.4716666666666,1081.8910714285712,0.9259,0.8954629464285712,102.86107142857134,520.8071470238094,102.4416666666666,102.4416666666666,102.4416666666666,0.0,0.0,2048.6402414021154,0.0
2025-10-29,0,60,10:00-10:10,1091.4517166666665,1115.3131785714286,0.9297,0.8949263392857147,104.72178571428587,537.342647023809,80.86032380952383,80.86032380952383,80.86032380952383,0.0,0.0,2048.6402414021154,0.0
2025-10-29,0,61,10:10-10:20,1099.5324999999998,1162.642907142857,0.88935,0.8554026785714285,87.70036904761916,633.0176440476189,24.58996190476205,24.58996190476205,24.58996190476205,0.0,0.0,2048.6402414021154,0.0
2025-10-29,0,62,10:20-10:30,1088.9233333333332,1222.3991071428572,0.85845,0.8197513392857144,85.28898809523784,748.375350595238,0.0,0.0,0.0,48.186785714286316,0.0,2092.008348544973,0.0
2025-10-29,0,63,10:30-10:40,1064.9785666666667,1266.0377452380953,0.885775,0.8470772321428568,100.84589523809534,802.807513690476,0.0,0.0,0.0,100.21328333333327,0.0,2182.200303544973,0.0
2025-10-29,0,64,10:40-10:50,1060.0227833333333,1291.269738095238,0.738,0.7150031250000002,86.48135714285735,787.7102255952378,0.0,0.0,0.0,144.76559761904718,0.0,2312.4893414021153,0.0
2025-10-29,0,65,10:50-11:00,1068.9416666666666,1309.9285714285713,0.48579999999999995,0.48448125,79.04005952380939,734.1656023809526,349.3322484420932,349.3322484420932,349.3322484420932,511.2790936801886,0.0,2772.640525714285,0.0
2025-10-29,0,66,11:00-11:10,1057.2599833333334,1336.2696976190477,0.451525,0.4554642857142858,70.97718809523826,701.1974452380955,625.3008071428571,625.3008071428571,625.3008071428571,833.3333333333333,0.0,3522.640525714285,0.0
2025-10-29,0,67,11:10-11:20,1048.1430166666667,1365.2491285714286,0.471475,0.4732169642857143,85.17278571428608,763.7064470238092,601.4000071428575,601.4000071428575,601.4000071428575,833.3333333333333,0.0,4272.640525714285,0.0
2025-10-29,0,68,11:20-11:30,1057.2133333333331,1381.7553571428573,0.45027500000000004,0.45054330357142863,78.8532142857141,985.4382523809525,587.6445238095232,587.6445238095232,587.6445238095232,833.3333333333333,0.0,5022.640525714285,0.0
2025-10-29,0,69,11:30-11:40,1071.1363,1374.0178333333333,0.457525,0.4566625,95.2195857142857,1117.4293696428567,625.6713857142856,625.6713857142856,625.6713857142856,833.3333333333333,0.0,5772.640525714285,0.0
2025-10-29,0,70,11:40-11:50,1052.7429333333332,1363.3939714285711,0.449425,0.4482620535714286,98.14620714285701,1171.4203488095238,620.8285023809524,620.8285023809524,620.8285023809524,833.3333333333333,0.0,6522.640525714285,0.0
2025-10-29,0,71,11:50-12:00,1010.3083333333334,1359.3249999999998,0.42050000000000004,0.4200562500000001,96.19238095238097,1190.2800089285713,580.5090476190478,580.5090476190478,580.5090476190478,833.3333333333333,0.0,7272.640525714285,0.0
2025-10-29,0,72,12:00-12:10,991.03955,1352.290538095238,0.41737499999999994,0.4184455357142857,88.03419285714244,1217.6342797619045,560.1165380952377,560.1165380952377,560.1165380952377,833.3333333333333,0.0,8022.640525714285,0.0
2025-10-29,0,73,12:10-12:20,993.0552166666666,1338.120476190476,0.418825,0.42246160714285713,92.0838357142859,1248.1926130952374,580.3519095238098,580.3519095238098,580.3519095238098,833.3333333333333,0.0,8772.640525714285,0.0
2025-10-29,0,74,12:20-12:30,997.2883333333332,1318.2312499999998,0.391775,0.39692366071428575,102.83017857142835,1268.7719273809519,615.220595238095,615.220595238095,615.220595238095,833.3333333333333,0.0,9522.640525714285,0.0
2025-10-29,0,75,12:30-12:40,990.0844666666667,1297.9511499999999,0.36355000000000004,0.36648169642857137,113.78910952380966,1244.2902011904755,639.2557595238097,639.2557595238097,639.2557595238097,833.3333333333333,0.0,10272.640525714285,0.0
2025-10-29,0,76,12:40-12:50,995.5935166666666,1281.581519047619,0.5626,0.5644678571428572,119.00067619047616,1201.2531119047612,0.0,0.0,0.0,166.9873261904761,0.0,10422.929119285714,0.0
2025-10-29,0,77,12:50-13:00,1018.995,1260.1776785714283,0.856675,0.8602245535714284,106.59202380952365,1152.0939488095232,0.0,0.0,0.0,134.59065476190472,0.0,10544.06070857143,0.0
2025-10-29,0,78,13:00-13:10,1039.0145666666667,1222.1853857142855,0.86275,0.8671450892857144,94.04405952380952,1134.6004220238085,0.0,0.0,0.0,89.12675952380937,0.0,10624.274792142858,0.0
2025-10-29,0,79,13:10-13:20,1042.97605,1195.734280952381,0.82645,0.8279973214285716,79.90294047619054,1031.530907142856,0.0,0.0,0.0,72.85529047619048,0.0,10689.844553571429,0.0
2025-10-29,0,80,13:20-13:30,1032.87,1181.2999999999997,0.862325,0.861877232142857,72.44958333333356,852.3110458333323,0.0,0.0,0.0,75.98041666666631,0.0,10758.226928571428,0.0
2025-10-29,0,81,13:30-13:40,1024.1706166666665,1150.4618999999998,0.845725,0.8487410714285716,79.87675952380945,773.143058928571,0.0,0.0,0.0,46.41452380952387,0.0,10800.0,0.0
2025-10-29,0,82,13:40-13:50,1036.1249666666665,1109.6708452380951,0.859325,0.8488437500000002,74.7460642857144,754.5485422619038,0.0,0.0,0.0,0.0,1.2001857142856807,10798.66646031746,0.0
2025-10-29,0,83,13:50-14:00,1058.205,1065.13125,0.916225,0.8819008928571428,83.001488095238,728.5444636904758,0.0,0.0,0.0,0.0,76.07523809523809,10714.138417989418,0.0
2025-10-29,0,84,14:00-14:10,1055.1359499999999,1015.7562476190476,0.9296,0.892466071428571,69.1698833333334,707.3122166666662,0.0,0.0,0.0,0.0,108.54958571428574,10593.527767195767,0.0
2025-10-29,0,85,14:10-14:20,1016.8516166666666,968.5449999999998,0.9113749999999999,0.8797544642857141,71.59513333333337,668.9390529761899,0.0,0.0,0.0,0.0,119.90175000000022,10460.3036005291,0.0
2025-10-29,0,86,14:20-14:30,982.1949999999999,926.6080357142856,0.922725,0.8905808035714287,70.93047619047631,653.7118363095233,0.0,0.0,0.0,0.0,126.5174404761907,10319.728666666666,0.0
2025-10-29,0,87,14:30-14:40,1003.6412333333333,887.7930333333331,0.9842500000000001,0.9469098214285718,75.02087619047657,645.0090535714285,0.0,0.0,0.0,0.0,190.8690761904768,10107.651915343915,0.0
2025-10-29,0,88,14:40-14:50,1022.1728499999999,852.4682095238095,0.8788,0.8553334821428571,65.20547142857163,590.9197416666669,0.0,0.0,0.0,0.0,234.91011190476206,9846.640679894179,0.0
2025-10-29,0,89,14:50-15:00,1020.1233333333332,810.7616071428572,0.66825,0.6699504464285715,65.75946428571436,477.6820404761908,501.07599059376935,501.07599059376935,501.07599059376935,225.954800117579,0.0,10050.0,0.0
2025-10-29,0,90,15:00-15:10,1033.21875,749.267438095238,0.65035,0.6555549107142857,68.95152857142836,352.79293333333374,1186.2361738095235,1186.2361738095235,1186.2361738095235,833.3333333333333,0.0,10800.0,0.0
2025-10-29,0,91,15:10-15:20,1033.8689333333332,683.668311904762,0.7159249999999999,0.7167696428571428,57.2792023809524,252.97980059523732,407.4798238095236,407.4798238095236,407.4798238095236,0.0,0.0,10800.0,0.0
2025-10-29,0,92,15:20-15:30,1020.3733333333332,625.1660714285713,0.7596,0.7619866071428569,68.13017857142859,268.92152559523754,463.3374404761905,463.3374404761905,463.3374404761905,0.0,0.0,10800.0,0.0
2025-10-29,0,93,15:30-15:40,1022.84655,572.5505999999999,0.786075,0.7945781250000001,62.02713095238088,224.2769619047624,512.323080952381,512.323080952381,512.323080952381,0.0,0.0,10800.0,0.0
2025-10-29,0,94,15:40-15:50,1029.1765833333334,522.3979261904761,0.803925,0.8109910714285716,65.44558571428581,147.5374529761906,572.2242428571429,572.2242428571429,572.2242428571429,0.0,0.0,10800.0,0.0
2025-10-29,0,95,15:50-16:00,1026.4783333333332,469.5383928571428,0.824475,0.8261508928571427,57.33970238095242,164.3509214285716,614.2796428571428,614.2796428571428,614.2796428571428,0.0,0.0,10800.0,0.0
2025-10-29,0,96,16:00-16:10,1015.5354166666666,409.9073523809524,0.85785,0.8643776785714287,63.016883333333226,202.26141666666697,668.6449476190475,668.6449476190475,668.6449476190475,0.0,-0.0,10800.0,0.0
2025-10-29,0,97,16:10-16:20,1010.2785333333333,349.0175357142857,0.8963749999999999,0.9023732142857144,49.53342142857139,167.8414821428574,710.7944190476189,710.7944190476189,710.7944190476189,0.0,-0.0,10800.0,0.0
2025-10-29,0,98,16:20-16:30,1015.8449999999999,291.75625,0.92805,0.9282558035714285,63.92500000000001,127.51146011904827,788.01375,788.01375,788.01375,0.0,-0.0,10800.0,0.0
2025-10-29,0,99,16:30-16:40,1024.4991499999999,238.3885357142857,0.9481499999999999,0.9535598214285715,54.10048809523812,179.76858392857184,840.2111023809522,840.2111023809522,840.2111023809522,-0.0,0.0,10800.0,0.0
2025-10-29,0,100,16:40-16:50,1025.4438166666666,183.1585642857143,0.979525,0.9888508928571426,46.800914285714214,160.90658809523796,889.0861666666666,889.0861666666666,889.0861666666666,0.0,0.0,10800.0,0.0
2025-10-29,0,101,16:50-17:00,1019.9899999999999,126.36696428571429,1.023725,1.0300343749999998,45.48660714285711,124.62312916666664,939.1096428571428,939.1096428571428,939.1096428571428,0.0,0.0,10800.0,0.0
2025-10-29,0,102,17:00-17:10,1016.6583333333333,74.52353333333333,1.059425,1.0626477678571427,39.574197619047595,106.04135833333328,981.7089976190474,981.7089976190474,981.7089976190474,0.0,0.0,10800.0,0.0
2025-10-29,0,103,17:10-17:20,1003.8251333333333,29.26223095238095,1.0856000000000001,1.0864468750000007,36.33460476190476,61.09998273809498,1010.8975071428571,1010.8975071428571,1010.8975071428571,0.0,0.0,10800.0,0.0
2025-10-29,0,104,17:20-17:30,1009.8583333333332,0.033928571428571426,1.0975000000000001,1.0956736607142858,27.774642857142794,71.86348214285735,1037.5990476190475,1037.5990476190475,1037.5990476190475,0.0,0.0,10800.0,0.0
2025-10-29,0,105,17:30-17:40,1051.1055333333334,0.0,1.09905,1.0929709821428573,23.463373809523773,68.82260416666679,1074.5689071428571,1074.5689071428571,1074.5689071428571,0.0,0.0,10800.0,0.0
2025-10-29,0,106,17:40-17:50,929.7553166666667,1.0119857142857143,1.16045,1.1466763392857147,25.901866666666706,55.32587261904749,954.6451976190476,954.6451976190476,954.6451976190476,0.0,0.0,10800.0,0.0
2025-10-29,0,107,17:50-18:00,725.9466666666667,0.0,1.2569,1.2380839285714287,29.85833333333335,51.944520238095265,0.0,0.0,0.0,0.0,755.8050000000001,9960.216666666667,0.0
2025-10-29,0,108,18:00-18:10,731.0184333333333,0.0,1.2859250000000002,1.2717138392857144,11.670050000000003,59.03170714285723,0.0,0.0,0.0,0.0,742.6884833333334,9135.00724074074,0.0
2025-10-29,0,109,18:10-18:20,762.5861666666666,0.07265714285714285,1.278325,1.2579508928571426,24.637959523809457,49.62011666666682,0.0,0.0,0.0,0.0,787.1514690476189,8260.394497354497,0.0
2025-10-29,0,110,18:20-18:30,730.5716666666667,0.0,1.26495,1.2329625,33.32666666666671,66.53086547619033,0.0,0.0,0.0,0.0,763.8983333333334,7411.61857142857,0.0
2025-10-29,0,111,18:30-18:40,728.2067999999999,0.0,1.2479,1.221779464285714,18.369816666666793,39.55874166666658,0.0,0.0,0.0,0.0,746.5766166666667,6582.088997354496,0.0
2025-10-29,0,112,18:40-18:50,726.4231666666666,0.005219047619047618,1.2513,1.2134486607142858,17.12350476190477,60.90535416666661,0.0,0.0,0.0,0.0,743.5414523809524,5755.931828042327,0.0
2025-10-29,0,113,18:50-19:00,708.7366666666667,0.0,1.271425,1.207688392857143,18.329999999999927,43.53322738095268,727.0666666666666,727.0666666666666,727.0666666666666,0.0,0.0,5755.931828042327,0.0
2025-10-29,0,114,19:00-19:10,702.24035,0.0,1.278225,1.2146200892857137,23.65402619047626,39.44177976190478,0.0,0.0,0.0,0.0,725.8943761904764,4949.38252116402,0.0
2025-10-29,0,115,19:10-19:20,724.5841833333334,0.00037380952380952387,1.271625,1.2091749999999994,19.05006904761899,32.05537499999991,415.4221678571444,415.4221678571444,415.4221678571444,0.0,328.21171071428415,4584.702842592593,0.0
2025-10-29,0,116,19:20-19:30,752.0833333333333,0.0,1.26685,1.1987013392857144,20.646666666666647,40.59451547619038,772.7299999999999,772.7299999999999,772.7299999999999,0.0,0.0,4584.702842592593,0.0
2025-10-29,0,117,19:30-19:40,741.0157833333333,0.0,1.27575,1.2126955357142857,15.791166666666754,49.73595178571432,0.0,0.0,0.0,0.0,756.80695,3743.8062314814815,0.0
2025-10-29,0,118,19:40-19:50,720.1828499999999,0.0,1.26945,1.2073120535714288,21.71131666666662,46.96365059523822,741.8941666666665,741.8941666666665,741.8941666666665,0.0,0.0,3743.8062314814815,0.0
2025-10-29,0,119,19:50-20:00,709.12,0.0,1.25765,1.189331696428571,25.226666666666688,37.038866666666834,734.3466666666667,734.3466666666667,734.3466666666667,0.0,0.0,3743.8062314814815,0.0
2025-10-29,0,120,20:00-20:10,701.1864166666666,0.0,1.277025,1.209125892857143,16.81883333333326,61.107191666666665,718.0052499999998,718.0052499999998,718.0052499999998,0.0,0.0,3743.8062314814815,0.0
2025-10-29,0,121,20:10-20:20,696.5703833333333,0.0,1.28,1.2167120535714286,18.746149999999943,74.15699583333328,0.0,0.0,0.0,0.0,715.3165333333333,2949.0100833333336,0.0
2025-10-29,0,122,20:20-20:30,703.3066666666666,0.0,1.2803749999999998,1.2177205357142855,19.358333333333462,70.01624583333339,0.0,0.0,0.0,0.0,722.6650000000001,2146.0489722222223,0.0
2025-10-29,0,123,20:30-20:40,727.0745833333333,0.0,1.312725,1.2445058035714287,16.997583333333296,82.65897083333354,0.0,0.0,0.0,0.0,744.0721666666666,1319.3021203703704,0.0
2025-10-29,0,124,20:40-20:50,741.6415,0.0,1.176975,1.122895535714286,17.933749999999918,71.1518749999999,759.5752499999999,759.5752499999999,759.5752499999999,0.0,0.0,1319.3021203703704,0.0
2025-10-29,0,125,20:50-21:00,731.9166666666666,0.0,0.9473749999999999,0.919433482142857,14.578333333333262,107.37190833333334,750.7361934156374,750.7361934156374,750.7361934156374,4.241193415637604,0.0,1323.1191944444442,0.0
2025-10-29,0,126,21:00-21:10,709.5964,0.0,0.9179750000000001,0.8933982142857148,14.344900000000052,110.80727499999988,723.9413000000001,723.9413000000001,723.9413000000001,0.0,0.0,1323.1191944444442,0.0
2025-10-29,0,127,21:10-21:20,714.9029166666666,0.0,0.937875,0.9122933035714286,22.956549999999993,70.49186249999978,737.8594666666665,737.8594666666665,737.8594666666665,0.0,0.0,1323.1191944444442,0.0
2025-10-29,0,128,21:20-21:30,752.0566666666666,0.0,0.943025,0.9202017857142856,15.4016666666667,83.48112083333329,767.4583333333333,767.4583333333333,767.4583333333333,0.0,0.0,1323.1191944444442,0.0
2025-10-29,0,129,21:30-21:40,771.3115166666666,0.0,0.9820749999999999,0.9553450892857143,17.05896666666672,96.6885208333332,744.0036875000002,744.0036875000002,744.0036875000002,0.0,44.36679583333321,1273.8227546296296,0.0
2025-10-29,0,130,21:40-21:50,685.38735,0.0,0.7673500000000001,0.7406848214285715,28.21706666666671,66.44047916666665,700.4648,700.4648,700.4648,0.0,13.139616666666688,1259.2231805555555,0.0
2025-10-29,0,131,21:50-22:00,549.22,0.0,0.416325,0.39316026785714275,17.278333333333308,53.30086250000001,566.4983333333333,566.4983333333333,566.4983333333333,0.0,0.0,1259.2231805555555,0.0
2025-10-29,0,132,22:00-22:10,516.8628666666666,0.0,0.37185,0.3445415178571428,13.22821666666664,37.99485833333331,1363.4244166666665,1363.4244166666665,1363.4244166666665,833.3333333333333,0.0,2009.2231805555555,0.0
2025-10-29,0,133,22:10-22:20,536.1073333333333,0.0,0.42355,0.39722008928571423,24.53045000000003,30.41707499999997,560.6377833333333,560.6377833333333,560.6377833333333,0.0,0.0,2009.2231805555555,0.0
2025-10-29,0,134,22:20-22:30,541.9733333333334,0.0,0.4023,0.3819879464285715,31.908333333333417,39.913537499999975,1407.2150000000001,1407.2150000000001,1407.2150000000001,833.3333333333333,0.0,2759.2231805555557,0.0
2025-10-29,0,135,22:30-22:40,523.8981666666666,0.0,0.35665,0.33393973214285727,23.381616666666673,58.789045833333375,1380.6131166666664,1380.6131166666664,1380.6131166666664,833.3333333333333,0.0,3509.2231805555557,0.0
2025-10-29,0,136,22:40-22:50,525.0527333333333,0.0,0.36144999999999994,0.3365982142857143,24.038533333333362,44.491195833333364,1382.4245999999998,1382.4245999999998,1382.4245999999998,833.3333333333333,0.0,4259.223180555556,0.0
2025-10-29,0,137,22:50-23:00,553.4533333333333,0.0,0.40337500000000004,0.38118035714285725,19.021666666666647,44.99280833333327,1405.8083333333332,1405.8083333333332,1405.8083333333332,833.3333333333333,0.0,5009.223180555556,0.0
2025-10-29,0,138,23:00-23:10,575.3182333333333,0.0,0.40630000000000005,0.3866879464285716,25.23085000000009,37.65901249999989,1433.8824166666666,1433.8824166666666,1433.8824166666666,833.3333333333333,0.0,5759.223180555556,0.0
2025-10-29,0,139,23:10-23:20,582.2731166666666,0.0,0.410475,0.3905861607142857,22.931266666666602,61.02617500000014,605.2043833333332,605.2043833333332,605.2043833333332,0.0,0.0,5759.223180555556,0.0
2025-10-29,0,140,23:20-23:30,573.42,0.0,0.423425,0.4018245535714286,27.88000000000011,57.36767083333321,601.3000000000001,601.3000000000001,601.3000000000001,0.0,0.0,5759.223180555556,0.0
2025-10-29,0,141,23:30-23:40,555.5159166666666,0.0,0.4102,0.3892683035714285,18.29841666666664,43.3908625000001,841.3441327160492,841.3441327160492,841.3441327160492,267.5297993827159,0.0,6000.0,0.0
2025-10-29,0,142,23:40-23:50,561.38235,0.0,0.414725,0.3961026785714287,24.62861666666663,37.70382083333325,586.0109666666666,586.0109666666666,586.0109666666666,0.0,0.0,6000.0,0.0
2025-10-29,0,143,23:50-24:00,580.895,0.0,0.43337499999999995,0.4164647321428571,28.281666666666695,28.126666666666637,609.1766666666667,609.1766666666667,609.1766666666667,0.0,0.0,6000.0,0.0
2025-10-30,0,0,0:00-0:10,572.3173166666666,0.0,0.416675,0.4002901785714285,24.70133333333331,62.859062499999794,1430.351983333333,1430.351983333333,1430.351983333333,833.3333333333333,0.0,7407.385236739418,0.0
2025-10-30,0,1,0:10-0:20,563.8895833333333,0.0,0.40155,0.38361696428571435,18.68164999999999,80.46406249999997,1415.9045666666666,1415.9045666666666,1415.9045666666666,833.3333333333333,0.0,8157.385236739417,0.0
2025-10-30,0,2,0:20-0:30,570.1383333333333,0.0,0.41265,0.39401919642857136,19.021666666666647,72.00073749999956,1422.4933333333333,1422.4933333333333,1422.4933333333333,833.3333333333333,0.0,8907.385236739417,0.0
2025-10-30,0,3,0:30-0:40,574.1230166666667,0.0,0.43332499999999996,0.4163071428571428,14.377483333333316,67.72803749999986,588.5005,588.5005,588.5005,0.0,0.0,8907.385236739417,0.0
2025-10-30,0,4,0:40-0:50,561.0609999999999,0.0,0.42297500000000005,0.40551071428571445,13.251816666666741,63.90960416666644,574.3128166666667,574.3128166666667,574.3128166666667,0.0,0.0,8907.385236739417,0.0
2025-10-30,0,5,0:50-1:00,540.27,0.0,0.40440000000000004,0.3857897321428572,17.34333333333342,61.35912499999981,1390.9466666666667,1390.9466666666667,1390.9466666666667,833.3333333333333,0.0,9657.385236739417,0.0
2025-10-30,0,6,1:00-1:10,538.6383166666667,0.0,0.435175,0.42050446428571425,20.407033333333402,56.03607083333314,559.0453500000001,559.0453500000001,559.0453500000001,0.0,0.0,9657.385236739417,0.0
2025-10-30,0,7,1:10-1:20,559.9265666666666,0.0,0.44084999999999996,0.4300214285714285,21.91181666666671,61.82989999999995,581.8383833333334,581.8383833333334,581.8383833333334,0.0,0.0,9657.385236739417,0.0
2025-10-30,0,8,1:20-1:30,589.0649999999999,0.0,0.417075,0.40776517857142863,22.405000000000086,52.29210833333322,611.47,611.47,611.47,0.0,0.0,9657.385236739417,0.0
2025-10-30,0,9,1:30-1:40,602.97,0.0,0.431175,0.42342008928571423,24.153149999999982,51.004208333333324,627.12315,627.12315,627.12315,0.0,0.0,9657.385236739417,0.0
2025-10-30,0,10,1:40-1:50,598.5752333333332,0.0,0.4257,0.417478125,20.526399999999967,23.87990833333339,619.1016333333332,619.1016333333332,619.1016333333332,0.0,0.0,9657.385236739417,0.0
2025-10-30,0,11,1:50-2:00,598.4083333333333,0.0,0.40822499999999995,0.3959776785714285,24.149999999999977,15.045937500000008,1455.8916666666664,1455.8916666666664,1455.8916666666664,833.3333333333333,0.0,10407.385236739417,0.0
2025-10-30,0,12,2:00-2:10,625.0497666666666,0.0,0.448225,0.43090044642857145,23.729833333333318,16.712549999999837,648.7796,648.7796,648.7796,0.0,0.0,10407.385236739417,0.0
2025-10-30,0,13,2:10-2:20,623.0497666666666,0.0,0.47807499999999997,0.46582008928571433,26.372100000000046,24.099179166666545,649.4218666666667,649.4218666666667,649.4218666666667,0.0,0.0,10407.385236739417,0.0
2025-10-30,0,14,2:20-2:30,598.1099999999999,0.0,0.463425,0.46081339285714307,19.800000000000068,31.297041666666672,617.91,617.91,617.91,0.0,0.0,10407.385236739417,0.0
2025-10-30,0,15,2:30-2:40,609.7523166666666,0.0,0.437725,0.4318026785714286,21.23406666666665,37.70038333333336,630.9863833333333,630.9863833333333,630.9863833333333,0.0,0.0,10407.385236739417,0.0
2025-10-30,0,16,2:40-2:50,611.8391833333333,0.0,0.4284,0.41617991071428584,18.648900000000026,36.398602380952426,630.4880833333333,630.4880833333333,630.4880833333333,0.0,0.0,10407.385236739417,0.0
2025-10-30,0,17,2:50-3:00,589.9549999999999,0.0,0.43755,0.4245040178571427,21.843333333333305,39.91224166666669,611.7983333333332,611.7983333333332,611.7983333333332,0.0,0.0,10407.385236739417,0.0
2025-10-30,0,18,3:00-3:10,580.51725,0.0,0.44655,0.43663348214285697,21.398050000000012,41.30093333333346,601.9153,601.9153,601.9153,0.0,0.0,10407.385236739417,0.0
2025-10-30,0,19,3:10-3:20,587.24115,0.0,0.446,0.436479910714286,15.503549999999905,25.034298809523833,602.7446999999999,602.7446999999999,602.7446999999999,0.0,0.0,10407.385236739417,0.0
2025-10-30,0,20,3:20-3:30,606.5483333333333,0.0,0.441725,0.4318455357142857,19.345000000000027,26.863462499999912,625.8933333333333,625.8933333333333,625.8933333333333,0.0,0.0,10407.385236739417,0.0
2025-10-30,0,21,3:30-3:40,628.1774499999999,0.0,0.44430000000000003,0.44038482142857155,18.111216666666678,37.59730357142848,646.2886666666666,646.2886666666666,646.2886666666666,0.0,0.0,10407.385236739417,0.0
2025-10-30,0,22,3:40-3:50,611.9733,0.0,0.4347,0.43169732142857153,19.827549999999974,31.465640476190444,631.80085,631.80085,631.80085,0.0,0.0,10407.385236739417,0.0
2025-10-30,0,23,3:50-4:00,577.6533333333333,0.0,0.422325,0.41454508928571426,22.87333333333339,16.86226785714284,600.5266666666666,600.5266666666666,600.5266666666666,0.0,0.0,10407.385236739417,0.0
2025-10-30,0,24,4:00-4:10,589.0981833333333,0.0,0.43944999999999995,0.4324535714285713,16.732014285714286,47.934644642857236,605.8301976190476,605.8301976190476,605.8301976190476,0.0,0.0,10407.385236739417,0.0
2025-10-30,0,25,4:10-4:20,618.1187166666666,0.0,0.464225,0.460715625,21.59964999999994,53.70758630952369,639.7183666666665,639.7183666666665,639.7183666666665,0.0,0.0,10407.385236739417,0.0
2025-10-30,0,26,4:20-4:30,629.3583333333333,0.0,0.46540000000000004,0.4630526785714286,16.230000000000018,67.1647363095239,645.5883333333334,645.5883333333334,645.5883333333334,0.0,0.0,10407.385236739417,0.0
2025-10-30,0,27,4:30-4:40,614.2506166666667,0.00033333333333333327,0.434575,0.42945803571428565,26.28461666666658,86.61894404761895,640.5349,640.5349,640.5349,0.0,0.0,10407.385236739417,0.0
2025-10-30,0,28,4:40-4:50,603.5724,0.0,0.433475,0.42744598214285734,29.26902142857142,78.61394226190448,632.8414214285715,632.8414214285715,632.8414214285715,0.0,0.0,10407.385236739417,0.0
2025-10-30,0,29,4:50-5:00,604.6183333333333,0.0,0.4596,0.4549616071428572,17.81666666666672,106.1309690476189,622.4350000000001,622.4350000000001,622.4350000000001,0.0,0.0,10407.385236739417,0.0
2025-10-30,0,30,5:00-5:10,599.7947999999999,0.0046071428571428565,0.454175,0.44829508928571427,17.39268571428579,106.48013571428568,617.1828785714285,617.1828785714285,617.1828785714285,0.0,0.0,10407.385236739417,0.0
2025-10-30,0,31,5:10-5:20,603.1370999999999,0.0,0.45787500000000003,0.45018482142857147,19.992983333333314,121.05444523809528,623.1300833333332,623.1300833333332,623.1300833333332,0.0,0.0,10407.385236739417,0.0
2025-10-30,0,32,5:20-5:30,605.9966666666667,0.0,0.448075,0.44202276785714284,22.74333333333334,173.46885654761917,628.74,628.74,628.74,0.0,0.0,10407.385236739417,0.0
2025-10-30,0,33,5:30-5:40,596.5752,0.06417619047619047,0.400525,0.40102812499999996,25.56844523809525,240.88966011904762,1058.3180948927106,1058.3180948927106,1058.3180948927106,436.2386258450917,0.0,10800.0,0.0
2025-10-30,0,34,5:40-5:50,667.6519999999999,0.0,0.61795,0.6210910714285715,24.642283333333353,272.6075166666667,692.2942833333333,692.2942833333333,692.2942833333333,0.0,-0.0,10800.0,0.0
2025-10-30,0,35,5:50-6:00,787.3216666666667,0.0,0.975825,0.9784763392857142,35.435,344.38729107142905,0.0,0.0,0.0,0.0,822.7566666666667,9885.825925925927,0.0
2025-10-30,0,36,6:00-6:10,819.14465,0.8938119047619049,1.014075,1.022585267857143,24.540409523809444,388.1696000000006,9.457914285714196,9.457914285714196,9.457914285714196,0.0,833.3333333333333,8959.900000000001,0.0
2025-10-30,0,37,6:10-6:20,811.1005166666666,0.0,0.95965,0.9761901785714288,34.954185714285586,446.71250000000043,98.85893211904647,98.85893211904647,98.85893211904647,0.0,747.1957702619057,8129.682477486773,0.0
2025-10-30,0,38,6:20-6:30,810.6733333333333,0.0,0.970375,0.99145625,36.451607142857256,541.1923625000004,13.791607142857288,13.791607142857288,13.791607142857288,0.0,833.3333333333333,7203.756551560847,0.0
2025-10-30,0,39,6:30-6:40,815.3111833333334,26.179335714285713,0.971325,0.9914651785714284,42.862240476190465,596.1446071428571,0.0,0.0,0.0,0.0,831.9940880952381,6279.318675899471,0.0
2025-10-30,0,40,6:40-6:50,815.4951666666666,69.07420952380951,0.9441999999999999,0.962088392857143,45.231404761904656,596.2263577380953,791.6523619047617,791.6523619047617,791.6523619047617,0.0,0.0,6279.318675899471,0.0
2025-10-30,0,41,6:50-7:00,803.475,119.53839285714287,0.899025,0.916892857142857,44.71636904761908,619.1165208333333,728.6529761904762,728.6529761904762,728.6529761904762,0.0,0.0,6279.318675899471,0.0
2025-10-30,0,42,7:00-7:10,782.6999833333332,173.57215000000002,0.8577999999999999,0.8784334821428568,43.86603333333346,638.4272476190474,652.9938666666667,652.9938666666667,652.9938666666667,0.0,0.0,6279.318675899471,0.0
2025-10-30,0,43,7:10-7:20,786.2019666666666,229.14454761904761,0.840575,0.8638794642857144,51.68145952380951,655.7545494047616,608.7388785714286,608.7388785714286,608.7388785714286,0.0,0.0,6279.318675899471,0.0
2025-10-30,0,44,7:20-7:30,779.405,284.9553571428571,0.8092250000000001,0.8332892857142858,66.00440476190482,651.9761607142855,560.4540476190477,560.4540476190477,560.4540476190477,0.0,0.0,6279.318675899471,0.0
2025-10-30,0,45,7:30-7:40,723.7433666666667,340.70481904761897,0.7461000000000001,0.7692316964285716,60.743007142856925,649.9908482142856,1277.114888095238,1277.114888095238,1277.114888095238,833.3333333333333,0.0,7029.318675899471,0.0
2025-10-30,0,46,7:40-7:50,848.4531666666667,398.8214809523809,0.9252750000000001,0.9464781250000005,58.748459523809515,640.84879702381,508.3801452380953,508.3801452380953,508.3801452380953,0.0,0.0,7029.318675899471,0.0
2025-10-30,0,47,7:50-8:00,1083.7616666666665,459.7991071428571,1.232125,1.2521571428571427,62.31124999999986,646.6259892857144,0.0,0.0,0.0,0.0,686.2738095238094,6266.792220873016,0.0
2025-10-30,0,48,8:00-8:10,1109.6229166666667,521.8377142857141,1.248325,1.2694165178571424,56.399511904761994,655.7318226190474,0.0,0.0,0.0,0.0,644.1847142857146,5551.031427222222,0.0
2025-10-30,0,49,8:10-8:20,1065.6997166666665,584.2514214285713,1.1809,1.2022589285714285,65.67844285714284,657.7174851190475,0.0,0.0,0.0,0.0,547.1267380952379,4943.112829338625,0.0
2025-10-30,0,50,8:20-8:30,1066.59,642.8919642857143,1.169125,1.1904629464285714,68.46684523809529,651.6652916666665,0.0,0.0,0.0,0.0,492.16488095238105,4396.2629616137565,0.0
2025-10-30,0,51,8:30-8:40,1082.9247333333333,692.6036999999999,1.141375,1.1652008928571431,85.90043571428566,627.1550982142855,0.0,0.0,0.0,0.0,476.22146904761917,3867.1279960052907,0.0
2025-10-30,0,52,8:40-8:50,1086.6922833333333,739.0780119047619,1.098425,1.1206241071428573,82.01102380952386,575.2924827380951,0.0,0.0,0.0,0.0,429.6252952380954,3389.7665568518514,0.0
2025-10-30,0,53,8:50-9:00,1077.6033333333332,786.1669642857144,1.065375,1.082274107142857,96.67386904761912,519.8443934523809,0.0,0.0,0.0,0.0,388.11023809523795,2958.5329589682538,0.0
2025-10-30,0,54,9:00-9:10,1077.2952,834.0588023809524,1.0563500000000001,1.0718044642857145,90.56386428571426,466.14812857142846,0.0,0.0,0.0,0.0,333.8002619047619,2587.643779074074,0.0
2025-10-30,0,55,9:10-9:20,1091.1996,886.355038095238,1.029825,1.045785267857143,89.85923333333342,468.93344999999886,0.0,0.0,0.0,0.0,294.70379523809527,2260.1951176984126,0.0
2025-10-30,0,56,9:20-9:30,1104.2399999999998,940.7026785714285,0.9812500000000001,0.9983950892857144,86.59523809523833,501.9478315476182,0.0,0.0,0.0,0.0,250.13255952380962,1982.2700515608462,0.0
2025-10-30,0,57,9:30-9:40,1096.5728666666666,990.3009976190476,0.944125,0.9613156249999996,98.74234047619044,502.47352321428525,205.01420952380954,205.01420952380954,205.01420952380954,0.0,0.0,1982.2700515608462,0.0
2025-10-30,0,58,9:40-9:50,1092.3982999999998,1037.599576190476,0.90255,0.9033022321428571,104.32033571428558,507.3826773809518,159.11905952380948,159.11905952380948,159.11905952380948,0.0,0.0,1982.2700515608462,0.0
2025-10-30,0,59,9:50-10:00,1091.1299999999999,1078.5178571428569,0.870975,0.848208035714286,122.43297619047615,503.9667791666659,135.0451190476192,135.0451190476192,135.0451190476192,0.0,0.0,1982.2700515608462,0.0
2025-10-30,0,60,10:00-10:10,1068.8206833333334,1108.8308499999998,0.88235,0.8556549107142857,107.13225000000011,545.2345773809519,67.12208333333365,67.12208333333365,67.12208333333365,0.0,0.0,1982.2700515608462,0.0
2025-10-30,0,61,10:10-10:20,1050.85755,1157.515388095238,0.8754500000000001,0.8484544642857141,90.83749047619062,639.1610422619042,0.0,0.0,0.0,15.820347619047425,0.0,1996.508364417989,0.0
2025-10-30,0,62,10:20-10:30,1049.8316666666665,1218.8830357142856,0.85865,0.8269107142857143,86.14952380952388,716.8575279761901,0.0,0.0,0.0,82.90184523809512,0.0,2071.120025132275,0.0
2025-10-30,0,63,10:30-10:40,1055.8486833333332,1255.5506238095236,0.872775,0.8419776785714285,101.52066190476216,729.4585392857135,0.0,0.0,0.0,98.18127857142827,0.0,2159.4831758465602,0.0
2025-10-30,0,64,10:40-10:50,1070.3197166666666,1275.4910642857142,0.72935,0.7121374999999996,94.96471666666656,697.9048434523805,0.0,0.0,0.0,110.20663095238092,0.0,2258.669143703703,0.0
2025-10-30,0,65,10:50-11:00,1078.355,1295.7651785714284,0.49365,0.49410714285714297,82.3536904761906,647.3593809523804,659.803384773664,659.803384773664,659.803384773664,794.8598728689017,0.0,2974.0430292857145,0.0
2025-10-30,0,66,11:00-11:10,1060.8184333333334,1325.2838880952381,0.442025,0.4472495535714286,75.86445476190482,617.7048547619045,644.7323333333334,644.7323333333334,644.7323333333334,833.3333333333333,0.0,3724.0430292857145,0.0
2025-10-30,0,67,11:10-11:20,1056.97525,1351.4993785714287,0.45325,0.4574174107142857,92.75266428571439,622.5695470238097,631.561869047619,631.561869047619,631.561869047619,833.3333333333333,0.0,4474.0430292857145,0.0
2025-10-30,0,68,11:20-11:30,1069.835,1362.0616071428572,0.439825,0.443225,134.9785714285715,851.8812309523813,676.0852976190477,676.0852976190477,676.0852976190477,833.3333333333333,0.0,5224.0430292857145,0.0
2025-10-30,0,69,11:30-11:40,1058.7645166666666,1355.2443261904762,0.436025,0.4384473214285715,98.63949761904746,1039.997705357143,635.4930214285712,635.4930214285712,635.4930214285712,833.3333333333333,0.0,5974.0430292857145,0.0
2025-10-30,0,70,11:40-11:50,1014.6660166666667,1348.862976190476,0.41875000000000007,0.4211633928571428,100.4085547619049,1097.4085964285716,599.5449285714287,599.5449285714287,599.5449285714287,833.3333333333333,0.0,6724.0430292857145,0.0
2025-10-30,0,71,11:50-12:00,978.4899999999999,1346.8276785714284,0.40065,0.40378526785714286,103.93660714285693,1118.530604166667,568.9322619047618,568.9322619047618,568.9322619047618,833.3333333333333,0.0,7474.0430292857145,0.0
2025-10-30,0,72,12:00-12:10,999.33725,1338.351830952381,0.42434999999999995,0.42778526785714266,89.50779523809541,1153.629101190476,583.8265476190477,583.8265476190477,583.8265476190477,833.3333333333333,0.0,8224.043029285715,0.0
2025-10-30,0,73,12:10-12:20,997.3871999999999,1328.4900952380954,0.44725,0.45292499999999997,92.0838357142859,1185.661036904762,594.3142738095237,594.3142738095237,594.3142738095237,833.3333333333333,0.0,8974.043029285715,0.0
2025-10-30,0,74,12:20-12:30,971.3983333333333,1319.8294642857143,0.42310000000000003,0.43060223214285726,102.83017857142835,1206.2403511904765,587.7323809523807,587.7323809523807,587.7323809523807,833.3333333333333,0.0,9724.043029285715,0.0
2025-10-30,0,75,12:30-12:40,999.1087333333332,1307.422669047619,0.37615,0.3802852678571428,113.78910952380966,1181.7586250000004,638.8085071428573,638.8085071428573,638.8085071428573,833.3333333333333,0.0,10474.043029285715,0.0
2025-10-30,0,76,12:40-12:50,1031.7242833333332,1283.0943690476188,0.5243249999999999,0.5275263392857141,119.00067619047616,1138.7215357142861,0.0,0.0,0.0,132.36940952380928,0.0,10593.175497857143,0.0
2025-10-30,0,77,12:50-13:00,1047.0983333333334,1246.4339285714282,0.7828999999999999,0.7896383928571428,107.06434523809492,1089.562372619048,0.0,0.0,0.0,92.27124999999978,0.0,10676.219622857143,0.0
2025-10-30,0,78,13:00-13:10,1067.8225666666667,1207.3320357142857,0.833725,0.8423191964285716,94.04405952380952,1072.5411672619045,0.0,0.0,0.0,45.46540952380951,0.0,10717.138491428572,0.0
2025-10-30,0,79,13:10-13:20,1060.1225833333333,1181.8639261904761,0.8206,0.8261196428571426,79.90294047619054,969.4716523809522,0.0,0.0,0.0,41.8384023809524,0.0,10754.79305357143,0.0
2025-10-30,0,80,13:20-13:30,1036.7649999999999,1164.2294642857141,0.836175,0.8385410714285716,77.23452380952381,790.2517910714282,0.0,0.0,0.0,50.22994047619045,0.0,10800.0,0.0
2025-10-30,0,81,13:30-13:40,1052.2343666666666,1132.1650595238093,0.8288249999999999,0.8336468750000002,83.28279761904764,715.8687446428573,3.3521047619049114,3.3521047619049114,3.3521047619049114,0.0,-0.0,10800.0,0.0
2025-10-30,0,82,13:40-13:50,1082.7909666666665,1090.5806476190473,0.85015,0.8440678571428573,81.5161357142857,700.6802660714282,73.72645476190473,73.72645476190473,73.72645476190473,0.0,0.0,10800.0,0.0
2025-10-30,0,83,13:50-14:00,1085.6033333333332,1044.9508928571427,0.8984749999999999,0.8725660714285713,83.001488095238,681.4462589285718,0.0,0.0,0.0,0.0,123.65392857142865,10662.606746031746,0.0
2025-10-30,0,84,14:00-14:10,1041.0946333333331,995.9047285714284,0.914075,0.8848544642857143,69.1698833333334,660.2140119047622,0.0,0.0,0.0,0.0,114.35978809523817,10535.540314814814,0.0
2025-10-30,0,85,14:10-14:20,1015.1729333333333,950.305188095238,0.926725,0.9017156249999998,71.59513333333337,621.8408482142859,0.0,0.0,0.0,0.0,136.46287857142852,10383.914894179894,0.0
2025-10-30,0,86,14:20-14:30,1027.2533333333333,909.2919642857142,0.9662,0.9410433035714287,77.70190476190464,606.6136315476192,0.0,0.0,0.0,0.0,195.66327380952373,10166.511256613756,0.0
2025-10-30,0,87,14:30-14:40,1036.03425,868.3369571428572,1.00455,0.9747044642857146,92.04032857142859,604.6822773809527,0.0,0.0,0.0,0.0,259.7376214285713,9877.9138994709,0.0
2025-10-30,0,88,14:40-14:50,1029.5564833333333,829.3006761904762,0.8876,0.8697093749999999,75.17023571428587,567.612417857143,0.0,0.0,0.0,0.0,275.4260428571429,9571.884962962962,0.0
2025-10-30,0,89,14:50-15:00,1022.2116666666667,787.6999999999999,0.694825,0.6986017857142858,79.10202380952398,464.3394809523812,844.8526205173439,844.8526205173439,844.8526205173439,531.2389300411531,0.0,10050.0,0.0
2025-10-30,0,90,15:00-15:10,1032.3925666666667,734.4450476190475,0.681025,0.6869928571428572,68.95152857142836,352.79293333333374,1200.2323809523807,1200.2323809523807,1200.2323809523807,833.3333333333333,0.0,10800.0,0.0
2025-10-30,0,91,15:10-15:20,1024.19725,674.153080952381,0.7477750000000001,0.7510700892857144,57.2792023809524,252.97980059523732,407.3233714285715,407.3233714285715,407.3233714285715,0.0,0.0,10800.0,0.0
2025-10-30,0,92,15:20-15:30,1011.1733333333333,616.0428571428571,0.7895749999999999,0.7958446428571426,68.13017857142859,268.92152559523754,463.2606547619047,463.2606547619047,463.2606547619047,0.0,0.0,10800.0,0.0
2025-10-30,0,93,15:30-15:40,1041.9664333333333,566.6254214285714,0.795275,0.8048723214285715,62.02713095238088,224.2769619047624,537.3681428571429,537.3681428571429,537.3681428571429,0.0,0.0,10800.0,0.0
2025-10-30,0,94,15:40-15:50,1055.7336666666665,517.5157809523809,0.7934749999999999,0.8006343749999997,65.44558571428581,147.5374529761906,603.6634714285714,603.6634714285714,603.6634714285714,0.0,0.0,10800.0,0.0
2025-10-30,0,95,15:50-16:00,1032.1616666666666,462.9866071428571,0.8185250000000001,0.8220058035714285,57.33970238095242,164.3509214285716,626.5147619047618,626.5147619047618,626.5147619047618,0.0,0.0,10800.0,0.0
2025-10-30,0,96,16:00-16:10,1012.73335,404.3086119047619,0.8822,0.89019375,63.016883333333226,202.26141666666697,671.4416214285714,671.4416214285714,671.4416214285714,0.0,-0.0,10800.0,0.0
2025-10-30,0,97,16:10-16:20,1010.9942666666667,345.11060714285713,0.92205,0.9299062500000003,49.53342142857139,167.8414821428574,715.417080952381,715.417080952381,715.417080952381,0.0,-0.0,10800.0,0.0
2025-10-30,0,98,16:20-16:30,1015.9966666666666,288.1857142857143,0.9333,0.9364035714285712,63.92500000000001,127.51146011904827,791.7359523809523,791.7359523809523,791.7359523809523,0.0,-0.0,10800.0,0.0
2025-10-30,0,99,16:30-16:40,1008.1071166666667,233.89505714285713,0.96575,0.9725227678571428,54.10048809523812,179.76858392857184,828.3125476190477,828.3125476190477,828.3125476190477,0.0,-0.0,10800.0,0.0
2025-10-30,0,100,16:40-16:50,999.8156166666665,178.5076976190476,0.986075,0.9960071428571433,46.800914285714214,160.90658809523796,868.1088333333332,868.1088333333332,868.1088333333332,0.0,0.0,10800.0,0.0
2025-10-30,0,101,16:50-17:00,1008.3183333333333,122.19821428571427,0.993475,1.0013732142857141,45.48660714285711,124.62312916666664,931.6067261904763,931.6067261904763,931.6067261904763,0.0,0.0,10800.0,0.0
2025-10-30,0,102,17:00-17:10,1032.9040499999999,69.9181880952381,1.0273999999999999,1.032530357142857,39.574197619047595,106.04135833333328,1002.5600595238095,1002.5600595238095,1002.5600595238095,0.0,0.0,10800.0,0.0
2025-10-30,0,103,17:10-17:20,1019.7361833333332,26.26234285714286,1.071175,1.0740299107142854,36.33460476190476,61.09998273809498,1029.8084452380951,1029.8084452380951,1029.8084452380951,0.0,0.0,10800.0,0.0
2025-10-30,0,104,17:20-17:30,1003.4083333333333,0.0,1.0927250000000002,1.0924857142857145,27.774642857142794,71.86348214285735,1031.182976190476,1031.182976190476,1031.182976190476,0.0,0.0,10800.0,0.0
2025-10-30,0,105,17:30-17:40,1047.606,0.0,1.0871499999999998,1.0809026785714282,23.463373809523773,68.82260416666679,1071.0693738095238,1071.0693738095238,1071.0693738095238,0.0,0.0,10800.0,0.0
2025-10-30,0,106,17:40-17:50,940.1990000000001,0.8925738095238094,1.1540249999999999,1.1399513392857146,25.901866666666706,55.32587261904749,965.208292857143,965.208292857143,965.208292857143,0.0,-0.0,10800.0,0.0
2025-10-30,0,107,17:50-18:00,729.0633333333333,0.0,1.265325,1.2476901785714283,29.85833333333335,51.944520238095265,0.0,0.0,0.0,0.0,758.9216666666666,9956.753703703704,0.0
2025-10-30,0,108,18:00-18:10,690.9123999999999,0.0,1.2873999999999999,1.2745415178571429,11.670050000000003,58.99629047619054,0.0,0.0,0.0,0.0,702.5824499999999,9176.106537037038,0.0
2025-10-30,0,109,18:10-18:20,703.9143999999999,0.06408333333333333,1.276175,1.2570763392857143,24.637959523809457,49.62011666666682,0.0,0.0,0.0,0.0,728.4882761904761,8366.67511904762,0.0
2025-10-30,0,110,18:20-18:30,688.9116666666666,0.0,1.266575,1.2358745535714284,33.32666666666671,66.53086547619033,0.0,0.0,0.0,0.0,722.2383333333333,7564.1880820105835,0.0
2025-10-30,0,111,18:30-18:40,695.29745,0.0,1.241375,1.216010267857143,18.369816666666793,39.523324999999886,0.0,0.0,0.0,0.0,713.6672666666668,6771.224452380953,0.0
2025-10-30,0,112,18:40-18:50,704.3463499999999,0.0046023809523809515,1.249525,1.2137683035714286,17.12350476190477,60.76368749999985,288.7843964285712,288.7843964285712,288.7843964285712,0.0,432.6808559523811,6290.467945767196,0.0
2025-10-30,0,113,18:50-19:00,711.1866666666666,0.0,1.2862,1.2271973214285716,18.471666666666692,43.391560714285916,0.0,0.0,0.0,0.0,729.6583333333333,5479.736464285715,0.0
2025-10-30,0,114,19:00-19:10,728.64905,0.0,1.291375,1.2331281250000001,23.65402619047626,39.44177976190478,0.0,0.0,0.0,0.0,752.3030761904763,4643.844157407408,0.0
2025-10-30,0,115,19:10-19:20,713.9505666666666,0.0003309523809523809,1.2693499999999998,1.2115772321428568,19.05006904761899,32.05537499999991,733.0003047619047,733.0003047619047,733.0003047619047,0.0,0.0,4643.844157407408,0.0
2025-10-30,0,116,19:20-19:30,690.265,0.0,1.2462499999999999,1.1826214285714283,20.646666666666647,40.59451547619038,710.9116666666666,710.9116666666666,710.9116666666666,0.0,0.0,4643.844157407408,0.0
2025-10-30,0,117,19:30-19:40,725.8029499999999,0.0,1.24725,1.1902875,15.791166666666754,49.73595178571432,741.5941166666667,741.5941166666667,741.5941166666667,0.0,0.0,4643.844157407408,0.0
2025-10-30,0,118,19:40-19:50,751.4885833333333,0.0,1.2734999999999999,1.2191816964285718,21.71131666666662,45.8290261904763,0.0,0.0,0.0,0.0,773.1998999999998,3784.733157407408,0.0
2025-10-30,0,119,19:50-20:00,741.1866666666666,0.0,1.288675,1.2285035714285715,25.226666666666688,34.98020416666665,0.0,0.0,0.0,0.0,766.4133333333333,2933.1627870370376,0.0
2025-10-30,0,120,20:00-20:10,736.9424166666665,0.0,1.25415,1.1929933035714282,17.689633333333347,57.38110833333326,754.6320499999999,754.6320499999999,754.6320499999999,0.0,0.0,2933.1627870370376,0.0
2025-10-30,0,121,20:10-20:20,740.37735,0.0,1.2441499999999999,1.1861299107142855,19.03143333333344,70.18253333333332,759.4087833333334,759.4087833333334,759.4087833333334,0.0,0.0,2933.1627870370376,0.0
2025-10-30,0,122,20:20-20:30,729.1666666666666,0.0,1.292275,1.2348000000000001,21.928333333333285,67.44624583333356,0.0,0.0,0.0,0.0,751.0949999999999,2098.6127870370374,0.0
2025-10-30,0,123,20:30-20:40,688.8587333333332,0.0,1.330975,1.2690138392857142,16.997583333333296,82.65897083333354,0.0,0.0,0.0,0.0,705.8563166666665,1314.327990740741,0.0
2025-10-30,0,124,20:40-20:50,684.8584333333333,0.0,1.1784249999999998,1.1289272321428567,17.933749999999918,67.79433749999998,702.7921833333332,702.7921833333332,702.7921833333332,0.0,0.0,1314.327990740741,0.0
2025-10-30,0,125,20:50-21:00,721.625,0.0,0.94075,0.9141169642857144,14.578333333333262,102.89519166666678,740.4445267489708,740.4445267489708,740.4445267489708,4.241193415637604,0.0,1318.1450648148148,0.0
2025-10-30,0,126,21:00-21:10,734.5125166666667,0.0,0.91825,0.8951598214285712,18.821616666666614,106.33055833333331,753.3341333333333,753.3341333333333,753.3341333333333,0.0,0.0,1318.1450648148148,0.0
2025-10-30,0,127,21:10-21:20,709.0618166666666,0.0,0.934925,0.9112709821428574,22.956549999999993,66.09579999999981,732.0183666666666,732.0183666666666,732.0183666666666,0.0,0.0,1318.1450648148148,0.0
2025-10-30,0,128,21:20-21:30,698.785,0.0,0.9351,0.9136924107142858,15.4016666666667,82.01576666666664,714.1866666666667,714.1866666666667,714.1866666666667,0.0,0.0,1318.1450648148148,0.0
2025-10-30,0,129,21:30-21:40,750.0064166666666,0.0,0.9943250000000001,0.9695674107142856,17.05896666666672,96.66855416666654,726.1254541666666,726.1254541666666,726.1254541666666,0.0,40.93992916666671,1272.6562546296295,0.0
2025-10-30,0,130,21:40-21:50,675.1339499999999,0.0,0.768,0.7436642857142856,28.21706666666671,65.39062916666664,689.7958958333335,689.7958958333335,689.7958958333335,0.0,13.555120833333193,1257.5950092592593,0.0
2025-10-30,0,131,21:50-22:00,522.5666666666666,0.0,0.3893,0.3678955357142858,17.278333333333308,51.83550833333335,1373.1783333333333,1373.1783333333333,1373.1783333333333,833.3333333333333,0.0,2007.5950092592593,0.0
2025-10-30,0,132,22:00-22:10,536.3387,0.0,0.3728,0.34648839285714284,17.427616666666665,37.62399166666678,1387.0996499999999,1387.0996499999999,1387.0996499999999,833.3333333333333,0.0,2757.5950092592593,0.0
2025-10-30,0,133,22:10-22:20,570.22045,0.0,0.431325,0.4058825892857142,26.192466666666633,28.755058333333366,596.4129166666667,596.4129166666667,596.4129166666667,0.0,0.0,2757.5950092592593,0.0
2025-10-30,0,134,22:20-22:30,547.2249999999999,0.0,0.398825,0.3798026785714286,31.908333333333417,39.913537499999975,1412.4666666666667,1412.4666666666667,1412.4666666666667,833.3333333333333,0.0,3507.5950092592593,0.0
2025-10-30,0,135,22:30-22:40,540.8244666666667,0.0,0.399,0.37759017857142857,23.381616666666673,58.789045833333375,1397.5394166666665,1397.5394166666665,1397.5394166666665,833.3333333333333,0.0,4257.595009259259,0.0
2025-10-30,0,136,22:40-22:50,546.83275,0.0,0.40507499999999996,0.3812406250000001,24.038533333333362,44.491195833333364,840.2101619341563,840.2101619341563,840.2101619341563,269.33887860082297,0.0,4500.0,0.0
2025-10-30,0,137,22:50-23:00,555.9499999999999,0.0,0.40405,0.38266651785714284,19.021666666666647,44.953070833333314,574.9716666666666,574.9716666666666,574.9716666666666,0.0,0.0,4500.0,0.0
2025-10-30,0,138,23:00-23:10,567.9104166666666,0.0,0.42025,0.4015468749999999,25.23085000000009,37.07180000000004,593.1412666666668,593.1412666666668,593.1412666666668,0.0,0.0,4500.0,0.0
2025-10-30,0,139,23:10-23:20,556.0681,0.0,0.411425,0.39244464285714276,22.931266666666602,59.41117500000024,578.9993666666666,578.9993666666666,578.9993666666666,0.0,0.0,4500.0,0.0
2025-10-30,0,140,23:20-23:30,536.1716666666666,0.0,0.396175,0.37532589285714285,29.495000000000005,56.78045833333336,1399.0,1399.0,1399.0,833.3333333333333,0.0,5250.0,0.0
2025-10-30,0,141,23:30-23:40,546.1011,0.0,0.43127499999999996,0.41131830357142846,18.29841666666664,43.733458333333445,564.3995166666666,564.3995166666666,564.3995166666666,0.0,0.0,5250.0,0.0
2025-10-30,0,142,23:40-23:50,519.3493666666666,0.0,0.41975,0.40358839285714293,23.258233333333237,39.07420416666665,542.6075999999998,542.6075999999998,542.6075999999998,0.0,0.0,5250.0,0.0
2025-10-30,0,143,23:50-24:00,448.23333333333335,0.0,0.348425,0.3351808035714285,28.281666666666695,28.126666666666637,1309.8483333333334,1309.8483333333334,1309.8483333333334,833.3333333333333,0.0,6000.0,0.0
2025-10-31,0,0,0:00-0:10,398.37209999999993,0.0,0.3082,0.29396919642857133,24.783233333333328,59.598274999999944,1256.4886666666666,1256.4886666666666,1256.4886666666666,833.3333333333333,0.0,7304.568489621873,0.0
2025-10-31,0,1,0:10-0:20,386.13694999999996,0.0,0.3131,0.2968321428571429,18.68164999999999,78.11034583333333,1238.151933333333,1238.151933333333,1238.151933333333,833.3333333333333,0.0,8054.568489621873,0.0
2025-10-31,0,2,0:20-0:30,400.695,0.0,0.332375,0.3164089285714286,19.021666666666647,61.619383333332934,419.71666666666664,419.71666666666664,419.71666666666664,0.0,0.0,8054.568489621873,0.0
2025-10-31,0,3,0:30-0:40,418.2492833333333,0.0,0.3276,0.3127450892857143,17.660700000000077,62.755770833333145,435.9099833333334,435.9099833333334,435.9099833333334,0.0,0.0,8054.568489621873,0.0
2025-10-31,0,4,0:40-0:50,420.02585,0.0,0.325575,0.31070624999999996,14.940866666666693,62.07864166666653,434.9667166666667,434.9667166666667,434.9667166666667,0.0,0.0,8054.568489621873,0.0
2025-10-31,0,5,0:50-1:00,412.9333333333333,0.0,0.329175,0.31408839285714285,17.34333333333342,56.91652499999995,430.2766666666667,430.2766666666667,430.2766666666667,0.0,0.0,8054.568489621873,0.0
2025-10-31,0,6,1:00-1:10,417.84691666666663,0.0,0.31579999999999997,0.3030535714285714,23.679666666666662,50.67490833333338,441.5265833333333,441.5265833333333,441.5265833333333,0.0,0.0,8054.568489621873,0.0
2025-10-31,0,7,1:10-1:20,415.5309833333333,0.0,0.31972500000000004,0.31029419642857153,23.081783333333306,60.33777083333334,438.61276666666663,438.61276666666663,438.61276666666663,0.0,0.0,8054.568489621873,0.0
2025-10-31,0,8,1:20-1:30,401.8666666666666,0.0,0.34777500000000006,0.340669642857143,22.405000000000086,51.00345833333314,424.2716666666667,424.2716666666667,424.2716666666667,0.0,0.0,8054.568489621873,0.0
2025-10-31,0,9,1:30-1:40,396.9656666666666,0.0,0.367125,0.36045669642857153,24.270350000000008,49.71555833333325,421.2360166666666,421.2360166666666,421.2360166666666,0.0,0.0,8054.568489621873,0.0
2025-10-31,0,10,1:40-1:50,414.9269,0.0,0.358025,0.35045312500000003,21.697850000000017,22.70845833333334,436.62475,436.62475,436.62475,0.0,0.0,8054.568489621873,0.0
2025-10-31,0,11,1:50-2:00,438.72166666666664,0.0,0.32977500000000004,0.3194852678571429,24.149999999999977,15.045937500000008,462.8716666666666,462.8716666666666,462.8716666666666,0.0,0.0,8054.568489621873,0.0
2025-10-31,0,12,2:00-2:10,436.2016833333333,0.0,0.31375,0.2994808035714285,23.729833333333318,16.712549999999837,459.9315166666666,459.9315166666666,459.9315166666666,0.0,0.0,8054.568489621873,0.0
2025-10-31,0,13,2:10-2:20,431.16728333333333,0.0,0.325875,0.31591026785714277,26.372100000000046,24.099179166666545,457.5393833333334,457.5393833333334,457.5393833333334,0.0,0.0,8054.568489621873,0.0
2025-10-31,0,14,2:20-2:30,440.03499999999997,0.0,0.355975,0.3540428571428572,19.800000000000068,28.023745833333237,459.83500000000004,459.83500000000004,459.83500000000004,0.0,0.0,8054.568489621873,0.0
2025-10-31,0,15,2:30-2:40,453.9724166666666,0.0,0.37377499999999997,0.3686352678571428,21.23406666666665,31.2881583333333,0.0,0.0,0.0,0.0,475.20648333333327,7526.561285918169,0.0
2025-10-31,0,16,2:40-2:50,451.42204999999996,0.0,0.3573,0.3462683035714285,18.648900000000026,30.831724999999892,470.07095,470.07095,470.07095,0.0,0.0,7526.561285918169,0.0
2025-10-31,0,17,2:50-3:00,441.945,0.0,0.321125,0.3089629464285714,23.52166666666676,33.53289166666656,465.46666666666675,465.46666666666675,465.46666666666675,0.0,0.0,7526.561285918169,0.0
2025-10-31,0,18,3:00-3:10,452.27256666666665,0.0,0.30695,0.29764553571428565,23.916150000000016,34.837966666666745,1266.4883056523568,1266.4883056523568,1266.4883056523568,790.2995889856902,0.0,8237.83091600529,0.0
2025-10-31,0,19,3:10-3:20,444.3161666666666,0.0,0.328125,0.32085267857142863,19.448416666666617,20.626123214285712,463.76458333333323,463.76458333333323,463.76458333333323,0.0,0.0,8237.83091600529,0.0
2025-10-31,0,20,3:20-3:30,425.85833333333335,0.0,0.3519,0.34586026785714274,19.345000000000027,26.7613791666666,445.2033333333334,445.2033333333334,445.2033333333334,0.0,0.0,8237.83091600529,0.0
2025-10-31,0,21,3:30-3:40,442.2711166666666,0.0,0.333175,0.3308361607142859,18.111216666666678,36.6798696428572,460.3823333333333,460.3823333333333,460.3823333333333,0.0,0.0,8237.83091600529,0.0
2025-10-31,0,22,3:40-3:50,442.8247666666667,0.0,0.3297,0.32694732142857147,19.827549999999974,30.6960815476191,462.65231666666665,462.65231666666665,462.65231666666665,0.0,0.0,8237.83091600529,0.0
2025-10-31,0,23,3:50-4:00,428.1033333333333,0.0,0.34915,0.34227053571428573,23.281666666666638,21.189222619047783,451.38499999999993,451.38499999999993,451.38499999999993,0.0,0.0,8237.83091600529,0.0
2025-10-31,0,24,4:00-4:10,446.42665,0.0,0.341575,0.33454508928571436,18.17691666666667,46.227755952381045,464.60356666666667,464.60356666666667,464.60356666666667,0.0,0.0,8237.83091600529,0.0
2025-10-31,0,25,4:10-4:20,437.2792,0.0,0.329225,0.32488928571428577,21.59964999999994,51.09639345238085,458.87884999999994,458.87884999999994,458.87884999999994,0.0,0.0,8237.83091600529,0.0
2025-10-31,0,26,4:20-4:30,410.45166666666665,0.0,0.332775,0.3304321428571429,16.230000000000018,66.5119380952382,426.6816666666667,426.6816666666667,426.6816666666667,0.0,0.0,8237.83091600529,0.0
2025-10-31,0,27,4:30-4:40,440.66995,0.00027619047619047615,0.348875,0.3455491071428572,26.28461666666658,84.48675297619033,466.95429047619035,466.95429047619035,466.95429047619035,0.0,0.0,8237.83091600529,0.0
2025-10-31,0,28,4:40-4:50,471.4685333333333,0.0,0.36185,0.35775267857142856,30.316966666666644,75.71982261904736,501.78549999999996,501.78549999999996,501.78549999999996,0.0,0.0,8237.83091600529,0.0
2025-10-31,0,29,4:50-5:00,468.68999999999994,0.0,0.36629999999999996,0.3623017857142857,17.81666666666672,105.0467232142855,486.50666666666666,486.50666666666666,486.50666666666666,0.0,0.0,8237.83091600529,0.0
2025-10-31,0,30,5:00-5:10,453.03295,0.004111904761904761,0.369025,0.36372053571428575,17.39268571428579,105.39588988095228,470.42152380952393,470.42152380952393,470.42152380952393,0.0,0.0,8237.83091600529,0.0
2025-10-31,0,31,5:10-5:20,440.1582166666667,0.0,0.37197499999999994,0.3653544642857141,19.992983333333314,118.89639345238099,460.1512,460.1512,460.1512,0.0,0.0,8237.83091600529,0.0
2025-10-31,0,32,5:20-5:30,450.33500000000004,0.0,0.35047500000000004,0.34500758928571423,23.671666666666624,172.92151369047622,474.00666666666666,474.00666666666666,474.00666666666666,0.0,0.0,8237.83091600529,0.0
2025-10-31,0,33,5:30-5:40,492.7819333333333,0.05728571428571429,0.31445,0.3135200892857143,26.20335952380958,241.27065059523792,518.9280071428572,518.9280071428572,518.9280071428572,0.0,0.0,8237.83091600529,0.0
2025-10-31,0,34,5:40-5:50,509.03313333333335,0.0,0.49555,0.4969459821428571,24.642283333333353,273.62342142857136,0.0,0.0,0.0,0.0,533.6754166666667,7644.858230820106,0.0
2025-10-31,0,35,5:50-6:00,479.5566666666667,0.0,0.783975,0.7861183035714285,35.435,345.15504940476217,0.0,0.0,0.0,0.0,514.9916666666667,7072.645267857142,0.0
2025-10-31,0,36,6:00-6:10,442.03821666666664,0.7978595238095237,0.812075,0.819677678571428,24.540409523809444,385.6912500000003,0.0,0.0,0.0,0.0,465.7807666666666,6555.111082671957,0.0
2025-10-31,0,37,6:10-6:20,436.72979999999995,0.0,0.762375,0.7778758928571425,34.954185714285586,440.435835714286,0.0,0.0,0.0,0.0,471.68398571428554,6031.01776521164,0.0
2025-10-31,0,38,6:20-6:30,444.8,0.0,0.7552249999999999,0.7759566964285713,36.451607142857256,534.9156982142858,0.0,0.0,0.0,0.0,481.25160714285727,5496.293757275132,0.0
2025-10-31,0,39,6:30-6:40,421.52914999999996,23.890242857142855,0.7323,0.752199107142857,42.862240476190465,592.4001523809521,0.0,0.0,0.0,0.0,440.5011476190475,5006.848037698413,0.0
2025-10-31,0,40,6:40-6:50,449.551,65.67958095238095,0.733575,0.7520616071428573,45.231404761904656,592.4819029761902,0.0,0.0,0.0,0.0,429.1028238095237,4530.067122354497,0.0
2025-10-31,0,41,6:50-7:00,518.06,116.73392857142855,0.7479250000000001,0.767449107142857,44.71636904761908,615.3720660714282,0.0,0.0,0.0,0.0,446.04244047619045,4034.4644107142853,0.0
2025-10-31,0,42,7:00-7:10,528.3888333333333,170.33823333333333,0.714325,0.7358852678571431,43.86603333333346,636.8224613095233,0.0,0.0,0.0,0.0,401.91663333333344,3587.890373677248,0.0
2025-10-31,0,43,7:10-7:20,531.1592499999999,224.48538571428566,0.6817,0.7054714285714285,51.68145952380951,655.89689047619,0.0,0.0,0.0,0.0,358.3553238095238,3189.717791666666,0.0
2025-10-31,0,44,7:20-7:30,548.0733333333333,278.80982142857135,0.644725,0.6695991071428572,66.00440476190482,652.1185017857139,0.0,0.0,0.0,0.0,335.2679166666668,2817.1978842592584,0.0
2025-10-31,0,45,7:30-7:40,546.4530166666666,333.76387619047614,0.5771499999999999,0.6006495535714285,61.457673809523726,649.4435619047619,0.0,0.0,0.0,0.0,274.1468142857142,2512.5903128306873,0.0
2025-10-31,0,46,7:40-7:50,545.5007666666667,391.07095238095224,0.68215,0.7027107142857142,59.16549999999984,623.7125636904768,0.0,0.0,0.0,0.0,213.59531428571427,2275.2621858465604,0.0
2025-10-31,0,47,7:50-8:00,553.06,450.27410714285713,0.8865000000000001,0.9058147321428572,58.77755952380937,637.2607934523808,0.0,0.0,0.0,0.0,161.56345238095219,2095.7472387566136,0.0
2025-10-31,0,48,8:00-8:10,556.8611333333333,510.2060261904761,0.891475,0.9137049107142856,56.399511904761994,640.8794392857137,0.0,0.0,0.0,0.0,103.05461904761921,1981.2421064814812,0.0
2025-10-31,0,49,8:10-8:20,563.0085666666666,576.2326690476191,0.8299749999999999,0.8522678571428572,67.06452142857154,640.8572541666662,0.0,0.0,0.0,0.0,53.84041904761909,1921.4194186507932,0.0
2025-10-31,0,50,8:20-8:30,549.1966666666666,641.8017857142856,0.8009,0.8213245535714285,68.46684523809529,649.2774767857139,0.0,0.0,0.0,24.138273809523753,0.0,1943.1438650793646,0.0
2025-10-31,0,51,8:30-8:40,498.97585000000004,693.1751952380952,0.7718750000000001,0.7957334821428572,85.90043571428566,624.767283333333,0.0,0.0,0.0,0.0,100.03871666666637,1831.9897354497352,0.0
2025-10-31,0,52,8:40-8:50,543.38,741.6736904761906,0.765725,0.7896602678571428,82.01102380952386,568.7907619047617,0.0,0.0,0.0,0.0,-0.0,1831.9897354497352,0.0
2025-10-31,0,53,8:50-9:00,644.635,793.3616071428571,0.774275,0.7932348214285716,96.67386904761912,505.4194571428569,0.0,0.0,0.0,0.0,0.0,1831.989735449735,0.0
2025-10-31,0,54,9:00-9:10,629.2190333333333,844.5734452380952,0.7557250000000001,0.7722790178571429,90.56386428571426,459.9022351190475,0.0,0.0,0.0,80.52288495002949,0.0,1904.4603319047615,0.0
2025-10-31,0,55,9:10-9:20,599.7506333333333,898.9443142857142,0.72065,0.738027232142857,89.85923333333342,391.4943476190469,0.0,0.0,0.0,0.0,0.0,1904.4603319047617,0.0
2025-10-31,0,56,9:20-9:30,615.3166666666666,951.5589285714284,0.692925,0.7125665178571428,86.59523809523833,425.14423214285654,0.0,0.0,0.0,249.6470238095235,-0.0,2129.142653333333,0.0
2025-10-31,0,57,9:30-9:40,631.2669833333333,992.9943333333333,0.68575,0.7049089285714284,98.74234047619044,446.65939583333306,0.0,0.0,0.0,262.9850095238096,-0.0,2365.8291619047613,0.0
2025-10-31,0,58,9:40-9:50,646.2982499999999,1036.8098166666666,0.672125,0.677271875,104.6511976190476,465.5756511904759,0.0,0.0,0.0,285.8603690476191,0.0,2623.1034940476184,0.0
2025-10-31,0,59,9:50-10:00,647.7916666666666,1079.6205357142853,0.63645,0.6216816964285712,125.59636904761908,462.4906148809521,0.0,0.0,0.0,-0.0,833.3333333333333,1697.1775681216927,0.0
2025-10-31,0,60,10:00-10:10,617.9295333333333,1106.646826190476,0.59275,0.5723526785714288,112.19666904761903,447.45981130952345,0.0,0.0,0.0,376.52062380952407,0.0,2036.0461295502644,0.0
2025-10-31,0,61,10:10-10:20,608.6558666666666,1146.9712190476191,0.584975,0.5639977678571428,90.83749047619062,540.3858755952375,0.0,0.0,0.0,-0.0,134.3591552857145,1886.758179232804,0.0
2025-10-31,0,62,10:20-10:30,619.1016666666667,1200.4187499999998,0.6103000000000001,0.5873866071428572,86.14952380952388,618.0823613095235,0.0,0.0,0.0,28.257761610817166,0.0,1912.1901646825395,0.0
2025-10-31,0,63,10:30-10:40,601.6789833333332,1236.27595,0.5980749999999999,0.5762017857142856,101.52066190476216,640.9711482142854,0.0,0.0,0.0,-0.0,29.065767261904806,1879.8948677248675,0.0
2025-10-31,0,64,10:40-10:50,601.3447333333334,1263.153280952381,0.4326,0.4201200892857143,94.96471666666656,611.9053809523807,0.0,0.0,0.0,-0.0,48.86785773809504,1825.597248015873,0.0
2025-10-31,0,65,10:50-11:00,627.3133333333333,1290.461607142857,0.221475,0.2220915178571429,82.3536904761906,563.0375232142856,0.0,0.0,0.0,580.7945833333331,0.0,2348.3123730158727,0.0
2025-10-31,0,66,11:00-11:10,639.2708,1317.8835619047618,0.20295,0.20908482142857143,79.66298095238102,527.218279761905,0.0,0.0,0.0,-0.0,509.9144624999996,1781.7407480158731,0.0
2025-10-31,0,67,11:10-11:20,637.3197,1343.759380952381,0.21149999999999997,0.21827723214285716,94.80172380952371,523.566673214286,0.0,0.0,0.0,611.6379571428572,0.0,2332.214909444445,0.0
2025-10-31,0,68,11:20-11:30,630.4016666666666,1358.6642857142856,0.169675,0.17582146428571427,137.3235119047617,754.9274166666669,0.0,0.0,0.0,590.9391071428572,-0.0,2864.0601058730163,0.0
2025-10-31,0,69,11:30-11:40,625.8156333333333,1352.2112238095237,0.164825,0.16964823214285715,105.87928571428574,945.3888315476188,0.0,0.0,0.0,620.5163047619047,0.0,3422.5247801587307,0.0
2025-10-31,0,70,11:40-11:50,631.0072,1339.9358714285713,0.17975,0.1841816964285714,111.9860333333337,1010.0395107142856,0.0,0.0,0.0,596.9426380952376,-0.0,3959.7731544444446,0.0
2025-10-31,0,71,11:50-12:00,631.5316666666666,1335.6964285714284,0.1734,0.17854107142857148,111.75059523809523,1042.7389970238096,0.0,0.0,0.0,592.4141666666666,0.0,4492.945904444445,0.0
2025-10-31,0,72,12:00-12:10,605.9291499999999,1339.947445238095,0.132775,0.14119067857142859,129.18430000000006,1085.651482142857,0.0,0.0,0.0,604.833995238095,-0.0,5037.29650015873,0.0
2025-10-31,0,73,12:10-12:20,590.7954,1333.638969047619,0.13472499999999998,0.1447585357142857,104.28001666666637,1157.3599226190477,0.0,0.0,0.0,638.5635523809526,0.0,5612.003697301588,0.0
2025-10-31,0,74,12:20-12:30,599.3633333333332,1319.017857142857,0.155,0.1654111964285714,117.4281547619048,1190.1354178571426,0.0,0.0,0.0,602.226369047619,-0.0,6154.007429444445,0.0
2025-10-31,0,75,12:30-12:40,608.35375,1313.932188095238,0.12254999999999999,0.1305456071428571,114.35156666666666,1180.251667857143,0.0,0.0,0.0,591.2268714285713,0.0,6686.111613730159,0.0
2025-10-31,0,76,12:40-12:50,601.9672166666667,1295.4682476190474,0.25627500000000003,0.2608825892857143,119.94517619047656,1137.7770357142856,0.0,0.0,0.0,573.5558547619041,0.0,7202.311883015873,0.0
2025-10-31,0,77,12:50-13:00,590.7316666666666,1256.6839285714284,0.4943,0.5028955357142857,107.06434523809492,1089.562372619048,0.0,0.0,0.0,558.8879166666669,-0.0,7705.311008015873,0.0
2025-10-31,0,78,13:00-13:10,597.2919666666667,1216.0958666666666,0.53435,0.5443308035714287,94.04405952380952,1072.5411672619045,0.0,0.0,0.0,524.7598404761902,-0.0,8177.594864444444,0.0
2025-10-31,0,79,13:10-13:20,597.6628833333333,1187.437011904762,0.524825,0.5324848214285715,79.90294047619054,969.4716523809522,0.0,0.0,0.0,509.8711880952381,-0.0,8636.478933730159,0.0
2025-10-31,0,80,13:20-13:30,579.97,1164.211607142857,0.5606,0.566409375,77.23452380952381,790.2517910714282,0.0,0.0,0.0,507.0070833333332,0.0,9092.78530873016,0.0
2025-10-31,0,81,13:30-13:40,559.9620333333332,1127.8840595238094,0.58545,0.5927424107142859,83.28279761904764,715.8687446428573,0.0,0.0,0.0,484.6392285714285,0.0,9528.960614444444,0.0
2025-10-31,0,82,13:40-13:50,565.6985666666667,1086.1894666666667,0.61535,0.6114991071428572,81.5161357142857,700.6802660714282,0.0,0.0,0.0,438.97476428571423,-0.0,9924.037902301587,0.0
2025-10-31,0,83,13:50-14:00,581.3833333333333,1041.385714285714,0.65575,0.6341205357142857,83.001488095238,681.4462589285718,0.0,0.0,0.0,377.00089285714256,0.0,10263.338705873015,0.0
2025-10-31,0,84,14:00-14:10,565.3063833333333,988.8241928571429,0.6816499999999999,0.6592562499999998,69.1698833333334,660.2140119047622,0.0,0.0,0.0,354.3479261904762,0.0,10582.251839444443,0.0
2025-10-31,0,85,14:10-14:20,556.8509833333333,944.3257047619046,0.6715249999999999,0.6532834821428574,71.59513333333337,621.8408482142859,0.0,0.0,0.0,-0.0,13.264409071427606,10567.513607142853,0.0
2025-10-31,0,86,14:20-14:30,572.2816666666666,908.3017857142856,0.680775,0.6604049107142858,77.70190476190464,606.6136315476192,0.0,0.0,0.0,258.31821428571465,0.0,10800.0,0.0
2025-10-31,0,87,14:30-14:40,583.9331333333333,865.6872023809524,0.758925,0.7333580357142856,92.04032857142859,604.6822773809527,0.0,0.0,0.0,-0.0,365.25343885713664,10394.162845714292,0.0
2025-10-31,0,88,14:40-14:50,566.3329,821.7583404761904,0.647375,0.6327508928571431,75.17023571428587,567.612417857143,0.0,0.0,0.0,180.25520476190445,0.0,10556.392530000006,0.0
2025-10-31,0,89,14:50-15:00,547.1816666666666,778.0919642857143,0.421575,0.4269080357142858,79.10202380952398,464.3394809523812,0.0,0.0,0.0,151.8082738095237,0.0,10693.019976428577,0.0
2025-10-31,0,90,15:00-15:10,574.5781166666666,727.757976190476,0.432725,0.44000625,68.95152857142836,352.79293333333374,0.0,0.0,0.0,84.228330952375,0.0,10768.825474285715,0.0
2025-10-31,0,91,15:10-15:20,574.5427999999999,666.4603642857141,0.496325,0.5010718750000002,57.2792023809524,252.97980059523732,0.0,0.0,0.0,34.63836190476184,0.0,10800.0,0.0
2025-10-31,0,92,15:20-15:30,553.4849999999999,604.6098214285714,0.49997499999999995,0.5076544642857143,68.13017857142859,268.92152559523754,17.005357142857065,17.005357142857065,17.005357142857065,0.0,0.0,10800.0,0.0
2025-10-31,0,93,15:30-15:40,588.7831833333332,558.0944238095237,0.521875,0.5332428571428572,62.02713095238088,224.2769619047624,92.71589047619034,92.71589047619034,92.71589047619034,0.0,0.0,10800.0,0.0
2025-10-31,0,94,15:40-15:50,600.4033166666666,509.7052071428571,0.559975,0.5693696428571428,65.44558571428581,147.5374529761906,156.1436952380953,156.1436952380953,156.1436952380953,0.0,-0.0,10800.0,0.0
2025-10-31,0,95,15:50-16:00,573.1983333333333,451.77857142857147,0.586625,0.5922642857142855,57.33970238095242,164.3509214285716,178.75946428571422,178.75946428571422,178.75946428571422,0.0,-0.0,10800.0,0.0
2025-10-31,0,96,16:00-16:10,571.9938833333333,392.9089476190476,0.5889,0.5981973214285714,63.016883333333226,202.26141666666697,242.10181904761896,242.10181904761896,242.10181904761896,-0.0,0.0,10800.0,0.0
2025-10-31,0,97,16:10-16:20,562.8614333333333,334.88277857142856,0.622775,0.6320125,49.53342142857139,167.8414821428574,277.5120761904761,277.5120761904761,277.5120761904761,0.0,0.0,10800.0,0.0
2025-10-31,0,98,16:20-16:30,559.1816666666666,278.76339285714283,0.685675,0.6906638392857144,63.92500000000001,126.19521011904835,344.34327380952374,344.34327380952374,344.34327380952374,-0.0,0.0,10800.0,0.0
2025-10-31,0,99,16:30-16:40,603.0159666666666,225.4376119047619,0.7136750000000001,0.7212669642857138,54.10048809523812,178.45233392857193,431.67884285714285,431.67884285714285,431.67884285714285,0.0,0.0,10800.0,0.0
2025-10-31,0,100,16:40-16:50,566.6070833333333,170.64503095238095,0.7025999999999999,0.7133825892857143,46.800914285714214,160.90658809523796,442.76296666666667,442.76296666666667,442.76296666666667,-0.0,0.0,10800.0,0.0
2025-10-31,0,101,16:50-17:00,462.88666666666666,114.83571428571429,0.6883250000000001,0.6984303571428574,45.48660714285711,124.62312916666664,393.5375595238095,393.5375595238095,393.5375595238095,0.0,0.0,10800.0,0.0
2025-10-31,0,102,17:00-17:10,439.2584,64.1399119047619,0.7131500000000001,0.7205879464285713,39.574197619047595,106.04135833333328,414.6926857142857,414.6926857142857,414.6926857142857,0.0,0.0,10800.0,0.0
2025-10-31,0,103,17:10-17:20,447.7185333333333,23.481335714285713,0.747075,0.7516767857142858,36.33460476190476,61.09998273809498,460.57180238095236,460.57180238095236,460.57180238095236,0.0,0.0,10800.0,0.0
2025-10-31,0,104,17:20-17:30,446.14,0.0,0.74725,0.7482955357142859,27.774642857142794,70.91832321428603,473.9146428571428,473.9146428571428,473.9146428571428,0.0,0.0,10800.0,0.0
2025-10-31,0,105,17:30-17:40,445.55071666666663,0.0,0.7237250000000001,0.7184973214285714,23.463373809523773,67.06760416666691,469.0140904761904,469.0140904761904,469.0140904761904,0.0,0.0,10800.0,0.0
2025-10-31,0,106,17:40-17:50,442.9255166666667,0.7873619047619048,0.8625999999999999,0.8496406249999998,25.901866666666706,54.88712261904752,468.0400214285715,468.0400214285715,468.0400214285715,0.0,0.0,10800.0,0.0
2025-10-31,0,107,17:50-18:00,438.5283333333333,0.0,1.0936750000000002,1.0770022321428574,29.85833333333335,51.944520238095265,0.0,0.0,0.0,0.0,468.38666666666666,10279.570370370371,0.0
2025-10-31,0,108,18:00-18:10,441.07714999999996,0.0,1.14255,1.129627232142857,11.670050000000003,57.33244047619054,0.0,0.0,0.0,0.0,452.74719999999996,9776.517925925928,0.0
2025-10-31,0,109,18:10-18:20,462.01045,0.05653095238095238,1.1145,1.095804017857143,24.637959523809457,47.507516666666945,0.0,0.0,0.0,0.0,486.5918785714285,9235.860283068785,0.0
2025-10-31,0,110,18:20-18:30,481.6983333333333,0.0,1.1072250000000001,1.0783830357142856,35.08166666666659,63.703065476190474,0.0,0.0,0.0,0.0,516.78,8661.660283068784,0.0
2025-10-31,0,111,18:30-18:40,464.89144999999996,0.0,1.109925,1.086130357142857,19.800216666666756,38.09292499999992,0.0,0.0,0.0,0.0,484.6916666666667,8123.113986772488,0.0
2025-10-31,0,112,18:40-18:50,440.07855,0.004059523809523809,1.101275,1.067835267857143,17.12350476190477,60.631637500000025,0.0,0.0,0.0,0.0,457.19799523809525,7615.116214285716,0.0
2025-10-31,0,113,18:50-19:00,441.75333333333333,0.0,1.0905,1.0356066964285715,18.471666666666692,41.060782142857036,0.0,0.0,0.0,0.0,460.225,7103.755103174605,0.0
2025-10-31,0,114,19:00-19:10,475.0863166666666,0.0,1.1052,1.051129017857143,23.65402619047626,36.83927976190468,0.0,0.0,0.0,0.0,498.7403428571429,6549.599166666669,0.0
2025-10-31,0,115,19:10-19:20,473.30926666666664,0.000269047619047619,1.1195499999999998,1.0669660714285711,19.05006904761899,28.58537499999977,0.0,0.0,0.0,0.0,492.3590666666666,6002.5335370370385,0.0
2025-10-31,0,116,19:20-19:30,448.32833333333326,0.0,1.121725,1.0648053571428575,24.116666666666788,37.12451547619024,0.0,0.0,0.0,0.0,472.44500000000005,5477.59464814815,0.0
2025-10-31,0,117,19:30-19:40,471.43221666666665,0.0,1.1219,1.0703892857142856,15.791166666666754,49.73595178571432,0.0,0.0,0.0,0.0,487.2233833333334,4936.235333333335,0.0
2025-10-31,0,118,19:40-19:50,470.04665,0.0,1.110125,1.0604825892857142,21.71131666666662,34.67611369047627,0.0,0.0,0.0,0.0,491.7579666666666,4389.837592592594,0.0
2025-10-31,0,119,19:50-20:00,443.56666666666666,0.0,1.095425,1.0410691964285717,25.226666666666688,32.87469583333329,0.0,0.0,0.0,0.0,468.79333333333335,3868.9561111111125,0.0
2025-10-31,0,120,20:00-20:10,466.23368333333326,0.0,1.098975,1.0447294642857137,17.689633333333347,57.38110833333326,0.0,0.0,0.0,0.0,483.9233166666666,3331.2635370370385,0.0
2025-10-31,0,121,20:10-20:20,478.7914999999999,0.0,1.0959750000000001,1.0444535714285714,19.03143333333344,67.36947916666665,0.0,0.0,0.0,0.0,497.82293333333337,2778.126944444446,0.0
2025-10-31,0,122,20:20-20:30,457.95166666666665,0.0,1.1094499999999998,1.057141517857143,21.928333333333285,62.34883750000023,0.0,0.0,0.0,0.0,479.87999999999994,2244.9269444444462,0.0
2025-10-31,0,123,20:30-20:40,445.4311,0.0,1.1589,1.1016330357142858,16.997583333333296,71.84354583333348,0.0,0.0,0.0,0.0,462.4286833333333,1731.117296296298,0.0
2025-10-31,0,124,20:40-20:50,459.68326666666667,0.0,1.027775,0.9823392857142862,22.0542999999999,57.852954166666606,103.4280249999984,103.4280249999984,103.4280249999984,0.0,378.30954166666817,1310.7733611111112,0.0
2025-10-31,0,125,20:50-21:00,486.965,0.0,0.7948,0.771142857142857,16.466666666666697,99.69602500000002,510.0041358024691,510.0041358024691,510.0041358024691,6.572469135802395,0.0,1316.6885833333333,0.0
2025-10-31,0,126,21:00-21:10,495.7576333333333,0.0,0.7723249999999999,0.7516709821428572,18.821616666666614,105.019725,514.5792499999999,514.5792499999999,514.5792499999999,0.0,0.0,1316.6885833333333,0.0
2025-10-31,0,127,21:10-21:20,486.2110666666666,0.0,0.7962750000000001,0.7754562499999997,22.956549999999993,63.17880416666662,509.1676166666666,509.1676166666666,509.1676166666666,0.0,0.0,1316.6885833333333,0.0
2025-10-31,0,128,21:20-21:30,474.59,0.0,0.7934,0.7752370535714286,20.644999999999982,75.67716666666665,495.23499999999996,495.23499999999996,495.23499999999996,0.0,0.0,1316.6885833333333,0.0
2025-10-31,0,129,21:30-21:40,471.21419999999995,0.0,0.8207749999999999,0.7984915178571429,17.05896666666672,95.7639708333332,445.0257375,445.0257375,445.0257375,0.0,43.247429166666684,1268.6358842592592,0.0
2025-10-31,0,130,21:40-21:50,434.1088833333333,0.0,0.62225,0.6006031249999999,28.21706666666671,61.7722958333333,448.58014583333346,448.58014583333346,448.58014583333346,0.0,13.745804166666584,1253.3627685185186,0.0
2025-10-31,0,131,21:50-22:00,379.81666666666666,0.0,0.30824999999999997,0.29016741071428565,20.896666666666647,48.026491666666644,1234.0466666666666,1234.0466666666666,1234.0466666666666,833.3333333333333,0.0,2003.3627685185184,0.0
2025-10-31,0,132,22:00-22:10,375.74683333333337,0.0,0.281575,0.25703392857142865,17.427616666666665,36.86125833333331,1226.5077833333332,1226.5077833333332,1226.5077833333332,833.3333333333333,0.0,2753.3627685185184,0.0
2025-10-31,0,133,22:10-22:20,405.41964999999993,0.0,0.335725,0.311775,26.955200000000104,27.992324999999894,432.37485000000004,432.37485000000004,432.37485000000004,0.0,0.0,2753.3627685185184,0.0
2025-10-31,0,134,22:20-22:30,415.93833333333333,0.0,0.33235,0.31612946428571426,31.908333333333417,39.913537499999975,447.84666666666675,447.84666666666675,447.84666666666675,0.0,0.0,2753.3627685185184,0.0
2025-10-31,0,135,22:30-22:40,376.63103333333333,0.0,0.3375,0.3185535714285715,23.381616666666673,58.142104166666684,400.01265,400.01265,400.01265,0.0,0.0,2753.3627685185184,0.0
2025-10-31,0,136,22:40-22:50,397.0601833333333,0.0,0.33544999999999997,0.31340625,24.038533333333362,44.491195833333364,421.0987166666667,421.0987166666667,421.0987166666667,0.0,0.0,2753.3627685185184,0.0
2025-10-31,0,137,22:50-23:00,456.07499999999993,0.0,0.32167500000000004,0.3023120535714285,19.021666666666647,44.953070833333314,1308.4299999999998,1308.4299999999998,1308.4299999999998,833.3333333333333,0.0,3503.3627685185184,0.0
2025-10-31,0,138,23:00-23:10,423.79251666666664,0.0,0.31909999999999994,0.3031169642857142,25.23085000000009,36.47669166666665,1282.3567,1282.3567,1282.3567,833.3333333333333,0.0,4253.362768518518,0.0
2025-10-31,0,139,23:10-23:20,394.20826666666665,0.0,0.3244,0.3072941964285714,22.931266666666602,53.401508333333425,417.13953333333325,417.13953333333325,417.13953333333325,0.0,0.0,4253.362768518518,0.0
2025-10-31,0,140,23:20-23:30,407.07499999999993,0.0,0.327975,0.307184375,31.328333333333376,49.743004166666495,438.4033333333333,438.4033333333333,438.4033333333333,0.0,0.0,4253.362768518518,0.0
2025-10-31,0,141,23:30-23:40,408.22136666666665,0.0,0.324075,0.3040294642857142,22.474750000000085,39.21452916666665,1264.02945,1264.02945,1264.02945,833.3333333333333,0.0,5003.362768518518,0.0
2025-10-31,0,142,23:40-23:50,413.92245,0.0,0.3197,0.3040098214285714,24.62861666666663,37.70382083333325,1271.8844,1271.8844,1271.8844,833.3333333333333,0.0,5753.362768518518,0.0
2025-10-31,0,143,23:50-24:00,413.78,0.0,0.31927500000000003,0.3070089285714285,28.281666666666695,28.126666666666637,716.103034979424,716.103034979424,716.103034979424,274.04136831275736,0.0,6000.0,0.0
