date,issue_hour,t,interval,forecast_load_kwh,forecast_pv_kwh,forecast_price,objective_price,margin_kwh,reserve_grid_kwh,q0_kwh,previous_active_kwh,new_active_kwh,planned_charge_kwh,planned_discharge_kwh,planned_end_soc_kwh,reserve_slack_soc_kwh
2025-08-01,0,0,0:00-0:10,585.6715666666666,0.0,0.4501,0.46669821428571423,50.818649999999934,1449.573920238095,0.0,0.0,0.0,0.0,636.4902166666666,7048.273229345239,0.0
2025-08-01,0,1,0:10-0:20,617.1799333333333,0.0,0.4718,0.4890910714285714,52.526716666666516,1464.9185642857142,0.0,0.0,0.0,0.0,669.7066499999999,6304.15472934524,0.0
2025-08-01,0,2,0:20-0:30,629.3399999999999,0.0,0.4344,0.4524236607142858,61.01833333333343,1456.3950101190474,556.3473870416641,556.3473870416641,556.3473870416641,0.0,134.01094629166923,6155.253677910052,0.0
2025-08-01,0,3,0:30-0:40,608.538,0.0,0.4099,0.4251803571428571,58.29603333333341,1446.687926785714,666.8340333333334,666.8340333333334,666.8340333333334,0.0,0.0,6155.253677910052,0.0
2025-08-01,0,4,0:40-0:50,592.0008,0.0,0.4305,0.44702098214285735,47.19839999999999,1433.8332750000006,639.1992,639.1992,639.1992,0.0,0.0,6155.253677910052,0.0
2025-08-01,0,5,0:50-1:00,591.3233333333333,0.0,0.4621,0.48151964285714305,83.72833333333335,1442.221020833334,0.0,0.0,0.0,0.0,675.0516666666666,5405.196270502644,0.0
2025-08-01,0,6,1:00-1:10,585.6644166666666,0.0,0.4387,0.4528107142857142,77.58113333333336,1488.7886261904769,0.0,0.0,0.0,0.0,663.24555,4668.256770502644,0.0
2025-08-01,0,7,1:10-1:20,576.5749,0.0,0.3884,0.398661607142857,74.6242666666667,1416.4269857142856,651.1991666666667,651.1991666666667,651.1991666666667,0.0,0.0,4668.256770502644,0.0
2025-08-01,0,8,1:20-1:30,573.1983333333333,0.0,0.3599,0.3729526785714285,64.71333333333325,1385.6516285714288,637.9116666666665,637.9116666666665,637.9116666666665,0.0,0.0,4668.256770502644,0.0
2025-08-01,0,9,1:30-1:40,578.2416499999999,0.0,0.378,0.39522455357142877,57.98921666666672,1403.2527,636.2308666666667,636.2308666666667,636.2308666666667,0.0,0.0,4668.256770502644,0.0
2025-08-01,0,10,1:40-1:50,564.5245166666666,0.0,0.3859,0.40049955357142847,49.84463333333338,1342.8858404761904,614.36915,614.36915,614.36915,0.0,0.0,4668.256770502644,0.0
2025-08-01,0,11,1:50-2:00,546.675,0.0,0.3634,0.3730218749999999,51.673333333333346,1280.5556880952379,598.3483333333334,598.3483333333334,598.3483333333334,0.0,0.0,4668.256770502644,0.0
2025-08-01,0,12,2:00-2:10,566.57715,0.0,0.3513,0.3652080357142858,78.09561666666673,1246.4570720238094,1478.0061,1478.0061,1478.0061,833.3333333333333,0.0,5418.256770502644,0.0
2025-08-01,0,13,2:10-2:20,580.4275333333333,0.0,0.4013,0.4165745535714286,58.834766666666724,1228.4424529761902,639.2623,639.2623,639.2623,0.0,0.0,5418.256770502644,0.0
2025-08-01,0,14,2:20-2:30,578.8533333333332,0.0,0.4579,0.46920714285714277,49.014999999999986,1194.7671785714285,0.0,0.0,0.0,0.0,627.8683333333332,4720.625289021163,0.0
2025-08-01,0,15,2:30-2:40,588.8228999999999,0.0,0.4192,0.4309178571428572,35.61771666666675,1145.965435119048,624.4406166666666,624.4406166666666,624.4406166666666,0.0,0.0,4720.625289021163,0.0
2025-08-01,0,16,2:40-2:50,561.2952,0.0,0.4238,0.43553883928571435,45.59465,1034.9443910714294,606.88985,606.88985,606.88985,0.0,0.0,4720.625289021163,0.0
2025-08-01,0,17,2:50-3:00,523.2166666666667,0.0,0.4678,0.47741696428571434,61.25,984.4655494047629,0.0,0.0,0.0,0.0,584.4666666666667,4071.2178816137553,0.0
2025-08-01,0,18,3:00-3:10,554.1053499999999,0.0,0.41,0.4191633928571429,43.1350666666666,942.1525000000008,597.2404166666665,597.2404166666665,597.2404166666665,0.0,0.0,4071.2178816137553,0.0
2025-08-01,0,19,3:10-3:20,566.9026666666666,2.6190476190476192e-05,0.3728,0.3820816964285714,51.98994999999991,867.760782738096,618.8925904761903,618.8925904761903,618.8925904761903,0.0,0.0,4071.2178816137553,0.0
2025-08-01,0,20,3:20-3:30,558.6816666666666,0.0,0.4168,0.426178125,49.31999999999982,825.5566785714293,608.0016666666664,608.0016666666664,608.0016666666664,0.0,0.0,4071.2178816137553,0.0
2025-08-01,0,21,3:30-3:40,600.7542666666666,4.047619047619047e-05,0.4686,0.47869732142857163,44.70804047619049,797.5558452380958,0.0,0.0,0.0,0.0,645.4622666666666,3354.037585317459,0.0
2025-08-01,0,22,3:40-3:50,563.8684166666667,0.0011785714285714286,0.4413,0.450949107142857,41.42473333333328,724.9584982142862,605.2919714285714,605.2919714285714,605.2919714285714,0.0,0.0,3354.037585317459,0.0
2025-08-01,0,23,3:50-4:00,489.87666666666667,0.0,0.3828,0.3908830357142857,68.71166666666659,611.2789398809529,558.5883333333333,558.5883333333333,558.5883333333333,0.0,0.0,3354.037585317459,0.0
2025-08-01,0,24,4:00-4:10,550.3786833333334,0.0006714285714285713,0.4178,0.42543928571428574,48.26451666666674,554.9168565476194,598.6425285714287,598.6425285714287,598.6425285714287,0.0,0.0,3354.037585317459,0.0
2025-08-01,0,25,4:10-4:20,557.1189833333333,0.016390476190476188,0.436,0.4450624999999998,56.83428333333336,490.21676964285746,613.9368761904761,613.9368761904761,613.9368761904761,0.0,0.0,3354.037585317459,0.0
2025-08-01,0,26,4:20-4:30,495.905,0.0,0.4063,0.4158607142857142,63.28333333333342,448.2891696428575,559.1883333333334,559.1883333333334,559.1883333333334,0.0,0.0,3354.037585317459,0.0
2025-08-01,0,27,4:30-4:40,540.4154666666666,0.009364285714285714,0.4067,0.41255758928571423,61.28657142857139,414.1448898809527,601.6926738095237,601.6926738095237,601.6926738095237,0.0,0.0,3354.037585317459,0.0
2025-08-01,0,28,4:40-4:50,557.9995333333333,0.22829761904761903,0.3995,0.4047522321428571,50.51871666666659,386.91745119047584,608.2899523809523,608.2899523809523,608.2899523809523,0.0,0.0,3354.037585317459,0.0
2025-08-01,0,29,4:50-5:00,520.2883333333333,0.0,0.3936,0.4022254464285715,65.56642857142856,375.9822059523808,585.8547619047619,585.8547619047619,585.8547619047619,0.0,0.0,3354.037585317459,0.0
2025-08-01,0,30,5:00-5:10,534.83345,1.2764571428571427,0.4354,0.4444718750000001,39.87868809523809,372.2576744047612,573.435680952381,573.435680952381,573.435680952381,0.0,0.0,3354.037585317459,0.0
2025-08-01,0,31,5:10-5:20,523.0813666666666,17.35599523809524,0.417,0.42204553571428555,39.87985476190477,353.81172023809484,545.6052261904761,545.6052261904761,545.6052261904761,0.0,0.0,3354.037585317459,0.0
2025-08-01,0,32,5:20-5:30,480.41166666666663,50.9080357142857,0.3147,0.3169370535714285,41.11279761904768,378.3720785714282,1303.949761904762,1303.949761904762,1303.949761904762,833.3333333333333,0.0,4104.037585317459,0.0
2025-08-01,0,33,5:30-5:40,492.8766333333333,87.50350476190476,0.2497,0.25673035714285725,52.20392619047618,363.23051607142827,1290.910388095238,1290.910388095238,1290.910388095238,833.3333333333333,0.0,4854.037585317459,0.0
2025-08-01,0,34,5:40-5:50,520.5797833333334,125.3505357142857,0.4113,0.417369642857143,42.39209999999997,350.33020476190427,437.6213476190477,437.6213476190477,437.6213476190477,0.0,0.0,4854.037585317459,0.0
2025-08-01,0,35,5:50-6:00,519.8383333333334,164.78125,0.6773,0.678445982142857,40.39422619047616,431.30866309523697,0.0,0.0,0.0,0.0,395.4513095238095,4414.6472414021155,0.0
2025-08-01,0,36,6:00-6:10,490.9068,205.27297380952382,0.719,0.7263138392857141,33.32984285714292,525.0630976190465,0.0,0.0,0.0,0.0,318.9636690476191,4060.243164682539,0.0
2025-08-01,0,37,6:10-6:20,489.9844333333333,247.14647142857143,0.6792,0.6919589285714289,39.066609523809575,575.5376398809516,0.0,0.0,0.0,0.0,281.90457142857144,3747.0158630952374,0.0
2025-08-01,0,38,6:20-6:30,504.6483333333333,289.6723214285714,0.6438,0.6552093749999999,61.81107142857138,574.7117833333326,0.0,0.0,0.0,0.0,276.78708333333327,3439.4746593915334,0.0
2025-08-01,0,39,6:30-6:40,483.6963166666667,332.2077857142857,0.5666,0.5756392857142857,52.695542857142925,618.4736690476182,0.0,0.0,0.0,0.0,204.18407380952397,3212.6034662698403,0.0
2025-08-01,0,40,6:40-6:50,540.83645,379.2815047619047,0.5783,0.5863428571428573,46.08826190476191,711.8011928571417,0.0,0.0,0.0,0.0,207.6432071428572,2981.888791666666,0.0
2025-08-01,0,41,6:50-7:00,624.2266666666667,430.6508928571428,0.6503,0.6586397321428573,35.82976190476188,780.4471874999991,0.0,0.0,0.0,0.0,229.40553571428575,2726.993751984126,0.0
2025-08-01,0,42,7:00-7:10,561.3243166666666,480.1717214285714,0.6137,0.6224165178571429,35.10140714285711,787.6635267857134,0.0,0.0,0.0,0.0,116.25400238095239,2597.822638227512,0.0
2025-08-01,0,43,7:10-7:20,519.8841166666666,522.7495,0.5562,0.5656678571428573,46.749969047619004,797.9153642857134,0.0,0.0,0.0,0.0,43.88458571428566,2549.0619874338613,0.0
2025-08-01,0,44,7:20-7:30,581.4716666666666,561.4517857142856,0.5314,0.5429933035714286,50.90982142857138,826.2270357142849,0.0,0.0,0.0,0.0,70.92970238095234,2470.251207010581,0.0
2025-08-01,0,45,7:30-7:40,655.9786833333333,602.8148714285715,0.5315,0.5465866071428571,50.8747761904761,861.3344761904752,0.0,0.0,0.0,0.0,104.03858809523786,2354.65277579365,0.0
2025-08-01,0,46,7:40-7:50,664.2719833333333,636.6482928571429,0.6898,0.7047017857142858,64.11464523809536,900.7502119047606,0.0,0.0,0.0,0.0,91.73833571428577,2252.721291666666,0.0
2025-08-01,0,47,7:50-8:00,611.2233333333334,665.0928571428572,0.899,0.9104660714285714,62.92392857142863,941.531349999999,0.0,0.0,0.0,0.0,9.054404761904834,2242.660841931216,0.0
2025-08-01,0,48,8:00-8:10,566.7930833333332,702.9382333333334,0.8824,0.8928406250000002,54.16853809523809,938.3947577380942,0.0,0.0,0.0,81.97661190476208,0.0,2316.4397926455017,0.0
2025-08-01,0,49,8:10-8:20,543.7400833333334,749.0332238095239,0.7882,0.7996281250000001,61.15888333333328,862.4966047619039,0.0,0.0,0.0,144.13425714285722,0.0,2446.160624074073,0.0
2025-08-01,0,50,8:20-8:30,536.4783333333332,794.8696428571429,0.7509,0.7638388392857145,81.22470238095252,914.0094779761888,0.0,0.0,0.0,177.16660714285717,0.0,2605.6105705026444,0.0
2025-08-01,0,51,8:30-8:40,550.0622666666666,832.9849357142857,0.7696,0.783734375,65.49021904761935,1029.1979982142843,0.0,0.0,0.0,217.4324499999998,0.0,2801.299775502645,0.0
2025-08-01,0,52,8:40-8:50,638.3595499999999,872.4167523809522,0.7952,0.8099638392857142,78.7311452380954,1068.9449464285706,0.0,0.0,0.0,155.32605714285677,0.0,2941.0932269312157,0.0
2025-08-01,0,53,8:50-9:00,720.9916666666666,916.3589285714286,0.7757,0.7892638392857142,88.58160714285725,1089.972147619047,0.0,0.0,0.0,-0.0,387.7494970952391,2510.26045238095,0.0
2025-08-01,0,54,9:00-9:10,655.3077833333333,959.3309595238095,0.699,0.709070982142857,96.95247380952375,1091.482498214285,0.0,0.0,0.0,2.26117467291612e-13,0.0,2510.2604523809505,0.0
2025-08-01,0,55,9:10-9:20,625.7178333333333,1001.1078857142857,0.6746,0.6856142857142854,88.33581666666669,1179.2344071428556,0.0,0.0,0.0,90.94377498530265,0.0,2592.109849867723,0.0
2025-08-01,0,56,9:20-9:30,677.355,1041.461607142857,0.7119,0.7253910714285713,67.56940476190465,1252.898864880951,0.0,0.0,0.0,53.596340388007334,-0.0,2640.3465562169295,0.0
2025-08-01,0,57,9:30-9:40,674.6804666666667,1078.0652214285715,0.7291,0.7395750000000001,83.74383333333338,1296.3119005952362,0.0,0.0,0.0,47.00257275132288,-0.0,2682.64887169312,0.0
2025-08-01,0,58,9:40-9:50,648.5990833333333,1106.409907142857,0.798,0.8206218749999998,82.54207142857179,1334.383984523808,0.0,0.0,0.0,-0.0,59.52471488095152,2616.5102996031737,0.0
2025-08-01,0,59,9:50-10:00,640.52,1132.9535714285714,0.9055,0.9508066964285715,97.51208333333346,1274.8592696428564,0.0,0.0,0.0,394.9214880952379,-0.0,2971.9396388888877,0.0
2025-08-01,0,60,10:00-10:10,655.2682833333333,1166.8687904761905,0.9504,1.0012116071428572,90.04415238095243,1145.6339273809515,0.0,0.0,0.0,0.0,552.74692797619,2357.77638558201,0.0
2025-08-01,0,61,10:10-10:20,685.1987166666665,1183.8178261904761,0.9743,1.022662053571429,89.42712857142851,1041.9987470238088,0.0,0.0,0.0,-0.0,168.13076130952368,2170.964428571428,0.0
2025-08-01,0,62,10:20-10:30,712.0266666666666,1187.7482142857143,1.0155,1.0636535714285713,103.39428571428556,873.8679857142852,0.0,0.0,0.0,0.0,0.0,2170.9644285714285,0.0
2025-08-01,0,63,10:30-10:40,717.3711833333333,1206.6016595238095,1.0113,1.0601107142857142,116.19825000000031,758.003727380951,0.0,0.0,0.0,0.0,0.0,2170.964428571429,0.0
2025-08-01,0,64,10:40-10:50,713.2961333333333,1218.7462261904761,0.6764,0.71411875,108.46314761904745,786.467610714285,0.0,0.0,0.0,396.98694523809536,0.0,2528.2526792857147,0.0
2025-08-01,0,65,10:50-11:00,702.9083333333333,1226.2982142857143,0.2222,0.24217544642857142,119.40797619047635,789.8653476190468,0.0,0.0,0.0,207.2356492063472,0.0,2714.7647635714275,0.0
2025-08-01,0,66,11:00-11:10,682.7147833333333,1255.1623142857143,0.1922,0.2081772678571428,147.3808976190479,760.5903773809515,0.0,0.0,0.0,425.066633333333,0.0,3097.3247335714273,0.0
2025-08-01,0,67,11:10-11:20,686.78975,1281.298576190476,0.2691,0.28659062500000004,119.46776666666665,761.9959172619041,0.0,0.0,0.0,475.0410595238094,0.0,3524.8616871428558,0.0
2025-08-01,0,68,11:20-11:30,698.4200000000001,1292.475,0.2386,0.25969598214285716,124.16452380952396,762.2280654761898,0.0,0.0,0.0,469.89047619047574,-0.0,3947.7631157142837,0.0
2025-08-01,0,69,11:30-11:40,671.8049166666666,1299.8608976190476,0.2057,0.22945178571428584,163.40148809523808,870.9724196428565,0.0,0.0,0.0,464.65449285714294,0.0,4365.952159285713,0.0
2025-08-01,0,70,11:40-11:50,681.5186,1308.971592857143,0.2483,0.27091205357142856,126.58917857142849,942.7921029761894,0.0,0.0,0.0,500.8638142857143,-0.0,4816.729592142855,0.0
2025-08-01,0,71,11:50-12:00,725.4133333333332,1312.7991071428573,0.308,0.32826383928571434,115.72785714285688,964.6693892857131,0.0,0.0,0.0,471.65791666666723,0.0,5241.221717142856,0.0
2025-08-01,0,72,12:00-12:10,723.0656,1302.4672666666665,0.2633,0.28513705357142854,135.91411428571413,1025.1391166666651,0.0,0.0,0.0,443.48755238095225,-0.0,5640.360514285712,0.0
2025-08-01,0,73,12:10-12:20,709.3465833333332,1303.444745238095,0.2341,0.25427589285714286,135.93724047619048,1106.3843589285698,0.0,0.0,0.0,458.1609214285713,0.0,6052.705343571427,0.0
2025-08-01,0,74,12:20-12:30,714.6033333333332,1314.9589285714283,0.2333,0.25028303571428573,119.89327380952395,1164.6011988095224,0.0,0.0,0.0,480.46232142857116,-0.0,6485.121432857142,0.0
2025-08-01,0,75,12:30-12:40,730.16265,1308.6102023809522,0.192,0.21324196428571432,150.88423333333344,1180.3225380952372,0.0,0.0,0.0,427.56331904761873,0.0,6869.928419999999,0.0
2025-08-01,0,76,12:40-12:50,730.3516999999999,1285.9765904761903,0.3704,0.3937294642857143,151.92585476190501,1173.4179571428563,0.0,0.0,0.0,403.6990357142853,0.0,7233.257552142854,0.0
2025-08-01,0,77,12:50-13:00,707.5883333333333,1272.4249999999997,0.6533,0.6743736607142857,120.60702380952405,1129.4709904761899,0.0,0.0,0.0,444.2296428571424,0.0,7633.0642307142825,0.0
2025-08-01,0,78,13:00-13:10,682.5917999999999,1289.329519047619,0.645,0.6666000000000001,105.40643095238102,1058.9568660714283,0.0,0.0,0.0,501.33128809523805,0.0,8084.262389999997,0.0
2025-08-01,0,79,13:10-13:20,698.3309166666666,1281.6923928571427,0.6496,0.6703241071428571,86.93218095238096,942.2525422619046,0.0,0.0,0.0,496.4292952380953,0.0,8531.048755714282,0.0
2025-08-01,0,80,13:20-13:30,732.31,1248.9848214285712,0.7441,0.7621214285714286,85.90267857142845,790.5133202380952,0.0,0.0,0.0,430.77214285714285,0.0,8918.743684285711,0.0
2025-08-01,0,81,13:30-13:40,720.1735833333333,1240.7831452380951,0.7122,0.7325196428571432,99.46848571428592,798.6806321428569,0.0,0.0,0.0,421.1410761904758,-0.0,9297.77065285714,0.0
2025-08-01,0,82,13:40-13:50,710.4795833333333,1214.7737619047618,0.7764,0.8122906250000003,88.45508571428566,924.0656041666667,0.0,0.0,0.0,415.8390928571429,0.0,9672.02583642857,0.0
2025-08-01,0,83,13:50-14:00,717.3299999999999,1164.8446428571428,0.9442,1.0005066964285716,84.21785714285716,995.3870303571438,0.0,0.0,0.0,363.29678571428576,-0.0,9998.992943571426,0.0
2025-08-01,0,84,14:00-14:10,709.1714,1132.3167952380952,0.9726,1.0344254464285714,68.6140761904763,1151.9719261904775,0.0,0.0,0.0,354.5313190476188,-0.0,10318.071130714283,0.0
2025-08-01,0,85,14:10-14:20,722.8112333333333,1108.5448142857142,0.9347,0.9902392857142857,82.89711904761884,1234.507834523811,0.0,0.0,0.0,302.83646190476264,0.0,10590.623946428572,0.0
2025-08-01,0,86,14:20-14:30,747.655,1077.1660714285713,0.9582,1.0097964285714283,96.87101190476173,1244.9583047619064,0.0,0.0,0.0,232.64005952380944,-0.0,10800.0,0.0
2025-08-01,0,87,14:30-14:40,736.5668499999999,1032.613007142857,1.0513,1.1110026785714284,93.0853166666667,1278.7828136904777,0.0,0.0,0.0,-0.0,320.6327798571464,10443.741355714283,0.0
2025-08-01,0,88,14:40-14:50,752.5530833333333,990.1364619047619,0.8785,0.9313508928571429,93.12528095238093,1392.1455720238112,0.0,0.0,0.0,144.45809761904755,-0.0,10573.753643571425,0.0
2025-08-01,0,89,14:50-15:00,785.6183333333333,955.8517857142857,0.519,0.5505964285714285,100.66809523809525,1488.4547154761917,0.0,0.0,0.0,69.56535714285762,0.0,10636.362464999997,0.0
2025-08-01,0,90,15:00-15:10,759.79925,921.9568142857145,0.4125,0.4373334821428571,90.15448571428561,1465.3299684523824,0.0,0.0,0.0,72.00307857142889,0.0,10701.165235714283,0.0
2025-08-01,0,91,15:10-15:20,736.7035999999999,882.4274119047619,0.4468,0.47445267857142853,80.4076523809523,1433.5682761904775,0.0,0.0,0.0,65.31615952380969,0.0,10759.949779285715,0.0
2025-08-01,0,92,15:20-15:30,732.1966666666667,839.269642857143,0.4937,0.5237812500000001,68.2974999999999,1402.1347172619057,0.0,0.0,0.0,38.77547619047641,0.0,10794.847707857143,0.0
2025-08-01,0,93,15:30-15:40,705.6391,799.331188095238,0.5483,0.5761044642857145,87.96731904761903,1365.0549702380954,0.0,0.0,0.0,5.724769047618906,0.0,10800.0,0.0
2025-08-01,0,94,15:40-15:50,711.4462666666666,759.2314476190475,0.5864,0.61045625,79.09887857142871,1398.8485011904766,31.313697619047844,31.313697619047844,31.313697619047844,0.0,-0.0,10800.0,0.0
2025-08-01,0,95,15:50-16:00,739.55,715.6883928571428,0.6036,0.6268321428571427,62.94946428571416,1480.924854166667,86.81107142857127,86.81107142857127,86.81107142857127,0.0,0.0,10800.0,0.0
2025-08-01,0,96,16:00-16:10,725.4075833333333,667.9596071428572,0.6176,0.6442129464285714,67.67130714285713,1461.2842440476193,125.11928333333321,125.11928333333321,125.11928333333321,0.0,0.0,10800.0,0.0
2025-08-01,0,97,16:10-16:20,738.7195666666667,614.793669047619,0.6344,0.6605607142857143,68.65932380952393,1405.259866666667,192.58522142857157,192.58522142857157,192.58522142857157,0.0,0.0,10800.0,0.0
2025-08-01,0,98,16:20-16:30,783.2149999999999,561.1892857142857,0.6689,0.6923562499999999,80.59785714285692,1445.3527511904772,302.62357142857115,302.62357142857115,302.62357142857115,0.0,0.0,10800.0,0.0
2025-08-01,0,99,16:30-16:40,778.5172833333332,515.285457142857,0.7249,0.7519616071428571,86.9409452380952,1461.4541797619054,350.1727714285714,350.1727714285714,350.1727714285714,0.0,-0.0,10800.0,0.0
2025-08-01,0,100,16:40-16:50,712.1804833333333,472.3839119047619,0.722,0.7484419642857141,94.77256428571434,1484.8672083333333,334.5691357142858,334.5691357142858,334.5691357142858,0.0,0.0,10800.0,0.0
2025-08-01,0,101,16:50-17:00,642.3016666666666,429.77410714285713,0.6679,0.6885232142857144,63.69797619047608,1451.0699279761907,276.22553571428557,276.22553571428557,276.22553571428557,0.0,0.0,10800.0,0.0
2025-08-01,0,102,17:00-17:10,646.3692,387.4006023809523,0.6644,0.6841138392857141,61.50169523809518,1456.2105065476192,320.47029285714285,320.47029285714285,320.47029285714285,0.0,0.0,10800.0,0.0
2025-08-01,0,103,17:10-17:20,671.3199666666667,335.5620261904762,0.7465,0.767392410714286,67.10666190476218,1518.2095761904761,402.86460238095265,402.86460238095265,402.86460238095265,0.0,0.0,10800.0,0.0
2025-08-01,0,104,17:20-17:30,669.6916666666666,280.36517857142854,0.8331,0.8554058035714286,73.96678571428572,1597.3667821428576,463.2932738095238,463.2932738095238,463.2932738095238,0.0,0.0,10800.0,0.0
2025-08-01,0,105,17:30-17:40,649.0447166666667,239.06354285714286,0.8279,0.8525982142857143,52.29162619047611,1602.8227791666668,462.2727999999999,462.2727999999999,462.2727999999999,0.0,0.0,10800.0,0.0
2025-08-01,0,106,17:40-17:50,676.90795,200.91048571428567,0.9501,0.9721218749999999,63.20751190476187,1584.464676785714,539.2049761904763,539.2049761904763,539.2049761904763,0.0,-0.0,10800.0,0.0
2025-08-01,0,107,17:50-18:00,724.77,159.86249999999998,1.1619,1.179366517857143,45.125238095238046,1549.9217505952379,610.0327380952381,610.0327380952381,610.0327380952381,0.0,-0.0,10800.0,0.0
2025-08-01,0,108,18:00-18:10,700.3143666666666,120.74373095238094,1.197,1.2172468750000005,47.804733333333274,1468.1018964285713,627.375369047619,627.375369047619,627.375369047619,0.0,0.0,10800.0,0.0
2025-08-01,0,109,18:10-18:20,693.2231666666667,84.20512142857142,1.2139,1.2342352678571427,65.57409047619035,1469.665029761904,674.5921357142856,674.5921357142856,674.5921357142856,0.0,0.0,10800.0,0.0
2025-08-01,0,110,18:20-18:30,721.5016666666667,49.09107142857144,1.249,1.2649107142857143,59.3713095238096,1546.9533095238085,731.7819047619048,731.7819047619048,731.7819047619048,0.0,0.0,10800.0,0.0
2025-08-01,0,111,18:30-18:40,708.3882166666667,16.794830952380952,1.1976,1.2152263392857137,50.71653809523809,1520.577089285713,742.3099238095239,742.3099238095239,742.3099238095239,0.0,0.0,10800.0,0.0
2025-08-01,0,112,18:40-18:50,671.4028833333333,1.252038095238095,1.2992,1.331679017857143,46.058223809523724,1460.9241267857137,716.209069047619,716.209069047619,716.209069047619,0.0,-0.0,10800.0,0.0
2025-08-01,0,113,18:50-19:00,647.9616666666666,0.0,1.4965,1.5465825892857143,66.96982142857132,1503.624949404761,0.0,0.0,0.0,0.0,714.9314880952379,10005.63167989418,0.0
2025-08-01,0,114,19:00-19:10,660.6393166666667,0.2199809523809524,1.4796,1.5311276785714283,45.62548333333348,1513.5280297619038,0.0,0.0,0.0,0.0,706.0448190476192,9221.137436507937,0.0
2025-08-01,0,115,19:10-19:20,692.2658833333332,0.01015952380952381,1.4589,1.5074879464285718,43.85833571428566,1452.6115678571425,0.0,0.0,0.0,0.0,736.1140595238094,8403.232925925928,0.0
2025-08-01,0,116,19:20-19:30,709.3816666666667,0.0,1.5162,1.5655598214285715,53.0,1501.1654214285709,0.0,0.0,0.0,0.0,762.3816666666667,7556.1421851851865,0.0
2025-08-01,0,117,19:30-19:40,689.8781,0.015792857142857143,1.5156,1.5664169642857144,41.065283333333355,1530.2875047619045,0.0,0.0,0.0,0.0,730.9275904761905,6744.000417989419,0.0
2025-08-01,0,118,19:40-19:50,680.6123333333333,0.0007285714285714285,1.5017,1.5531446428571427,44.37832619047617,1500.5855880952377,0.0,0.0,0.0,0.0,724.9899309523809,5938.456050264551,0.0
2025-08-01,0,119,19:50-20:00,698.62,0.0,1.5009,1.551716071428571,66.10333333333335,1451.7760315476187,0.0,0.0,0.0,0.0,764.7233333333334,5088.763457671958,0.0
2025-08-01,0,120,20:00-20:10,714.62075,0.0011095238095238094,1.4827,1.5319973214285711,69.97084999999993,1403.4884624999995,0.0,0.0,0.0,0.0,784.5904904761904,4216.9962460317465,0.0
2025-08-01,0,121,20:10-20:20,704.0730166666667,5.2380952380952384e-05,1.4555,1.5036129464285717,49.27934523809529,1373.480999999999,617.5982815476182,617.5982815476182,617.5982815476182,0.0,135.75402797619145,4066.1584371693116,0.0
2025-08-01,0,122,20:20-20:30,677.5649999999999,0.0,1.4665,1.5164709821428564,59.25166666666678,1310.9919071428562,0.0,0.0,0.0,0.0,736.8166666666667,3247.4732519841264,0.0
2025-08-01,0,123,20:30-20:40,667.6827333333333,2.6190476190476192e-05,1.508,1.5617370535714288,57.36841666666669,1219.2289904761897,0.0,0.0,0.0,0.0,725.0511238095238,2441.8608921957666,0.0
2025-08-01,0,124,20:40-20:50,662.3813833333334,0.0,1.2627,1.301953125,47.06322380952395,1117.6748029761898,634.8821583333333,634.8821583333333,634.8821583333333,0.0,74.56244880952399,2359.013726851851,0.0
2025-08-01,0,125,20:50-21:00,662.81,0.0,0.878,0.8936120535714283,61.90166666666664,1043.1123541666661,724.7116666666666,724.7116666666666,724.7116666666666,0.0,0.0,2359.013726851851,0.0
2025-08-01,0,126,21:00-21:10,686.6173666666666,0.0,0.8545,0.868789732142857,47.02004999999997,1014.3269374999995,733.6374166666666,733.6374166666666,733.6374166666666,0.0,0.0,2359.013726851851,0.0
2025-08-01,0,127,21:10-21:20,718.7754333333334,0.0,0.9505,0.9714785714285715,49.216983333333246,958.1218374999999,767.9924166666666,767.9924166666666,767.9924166666666,0.0,0.0,2359.013726851851,0.0
2025-08-01,0,128,21:20-21:30,740.3649999999999,0.0,0.9886,1.0106160714285715,65.72666666666657,922.6124291666663,656.4367416666669,656.4367416666669,656.4367416666669,0.0,149.65492499999954,2192.7304768518516,0.0
2025-08-01,0,129,21:30-21:40,735.6097333333333,0.0,0.9923,1.0100616071428574,36.8964666666667,893.4574291666663,655.3468249999999,655.3468249999999,655.3468249999999,0.0,117.15937500000013,2062.553393518518,0.0
2025-08-01,0,130,21:40-21:50,685.41925,0.0,0.7794,0.7937799107142858,42.567166666666594,776.2980541666662,649.3663375,649.3663375,649.3663375,0.0,78.62007916666664,1975.1977499999996,0.0
2025-08-01,0,131,21:50-22:00,622.4666666666667,0.0,0.4705,0.48495312500000004,70.71333333333348,697.6779749999996,724.5879218106998,724.5879218106998,724.5879218106998,31.407921810699563,0.0,2003.4648796296292,0.0
2025-08-01,0,132,22:00-22:10,607.7371499999999,0.0,0.4159,0.43189017857142853,54.88496666666674,723.1183916666663,1495.95545,1495.95545,1495.95545,833.3333333333333,0.0,2753.4648796296287,0.0
2025-08-01,0,133,22:10-22:20,606.8187333333333,0.0,0.4598,0.4779379464285713,49.877500000000055,666.1987416666665,656.6962333333333,656.6962333333333,656.6962333333333,0.0,0.0,2753.4648796296287,0.0
2025-08-01,0,134,22:20-22:30,604.605,0.0,0.4749,0.49434732142857146,77.34500000000003,566.496225,681.95,681.95,681.95,0.0,0.0,2753.4648796296287,0.0
2025-08-01,0,135,22:30-22:40,616.9331166666666,0.0,0.4824,0.5008486607142857,52.64501666666672,505.1346666666665,669.5781333333333,669.5781333333333,669.5781333333333,0.0,0.0,2753.4648796296287,0.0
2025-08-01,0,136,22:40-22:50,610.9518499999999,0.0,0.4621,0.47913794642857127,53.335750000000075,455.94737083333314,664.2876,664.2876,664.2876,0.0,0.0,2753.4648796296287,0.0
2025-08-01,0,137,22:50-23:00,597.365,0.0,0.4459,0.4621749999999999,60.875,440.2196166666664,1491.5733333333333,1491.5733333333333,1491.5733333333333,833.3333333333333,0.0,3503.4648796296287,0.0
2025-08-01,0,138,23:00-23:10,617.72595,0.0,0.4894,0.5054919642857143,34.991033333333235,356.0881125000002,652.7169833333332,652.7169833333332,652.7169833333332,0.0,0.0,3503.4648796296287,0.0
2025-08-01,0,139,23:10-23:20,615.8928333333333,0.0,0.4952,0.5136508928571428,44.411,306.8442916666665,660.3038333333334,660.3038333333334,660.3038333333334,0.0,0.0,3503.4648796296287,0.0
2025-08-01,0,140,23:20-23:30,595.6883333333333,0.0,0.4522,0.4732089285714286,55.608333333333235,221.15105416666648,1484.6299999999997,1484.6299999999997,1484.6299999999997,833.3333333333333,0.0,4253.464879629629,0.0
2025-08-01,0,141,23:30-23:40,618.59555,0.0,0.4473,0.4663714285714285,73.65431666666677,174.5841083333331,1525.5832,1525.5832,1525.5832,833.3333333333333,0.0,5003.464879629629,0.0
2025-08-01,0,142,23:40-23:50,638.4668333333333,0.0,0.4579,0.475434375,57.41396666666674,113.32603333333327,969.8087115226347,969.8087115226347,969.8087115226347,273.9279115226347,0.0,5250.0,0.0
2025-08-01,0,143,23:50-24:00,621.1633333333333,0.0,0.4392,0.4564330357142858,49.53166666666675,69.82624999999987,1504.0283333333332,1504.0283333333332,1504.0283333333332,833.3333333333333,0.0,6000.0,0.0
2025-08-02,0,0,0:00-0:10,580.6218333333334,0.0,0.3805,0.394521875,49.59293333333335,1574.9208797619044,630.2147666666667,630.2147666666667,630.2147666666667,0.0,0.0,7695.83597658069,0.0
2025-08-02,0,1,0:10-0:20,561.6001666666666,0.0,0.373,0.387540625,47.82923333333338,1595.6464380952382,609.4294,609.4294,609.4294,0.0,0.0,7695.83597658069,0.0
2025-08-02,0,2,0:20-0:30,568.8249999999999,0.0,0.4257,0.4425638392857144,50.64666666666665,1585.5116172619048,619.4716666666666,619.4716666666666,619.4716666666666,0.0,0.0,7695.83597658069,0.0
2025-08-02,0,3,0:30-0:40,573.9784833333333,0.0,0.4607,0.47598705357142873,27.813316666666537,1563.5978672619049,0.0,0.0,0.0,0.0,601.7917999999999,7027.178421025134,0.0
2025-08-02,0,4,0:40-0:50,603.1582666666666,0.0,0.4825,0.497846875,45.16936666666663,1520.2604988095245,0.0,0.0,0.0,0.0,648.3276333333332,6306.814383988098,0.0
2025-08-02,0,5,0:50-1:00,637.42,0.0,0.4801,0.49685669642857144,62.93166666666673,1526.6192113095244,0.0,0.0,0.0,0.0,700.3516666666667,5528.645865469579,0.0
2025-08-02,0,6,1:00-1:10,624.9238333333333,0.0,0.4357,0.44918526785714274,64.32720000000018,1552.3901500000002,689.2510333333335,689.2510333333335,689.2510333333335,0.0,0.0,5528.645865469579,0.0
2025-08-02,0,7,1:10-1:20,615.5369499999999,0.0,0.4473,0.4582736607142857,65.01371666666671,1463.2153238095234,680.5506666666666,680.5506666666666,680.5506666666666,0.0,0.0,5528.645865469579,0.0
2025-08-02,0,8,1:20-1:30,608.4616666666666,0.0,0.4933,0.5063169642857142,56.945000000000164,1421.5660023809523,0.0,0.0,0.0,0.0,665.4066666666668,4789.305124728838,0.0
2025-08-02,0,9,1:30-1:40,557.2273666666666,0.0,0.4539,0.4710053571428571,49.01044999999988,1436.3533238095238,606.2378166666665,606.2378166666665,606.2378166666665,0.0,0.0,4789.305124728838,0.0
2025-08-02,0,10,1:40-1:50,535.8360333333333,0.0,0.4119,0.42668258928571406,48.55538333333334,1374.733414285714,584.3914166666666,584.3914166666666,584.3914166666666,0.0,0.0,4789.305124728838,0.0
2025-08-02,0,11,1:50-2:00,562.7433333333333,0.0,0.4042,0.4142705357142858,51.673333333333346,1311.114011904762,614.4166666666667,614.4166666666667,614.4166666666667,0.0,0.0,4789.305124728838,0.0
2025-08-02,0,12,2:00-2:10,580.8895333333332,0.0,0.3838,0.39838437499999996,78.09561666666673,1277.0153958333335,658.98515,658.98515,658.98515,0.0,0.0,4789.305124728838,0.0
2025-08-02,0,13,2:10-2:20,578.1841999999999,0.0,0.3597,0.3750165178571427,58.834766666666724,1259.000776785714,1470.3523,1470.3523,1470.3523,833.3333333333333,0.0,5539.305124728838,0.0
2025-08-02,0,14,2:20-2:30,577.4816666666666,0.0,0.3736,0.3846120535714285,49.014999999999986,1225.3255023809527,882.2668287257472,882.2668287257472,882.2668287257472,255.77016205908066,0.0,5769.49827058201,0.0
2025-08-02,0,15,2:30-2:40,605.7888666666666,0.0,0.4542,0.46722053571428557,35.61771666666675,1176.523758928572,641.4065833333334,641.4065833333334,641.4065833333334,0.0,0.0,5769.49827058201,0.0
2025-08-02,0,16,2:40-2:50,617.7256833333333,0.0,0.5118,0.5235026785714286,45.59465,1065.5027148809536,0.0,0.0,0.0,0.0,663.3203333333333,5032.475677989418,0.0
2025-08-02,0,17,2:50-3:00,595.2766666666666,0.0,0.4931,0.5001392857142858,53.508333333333326,1015.0238732142869,0.0,0.0,0.0,0.0,648.785,4311.603455767196,0.0
2025-08-02,0,18,3:00-3:10,564.0041666666666,0.0,0.4249,0.434291517857143,34.021433333333334,966.2227071428582,598.0255999999999,598.0255999999999,598.0255999999999,0.0,0.0,4311.603455767196,0.0
2025-08-02,0,19,3:10-3:20,540.2950999999999,6.19047619047619e-05,0.3831,0.3938040178571428,51.98994999999991,882.71735654762,592.284988095238,592.284988095238,592.284988095238,0.0,0.0,4311.603455767196,0.0
2025-08-02,0,20,3:20-3:30,523.1633333333333,0.0,0.3847,0.39323883928571435,49.31999999999982,840.5132523809534,572.4833333333331,572.4833333333331,572.4833333333331,0.0,0.0,4311.603455767196,0.0
2025-08-02,0,21,3:30-3:40,509.4427166666667,0.0,0.3937,0.4025366071428573,48.54383095238097,812.5124190476198,557.9865476190477,557.9865476190477,557.9865476190477,0.0,0.0,4311.603455767196,0.0
2025-08-02,0,22,3:40-3:50,541.7464333333332,0.0016738095238095238,0.4379,0.4473589285714286,41.42473333333328,742.4973125000008,583.1694928571427,583.1694928571427,583.1694928571427,0.0,0.0,4311.603455767196,0.0
2025-08-02,0,23,3:50-4:00,587.665,0.0,0.4836,0.49217366071428564,66.88833333333332,628.8177541666674,0.0,0.0,0.0,0.0,654.5533333333333,3584.3219742857136,0.0
2025-08-02,0,24,4:00-4:10,561.6000333333333,9.285714285714285e-05,0.4531,0.46041607142857144,41.65788571428561,570.6323375000007,603.2578261904761,603.2578261904761,603.2578261904761,0.0,0.0,3584.3219742857136,0.0
2025-08-02,0,25,4:10-4:20,510.61125,0.023299999999999994,0.4053,0.41380491071428566,53.74806666666666,501.06695714285695,564.3360166666668,564.3360166666668,564.3360166666668,0.0,0.0,3584.3219742857136,0.0
2025-08-02,0,26,4:20-4:30,490.9133333333333,0.0,0.3826,0.3925736607142857,65.11833333333334,454.31180297619096,556.0316666666666,556.0316666666666,556.0316666666666,0.0,0.0,3584.3219742857136,0.0
2025-08-02,0,27,4:30-4:40,517.1334666666667,0.001307142857142857,0.3782,0.3852330357142856,61.28657142857139,422.0025232142861,578.4187309523809,578.4187309523809,578.4187309523809,0.0,0.0,3584.3219742857136,0.0
2025-08-02,0,28,4:40-4:50,539.5064333333332,0.32454761904761903,0.3938,0.4001040178571428,50.51871666666659,398.6775720238093,589.7006023809522,589.7006023809522,589.7006023809522,0.0,0.0,3584.3219742857136,0.0
2025-08-02,0,29,4:50-5:00,540.4783333333332,0.0,0.4091,0.41793749999999996,65.56642857142856,391.3316160714288,606.0447619047618,606.0447619047618,606.0447619047618,0.0,0.0,3584.3219742857136,0.0
2025-08-02,0,30,5:00-5:10,540.3906666666667,0.6869833333333332,0.3948,0.403358482142857,43.43794047619053,391.5095720238092,583.1416238095238,583.1416238095238,583.1416238095238,0.0,0.0,3584.3219742857136,0.0
2025-08-02,0,31,5:10-5:20,521.1463,15.693928571428572,0.3817,0.3865303571428571,41.14326904761913,383.5972970238098,546.5956404761905,546.5956404761905,546.5956404761905,0.0,0.0,3584.3219742857136,0.0
2025-08-02,0,32,5:20-5:30,502.74333333333334,49.72767857142857,0.3651,0.3677839285714285,36.158214285714166,401.5032892857145,1322.507202380952,1322.507202380952,1322.507202380952,833.3333333333333,0.0,4334.321974285714,0.0
2025-08-02,0,33,5:30-5:40,526.0818999999999,87.0220642857143,0.339,0.34598794642857145,44.47820952380948,381.4071434523811,1316.8713785714283,1316.8713785714283,1316.8713785714283,833.3333333333333,0.0,5084.321974285714,0.0
2025-08-02,0,34,5:40-5:50,526.0574999999999,126.19050476190475,0.4827,0.4885566964285715,42.39209999999997,360.78111547619034,0.0,0.0,0.0,0.0,442.25909523809514,4592.922979576719,0.0
2025-08-02,0,35,5:50-6:00,486.0333333333333,167.71696428571428,0.7151,0.7164111607142856,40.39422619047616,458.069705952381,0.0,0.0,0.0,0.0,358.71059523809515,4194.355651534391,0.0
2025-08-02,0,36,6:00-6:10,464.47048333333333,210.3292952380952,0.7508,0.7579674107142856,33.32984285714292,567.3085601190477,0.0,0.0,0.0,0.0,287.47103095238106,3874.943394920634,0.0
2025-08-02,0,37,6:10-6:20,513.1118833333333,252.43820476190473,0.7094,0.7219272321428569,39.066609523809575,612.2750035714289,0.0,0.0,0.0,0.0,299.7402880952381,3541.8986303703696,0.0
2025-08-02,0,38,6:20-6:30,564.855,294.15892857142853,0.6795,0.6908915178571429,59.52571428571434,613.8119880952385,0.0,0.0,0.0,0.0,330.22178571428583,3174.985535132274,0.0
2025-08-02,0,39,6:30-6:40,506.9149333333333,337.4704357142857,0.6364,0.6450839285714286,49.96669999999983,693.7652880952384,0.0,0.0,0.0,0.0,219.41119761904747,2931.1953155555548,0.0
2025-08-02,0,40,6:40-6:50,499.90933333333334,384.61134047619043,0.6372,0.6449741071428573,45.89914523809534,797.6833119047623,0.0,0.0,0.0,0.0,161.1971380952382,2752.0873843386235,0.0
2025-08-02,0,41,6:50-7:00,564.49,434.8410714285715,0.6348,0.6429964285714288,35.82976190476188,871.7670577380956,0.0,0.0,0.0,0.0,165.47869047619037,2568.222172698412,0.0
2025-08-02,0,42,7:00-7:10,561.5894333333333,483.8707761904762,0.5324,0.5398946428571427,35.10140714285711,878.9833970238101,0.0,0.0,0.0,0.0,112.8200642857143,2442.866545714285,0.0
2025-08-02,0,43,7:10-7:20,548.4964666666666,525.8268071428572,0.5291,0.5375642857142857,46.749969047619004,889.2352345238098,0.0,0.0,0.0,0.0,69.41962857142835,2365.7336250793646,0.0
2025-08-02,0,44,7:20-7:30,562.3249999999999,566.0714285714287,0.5967,0.6080133928571427,47.7030952380951,917.5469059523814,0.0,0.0,0.0,0.0,43.956666666666365,2316.8928843386243,0.0
2025-08-02,0,45,7:30-7:40,572.6672,614.123519047619,0.5311,0.5439700892857144,50.8747761904761,949.4476202380954,0.0,0.0,0.0,0.0,9.418457142857164,2306.4279319576717,0.0
2025-08-02,0,46,7:40-7:50,566.2986833333333,650.8257976190475,0.6125,0.6247419642857145,54.54268095238092,988.863355952381,0.0,0.0,0.0,29.9844333333333,0.0,2333.413921957672,0.0
2025-08-02,0,47,7:50-8:00,557.8616666666667,674.5857142857143,0.8351,0.8456022321428576,59.85494047619042,1020.0725297619049,0.0,0.0,0.0,0.0,0.0,2333.4139219576714,0.0
2025-08-02,0,48,8:00-8:10,572.0763,704.7335619047618,0.8856,0.8953437500000002,54.16853809523809,1013.8669494047618,0.0,0.0,0.0,0.0,0.0,2333.4139219576714,0.0
2025-08-02,0,49,8:10-8:20,583.2342,744.7309738095238,0.8573,0.8679080357142855,61.15888333333328,980.5466107142855,0.0,0.0,0.0,46.3753409758977,0.0,2375.151728835979,0.0
2025-08-02,0,50,8:20-8:30,561.79,791.1794642857142,0.8127,0.824354017857143,81.22470238095252,1057.636555952381,0.0,0.0,0.0,103.13368974132845,0.0,2467.9720496031746,0.0
2025-08-02,0,51,8:30-8:40,524.2679333333333,838.828519047619,0.7317,0.7425745535714283,61.22973809523802,1141.1748446428571,0.0,0.0,0.0,44.97748971193434,0.0,2508.4517903439155,0.0
2025-08-02,0,52,8:40-8:50,622.9350999999999,885.4386976190474,0.7978,0.8084053571428572,74.07551428571415,1177.606611309524,0.0,0.0,0.0,188.42808333333335,-0.0,2678.0370653439154,0.0
2025-08-02,0,53,8:50-9:00,760.5916666666667,928.1928571428571,0.8998,0.9103580357142856,88.58160714285725,1194.9447732142858,0.0,0.0,0.0,79.01958333333312,0.0,2749.154690343915,0.0
2025-08-02,0,54,9:00-9:10,686.6613333333332,965.8986976190474,0.7409,0.7494464285714283,96.95247380952375,1205.812704761905,0.0,0.0,0.0,-0.0,190.62622428571348,2537.3477744709,0.0
2025-08-02,0,55,9:10-9:20,655.4843999999999,1008.7273,0.6514,0.6606187499999999,91.54188095238084,1203.6129970238098,0.0,0.0,0.0,-0.0,78.39769464285719,2450.239224867725,0.0
2025-08-02,0,56,9:20-9:30,714.2183333333334,1056.6705357142855,0.7047,0.7148991071428573,67.56940476190465,1125.2153023809526,0.0,0.0,0.0,-0.0,166.58023214285785,2265.1500780423276,0.0
2025-08-02,0,57,9:30-9:40,660.7905,1097.5528214285712,0.6663,0.6732334821428569,83.74383333333338,958.6350702380948,0.0,0.0,0.0,353.0184880952379,-0.0,2582.866717328042,0.0
2025-08-02,0,58,9:40-9:50,634.2658166666666,1123.4567428571427,0.7272,0.74688125,82.54207142857179,997.277857738095,0.0,0.0,0.0,0.0,226.59544738095218,2331.093998015873,0.0
2025-08-02,0,59,9:50-10:00,679.7183333333332,1145.599107142857,0.8787,0.9222191964285714,76.86619047619054,1017.9845982142858,0.0,0.0,0.0,-0.0,21.613690476190275,2307.0787863756614,0.0
2025-08-02,0,60,10:00-10:10,688.733,1181.926430952381,0.8827,0.9329861607142854,70.78476190476181,996.3709077380953,0.0,0.0,0.0,-0.0,83.72960654761904,2214.04589021164,0.0
2025-08-02,0,61,10:10-10:20,670.89015,1207.1208309523809,0.8265,0.8716374999999997,79.97576428571445,912.6413011904763,0.0,0.0,0.0,456.2549166666664,0.0,2624.67531521164,0.0
2025-08-02,0,62,10:20-10:30,668.6066666666666,1219.4892857142856,0.8439,0.884839732142857,101.93499999999995,834.5951613095239,0.0,0.0,0.0,0.0,406.9670479761898,2172.4897063492067,0.0
2025-08-02,0,63,10:30-10:40,706.1041833333334,1240.4081452380951,0.9345,0.9779348214285716,102.87890714285693,875.2407357142861,0.0,0.0,0.0,431.4250547619047,-0.0,2560.772255634921,0.0
2025-08-02,0,64,10:40-10:50,731.93135,1246.6389476190475,0.7409,0.7756357142857144,100.96065714285723,798.0100910714289,0.0,0.0,0.0,413.7469404761903,0.0,2933.144502063492,0.0
2025-08-02,0,65,10:50-11:00,730.6666666666666,1241.1633928571428,0.3853,0.4027397321428573,108.39690476190496,690.9987392857146,0.0,0.0,0.0,402.0998214285712,0.0,3295.0343413492064,0.0
2025-08-02,0,66,11:00-11:10,732.2661499999999,1254.248519047619,0.3661,0.37962455357142855,119.40659523809518,612.0728017857148,0.0,0.0,0.0,402.575773809524,0.0,3657.352537777778,0.0
2025-08-02,0,67,11:10-11:20,728.6961666666666,1274.7930476190477,0.4234,0.44050625000000015,105.94667142857122,661.5201255952386,0.0,0.0,0.0,440.15020952380985,0.0,4053.4877263492067,0.0
2025-08-02,0,68,11:20-11:30,709.8,1292.5044642857142,0.3912,0.4115879464285715,112.20178571428562,726.6278226190478,0.0,0.0,0.0,470.5026785714287,-0.0,4476.940137063492,0.0
2025-08-02,0,69,11:30-11:40,682.1692833333333,1307.8567880952382,0.3639,0.3851205357142858,115.68953333333336,799.9940583333334,0.0,0.0,0.0,509.99797142857165,0.0,4935.938311349207,0.0
2025-08-02,0,70,11:40-11:50,684.9310833333334,1318.1228666666666,0.3208,0.33961071428571427,109.87813809523809,760.2646494047616,0.0,0.0,0.0,523.3136452380952,-0.0,5406.920592063492,0.0
2025-08-02,0,71,11:50-12:00,707.3599999999999,1319.5455357142857,0.2778,0.2939745535714286,115.72785714285688,651.9626529761904,0.0,0.0,0.0,496.4576785714289,0.0,5853.732502777778,0.0
2025-08-02,0,72,12:00-12:10,703.55665,1313.824961904762,0.2914,0.3086500000000001,133.5590285714287,617.3851976190473,0.0,0.0,0.0,476.7092833333332,-0.0,6282.770857777778,0.0
2025-08-02,0,73,12:10-12:20,715.9843999999999,1323.3581595238093,0.307,0.3229852678571428,115.05527380952367,641.2584285714291,0.0,0.0,0.0,247.5939723104076,0.0,6505.6054328571445,0.0
2025-08-02,0,74,12:20-12:30,752.1483333333333,1340.6142857142856,0.3008,0.31410669642857153,110.99892857142856,749.1198315476192,0.0,0.0,0.0,477.4670238095239,-0.0,6935.325754285716,0.0
2025-08-02,0,75,12:30-12:40,768.2779333333333,1333.0667023809524,0.3204,0.3365183035714286,147.10303571428554,750.070754166667,0.0,0.0,0.0,0.0,0.0,6935.325754285716,0.0
2025-08-02,0,76,12:40-12:50,748.0300833333333,1309.0333238095238,0.4518,0.46905758928571434,135.83731904761905,744.7353898809523,0.0,0.0,0.0,425.1659214285715,-0.0,7317.97508357143,0.0
2025-08-02,0,77,12:50-13:00,723.2533333333333,1296.8705357142858,0.6217,0.6377950892857143,95.39886904761897,703.06655,0.0,0.0,0.0,478.2183333333335,0.0,7748.37158357143,0.0
2025-08-02,0,78,13:00-13:10,740.1747,1314.8445571428572,0.6587,0.6773044642857143,87.86341428571416,591.8277107142857,0.0,0.0,0.0,486.806442857143,0.0,8186.497382142858,0.0
2025-08-02,0,79,13:10-13:20,742.7725333333333,1306.403583333333,0.6672,0.6844000000000001,86.47296904761879,576.9825363095238,0.0,0.0,0.0,477.15808095238094,0.0,8615.939655000002,0.0
2025-08-02,0,80,13:20-13:30,718.1883333333333,1271.4687499999998,0.6845,0.6965852678571428,77.87744047619067,576.9387065476188,0.0,0.0,0.0,475.4029761904758,0.0,9043.80233357143,0.0
2025-08-02,0,81,13:30-13:40,710.8521333333333,1261.669388095238,0.661,0.6749968749999999,93.5759047619046,599.8650791666677,0.0,0.0,0.0,457.2413500000001,-0.0,9455.31954857143,0.0
2025-08-02,0,82,13:40-13:50,717.7827333333332,1236.7823904761904,0.7451,0.7751665178571426,70.70261666666693,724.7026827380962,0.0,0.0,0.0,448.2970404761902,0.0,9858.786885000001,0.0
2025-08-02,0,83,13:50-14:00,726.225,1188.298214285714,0.9045,0.955594642857143,70.8091071428571,841.3965809523813,0.0,0.0,0.0,391.26410714285754,0.0,10210.924581428575,0.0
2025-08-02,0,84,14:00-14:10,732.3309833333333,1152.5812428571428,0.9498,1.0075857142857143,53.271838095238024,958.2283369047626,0.0,0.0,0.0,366.9784214285717,0.0,10541.20516071429,0.0
2025-08-02,0,85,14:10-14:20,754.9607166666666,1123.7301166666666,0.9876,1.0394910714285714,81.2195785714286,1018.5986071428579,0.0,0.0,0.0,287.5498214285704,0.0,10800.0,0.0
2025-08-02,0,86,14:20-14:30,783.02,1090.4544642857143,1.0853,1.1327816964285713,91.0191666666667,1014.8714547619054,0.0,0.0,0.0,-0.0,480.6247705714342,10265.972477142855,0.0
2025-08-02,0,87,14:30-14:40,782.7658333333334,1049.446654761905,1.1458,1.2013419642857142,91.52266428571417,1009.6643267857149,0.0,0.0,0.0,175.15815714285728,0.0,10423.614818571428,0.0
2025-08-02,0,88,14:40-14:50,771.2098833333332,1006.0566047619046,0.8933,0.9422321428571429,88.40970714285714,1121.6169494047624,0.0,0.0,0.0,146.43701428571433,0.0,10555.40813142857,0.0
2025-08-02,0,89,14:50-15:00,754.55,964.9151785714286,0.4975,0.5252834821428572,96.30476190476179,1273.4409047619051,0.0,0.0,0.0,114.0604166666668,0.0,10658.06250642857,0.0
2025-08-02,0,90,15:00-15:10,731.3937833333332,926.5108214285715,0.4461,0.4668767857142858,87.74977142857136,1313.6896398809527,0.0,0.0,0.0,107.36726666666686,0.0,10754.69304642857,0.0
2025-08-02,0,91,15:10-15:20,760.4986666666666,886.3621904761904,0.5527,0.5759593749999999,75.5224642857143,1294.1359845238098,0.0,0.0,0.0,50.34105952380958,0.0,10800.0,0.0
2025-08-02,0,92,15:20-15:30,800.7183333333334,846.0687499999999,0.6036,0.6292616071428573,61.89470238095225,1276.7051654761908,16.544285714285706,16.544285714285706,16.544285714285706,0.0,-0.0,10800.0,0.0
2025-08-02,0,93,15:30-15:40,754.1234999999999,810.7451714285714,0.5726,0.5964781250000001,85.6230333333333,1292.725076190476,29.00136190476178,29.00136190476178,29.00136190476178,0.0,0.0,10800.0,0.0
2025-08-02,0,94,15:40-15:50,748.7000666666665,770.8633285714284,0.5905,0.6110580357142857,77.1067071428572,1310.2137982142854,54.943445238095364,54.943445238095364,54.943445238095364,-0.0,0.0,10800.0,0.0
2025-08-02,0,95,15:50-16:00,793.4549999999999,723.7419642857142,0.6483,0.6684165178571432,60.25880952380953,1347.6997494047619,129.97184523809528,129.97184523809528,129.97184523809528,0.0,0.0,10800.0,0.0
2025-08-02,0,96,16:00-16:10,770.1860666666666,675.2684595238095,0.6232,0.6474571428571428,65.57496190476195,1385.0384845238095,160.4925690476191,160.4925690476191,160.4925690476191,0.0,0.0,10800.0,0.0
2025-08-02,0,97,16:10-16:20,754.57435,623.4905214285714,0.6368,0.660671875,55.06533095238092,1411.164925595239,186.14915952380954,186.14915952380954,186.14915952380954,0.0,0.0,10800.0,0.0
2025-08-02,0,98,16:20-16:30,777.73,569.7607142857142,0.7041,0.7241513392857142,75.73380952380938,1460.317582738096,283.7030952380952,283.7030952380952,283.7030952380952,0.0,0.0,10800.0,0.0
2025-08-02,0,99,16:30-16:40,781.37885,519.500380952381,0.7044,0.7266674107142859,74.82869523809518,1504.9282970238105,336.70716428571427,336.70716428571427,336.70716428571427,0.0,0.0,10800.0,0.0
2025-08-02,0,100,16:40-16:50,732.5219999999999,472.92848333333325,0.6552,0.6775629464285714,71.24671190476201,1537.6463583333343,330.8402285714287,330.8402285714287,330.8402285714287,0.0,0.0,10800.0,0.0
2025-08-02,0,101,16:50-17:00,670.9849999999999,429.9741071428571,0.6354,0.6543870535714283,62.538392857142725,1550.7180273809531,303.54928571428553,303.54928571428553,303.54928571428553,0.0,0.0,10800.0,0.0
2025-08-02,0,102,17:00-17:10,669.6758833333333,389.26377857142853,0.7067,0.725996875,57.88509523809523,1577.8713982142867,338.29720000000003,338.29720000000003,338.29720000000003,0.0,0.0,10800.0,0.0
2025-08-02,0,103,17:10-17:20,674.4526666666666,340.6373142857143,0.768,0.7877071428571425,62.246892857142825,1652.685673809524,396.0622452380951,396.0622452380951,396.0622452380951,0.0,0.0,10800.0,0.0
2025-08-02,0,104,17:20-17:30,654.8266666666666,287.71428571428567,0.7639,0.7837098214285713,67.22410714285695,1728.7760273809522,434.3364880952379,434.3364880952379,434.3364880952379,0.0,0.0,10800.0,0.0
2025-08-02,0,105,17:30-17:40,640.0084999999999,244.7286809523809,0.7571,0.7794602678571428,52.29162619047611,1731.397679166666,447.5714452380951,447.5714452380951,447.5714452380951,0.0,0.0,10800.0,0.0
2025-08-02,0,106,17:40-17:50,669.7389499999999,204.75420952380955,0.9241,0.943382142857143,60.91576190476201,1713.2162934523803,525.9005023809524,525.9005023809524,525.9005023809524,0.0,-0.0,10800.0,0.0
2025-08-02,0,107,17:50-18:00,700.9966666666666,163.01428571428568,1.175,1.1891839285714287,35.84630952380962,1678.4975505952375,573.8286904761906,573.8286904761906,573.8286904761906,0.0,-0.0,10800.0,0.0
2025-08-02,0,108,18:00-18:10,654.4793833333333,122.19418809523809,1.2256,1.2442450892857142,41.05815238095232,1587.3987678571425,573.3433476190476,573.3433476190476,573.3433476190476,0.0,0.0,10800.0,0.0
2025-08-02,0,109,18:10-18:20,639.1249,84.25863809523808,1.188,1.2071200892857141,62.010095238095346,1599.9948535714275,616.8763571428573,616.8763571428573,616.8763571428573,0.0,0.0,10800.0,0.0
2025-08-02,0,110,18:20-18:30,681.1066666666666,48.49196428571429,1.1845,1.1983794642857144,51.031785714285775,1687.654054761904,683.646488095238,683.646488095238,683.646488095238,0.0,0.0,10800.0,0.0
2025-08-02,0,111,18:30-18:40,696.9639333333332,15.455114285714284,1.235,1.2519714285714285,49.445114285714226,1662.2266440476187,730.9539333333331,730.9539333333331,730.9539333333331,0.0,0.0,10800.0,0.0
2025-08-02,0,112,18:40-18:50,687.6293000000001,0.6832809523809523,1.3204,1.352249553571429,45.1348214285714,1601.3022577380948,732.0808404761905,732.0808404761905,732.0808404761905,0.0,-0.0,10800.0,0.0
2025-08-02,0,113,18:50-19:00,674.4399999999999,0.0,1.4082,1.456195089285714,66.96982142857132,1643.0796779761897,741.4098214285713,741.4098214285713,741.4098214285713,0.0,-0.0,10800.0,0.0
2025-08-02,0,114,19:00-19:10,675.11285,0.30765238095238095,1.4708,1.5208540178571428,37.59301666666647,1652.9827583333326,0.0,0.0,0.0,0.0,712.3982142857141,10008.44642857143,0.0
2025-08-02,0,115,19:10-19:20,699.9218000000001,0.0,1.5148,1.562221428571428,41.96351428571427,1584.0338297619044,0.0,0.0,0.0,0.0,741.8853142857143,9184.129412698414,0.0
2025-08-02,0,116,19:20-19:30,723.5616666666666,0.0,1.5261,1.573794642857143,52.0,1631.5893452380947,0.0,0.0,0.0,0.0,775.5616666666666,8322.394227513229,0.0
2025-08-02,0,117,19:30-19:40,708.02765,0.022088095238095233,1.4845,1.534270982142857,35.50663333333341,1665.011428571428,0.0,0.0,0.0,0.0,743.5121952380953,7496.269566137567,0.0
2025-08-02,0,118,19:40-19:50,697.1589166666665,0.0,1.4573,1.5074767857142857,43.27037619047621,1629.7508619047615,43.552502976187725,43.552502976187725,43.552502976187725,0.0,696.876789880955,6721.962021825395,0.0
2025-08-02,0,119,19:50-20:00,702.7399999999999,0.0,1.4692,1.518031696428571,66.10333333333335,1580.2032053571425,0.0,0.0,0.0,0.0,768.8433333333332,5867.691651455025,0.0
2025-08-02,0,120,20:00-20:10,696.9554666666666,0.001561904761904762,1.4872,1.535615178571429,48.72074999999995,1536.9389696428566,0.0,0.0,0.0,0.0,745.6746547619045,5039.164257275131,0.0
2025-08-02,0,121,20:10-20:20,703.5928333333333,0.0,1.5067,1.5539968750000004,30.913238095237944,1485.6814071428566,0.0,0.0,0.0,0.0,734.5060714285712,4223.046400132273,0.0
2025-08-02,0,122,20:20-20:30,724.8299999999999,0.0,1.5485,1.5971575892857142,47.51833333333332,1404.8262071428562,0.0,0.0,0.0,0.0,772.3483333333332,3364.8815853174588,0.0
2025-08-02,0,123,20:30-20:40,730.4740333333332,5.9523809523809524e-05,1.5779,1.6323459821428572,37.75604999999996,1301.329957142856,0.0,0.0,0.0,0.0,768.2300238095236,2511.2926699735435,0.0
2025-08-02,0,124,20:40-20:50,703.3719666666666,0.0,1.2969,1.3365763392857144,47.06322380952395,1180.1634029761894,675.8727416666674,675.8727416666674,675.8727416666674,0.0,74.56244880952318,2428.445504629629,0.0
2025-08-02,0,125,20:50-21:00,679.0966666666666,0.0,0.8869,0.9002446428571432,60.15833333333342,1105.6009541666658,739.255,739.255,739.255,0.0,0.0,2428.445504629629,0.0
2025-08-02,0,126,21:00-21:10,710.8194,0.0,0.8674,0.8792558035714287,46.86113333333333,1075.0722041666659,757.6805333333333,757.6805333333333,757.6805333333333,0.0,0.0,2428.445504629629,0.0
2025-08-02,0,127,21:10-21:20,729.4977666666666,0.0,0.9439,0.9628058035714286,47.42406666666682,1018.7081874999996,776.9218333333334,776.9218333333334,776.9218333333334,0.0,0.0,2428.445504629629,0.0
2025-08-02,0,128,21:20-21:30,719.4883333333333,0.0,0.957,0.9773008928571424,61.818333333333385,981.4058624999997,781.3066666666667,781.3066666666667,781.3066666666667,0.0,0.0,2428.445504629629,0.0
2025-08-02,0,129,21:30-21:40,720.1312833333333,0.0,0.9883,1.0060812499999998,36.719749999999976,948.3425291666664,482.2565166666669,482.2565166666669,482.2565166666669,0.0,274.5945166666663,2123.3404861111107,0.0
2025-08-02,0,130,21:40-21:50,658.9649,0.0,0.7277,0.7415254464285714,40.451233333333334,831.0064374999997,618.6801208333333,618.6801208333333,618.6801208333333,0.0,80.73601249999997,2033.6338055555552,0.0
2025-08-02,0,131,21:50-22:00,576.395,0.0,0.3549,0.36663169642857135,70.71333333333348,750.2704249999998,1480.4416666666666,1480.4416666666666,1480.4416666666666,833.3333333333333,0.0,2783.633805555555,0.0
2025-08-02,0,132,22:00-22:10,594.5011,0.0,0.4066,0.42058705357142845,37.10543333333328,775.7108416666665,1464.9398666666666,1464.9398666666666,1464.9398666666666,833.3333333333333,0.0,3533.633805555555,0.0
2025-08-02,0,133,22:10-22:20,602.05365,0.0,0.5015,0.5181919642857145,35.94258333333346,701.0116583333331,637.9962333333334,637.9962333333334,637.9962333333334,0.0,0.0,3533.633805555555,0.0
2025-08-02,0,134,22:20-22:30,586.7866666666666,0.0,0.4482,0.4658316964285714,68.0566666666665,587.3742250000001,1488.1766666666663,1488.1766666666663,1488.1766666666663,833.3333333333333,0.0,4283.633805555555,0.0
2025-08-02,0,135,22:30-22:40,640.0160666666666,0.0,0.4345,0.45229732142857143,52.64501666666672,516.7243333333331,1525.9944166666664,1525.9944166666664,1525.9944166666664,833.3333333333333,0.0,5033.633805555555,0.0
2025-08-02,0,136,22:40-22:50,639.91455,0.0,0.4623,0.4798968749999998,53.335750000000075,451.6528499999997,1112.375289711935,1112.375289711935,1112.375289711935,419.124989711935,0.0,5410.846296296297,0.0
2025-08-02,0,137,22:50-23:00,589.8616666666667,0.0,0.4871,0.5036866071428571,60.875,385.62159583333334,650.7366666666667,650.7366666666667,650.7366666666667,0.0,0.0,5410.846296296297,0.0
2025-08-02,0,138,23:00-23:10,618.47135,0.0,0.4815,0.49629017857142876,34.991033333333235,357.01903749999974,653.4623833333333,653.4623833333333,653.4623833333333,0.0,0.0,5410.846296296297,0.0
2025-08-02,0,139,23:10-23:20,638.31745,0.0,0.4669,0.4833276785714287,43.51451666666674,292.4505708333333,681.8319666666667,681.8319666666667,681.8319666666667,0.0,0.0,5410.846296296297,0.0
2025-08-02,0,140,23:20-23:30,596.4133333333333,0.0,0.4402,0.4596633928571428,50.308333333333394,220.2358499999999,1480.0549999999998,1480.0549999999998,1480.0549999999998,833.3333333333333,0.0,6160.846296296297,0.0
2025-08-02,0,141,23:30-23:40,550.9269166666666,0.0,0.3975,0.41501741071428583,73.65431666666677,179.97729166666656,1457.9145666666666,1457.9145666666666,1457.9145666666666,833.3333333333333,0.0,6910.846296296297,0.0
2025-08-02,0,142,23:40-23:50,633.3697166666666,0.0,0.4658,0.4815919642857143,57.044116666666696,118.71921666666674,690.4138333333333,690.4138333333333,690.4138333333333,0.0,0.0,6910.846296296297,0.0
2025-08-02,0,143,23:50-24:00,775.2533333333333,0.0,0.5829,0.5988044642857141,44.508333333333326,74.8495833333333,0.0,0.0,0.0,0.0,819.7616666666667,6000.0,0.0
2025-08-03,0,0,0:00-0:10,772.8830166666667,0.0,0.5502,0.5642066964285716,44.77388333333329,1682.6067321428573,817.6569,817.6569,817.6569,0.0,0.0,7651.392069649471,0.0
2025-08-03,0,1,0:10-0:20,745.0119,0.0,0.5075,0.5228267857142856,31.920116666666672,1698.513240476191,776.9320166666666,776.9320166666666,776.9320166666666,0.0,0.0,7651.392069649471,0.0
2025-08-03,0,2,0:20-0:30,754.7266666666666,0.0,0.5149,0.5319450892857144,50.613333333333344,1672.4693029761909,805.3399999999999,805.3399999999999,805.3399999999999,0.0,0.0,7651.392069649471,0.0
2025-08-03,0,3,0:30-0:40,750.4726999999999,0.0,0.5014,0.5152218749999999,26.65786666666679,1650.5222196428574,777.1305666666667,777.1305666666667,777.1305666666667,0.0,0.0,7651.392069649471,0.0
2025-08-03,0,4,0:40-0:50,772.7846999999999,0.0,0.5311,0.5437968750000003,45.16936666666663,1619.0525726190488,817.9540666666666,817.9540666666666,817.9540666666666,0.0,0.0,7651.392069649471,0.0
2025-08-03,0,5,0:50-1:00,795.4549999999999,0.0,0.5779,0.5921089285714286,62.038333333333185,1637.0223517857153,857.4933333333331,857.4933333333331,857.4933333333331,0.0,0.0,7651.392069649471,0.0
2025-08-03,0,6,1:00-1:10,751.6881666666666,0.0,0.5454,0.5573098214285714,60.14996666666673,1661.8999571428578,811.8381333333333,811.8381333333333,811.8381333333333,0.0,0.0,7651.392069649471,0.0
2025-08-03,0,7,1:10-1:20,768.8901333333333,0.0,0.5535,0.5632584821428572,56.59131666666656,1568.547897619048,825.4814499999999,825.4814499999999,825.4814499999999,0.0,0.0,7651.392069649471,0.0
2025-08-03,0,8,1:20-1:30,828.335,0.0,0.5887,0.60021875,56.945000000000164,1518.4761761904765,344.0271373154767,344.0271373154767,344.0271373154767,0.0,541.2528626845235,7050.0,0.0
2025-08-03,0,9,1:30-1:40,777.1324,0.0,0.5178,0.5337870535714285,49.01044999999988,1538.6812357142858,826.1428499999998,826.1428499999998,826.1428499999998,0.0,0.0,7050.0,0.0
2025-08-03,0,10,1:40-1:50,705.2836333333332,0.0,0.4751,0.48964017857142866,47.14298333333329,1477.1373142857142,752.4266166666665,752.4266166666665,752.4266166666665,0.0,0.0,7050.0,0.0
2025-08-03,0,11,1:50-2:00,693.0516666666667,0.0,0.5162,0.5268142857142856,50.058333333333394,1413.5519809523812,743.1100000000001,743.1100000000001,743.1100000000001,0.0,0.0,7050.0,0.0
2025-08-03,0,12,2:00-2:10,729.0885166666667,0.0,0.5556,0.5709633928571428,55.527933333333294,1377.838364880953,784.61645,784.61645,784.61645,0.0,0.0,7050.0,0.0
2025-08-03,0,13,2:10-2:20,730.9575499999999,0.0,0.5363,0.5522848214285714,40.53809999999987,1337.2560624999994,771.4956499999997,771.4956499999997,771.4956499999997,0.0,0.0,7050.0,0.0
2025-08-03,0,14,2:20-2:30,710.915,0.0,0.4962,0.5074866071428571,33.5766666666666,1285.2841214285716,744.4916666666666,744.4916666666666,744.4916666666666,0.0,0.0,7050.0,0.0
2025-08-03,0,15,2:30-2:40,746.5881833333333,0.0,0.5206,0.5331053571428571,35.61771666666675,1221.0440446428572,782.2059,782.2059,782.2059,0.0,0.0,7050.0,0.0
2025-08-03,0,16,2:40-2:50,736.8623333333333,0.0,0.5465,0.5568138392857144,45.59465,1110.023000595239,782.4569833333333,782.4569833333333,782.4569833333333,0.0,0.0,7050.0,0.0
2025-08-03,0,17,2:50-3:00,681.2816666666666,0.0,0.5252,0.5303276785714286,53.508333333333326,1059.5441589285722,734.79,734.79,734.79,0.0,0.0,7050.0,0.0
2025-08-03,0,18,3:00-3:10,685.3417166666666,0.0,0.475,0.48271964285714286,34.021433333333334,1010.7429928571435,1552.6964833333332,1552.6964833333332,1552.6964833333332,833.3333333333333,0.0,7800.0,0.0
2025-08-03,0,19,3:10-3:20,695.49575,9.761904761904761e-05,0.4666,0.47690892857142864,51.98994999999991,927.2376422619053,1580.8189357142855,1580.8189357142855,1580.8189357142855,833.3333333333333,0.0,8550.0,0.0
2025-08-03,0,20,3:20-3:30,695.0683333333333,0.0,0.5044,0.513674107142857,49.31999999999982,885.0335380952387,744.3883333333331,744.3883333333331,744.3883333333331,0.0,0.0,8550.0,0.0
2025-08-03,0,21,3:30-3:40,720.0136,0.0,0.5318,0.5405763392857144,43.18496190476196,857.032704761905,763.198561904762,763.198561904762,763.198561904762,0.0,0.0,8550.0,0.0
2025-08-03,0,22,3:40-3:50,708.3516166666666,0.0021595238095238095,0.5595,0.5676933035714287,33.83775000000003,781.658729166667,742.1872071428571,742.1872071428571,742.1872071428571,0.0,0.0,8550.0,0.0
2025-08-03,0,23,3:50-4:00,675.5383333333333,0.0,0.5624,0.5694651785714288,66.88833333333332,660.3921875000003,742.4266666666666,742.4266666666666,742.4266666666666,0.0,0.0,8550.0,0.0
2025-08-03,0,24,4:00-4:10,700.8894333333333,0.0,0.4998,0.5061901785714286,41.65788571428561,602.2067708333337,742.5473190476189,742.5473190476189,742.5473190476189,0.0,0.0,8550.0,0.0
2025-08-03,0,25,4:10-4:20,712.5565666666666,0.03005238095238095,0.4769,0.48380133928571434,53.74806666666666,532.6413904761898,1599.6079142857143,1599.6079142857143,1599.6079142857143,833.3333333333333,0.0,9300.0,0.0
2025-08-03,0,26,4:20-4:30,702.4483333333333,0.0,0.5007,0.5084709821428571,65.11833333333334,485.8862363095239,767.5666666666666,767.5666666666666,767.5666666666666,0.0,0.0,9300.0,0.0
2025-08-03,0,27,4:30-4:40,733.4985499999999,0.0,0.4827,0.49010312500000003,48.26339999999993,453.57695654761903,781.7619499999998,781.7619499999998,781.7619499999998,0.0,0.0,9300.0,0.0
2025-08-03,0,28,4:40-4:50,745.044,0.41858333333333336,0.4921,0.49934508928571414,38.90764999999999,417.2288339285708,783.5330666666666,783.5330666666666,783.5330666666666,0.0,0.0,9300.0,0.0
2025-08-03,0,29,4:50-5:00,712.9183333333333,0.0,0.5255,0.5335325892857141,65.56642857142856,402.00190595238064,778.4847619047619,778.4847619047619,778.4847619047619,0.0,0.0,9300.0,0.0
2025-08-03,0,30,5:00-5:10,680.7590666666666,0.32644047619047617,0.5037,0.5121656250000002,43.43794047619053,402.00240952380886,723.8705666666667,723.8705666666667,723.8705666666667,0.0,0.0,9300.0,0.0
2025-08-03,0,31,5:10-5:20,686.2049,14.652066666666666,0.4938,0.499103125,41.14326904761913,399.94474047619093,712.6961023809524,712.6961023809524,712.6961023809524,0.0,0.0,9300.0,0.0
2025-08-03,0,32,5:20-5:30,693.7366666666667,49.69107142857143,0.4688,0.4710566964285713,30.740476190476215,384.1397142857139,1508.1194047619047,1508.1194047619047,1508.1194047619047,833.3333333333333,0.0,10050.0,0.0
2025-08-03,0,33,5:30-5:40,651.5507666666666,88.17204047619046,0.3756,0.3814151785714284,44.40222142857158,332.23333035714245,1441.114280952381,1441.114280952381,1441.114280952381,833.3333333333333,0.0,10800.0,0.0
2025-08-03,0,34,5:40-5:50,715.9579333333332,128.2471095238095,0.5603,0.5649241071428572,40.94563095238095,301.385094642857,628.6564547619047,628.6564547619047,628.6564547619047,-0.0,0.0,10800.0,0.0
2025-08-03,0,35,5:50-6:00,860.2033333333334,170.82410714285714,0.9187,0.9187915178571429,40.39422619047616,405.00672857142865,0.0,0.0,0.0,0.0,729.7734523809524,9989.140608465608,0.0
2025-08-03,0,36,6:00-6:10,891.4828833333332,215.05089047619052,0.9682,0.9733611607142855,33.32984285714292,486.7245410714287,0.0,0.0,0.0,0.0,709.7618357142857,9200.516346560846,0.0
2025-08-03,0,37,6:10-6:20,891.094,257.0212214285714,0.9117,0.9219723214285712,39.066609523809575,530.7368535714287,0.0,0.0,0.0,0.0,673.1393880952382,8452.583693121693,0.0
2025-08-03,0,38,6:20-6:30,893.265,298.94910714285714,0.8975,0.9073642857142857,59.52571428571434,558.9648410714285,0.0,0.0,0.0,0.0,653.8416071428571,7726.093018518518,0.0
2025-08-03,0,39,6:30-6:40,845.72615,346.61484285714283,0.8649,0.8727044642857141,49.96669999999983,587.3049303571429,0.0,0.0,0.0,0.0,549.0780071428569,7116.006343915344,0.0
2025-08-03,0,40,6:40-6:50,819.11535,392.9431499999999,0.8395,0.8458312500000001,45.89914523809534,658.8099672619048,340.0752684285711,340.0752684285711,340.0752684285711,0.0,131.9960768095244,6969.344036349205,0.0
2025-08-03,0,41,6:50-7:00,828.6033333333332,436.0705357142857,0.8393,0.845738392857143,35.82976190476188,747.7983809523809,428.3625595238094,428.3625595238094,428.3625595238094,0.0,0.0,6969.344036349205,0.0
2025-08-03,0,42,7:00-7:10,821.1724166666665,480.3985,0.8451,0.8530361607142861,35.10140714285711,796.0089464285714,0.0,0.0,0.0,0.0,375.8753238095237,6551.704787671957,0.0
2025-08-03,0,43,7:10-7:20,819.2726666666667,521.8275119047619,0.8175,0.8264888392857143,43.8354976190476,830.3665416666666,341.28065238095246,341.28065238095246,341.28065238095246,0.0,0.0,6551.704787671957,0.0
2025-08-03,0,44,7:20-7:30,825.3649999999999,564.1446428571429,0.7532,0.7629772321428573,47.68392857142862,862.0881178571428,308.9042857142856,308.9042857142856,308.9042857142856,0.0,0.0,6551.704787671957,0.0
2025-08-03,0,45,7:30-7:40,832.7326833333333,613.8726976190476,0.7232,0.7349794642857145,50.620959523809404,902.9989696428574,269.48094523809505,269.48094523809505,269.48094523809505,0.0,0.0,6551.704787671957,0.0
2025-08-03,0,46,7:40-7:50,948.6646833333332,649.4355976190476,0.9191,0.931299107142857,53.78300714285706,958.9844797619047,0.0,0.0,0.0,0.0,353.01209285714265,6159.469128941799,0.0
2025-08-03,0,47,7:50-8:00,1114.7883333333332,673.4991071428572,1.1998,1.2097611607142862,54.37446428571428,994.3718630952383,0.0,0.0,0.0,0.0,495.66369047619037,5608.731695079365,0.0
2025-08-03,0,48,8:00-8:10,1145.39545,711.5575619047619,1.2101,1.2172812500000003,52.89240952380953,981.9171642857144,0.0,0.0,0.0,0.0,486.7302976190475,5067.920253280423,0.0
2025-08-03,0,49,8:10-8:20,1120.8681166666665,755.3808976190476,1.1731,1.180309375,59.84654523809513,1021.0960452380956,0.0,0.0,0.0,0.0,425.3337642857141,4595.3271818518515,0.0
2025-08-03,0,50,8:20-8:30,1122.69,798.6964285714286,1.1947,1.2035620535714286,78.83345238095251,982.0328232142857,0.0,0.0,0.0,0.0,402.8270238095241,4147.741599841269,0.0
2025-08-03,0,51,8:30-8:40,1152.5318499999998,845.7694071428573,1.1563,1.1643084821428575,61.1869190476192,995.6642964285716,0.0,0.0,0.0,0.0,367.94936190476164,3738.908975502645,0.0
2025-08-03,0,52,8:40-8:50,1165.2589833333332,899.4588619047619,1.1053,1.112969196428571,73.60527619047627,967.3196297619053,0.0,0.0,0.0,0.0,339.40539761904745,3361.7918670370364,0.0
2025-08-03,0,53,8:50-9:00,1155.0183333333332,947.9401785714286,1.0999,1.1079058035714284,87.40327380952368,932.7871559523815,0.0,0.0,0.0,0.0,294.4814285714282,3034.5902797354493,0.0
2025-08-03,0,54,9:00-9:10,1153.9070833333333,977.0360738095237,1.1303,1.136590625,95.85660000000001,902.0621559523813,0.0,0.0,0.0,0.0,272.72760952380963,2731.559602486772,0.0
2025-08-03,0,55,9:10-9:20,1146.0129166666666,1018.2380238095236,1.0637,1.0702558035714285,83.08651190476189,860.4229458333339,0.0,0.0,0.0,0.0,210.86140476190485,2497.269152751322,0.0
2025-08-03,0,56,9:20-9:30,1129.08,1074.18125,0.9375,0.9441272321428569,66.2509523809521,880.3444589285716,0.0,0.0,0.0,0.0,121.14970238095202,2362.658372328042,0.0
2025-08-03,0,57,9:30-9:40,1121.4507833333332,1114.033276190476,0.9416,0.9445825892857146,74.4899000000001,833.3125946428572,0.0,0.0,0.0,0.0,81.90740714285721,2271.6501421693115,0.0
2025-08-03,0,58,9:40-9:50,1119.2851666666666,1135.2885595238095,1.0673,1.0841455357142855,74.66278809523828,805.2993077380947,0.0,0.0,0.0,0.0,58.659395238095385,2206.4730363492054,0.0
2025-08-03,0,59,9:50-10:00,1119.0116666666665,1153.869642857143,1.1968,1.2387000000000001,66.47696428571415,762.9886726190473,0.0,0.0,0.0,0.0,31.618988095237683,2171.340827354497,0.0
2025-08-03,0,60,10:00-10:10,1122.0664166666666,1185.7452952380954,1.2018,1.2495544642857144,65.16562380952382,663.6544910714282,0.0,0.0,0.0,0.0,1.4867452380949544,2169.688888201058,0.0
2025-08-03,0,61,10:10-10:20,1125.5587333333333,1205.3125119047618,1.1414,1.1844107142857143,77.93533571428577,734.9628803571425,0.0,0.0,0.0,1.8184428571425997,0.0,2171.3254867724863,0.0
2025-08-03,0,62,10:20-10:30,1126.625,1218.5794642857143,1.1262,1.1660986607142854,85.67422619047613,844.6179678571425,0.0,0.0,0.0,6.280238095238246,0.0,2176.9777010582006,0.0
2025-08-03,0,63,10:30-10:40,1129.3105,1254.7306357142857,1.1759,1.215971875,94.77828333333318,879.2799309523806,0.0,0.0,0.0,30.641852380952514,0.0,2204.5553682010577,0.0
2025-08-03,0,64,10:40-10:50,1157.4829166666666,1270.2074976190474,0.9501,0.9797620535714283,91.20176666666666,767.2601196428567,0.0,0.0,0.0,21.522814285714276,0.0,2223.9259010582005,0.0
2025-08-03,0,65,10:50-11:00,1169.2116666666666,1272.13125,0.5485,0.5610383928571429,101.34440476190471,668.5507041666657,683.9964234273937,683.9964234273937,683.9964234273937,685.5716019988222,0.0,2840.9403428571404,0.0
2025-08-03,0,66,11:00-11:10,1103.1100666666666,1310.978676190476,0.4446,0.45262008928571423,106.90294285714262,629.1668577380948,732.3676666666663,732.3676666666663,732.3676666666663,833.3333333333333,0.0,3590.9403428571404,0.0
2025-08-03,0,67,11:10-11:20,1094.6929666666665,1336.2359714285712,0.4932,0.5042870535714287,102.59410476190503,678.3266095238082,694.3844333333336,694.3844333333336,694.3844333333336,833.3333333333333,0.0,4340.94034285714,0.0
2025-08-03,0,68,11:20-11:30,1142.07,1337.36875,0.5131,0.5273183035714285,112.20178571428562,847.065236309523,750.2363690476188,750.2363690476188,750.2363690476188,833.3333333333333,0.0,5090.94034285714,0.0
2025-08-03,0,69,11:30-11:40,1111.8236166666666,1353.0175357142857,0.4765,0.4911111607142858,114.4623357142857,823.5943083333332,706.6017499999998,706.6017499999998,706.6017499999998,833.3333333333333,0.0,5840.94034285714,0.0
2025-08-03,0,70,11:40-11:50,1088.9294833333333,1356.3486642857142,0.4637,0.476725,102.93436190476193,725.9234386904756,668.8485142857144,668.8485142857144,668.8485142857144,833.3333333333333,0.0,6590.94034285714,0.0
2025-08-03,0,71,11:50-12:00,1098.3183333333332,1343.9714285714285,0.4818,0.4935294642857143,109.06773809523833,671.0720470238092,696.7479761904763,696.7479761904763,696.7479761904763,833.3333333333333,0.0,7340.94034285714,0.0
2025-08-03,0,72,12:00-12:10,1077.9408833333332,1345.9030928571426,0.4714,0.483567857142857,116.3941571428569,621.8267196428571,681.7652809523806,681.7652809523806,681.7652809523806,833.3333333333333,0.0,8090.94034285714,0.0
2025-08-03,0,73,12:10-12:20,1080.8584999999998,1363.0439357142857,0.4972,0.5073517857142856,98.92711666666659,589.7454261904752,650.0750142857139,650.0750142857139,650.0750142857139,833.3333333333333,0.0,8840.94034285714,0.0
2025-08-03,0,74,12:20-12:30,1104.19,1374.8687499999999,0.5199,0.5267799107142858,104.77017857142862,517.6738083333323,667.4247619047621,667.4247619047621,667.4247619047621,833.3333333333333,0.0,9590.94034285714,0.0
2025-08-03,0,75,12:30-12:40,1091.4354666666666,1358.0042428571428,0.4651,0.4733383928571429,117.05731666666668,473.19587559523774,683.8218738095236,683.8218738095236,683.8218738095236,833.3333333333333,0.0,10340.94034285714,0.0
2025-08-03,0,76,12:40-12:50,1110.8231333333333,1332.1487714285713,0.6413,0.6527464285714286,107.8686261904761,542.4924523809518,0.0,0.0,0.0,113.45701190476188,0.0,10443.051653571427,0.0
2025-08-03,0,77,12:50-13:00,1153.3283333333334,1320.204464285714,0.9449,0.9588214285714283,90.64672619047647,527.7323809523804,0.0,0.0,0.0,76.2294047619041,0.0,10511.658117857141,0.0
2025-08-03,0,78,13:00-13:10,1140.7623333333331,1325.783807142857,0.9416,0.9568075892857143,86.03755952380932,534.8595285714281,0.0,0.0,0.0,98.98391428571472,0.0,10600.743640714285,0.0
2025-08-03,0,79,13:10-13:20,1150.2452833333332,1308.7102476190475,0.9004,0.9142611607142858,76.20370238095241,492.90727261904675,0.0,0.0,0.0,82.26126190476202,0.0,10674.778776428571,0.0
2025-08-03,0,80,13:20-13:30,1172.55,1275.0633928571428,0.9337,0.9447205357142856,77.87744047619067,605.8371410714287,0.0,0.0,0.0,24.635952380952176,0.0,10696.951133571429,0.0
2025-08-03,0,81,13:30-13:40,1123.8111166666665,1267.9073738095237,0.9037,0.9156910714285713,90.19631904761914,689.0537904761898,0.0,0.0,0.0,53.899938095237985,0.0,10745.461077857142,0.0
2025-08-03,0,82,13:40-13:50,1120.6249333333333,1251.6060785714285,1.0091,1.035692410714286,70.38234285714293,749.7138035714281,0.0,0.0,0.0,60.59880238095229,0.0,10800.0,0.0
2025-08-03,0,83,13:50-14:00,1183.3966666666665,1211.9982142857143,1.2246,1.2722495535714289,53.24821428571438,754.3714291666658,0.0,0.0,0.0,0.0,24.646666666666533,10772.614814814815,0.0
2025-08-03,0,84,14:00-14:10,1212.2283333333332,1172.4958333333332,1.2899,1.3447584821428566,39.567254761904906,786.4361166666663,0.0,0.0,0.0,0.0,79.29975476190498,10684.503976190475,0.0
2025-08-03,0,85,14:10-14:20,1216.02675,1139.3178738095237,1.2522,1.3002553571428574,67.69194523809512,848.1676648809522,0.0,0.0,0.0,0.0,144.40082142857136,10524.058619047619,0.0
2025-08-03,0,86,14:20-14:30,1215.1666666666665,1105.369642857143,1.2723,1.3147848214285716,76.5543452380951,878.9537345238091,0.0,0.0,0.0,0.0,186.35136904761862,10317.001542328042,0.0
2025-08-03,0,87,14:30-14:40,1215.2049499999998,1061.1570714285713,1.4078,1.4598071428571426,90.11842857142858,870.2145529761901,0.0,0.0,0.0,0.0,244.16630714285702,10045.705645502645,0.0
2025-08-03,0,88,14:40-14:50,1230.6813833333333,1020.9226619047619,1.2034,1.2497285714285717,64.91905952380972,929.1044285714282,0.0,0.0,0.0,0.0,274.6777809523811,9740.50811111111,0.0
2025-08-03,0,89,14:50-15:00,1251.9333333333334,984.667857142857,0.7981,0.8233455357142857,91.41601190476189,997.4016291666667,358.68148809523836,358.68148809523836,358.68148809523836,0.0,0.0,9740.50811111111,0.0
2025-08-03,0,90,15:00-15:10,1248.2807666666665,938.134019047619,0.8008,0.8204553571428573,84.74487142857123,1042.9482214285717,394.89161904761886,394.89161904761886,394.89161904761886,0.0,0.0,9740.50811111111,0.0
2025-08-03,0,91,15:10-15:20,1212.6900999999998,890.6355666666666,0.8307,0.8508892857142858,71.60084761904761,1093.797223809524,393.65538095238094,393.65538095238094,393.65538095238094,0.0,0.0,9740.50811111111,0.0
2025-08-03,0,92,15:20-15:30,1170.7333333333331,847.0580357142858,0.7405,0.760225,61.73988095238087,1110.3632279761905,1218.7485119047615,1218.7485119047615,1218.7485119047615,833.3333333333333,0.0,10490.50811111111,0.0
2025-08-03,0,93,15:30-15:40,1164.4296666666667,803.1324952380952,0.7799,0.8013727678571428,72.62148809523819,1103.6676773809525,777.7985360670204,777.7985360670204,777.7985360670204,343.87987654321074,0.0,10800.0,0.0
2025-08-03,0,94,15:40-15:50,1194.8745833333332,759.9631523809524,0.8362,0.8557397321428574,77.1067071428572,1144.1174601190478,512.0181380952381,512.0181380952381,512.0181380952381,0.0,0.0,10800.0,0.0
2025-08-03,0,95,15:50-16:00,1227.4299999999998,715.8205357142856,0.8477,0.8642727678571427,57.16928571428571,1226.8458571428578,568.77875,568.77875,568.77875,0.0,0.0,10800.0,0.0
2025-08-03,0,96,16:00-16:10,1220.83605,666.9594333333333,0.8837,0.904633482142857,62.18297619047621,1363.2526130952388,616.0595928571428,616.0595928571428,616.0595928571428,0.0,0.0,10800.0,0.0
2025-08-03,0,97,16:10-16:20,1206.8530166666665,618.4617547619047,0.9465,0.9673205357142857,49.333340476190415,1481.6767416666667,637.7246023809522,637.7246023809522,637.7246023809522,0.0,0.0,10800.0,0.0
2025-08-03,0,98,16:20-16:30,1205.2399999999998,571.2642857142857,0.9818,0.9985227678571427,66.5388095238095,1498.3093517857144,700.5145238095236,700.5145238095236,700.5145238095236,0.0,-0.0,10800.0,0.0
2025-08-03,0,99,16:30-16:40,1209.0223333333333,521.9245428571428,0.9423,0.9629183035714284,74.82869523809518,1570.6261488095245,761.9264857142857,761.9264857142857,761.9264857142857,0.0,0.0,10800.0,0.0
2025-08-03,0,100,16:40-16:50,1225.5194166666665,474.89401904761894,0.9546,0.9757986607142859,53.58042619047603,1622.276733928572,804.2058238095235,804.2058238095235,804.2058238095235,0.0,0.0,10800.0,0.0
2025-08-03,0,101,16:50-17:00,1245.3783333333333,432.4553571428571,1.0255,1.0420687499999999,60.655178571428564,1641.0505994047624,873.5781547619047,873.5781547619047,873.5781547619047,0.0,0.0,10800.0,0.0
2025-08-03,0,102,17:00-17:10,1241.2466166666666,391.5909,1.0378,1.0544879464285715,54.80979523809515,1668.25737202381,904.4655119047618,904.4655119047618,904.4655119047618,0.0,0.0,10800.0,0.0
2025-08-03,0,103,17:10-17:20,1199.4378499999998,345.33392380952375,1.0335,1.051336160714286,54.47453809523836,1746.6917476190474,908.5784642857144,908.5784642857144,908.5784642857144,0.0,0.0,10800.0,0.0
2025-08-03,0,104,17:20-17:30,1185.87,294.9035714285714,1.0599,1.0784892857142856,63.37273809523805,1819.0563464285715,954.3391666666664,954.3391666666664,954.3391666666664,0.0,0.0,10800.0,0.0
2025-08-03,0,105,17:30-17:40,1258.36925,248.50360238095234,1.1261,1.147094196428572,52.23540238095245,1823.5572934523807,1062.10105,1062.10105,1062.10105,0.0,0.0,10800.0,0.0
2025-08-03,0,106,17:40-17:50,1156.15065,205.775,1.2295,1.2473098214285714,57.52838809523814,1812.903969642857,1007.9040380952382,1007.9040380952382,1007.9040380952382,0.0,-0.0,10800.0,0.0
2025-08-03,0,107,17:50-18:00,938.4083333333333,164.25624999999997,1.3361,1.349069196428571,35.3358333333332,1784.6602529761903,809.4879166666665,809.4879166666665,809.4879166666665,0.0,-0.0,10800.0,0.0
2025-08-03,0,108,18:00-18:10,934.8655166666667,122.64445238095237,1.3925,1.4102482142857142,40.22032619047616,1704.0059940476192,852.4413904761905,852.4413904761905,852.4413904761905,0.0,0.0,10800.0,0.0
2025-08-03,0,109,18:10-18:20,965.06605,83.56655,1.3861,1.4053397321428573,62.010095238095346,1720.834803571428,943.5095952380952,943.5095952380952,943.5095952380952,0.0,0.0,10800.0,0.0
2025-08-03,0,110,18:20-18:30,934.3416666666667,47.199999999999996,1.3679,1.382082142857143,44.43797619047609,1813.4323714285708,931.5796428571427,931.5796428571427,931.5796428571427,0.0,0.0,10800.0,0.0
2025-08-03,0,111,18:30-18:40,937.8719666666666,14.057819047619045,1.4232,1.437924107142857,42.86299523809521,1800.004484523809,966.6771428571427,966.6771428571427,966.6771428571427,0.0,0.0,10800.0,0.0
2025-08-03,0,112,18:40-18:50,959.7813666666666,0.36617857142857146,1.5595,1.5896977678571431,43.7426857142857,1732.8102458333333,1003.1578738095237,1003.1578738095237,1003.1578738095237,0.0,0.0,10800.0,0.0
2025-08-03,0,113,18:50-19:00,965.12,0.0,1.6779,1.7270111607142855,61.493333333333226,1778.8872970238097,193.27999999999997,193.27999999999997,193.27999999999997,0.0,833.3333333333333,9874.074074074075,0.0
2025-08-03,0,114,19:00-19:10,945.3244833333333,0.38852857142857145,1.6569,1.706191071428572,34.187999999999874,1784.2301392857141,145.7906214285714,145.7906214285714,145.7906214285714,0.0,833.3333333333333,8948.14814814815,0.0
2025-08-03,0,115,19:10-19:20,950.0009499999999,0.0,1.6267,1.671750446428572,41.89246666666668,1712.1816107142856,991.8934166666666,991.8934166666666,991.8934166666666,0.0,0.0,8948.14814814815,0.0
2025-08-03,0,116,19:20-19:30,973.8533333333332,0.0,1.6494,1.695872321428571,46.37166666666667,1764.9286619047618,186.89166666666665,186.89166666666665,186.89166666666665,0.0,833.3333333333333,8022.2222222222235,0.0
2025-08-03,0,117,19:30-19:40,964.1910333333333,0.02789523809523809,1.6661,1.7160392857142857,34.10380000000009,1802.1040785714285,164.93360476190492,164.93360476190492,164.93360476190492,0.0,833.3333333333333,7096.296296296297,0.0
2025-08-03,0,118,19:40-19:50,953.8038333333334,0.0,1.6603,1.7115750000000003,38.50262619047612,1788.3649452380953,158.97312619047625,158.97312619047625,158.97312619047625,0.0,833.3333333333333,6170.370370370371,0.0
2025-08-03,0,119,19:50-20:00,946.815,0.0,1.6464,1.6956991071428578,48.24666666666667,1734.0495386904763,161.72833333333347,161.72833333333347,161.72833333333347,0.0,833.3333333333333,5244.444444444445,0.0
2025-08-03,0,120,20:00-20:10,919.1088666666666,0.0019785714285714285,1.6463,1.6923223214285714,41.67605000000003,1672.9286363095239,294.96206488095174,294.96206488095174,294.96206488095174,0.0,665.8208732142863,4504.643474206349,0.0
2025-08-03,0,121,20:10-20:20,932.7246,0.0,1.6397,1.6838642857142851,29.86137857142853,1614.626373809524,962.5859785714285,962.5859785714285,962.5859785714285,0.0,0.0,4504.643474206349,0.0
2025-08-03,0,122,20:20-20:30,978.9200000000001,0.0,1.6535,1.7002772321428576,47.321666666666715,1532.719314285714,192.90833333333353,192.90833333333353,192.90833333333353,0.0,833.3333333333333,3578.717548280423,0.0
2025-08-03,0,123,20:30-20:40,981.0569,9.285714285714285e-05,1.6917,1.7436397321428572,37.40866666666659,1429.0263976190474,185.13214047619056,185.13214047619056,185.13214047619056,0.0,833.3333333333333,2652.791622354497,0.0
2025-08-03,0,124,20:40-20:50,961.5257499999999,0.0,1.4557,1.494213392857143,37.984983333333275,1307.5124601190473,915.8700440476191,915.8700440476191,915.8700440476191,0.0,83.64068928571405,2559.857523148148,0.0
2025-08-03,0,125,20:50-21:00,948.0066666666667,0.0,1.0857,1.0999973214285717,60.15833333333342,1223.8717708333334,1008.1650000000001,1008.1650000000001,1008.1650000000001,0.0,0.0,2559.857523148148,0.0
2025-08-03,0,126,21:00-21:10,946.5200499999999,0.0,1.0512,1.061533928571428,40.16573333333338,1193.3430208333334,986.6857833333332,986.6857833333332,986.6857833333332,0.0,0.0,2559.857523148148,0.0
2025-08-03,0,127,21:10-21:20,958.2275833333333,0.0,1.0907,1.1067660714285714,43.37746666666658,1130.2836041666671,1001.6050499999999,1001.6050499999999,1001.6050499999999,0.0,0.0,2559.857523148148,0.0
2025-08-03,0,128,21:20-21:30,979.3766666666667,0.0,1.0901,1.1086839285714287,54.49000000000001,1088.9346791666671,1033.8666666666668,1033.8666666666668,1033.8666666666668,0.0,0.0,2559.857523148148,0.0
2025-08-03,0,129,21:30-21:40,985.7324666666666,0.0,1.1502,1.165581696428571,30.733133333333285,1048.5430125000003,717.8141333333333,717.8141333333333,717.8141333333333,0.0,298.6514666666666,2228.0225601851853,0.0
2025-08-03,0,130,21:40-21:50,893.4889333333333,0.0,0.9169,0.9286107142857141,30.588833333333355,925.220304166667,833.4793541666669,833.4793541666669,833.4793541666669,0.0,90.59841249999981,2127.3576574074077,0.0
2025-08-03,0,131,21:50-22:00,755.46,0.0,0.5207,0.5316450892857144,56.10666666666668,834.621891666667,1644.9,1644.9,1644.9,833.3333333333333,0.0,2877.3576574074077,0.0
2025-08-03,0,132,22:00-22:10,728.0961833333333,0.0,0.4958,0.5083415178571429,35.68655000000001,845.4556416666669,1597.1160666666665,1597.1160666666665,1597.1160666666665,833.3333333333333,0.0,3627.3576574074077,0.0
2025-08-03,0,133,22:10-22:20,776.1208333333334,0.0,0.5928,0.6079334821428573,31.004216666666707,769.3375750000004,807.1250500000001,807.1250500000001,807.1250500000001,0.0,0.0,3627.3576574074077,0.0
2025-08-03,0,134,22:20-22:30,805.6833333333334,0.0,0.6054,0.6223861607142858,49.46333333333325,650.7617750000006,855.1466666666666,855.1466666666666,855.1466666666666,0.0,0.0,3627.3576574074077,0.0
2025-08-03,0,135,22:30-22:40,759.0262833333333,0.0,0.5756,0.592507142857143,52.33274999999992,561.5185500000003,811.3590333333332,811.3590333333332,811.3590333333332,0.0,0.0,3627.3576574074077,0.0
2025-08-03,0,136,22:40-22:50,752.0441999999999,0.0,0.553,0.5693950892857144,47.64398333333315,496.13480000000015,935.9574528806579,935.9574528806579,935.9574528806579,136.26926954732477,0.0,3750.0,0.0
2025-08-03,0,137,22:50-23:00,793.28,0.0,0.5431,0.5582754464285714,59.65333333333342,424.41177916666686,1686.2666666666667,1686.2666666666667,1686.2666666666667,833.3333333333333,0.0,4500.0,0.0
2025-08-03,0,138,23:00-23:10,779.6949500000001,0.0,0.5271,0.5394138392857141,34.991033333333235,394.5875541666667,1648.0193166666666,1648.0193166666666,1648.0193166666666,833.3333333333333,0.0,5250.0,0.0
2025-08-03,0,139,23:10-23:20,762.25985,0.0,0.5597,0.573282142857143,38.25193333333323,330.01908750000024,800.5117833333333,800.5117833333333,800.5117833333333,0.0,0.0,5250.0,0.0
2025-08-03,0,140,23:20-23:30,761.1933333333333,0.0,0.6029,0.6203897321428572,40.92666666666662,252.54178333333334,802.1199999999999,802.1199999999999,802.1199999999999,0.0,0.0,5250.0,0.0
2025-08-03,0,141,23:30-23:40,744.4712999999999,0.0,0.5586,0.5752120535714286,50.73005000000012,202.9015583333332,795.20135,795.20135,795.20135,0.0,0.0,5250.0,0.0
2025-08-03,0,142,23:40-23:50,752.1876166666666,0.0,0.5278,0.5431857142857142,57.044116666666696,118.71921666666674,1642.5650666666666,1642.5650666666666,1642.5650666666666,833.3333333333333,0.0,6000.0,0.0
2025-08-03,0,143,23:50-24:00,784.9983333333332,0.0,0.5593,0.5747763392857141,44.508333333333326,74.8495833333333,829.5066666666665,829.5066666666665,829.5066666666665,0.0,0.0,6000.0,0.0
2025-08-04,0,0,0:00-0:10,792.7897833333333,0.0,0.595,0.6085513392857143,44.77388333333329,1678.60091547619,4.230333333333306,4.230333333333306,4.230333333333306,0.0,833.3333333333333,5625.789620158727,0.0
2025-08-04,0,1,0:10-0:20,757.3083499999999,0.0,0.5685,0.5828522321428571,31.920116666666672,1694.5074238095242,789.2284666666666,789.2284666666666,789.2284666666666,0.0,0.0,5625.789620158727,0.0
2025-08-04,0,2,0:20-0:30,713.3166666666666,0.0,0.5133,0.528925,50.613333333333344,1668.4634863095241,763.93,763.93,763.93,0.0,0.0,5625.789620158727,0.0
2025-08-04,0,3,0:30-0:40,717.4396833333333,0.0,0.5196,0.5327343749999999,26.65786666666679,1646.5164029761906,744.0975500000001,744.0975500000001,744.0975500000001,0.0,0.0,5625.789620158727,0.0
2025-08-04,0,4,0:40-0:50,737.5260499999999,0.0,0.5046,0.5165941964285714,45.16936666666663,1615.0467559523818,782.6954166666666,782.6954166666666,782.6954166666666,0.0,0.0,5625.789620158727,0.0
2025-08-04,0,5,0:50-1:00,751.02,0.0,0.4691,0.48182544642857145,62.038333333333185,1633.0165351190485,813.0583333333332,813.0583333333332,813.0583333333332,0.0,0.0,5625.789620158727,0.0
2025-08-04,0,6,1:00-1:10,760.1474666666666,0.0,0.4935,0.504364732142857,60.14996666666673,1657.8941404761908,820.2974333333333,820.2974333333333,820.2974333333333,0.0,0.0,5625.789620158727,0.0
2025-08-04,0,7,1:10-1:20,739.6742666666667,0.0,0.4759,0.4855459821428574,60.59713333333343,1564.5420809523807,800.2714000000001,800.2714000000001,800.2714000000001,0.0,0.0,5625.789620158727,0.0
2025-08-04,0,8,1:20-1:30,714.5683333333333,0.0,0.4411,0.4528138392857142,56.945000000000164,1518.4761761904765,1604.8466666666668,1604.8466666666668,1604.8466666666668,833.3333333333333,0.0,6375.789620158727,0.0
2025-08-04,0,9,1:30-1:40,737.9655833333333,0.0,0.5164,0.5318825892857142,49.01044999999988,1538.6812357142858,786.9760333333331,786.9760333333331,786.9760333333331,0.0,0.0,6375.789620158727,0.0
2025-08-04,0,10,1:40-1:50,749.4303833333333,0.0,0.5526,0.5662366071428571,47.14298333333329,1477.1373142857142,796.5733666666666,796.5733666666666,796.5733666666666,0.0,0.0,6375.789620158727,0.0
2025-08-04,0,11,1:50-2:00,737.8533333333332,0.0,0.515,0.5246089285714288,50.058333333333394,1412.1055119047621,787.9116666666666,787.9116666666666,787.9116666666666,0.0,0.0,6375.789620158727,0.0
2025-08-04,0,12,2:00-2:10,749.5426333333332,0.0,0.5196,0.5330870535714285,55.527933333333294,1376.3918958333338,805.0705666666665,805.0705666666665,805.0705666666665,0.0,0.0,6375.789620158727,0.0
2025-08-04,0,13,2:10-2:20,749.3260499999999,0.0,0.5426,0.5566714285714285,40.53809999999987,1335.8095934523806,789.8641499999998,789.8641499999998,789.8641499999998,0.0,0.0,6375.789620158727,0.0
2025-08-04,0,14,2:20-2:30,731.9733333333334,0.0,0.5493,0.5598133928571426,33.5766666666666,1283.8376523809522,765.55,765.55,765.55,0.0,0.0,6375.789620158727,0.0
2025-08-04,0,15,2:30-2:40,728.9723,0.0,0.5365,0.5489754464285712,35.61771666666675,1219.5975755952384,764.5900166666668,764.5900166666668,764.5900166666668,0.0,0.0,6375.789620158727,0.0
2025-08-04,0,16,2:40-2:50,716.4038333333333,0.0,0.5232,0.5323723214285715,45.59465,1108.5765315476197,761.9984833333333,761.9984833333333,761.9984833333333,0.0,0.0,6375.789620158727,0.0
2025-08-04,0,17,2:50-3:00,710.8399999999999,0.0,0.5187,0.521617857142857,53.508333333333326,1058.097689880953,764.3483333333332,764.3483333333332,764.3483333333332,0.0,0.0,6375.789620158727,0.0
2025-08-04,0,18,3:00-3:10,750.6897833333334,0.0,0.5189,0.5265883928571428,34.021433333333334,1010.7020982142863,784.7112166666667,784.7112166666667,784.7112166666667,0.0,0.0,6375.789620158727,0.0
2025-08-04,0,19,3:10-3:20,746.7621166666665,0.00013095238095238093,0.5276,0.5387834821428572,51.98994999999991,927.1967476190482,798.7519357142855,798.7519357142855,798.7519357142855,0.0,0.0,6375.789620158727,0.0
2025-08-04,0,20,3:20-3:30,683.6783333333333,0.0,0.5167,0.5254049107142855,49.31999999999982,884.9926434523815,732.9983333333331,732.9983333333331,732.9983333333331,0.0,0.0,6375.789620158727,0.0
2025-08-04,0,21,3:30-3:40,638.8369,0.0,0.4531,0.4609495535714287,43.18496190476196,856.991810119048,1515.3551952380953,1515.3551952380953,1515.3551952380953,833.3333333333333,0.0,7125.789620158727,0.0
2025-08-04,0,22,3:40-3:50,634.75785,0.0025380952380952377,0.4174,0.42528125,33.83775000000003,780.212260119048,1501.9263952380952,1501.9263952380952,1501.9263952380952,833.3333333333333,0.0,7875.789620158727,0.0
2025-08-04,0,23,3:50-4:00,662.6033333333332,0.0,0.4384,0.44555892857142865,66.88833333333332,658.9457184523814,1562.8249999999998,1562.8249999999998,1562.8249999999998,833.3333333333333,0.0,8625.789620158728,0.0
2025-08-04,0,24,4:00-4:10,693.3654333333334,0.0,0.469,0.4749642857142858,41.65788571428561,604.5723214285708,1568.3566523809523,1568.3566523809523,1568.3566523809523,833.3333333333333,0.0,9375.789620158728,0.0
2025-08-04,0,25,4:10-4:20,686.2177333333334,0.03533809523809524,0.4778,0.4844214285714285,53.74806666666666,536.0636124999993,739.930461904762,739.930461904762,739.930461904762,0.0,0.0,9375.789620158728,0.0
2025-08-04,0,26,4:20-4:30,665.4033333333333,0.0,0.4675,0.47609553571428576,65.11833333333334,484.4397672619049,1479.6443109347465,1479.6443109347465,1479.6443109347465,749.1226442680797,0.0,10050.0,0.0
2025-08-04,0,27,4:30-4:40,691.5319,0.0,0.4674,0.4763075892857144,48.26339999999993,452.22943571428505,739.7952999999999,739.7952999999999,739.7952999999999,0.0,0.0,10050.0,0.0
2025-08-04,0,28,4:40-4:50,702.7768333333333,0.4921857142857143,0.4943,0.502652232142857,38.90764999999999,420.65105595238026,741.1922976190476,741.1922976190476,741.1922976190476,0.0,0.0,10050.0,0.0
2025-08-04,0,29,4:50-5:00,684.9116666666666,0.0,0.5153,0.5233919642857143,65.56642857142856,402.17833392857113,750.4780952380952,750.4780952380952,750.4780952380952,0.0,0.0,10050.0,0.0
2025-08-04,0,30,5:00-5:10,686.3254833333333,0.10806428571428572,0.4852,0.4931026785714286,43.43794047619053,406.83020595238025,729.6553595238096,729.6553595238096,729.6553595238096,0.0,0.0,10050.0,0.0
2025-08-04,0,31,5:10-5:20,690.5726833333333,13.558616666666667,0.484,0.4886888392857142,41.14326904761913,404.7725369047623,718.1573357142858,718.1573357142858,718.1573357142858,0.0,0.0,10050.0,0.0
2025-08-04,0,32,5:20-5:30,676.0116666666667,49.03928571428572,0.4741,0.47618705357142865,30.740476190476215,388.31554285714236,657.7128571428572,657.7128571428572,657.7128571428572,0.0,0.0,10050.0,0.0
2025-08-04,0,33,5:30-5:40,655.4040833333333,88.5892880952381,0.3783,0.38464419642857145,44.40222142857158,336.409158928571,1444.55035,1444.55035,1444.55035,833.3333333333333,0.0,10800.0,0.0
2025-08-04,0,34,5:40-5:50,724.7097166666667,130.40278809523807,0.5401,0.5452522321428571,42.39209999999997,305.778245833333,636.6990285714287,636.6990285714287,636.6990285714287,-0.0,0.0,10800.0,0.0
2025-08-04,0,35,5:50-6:00,843.7266666666666,174.49285714285713,0.8766,0.876915625,40.39422619047616,411.4983166666666,0.0,0.0,0.0,0.0,709.6280357142856,10011.524404761905,0.0
2025-08-04,0,36,6:00-6:10,872.7445333333333,219.18702619047622,0.9366,0.9424223214285714,33.32984285714292,493.21612916666663,0.0,0.0,0.0,0.0,686.88735,9248.316238095238,0.0
2025-08-04,0,37,6:10-6:20,895.6095999999999,263.82582619047616,0.9155,0.9252776785714287,39.066609523809575,537.2284416666666,0.0,0.0,0.0,0.0,670.8503833333333,8502.926923280424,0.0
2025-08-04,0,38,6:20-6:30,923.3783333333333,309.04375000000005,0.9381,0.9455366071428574,55.05404761904765,565.4564291666666,0.0,0.0,0.0,0.0,669.3886309523809,7759.161777777778,0.0
2025-08-04,0,39,6:30-6:40,882.5733666666666,355.6780238095238,0.9203,0.9264008928571428,48.81606904761901,589.3248517857143,0.0,0.0,0.0,0.0,575.7114119047618,7119.482431216932,0.0
2025-08-04,0,40,6:40-6:50,876.48045,401.45825238095244,0.8887,0.8946330357142857,45.89914523809534,659.6792577380952,0.0,0.0,0.0,0.0,520.9213428571429,6540.68093915344,0.0
2025-08-04,0,41,6:50-7:00,901.3383333333333,446.9508928571429,0.8502,0.8556839285714287,35.82976190476188,748.6676714285713,0.0,0.0,0.0,0.0,490.21720238095224,5995.995158730159,0.0
2025-08-04,0,42,7:00-7:10,850.2331333333333,494.3144642857143,0.7841,0.7885049107142861,34.23211666666663,796.8782369047619,325.8616309523795,325.8616309523795,325.8616309523795,0.0,64.28915476190613,5924.562764550264,0.0
2025-08-04,0,43,7:10-7:20,809.9397333333333,538.0332309523808,0.7541,0.7594651785714286,43.8354976190476,830.3665416666666,315.7420000000001,315.7420000000001,315.7420000000001,0.0,0.0,5924.562764550264,0.0
2025-08-04,0,44,7:20-7:30,817.6066666666667,581.0446428571429,0.7338,0.7414848214285715,47.68392857142862,862.0881178571428,284.2459523809524,284.2459523809524,284.2459523809524,0.0,0.0,5924.562764550264,0.0
2025-08-04,0,45,7:30-7:40,842.3795499999999,630.0165428571428,0.6778,0.6858232142857142,50.620959523809404,902.9989696428574,262.98396666666656,262.98396666666656,262.98396666666656,0.0,0.0,5924.562764550264,0.0
2025-08-04,0,46,7:40-7:50,971.6586166666666,666.1885642857142,0.8886,0.8972709821428572,53.78300714285706,958.9844797619047,0.0,0.0,0.0,0.0,359.2530595238095,5525.392698412697,0.0
2025-08-04,0,47,7:50-8:00,1126.975,693.8232142857142,1.2184,1.2275156249999999,54.37446428571428,994.3718630952383,0.0,0.0,0.0,0.0,487.52625,4983.696865079364,0.0
2025-08-04,0,48,8:00-8:10,1124.8647833333332,737.0615452380953,1.1901,1.1967450892857145,52.89240952380953,981.9171642857144,0.0,0.0,0.0,0.0,440.6956476190476,4494.035034391533,0.0
2025-08-04,0,49,8:10-8:20,1137.40335,782.456207142857,1.1457,1.1522214285714287,59.84654523809513,1021.0960452380956,0.0,0.0,0.0,0.0,414.79368809523817,4033.153158730158,0.0
2025-08-04,0,50,8:20-8:30,1186.6766666666667,826.7392857142855,1.2047,1.213245982142857,78.83345238095251,982.0328232142857,0.0,0.0,0.0,0.0,438.7708333333338,3545.630010582009,0.0
2025-08-04,0,51,8:30-8:40,1125.1451333333332,882.2417357142856,1.1427,1.1499691964285714,61.1869190476192,995.6642964285716,0.0,0.0,0.0,0.0,304.0903166666669,3207.7518809523795,0.0
2025-08-04,0,52,8:40-8:50,1083.6817999999998,943.8021333333334,1.0839,1.0897821428571424,73.60527619047627,967.3196297619053,0.0,0.0,0.0,0.0,213.48494285714264,2970.5463888888876,0.0
2025-08-04,0,53,8:50-9:00,1101.1366666666665,995.1794642857142,1.0861,1.0917843750000005,87.40327380952368,932.7871559523815,0.0,0.0,0.0,0.0,193.360476190476,2755.701415343914,0.0
2025-08-04,0,54,9:00-9:10,1087.9907833333332,1023.5587023809522,1.0737,1.0787915178571432,95.85660000000001,902.0621559523813,0.0,0.0,0.0,0.0,160.28868095238101,2577.6028809523796,0.0
2025-08-04,0,55,9:10-9:20,1094.506483333333,1054.6390547619046,1.0704,1.0773540178571428,83.08651190476189,862.2153458333335,0.0,0.0,0.0,0.0,122.95394047619038,2440.98739153439,0.0
2025-08-04,0,56,9:20-9:30,1120.2833333333333,1097.8642857142856,1.0535,1.060878125,66.2509523809521,880.3444589285716,0.0,0.0,0.0,0.0,88.66999999999985,2342.465169312168,0.0
2025-08-04,0,57,9:30-9:40,1106.9721,1137.2709142857143,0.9807,0.9828745535714282,74.4899000000001,833.3125946428572,0.0,0.0,0.0,0.0,44.19108571428569,2293.363962962962,0.0
2025-08-04,0,58,9:40-9:50,1110.7522833333333,1160.1597142857142,1.0122,1.0279866071428574,74.66278809523828,813.0535934523806,0.0,0.0,0.0,0.0,25.255357142857292,2265.302455026454,0.0
2025-08-04,0,59,9:50-10:00,1141.6583333333333,1179.3249999999998,1.1606,1.2019982142857142,66.47696428571415,770.7429583333331,0.0,0.0,0.0,0.0,28.81029761904756,2233.2910132275124,0.0
2025-08-04,0,60,10:00-10:10,1152.5334333333333,1216.3133404761904,1.2603,1.3056874999999997,65.16562380952382,671.408776785714,0.0,0.0,0.0,0.0,1.3857166666666672,2231.7513280423273,0.0
2025-08-04,0,61,10:10-10:20,1168.4206666666666,1232.9492023809523,1.2395,1.280161160714286,77.93533571428577,742.7171660714282,0.0,0.0,0.0,0.0,13.406799999999976,2216.8548835978827,0.0
2025-08-04,0,62,10:20-10:30,1188.0483333333332,1240.4178571428572,1.1925,1.2318124999999995,85.67422619047613,847.2027297619045,0.0,0.0,0.0,0.0,33.304702380951994,2179.8496587301584,0.0
2025-08-04,0,63,10:30-10:40,1175.9782833333334,1285.0670571428573,1.2317,1.2701258928571428,94.77828333333318,881.8646928571426,0.0,0.0,0.0,14.310490476190807,0.0,2192.72910015873,0.0
2025-08-04,0,64,10:40-10:50,1141.7781666666665,1299.9821547619047,1.0048,1.032125,91.20176666666666,769.8448815476186,0.0,0.0,0.0,67.0022214285716,0.0,2253.0310994444444,0.0
2025-08-04,0,65,10:50-11:00,1126.86,1287.6205357142858,0.6164,0.6276133928571428,101.34440476190471,678.8897517857135,356.3403093474415,356.3403093474415,356.3403093474415,415.7564402998226,0.0,2627.2118957142848,0.0
2025-08-04,0,66,11:00-11:10,1165.90895,1317.5635214285712,0.562,0.569467857142857,106.90294285714262,639.5059053571426,788.5817047619046,788.5817047619046,788.5817047619046,833.3333333333333,0.0,3377.2118957142848,0.0
2025-08-04,0,67,11:10-11:20,1189.3136333333332,1337.450119047619,0.6119,0.62325625,102.59410476190503,688.665657142856,787.7909523809526,787.7909523809526,787.7909523809526,833.3333333333333,0.0,4127.211895714285,0.0
2025-08-04,0,68,11:20-11:30,1169.3166666666666,1335.0223214285713,0.5968,0.6121776785714285,112.20178571428562,857.404283928571,779.829464285714,779.829464285714,779.829464285714,833.3333333333333,0.0,4877.211895714285,0.0
2025-08-04,0,69,11:30-11:40,1140.126,1352.3292095238094,0.5754,0.5912866071428571,114.4623357142857,833.9333559523809,735.5924595238096,735.5924595238096,735.5924595238096,833.3333333333333,0.0,5627.211895714285,0.0
2025-08-04,0,70,11:40-11:50,1111.7544333333333,1363.5237904761902,0.5321,0.5449816964285714,102.93436190476193,736.2624863095234,684.4983380952383,684.4983380952383,684.4983380952383,833.3333333333333,0.0,6377.211895714285,0.0
2025-08-04,0,71,11:50-12:00,1099.695,1360.3714285714286,0.5122,0.5219607142857143,109.06773809523833,681.4110946428569,681.724642857143,681.724642857143,681.724642857143,833.3333333333333,0.0,7127.211895714285,0.0
2025-08-04,0,72,12:00-12:10,1115.0885166666667,1365.1273238095237,0.5871,0.5970995535714285,116.3941571428569,632.1657672619049,699.6886833333331,699.6886833333331,699.6886833333331,833.3333333333333,0.0,7877.211895714285,0.0
2025-08-04,0,73,12:10-12:20,1105.6371833333333,1380.1571119047617,0.6119,0.6196495535714288,98.92711666666659,600.084473809523,657.7405214285714,657.7405214285714,657.7405214285714,833.3333333333333,0.0,8627.211895714285,0.0
2025-08-04,0,74,12:20-12:30,1073.1716666666666,1394.4339285714286,0.5515,0.5553035714285713,94.43113095238081,528.0128559523802,606.502202380952,606.502202380952,606.502202380952,833.3333333333333,0.0,9377.211895714285,0.0
2025-08-04,0,75,12:30-12:40,1073.3582166666665,1393.5720285714283,0.5439,0.5490433035714287,117.05731666666668,473.19587559523774,630.1768380952383,630.1768380952383,630.1768380952383,833.3333333333333,0.0,10127.211895714285,0.0
2025-08-04,0,76,12:40-12:50,1097.2694499999998,1381.9806976190475,0.7437,0.7511535714285714,107.8686261904761,542.4924523809518,0.0,0.0,0.0,176.84262142857165,0.0,10286.370255,0.0
2025-08-04,0,77,12:50-13:00,1131.7266666666665,1371.2446428571425,1.0056,1.014398660714286,90.64672619047647,527.7323809523804,0.0,0.0,0.0,148.87124999999946,0.0,10420.354379999999,0.0
2025-08-04,0,78,13:00-13:10,1170.9673666666665,1367.188438095238,1.017,1.0281910714285716,86.03755952380932,534.8595285714281,0.0,0.0,0.0,110.18351190476233,0.0,10519.519540714286,0.0
2025-08-04,0,79,13:10-13:20,1188.978383333333,1344.8619285714285,0.9922,1.0036437500000004,76.20370238095241,492.90727261904675,0.0,0.0,0.0,79.67984285714306,0.0,10591.231399285714,0.0
2025-08-04,0,80,13:20-13:30,1171.725,1312.986607142857,0.9929,1.0017325892857143,77.87744047619067,605.8371410714287,0.0,0.0,0.0,63.38416666666649,0.0,10648.277149285714,0.0
2025-08-04,0,81,13:30-13:40,1135.7922666666666,1305.1986047619046,0.8963,0.9047915178571426,90.19631904761914,689.0537904761898,0.0,0.0,0.0,79.21001904761874,0.0,10719.56616642857,0.0
2025-08-04,0,82,13:40-13:50,1147.1656166666667,1290.6021071428572,0.977,0.9998825892857142,70.38234285714293,749.7138035714281,0.0,0.0,0.0,73.05414761904763,0.0,10785.314899285713,0.0
2025-08-04,0,83,13:50-14:00,1184.87,1253.0124999999998,1.2171,1.261695089285714,53.24821428571438,754.3714291666658,0.0,0.0,0.0,14.894285714285616,0.0,10798.71975642857,0.0
2025-08-04,0,84,14:00-14:10,1166.1273999999999,1207.1171476190475,1.2945,1.3453549107142861,39.567254761904906,786.4361166666663,0.0,0.0,0.0,1.4224928571427427,0.0,10800.0,0.0
2025-08-04,0,85,14:10-14:20,1154.2440333333334,1165.4113523809524,1.2505,1.2947468750000002,67.69194523809512,847.3298386904761,0.0,0.0,0.0,0.0,56.524626190476056,10737.19485978836,0.0
2025-08-04,0,86,14:20-14:30,1177.5433333333333,1128.4955357142858,1.2545,1.2944183035714283,76.5543452380951,878.1159083333331,0.0,0.0,0.0,0.0,125.60214285714255,10597.636923280425,0.0
2025-08-04,0,87,14:30-14:40,1198.3833333333332,1089.1802238095238,1.3755,1.4242375000000003,90.11842857142858,869.376726785714,0.0,0.0,0.0,0.0,199.32153809523788,10376.168547619049,0.0
2025-08-04,0,88,14:40-14:50,1205.6719166666667,1052.681288095238,1.18,1.2223232142857139,64.91905952380972,928.2666023809521,0.0,0.0,0.0,0.0,217.90968809523838,10134.046671957673,0.0
2025-08-04,0,89,14:50-15:00,1196.655,1017.2749999999999,0.7829,0.8038111607142856,91.41601190476189,996.5638029761903,270.79601190476205,270.79601190476205,270.79601190476205,0.0,0.0,10134.046671957673,0.0
2025-08-04,0,90,15:00-15:10,1176.9274333333333,972.4864928571429,0.7582,0.7724053571428573,84.74487142857123,1036.6339071428574,1029.1339541740144,1029.1339541740144,1029.1339541740144,739.9481422692528,0.0,10800.0,0.0
2025-08-04,0,91,15:10-15:20,1180.4079499999998,914.1807690476189,0.8297,0.8455915178571425,71.60084761904761,1087.48290952381,337.8280285714286,337.8280285714286,337.8280285714286,0.0,0.0,10800.0,0.0
2025-08-04,0,92,15:20-15:30,1214.8649999999998,855.7767857142858,0.825,0.8429910714285714,61.73988095238087,1104.0489136904762,420.8280952380949,420.8280952380949,420.8280952380949,0.0,0.0,10800.0,0.0
2025-08-04,0,93,15:30-15:40,1246.2934166666666,816.700538095238,0.8567,0.8761741071428572,72.62148809523819,1097.3533630952381,502.2143666666668,502.2143666666668,502.2143666666668,0.0,0.0,10800.0,0.0
2025-08-04,0,94,15:40-15:50,1211.84575,777.80775,0.8882,0.9048285714285715,77.1067071428572,1136.4003125000002,511.1447071428571,511.1447071428571,511.1447071428571,0.0,0.0,10800.0,0.0
2025-08-04,0,95,15:50-16:00,1163.9216666666666,729.0375,0.9206,0.934063392857143,57.16928571428571,1214.36095952381,492.0534523809523,492.0534523809523,492.0534523809523,0.0,0.0,10800.0,0.0
2025-08-04,0,96,16:00-16:10,1216.3172833333333,678.4531023809523,0.9917,1.0091160714285714,62.18297619047621,1336.0977154761908,600.0471571428573,600.0471571428573,600.0471571428573,0.0,-0.0,10800.0,0.0
2025-08-04,0,97,16:10-16:20,1246.48365,630.8312547619048,0.9826,0.9992464285714286,49.333340476190415,1454.5218440476194,664.9857357142855,664.9857357142855,664.9857357142855,0.0,0.0,10800.0,0.0
2025-08-04,0,98,16:20-16:30,1217.9516666666666,585.7571428571428,0.948,0.9609321428571426,66.5388095238095,1471.1544541666674,698.7333333333333,698.7333333333333,698.7333333333333,0.0,0.0,10800.0,0.0
2025-08-04,0,99,16:30-16:40,1213.4213666666665,539.387407142857,1.054,1.073319642857143,74.82869523809518,1543.4712511904768,748.8626547619047,748.8626547619047,748.8626547619047,0.0,-0.0,10800.0,0.0
2025-08-04,0,100,16:40-16:50,1209.1405666666665,490.92938095238094,1.0718,1.0924022321428566,53.58042619047603,1595.1218363095245,771.7916119047615,771.7916119047615,771.7916119047615,0.0,-0.0,10800.0,0.0
2025-08-04,0,101,16:50-17:00,1219.1566666666665,443.04375000000005,0.9984,1.0129513392857143,60.655178571428564,1613.8957017857144,836.7680952380949,836.7680952380949,836.7680952380949,-0.0,0.0,10800.0,0.0
2025-08-04,0,102,17:00-17:10,1278.65195,398.6242142857143,1.0619,1.076673660714286,54.80979523809515,1641.1024744047622,934.8375309523808,934.8375309523808,934.8375309523808,0.0,0.0,10800.0,0.0
2025-08-04,0,103,17:10-17:20,1253.7504166666665,351.25961190476187,1.1178,1.1355727678571428,54.47453809523836,1719.53685,956.965342857143,956.965342857143,956.965342857143,0.0,0.0,10800.0,0.0
2025-08-04,0,104,17:20-17:30,1206.2866666666666,299.9767857142857,1.1169,1.1369004464285715,63.37273809523805,1791.9014488095238,969.6826190476189,969.6826190476189,969.6826190476189,0.0,0.0,10800.0,0.0
2025-08-04,0,105,17:30-17:40,1303.8783833333332,250.83291904761904,1.1719,1.1930933035714288,52.23540238095245,1796.4023958333332,1105.2808666666667,1105.2808666666667,1105.2808666666667,0.0,0.0,10800.0,0.0
2025-08-04,0,106,17:40-17:50,1204.7777999999998,206.66330714285712,1.2744,1.291162946428571,57.52838809523814,1779.7624553571427,1055.642880952381,1055.642880952381,1055.642880952381,0.0,-0.0,10800.0,0.0
2025-08-04,0,107,17:50-18:00,944.6999999999999,165.5392857142857,1.3602,1.3720973214285714,35.3358333333332,1750.0152220238094,814.4965476190474,814.4965476190474,814.4965476190474,0.0,-0.0,10800.0,0.0
2025-08-04,0,108,18:00-18:10,921.6194,123.45147857142855,1.3691,1.3858500000000007,41.05815238095232,1669.3609630952383,839.2260738095239,839.2260738095239,839.2260738095239,0.0,0.0,10800.0,0.0
2025-08-04,0,109,18:10-18:20,961.5731833333332,83.38737857142857,1.3497,1.3681450892857139,62.010095238095346,1685.6087154761901,940.1958999999999,940.1958999999999,940.1958999999999,0.0,0.0,10800.0,0.0
2025-08-04,0,110,18:20-18:30,940.7466666666666,46.21875000000001,1.3429,1.3564441964285712,44.43797619047609,1773.2679166666665,938.9658928571426,938.9658928571426,938.9658928571426,0.0,0.0,10800.0,0.0
2025-08-04,0,111,18:30-18:40,919.0216666666666,12.722390476190476,1.364,1.3777464285714285,42.86299523809521,1759.8400297619046,949.1622714285713,949.1622714285713,949.1622714285713,0.0,0.0,10800.0,0.0
2025-08-04,0,112,18:40-18:50,897.8061333333333,0.033749999999999995,1.4601,1.4889772321428574,43.7426857142857,1692.3335244047616,941.5150690476189,941.5150690476189,941.5150690476189,0.0,0.0,10800.0,0.0
2025-08-04,0,113,18:50-19:00,897.52,0.0,1.5867,1.6343915178571429,66.96982142857132,1735.268258928571,964.4898214285713,964.4898214285713,964.4898214285713,0.0,0.0,10800.0,0.0
2025-08-04,0,114,19:00-19:10,944.4773,0.47501666666666664,1.6346,1.6824776785714286,34.187999999999874,1746.686339285714,144.85694999999998,144.85694999999998,144.85694999999998,0.0,833.3333333333333,9874.074074074075,0.0
2025-08-04,0,115,19:10-19:20,950.5656666666666,0.0,1.6322,1.6761933035714285,41.89246666666668,1674.837394047619,159.12480000000005,159.12480000000005,159.12480000000005,0.0,833.3333333333333,8948.14814814815,0.0
2025-08-04,0,116,19:20-19:30,918.19,0.0,1.6227,1.6686901785714292,46.37166666666667,1727.5844452380952,964.5616666666667,964.5616666666667,964.5616666666667,0.0,0.0,8948.14814814815,0.0
2025-08-04,0,117,19:30-19:40,934.9377333333333,0.0341047619047619,1.6235,1.6732937500000002,35.50663333333341,1764.7598619047621,288.0857553571425,288.0857553571425,288.0857553571425,0.0,682.3245065476194,8190.009807539684,0.0
2025-08-04,0,118,19:40-19:50,953.3997166666666,0.0,1.6311,1.6824504464285719,43.27037619047621,1752.423561904762,163.33675952380952,163.33675952380952,163.33675952380952,0.0,833.3333333333333,7264.0838816137575,0.0
2025-08-04,0,119,19:50-20:00,944.4083333333333,0.0,1.6364,1.6856116071428573,62.91666666666663,1702.875905357143,173.99166666666667,173.99166666666667,173.99166666666667,0.0,833.3333333333333,6338.157955687831,0.0
2025-08-04,0,120,20:00-20:10,934.3954833333333,0.0024476190476190474,1.6339,1.67900625,41.67605000000003,1656.4250029761902,142.73575238095248,142.73575238095248,142.73575238095248,0.0,833.3333333333333,5412.232029761905,0.0
2025-08-04,0,121,20:10-20:20,956.49885,0.0,1.6365,1.679916071428572,29.86137857142853,1598.1227404761903,153.02689523809522,153.02689523809522,153.02689523809522,0.0,833.3333333333333,4486.306103835979,0.0
2025-08-04,0,122,20:20-20:30,988.625,0.0,1.6826,1.7293339285714293,47.321666666666715,1516.2156809523804,202.61333333333346,202.61333333333346,202.61333333333346,0.0,833.3333333333333,3560.380177910053,0.0
2025-08-04,0,123,20:30-20:40,976.8910166666666,0.0001261904761904762,1.7444,1.7955428571428569,37.40866666666659,1412.522764285714,180.96622380952374,180.96622380952374,180.96622380952374,0.0,833.3333333333333,2634.454251984127,0.0
2025-08-04,0,124,20:40-20:50,963.9670666666666,0.0,1.4703,1.508061160714286,37.984983333333275,1291.008826785714,918.3113607142858,918.3113607142858,918.3113607142858,0.0,83.64068928571405,2541.520152777778,0.0
2025-08-04,0,125,20:50-21:00,981.41,0.0,1.0453,1.0597232142857145,60.15833333333342,1207.3681375,1041.5683333333334,1041.5683333333334,1041.5683333333334,0.0,0.0,2541.520152777778,0.0
2025-08-04,0,126,21:00-21:10,1019.5195333333332,0.0,1.0419,1.0517508928571433,40.16573333333338,1176.8393875,1059.6852666666666,1059.6852666666666,1059.6852666666666,0.0,0.0,2541.520152777778,0.0
2025-08-04,0,127,21:10-21:20,1047.6977166666666,0.0,1.1302,1.1451473214285717,43.37746666666658,1113.7799708333337,956.1380916666666,956.1380916666666,956.1380916666666,0.0,134.9370916666666,2391.5900509259263,0.0
2025-08-04,0,128,21:20-21:30,1045.2783333333332,0.0,1.1222,1.1398241071428574,54.49000000000001,1072.4310458333334,1059.376666666666,1059.376666666666,1059.376666666666,0.0,40.391666666667014,2346.7104212962963,0.0
2025-08-04,0,129,21:30-21:40,1001.8346166666666,0.0,1.118,1.1326812499999999,36.719749999999976,1032.0393791666668,921.2182750000003,921.2182750000003,921.2182750000003,0.0,117.33609166666642,2216.3369861111114,0.0
2025-08-04,0,130,21:40-21:50,892.7450666666666,0.0,0.8895,0.9006874999999998,32.0923499999999,914.7032875000001,835.742520833333,835.742520833333,835.742520833333,0.0,89.09489583333361,2117.3426574074074,0.0
2025-08-04,0,131,21:50-22:00,778.29,0.0,0.5633,0.5737660714285715,56.10666666666668,825.6083916666665,847.7716666666665,847.7716666666665,847.7716666666665,13.374999999999899,0.0,2129.3801574074073,0.0
2025-08-04,0,132,22:00-22:10,760.4158166666666,0.0,0.5422,0.55414375,37.10543333333328,836.4421416666667,1630.8545833333333,1630.8545833333333,1630.8545833333333,833.3333333333333,0.0,2879.3801574074073,0.0
2025-08-04,0,133,22:10-22:20,758.0406166666667,0.0,0.5818,0.5960986607142855,35.94258333333346,761.7429583333333,793.9832000000001,793.9832000000001,793.9832000000001,0.0,0.0,2879.3801574074073,0.0
2025-08-04,0,134,22:20-22:30,751.5916666666667,0.0,0.5551,0.5712950892857143,49.46333333333325,648.1055250000003,935.077047325103,935.077047325103,935.077047325103,134.022047325103,0.0,3000.0,0.0
2025-08-04,0,135,22:30-22:40,788.8101499999999,0.0,0.5704,0.5870017857142855,52.64501666666672,558.8623,841.4551666666666,841.4551666666666,841.4551666666666,0.0,0.0,3000.0,0.0
2025-08-04,0,136,22:40-22:50,761.6251666666667,0.0,0.5454,0.5604566964285714,50.7863000000001,493.7908166666666,1645.7448,1645.7448,1645.7448,833.3333333333333,0.0,3750.0,0.0
2025-08-04,0,137,22:50-23:00,701.3783333333333,0.0,0.4905,0.5026517857142859,58.85500000000002,425.21011250000026,1593.5666666666666,1593.5666666666666,1593.5666666666666,833.3333333333333,0.0,4500.0,0.0
2025-08-04,0,138,23:00-23:10,755.9114,0.0,0.5185,0.5283674107142857,34.991033333333235,394.5875541666667,1624.2357666666664,1624.2357666666664,1624.2357666666664,833.3333333333333,0.0,5250.0,0.0
2025-08-04,0,139,23:10-23:20,824.5286666666666,0.0,0.5809,0.5926861607142857,38.25193333333323,330.01908750000024,862.7805999999998,862.7805999999998,862.7805999999998,0.0,0.0,5250.0,0.0
2025-08-04,0,140,23:20-23:30,826.1883333333333,0.0,0.625,0.6406499999999999,40.92666666666662,252.54178333333334,867.1149999999999,867.1149999999999,867.1149999999999,0.0,0.0,5250.0,0.0
2025-08-04,0,141,23:30-23:40,778.4903333333333,0.0,0.6361,0.6514428571428572,50.73005000000012,202.9015583333332,829.2203833333334,829.2203833333334,829.2203833333334,0.0,0.0,5250.0,0.0
2025-08-04,0,142,23:40-23:50,754.8169833333333,0.0,0.6008,0.6149321428571427,57.044116666666696,118.71921666666674,811.8611,811.8611,811.8611,0.0,0.0,5250.0,0.0
2025-08-04,0,143,23:50-24:00,756.5233333333333,0.0,0.5359,0.5494129464285715,44.508333333333326,74.8495833333333,1634.3649999999998,1634.3649999999998,1634.3649999999998,833.3333333333333,0.0,6000.0,0.0
2025-08-05,0,0,0:00-0:10,733.5193833333333,0.0,0.4966,0.5082174107142855,44.77388333333329,1687.101170238095,778.2932666666666,778.2932666666666,778.2932666666666,0.0,0.0,7529.296376865079,0.0
2025-08-05,0,1,0:10-0:20,763.8161499999999,0.0,0.5602,0.5745937500000001,31.920116666666672,1703.2899333333337,795.7362666666666,795.7362666666666,795.7362666666666,0.0,0.0,7529.296376865079,0.0
2025-08-05,0,2,0:20-0:30,814.4066666666665,0.0,0.6302,0.647146875,50.613333333333344,1677.2459958333336,31.68666666666661,31.68666666666661,31.68666666666661,0.0,833.3333333333333,6603.370450939153,0.0
2025-08-05,0,3,0:30-0:40,764.4804,0.0,0.5322,0.5436200892857144,26.65786666666679,1651.2501625,791.1382666666668,791.1382666666668,791.1382666666668,0.0,0.0,6603.370450939153,0.0
2025-08-05,0,4,0:40-0:50,712.8600166666666,0.0,0.4845,0.494586607142857,45.16936666666663,1618.4309321428584,758.0293833333333,758.0293833333333,758.0293833333333,0.0,0.0,6603.370450939153,0.0
2025-08-05,0,5,0:50-1:00,699.6483333333333,0.0,0.5385,0.5517683035714286,62.038333333333185,1636.400711309525,761.6866666666665,761.6866666666665,761.6866666666665,0.0,0.0,6603.370450939153,0.0
2025-08-05,0,6,1:00-1:10,678.0967666666666,0.0,0.5292,0.5386575892857145,60.14996666666673,1661.2783166666673,738.2467333333333,738.2467333333333,738.2467333333333,0.0,0.0,6603.370450939153,0.0
2025-08-05,0,7,1:10-1:20,709.5212833333333,0.0,0.4934,0.500930357142857,60.59713333333343,1567.9262571428571,770.1184166666667,770.1184166666667,770.1184166666667,0.0,0.0,6603.370450939153,0.0
2025-08-05,0,8,1:20-1:30,761.3283333333334,0.0,0.4976,0.5089245535714286,56.945000000000164,1521.8603523809525,818.2733333333335,818.2733333333335,818.2733333333335,0.0,0.0,6603.370450939153,0.0
2025-08-05,0,9,1:30-1:40,733.7461166666667,0.0,0.5601,0.5746035714285714,49.01044999999988,1542.0654119047617,782.7565666666666,782.7565666666666,782.7565666666666,0.0,0.0,6603.370450939153,0.0
2025-08-05,0,10,1:40-1:50,740.0967,0.0,0.6059,0.6179075892857142,47.14298333333329,1480.5214904761901,0.0,0.0,0.0,0.0,787.2396833333333,5728.6596916798935,0.0
2025-08-05,0,11,1:50-2:00,789.9716666666666,0.0,0.6028,0.6112254464285714,50.058333333333394,1415.4896880952383,6.696666666666715,6.696666666666715,6.696666666666715,0.0,833.3333333333333,4802.733765753967,0.0
2025-08-05,0,12,2:00-2:10,770.44255,0.0,0.5782,0.5905870535714286,55.527933333333294,1379.6428279761908,825.9704833333333,825.9704833333333,825.9704833333333,0.0,0.0,4802.733765753967,0.0
2025-08-05,0,13,2:10-2:20,712.1759,0.0,0.5327,0.5453075892857143,40.53809999999987,1338.6607934523806,752.7139999999998,752.7139999999998,752.7139999999998,0.0,0.0,4802.733765753967,0.0
2025-08-05,0,14,2:20-2:30,690.0416666666666,0.0,0.4962,0.5050549107142857,49.014999999999986,1289.106794642857,739.0566666666666,739.0566666666666,739.0566666666666,0.0,0.0,4802.733765753967,0.0
2025-08-05,0,15,2:30-2:40,739.33925,0.0,0.5082,0.5196098214285716,35.61771666666675,1238.2868410714289,774.9569666666667,774.9569666666667,774.9569666666667,0.0,0.0,4802.733765753967,0.0
2025-08-05,0,16,2:40-2:50,719.9301666666667,0.0,0.5037,0.5124566964285714,45.59465,1128.8335452380945,765.5248166666667,765.5248166666667,765.5248166666667,0.0,0.0,4802.733765753967,0.0
2025-08-05,0,17,2:50-3:00,654.835,0.0,0.4816,0.48415357142857135,53.508333333333326,1076.3872232142865,708.3433333333334,708.3433333333334,708.3433333333334,0.0,0.0,4802.733765753967,0.0
2025-08-05,0,18,3:00-3:10,703.63125,0.0,0.5029,0.5096133928571429,34.021433333333334,1029.737583333334,737.6526833333334,737.6526833333334,737.6526833333334,0.0,0.0,4802.733765753967,0.0
2025-08-05,0,19,3:10-3:20,749.5168999999999,0.00015714285714285713,0.5177,0.5272749999999997,51.98994999999991,946.2322327380958,801.5066928571426,801.5066928571426,801.5066928571426,0.0,0.0,4802.733765753967,0.0
2025-08-05,0,20,3:20-3:30,735.2583333333333,0.0,0.5067,0.5140946428571429,49.31999999999982,904.0281285714291,784.5783333333331,784.5783333333331,784.5783333333331,0.0,0.0,4802.733765753967,0.0
2025-08-05,0,21,3:30-3:40,722.71135,0.0,0.5047,0.5129089285714283,44.70804047619049,876.0272952380956,767.4193904761905,767.4193904761905,767.4193904761905,0.0,0.0,4802.733765753967,0.0
2025-08-05,0,22,3:40-3:50,725.5216499999999,0.002745238095238095,0.5251,0.5343196428571428,33.83775000000003,800.0248720238098,759.3566547619047,759.3566547619047,759.3566547619047,0.0,0.0,4802.733765753967,0.0
2025-08-05,0,23,3:50-4:00,725.3649999999999,0.0,0.5308,0.5390116071428571,41.42666666666673,678.7583303571432,766.7916666666666,766.7916666666666,766.7916666666666,0.0,0.0,4802.733765753967,0.0
2025-08-05,0,24,4:00-4:10,699.68805,0.0,0.477,0.48371830357142853,41.3756309523809,601.0192845238091,1571.359496781306,1571.359496781306,1571.359496781306,830.295815828925,0.0,5550.0,0.0
2025-08-05,0,25,4:10-4:20,681.20885,0.03822380952380952,0.4582,0.4654303571428571,53.74806666666666,532.2283208333329,1568.252026190476,1568.252026190476,1568.252026190476,833.3333333333333,0.0,6300.0,0.0
2025-08-05,0,26,4:20-4:30,677.3966666666666,0.0,0.4711,0.48,70.51666666666665,478.50845773809544,1581.2466666666664,1581.2466666666664,1581.2466666666664,833.3333333333333,0.0,7050.0,0.0
2025-08-05,0,27,4:30-4:40,666.7136833333333,0.0,0.4303,0.4387781250000002,48.26339999999993,453.79247738095194,1548.3104166666665,1548.3104166666665,1548.3104166666665,833.3333333333333,0.0,7800.0,0.0
2025-08-05,0,28,4:40-4:50,667.3347,0.5323642857142858,0.451,0.45835625,38.90764999999999,422.21409761904715,1539.043319047619,1539.043319047619,1539.043319047619,833.3333333333333,0.0,8550.0,0.0
2025-08-05,0,29,4:50-5:00,677.355,0.0,0.5256,0.5327129464285713,65.56642857142856,403.1193255952379,742.9214285714286,742.9214285714286,742.9214285714286,0.0,0.0,8550.0,0.0
2025-08-05,0,30,5:00-5:10,674.58395,0.0,0.5174,0.5249696428571429,43.43794047619053,409.1391994047614,718.0218904761905,718.0218904761905,718.0218904761905,0.0,0.0,8550.0,0.0
2025-08-05,0,31,5:10-5:20,676.3849,12.156311904761903,0.4703,0.4760861607142856,41.14326904761913,409.4074160714291,1538.7051904761906,1538.7051904761906,1538.7051904761906,833.3333333333333,0.0,9300.0,0.0
2025-08-05,0,32,5:20-5:30,686.2399999999999,46.717857142857135,0.4247,0.42852767857142854,30.740476190476215,390.7663738095235,1503.5959523809522,1503.5959523809522,1503.5959523809522,833.3333333333333,0.0,10050.0,0.0
2025-08-05,0,33,5:30-5:40,697.138,85.97341666666667,0.4164,0.42261785714285705,44.40222142857158,338.8599898809521,1488.9001380952382,1488.9001380952382,1488.9001380952382,833.3333333333333,0.0,10800.0,0.0
2025-08-05,0,34,5:40-5:50,753.0355500000001,128.3829333333333,0.6424,0.6473955357142855,42.39209999999997,309.1848625000002,667.0447166666668,667.0447166666668,667.0447166666668,0.0,0.0,10800.0,0.0
2025-08-05,0,35,5:50-6:00,831.8333333333333,173.12767857142856,0.947,0.948663392857143,40.92720238095228,416.86121190476206,0.0,0.0,0.0,0.0,699.632857142857,10022.630158730159,0.0
2025-08-05,0,36,6:00-6:10,856.3766666666667,217.6151666666667,0.9441,0.9497464285714285,33.32984285714292,499.1120005952382,0.0,0.0,0.0,0.0,672.0913428571429,9275.862,0.0
2025-08-05,0,37,6:10-6:20,845.2713333333332,263.7482880952381,0.8875,0.895527232142857,36.35771190476191,543.1243130952382,0.0,0.0,0.0,0.0,617.8807571428571,8589.327825396824,0.0
2025-08-05,0,38,6:20-6:30,835.8016666666667,311.57678571428573,0.8987,0.903972767857143,55.05404761904765,568.6434029761904,0.0,0.0,0.0,0.0,579.2789285714287,7945.68457142857,0.0
2025-08-05,0,39,6:30-6:40,846.5213666666666,358.7329428571428,0.853,0.8560718749999998,48.541159523809426,592.5118255952382,0.0,0.0,0.0,0.0,536.3295833333333,7349.762812169311,0.0
2025-08-05,0,40,6:40-6:50,847.54945,405.2426833333333,0.8232,0.8267499999999999,46.08826190476191,662.5913220238095,0.0,0.0,0.0,0.0,488.3950285714286,6807.101669312167,0.0
2025-08-05,0,41,6:50-7:00,841.6916666666666,452.36785714285713,0.8065,0.8113848214285716,35.82976190476188,751.7688523809521,0.0,0.0,0.0,0.0,425.15357142857135,6334.7088121693105,0.0
2025-08-05,0,42,7:00-7:10,860.4547333333333,500.36272857142865,0.7273,0.7312602678571426,34.23211666666663,799.9794178571427,394.3241214285712,394.3241214285712,394.3241214285712,0.0,0.0,6334.7088121693105,0.0
2025-08-05,0,43,7:10-7:20,872.0083,543.4984833333333,0.719,0.7232080357142857,43.8354976190476,833.4677226190475,372.34531428571427,372.34531428571427,372.34531428571427,0.0,0.0,6334.7088121693105,0.0
2025-08-05,0,44,7:20-7:30,845.7549999999999,585.1312499999999,0.7405,0.7463674107142856,47.68392857142862,865.1892988095237,308.3076785714286,308.3076785714286,308.3076785714286,0.0,0.0,6334.7088121693105,0.0
2025-08-05,0,45,7:30-7:40,808.9335666666666,633.6665476190476,0.6573,0.6629602678571432,50.620959523809404,908.2950238095239,225.88797857142845,225.88797857142845,225.88797857142845,0.0,0.0,6334.7088121693105,0.0
2025-08-05,0,46,7:40-7:50,936.7102666666666,676.1908928571428,0.8485,0.8540968750000003,50.681826190476215,970.8952607142853,0.0,0.0,0.0,0.0,311.2012000000001,5988.9297010581995,0.0
2025-08-05,0,47,7:50-8:00,1141.1516666666666,713.2883928571428,1.202,1.2078375000000001,54.37446428571428,1004.5374113095239,0.0,0.0,0.0,0.0,482.2377380952382,5453.109992063491,0.0
2025-08-05,0,48,8:00-8:10,1146.8574166666667,759.2844380952381,1.1945,1.1988821428571428,52.89240952380953,992.0827125000001,0.0,0.0,0.0,0.0,440.46538809523804,4963.704005291004,0.0
2025-08-05,0,49,8:10-8:20,1119.7213333333334,808.0714833333333,1.1318,1.1351517857142859,59.84654523809513,1021.0960452380956,0.0,0.0,0.0,0.0,371.49639523809526,4550.930232804231,0.0
2025-08-05,0,50,8:20-8:30,1148.32,856.7955357142857,1.1468,1.1503910714285712,78.83345238095251,992.1983714285712,0.0,0.0,0.0,0.0,370.3579166666666,4139.421436507935,0.0
2025-08-05,0,51,8:30-8:40,1152.9225666666666,911.124730952381,1.0625,1.0664035714285716,61.1869190476192,1005.8298446428573,0.0,0.0,0.0,0.0,302.9847547619047,3802.7717089947078,0.0
2025-08-05,0,52,8:40-8:50,1143.6021833333332,975.6415071428571,1.0061,1.0103111607142858,73.60527619047627,977.4851779761908,0.0,0.0,0.0,0.0,241.56595238095247,3534.365095238094,0.0
2025-08-05,0,53,8:50-9:00,1138.8,1034.2178571428572,1.0267,1.0307928571428573,87.40327380952368,942.952704166667,0.0,0.0,0.0,0.0,191.98541666666642,3321.0479656084644,0.0
2025-08-05,0,54,9:00-9:10,1140.3036333333332,1065.0681785714285,1.037,1.0403808035714286,95.85660000000001,912.227704166667,0.0,0.0,0.0,0.0,171.09205476190482,3130.9456825396815,0.0
2025-08-05,0,55,9:10-9:20,1147.5569666666665,1103.0820999999996,1.035,1.0398995535714286,83.08651190476189,870.5884940476194,0.0,0.0,0.0,0.0,127.5613785714288,2989.2108174603163,0.0
2025-08-05,0,56,9:20-9:30,1149.2649999999999,1150.3660714285713,1.0171,1.0219540178571425,66.2509523809521,882.5393321428572,0.0,0.0,0.0,0.0,65.14988095238073,2916.82206084656,0.0
2025-08-05,0,57,9:30-9:40,1138.6841333333332,1173.9394666666665,0.9939,0.9935870535714288,74.4899000000001,834.044219047619,0.0,0.0,0.0,0.0,39.23456666666675,2873.228097883597,0.0
2025-08-05,0,58,9:40-9:50,1164.5135666666665,1188.7682523809524,1.1207,1.1351495535714284,74.66278809523828,816.1964803571421,0.0,0.0,0.0,0.0,50.408102380952414,2817.2190952380943,0.0
2025-08-05,0,59,9:50-10:00,1196.4833333333331,1213.0589285714284,1.3076,1.348024107142857,66.47696428571415,773.8858452380948,0.0,0.0,0.0,0.0,49.9013690476188,2761.773129629629,0.0
2025-08-05,0,60,10:00-10:10,1151.5090666666665,1247.8301714285715,1.2879,1.3294834821428572,65.16562380952382,674.5516636904756,0.0,0.0,0.0,31.15548095238114,0.0,2789.8130624867717,0.0
2025-08-05,0,61,10:10-10:20,1103.9538499999999,1264.5568904761903,1.2091,1.245159821428572,77.93533571428577,747.7111922619041,0.0,0.0,0.0,82.66770476190459,0.0,2864.213996772486,0.0
2025-08-05,0,62,10:20-10:30,1098.76,1276.3258928571427,1.2205,1.2575776785714283,85.67422619047613,850.8184035714282,0.0,0.0,0.0,91.89166666666642,0.0,2946.916496772486,0.0
2025-08-05,0,63,10:30-10:40,1111.5253833333331,1319.0887142857143,1.2842,1.3215870535714285,94.77828333333318,884.8633202380948,0.0,0.0,0.0,112.7850476190481,0.0,3048.4230396296293,0.0
2025-08-05,0,64,10:40-10:50,1120.4269833333333,1329.0048023809522,1.0607,1.0851200892857145,91.20176666666666,772.8435089285708,0.0,0.0,0.0,117.37605238095239,0.0,3154.0614867724867,0.0
2025-08-05,0,65,10:50-11:00,1121.9016666666666,1315.3241071428572,0.6768,0.6826245535714285,101.34440476190471,683.9559077380941,0.0,0.0,0.0,92.07803571428576,0.0,3236.931718915344,0.0
2025-08-05,0,66,11:00-11:10,1127.415433333333,1351.537457142857,0.6167,0.6197839285714287,103.9764452380952,643.3379684523804,713.1877547619047,713.1877547619047,713.1877547619047,833.3333333333333,0.0,3986.931718915344,0.0
2025-08-05,0,67,11:10-11:20,1140.7084666666665,1377.1774738095237,0.6411,0.6488281249999999,102.59410476190503,691.4223619047605,0.0,0.0,0.0,133.8749023809521,0.0,4107.419131058201,0.0
2025-08-05,0,68,11:20-11:30,1153.1666666666665,1374.1392857142857,0.6061,0.6171366071428572,112.20178571428562,860.1609886904753,724.5624999999995,724.5624999999995,724.5624999999995,833.3333333333333,0.0,4857.419131058201,0.0
2025-08-05,0,69,11:30-11:40,1151.0735666666665,1386.0283619047618,0.6107,0.6226370535714288,105.64270000000018,836.6900607142854,672.976384538509,672.976384538509,672.976384538509,802.2884797766043,0.0,5579.478762857145,0.0
2025-08-05,0,70,11:40-11:50,1140.8145666666665,1396.8095238095239,0.6023,0.6123611607142857,101.12643095238067,730.1995553571423,678.4648071428564,678.4648071428564,678.4648071428564,833.3333333333333,0.0,6329.478762857145,0.0
2025-08-05,0,71,11:50-12:00,1123.92,1403.338392857143,0.5576,0.5646098214285713,109.06773809523833,669.8380898809517,662.9826785714288,662.9826785714288,662.9826785714288,833.3333333333333,0.0,7079.478762857145,0.0
2025-08-05,0,72,12:00-12:10,1098.3096666666665,1423.3030666666666,0.5235,0.5287928571428572,116.3941571428569,620.5927624999996,624.73409047619,624.73409047619,624.73409047619,833.3333333333333,0.0,7829.478762857145,0.0
2025-08-05,0,73,12:10-12:20,1086.2183,1443.5293476190475,0.5398,0.5434946428571429,98.92711666666659,592.2136119047608,574.9494023809523,574.9494023809523,574.9494023809523,833.3333333333333,0.0,8579.478762857145,0.0
2025-08-05,0,74,12:20-12:30,1088.4299999999998,1451.7651785714288,0.5641,0.5660013392857144,104.77017857142862,520.1419940476179,574.768333333333,574.768333333333,574.768333333333,833.3333333333333,0.0,9329.478762857145,0.0
2025-08-05,0,75,12:30-12:40,1088.7490666666665,1446.609888095238,0.5425,0.5436906250000001,117.05731666666668,475.6640613095232,592.5298285714284,592.5298285714284,592.5298285714284,833.3333333333333,0.0,10079.478762857145,0.0
2025-08-05,0,76,12:40-12:50,1112.45805,1434.1153738095238,0.6847,0.6863674107142858,110.33663095238117,544.9606380952374,0.0,0.0,0.0,211.3206928571426,0.0,10269.667386428573,0.0
2025-08-05,0,77,12:50-13:00,1169.145,1418.8464285714285,0.9392,0.9429508928571433,90.64672619047647,532.668571428571,0.0,0.0,0.0,159.054702380952,0.0,10412.816618571429,0.0
2025-08-05,0,78,13:00-13:10,1226.2256666666667,1400.4352785714284,1.0186,1.0258964285714283,86.03755952380932,540.815421428571,0.0,0.0,0.0,88.17205238095244,0.0,10492.171465714286,0.0
2025-08-05,0,79,13:10-13:20,1194.7705833333332,1372.5404666666668,0.9985,1.0061348214285715,76.20370238095241,498.98763154761826,0.0,0.0,0.0,101.56618095238127,0.0,10583.581028571429,0.0
2025-08-05,0,80,13:20-13:30,1128.4183333333333,1344.404464285714,0.9661,0.9704491071428574,72.94125000000008,621.2933208333337,0.0,0.0,0.0,143.0448809523807,0.0,10712.32142142857,0.0
2025-08-05,0,81,13:30-13:40,1173.1887833333333,1332.5592,0.9526,0.9567874999999998,90.19631904761914,709.7846690476186,0.0,0.0,0.0,69.17409761904742,0.0,10774.578109285714,0.0
2025-08-05,0,82,13:40-13:50,1223.9170333333332,1315.3255642857143,1.0855,1.1056080357142857,70.38234285714293,771.7095702380952,0.0,0.0,0.0,21.02618809523824,0.0,10793.501678571429,0.0
2025-08-05,0,83,13:50-14:00,1218.96,1279.4285714285713,1.2807,1.3236803571428573,53.24821428571438,779.1851624999995,0.0,0.0,0.0,7.220357142856983,0.0,10800.0,0.0
2025-08-05,0,84,14:00-14:10,1199.1636166666667,1232.9301547619048,1.2996,1.347348660714286,39.567254761904906,811.24985,0.0,0.0,0.0,0.0,5.800716666666858,10793.55475925926,0.0
2025-08-05,0,85,14:10-14:20,1183.8168166666665,1195.6163642857143,1.23,1.2700580357142857,67.69194523809512,872.1435720238097,0.0,0.0,0.0,0.0,55.89239761904719,10731.452095238095,0.0
2025-08-05,0,86,14:20-14:30,1200.0249999999999,1166.1919642857142,1.2395,1.2757223214285713,76.5543452380951,902.9296416666666,0.0,0.0,0.0,0.0,110.38738095238068,10608.79944973545,0.0
2025-08-05,0,87,14:30-14:40,1257.4053833333332,1126.374883333333,1.3606,1.4059102678571433,90.11842857142858,894.1904601190477,0.0,0.0,0.0,0.0,221.14892857142877,10363.078417989418,0.0
2025-08-05,0,88,14:40-14:50,1245.2849666666666,1084.578457142857,1.1367,1.175054910714286,64.91905952380972,953.0803357142859,0.0,0.0,0.0,0.0,225.62556904761936,10112.38334126984,0.0
2025-08-05,0,89,14:50-15:00,1187.3333333333333,1042.3,0.7101,0.7267013392857143,91.41601190476189,1021.3775363095242,236.44934523809525,236.44934523809525,236.44934523809525,0.0,0.0,10112.38334126984,0.0
2025-08-05,0,90,15:00-15:10,1212.2752999999998,989.9132166666666,0.7058,0.7168638392857145,84.74487142857123,1062.8574619047624,1071.1254644620817,1071.1254644620817,1071.1254644620817,764.0185097001772,0.0,10800.0,0.0
2025-08-05,0,91,15:10-15:20,1216.7107166666665,928.9898952380952,0.8068,0.8199517857142854,71.60084761904761,1113.706464285715,359.321669047619,359.321669047619,359.321669047619,0.0,0.0,10800.0,0.0
2025-08-05,0,92,15:20-15:30,1172.6916666666666,870.5678571428571,0.7952,0.8098071428571428,61.73988095238087,1130.2724684523814,363.8636904761904,363.8636904761904,363.8636904761904,0.0,0.0,10800.0,0.0
2025-08-05,0,93,15:30-15:40,1169.1703833333331,826.7903785714285,0.7824,0.7987290178571428,72.62148809523819,1123.5769178571431,415.0014928571428,415.0014928571428,415.0014928571428,0.0,0.0,10800.0,0.0
2025-08-05,0,94,15:40-15:50,1218.6827666666666,788.3314452380953,0.8239,0.8376656249999997,77.1067071428572,1162.6238672619052,507.4580285714285,507.4580285714285,507.4580285714285,0.0,0.0,10800.0,0.0
2025-08-05,0,95,15:50-16:00,1248.3533333333332,744.2008928571428,0.8916,0.9021138392857138,57.16928571428571,1240.5845142857152,561.3217261904762,561.3217261904762,561.3217261904762,0.0,-0.0,10800.0,0.0
2025-08-05,0,96,16:00-16:10,1180.2130499999998,691.3604357142858,0.918,0.9326803571428574,62.18297619047621,1362.321270238096,551.0355904761902,551.0355904761902,551.0355904761902,0.0,-0.0,10800.0,0.0
2025-08-05,0,97,16:10-16:20,1166.9145666666666,642.8594714285714,0.9413,0.9561263392857143,49.333340476190415,1480.7453988095242,573.3884357142856,573.3884357142856,573.3884357142856,0.0,-0.0,10800.0,0.0
2025-08-05,0,98,16:20-16:30,1230.9499999999998,601.6008928571428,0.9779,0.9890660714285714,62.45999999999992,1497.3780089285722,691.8091071428571,691.8091071428571,691.8091071428571,0.0,-0.0,10800.0,0.0
2025-08-05,0,99,16:30-16:40,1249.5733666666665,558.178430952381,1.0099,1.0250415178571426,74.82869523809518,1569.665996428572,766.2236309523807,766.2236309523807,766.2236309523807,0.0,-0.0,10800.0,0.0
2025-08-05,0,100,16:40-16:50,1268.2237666666665,510.55543571428575,1.0726,1.089467857142857,53.58042619047603,1622.0333386904767,811.2487571428567,811.2487571428567,811.2487571428567,0.0,-0.0,10800.0,0.0
2025-08-05,0,101,16:50-17:00,1263.2633333333333,460.93482142857147,1.1057,1.1193035714285715,60.655178571428564,1640.8072041666671,862.9836904761905,862.9836904761905,862.9836904761905,0.0,-0.0,10800.0,0.0
2025-08-05,0,102,17:00-17:10,1162.8609,412.19977142857147,1.0197,1.032850892857143,54.31193095238109,1668.013976785715,804.9730595238095,804.9730595238095,804.9730595238095,0.0,0.0,10800.0,0.0
2025-08-05,0,103,17:10-17:20,1145.5430166666665,361.22000238095234,1.0333,1.0484424107142862,45.02455952380933,1745.9504880952384,829.3475738095235,829.3475738095235,829.3475738095235,0.0,0.0,10800.0,0.0
2025-08-05,0,104,17:20-17:30,1234.1633333333332,308.63392857142856,1.1267,1.1440147321428569,56.66851190476177,1808.8651083333336,982.1979166666664,982.1979166666664,982.1979166666664,0.0,-0.0,10800.0,0.0
2025-08-05,0,105,17:30-17:40,1252.3177333333333,259.18240476190476,1.0798,1.0974910714285717,50.97051428571433,1806.6618291666664,1044.1058428571428,1044.1058428571428,1044.1058428571428,0.0,0.0,10800.0,0.0
2025-08-05,0,106,17:40-17:50,1113.0397833333332,212.82968095238095,1.1237,1.1380745535714283,54.71042142857152,1788.757000595238,954.9205238095236,954.9205238095236,954.9205238095236,0.0,0.0,10800.0,0.0
2025-08-05,0,107,17:50-18:00,946.2233333333334,168.29464285714283,1.291,1.3023749999999998,35.3358333333332,1756.1918005952382,813.2645238095238,813.2645238095238,813.2645238095238,0.0,-0.0,10800.0,0.0
2025-08-05,0,108,18:00-18:10,967.0126666666666,124.82916904761905,1.3625,1.377371875,41.05815238095232,1675.5375416666668,883.2416499999998,883.2416499999998,883.2416499999998,0.0,0.0,10800.0,0.0
2025-08-05,0,109,18:10-18:20,974.1561333333334,83.72381904761903,1.3692,1.385832589285714,62.010095238095346,1691.7852940476184,952.4424095238097,952.4424095238097,952.4424095238097,0.0,0.0,10800.0,0.0
2025-08-05,0,110,18:20-18:30,909.4849999999999,45.29017857142857,1.3638,1.3774424107142855,44.43797619047609,1769.522028571428,908.6327976190474,908.6327976190474,908.6327976190474,0.0,0.0,10800.0,0.0
2025-08-05,0,111,18:30-18:40,920.9793,11.690340476190475,1.3812,1.394465625,42.86299523809521,1756.0941416666662,952.1519547619047,952.1519547619047,952.1519547619047,0.0,0.0,10800.0,0.0
2025-08-05,0,112,18:40-18:50,983.6493499999999,0.0,1.5486,1.576283482142857,43.7426857142857,1688.5876363095235,1027.3920357142856,1027.3920357142856,1027.3920357142856,0.0,0.0,10800.0,0.0
2025-08-05,0,113,18:50-19:00,1017.5633333333333,0.0,1.7497,1.7967830357142862,65.55999999999995,1731.5223708333328,249.78999999999996,249.78999999999996,249.78999999999996,0.0,833.3333333333333,9874.074074074075,0.0
2025-08-05,0,114,19:00-19:10,975.2235000000001,0.5189261904761904,1.7172,1.7650303571428572,34.187999999999874,1741.5306297619043,175.55924047619044,175.55924047619044,175.55924047619044,0.0,833.3333333333333,8948.14814814815,0.0
2025-08-05,0,115,19:10-19:20,968.2927333333333,0.0,1.6407,1.6836915178571423,41.89246666666668,1669.6816845238095,1010.1852,1010.1852,1010.1852,0.0,0.0,8948.14814814815,0.0
2025-08-05,0,116,19:20-19:30,1002.3399999999999,0.0,1.6541,1.698079910714286,46.37166666666667,1722.428735714286,215.37833333333333,215.37833333333333,215.37833333333333,0.0,833.3333333333333,8022.2222222222235,0.0
2025-08-05,0,117,19:30-19:40,977.0075499999999,0.03725714285714285,1.7077,1.7571120535714286,35.50663333333341,1759.6041523809527,179.14359285714295,179.14359285714295,179.14359285714295,0.0,833.3333333333333,7096.296296296297,0.0
2025-08-05,0,118,19:40-19:50,949.22995,0.0,1.7111,1.762329017857143,43.27037619047621,1751.7536357142858,159.166992857143,159.166992857143,159.166992857143,0.0,833.3333333333333,6170.370370370371,0.0
2025-08-05,0,119,19:50-20:00,950.1766666666667,0.0,1.6636,1.711169196428571,62.91666666666663,1707.1758958333335,179.7600000000001,179.7600000000001,179.7600000000001,0.0,833.3333333333333,5244.444444444445,0.0
2025-08-05,0,120,20:00-20:10,950.5329166666667,0.0026738095238095236,1.6405,1.6841620535714288,41.67605000000003,1657.3466601190478,306.0366863095235,306.0366863095235,306.0366863095235,0.0,686.1696065476194,4482.033770502646,0.0
2025-08-05,0,121,20:10-20:20,946.5028,0.0,1.6302,1.672083928571429,29.86137857142853,1599.0443976190477,976.3641785714285,976.3641785714285,976.3641785714285,0.0,0.0,4482.033770502646,0.0
2025-08-05,0,122,20:20-20:30,957.0249999999999,0.0,1.6573,1.7016111607142859,43.27166666666676,1517.1373380952377,166.96333333333337,166.96333333333337,166.96333333333337,0.0,833.3333333333333,3556.10784457672,0.0
2025-08-05,0,123,20:30-20:40,995.55865,0.00015476190476190475,1.714,1.7629776785714282,36.6919095238095,1409.3944214285714,198.9170714285715,198.9170714285715,198.9170714285715,0.0,833.3333333333333,2630.1819186507937,0.0
2025-08-05,0,124,20:40-20:50,994.7097999999999,0.0,1.4547,1.4918874999999996,37.984983333333275,1287.163726785714,949.0540940476191,949.0540940476191,949.0540940476191,0.0,83.64068928571405,2537.2478194444448,0.0
2025-08-05,0,125,20:50-21:00,947.5366666666666,0.0,1.0421,1.0571834821428576,60.15833333333342,1203.5230375,1007.695,1007.695,1007.695,0.0,0.0,2537.2478194444448,0.0
2025-08-05,0,126,21:00-21:10,916.6870333333333,0.0,1.0184,1.0278084821428568,40.16573333333338,1172.9942875,956.8527666666666,956.8527666666666,956.8527666666666,0.0,0.0,2537.2478194444448,0.0
2025-08-05,0,127,21:10-21:20,919.4932666666666,0.0,1.0869,1.1002223214285718,43.37746666666658,1109.934870833334,962.8707333333332,962.8707333333332,962.8707333333332,0.0,0.0,2537.2478194444448,0.0
2025-08-05,0,128,21:20-21:30,953.6733333333333,0.0,1.0934,1.1098214285714285,54.49000000000001,1068.5859458333339,1008.1633333333333,1008.1633333333333,1008.1633333333333,0.0,0.0,2537.2478194444448,0.0
2025-08-05,0,129,21:30-21:40,985.4054666666666,0.0,1.1337,1.1488308035714285,36.719749999999976,1028.194279166667,729.4603666666666,729.4603666666666,729.4603666666666,0.0,292.66485,2212.064652777778,0.0
2025-08-05,0,130,21:40-21:50,893.2723166666666,0.0,0.8962,0.9088459821428574,32.0923499999999,910.8581875000003,836.2697708333333,836.2697708333333,836.2697708333333,0.0,89.0948958333332,2113.0703240740745,0.0
2025-08-05,0,131,21:50-22:00,738.2033333333334,0.0,0.5254,0.5367125,56.10666666666668,821.763291666667,1627.6433333333334,1627.6433333333334,1627.6433333333334,833.3333333333333,0.0,2863.0703240740745,0.0
2025-08-05,0,132,22:00-22:10,717.7358999999999,0.0,0.5256,0.5367624999999998,37.10543333333328,832.5970416666669,1588.1746666666663,1588.1746666666663,1588.1746666666663,833.3333333333333,0.0,3613.0703240740745,0.0
2025-08-05,0,133,22:10-22:20,761.8746666666666,0.0,0.603,0.615759375,45.86505,757.8978583333335,807.7397166666666,807.7397166666666,807.7397166666666,0.0,0.0,3613.0703240740745,0.0
2025-08-05,0,134,22:20-22:30,792.7749999999999,0.0,0.5781,0.5932915178571426,49.46333333333325,654.182891666667,842.2383333333331,842.2383333333331,842.2383333333331,0.0,0.0,3613.0703240740745,0.0
2025-08-05,0,135,22:30-22:40,795.6929833333334,0.0,0.5586,0.5748200892857144,52.64501666666672,564.9396666666668,848.3380000000001,848.3380000000001,848.3380000000001,0.0,0.0,3613.0703240740745,0.0
2025-08-05,0,136,22:40-22:50,764.95765,0.0,0.5235,0.5382723214285716,50.7863000000001,499.8681833333334,967.8880343621395,967.8880343621395,967.8880343621395,152.14408436213944,0.0,3750.0,0.0
2025-08-05,0,137,22:50-23:00,736.9849999999999,0.0,0.4865,0.49826919642857137,58.85500000000002,431.287479166667,1629.1733333333332,1629.1733333333332,1629.1733333333332,833.3333333333333,0.0,4500.0,0.0
2025-08-05,0,138,23:00-23:10,762.15065,0.0,0.5092,0.5189758928571429,34.991033333333235,400.66492083333344,1630.4750166666665,1630.4750166666665,1630.4750166666665,833.3333333333333,0.0,5250.0,0.0
2025-08-05,0,139,23:10-23:20,786.7993499999999,0.0,0.5597,0.5706656250000002,38.25193333333323,336.096454166667,825.0512833333331,825.0512833333331,825.0512833333331,0.0,0.0,5250.0,0.0
2025-08-05,0,140,23:20-23:30,778.5666666666666,0.0,0.5814,0.5944674107142857,40.92666666666662,258.6191500000001,819.4933333333332,819.4933333333332,819.4933333333332,0.0,0.0,5250.0,0.0
2025-08-05,0,141,23:30-23:40,756.9463666666667,0.0,0.5441,0.5559620535714287,46.244266666666704,208.97892499999998,803.1906333333334,803.1906333333334,803.1906333333334,0.0,0.0,5250.0,0.0
2025-08-05,0,142,23:40-23:50,755.93085,0.0,0.5254,0.5378178571428572,52.07420000000002,120.31080000000009,1641.3383833333332,1641.3383833333332,1641.3383833333332,833.3333333333333,0.0,6000.0,0.0
2025-08-05,0,143,23:50-24:00,768.0183333333332,0.0,0.5394,0.553621875,47.886666666666656,71.47124999999997,815.9049999999999,815.9049999999999,815.9049999999999,0.0,0.0,6000.0,0.0
2025-08-06,0,0,0:00-0:10,753.78485,0.0,0.5309,0.5422339285714286,44.77388333333329,1696.1804535714282,798.5587333333333,798.5587333333333,798.5587333333333,0.0,0.0,7406.348313611109,0.0
2025-08-06,0,1,0:10-0:20,724.8872833333332,0.0,0.5273,0.5396799107142856,31.920116666666672,1712.3692166666667,756.8073999999999,756.8073999999999,756.8073999999999,0.0,0.0,7406.348313611109,0.0
2025-08-06,0,2,0:20-0:30,715.19,0.0,0.5379,0.5526397321428572,50.613333333333344,1695.483674404762,765.8033333333334,765.8033333333334,765.8033333333334,0.0,0.0,7406.348313611109,0.0
2025-08-06,0,3,0:30-0:40,750.1249666666665,0.0,0.5437,0.5540044642857141,26.65786666666679,1669.4878410714284,776.7828333333333,776.7828333333333,776.7828333333333,0.0,0.0,7406.348313611109,0.0
2025-08-06,0,4,0:40-0:50,786.7667166666666,0.0,0.5664,0.5759888392857143,45.16936666666663,1634.4141107142864,831.9360833333333,831.9360833333333,831.9360833333333,0.0,0.0,7406.348313611109,0.0
2025-08-06,0,5,0:50-1:00,791.4066666666665,0.0,0.5822,0.594628125,62.038333333333185,1652.3838898809531,853.4449999999997,853.4449999999997,853.4449999999997,0.0,0.0,7406.348313611109,0.0
2025-08-06,0,6,1:00-1:10,762.0182,0.0,0.5382,0.546603125,64.32720000000018,1680.5629238095246,826.3454000000002,826.3454000000002,826.3454000000002,0.0,0.0,7406.348313611109,0.0
2025-08-06,0,7,1:10-1:20,718.42215,0.0,0.4867,0.49389642857142885,60.59713333333343,1591.3880976190476,779.0192833333334,779.0192833333334,779.0192833333334,0.0,0.0,7406.348313611109,0.0
2025-08-06,0,8,1:20-1:30,702.3999999999999,0.0,0.484,0.49577276785714275,56.945000000000164,1545.322192857143,759.345,759.345,759.345,0.0,0.0,7406.348313611109,0.0
2025-08-06,0,9,1:30-1:40,741.2395166666666,0.0,0.5408,0.5547540178571428,49.01044999999988,1565.5272523809526,790.2499666666665,790.2499666666665,790.2499666666665,0.0,0.0,7406.348313611109,0.0
2025-08-06,0,10,1:40-1:50,742.7945333333333,0.0,0.5819,0.5912991071428572,47.14298333333329,1503.9833309523808,789.9375166666666,789.9375166666666,789.9375166666666,0.0,0.0,7406.348313611109,0.0
2025-08-06,0,11,1:50-2:00,714.4649999999999,0.0,0.5808,0.5858861607142858,50.058333333333394,1438.9515285714285,764.5233333333333,764.5233333333333,764.5233333333333,0.0,0.0,7406.348313611109,0.0
2025-08-06,0,12,2:00-2:10,746.7437499999999,0.0,0.5742,0.5854776785714286,55.527933333333294,1402.9701595238093,802.2716833333332,802.2716833333332,802.2716833333332,0.0,0.0,7406.348313611109,0.0
2025-08-06,0,13,2:10-2:20,749.3077499999999,0.0,0.5698,0.5814508928571429,42.96491666666668,1361.5845982142853,792.2726666666666,792.2726666666666,792.2726666666666,0.0,0.0,7406.348313611109,0.0
2025-08-06,0,14,2:20-2:30,702.8,0.0,0.5558,0.5625508928571428,33.5766666666666,1314.591925,736.3766666666666,736.3766666666666,736.3766666666666,0.0,0.0,7406.348313611109,0.0
2025-08-06,0,15,2:30-2:40,688.7253000000001,0.0,0.5238,0.5360785714285715,35.61771666666675,1248.602655952381,724.3430166666668,724.3430166666668,724.3430166666668,0.0,0.0,7406.348313611109,0.0
2025-08-06,0,16,2:40-2:50,720.2061333333332,0.0,0.5232,0.5342830357142857,45.59465,1138.7458333333327,765.8007833333332,765.8007833333332,765.8007833333332,0.0,0.0,7406.348313611109,0.0
2025-08-06,0,17,2:50-3:00,758.925,0.0,0.5536,0.5566508928571428,53.26333333333332,1086.2995113095246,812.1883333333333,812.1883333333333,812.1883333333333,0.0,0.0,7406.348313611109,0.0
2025-08-06,0,18,3:00-3:10,752.7806499999999,0.0,0.563,0.5691401785714285,34.021433333333334,1039.404871428572,786.8020833333333,786.8020833333333,786.8020833333333,0.0,0.0,7406.348313611109,0.0
2025-08-06,0,19,3:10-3:20,725.9417833333333,0.00015714285714285713,0.5479,0.5570415178571427,51.98994999999991,955.8995208333339,777.9315761904761,777.9315761904761,777.9315761904761,0.0,0.0,7406.348313611109,0.0
2025-08-06,0,20,3:20-3:30,703.7233333333334,0.0,0.5169,0.5244125000000002,49.31999999999982,913.6954166666671,753.0433333333332,753.0433333333332,753.0433333333332,0.0,0.0,7406.348313611109,0.0
2025-08-06,0,21,3:30-3:40,692.7165666666666,0.0,0.4821,0.49058437500000013,44.70804047619049,885.6945833333336,737.4246071428571,737.4246071428571,737.4246071428571,0.0,0.0,7406.348313611109,0.0
2025-08-06,0,22,3:40-3:50,697.4028,0.002785714285714286,0.4729,0.48241116071428575,33.83775000000003,809.6921601190479,1168.6285269400378,1168.6285269400378,1168.6285269400378,437.39076265432334,0.0,7800.0,0.0
2025-08-06,0,23,3:50-4:00,713.895,0.0,0.5033,0.5119513392857142,41.42666666666673,688.4256184523813,755.3216666666667,755.3216666666667,755.3216666666667,0.0,0.0,7800.0,0.0
2025-08-06,0,24,4:00-4:10,728.9538666666667,0.0,0.5509,0.5581415178571428,41.3756309523809,610.6865726190472,770.3294976190476,770.3294976190476,770.3294976190476,0.0,0.0,7800.0,0.0
2025-08-06,0,25,4:10-4:20,725.2270833333333,0.03876904761904762,0.5329,0.5398214285714286,44.58967142857125,541.8956089285709,769.7779857142855,769.7779857142855,769.7779857142855,0.0,0.0,7800.0,0.0
2025-08-06,0,26,4:20-4:30,710.1149999999999,0.0,0.4938,0.5021517857142859,70.51666666666665,479.0173505952381,780.6316666666665,780.6316666666665,780.6316666666665,0.0,0.0,7800.0,0.0
2025-08-06,0,27,4:30-4:40,704.7575833333333,0.0,0.5463,0.5566517857142858,50.517900000000054,454.3013702380946,755.2754833333333,755.2754833333333,755.2754833333333,0.0,0.0,7800.0,0.0
2025-08-06,0,28,4:40-4:50,684.63685,0.5399690476190476,0.5187,0.5273906249999999,38.90764999999999,425.3059404761904,723.004530952381,723.004530952381,723.004530952381,0.0,0.0,7800.0,0.0
2025-08-06,0,29,4:50-5:00,662.535,0.0,0.425,0.4305089285714284,62.264999999999986,408.0487529761903,1558.1333333333332,1558.1333333333332,1558.1333333333332,833.3333333333333,0.0,8550.0,0.0
2025-08-06,0,30,5:00-5:10,679.6036166666667,0.0,0.4588,0.4656607142857142,43.43794047619053,408.60116369047563,1556.3748904761906,1556.3748904761906,1556.3748904761906,833.3333333333333,0.0,9300.0,0.0
2025-08-06,0,31,5:10-5:20,695.9537833333334,10.53743095238095,0.4992,0.5055200892857142,41.14326904761913,416.42600892857234,726.5596214285715,726.5596214285715,726.5596214285715,0.0,0.0,9300.0,0.0
2025-08-06,0,32,5:20-5:30,684.3449999999999,43.148214285714275,0.4489,0.4525486607142857,30.740476190476215,390.2283380952377,1505.2705952380952,1505.2705952380952,1505.2705952380952,833.3333333333333,0.0,10050.0,0.0
2025-08-06,0,33,5:30-5:40,661.1693833333333,81.20644285714286,0.3727,0.37766562499999995,44.40222142857158,338.32195416666633,1457.6984952380953,1457.6984952380953,1457.6984952380953,833.3333333333333,0.0,10800.0,0.0
2025-08-06,0,34,5:40-5:50,681.6573833333333,122.34501190476189,0.5423,0.5468834821428572,42.39209999999997,335.56332678571516,601.7044714285713,601.7044714285713,601.7044714285713,-0.0,0.0,10800.0,0.0
2025-08-06,0,35,5:50-6:00,767.0583333333334,166.04999999999998,0.8551,0.8578638392857142,41.46523809523808,443.239676190477,0.0,0.0,0.0,0.0,642.4735714285715,10086.140476190476,0.0
2025-08-06,0,36,6:00-6:10,874.0237666666667,210.95304523809526,0.9202,0.9258433035714286,33.32984285714292,526.0285005952389,0.0,0.0,0.0,0.0,696.4005642857144,9312.362071428572,0.0
2025-08-06,0,37,6:10-6:20,881.9982,257.1547714285714,0.8875,0.8947696428571428,36.35771190476191,570.040813095239,0.0,0.0,0.0,0.0,661.2011404761905,8577.694137566137,0.0
2025-08-06,0,38,6:20-6:30,831.1366666666665,303.69017857142853,0.8822,0.8875991071428573,55.05404761904765,595.5599029761911,0.0,0.0,0.0,0.0,582.5005357142857,7930.47132010582,0.0
2025-08-06,0,39,6:30-6:40,869.4198333333334,349.8824404761904,0.8703,0.8741754464285714,48.541159523809426,617.4231172619054,0.0,0.0,0.0,0.0,568.0785523809525,7299.272928571429,0.0
2025-08-06,0,40,6:40-6:50,865.8475,401.61268571428565,0.8389,0.8425026785714287,46.08826190476191,687.502613690477,0.0,0.0,0.0,0.0,510.32307619047623,6732.247288359788,0.0
2025-08-06,0,41,6:50-7:00,796.5466666666666,457.7553571428571,0.7756,0.7792571428571425,35.82976190476188,770.6645190476197,0.0,0.0,0.0,0.0,374.6210714285714,6316.001653439153,0.0
2025-08-06,0,42,7:00-7:10,786.7821833333334,509.4013095238096,0.6954,0.6983687499999999,34.23211666666663,818.8750845238103,311.6129904761905,311.6129904761905,311.6129904761905,0.0,0.0,6316.001653439153,0.0
2025-08-06,0,43,7:10-7:20,840.3134499999999,551.6982666666667,0.7372,0.7412089285714286,43.8354976190476,852.363389285715,332.4506809523808,332.4506809523808,332.4506809523808,0.0,0.0,6316.001653439153,0.0
2025-08-06,0,44,7:20-7:30,867.68,593.261607142857,0.8038,0.8095812500000001,47.68392857142862,884.0849654761913,0.0,0.0,0.0,0.0,322.1023214285716,5958.110185185185,0.0
2025-08-06,0,45,7:30-7:40,805.8330833333332,646.4671428571429,0.7005,0.7050147321428574,50.620959523809404,932.3728333333345,209.98689999999976,209.98689999999976,209.98689999999976,0.0,0.0,5958.110185185185,0.0
2025-08-06,0,46,7:40-7:50,922.4112666666666,690.5272333333332,0.8803,0.8830857142857146,46.30182142857137,1000.7164630952389,0.0,0.0,0.0,0.0,278.1858547619047,5649.014791005291,0.0
2025-08-06,0,47,7:50-8:00,1148.1583333333333,724.1580357142858,1.247,1.2497026785714287,51.373154761904715,1029.9786089285726,0.0,0.0,0.0,0.0,475.37345238095224,5120.822066137566,0.0
2025-08-06,0,48,8:00-8:10,1139.5527333333332,767.3744380952381,1.2207,1.2244781250000003,52.89240952380953,1014.5226005952392,0.0,0.0,0.0,0.0,425.0707047619047,4648.521283068783,0.0
2025-08-06,0,49,8:10-8:20,1123.7428166666666,814.2007547619047,1.1263,1.1300276785714285,59.84654523809513,1032.6103976190489,0.0,0.0,0.0,0.0,369.38860714285704,4238.089497354497,0.0
2025-08-06,0,50,8:20-8:30,1174.6033333333332,864.0589285714284,1.1502,1.1528017857142854,78.83345238095251,1014.6382595238106,0.0,0.0,0.0,0.0,389.37785714285724,3805.4474338624336,0.0
2025-08-06,0,51,8:30-8:40,1136.0496166666667,924.8370833333335,1.1492,1.1517473214285716,59.904095238095124,1028.2697327380963,0.0,0.0,0.0,0.0,271.11662857142835,3504.2067354497353,0.0
2025-08-06,0,52,8:40-8:50,1127.4031,989.3807619047618,1.1467,1.1495928571428577,73.60527619047627,998.6422422619058,0.0,0.0,0.0,0.0,211.62761428571434,3269.0649417989416,0.0
2025-08-06,0,53,8:50-9:00,1181.0566666666666,1044.400892857143,1.1393,1.1413647321428566,86.29666666666657,964.109768452382,0.0,0.0,0.0,0.0,222.9524404761903,3021.340007936508,0.0
2025-08-06,0,54,9:00-9:10,1192.1165166666665,1082.891626190476,1.0798,1.0795638392857143,95.55184047619028,932.2781613095249,0.0,0.0,0.0,0.0,204.77673095238083,2793.810306878307,0.0
2025-08-06,0,55,9:10-9:20,1145.0157333333332,1130.2596809523807,1.0301,1.0309678571428569,66.24551666666648,890.3341916666677,0.0,0.0,0.0,0.0,81.00156904761889,2703.808563492064,0.0
2025-08-06,0,56,9:20-9:30,1096.9899999999998,1181.8258928571427,0.997,0.9987522321428569,66.2509523809521,879.7006416666671,0.0,0.0,0.0,18.584940476190695,0.0,2720.5350099206357,0.0
2025-08-06,0,57,9:30-9:40,1121.1366166666667,1206.5602642857143,0.9478,0.9448491071428572,74.4899000000001,827.750766666667,0.0,0.0,0.0,10.933747619047608,0.0,2730.3753827777787,0.0
2025-08-06,0,58,9:40-9:50,1160.89295,1220.496095238095,1.016,1.0277741071428574,74.66278809523828,820.828563690476,0.0,0.0,0.0,0.0,15.059642857143217,2713.642446269842,0.0
2025-08-06,0,59,9:50-10:00,1167.3449999999998,1243.0276785714286,1.1688,1.2060419642857145,66.47696428571415,778.5179285714287,0.0,0.0,0.0,9.205714285714748,0.0,2721.9275891269854,0.0
2025-08-06,0,60,10:00-10:10,1142.5289833333331,1276.5060976190475,1.2188,1.256335267857143,65.16562380952382,679.1837470238095,0.0,0.0,0.0,68.81149047619056,0.0,2783.857930555557,0.0
2025-08-06,0,61,10:10-10:20,1128.0992666666666,1292.481730952381,1.1966,1.2292477678571427,77.93533571428577,753.7025041666666,0.0,0.0,0.0,86.4471285714285,0.0,2861.660346269842,0.0
2025-08-06,0,62,10:20-10:30,1134.5249999999999,1302.0625,1.1884,1.223616517857143,93.69505952380928,852.0746345238094,0.0,0.0,0.0,73.84244047619086,0.0,2928.118542698414,0.0
2025-08-06,0,63,10:30-10:40,1135.9858666666667,1340.9792238095238,1.2025,1.2380075892857139,94.77828333333318,893.6873083333331,0.0,0.0,0.0,110.21507380952403,0.0,3027.3121091269854,0.0
2025-08-06,0,64,10:40-10:50,1124.97005,1358.1881428571428,0.9596,0.9818629464285712,91.20176666666666,781.6674970238091,0.0,0.0,0.0,142.01632619047632,0.0,3155.126802698414,0.0
2025-08-06,0,65,10:50-11:00,1119.2749999999999,1357.2508928571428,0.6058,0.6094357142857143,101.34440476190471,699.882517261904,0.0,0.0,0.0,136.63148809523818,0.0,3278.0951419841285,0.0
2025-08-06,0,66,11:00-11:10,1142.5498333333333,1391.602519047619,0.5992,0.5993245535714286,103.9764452380952,658.3584255952379,688.2570928571429,688.2570928571429,688.2570928571429,833.3333333333333,0.0,4028.0951419841285,0.0
2025-08-06,0,67,11:10-11:20,1161.6665166666667,1410.0479761904762,0.6718,0.6753531249999999,102.59410476190503,706.442819047618,0.0,0.0,0.0,145.78735476190445,0.0,4159.303761269843,0.0
2025-08-06,0,68,11:20-11:30,1150.8833333333332,1405.9526785714284,0.6456,0.6517263392857141,105.29226190476163,874.7283696428567,0.0,0.0,0.0,149.7770833333334,0.0,4294.103136269843,0.0
2025-08-06,0,69,11:30-11:40,1118.6024,1425.1262166666666,0.6008,0.6082879464285715,97.98484285714284,844.3479178571428,302.29758112874714,302.29758112874714,302.29758112874714,510.8365549382708,0.0,4753.856035714287,0.0
2025-08-06,0,70,11:40-11:50,1119.1863666666666,1438.796869047619,0.5437,0.5496781249999999,101.12643095238067,730.1995553571423,614.8492619047613,614.8492619047613,614.8492619047613,833.3333333333333,0.0,5503.856035714287,0.0
2025-08-06,0,71,11:50-12:00,1140.885,1441.7687500000002,0.5014,0.5040808035714287,109.06773809523833,669.8380898809517,641.5173214285714,641.5173214285714,641.5173214285714,833.3333333333333,0.0,6253.856035714287,0.0
2025-08-06,0,72,12:00-12:10,1120.1988666666666,1461.463319047619,0.5169,0.5176312500000001,116.3941571428569,620.5927624999996,608.4630380952376,608.4630380952376,608.4630380952376,833.3333333333333,0.0,7003.856035714287,0.0
2025-08-06,0,73,12:10-12:20,1094.8871166666665,1484.0449166666663,0.529,0.5280035714285715,98.92711666666659,592.2136119047608,543.10265,543.10265,543.10265,833.3333333333333,0.0,7753.856035714287,0.0
2025-08-06,0,74,12:20-12:30,1101.6149999999998,1491.8017857142854,0.4885,0.4857107142857142,104.77017857142862,520.1419940476179,547.9167261904763,547.9167261904763,547.9167261904763,833.3333333333333,0.0,8503.856035714287,0.0
2025-08-06,0,75,12:30-12:40,1140.2060999999999,1479.610326190476,0.4369,0.43362589285714276,117.05731666666668,477.0232898809519,610.986423809524,610.986423809524,610.986423809524,833.3333333333333,0.0,9253.856035714287,0.0
2025-08-06,0,76,12:40-12:50,1173.0972,1464.3181166666668,0.6046,0.6021566964285714,110.33663095238117,546.319866666666,652.4490476190476,652.4490476190476,652.4490476190476,833.3333333333333,0.0,10003.856035714287,0.0
2025-08-06,0,77,12:50-13:00,1175.1833333333334,1451.3937500000002,0.8771,0.8767339285714285,90.64672619047647,534.0277999999997,0.0,0.0,0.0,185.56369047619023,0.0,10170.863357142858,0.0
2025-08-06,0,78,13:00-13:10,1154.79955,1432.0914857142855,0.8914,0.893795089285714,86.03755952380932,542.1783440476187,0.0,0.0,0.0,191.25437619047625,0.0,10342.992295714286,0.0
2025-08-06,0,79,13:10-13:20,1164.8506166666666,1408.0781904761902,0.8487,0.851119642857143,76.20370238095241,500.3505541666659,0.0,0.0,0.0,167.02387142857128,0.0,10493.31378,0.0
2025-08-06,0,80,13:20-13:30,1197.0533333333333,1385.7749999999999,0.8671,0.8667977678571427,72.94125000000008,625.835164880953,0.0,0.0,0.0,115.7804166666665,0.0,10597.516155,0.0
2025-08-06,0,81,13:30-13:40,1194.51375,1369.2465333333332,0.883,0.883169642857143,90.19631904761914,715.2363595238095,0.0,0.0,0.0,84.53646428571392,0.0,10673.598972857142,0.0
2025-08-06,0,82,13:40-13:50,1192.4478333333332,1345.7413761904763,1.0124,1.028559375,70.38234285714293,777.161260714286,0.0,0.0,0.0,82.91120000000024,0.0,10748.219052857143,0.0
2025-08-06,0,83,13:50-14:00,1208.3966666666665,1309.117857142857,1.1938,1.23226875,53.24821428571438,784.6368529761903,0.0,0.0,0.0,47.472976190476174,0.0,10790.944731428572,0.0
2025-08-06,0,84,14:00-14:10,1217.4208333333331,1265.2371928571426,1.2129,1.2556660714285712,37.75495000000001,816.7015404761908,0.0,0.0,0.0,10.061409523809516,0.0,10800.0,0.0
2025-08-06,0,85,14:10-14:20,1193.2283,1224.1395785714285,1.1453,1.1816749999999998,67.69194523809512,875.7829577380955,0.0,0.0,0.0,0.0,36.78066666666655,10759.132592592592,0.0
2025-08-06,0,86,14:20-14:30,1168.59,1185.6214285714286,1.1585,1.1925866071428572,76.5543452380951,906.5690273809523,0.0,0.0,0.0,0.0,59.52291666666633,10692.99601851852,0.0
2025-08-06,0,87,14:30-14:40,1200.1446333333333,1141.681976190476,1.3037,1.3454535714285714,90.11842857142858,897.8298458333334,0.0,0.0,0.0,0.0,148.5810857142858,10527.905923280423,0.0
2025-08-06,0,88,14:40-14:50,1209.1922833333333,1097.372095238095,1.1305,1.1644473214285718,64.91905952380972,956.7197214285717,0.0,0.0,0.0,0.0,176.739247619048,10331.52898148148,0.0
2025-08-06,0,89,14:50-15:00,1195.6383333333333,1051.178571428571,0.7498,0.7629843749999997,91.41601190476189,1025.01692202381,235.87577380952416,235.87577380952416,235.87577380952416,0.0,0.0,10331.52898148148,0.0
2025-08-06,0,90,15:00-15:10,1234.2118333333333,995.2772547619047,0.7437,0.751851785714286,84.74487142857123,1065.0870261904768,844.202803909466,844.202803909466,844.202803909466,520.5233539094661,0.0,10800.0,0.0
2025-08-06,0,91,15:10-15:20,1250.7748,936.1887380952381,0.8465,0.8562392857142858,71.60084761904761,1115.9360285714292,386.1869095238093,386.1869095238093,386.1869095238093,0.0,0.0,10800.0,0.0
2025-08-06,0,92,15:20-15:30,1228.0316666666665,879.3419642857141,0.8589,0.8698321428571428,61.73988095238087,1132.9223946428579,410.4295833333333,410.4295833333333,410.4295833333333,0.0,0.0,10800.0,0.0
2025-08-06,0,93,15:30-15:40,1222.2127166666667,826.814211904762,0.8579,0.8720785714285716,72.62148809523819,1126.2268440476196,468.0199928571428,468.0199928571428,468.0199928571428,0.0,0.0,10800.0,0.0
2025-08-06,0,94,15:40-15:50,1205.2836333333332,785.7261619047617,0.8797,0.892383035714286,77.1067071428572,1165.2737934523816,496.6641785714287,496.6641785714287,496.6641785714287,0.0,0.0,10800.0,0.0
2025-08-06,0,95,15:50-16:00,1191.685,748.6151785714285,0.9138,0.9223098214285713,57.16928571428571,1243.2344404761916,500.23910714285716,500.23910714285716,500.23910714285716,0.0,0.0,10800.0,0.0
2025-08-06,0,96,16:00-16:10,1228.7474666666667,699.7650690476189,0.9294,0.9400165178571427,58.54359047619039,1364.9711964285725,587.5259880952381,587.5259880952381,587.5259880952381,0.0,-0.0,10800.0,0.0
2025-08-06,0,97,16:10-16:20,1241.5079333333333,653.3201952380952,0.9466,0.9575959821428571,49.333340476190415,1479.755939285715,637.5210785714286,637.5210785714286,637.5210785714286,0.0,-0.0,10800.0,0.0
2025-08-06,0,98,16:20-16:30,1226.0883333333331,614.8571428571429,0.9762,0.9853812499999999,62.45999999999992,1496.388549404763,673.6911904761903,673.6911904761903,673.6911904761903,0.0,-0.0,10800.0,0.0
2025-08-06,0,99,16:30-16:40,1250.9100333333333,574.5349952380952,1.0053,1.0179540178571431,74.82869523809518,1568.6765369047628,751.2037333333333,751.2037333333333,751.2037333333333,0.0,-0.0,10800.0,0.0
2025-08-06,0,100,16:40-16:50,1266.9112666666665,526.0176214285714,1.016,1.0294178571428574,53.58042619047603,1621.0438791666675,794.474071428571,794.474071428571,794.474071428571,0.0,-0.0,10800.0,0.0
2025-08-06,0,101,16:50-17:00,1258.0533333333333,471.8589285714286,1.0277,1.0382843750000001,60.655178571428564,1639.8177446428579,846.8495833333334,846.8495833333334,846.8495833333334,0.0,0.0,10800.0,0.0
2025-08-06,0,102,17:00-17:10,1254.6612166666666,419.95401666666663,1.0756,1.087175,54.31193095238109,1667.0245172619057,889.0191309523811,889.0191309523811,889.0191309523811,0.0,0.0,10800.0,0.0
2025-08-06,0,103,17:10-17:20,1222.6577666666667,368.3410619047619,1.1071,1.1201455357142855,45.02455952380933,1738.265628571429,899.3412642857141,899.3412642857141,899.3412642857141,0.0,0.0,10800.0,0.0
2025-08-06,0,104,17:20-17:30,1207.1333333333332,315.2598214285714,1.0978,1.11168125,56.66851190476177,1797.133648809524,948.5420238095236,948.5420238095236,948.5420238095236,0.0,0.0,10800.0,0.0
2025-08-06,0,105,17:30-17:40,1265.4924333333333,262.21867380952375,1.0922,1.108389732142857,50.97051428571433,1794.930369642857,1054.2442738095237,1054.2442738095237,1054.2442738095237,0.0,0.0,10800.0,0.0
2025-08-06,0,106,17:40-17:50,1139.5602166666665,212.64872619047617,1.1976,1.212533035714286,54.71042142857152,1777.0255410714283,981.621911904762,981.621911904762,981.621911904762,0.0,-0.0,10800.0,0.0
2025-08-06,0,107,17:50-18:00,924.0916666666667,167.15178571428572,1.3761,1.388140178571429,35.3358333333332,1744.4603410714287,792.2757142857142,792.2757142857142,792.2757142857142,0.0,-0.0,10800.0,0.0
2025-08-06,0,108,18:00-18:10,977.1480333333334,123.62504523809527,1.4668,1.4814955357142856,41.05815238095232,1663.8060821428573,894.5811404761905,894.5811404761905,894.5811404761905,0.0,0.0,10800.0,0.0
2025-08-06,0,109,18:10-18:20,996.1746499999999,82.25353571428572,1.4606,1.4769375,62.010095238095346,1677.3208345238088,975.9312095238096,975.9312095238096,975.9312095238096,0.0,0.0,10800.0,0.0
2025-08-06,0,110,18:20-18:30,910.8299999999999,43.54017857142857,1.4184,1.4317433035714286,44.43797619047609,1755.0575690476185,911.7277976190475,911.7277976190475,911.7277976190475,0.0,0.0,10800.0,0.0
2025-08-06,0,111,18:30-18:40,956.87915,10.591211904761906,1.4247,1.435955803571429,42.86299523809521,1741.6296821428568,989.1509333333333,989.1509333333333,989.1509333333333,0.0,0.0,10800.0,0.0
2025-08-06,0,112,18:40-18:50,993.4650166666667,0.0,1.5277,1.5528308035714282,43.7426857142857,1674.4354434523802,1037.2077023809525,1037.2077023809525,1037.2077023809525,0.0,0.0,10800.0,0.0
2025-08-06,0,113,18:50-19:00,950.5983333333334,0.0,1.6383,1.6836303571428568,66.96982142857132,1720.5124946428568,184.23482142857142,184.23482142857142,184.23482142857142,0.0,833.3333333333333,9874.074074074075,0.0
2025-08-06,0,114,19:00-19:10,912.9934666666666,0.5426547619047619,1.6137,1.6594678571428574,34.187999999999874,1731.9305749999996,946.6388119047617,946.6388119047617,946.6388119047617,0.0,0.0,9874.074074074075,0.0
2025-08-06,0,115,19:10-19:20,905.96615,0.0,1.5997,1.6416428571428572,41.47210476190469,1660.0816297619049,947.4382547619047,947.4382547619047,947.4382547619047,0.0,0.0,9874.074074074075,0.0
2025-08-06,0,116,19:20-19:30,928.02,0.0,1.6547,1.6989995535714286,46.37166666666667,1712.4083190476192,141.0583333333334,141.0583333333334,141.0583333333334,0.0,833.3333333333333,8948.14814814815,0.0
2025-08-06,0,117,19:30-19:40,962.15335,0.03896190476190475,1.6898,1.7376379464285718,35.50663333333341,1749.583735714286,164.2876880952383,164.2876880952383,164.2876880952383,0.0,833.3333333333333,8022.2222222222235,0.0
2025-08-06,0,118,19:40-19:50,971.5320166666667,0.0,1.6763,1.7251308035714286,43.27037619047621,1741.7332190476195,181.46905952380962,181.46905952380962,181.46905952380962,0.0,833.3333333333333,7096.296296296297,0.0
2025-08-06,0,119,19:50-20:00,955.1233333333332,0.0,1.6523,1.6991049107142862,62.91666666666663,1697.1554791666672,184.7066666666666,184.7066666666666,184.7066666666666,0.0,833.3333333333333,6170.370370370371,0.0
2025-08-06,0,120,20:00-20:10,946.6918499999999,0.0027976190476190475,1.6709,1.7148446428571429,41.67605000000003,1647.326243452381,155.03176904761904,155.03176904761904,155.03176904761904,0.0,833.3333333333333,5244.444444444445,0.0
2025-08-06,0,121,20:10-20:20,955.6621833333334,0.0,1.6512,1.6930598214285713,29.86137857142853,1589.0239809523812,152.19022857142863,152.19022857142863,152.19022857142863,0.0,833.3333333333333,4318.518518518519,0.0
2025-08-06,0,122,20:20-20:30,963.6733333333333,0.0,1.6286,1.6719026785714284,43.27166666666676,1507.116921428571,310.7549767857133,310.7549767857133,310.7549767857133,0.0,696.1900232142867,3544.9740482804227,0.0
2025-08-06,0,123,20:30-20:40,949.1885833333333,0.00017857142857142857,1.6832,1.7306803571428573,36.6919095238095,1399.3740047619046,152.54698095238098,152.54698095238098,152.54698095238098,0.0,833.3333333333333,2619.048122354497,0.0
2025-08-06,0,124,20:40-20:50,959.5518833333333,0.0,1.4891,1.5246843750000003,37.984983333333275,1277.1433101190473,913.8961773809525,913.8961773809525,913.8961773809525,0.0,83.64068928571405,2526.114023148148,0.0
2025-08-06,0,125,20:50-21:00,981.4766666666666,0.0,1.1331,1.1470727678571428,60.15833333333342,1193.5026208333334,1041.635,1041.635,1041.635,0.0,0.0,2526.114023148148,0.0
2025-08-06,0,126,21:00-21:10,953.8081333333332,0.0,1.0589,1.0684607142857143,46.86113333333333,1162.9738708333336,1000.6692666666665,1000.6692666666665,1000.6692666666665,0.0,0.0,2526.114023148148,0.0
2025-08-06,0,127,21:10-21:20,934.0063499999999,0.0,1.087,1.100049107142857,47.42406666666682,1106.6098541666672,981.4304166666667,981.4304166666667,981.4304166666667,0.0,0.0,2526.114023148148,0.0
2025-08-06,0,128,21:20-21:30,958.8783333333333,0.0,1.1189,1.133950892857143,54.49000000000001,1069.3075291666673,1013.3683333333333,1013.3683333333333,1013.3683333333333,0.0,0.0,2526.114023148148,0.0
2025-08-06,0,129,21:30-21:40,989.2825833333333,0.0,1.1925,1.207780357142857,36.719749999999976,1028.9158625000007,744.0794833333339,744.0794833333339,744.0794833333339,0.0,281.9228499999994,2212.8664120370377,0.0
2025-08-06,0,130,21:40-21:50,896.6968666666667,0.0,0.9462,0.9591249999999999,32.0923499999999,911.579770833334,839.6943208333333,839.6943208333333,839.6943208333333,0.0,89.0948958333332,2113.872083333334,0.0
2025-08-06,0,131,21:50-22:00,752.7316666666667,0.0,0.5309,0.540683482142857,56.10666666666668,822.4848750000007,960.0915740740733,960.0915740740733,960.0915740740733,151.25324074073987,0.0,2250.0,0.0
2025-08-06,0,132,22:00-22:10,762.0667166666667,0.0,0.5009,0.5104558035714285,39.83843333333334,833.3186250000006,1635.2384833333333,1635.2384833333333,1635.2384833333333,833.3333333333333,0.0,3000.0,0.0
2025-08-06,0,133,22:10-22:20,781.3588333333333,0.0,0.5778,0.5898495535714288,45.86505,761.3524416666672,827.2238833333333,827.2238833333333,827.2238833333333,0.0,0.0,3000.0,0.0
2025-08-06,0,134,22:20-22:30,745.3133333333333,0.0,0.5635,0.5784191964285713,49.46333333333325,657.6374750000008,794.7766666666665,794.7766666666665,794.7766666666665,0.0,0.0,3000.0,0.0
2025-08-06,0,135,22:30-22:40,738.3835166666665,0.0,0.5418,0.5573687500000001,52.33274999999992,568.3942500000005,790.7162666666665,790.7162666666665,790.7162666666665,0.0,0.0,3000.0,0.0
2025-08-06,0,136,22:40-22:50,771.9836,0.0,0.5404,0.5552660714285715,47.64398333333315,503.0105000000003,819.6275833333332,819.6275833333332,819.6275833333332,0.0,0.0,3000.0,0.0
2025-08-06,0,137,22:50-23:00,790.5699999999999,0.0,0.5392,0.5521339285714287,58.85500000000002,431.287479166667,849.425,849.425,849.425,0.0,0.0,3000.0,0.0
2025-08-06,0,138,23:00-23:10,734.8544166666667,0.0,0.5101,0.5195986607142856,34.991033333333235,400.66492083333344,1603.1787833333333,1603.1787833333333,1603.1787833333333,833.3333333333333,0.0,3750.0,0.0
2025-08-06,0,139,23:10-23:20,712.31275,0.0,0.5114,0.520397767857143,38.25193333333323,336.096454166667,1583.8980166666665,1583.8980166666665,1583.8980166666665,833.3333333333333,0.0,4500.0,0.0
2025-08-06,0,140,23:20-23:30,743.2516666666667,0.0,0.5311,0.5423808035714287,40.92666666666662,258.6191500000001,784.1783333333333,784.1783333333333,784.1783333333333,0.0,0.0,4500.0,0.0
2025-08-06,0,141,23:30-23:40,746.5083,0.0,0.5044,0.5164116071428573,46.244266666666704,208.97892499999998,1626.0859,1626.0859,1626.0859,833.3333333333333,0.0,5250.0,0.0
2025-08-06,0,142,23:40-23:50,749.8348166666666,0.0,0.5182,0.5312758928571428,52.07420000000002,120.31080000000009,1635.24235,1635.24235,1635.24235,833.3333333333333,0.0,6000.0,0.0
2025-08-06,0,143,23:50-24:00,748.0216666666666,0.0,0.5489,0.5626602678571431,47.886666666666656,71.47124999999997,795.9083333333333,795.9083333333333,795.9083333333333,0.0,0.0,6000.0,0.0
2025-08-07,0,0,0:00-0:10,704.1497666666667,0.0,0.4865,0.4972575892857144,46.90656666666672,1671.6204797619043,751.0563333333334,751.0563333333334,751.0563333333334,0.0,0.0,7275.757842539683,0.0
2025-08-07,0,1,0:10-0:20,696.5753,0.0,0.4669,0.4786986607142857,46.64509999999996,1689.9419261904764,1576.5537333333332,1576.5537333333332,1576.5537333333332,833.3333333333333,0.0,8025.757842539683,0.0
2025-08-07,0,2,0:20-0:30,734.52,0.0,0.5141,0.5276892857142857,50.613333333333344,1678.6229720238096,785.1333333333333,785.1333333333333,785.1333333333333,0.0,0.0,8025.757842539683,0.0
2025-08-07,0,3,0:30-0:40,744.1486666666666,0.0,0.5208,0.5292549107142859,26.65786666666679,1652.627138690476,770.8065333333334,770.8065333333334,770.8065333333334,0.0,0.0,8025.757842539683,0.0
2025-08-07,0,4,0:40-0:50,715.1441499999999,0.0,0.5468,0.5540745535714284,45.16936666666663,1617.5534083333343,760.3135166666665,760.3135166666665,760.3135166666665,0.0,0.0,8025.757842539683,0.0
2025-08-07,0,5,0:50-1:00,682.0083333333333,0.0,0.5718,0.5823745535714286,62.038333333333185,1635.5231875000009,744.0466666666665,744.0466666666665,744.0466666666665,0.0,0.0,8025.757842539683,0.0
2025-08-07,0,6,1:00-1:10,693.0859833333334,0.0,0.5131,0.5213870535714286,64.32720000000018,1663.7022214285723,757.4131833333336,757.4131833333336,757.4131833333336,0.0,0.0,8025.757842539683,0.0
2025-08-07,0,7,1:10-1:20,739.1406666666667,0.0,0.5238,0.531628125,60.59713333333343,1574.5273952380949,799.7378000000001,799.7378000000001,799.7378000000001,0.0,0.0,8025.757842539683,0.0
2025-08-07,0,8,1:20-1:30,761.4166666666666,0.0,0.588,0.5991196428571428,56.945000000000164,1528.4614904761902,0.0,0.0,0.0,0.0,818.3616666666668,7116.467101798942,0.0
2025-08-07,0,9,1:30-1:40,708.4077333333332,0.0,0.5321,0.543385267857143,49.01044999999988,1548.6665500000001,757.4181833333331,757.4181833333331,757.4181833333331,0.0,0.0,7116.467101798942,0.0
2025-08-07,0,10,1:40-1:50,691.1475999999999,0.0,0.465,0.4719183035714285,47.14298333333329,1487.1226285714279,1571.6239166666664,1571.6239166666664,1571.6239166666664,833.3333333333333,0.0,7866.467101798942,0.0
2025-08-07,0,11,1:50-2:00,731.3516666666666,0.0,0.4734,0.477677232142857,50.058333333333394,1420.2929666666666,1614.7433333333333,1614.7433333333333,1614.7433333333333,833.3333333333333,0.0,8616.467101798942,0.0
2025-08-07,0,12,2:00-2:10,750.1916166666666,0.0,0.5376,0.5478830357142856,55.527933333333294,1383.992713690476,805.7195499999999,805.7195499999999,805.7195499999999,0.0,0.0,8616.467101798942,0.0
2025-08-07,0,13,2:10-2:20,783.6016666666666,0.0,0.5963,0.6071366071428573,42.96491666666668,1341.6505005952374,0.0,0.0,0.0,0.0,826.5665833333333,7698.059786984128,0.0
2025-08-07,0,14,2:20-2:30,797.39,0.0,0.5848,0.5915566964285713,33.5766666666666,1294.8142738095237,830.9666666666666,830.9666666666666,830.9666666666666,0.0,0.0,7698.059786984128,0.0
2025-08-07,0,15,2:30-2:40,713.2811833333333,0.0,0.4904,0.5019772321428572,39.23923333333323,1229.6252101190476,752.5204166666665,752.5204166666665,752.5204166666665,0.0,0.0,7698.059786984128,0.0
2025-08-07,0,16,2:40-2:50,670.1896833333333,0.0,0.4735,0.4831776785714286,45.59465,1127.6648380952372,829.0512366843026,829.0512366843026,829.0512366843026,113.26690335096929,0.0,7800.0,0.0
2025-08-07,0,17,2:50-3:00,692.46,0.0,0.5255,0.5273397321428571,53.508333333333326,1071.3701964285706,745.9683333333334,745.9683333333334,745.9683333333334,0.0,0.0,7800.0,0.0
2025-08-07,0,18,3:00-3:10,676.8141833333333,0.0,0.4959,0.5013656249999999,34.021433333333334,1025.0811523809527,710.8356166666666,710.8356166666666,710.8356166666666,0.0,0.0,7800.0,0.0
2025-08-07,0,19,3:10-3:20,684.9960666666666,0.00015714285714285713,0.5054,0.5147281249999999,51.98994999999991,941.5758017857146,736.9858595238094,736.9858595238094,736.9858595238094,0.0,0.0,7800.0,0.0
2025-08-07,0,20,3:20-3:30,722.5683333333333,0.0,0.5602,0.5689116071428572,49.31999999999982,899.371697619048,771.8883333333331,771.8883333333331,771.8883333333331,0.0,0.0,7800.0,0.0
2025-08-07,0,21,3:30-3:40,720.6651166666667,0.0,0.5334,0.5436852678571428,48.54383095238097,871.3708642857143,769.2089476190476,769.2089476190476,769.2089476190476,0.0,0.0,7800.0,0.0
2025-08-07,0,22,3:40-3:50,708.2172999999999,0.002790476190476191,0.4991,0.509790625,33.83775000000003,797.4603696428571,742.0522595238094,742.0522595238094,742.0522595238094,0.0,0.0,7800.0,0.0
2025-08-07,0,23,3:50-4:00,700.8566666666667,0.0,0.4983,0.5065281250000001,41.42666666666673,676.4204065476184,742.2833333333334,742.2833333333334,742.2833333333334,0.0,0.0,7800.0,0.0
2025-08-07,0,24,4:00-4:10,687.0420166666665,0.0,0.4957,0.5012598214285714,41.3756309523809,604.1023374999991,728.4176476190474,728.4176476190474,728.4176476190474,0.0,0.0,7800.0,0.0
2025-08-07,0,25,4:10-4:20,699.4865166666666,0.03882380952380952,0.4937,0.4991361607142856,53.74806666666666,535.3113738095228,753.1957595238094,753.1957595238094,753.1957595238094,0.0,0.0,7800.0,0.0
2025-08-07,0,26,4:20-4:30,727.5366666666666,0.0,0.4993,0.5067941964285715,70.51666666666665,476.29255714285625,798.0533333333333,798.0533333333333,798.0533333333333,0.0,0.0,7800.0,0.0
2025-08-07,0,27,4:30-4:40,724.5385666666666,0.0,0.5113,0.5199915178571427,50.517900000000054,456.875530357142,775.0564666666667,775.0564666666667,775.0564666666667,0.0,0.0,7800.0,0.0
2025-08-07,0,28,4:40-4:50,717.5836999999999,0.5407404761904762,0.519,0.5267361607142855,38.90764999999999,445.92033095238,755.9506095238095,755.9506095238095,755.9506095238095,0.0,0.0,7800.0,0.0
2025-08-07,0,29,4:50-5:00,714.555,0.0,0.5066,0.5132495535714288,62.264999999999986,412.8712863095233,776.8199999999999,776.8199999999999,776.8199999999999,0.0,0.0,7800.0,0.0
2025-08-07,0,30,5:00-5:10,696.13185,0.0,0.4711,0.47928660714285715,43.43794047619053,412.9191857142849,1572.9031238095238,1572.9031238095238,1572.9031238095238,833.3333333333333,0.0,8550.0,0.0
2025-08-07,0,31,5:10-5:20,685.4555166666667,9.584954761904761,0.4657,0.4727111607142856,41.14326904761913,442.9717791666663,1550.3471642857144,1550.3471642857144,1550.3471642857144,833.3333333333333,0.0,9300.0,0.0
2025-08-07,0,32,5:20-5:30,677.6916666666666,41.291964285714286,0.4503,0.4545200892857143,30.740476190476215,394.13039047619,1500.4735119047618,1500.4735119047618,1500.4735119047618,833.3333333333333,0.0,10050.0,0.0
2025-08-07,0,33,5:30-5:40,658.2387833333332,79.64357619047618,0.381,0.38712767857142855,44.40222142857158,342.2240065476185,1456.3307619047619,1456.3307619047619,1456.3307619047619,833.3333333333333,0.0,10800.0,0.0
2025-08-07,0,34,5:40-5:50,722.7443666666666,121.24713571428569,0.6009,0.6071419642857141,44.189959523809534,322.4422749999996,645.6871904761904,645.6871904761904,645.6871904761904,0.0,-0.0,10800.0,0.0
2025-08-07,0,35,5:50-6:00,841.79,165.5517857142857,0.9738,0.9776705357142857,42.74077380952383,329.30527797619015,0.0,0.0,0.0,0.0,718.978988095238,10001.134457671958,0.0
2025-08-07,0,36,6:00-6:10,873.91385,212.23322619047616,0.9826,0.987611607142857,33.32984285714292,350.68343630952313,0.0,0.0,0.0,0.0,695.0104666666668,9228.900605820107,0.0
2025-08-07,0,37,6:10-6:20,841.7083166666666,260.48050714285716,0.8833,0.8896049107142856,36.35771190476191,393.59187321428453,0.0,0.0,0.0,0.0,617.5855214285714,8542.694470899472,0.0
2025-08-07,0,38,6:20-6:30,810.4683333333334,308.74285714285713,0.8768,0.8819357142857142,55.05404761904765,449.3100749999987,0.0,0.0,0.0,0.0,556.7795238095239,7924.050555555557,0.0
2025-08-07,0,39,6:30-6:40,821.5372333333332,356.3968261904762,0.8996,0.9021419642857144,41.56571190476188,529.0010571428558,0.0,0.0,0.0,0.0,506.7061190476189,7361.043756613759,0.0
2025-08-07,0,40,6:40-6:50,823.4708833333334,408.677180952381,0.8574,0.8587330357142859,45.89914523809534,648.2401684523797,0.0,0.0,0.0,0.0,460.69284761904777,6849.162814814817,0.0
2025-08-07,0,41,6:50-7:00,810.9316666666666,465.2651785714286,0.7864,0.7879410714285714,36.406130952380806,754.373736904761,0.0,0.0,0.0,0.0,382.0726190476189,6424.637682539685,0.0
2025-08-07,0,42,7:00-7:10,826.6595333333332,519.62925,0.8003,0.8013473214285713,33.29023809523824,784.4879184523799,0.0,0.0,0.0,0.0,340.3205214285715,6046.503769841272,0.0
2025-08-07,0,43,7:10-7:20,830.1909999999999,568.7501857142856,0.7845,0.7864620535714285,34.417638095238146,771.4453630952371,0.0,0.0,0.0,0.0,295.8584523809525,5717.772156084658,0.0
2025-08-07,0,44,7:20-7:30,798.1816666666666,616.5848214285713,0.6889,0.6922330357142854,47.68392857142862,756.887674999999,0.0,0.0,0.0,0.0,229.2807738095239,5463.015740740742,0.0
2025-08-07,0,45,7:30-7:40,774.5083333333333,668.3470666666667,0.6264,0.6280633928571426,48.563785714285814,769.6229315476184,154.72505238095243,154.72505238095243,154.72505238095243,0.0,0.0,5463.015740740742,0.0
2025-08-07,0,46,7:40-7:50,906.4541166666666,711.0073690476189,0.8496,0.8495741071428575,44.249016666666876,759.1756130952375,0.0,0.0,0.0,0.0,239.69576428571452,5196.687113756615,0.0
2025-08-07,0,47,7:50-8:00,1122.1066666666666,745.3633928571428,1.2021,1.202607589285714,43.146250000000094,891.2193416666665,0.0,0.0,0.0,0.0,419.8895238095238,4730.143198412699,0.0
2025-08-07,0,48,8:00-8:10,1181.0919999999999,786.5597738095237,1.2467,1.2491218750000004,50.59351190476201,1045.1711869047615,0.0,0.0,0.0,0.0,445.12573809523815,4235.5590449735455,0.0
2025-08-07,0,49,8:10-8:20,1145.6227999999999,833.5342095238095,1.1823,1.1848156250000004,59.84654523809513,1057.8350910714287,0.0,0.0,0.0,0.0,371.9351357142855,3822.2977830687837,0.0
2025-08-07,0,50,8:20-8:30,1109.5016666666666,886.0250000000001,1.1587,1.1593848214285711,78.83345238095251,972.7659529761904,0.0,0.0,0.0,0.0,302.3101190476191,3486.3976507936513,0.0
2025-08-07,0,51,8:30-8:40,1106.1830666666665,947.7150833333333,1.1237,1.1234017857142855,59.904095238095124,927.4651642857144,0.0,0.0,0.0,0.0,218.37207857142835,3243.762007936509,0.0
2025-08-07,0,52,8:40-8:50,1115.5288166666664,1017.2192261904761,1.0697,1.0687808035714288,73.60527619047627,890.4148892857143,0.0,0.0,0.0,0.0,171.9148666666665,3052.7454894179905,0.0
2025-08-07,0,53,8:50-9:00,1123.175,1077.5839285714285,1.0353,1.032645089285714,80.80261904761903,854.0925500000001,0.0,0.0,0.0,0.0,126.39369047619061,2912.3080555555566,0.0
2025-08-07,0,54,9:00-9:10,1129.8904833333331,1111.633319047619,1.0613,1.0557191964285715,95.4625309523812,799.8427327380952,0.0,0.0,0.0,0.0,113.71969523809548,2785.9528386243396,0.0
2025-08-07,0,55,9:10-9:20,1123.4041166666666,1156.013092857143,1.0691,1.064936607142857,62.05717619047613,841.4365166666668,0.0,0.0,0.0,0.0,29.448199999999815,2753.2326164021174,0.0
2025-08-07,0,56,9:20-9:30,1112.1983333333333,1209.3026785714283,1.0226,1.0199723214285716,64.95113095238062,854.0129303571429,0.0,0.0,0.0,32.153214285714284,0.0,2782.17050925926,0.0
2025-08-07,0,57,9:30-9:40,1119.4756,1232.8463357142855,0.9812,0.9737388392857144,65.17040714285704,866.6322607142853,0.0,0.0,0.0,48.20032857142837,0.0,2825.550804973546,0.0
2025-08-07,0,58,9:40-9:50,1130.9551666666666,1245.2599904761903,1.0835,1.091832589285714,65.55352619047608,864.899816666666,0.0,0.0,0.0,48.75129761904759,0.0,2869.4269728306886,0.0
2025-08-07,0,59,9:50-10:00,1134.3383333333331,1268.661607142857,1.2426,1.2772991071428572,59.85815476190487,813.4799196428563,0.0,0.0,0.0,74.46511904761905,0.0,2936.4455799735456,0.0
2025-08-07,0,60,10:00-10:10,1127.7656333333332,1305.1979523809523,1.2195,1.2519428571428572,60.11160476190472,707.5269285714279,0.0,0.0,0.0,117.3207142857143,0.0,3042.0342228306886,0.0
2025-08-07,0,61,10:10-10:20,1106.3703333333333,1324.5900523809523,1.1416,1.1685424107142857,70.21943571428591,781.9198702380952,0.0,0.0,0.0,148.00028333333307,0.0,3175.2344778306883,0.0
2025-08-07,0,62,10:20-10:30,1103.3566666666666,1332.3464285714285,1.1585,1.1903138392857142,85.67422619047613,869.8142803571424,0.0,0.0,0.0,143.31553571428594,0.0,3304.2184599735456,0.0
2025-08-07,0,63,10:30-10:40,1157.0777666666665,1360.9595309523809,1.2462,1.279178125,86.44038095238125,901.7633863095231,0.0,0.0,0.0,117.44138333333308,0.0,3409.9157049735454,0.0
2025-08-07,0,64,10:40-10:50,1175.5362166666666,1378.0970404761904,0.999,1.0190000000000001,91.20176666666666,781.4056726190473,0.0,0.0,0.0,111.35905714285718,0.0,3510.1388564021167,0.0
2025-08-07,0,65,10:50-11:00,1144.1816666666666,1387.3982142857144,0.5496,0.5508290178571428,101.34440476190471,701.1502982142857,691.4611904761903,691.4611904761903,691.4611904761903,833.3333333333333,0.0,4260.138856402116,0.0
2025-08-07,0,66,11:00-11:10,1136.3458333333333,1423.0522547619044,0.4642,0.4604089285714287,103.9764452380952,658.0828208333335,650.6033571428575,650.6033571428575,650.6033571428575,833.3333333333333,0.0,5010.138856402116,0.0
2025-08-07,0,67,11:10-11:20,1137.1219833333332,1434.1799904761904,0.5222,0.5212745535714285,102.59410476190503,710.9139910714283,638.8694309523812,638.8694309523812,638.8694309523812,833.3333333333333,0.0,5760.138856402116,0.0
2025-08-07,0,68,11:20-11:30,1155.7399999999998,1424.6526785714286,0.5502,0.5526625000000002,105.29226190476163,879.1877297619048,0.0,0.0,0.0,163.6204166666671,0.0,5907.397231402117,0.0
2025-08-07,0,69,11:30-11:40,1208.7827166666666,1448.8627190476186,0.5958,0.6000665178571428,99.0321404761903,847.16252202381,0.0,0.0,0.0,141.0478619047617,0.0,6034.340307116402,0.0
2025-08-07,0,70,11:40-11:50,1162.3439333333333,1459.9945595238096,0.5886,0.5917991071428571,101.12643095238067,734.061457142857,0.0,0.0,0.0,196.52419523809567,0.0,6211.212082830688,0.0
2025-08-07,0,71,11:50-12:00,1065.9616666666666,1455.4375000000002,0.5222,0.5223129464285714,109.06773809523833,672.9649470238094,552.925238095238,552.925238095238,552.925238095238,833.3333333333333,0.0,6961.212082830688,0.0
2025-08-07,0,72,12:00-12:10,1104.82755,1482.1782642857145,0.4792,0.4765723214285715,116.3941571428569,623.7196196428572,572.3767761904755,572.3767761904755,572.3767761904755,833.3333333333333,0.0,7711.212082830688,0.0
2025-08-07,0,73,12:10-12:20,1128.3931833333331,1505.7586023809522,0.5116,0.5071401785714287,98.92711666666659,598.542647619047,554.8950309523807,554.8950309523807,554.8950309523807,833.3333333333333,0.0,8461.212082830687,0.0
2025-08-07,0,74,12:20-12:30,1081.635,1506.067857142857,0.5572,0.551434375,104.77017857142862,526.4710297619041,254.8892841563785,254.8892841563785,254.8892841563785,574.5519627278069,0.0,8978.308849285713,0.0
2025-08-07,0,75,12:30-12:40,1071.2090666666666,1496.2624285714285,0.5376,0.5306290178571429,117.05731666666668,489.57323630952294,525.3372880952379,525.3372880952379,525.3372880952379,833.3333333333333,0.0,9728.308849285713,0.0
2025-08-07,0,76,12:40-12:50,1120.6759666666667,1480.3715166666666,0.7114,0.7043607142857143,110.33663095238117,606.169136309523,0.0,0.0,0.0,249.35891904761866,0.0,9952.73187642857,0.0
2025-08-07,0,77,12:50-13:00,1179.9916666666666,1453.6598214285714,0.976,0.9712276785714288,88.58726190476182,663.5476488095235,0.0,0.0,0.0,185.080892857143,0.0,10119.30468,0.0
2025-08-07,0,78,13:00-13:10,1179.4232666666667,1412.8915119047617,0.9489,0.9485058035714283,86.03755952380932,629.9158898809522,0.0,0.0,0.0,147.4306857142858,0.0,10251.992297142857,0.0
2025-08-07,0,79,13:10-13:20,1170.9269333333332,1383.8619428571428,0.8997,0.9010000000000004,76.20370238095241,683.4246988095233,0.0,0.0,0.0,136.7313071428573,0.0,10375.050473571428,0.0
2025-08-07,0,80,13:20-13:30,1171.8583333333331,1369.2508928571426,0.9385,0.9375562500000002,71.96119047619057,648.1815071428571,0.0,0.0,0.0,125.431369047619,0.0,10487.938705714285,0.0
2025-08-07,0,81,13:30-13:40,1151.3492166666665,1348.5159261904762,0.931,0.9294772321428572,86.90680714285706,690.543254761905,0.0,0.0,0.0,110.25990238095255,0.0,10587.172617857143,0.0
2025-08-07,0,82,13:40-13:50,1145.9501333333333,1328.9925357142854,1.0617,1.0746308035714285,70.38234285714293,749.1786440476194,0.0,0.0,0.0,112.6600595238092,0.0,10688.56667142857,0.0
2025-08-07,0,83,13:50-14:00,1164.0416666666665,1302.6973214285713,1.2567,1.2906022321428576,53.24821428571438,756.6542363095238,0.0,0.0,0.0,85.40744047619046,0.0,10765.433367857142,0.0
2025-08-07,0,84,14:00-14:10,1174.8273,1250.7477166666665,1.2308,1.2683558035714284,37.513047619047484,789.0516619047622,0.0,0.0,0.0,38.40736904761911,0.0,10800.0,0.0
2025-08-07,0,85,14:10-14:20,1174.0984666666666,1200.0147357142857,1.2065,1.2400700892857142,67.69194523809512,847.8911767857145,0.0,0.0,0.0,0.0,41.775676190475906,10753.582582010582,0.0
2025-08-07,0,86,14:20-14:30,1171.9516666666666,1163.0964285714285,1.3185,1.3528812499999998,80.03851190476172,878.6772464285714,0.0,0.0,0.0,0.0,88.89374999999973,10654.81174867725,0.0
2025-08-07,0,87,14:30-14:40,1184.9209,1128.034488095238,1.4269,1.4676830357142858,93.0853166666667,866.8284220238094,0.0,0.0,0.0,0.0,149.97172857142868,10488.176494708996,0.0
2025-08-07,0,88,14:40-14:50,1224.3971166666665,1088.5313738095238,1.1923,1.224154464285714,88.40970714285714,928.6851857142857,0.0,0.0,0.0,0.0,224.27544999999986,10238.981550264552,0.0
2025-08-07,0,89,14:50-15:00,1248.73,1041.0464285714286,0.7868,0.7985919642857143,96.30476190476179,1020.4730339285715,303.98833333333323,303.98833333333323,303.98833333333323,0.0,0.0,10238.981550264552,0.0
2025-08-07,0,90,15:00-15:10,1199.5602166666665,985.1846047619047,0.7449,0.751434375,87.74977142857136,1065.4318880952383,925.4792163727194,925.4792163727194,925.4792163727194,623.3538330393861,0.0,10800.0,0.0
2025-08-07,0,91,15:10-15:20,1155.80425,928.5945404761903,0.8266,0.8341267857142858,75.5224642857143,1119.2857904761909,302.73217380952383,302.73217380952383,302.73217380952383,0.0,0.0,10800.0,0.0
2025-08-07,0,92,15:20-15:30,1172.2183333333332,873.8026785714284,0.857,0.8653861607142858,61.89470238095225,1140.1937732142862,360.31035714285724,360.31035714285724,360.31035714285724,0.0,0.0,10800.0,0.0
2025-08-07,0,93,15:30-15:40,1229.9003333333333,819.7926476190478,0.904,0.9155357142857145,72.62148809523819,1134.7713773809528,482.7291738095237,482.7291738095237,482.7291738095237,0.0,0.0,10800.0,0.0
2025-08-07,0,94,15:40-15:50,1254.88085,778.925857142857,0.9462,0.9568928571428571,77.1067071428572,1173.8183267857146,553.0617000000002,553.0617000000002,553.0617000000002,0.0,-0.0,10800.0,0.0
2025-08-07,0,95,15:50-16:00,1236.9266666666667,745.6678571428571,0.947,0.9541004464285713,60.25880952380953,1251.7789738095246,551.5176190476192,551.5176190476192,551.5176190476192,0.0,0.0,10800.0,0.0
2025-08-07,0,96,16:00-16:10,1226.5825,700.972045238095,0.9017,0.9101526785714285,62.18297619047621,1376.6052535714296,587.7934309523812,587.7934309523812,587.7934309523812,0.0,0.0,10800.0,0.0
2025-08-07,0,97,16:10-16:20,1211.8239333333331,656.4087857142857,0.8895,0.8989709821428572,49.333340476190415,1495.029382142858,604.7484880952378,604.7484880952378,604.7484880952378,0.0,0.0,10800.0,0.0
2025-08-07,0,98,16:20-16:30,1203.6283333333333,617.5875,0.9399,0.9485446428571429,62.45999999999992,1511.6619922619054,648.5008333333332,648.5008333333332,648.5008333333332,0.0,0.0,10800.0,0.0
2025-08-07,0,99,16:30-16:40,1231.4112666666665,576.568780952381,1.0109,1.020752232142857,59.43301904761904,1583.9499797619055,714.2755047619045,714.2755047619045,714.2755047619045,0.0,-0.0,10800.0,0.0
2025-08-07,0,100,16:40-16:50,1243.1605,527.0135904761905,1.0572,1.0673245535714284,53.58042619047603,1620.921645833334,769.7273357142853,769.7273357142853,769.7273357142853,0.0,-0.0,10800.0,0.0
2025-08-07,0,101,16:50-17:00,1229.1883333333333,472.1875,1.0653,1.074373214285714,60.655178571428564,1639.6955113095244,817.6560119047617,817.6560119047617,817.6560119047617,0.0,-0.0,10800.0,0.0
2025-08-07,0,102,17:00-17:10,1233.3118833333333,421.2665619047619,1.06,1.0696915178571424,49.7190047619049,1666.9022839285722,861.7643261904764,861.7643261904764,861.7643261904764,0.0,0.0,10800.0,0.0
2025-08-07,0,103,17:10-17:20,1260.5970166666666,371.016857142857,1.0919,1.1031714285714285,44.59698095238082,1733.5504690476193,934.1771404761904,934.1771404761904,934.1771404761904,0.0,0.0,10800.0,0.0
2025-08-07,0,104,17:20-17:30,1298.6883333333333,318.5776785714285,1.146,1.1592705357142854,56.66851190476177,1790.1979940476197,1036.7791666666665,1036.7791666666665,1036.7791666666665,0.0,0.0,10800.0,0.0
2025-08-07,0,105,17:30-17:40,1303.2088666666666,265.2760571428571,1.1663,1.1816924107142857,50.97051428571433,1787.9947148809524,1088.903323809524,1088.903323809524,1088.903323809524,0.0,-0.0,10800.0,0.0
2025-08-07,0,106,17:40-17:50,1141.4686166666665,214.75433809523807,1.2117,1.2255468750000005,54.71042142857152,1770.0898863095238,981.4246999999999,981.4246999999999,981.4246999999999,0.0,0.0,10800.0,0.0
2025-08-07,0,107,17:50-18:00,922.9916666666666,168.1223214285714,1.3056,1.3165245535714285,35.00309523809511,1739.0282029761906,789.8724404761901,789.8724404761901,789.8724404761901,0.0,-0.0,10800.0,0.0
2025-08-07,0,108,18:00-18:10,911.7988666666666,123.78130714285712,1.3962,1.4091772321428573,41.05815238095232,1658.0412059523812,829.0757119047618,829.0757119047618,829.0757119047618,0.0,-0.0,10800.0,0.0
2025-08-07,0,109,18:10-18:20,941.8339166666666,81.60857857142857,1.399,1.413999107142858,62.010095238095346,1671.555958333333,922.2354333333334,922.2354333333334,922.2354333333334,0.0,-0.0,10800.0,0.0
2025-08-07,0,110,18:20-18:30,936.7166666666667,42.37499999999999,1.3525,1.3655116071428572,51.031785714285775,1749.2926928571426,945.3734523809525,945.3734523809525,945.3734523809525,0.0,0.0,10800.0,0.0
2025-08-07,0,111,18:30-18:40,974.4683333333334,9.854885714285713,1.3919,1.4023812499999997,42.86299523809521,1742.4586154761905,1007.4764428571428,1007.4764428571428,1007.4764428571428,0.0,0.0,10800.0,0.0
2025-08-07,0,112,18:40-18:50,957.6393666666665,0.0,1.5127,1.5363883928571427,43.7426857142857,1675.264376785714,1001.3820523809522,1001.3820523809522,1001.3820523809522,0.0,0.0,10800.0,0.0
2025-08-07,0,113,18:50-19:00,909.2233333333334,0.0,1.6296,1.6734781250000001,66.96982142857132,1721.3414279761905,976.1931547619047,976.1931547619047,976.1931547619047,0.0,-0.0,10800.0,0.0
2025-08-07,0,114,19:00-19:10,957.0678166666667,0.5537833333333333,1.6538,1.6983562499999996,34.187999999999874,1732.7595083333333,157.3687,157.3687,157.3687,0.0,833.3333333333333,9874.074074074075,0.0
2025-08-07,0,115,19:10-19:20,988.3296166666667,0.0,1.6575,1.6979933035714285,41.47210476190469,1660.910563095238,196.4683880952382,196.4683880952382,196.4683880952382,0.0,833.3333333333333,8948.14814814815,0.0
2025-08-07,0,116,19:20-19:30,963.1166666666666,0.0,1.6751,1.717275,45.25333333333322,1707.974669047619,175.03666666666652,175.03666666666652,175.03666666666652,0.0,833.3333333333333,8022.2222222222235,0.0
2025-08-07,0,117,19:30-19:40,957.6134,0.039759523809523814,1.6758,1.7212964285714283,35.50663333333341,1744.0317523809522,159.74694047619062,159.74694047619062,159.74694047619062,0.0,833.3333333333333,7096.296296296297,0.0
2025-08-07,0,118,19:40-19:50,972.3015166666667,0.0,1.6814,1.7289526785714284,43.27037619047621,1736.1812357142858,182.2385595238096,182.2385595238096,182.2385595238096,0.0,833.3333333333333,6170.370370370371,0.0
2025-08-07,0,119,19:50-20:00,982.8333333333333,0.0,1.6827,1.7295718750000002,62.91666666666663,1691.6034958333335,212.41666666666674,212.41666666666674,212.41666666666674,0.0,833.3333333333333,5244.444444444445,0.0
2025-08-07,0,120,20:00-20:10,971.4046833333333,0.002854761904761904,1.6471,1.6907187499999998,41.67605000000003,1613.9159267857144,283.4775386904754,283.4775386904754,283.4775386904754,0.0,729.6003398809531,4433.777400132275,0.0
2025-08-07,0,121,20:10-20:20,963.1089333333332,0.0,1.6274,1.6679883928571428,29.86137857142853,1555.6136642857145,992.9703119047617,992.9703119047617,992.9703119047617,0.0,0.0,4433.777400132275,0.0
2025-08-07,0,122,20:20-20:30,971.9883333333333,0.0,1.6763,1.7181741071428576,43.27166666666676,1473.7066047619046,181.92666666666685,181.92666666666685,181.92666666666685,0.0,833.3333333333333,3507.851474206349,0.0
2025-08-07,0,123,20:30-20:40,986.0275499999999,0.00020476190476190475,1.7439,1.7906888392857148,36.6919095238095,1365.963688095238,189.38592142857135,189.38592142857135,189.38592142857135,0.0,833.3333333333333,2581.9255482804233,0.0
2025-08-07,0,124,20:40-20:50,977.83215,0.0,1.4859,1.5204379464285709,37.984983333333275,1243.732993452381,934.5613815476194,934.5613815476194,934.5613815476194,0.0,81.25575178571384,2491.64137962963,0.0
2025-08-07,0,125,20:50-21:00,951.7783333333333,0.0,1.0754,1.0877124999999999,60.15833333333342,1162.477241666667,1011.9366666666667,1011.9366666666667,1011.9366666666667,0.0,0.0,2491.64137962963,0.0
2025-08-07,0,126,21:00-21:10,939.2185333333333,0.0,1.0511,1.0607178571428573,46.86113333333333,1129.563554166667,986.0796666666666,986.0796666666666,986.0796666666666,0.0,0.0,2491.64137962963,0.0
2025-08-07,0,127,21:10-21:20,938.52115,0.0,1.0705,1.0841598214285715,49.216983333333246,1073.1995375000006,987.7381333333333,987.7381333333333,987.7381333333333,0.0,0.0,2491.64137962963,0.0
2025-08-07,0,128,21:20-21:30,953.3683333333333,0.0,1.0166,1.030852678571429,54.49000000000001,1037.690129166667,1007.8583333333333,1007.8583333333333,1007.8583333333333,0.0,0.0,2491.64137962963,0.0
2025-08-07,0,129,21:30-21:40,972.7374,0.0,1.0794,1.0933303571428572,36.719749999999976,997.2984625000004,726.9422791666664,726.9422791666664,726.9422791666664,0.0,282.51487083333365,2177.7359675925927,0.0
2025-08-07,0,130,21:40-21:50,880.6162166666666,0.0,0.893,0.9050794642857145,30.588833333333355,879.9623708333337,820.6066375000001,820.6066375000001,820.6066375000001,0.0,90.59841249999981,2077.071064814815,0.0
2025-08-07,0,131,21:50-22:00,753.5450000000001,0.0,0.5364,0.5459035714285715,56.10666666666668,789.3639583333337,823.0266666666672,823.0266666666672,823.0266666666672,13.375000000000403,0.0,2089.1085648148155,0.0
2025-08-07,0,132,22:00-22:10,787.4681999999999,0.0,0.498,0.5068602678571427,39.83843333333334,800.1977083333338,1660.6399666666666,1660.6399666666666,1660.6399666666666,833.3333333333333,0.0,2839.1085648148155,0.0
2025-08-07,0,133,22:10-22:20,791.7174499999999,0.0,0.5579,0.568532142857143,45.86505,728.2315250000004,837.5824999999999,837.5824999999999,837.5824999999999,0.0,0.0,2839.1085648148155,0.0
2025-08-07,0,134,22:20-22:30,740.0533333333333,0.0,0.5634,0.5768808035714283,49.46333333333325,624.5165583333339,789.5166666666665,789.5166666666665,789.5166666666665,0.0,0.0,2839.1085648148155,0.0
2025-08-07,0,135,22:30-22:40,788.23355,0.0,0.5799,0.5951272321428573,52.33274999999992,535.2733333333337,840.5663,840.5663,840.5663,0.0,0.0,2839.1085648148155,0.0
2025-08-07,0,136,22:40-22:50,776.4723166666665,0.0,0.5496,0.5649361607142858,47.64398333333315,469.88958333333346,824.1162999999997,824.1162999999997,824.1162999999997,0.0,0.0,2839.1085648148155,0.0
2025-08-07,0,137,22:50-23:00,700.2666666666667,0.0,0.4997,0.5131401785714287,58.85500000000002,398.16656250000017,1592.455,1592.455,1592.455,833.3333333333333,0.0,3589.1085648148155,0.0
2025-08-07,0,138,23:00-23:10,721.01965,0.0,0.5256,0.5355816964285712,34.991033333333235,367.5440041666666,1589.3440166666664,1589.3440166666664,1589.3440166666664,833.3333333333333,0.0,4339.1085648148155,0.0
2025-08-07,0,139,23:10-23:20,723.8172333333333,0.0,0.5275,0.536851339285714,43.51451666666674,302.97553750000014,946.1000113168717,946.1000113168717,946.1000113168717,178.76826131687164,0.0,4500.0,0.0
2025-08-07,0,140,23:20-23:30,711.2333333333332,0.0,0.5061,0.5173888392857142,40.92666666666662,230.76081666666676,1585.493333333333,1585.493333333333,1585.493333333333,833.3333333333333,0.0,5250.0,0.0
2025-08-07,0,141,23:30-23:40,790.9395,0.0,0.5542,0.565740625,46.244266666666704,181.12059166666663,837.1837666666667,837.1837666666667,837.1837666666667,0.0,0.0,5250.0,0.0
2025-08-07,0,142,23:40-23:50,748.1076333333333,0.0,0.5344,0.54665,52.07420000000002,92.45246666666674,800.1818333333333,800.1818333333333,800.1818333333333,0.0,0.0,5250.0,0.0
2025-08-07,0,143,23:50-24:00,599.1316666666667,0.0,0.4323,0.4452995535714287,75.745,43.61291666666662,1508.21,1508.21,1508.21,833.3333333333333,0.0,6000.0,0.0
2025-08-08,0,0,0:00-0:10,588.3903499999999,0.0,0.3876,0.3981459821428571,49.59293333333335,1628.7447297619037,637.9832833333332,637.9832833333332,637.9832833333332,0.0,0.0,7399.0024704563475,0.0
2025-08-08,0,1,0:10-0:20,620.7766333333333,0.0,0.4233,0.43513973214285706,46.64509999999996,1649.470288095238,667.4217333333332,667.4217333333332,667.4217333333332,0.0,0.0,7399.0024704563475,0.0
2025-08-08,0,2,0:20-0:30,610.1949999999999,0.0,0.4714,0.4851160714285715,50.613333333333344,1638.151333928571,0.0,0.0,0.0,0.0,660.8083333333333,6664.770988974866,0.0
2025-08-08,0,3,0:30-0:40,578.8349333333333,0.0,0.4454,0.45458616071428587,25.010700000000156,1612.1555005952378,65.52459206547735,65.52459206547735,65.52459206547735,0.0,538.3210412678561,6066.636498677248,0.0
2025-08-08,0,4,0:40-0:50,588.4542666666666,0.0,0.4205,0.42815223214285714,47.5016833333334,1575.434603571429,635.95595,635.95595,635.95595,0.0,0.0,6066.636498677248,0.0
2025-08-08,0,5,0:50-1:00,613.1466666666666,0.0,0.4263,0.4363410714285714,62.93166666666673,1595.7366994047625,676.0783333333334,676.0783333333334,676.0783333333334,0.0,0.0,6066.636498677248,0.0
2025-08-08,0,6,1:00-1:10,574.6091166666666,0.0,0.4195,0.42755223214285737,64.32720000000018,1624.809066666667,638.9363166666668,638.9363166666668,638.9363166666668,0.0,0.0,6066.636498677248,0.0
2025-08-08,0,7,1:10-1:20,565.3131833333333,0.0,0.4123,0.41909866071428575,60.59713333333343,1535.63424047619,625.9103166666667,625.9103166666667,625.9103166666667,0.0,0.0,6066.636498677248,0.0
2025-08-08,0,8,1:20-1:30,594.4183333333333,0.0,0.4187,0.42768973214285727,56.945000000000164,1489.5683357142855,651.3633333333335,651.3633333333335,651.3633333333335,0.0,0.0,6066.636498677248,0.0
2025-08-08,0,9,1:30-1:40,580.5720166666666,0.0,0.4343,0.4452428571428572,49.01044999999988,1504.3556571428571,629.5824666666665,629.5824666666665,629.5824666666665,0.0,0.0,6066.636498677248,0.0
2025-08-08,0,10,1:40-1:50,584.6488666666667,0.0,0.4331,0.44076785714285693,47.14298333333329,1442.811735714285,631.79185,631.79185,631.79185,0.0,0.0,6066.636498677248,0.0
2025-08-08,0,11,1:50-2:00,613.73,0.0,0.4291,0.43345714285714265,50.058333333333394,1375.9820738095234,663.7883333333334,663.7883333333334,663.7883333333334,0.0,0.0,6066.636498677248,0.0
2025-08-08,0,12,2:00-2:10,602.83455,0.0,0.4544,0.4646857142857144,69.88016666666658,1339.6818208333332,0.0,0.0,0.0,0.0,672.7147166666666,5319.175702380951,0.0
2025-08-08,0,13,2:10-2:20,562.2408499999999,0.0,0.4408,0.45123794642857146,51.78525000000013,1311.6918410714281,614.0261,614.0261,614.0261,0.0,0.0,5319.175702380951,0.0
2025-08-08,0,14,2:20-2:30,533.8666666666666,0.0,0.4042,0.41004241071428577,49.014999999999986,1273.6759476190477,582.8816666666665,582.8816666666665,582.8816666666665,0.0,0.0,5319.175702380951,0.0
2025-08-08,0,15,2:30-2:40,550.4332333333333,0.0,0.4253,0.43657187499999994,39.23923333333323,1223.9252172619047,589.6724666666665,589.6724666666665,589.6724666666665,0.0,0.0,5319.175702380951,0.0
2025-08-08,0,16,2:40-2:50,563.2655666666667,0.0,0.4121,0.42079508928571435,45.59465,1121.7063630952377,608.8602166666667,608.8602166666667,608.8602166666667,0.0,0.0,5319.175702380951,0.0
2025-08-08,0,17,2:50-3:00,564.64,0.0,0.3902,0.3896607142857142,53.508333333333326,1065.2698839285713,618.1483333333333,618.1483333333333,618.1483333333333,0.0,0.0,5319.175702380951,0.0
2025-08-08,0,18,3:00-3:10,588.1267833333333,0.0,0.4725,0.47651875000000016,34.021433333333334,1019.2949988095244,0.0,0.0,0.0,0.0,622.1482166666666,4627.899906084655,0.0
2025-08-08,0,19,3:10-3:20,589.2857166666666,0.00013095238095238096,0.4819,0.49052142857142866,51.98994999999991,935.7896482142862,0.0,0.0,0.0,0.0,641.2755357142856,3915.3715330687824,0.0
2025-08-08,0,20,3:20-3:30,561.165,0.0,0.4037,0.41100491071428574,49.31999999999982,893.5855440476196,610.4849999999998,610.4849999999998,610.4849999999998,0.0,0.0,3915.3715330687824,0.0
2025-08-08,0,21,3:30-3:40,546.3899833333332,0.0,0.4051,0.41329598214285695,48.54383095238097,865.5847107142861,594.9338142857142,594.9338142857142,594.9338142857142,0.0,0.0,3915.3715330687824,0.0
2025-08-08,0,22,3:40-3:50,554.0281666666666,0.0027,0.4369,0.44618169642857136,33.83775000000003,791.7603767857145,587.8632166666666,587.8632166666666,587.8632166666666,0.0,0.0,3915.3715330687824,0.0
2025-08-08,0,23,3:50-4:00,556.765,0.0,0.4402,0.4484392857142856,41.42666666666673,670.7204136904758,598.1916666666667,598.1916666666667,598.1916666666667,0.0,0.0,3915.3715330687824,0.0
2025-08-08,0,24,4:00-4:10,526.1789166666666,0.0,0.4154,0.4213294642857142,41.65788571428561,595.4696589285709,567.8368023809522,567.8368023809522,567.8368023809522,0.0,0.0,3915.3715330687824,0.0
2025-08-08,0,25,4:10-4:20,534.2850166666666,0.03758809523809524,0.4088,0.41489642857142867,53.74806666666666,526.9609499999993,587.9954952380951,587.9954952380951,587.9954952380951,0.0,0.0,3915.3715330687824,0.0
2025-08-08,0,26,4:20-4:30,574.5233333333333,0.0,0.4308,0.4389843750000001,70.51666666666665,470.52621726190483,645.04,645.04,645.04,0.0,0.0,3915.3715330687824,0.0
2025-08-08,0,27,4:30-4:40,566.7774833333333,0.0,0.4498,0.45781874999999994,50.517900000000054,448.52510654761846,0.0,0.0,0.0,0.0,617.2953833333333,3229.487773809523,0.0
2025-08-08,0,28,4:40-4:50,551.0288499999999,0.5235333333333333,0.4512,0.45807946428571444,38.90764999999999,428.3028696428571,0.0,0.0,0.0,0.0,589.4129666666665,2574.584477513227,0.0
2025-08-08,0,29,4:50-5:00,561.6483333333333,0.0,0.4344,0.441679017857143,62.264999999999986,403.3869738095237,623.9133333333333,623.9133333333333,623.9133333333333,0.0,0.0,2574.584477513227,0.0
2025-08-08,0,30,5:00-5:10,584.4931166666667,0.0,0.409,0.41885,43.43794047619053,404.4826011904757,627.9310571428572,627.9310571428572,627.9310571428572,0.0,0.0,2574.584477513227,0.0
2025-08-08,0,31,5:10-5:20,561.8946833333333,8.86773095238095,0.3905,0.39931964285714283,41.14326904761913,425.2681571428577,594.1702214285715,594.1702214285715,594.1702214285715,0.0,0.0,2574.584477513227,0.0
2025-08-08,0,32,5:20-5:30,503.49499999999995,39.89732142857143,0.347,0.35222008928571424,36.158214285714166,388.3680095238093,1333.089226190476,1333.089226190476,1333.089226190476,833.3333333333333,0.0,3324.584477513227,0.0
2025-08-08,0,33,5:30-5:40,480.0583833333333,79.43055476190476,0.2699,0.27549821428571414,44.40222142857158,341.87936369047577,1278.3633833333333,1278.3633833333333,1278.3633833333333,833.3333333333333,0.0,4074.584477513227,0.0
2025-08-08,0,34,5:40-5:50,494.8395833333333,122.24285238095237,0.4213,0.4265120535714287,44.189959523809534,315.78734523809516,416.7866904761904,416.7866904761904,416.7866904761904,0.0,0.0,4074.584477513227,0.0
2025-08-08,0,35,5:50-6:00,514.0699999999999,167.38571428571424,0.7017,0.7051906250000001,42.74077380952383,322.6503482142857,0.0,0.0,0.0,0.0,389.4250595238095,3641.8899669312163,0.0
2025-08-08,0,36,6:00-6:10,503.82921666666664,215.67999523809524,0.7261,0.7310816964285715,33.32984285714292,341.3399279761903,0.0,0.0,0.0,0.0,321.47906428571434,3284.6910066137557,0.0
2025-08-08,0,37,6:10-6:20,504.05696666666665,264.3412714285714,0.6748,0.6813241071428572,36.35771190476191,368.00608273809473,0.0,0.0,0.0,0.0,276.07340714285715,2977.9427764550255,0.0
2025-08-08,0,38,6:20-6:30,512.0116666666667,312.36428571428576,0.6478,0.6531830357142859,55.39869047619038,426.0541577380948,0.0,0.0,0.0,0.0,255.04607142857128,2694.558252645502,0.0
2025-08-08,0,39,6:30-6:40,491.58863333333335,360.96388095238103,0.5739,0.5761428571428571,41.56571190476188,506.0897827380946,0.0,0.0,0.0,0.0,172.19046428571414,2503.235514550264,0.0
2025-08-08,0,40,6:40-6:50,513.7486333333333,409.58674285714284,0.5945,0.5959562500000002,46.08826190476191,625.3288940476186,0.0,0.0,0.0,0.0,150.25015238095233,2336.29090079365,0.0
2025-08-08,0,41,6:50-7:00,565.0616666666666,461.5767857142856,0.6621,0.664621875,39.78261904761894,733.8716029761902,0.0,0.0,0.0,0.0,143.26749999999993,2177.104789682539,0.0
2025-08-08,0,42,7:00-7:10,561.2992666666667,520.4145857142856,0.5859,0.5871669642857141,33.29023809523824,767.3622726190472,0.0,0.0,0.0,0.0,74.17491904761926,2094.688212962962,0.0
2025-08-08,0,43,7:10-7:20,576.7232666666666,573.3971428571429,0.5676,0.5694973214285713,34.417638095238146,754.3197172619045,0.0,0.0,0.0,0.0,37.74376190476187,2052.750699735449,0.0
2025-08-08,0,44,7:20-7:30,598.0933333333332,620.7017857142856,0.6079,0.6116642857142857,47.7030952380951,739.7620291666665,0.0,0.0,0.0,0.0,25.09464285714273,2024.8677632275128,0.0
2025-08-08,0,45,7:30-7:40,540.0004833333332,673.8116714285713,0.5322,0.5338486607142859,50.620959523809404,742.3809869047616,0.0,0.0,0.0,42.589607995294465,0.0,2063.198410423278,0.0
2025-08-08,0,46,7:40-7:50,534.5310999999999,722.1197214285714,0.651,0.651021875,46.30182142857137,715.1543809523804,0.0,0.0,0.0,141.28680000000008,0.0,2190.356530423278,0.0
2025-08-08,0,47,7:50-8:00,604.7416666666666,762.58125,0.9139,0.9144450892857144,51.373154761904715,815.6230297619031,0.0,0.0,0.0,106.4664285714284,-0.0,2286.176316137564,0.0
2025-08-08,0,48,8:00-8:10,633.9620833333333,804.7176238095236,0.9211,0.9214223214285714,50.59351190476201,977.5586845238076,0.0,0.0,0.0,14.72071649030106,0.0,2299.424960978835,0.0
2025-08-08,0,49,8:10-8:20,606.8996166666666,854.9074095238094,0.8125,0.8119843750000001,59.84654523809513,989.4824648809512,0.0,0.0,0.0,-0.0,52.21964285714257,2241.40313558201,0.0
2025-08-08,0,50,8:20-8:30,558.7733333333333,911.2937499999999,0.743,0.7416089285714286,78.83345238095251,937.2628220238087,0.0,0.0,0.0,-0.0,45.3007886904757,2191.0689259259257,0.0
2025-08-08,0,51,8:30-8:40,541.9613833333333,968.768726190476,0.7235,0.721308035714286,59.904095238095124,891.962033333333,0.0,0.0,0.0,366.90324761904753,-0.0,2521.2818487830687,0.0
2025-08-08,0,52,8:40-8:50,581.6052666666667,1037.2762928571428,0.6941,0.6908124999999999,73.60527619047627,854.9117583333327,0.0,0.0,0.0,0.0,-0.0,2521.2818487830687,0.0
2025-08-08,0,53,8:50-9:00,640.0916666666667,1104.230357142857,0.6528,0.6470625000000002,80.80261904761903,818.5894190476184,0.0,0.0,0.0,0.0,410.8251002142888,2064.8095152116366,0.0
2025-08-08,0,54,9:00-9:10,651.98525,1145.3134238095238,0.6547,0.6452316964285714,95.4625309523812,745.7080053571424,0.0,0.0,0.0,-0.0,0.0,2064.8095152116366,0.0
2025-08-08,0,55,9:10-9:20,660.75,1192.7881499999999,0.6832,0.6750607142857145,62.05717619047613,753.1825374999992,0.0,0.0,0.0,-0.0,0.0,2064.809515211637,0.0
2025-08-08,0,56,9:20-9:30,679.25,1248.1410714285714,0.6749,0.6689124999999999,64.95113095238062,765.7092333333319,0.0,0.0,0.0,-0.0,0.0,2064.809515211638,0.0
2025-08-08,0,57,9:30-9:40,674.7284166666666,1277.7018666666665,0.6037,0.5933424107142857,74.4899000000001,778.3285636904743,0.0,0.0,0.0,528.4835499999998,-0.0,2540.444710211638,0.0
2025-08-08,0,58,9:40-9:50,665.0433166666667,1288.1316714285715,0.6905,0.6959883928571429,65.55352619047608,785.9156124999981,0.0,0.0,0.0,-0.0,471.904523714285,2016.1063505290986,0.0
2025-08-08,0,59,9:50-10:00,666.5983333333334,1299.2892857142856,0.9111,0.9429888392857144,59.85815476190487,734.4957154761885,0.0,0.0,0.0,572.8327976190474,0.0,2531.6558683862413,0.0
2025-08-08,0,60,10:00-10:10,678.4074833333333,1325.2437238095235,0.9936,1.0237669642857143,60.11160476190472,628.5427244047601,0.0,0.0,0.0,-0.0,544.4810315476186,1926.6769444444426,0.0
2025-08-08,0,61,10:10-10:20,688.9669666666666,1347.48305,0.912,0.9368580357142859,70.21943571428591,654.0092499999982,0.0,0.0,0.0,157.75935258671328,0.0,2068.6603617724845,0.0
2025-08-08,0,62,10:20-10:30,685.1966666666667,1363.2089285714285,0.8224,0.851577232142857,85.67422619047613,781.794325595236,0.0,0.0,0.0,592.3380357142858,-0.0,2601.7645939153417,0.0
2025-08-08,0,63,10:30-10:40,665.9346499999999,1385.8261452380953,0.8583,0.887855357142857,86.44038095238125,839.5841249999985,0.0,0.0,0.0,0.0,542.361723214285,1999.1404570105806,0.0
2025-08-08,0,64,10:40-10:50,671.7177833333333,1399.3219,0.6254,0.6419464285714287,100.96065714285723,719.2264113095227,0.0,0.0,0.0,626.6434595238094,0.0,2563.119570582009,0.0
2025-08-08,0,65,10:50-11:00,698.6616666666666,1410.1026785714287,0.2527,0.25145133928571417,108.39690476190496,562.8845684523791,0.0,0.0,0.0,-0.0,666.4648010238096,1822.6031249999983,0.0
2025-08-08,0,66,11:00-11:10,702.6101999999998,1439.2180619047617,0.2892,0.2841674107142857,106.90294285714262,560.3428124999989,0.0,0.0,0.0,629.7049190476192,0.0,2389.3375521428557,0.0
2025-08-08,0,67,11:10-11:20,697.2269166666666,1448.8105857142855,0.3557,0.3537620535714287,114.28470714285724,574.3075660714264,0.0,0.0,0.0,-0.0,315.14771895238187,2039.1734199735429,0.0
2025-08-08,0,68,11:20-11:30,701.2683333333332,1446.6035714285713,0.2661,0.26623526785714285,124.16452380952396,755.2560779761886,0.0,0.0,0.0,-0.0,16.795882738094267,2020.511328042327,0.0
2025-08-08,0,69,11:30-11:40,715.7869499999999,1478.065338095238,0.2209,0.22074196428571438,105.64270000000018,738.4601952380942,0.0,0.0,0.0,656.6356880952379,0.0,2611.483447328041,0.0
2025-08-08,0,70,11:40-11:50,712.6961166666666,1499.6073452380954,0.2345,0.23284866071428573,102.26503333333373,631.9696898809513,0.0,0.0,0.0,106.18244535567305,0.0,2707.0476481481473,0.0
2025-08-08,0,71,11:50-12:00,698.1083333333332,1501.8973214285716,0.2482,0.24455758928571422,109.31083333333333,572.0117821428565,0.0,0.0,0.0,-0.0,833.3333333333333,1781.1217222222215,0.0
2025-08-08,0,72,12:00-12:10,707.6163833333333,1520.229630952381,0.2159,0.20965044642857142,133.5590285714287,523.0095499999993,0.0,0.0,0.0,679.0542190476191,0.0,2392.2705193650786,0.0
2025-08-08,0,73,12:10-12:20,729.2194999999999,1540.0959261904763,0.2266,0.2178571428571428,115.05527380952367,520.461854761904,0.0,0.0,0.0,695.8211523809528,-0.0,3018.509556507936,0.0
2025-08-08,0,74,12:20-12:30,738.1683333333333,1543.8758928571426,0.2407,0.22996830357142858,110.99892857142856,464.518394047618,0.0,0.0,0.0,694.7086309523808,0.0,3643.747324365079,0.0
2025-08-08,0,75,12:30-12:40,722.1194833333334,1529.9411095238095,0.1568,0.14614649999999998,150.70002142857174,446.1562434523793,0.0,0.0,0.0,637.347621340392,0.0,4217.360183571432,0.0
2025-08-08,0,76,12:40-12:50,718.1822166666667,1519.1000142857142,0.2557,0.24203750000000004,139.70368571428605,596.3948482142845,0.0,0.0,0.0,661.2141119047615,0.0,4812.452884285717,0.0
2025-08-08,0,77,12:50-13:00,735.9549999999999,1499.8473214285714,0.5144,0.5027214285714287,88.58726190476182,674.9358202380948,0.0,0.0,0.0,675.3050595238096,0.0,5420.227437857146,0.0
2025-08-08,0,78,13:00-13:10,747.3162333333332,1445.0449476190472,0.6093,0.6053736607142854,86.03755952380932,653.610954166666,0.0,0.0,0.0,611.6911547619046,0.0,5970.749477142859,0.0
2025-08-08,0,79,13:10-13:20,734.0665,1413.1546619047617,0.6171,0.615622767857143,76.20370238095241,707.1197630952372,0.0,0.0,0.0,602.8844595238093,0.0,6513.345490714288,0.0
2025-08-08,0,80,13:20-13:30,710.2583333333333,1413.4107142857142,0.6203,0.6141040178571426,71.96119047619057,651.1527607142853,0.0,0.0,0.0,631.1911904761902,-0.0,7081.4175621428585,0.0
2025-08-08,0,81,13:30-13:40,708.25065,1398.8780499999998,0.6247,0.6176834821428573,79.62093333333323,714.2383190476188,0.0,0.0,0.0,611.0064666666666,0.0,7631.3233821428585,0.0
2025-08-08,0,82,13:40-13:50,716.9881,1380.7745690476188,0.7205,0.7279928571428573,70.38234285714293,765.5878345238093,0.0,0.0,0.0,593.4041261904757,-0.0,8165.387095714286,0.0
2025-08-08,0,83,13:50-14:00,730.0016666666667,1355.1080357142855,0.8746,0.9032223214285716,53.24821428571438,773.0634267857138,0.0,0.0,0.0,571.8581547619044,-0.0,8680.059435000001,0.0
2025-08-08,0,84,14:00-14:10,755.0617333333332,1299.9076547619045,0.9488,0.9832937499999997,37.75495000000001,805.4608523809522,0.0,0.0,0.0,507.09097142857127,-0.0,9136.441309285716,0.0
2025-08-08,0,85,14:10-14:20,792.3585333333333,1242.3510333333334,0.9639,0.9948785714285716,67.69194523809512,864.542269642857,0.0,0.0,0.0,382.30055476190495,-0.0,9480.51180857143,0.0
2025-08-08,0,86,14:20-14:30,806.1366666666665,1198.2723214285713,0.9824,1.012270535714286,91.0191666666667,895.3283392857139,0.0,0.0,0.0,301.1164880952381,-0.0,9751.516647857143,0.0
2025-08-08,0,87,14:30-14:40,760.6246833333332,1158.565619047619,1.0038,1.0390285714285719,93.0853166666667,894.4601696428568,0.0,0.0,0.0,304.85561904761926,-0.0,10025.886705,0.0
2025-08-08,0,88,14:40-14:50,750.1083833333333,1110.783,0.7958,0.822159375,64.91905952380972,956.3169333333332,0.0,0.0,0.0,295.75555714285656,0.0,10292.066706428572,0.0
2025-08-08,0,89,14:50-15:00,779.185,1054.5116071428572,0.4615,0.46892053571428566,91.41601190476189,1024.6141339285714,0.0,0.0,0.0,183.9105952380952,0.0,10457.586242142857,0.0
2025-08-08,0,90,15:00-15:10,761.4743833333333,999.3954095238093,0.3748,0.3788825892857144,90.15448571428561,1064.6842380952382,0.0,0.0,0.0,147.76654047619036,0.0,10590.576128571427,0.0
2025-08-08,0,91,15:10-15:20,735.36645,944.9216142857144,0.4234,0.42814375,75.5224642857143,1120.9428547619052,0.0,0.0,0.0,134.0327000000002,0.0,10711.205558571428,0.0
2025-08-08,0,92,15:20-15:30,734.905,888.9214285714286,0.4942,0.49787901785714295,61.89470238095225,1141.8508375000006,0.0,0.0,0.0,92.12172619047635,0.0,10794.115112142857,0.0
2025-08-08,0,93,15:30-15:40,753.5682833333333,832.7285357142856,0.5781,0.585145982142857,72.62148809523819,1136.4284416666671,0.0,0.0,0.0,6.538764285714137,-0.0,10800.0,0.0
2025-08-08,0,94,15:40-15:50,770.7050333333333,786.8642857142855,0.5904,0.5974544642857141,77.1067071428572,1175.475391071429,60.947454761904964,60.947454761904964,60.947454761904964,0.0,0.0,10800.0,0.0
2025-08-08,0,95,15:50-16:00,775.9699999999999,747.4053571428572,0.5716,0.575692857142857,62.241130952380956,1253.4360380952392,90.80577380952377,90.80577380952377,90.80577380952377,-0.0,0.0,10800.0,0.0
2025-08-08,0,96,16:00-16:10,772.5877999999999,700.8004999999999,0.6402,0.6467691964285712,58.54359047619039,1377.0629726190487,130.33089047619035,130.33089047619035,130.33089047619035,0.0,0.0,10800.0,0.0
2025-08-08,0,97,16:10-16:20,764.7696166666666,661.0031547619047,0.6577,0.665871875,49.333340476190415,1491.847715476191,153.09980238095227,153.09980238095227,153.09980238095227,0.0,0.0,10800.0,0.0
2025-08-08,0,98,16:20-16:30,766.8249999999999,628.4357142857143,0.6198,0.6264870535714285,62.45999999999992,1508.4803255952386,200.84928571428554,200.84928571428554,200.84928571428554,0.0,0.0,10800.0,0.0
2025-08-08,0,99,16:30-16:40,782.6805666666667,586.8026785714285,0.663,0.6695080357142856,59.43301904761904,1580.768313095239,255.31090714285722,255.31090714285722,255.31090714285722,0.0,0.0,10800.0,0.0
2025-08-08,0,100,16:40-16:50,739.4994333333334,535.4096857142856,0.6915,0.6982857142857141,53.58042619047603,1617.7399791666676,257.6701738095238,257.6701738095238,257.6701738095238,0.0,0.0,10800.0,0.0
2025-08-08,0,101,16:50-17:00,653.5666666666666,480.15625,0.6807,0.6876589285714285,60.655178571428564,1636.5138446428577,234.06559523809517,234.06559523809517,234.06559523809517,0.0,0.0,10800.0,0.0
2025-08-08,0,102,17:00-17:10,626.5956833333332,427.3515261904762,0.7109,0.7187964285714283,49.7190047619049,1663.7206172619053,248.96316190476193,248.96316190476193,248.96316190476193,0.0,0.0,10800.0,0.0
2025-08-08,0,103,17:10-17:20,666.9870999999999,375.17165476190473,0.7547,0.7641875,44.59698095238082,1730.3688023809527,336.412426190476,336.412426190476,336.412426190476,0.0,0.0,10800.0,0.0
2025-08-08,0,104,17:20-17:30,728.2399999999999,321.94910714285714,0.7844,0.7958062500000002,56.66851190476177,1787.016327380953,462.9594047619045,462.9594047619045,462.9594047619045,0.0,0.0,10800.0,0.0
2025-08-08,0,105,17:30-17:40,748.0021499999999,268.49054047619046,0.8163,0.8292946428571427,50.97051428571433,1784.8130482142856,530.4821238095237,530.4821238095237,530.4821238095237,0.0,0.0,10800.0,0.0
2025-08-08,0,106,17:40-17:50,722.8965,216.61251904761903,0.9258,0.9379397321428572,54.71042142857152,1766.9082196428571,560.9944023809525,560.9944023809525,560.9944023809525,0.0,-0.0,10800.0,0.0
2025-08-08,0,107,17:50-18:00,684.0249999999999,167.90178571428572,1.0879,1.0984258928571426,35.00309523809511,1735.8465363095238,551.1263095238091,551.1263095238091,551.1263095238091,0.0,-0.0,10800.0,0.0
2025-08-08,0,108,18:00-18:10,671.6728499999999,122.95975238095237,1.1866,1.1987535714285715,41.05815238095232,1643.9045392857142,589.7712499999999,589.7712499999999,589.7712499999999,-0.0,0.0,10800.0,0.0
2025-08-08,0,109,18:10-18:20,685.1522666666666,80.38827619047618,1.2055,1.2192629464285718,62.010095238095346,1644.8522249999994,666.7740857142858,666.7740857142858,666.7740857142858,0.0,0.0,10800.0,0.0
2025-08-08,0,110,18:20-18:30,711.03,40.79375,1.2015,1.2134830357142863,51.031785714285775,1722.588959523809,721.2680357142857,721.2680357142857,721.2680357142857,-0.0,0.0,10800.0,0.0
2025-08-08,0,111,18:30-18:40,728.9202333333333,9.138614285714283,1.2569,1.265969642857143,42.86299523809521,1704.1598821428568,762.6446142857142,762.6446142857142,762.6446142857142,0.0,0.0,10800.0,0.0
2025-08-08,0,112,18:40-18:50,702.7094333333332,0.0,1.3644,1.3860227678571433,43.7426857142857,1636.9656434523808,746.4521190476189,746.4521190476189,746.4521190476189,0.0,0.0,10800.000000000002,0.0
2025-08-08,0,113,18:50-19:00,658.9499999999999,0.0,1.4619,1.503483482142857,66.96982142857132,1683.0426946428572,598.2711053571409,598.2711053571409,598.2711053571409,0.0,127.64871607143044,10658.168093253968,0.0
2025-08-08,0,114,19:00-19:10,664.4635999999999,0.5408642857142857,1.4854,1.5281379464285716,34.187999999999874,1693.8620249999997,0.0,0.0,0.0,0.0,698.1107357142855,9882.489498015872,0.0
2025-08-08,0,115,19:10-19:20,682.51235,0.0,1.4884,1.5270808035714283,41.47210476190469,1620.4985297619048,0.0,0.0,0.0,0.0,723.9844547619047,9078.0623260582,0.0
2025-08-08,0,116,19:20-19:30,687.3666666666666,0.0,1.4917,1.5319258928571435,45.25333333333322,1667.5626357142855,0.0,0.0,0.0,0.0,732.6199999999998,8264.040103835978,0.0
2025-08-08,0,117,19:30-19:40,687.5007333333333,0.03883095238095238,1.4712,1.5157843750000002,35.50663333333341,1703.2847190476186,0.0,0.0,0.0,0.0,722.9685357142857,7460.741730820104,0.0
2025-08-08,0,118,19:40-19:50,678.5016833333333,0.0,1.4687,1.5154450892857145,43.27037619047621,1690.9484190476185,0.0,0.0,0.0,0.0,721.7720595238095,6658.772775793649,0.0
2025-08-08,0,119,19:50-20:00,670.9066666666666,0.0,1.4865,1.5322419642857137,66.09833333333336,1641.4007624999995,0.0,0.0,0.0,0.0,737.005,5839.878331349205,0.0
2025-08-08,0,120,20:00-20:10,685.8638833333332,0.002788095238095238,1.482,1.5261964285714285,41.67605000000003,1566.894860119047,0.0,0.0,0.0,0.0,727.5371452380951,5031.503725529099,0.0
2025-08-08,0,121,20:10-20:20,712.3584666666667,0.0,1.4635,1.504910267857143,29.86137857142853,1508.592597619047,0.0,0.0,0.0,0.0,742.2198452380952,4206.815008597882,0.0
2025-08-08,0,122,20:20-20:30,725.0833333333333,0.0,1.4987,1.5392178571428574,43.27166666666676,1426.6855380952375,0.0,0.0,0.0,0.0,768.355,3353.087230820104,0.0
2025-08-08,0,123,20:30-20:40,704.3748499999999,0.00017857142857142857,1.5892,1.632940178571428,36.6919095238095,1318.9426214285706,0.0,0.0,0.0,0.0,741.0665809523808,2529.6799186507924,0.0
2025-08-08,0,124,20:40-20:50,676.4196,0.0,1.3157,1.3479169642857147,37.984983333333275,1196.7119267857133,633.1488315476194,633.1488315476194,633.1488315476194,0.0,81.25575178571384,2439.395749999999,0.0
2025-08-08,0,125,20:50-21:00,658.18,0.0,0.8449,0.8565736607142859,60.15833333333342,1115.4561749999993,718.3383333333334,718.3383333333334,718.3383333333334,0.0,0.0,2439.395749999999,0.0
2025-08-08,0,126,21:00-21:10,651.2013499999999,0.0,0.8012,0.809624107142857,46.86113333333333,1082.5424874999994,1272.7811613168733,1272.7811613168733,1272.7811613168733,574.7186779835399,0.0,2956.642560185185,0.0
2025-08-08,0,127,21:10-21:20,676.4338833333334,0.0,0.8868,0.898635267857143,49.216983333333246,1026.1784708333332,725.6508666666666,725.6508666666666,725.6508666666666,0.0,0.0,2956.642560185185,0.0
2025-08-08,0,128,21:20-21:30,715.7966666666666,0.0,0.9322,0.9452392857142853,54.49000000000001,990.6690624999997,770.2866666666666,770.2866666666666,770.2866666666666,0.0,0.0,2956.642560185185,0.0
2025-08-08,0,129,21:30-21:40,711.3172500000001,0.0,1.0184,1.0320250000000002,36.719749999999976,950.277395833333,0.0,0.0,0.0,0.0,748.037,2125.4903379629627,0.0
2025-08-08,0,130,21:40-21:50,626.6240666666666,0.0,0.7919,0.8039013392857141,30.588833333333355,832.9413041666663,566.6144874999998,566.6144874999998,566.6144874999998,0.0,90.59841250000022,2024.8254351851847,0.0
2025-08-08,0,131,21:50-22:00,538.7283333333332,0.0,0.3995,0.4094665178571429,70.71333333333348,742.3428916666663,1442.775,1442.775,1442.775,833.3333333333333,0.0,2774.8254351851847,0.0
2025-08-08,0,132,22:00-22:10,572.4168999999999,0.0,0.3891,0.4006629464285713,48.75383333333332,767.7833083333333,1454.5040666666664,1454.5040666666664,1454.5040666666664,833.3333333333333,0.0,3524.8254351851847,0.0
2025-08-08,0,133,22:10-22:20,617.98495,0.0,0.4728,0.48547991071428565,45.86505,704.7325249999998,663.85,663.85,663.85,0.0,0.0,3524.8254351851847,0.0
2025-08-08,0,134,22:20-22:30,605.9516666666666,0.0,0.4609,0.4731982142857142,61.058333333333394,601.0175583333333,667.01,667.01,667.01,0.0,0.0,3524.8254351851847,0.0
2025-08-08,0,135,22:30-22:40,578.5008833333333,0.0,0.4613,0.47470714285714294,52.33274999999992,523.3693333333332,630.8336333333332,630.8336333333332,630.8336333333332,0.0,0.0,3524.8254351851847,0.0
2025-08-08,0,136,22:40-22:50,618.5595999999999,0.0,0.5111,0.5253763392857144,47.64398333333315,457.985583333333,666.2035833333331,666.2035833333331,666.2035833333331,0.0,0.0,3524.8254351851847,0.0
2025-08-08,0,137,22:50-23:00,686.1333333333333,0.0,0.5578,0.5703901785714286,59.65333333333342,386.2625624999997,0.0,0.0,0.0,0.0,745.7866666666667,2696.1735833333328,0.0
2025-08-08,0,138,23:00-23:10,654.4719,0.0,0.5174,0.5258763392857142,36.30600000000004,356.43833749999953,690.7779,690.7779,690.7779,0.0,0.0,2696.1735833333328,0.0
2025-08-08,0,139,23:10-23:20,576.9544666666666,0.0,0.4502,0.45888482142857134,43.51451666666674,293.1848374999999,958.0538907407413,958.0538907407413,958.0538907407413,337.584907407408,0.0,3000.0,0.0
2025-08-08,0,140,23:20-23:30,533.4266666666666,0.0,0.4147,0.42670624999999995,41.26166666666677,220.9701166666665,1408.0216666666665,1408.0216666666665,1408.0216666666665,833.3333333333333,0.0,3750.0,0.0
2025-08-08,0,141,23:30-23:40,557.1621166666666,0.0,0.4172,0.4282491071428573,50.73005000000012,171.66489166666653,1441.2255,1441.2255,1441.2255,833.3333333333333,0.0,4500.0,0.0
2025-08-08,0,142,23:40-23:50,578.3795,0.0,0.4132,0.4249299107142858,57.044116666666696,87.48255000000006,1468.75695,1468.75695,1468.75695,833.3333333333333,0.0,5250.0,0.0
2025-08-08,0,143,23:50-24:00,573.7916666666666,0.0,0.4042,0.41775892857142866,75.745,43.61291666666662,1482.87,1482.87,1482.87,833.3333333333333,0.0,6000.0,0.0
2025-08-09,0,0,0:00-0:10,581.0781999999999,0.0,0.4325,0.44207366071428567,49.59293333333335,1598.0052202380946,630.6711333333333,630.6711333333333,630.6711333333333,0.0,0.0,7524.799313968257,0.0
2025-08-09,0,1,0:10-0:20,593.5202833333333,0.0,0.4718,0.48248080357142864,46.64509999999996,1618.7307785714286,0.0,0.0,0.0,0.0,640.1653833333332,6813.504443597886,0.0
2025-08-09,0,2,0:20-0:30,589.9216666666666,0.0,0.4821,0.495910267857143,50.613333333333344,1607.4118244047615,0.0,0.0,0.0,0.0,640.535,6101.798888042331,0.0
2025-08-09,0,3,0:30-0:40,557.6303,0.0,0.4431,0.45132053571428565,25.010700000000156,1577.1834910714283,0.0,0.0,0.0,0.0,582.6410000000002,5454.4199991534415,0.0
2025-08-09,0,4,0:40-0:50,527.5021666666667,0.0,0.3959,0.4031249999999999,47.5016833333334,1530.3853803571433,575.00385,575.00385,575.00385,0.0,0.0,5454.4199991534415,0.0
2025-08-09,0,5,0:50-1:00,518.2383333333332,0.0,0.3785,0.3904116071428573,62.93166666666673,1536.9741184523818,581.17,581.17,581.17,0.0,0.0,5454.4199991534415,0.0
2025-08-09,0,6,1:00-1:10,532.2786166666666,0.0,0.4035,0.4132964285714286,64.32720000000018,1566.0464857142867,596.6058166666668,596.6058166666668,596.6058166666668,0.0,0.0,5454.4199991534415,0.0
2025-08-09,0,7,1:10-1:20,594.8291999999999,0.0,0.4541,0.4614258928571428,60.59713333333343,1476.8716595238102,0.0,0.0,0.0,0.0,655.4263333333333,4726.16851767196,0.0
2025-08-09,0,8,1:20-1:30,636.2583333333333,0.0,0.4783,0.4870415178571429,56.945000000000164,1430.8057547619055,0.0,0.0,0.0,0.0,693.2033333333335,3955.942591746034,0.0
2025-08-09,0,9,1:30-1:40,557.3499999999999,0.0,0.4335,0.44397678571428567,49.01044999999988,1451.0108142857148,606.3604499999998,606.3604499999998,606.3604499999998,0.0,0.0,3955.942591746034,0.0
2025-08-09,0,10,1:40-1:50,534.02185,0.0,0.4226,0.4295674107142856,47.14298333333329,1389.466892857143,581.1648333333333,581.1648333333333,581.1648333333333,0.0,0.0,3955.942591746034,0.0
2025-08-09,0,11,1:50-2:00,592.305,0.0,0.4478,0.45128348214285724,50.058333333333394,1322.637230952381,0.0,0.0,0.0,0.0,642.3633333333333,3242.2055547089967,0.0
2025-08-09,0,12,2:00-2:10,586.2788333333333,0.0,0.4167,0.4265767857142856,69.88016666666658,1286.3369779761906,656.1589999999999,656.1589999999999,656.1589999999999,0.0,0.0,3242.2055547089967,0.0
2025-08-09,0,13,2:10-2:20,559.0190166666666,0.0,0.4047,0.4151026785714286,51.78525000000013,1258.3469982142856,610.8042666666668,610.8042666666668,610.8042666666668,0.0,0.0,3242.2055547089967,0.0
2025-08-09,0,14,2:20-2:30,550.79,0.0,0.4333,0.4387544642857143,49.014999999999986,1220.331104761905,599.805,599.805,599.805,0.0,0.0,3242.2055547089967,0.0
2025-08-09,0,15,2:30-2:40,549.7610666666667,0.0,0.4395,0.4495629464285715,39.23923333333323,1170.580374404762,181.606606714284,181.606606714284,181.606606714284,0.0,407.3936932857159,2789.5458955026456,0.0
2025-08-09,0,16,2:40-2:50,546.2031999999999,0.0,0.4105,0.4187625,45.59465,1063.1299345238092,591.7978499999999,591.7978499999999,591.7978499999999,0.0,0.0,2789.5458955026456,0.0
2025-08-09,0,17,2:50-3:00,544.7033333333333,0.0,0.3806,0.38034107142857154,53.508333333333326,1010.9420946428579,598.2116666666666,598.2116666666666,598.2116666666666,0.0,0.0,2789.5458955026456,0.0
2025-08-09,0,18,3:00-3:10,556.8344166666666,0.0,0.3984,0.39994821428571425,43.1350666666666,964.2062940476198,599.9694833333332,599.9694833333332,599.9694833333332,0.0,0.0,2789.5458955026456,0.0
2025-08-09,0,19,3:10-3:20,569.2358666666667,9.523809523809524e-05,0.434,0.4398767857142857,51.98994999999991,889.814576785715,621.2257214285713,621.2257214285713,621.2257214285713,0.0,0.0,2789.5458955026456,0.0
2025-08-09,0,20,3:20-3:30,561.6616666666666,0.0,0.451,0.4580133928571429,49.31999999999982,847.6104726190483,0.0,0.0,0.0,0.0,610.9816666666665,2110.6773769841275,0.0
2025-08-09,0,21,3:30-3:40,531.6496999999999,0.0,0.4384,0.445721875,44.70804047619049,819.6096392857147,500.4414779761904,500.4414779761904,500.4414779761904,0.0,75.91626250000003,2026.3259742063497,0.0
2025-08-09,0,22,3:40-3:50,544.97385,0.0024761904761904764,0.4293,0.4364790178571427,33.83775000000003,743.6933767857147,578.8091238095238,578.8091238095238,578.8091238095238,0.0,0.0,2026.3259742063497,0.0
2025-08-09,0,23,3:50-4:00,572.3883333333333,0.0,0.4174,0.424165625,66.88833333333332,622.6534136904759,639.2766666666666,639.2766666666666,639.2766666666666,0.0,0.0,2026.3259742063497,0.0
2025-08-09,0,24,4:00-4:10,520.6980333333333,0.0,0.3682,0.3746825892857143,41.65788571428561,564.2414184523813,562.355919047619,562.355919047619,562.355919047619,0.0,0.0,2026.3259742063497,0.0
2025-08-09,0,25,4:10-4:20,484.8226666666667,0.03445952380952381,0.3335,0.3396428571428572,53.74806666666666,492.93470059523827,1371.8696071428571,1371.8696071428571,1371.8696071428571,833.3333333333333,0.0,2776.3259742063497,0.0
2025-08-09,0,26,4:20-4:30,507.2783333333333,0.0,0.3367,0.3425696428571429,76.15999999999997,447.9208839285715,1416.7716666666665,1416.7716666666665,1416.7716666666665,833.3333333333333,0.0,3526.3259742063497,0.0
2025-08-09,0,27,4:30-4:40,533.3753999999999,0.0,0.355,0.3609066964285715,61.28657142857139,426.6532708333333,594.6619714285713,594.6619714285713,594.6619714285713,0.0,0.0,3526.3259742063497,0.0
2025-08-09,0,28,4:40-4:50,524.4526333333333,0.47995476190476194,0.381,0.3862459821428573,50.51871666666659,423.4910571428568,574.4913952380952,574.4913952380952,574.4913952380952,0.0,0.0,3526.3259742063497,0.0
2025-08-09,0,29,4:50-5:00,496.8933333333333,0.0,0.4004,0.4056392857142856,62.264999999999986,410.0124029761902,559.1583333333333,559.1583333333333,559.1583333333333,0.0,0.0,3526.3259742063497,0.0
2025-08-09,0,30,5:00-5:10,499.98294999999996,0.0,0.398,0.4059285714285716,43.43794047619053,393.7885720238089,543.4208904761905,543.4208904761905,543.4208904761905,0.0,0.0,3526.3259742063497,0.0
2025-08-09,0,31,5:10-5:20,515.1056833333333,8.05827619047619,0.3989,0.40666830357142836,41.14326904761913,450.62332440476234,548.1906761904763,548.1906761904763,548.1906761904763,0.0,0.0,3526.3259742063497,0.0
2025-08-09,0,32,5:20-5:30,511.02,37.080357142857146,0.3786,0.3837049107142856,30.740476190476215,386.8102999999997,504.68011904761903,504.68011904761903,504.68011904761903,0.0,0.0,3526.3259742063497,0.0
2025-08-09,0,33,5:30-5:40,479.1881333333333,75.28267857142856,0.3171,0.3226517857142857,44.40222142857158,334.9039160714283,1281.6410095238095,1281.6410095238095,1281.6410095238095,833.3333333333333,0.0,4276.325974206349,0.0
2025-08-09,0,34,5:40-5:50,478.9017833333333,116.15819047619046,0.4376,0.44241651785714275,44.189959523809534,294.17628095238103,132.92235595238031,132.92235595238031,132.92235595238031,0.0,274.01119642857213,3971.8690892857135,0.0
2025-08-09,0,35,5:50-6:00,509.17999999999995,159.1348214285714,0.6607,0.6640232142857144,42.74077380952383,248.3242172619048,0.0,0.0,0.0,0.0,392.7859523809524,3535.4402533068774,0.0
2025-08-09,0,36,6:00-6:10,511.93549999999993,206.72542619047616,0.6677,0.6737035714285712,33.32984285714292,258.5395107142856,0.0,0.0,0.0,0.0,338.5399166666667,3159.284790343914,0.0
2025-08-09,0,37,6:10-6:20,507.90115,253.61914523809517,0.6299,0.6368861607142856,36.35771190476191,285.7520845238092,0.0,0.0,0.0,0.0,290.6397166666668,2836.3517718253956,0.0
2025-08-09,0,38,6:20-6:30,505.15666666666664,299.2758928571429,0.6432,0.6478946428571428,55.39869047619038,305.087671428571,0.0,0.0,0.0,0.0,261.27946428571414,2546.0412559523797,0.0
2025-08-09,0,39,6:30-6:40,491.41903333333335,348.0155142857143,0.6219,0.6253089285714287,48.541159523809426,356.6432071428567,0.0,0.0,0.0,0.0,191.94467857142854,2332.7693908730143,0.0
2025-08-09,0,40,6:40-6:50,503.52823333333333,396.88708095238087,0.5617,0.5642017857142857,50.46275952380961,435.3944684523807,0.0,0.0,0.0,0.0,157.10391190476207,2158.2094887566122,0.0
2025-08-09,0,41,6:50-7:00,539.7483333333332,450.62678571428575,0.526,0.5270366071428569,47.589880952380895,509.8518761904758,0.0,0.0,0.0,0.0,136.71142857142837,2006.3079014550256,0.0
2025-08-09,0,42,7:00-7:10,559.3454999999999,516.0162523809523,0.5808,0.5802209821428572,33.29023809523824,567.3370101190472,0.0,0.0,0.0,0.0,76.61948571428582,1921.1751395502636,0.0
2025-08-09,0,43,7:10-7:20,569.6702166666666,571.0053619047618,0.6275,0.6271732142857143,34.417638095238146,585.0171363095237,0.0,0.0,0.0,0.0,33.08249285714294,1884.416814153438,0.0
2025-08-09,0,44,7:20-7:30,572.2149999999999,615.8973214285713,0.5986,0.5998959821428576,47.7030952380951,600.5513678571426,0.0,0.0,0.0,0.0,4.020773809523689,1879.9492876984118,0.0
2025-08-09,0,45,7:30-7:40,560.2194833333333,670.9665976190475,0.5442,0.5455200892857143,51.27752142857139,611.9543589285706,0.0,0.0,0.0,49.70143592004759,-0.0,1924.6805800264547,0.0
2025-08-09,0,46,7:40-7:50,565.2877666666666,718.861219047619,0.6781,0.6768785714285716,46.30182142857137,652.212522023809,0.0,0.0,0.0,15.950389476778284,0.0,1939.0359305555548,0.0
2025-08-09,0,47,7:50-8:00,574.405,758.7669642857143,0.8875,0.8835330357142858,43.146250000000094,665.1323374999996,0.0,0.0,0.0,55.32330246913564,0.0,1988.8269027777774,0.0
2025-08-09,0,48,8:00-8:10,549.5369333333333,809.3921571428571,0.841,0.8376093750000001,45.23029047619052,709.9442124999996,0.0,0.0,0.0,-0.0,7.6742488095232595,1980.2999596560849,0.0
2025-08-09,0,49,8:10-8:20,564.7202,862.9182095238094,0.7842,0.7817339285714286,57.20715000000007,702.2699636904764,0.0,0.0,0.0,240.99085952380938,0.0,2197.1917332275134,0.0
2025-08-09,0,50,8:20-8:30,597.42,915.1714285714285,0.7903,0.7870602678571429,76.58232142857133,675.2799571428574,0.0,0.0,0.0,-0.0,243.89510276190498,1926.1971746031745,0.0
2025-08-09,0,51,8:30-8:40,564.5572,971.624119047619,0.7062,0.7012982142857144,56.728957142857155,653.5774571428572,0.0,0.0,0.0,-0.0,18.435273809524595,1905.713537037036,0.0
2025-08-09,0,52,8:40-8:50,629.6819833333333,1033.7020595238096,0.7364,0.7306665178571429,70.61653333333331,635.1421833333326,0.0,0.0,0.0,48.232828483244425,0.0,1949.1230826719561,0.0
2025-08-09,0,53,8:50-9:00,747.6949999999999,1093.305357142857,0.8268,0.8199142857142853,80.80261904761903,674.2107744047605,0.0,0.0,0.0,77.13824588477354,0.0,2018.5475039682524,0.0
2025-08-09,0,54,9:00-9:10,701.5502333333334,1140.9741095238096,0.706,0.6956049107142857,71.38490714285717,736.6927535714271,0.0,0.0,0.0,368.03896904761905,0.0,2349.7825761111094,0.0
2025-08-09,0,55,9:10-9:20,663.1650166666666,1194.1789214285714,0.6279,0.6178508928571427,57.75321190476188,767.1626404761898,0.0,0.0,0.0,0.0,263.8287643333329,2056.6395046296284,0.0
2025-08-09,0,56,9:20-9:30,677.6266666666667,1249.4339285714286,0.6372,0.6283410714285715,63.648750000000234,770.9755541666653,0.0,0.0,0.0,508.1585119047618,-0.0,2513.982165343914,0.0
2025-08-09,0,57,9:30-9:40,631.1832666666667,1282.9256785714285,0.5605,0.547728125,65.17040714285704,782.2925035714272,0.0,0.0,0.0,-0.0,402.02388928571435,2067.2889550264536,0.0
2025-08-09,0,58,9:40-9:50,671.50785,1300.790726190476,0.7064,0.7100830357142859,65.20870714285707,780.5600595238081,0.0,0.0,0.0,564.0741690476191,0.0,2574.955707169311,0.0
2025-08-09,0,59,9:50-10:00,753.7783333333333,1320.0285714285712,0.9721,1.000618303571429,57.8982738095238,728.7953434523795,0.0,0.0,0.0,289.21843603762443,0.0,2835.2522996031735,0.0
2025-08-09,0,60,10:00-10:10,677.25455,1351.475138095238,0.911,0.9335294642857142,55.634283333333315,620.88247142857,0.0,0.0,0.0,-0.0,833.3333333333336,1909.3263736772471,0.0
2025-08-09,0,61,10:10-10:20,647.1700999999999,1370.5378642857142,0.829,0.8468950892857146,63.24970238095261,638.3937363095224,0.0,0.0,0.0,149.15474353321534,0.0,2043.565642857141,0.0
2025-08-09,0,62,10:20-10:30,706.0383333333332,1378.0026785714285,0.8931,0.919972767857143,76.82726190476144,759.209078571427,0.0,0.0,0.0,156.1117004115238,0.0,2184.0661732275125,0.0
2025-08-09,0,63,10:30-10:40,693.1609333333333,1398.148114285714,0.9153,0.9425964285714289,82.75761190476207,813.5916934523797,0.0,0.0,0.0,622.2295690476186,-0.0,2744.072785370369,0.0
2025-08-09,0,64,10:40-10:50,696.6713500000001,1413.5377476190474,0.6401,0.653063839285714,90.60197857142873,689.5512107142846,0.0,0.0,0.0,-0.0,833.3333333333333,1818.1468594444434,0.0
2025-08-09,0,65,10:50-11:00,719.2316666666667,1427.5964285714283,0.2402,0.23515937500000003,108.39690476190496,512.7580232142839,0.0,0.0,0.0,599.9678571428567,0.0,2358.117930873014,0.0
2025-08-09,0,66,11:00-11:10,665.4906333333333,1460.401861904762,0.1627,0.15662774999999995,137.10087619047613,507.63893869047513,0.0,0.0,0.0,657.8103523809525,-0.0,2950.147248015871,0.0
2025-08-09,0,67,11:10-11:20,644.1733833333333,1474.4195999999997,0.1952,0.18889601785714283,119.46776666666665,555.6676184523791,0.0,0.0,0.0,-0.0,833.3333333333333,2024.2213220899453,0.0
2025-08-09,0,68,11:20-11:30,672.7333333333333,1472.9410714285714,0.1858,0.18049599999999996,124.16452380952396,741.7991898809507,0.0,0.0,0.0,-0.0,16.79588273809468,2005.559230158729,0.0
2025-08-09,0,69,11:30-11:40,663.72585,1497.1533714285715,0.1969,0.19278214285714285,114.4623357142857,725.0033071428562,0.0,0.0,0.0,718.9651857142858,0.0,2652.6278973015865,0.0
2025-08-09,0,70,11:40-11:50,681.7662666666666,1519.1477404761904,0.2244,0.2196982142857143,102.26503333333373,627.3324374999987,0.0,0.0,0.0,-0.0,741.8507117380952,1828.349328703703,0.0
2025-08-09,0,71,11:50-12:00,737.0766666666666,1530.192857142857,0.2368,0.2290165178571428,109.31083333333333,565.5143958333326,0.0,0.0,0.0,0.0,0.0,1828.349328703703,0.0
2025-08-09,0,72,12:00-12:10,757.1938833333334,1549.2004023809523,0.2122,0.2009593749999999,133.5590285714287,516.5121636904755,0.0,0.0,0.0,658.4474904761902,0.0,2420.952070132274,0.0
2025-08-09,0,73,12:10-12:20,717.7809666666667,1558.3212500000002,0.196,0.18297903571428575,117.63373095238089,515.8246023809515,0.0,0.0,0.0,722.9065523809526,-0.0,3071.567967275131,0.0
2025-08-09,0,74,12:20-12:30,673.7149999999999,1550.9446428571428,0.1721,0.15897951785714284,118.21238095238104,462.4595988095228,0.0,0.0,0.0,759.0172619047618,0.0,3754.6835029894173,0.0
2025-08-09,0,75,12:30-12:40,705.25785,1539.1448523809522,0.1219,0.11149612499999997,150.88423333333344,455.33960238095074,0.0,0.0,0.0,683.0027690476188,-0.0,4369.385995132274,0.0
2025-08-09,0,76,12:40-12:50,733.5561833333333,1525.770652380952,0.3108,0.2957575892857142,139.70368571428605,605.7624190476176,0.0,0.0,0.0,36.48672921833008,0.0,4402.2240514287705,0.0
2025-08-09,0,77,12:50-13:00,728.975,1496.9830357142857,0.6256,0.6148236607142857,85.72857142857137,681.6175898809519,0.0,0.0,0.0,682.2794642857143,0.0,5016.275569285915,0.0
2025-08-09,0,78,13:00-13:10,735.4377166666666,1442.5607166666664,0.6668,0.6626571428571427,86.03755952380932,661.4627351190469,0.0,0.0,0.0,621.0854404761905,0.0,5575.252465714486,0.0
2025-08-09,0,79,13:10-13:20,733.8015499999999,1420.1281404761905,0.6771,0.673754017857143,76.20370238095241,711.5268494047609,0.0,0.0,0.0,610.1228880952382,0.0,6124.3630650002,0.0
2025-08-09,0,80,13:20-13:30,724.4783333333332,1430.8258928571427,0.7203,0.7113937500000003,69.48101190476206,654.9758398809518,0.0,0.0,0.0,636.8665476190474,0.0,6697.542957857343,0.0
2025-08-09,0,81,13:30-13:40,732.2726166666666,1419.7043833333332,0.6301,0.6192879464285713,79.62093333333323,719.9727833333328,0.0,0.0,0.0,607.8108333333333,0.0,7244.572707857343,0.0
2025-08-09,0,82,13:40-13:50,735.5179833333333,1400.673383333333,0.6814,0.6860473214285714,70.38234285714293,771.3222988095234,0.0,0.0,0.0,594.7730571428567,-0.0,7779.8684592859145,0.0
2025-08-09,0,83,13:50-14:00,727.54,1378.7455357142858,0.8782,0.9056660714285715,53.24821428571438,778.7978910714278,0.0,0.0,0.0,597.9573214285714,0.0,8318.030048571629,0.0
2025-08-09,0,84,14:00-14:10,723.1236333333333,1336.551557142857,0.9314,0.9633022321428572,37.75495000000001,810.3521023809519,0.0,0.0,0.0,575.6729738095237,-0.0,8836.1357250002,0.0
2025-08-09,0,85,14:10-14:20,715.8938833333333,1275.4889761904763,0.9174,0.9446116071428569,67.69194523809512,863.2352053571424,0.0,0.0,0.0,491.9031476190479,-0.0,9278.848557857344,0.0
2025-08-09,0,86,14:20-14:30,717.495,1215.8562499999998,0.9587,0.9855004464285713,91.0191666666667,894.0212749999993,0.0,0.0,0.0,407.34208333333316,0.0,9645.456432857343,0.0
2025-08-09,0,87,14:30-14:40,747.8442499999999,1177.8365428571428,1.0447,1.0775995535714284,90.11842857142858,893.1531053571423,0.0,0.0,0.0,339.8738642857136,0.0,9951.342910714484,0.0
2025-08-09,0,88,14:40-14:50,767.5385333333334,1127.3781357142857,0.8561,0.8798022321428574,64.91905952380972,952.0429809523803,0.0,0.0,0.0,294.9205428571406,0.0,10216.771399285906,0.0
2025-08-09,0,89,14:50-15:00,767.8633333333333,1059.4857142857143,0.5178,0.5222450892857143,91.41601190476189,1020.3401815476186,0.0,0.0,0.0,200.20636904761912,0.0,10396.957131428766,0.0
2025-08-09,0,90,15:00-15:10,769.0301,1003.5946071428572,0.4871,0.4897174107142858,87.74977142857136,1060.4102857142855,0.0,0.0,0.0,146.8147357142858,0.0,10529.090393571623,0.0
2025-08-09,0,91,15:10-15:20,728.5025999999999,955.83925,0.4846,0.4882870535714286,75.5224642857143,1114.2641880952383,0.0,0.0,0.0,151.81418571407164,0.0,10665.723160714286,0.0
2025-08-09,0,92,15:20-15:30,693.5766666666666,904.667857142857,0.4452,0.4465973214285713,61.89470238095225,1135.1721708333334,0.0,0.0,0.0,149.19648809523807,0.0,10800.0,0.0
2025-08-09,0,93,15:30-15:40,757.0981666666667,845.222180952381,0.5856,0.5900352678571429,72.62148809523819,1129.749775,0.0,0.0,0.0,-0.0,0.0,10800.0,0.0
2025-08-09,0,94,15:40-15:50,777.8534999999999,794.0727523809524,0.6486,0.6538477678571428,77.1067071428572,1168.7967244047618,60.88745476190479,60.88745476190479,60.88745476190479,0.0,0.0,10800.0,0.0
2025-08-09,0,95,15:50-16:00,733.05,752.4446428571429,0.5888,0.5913205357142857,62.241130952380956,1257.131345238096,42.84648809523799,42.84648809523799,42.84648809523799,-0.0,0.0,10800.0,0.0
2025-08-09,0,96,16:00-16:10,738.7452499999999,705.9736547619048,0.6148,0.6179129464285713,58.54359047619039,1380.7582797619052,91.31518571428558,91.31518571428558,91.31518571428558,0.0,0.0,10800.0,0.0
2025-08-09,0,97,16:10-16:20,756.4919333333333,660.4433166666665,0.6244,0.6291580357142857,49.333340476190415,1495.5430226190476,145.38195714285723,145.38195714285723,145.38195714285723,0.0,0.0,10800.0,0.0
2025-08-09,0,98,16:20-16:30,764.0883333333333,621.0491071428572,0.6178,0.6230633928571427,62.45999999999992,1512.1756327380951,205.49922619047595,205.49922619047595,205.49922619047595,0.0,0.0,10800.0,0.0
2025-08-09,0,99,16:30-16:40,774.4173499999999,584.4254976190476,0.7056,0.7106312500000002,59.43301904761904,1584.4636202380955,249.42487142857135,249.42487142857135,249.42487142857135,-0.0,0.0,10800.0,0.0
2025-08-09,0,100,16:40-16:50,718.92515,537.1024214285715,0.7122,0.7170388392857145,53.58042619047603,1621.4352863095241,235.4031547619046,235.4031547619046,235.4031547619046,0.0,0.0,10800.0,0.0
2025-08-09,0,101,16:50-17:00,634.1333333333333,479.7598214285715,0.6329,0.6380888392857144,60.655178571428564,1640.8870232142858,215.02869047619038,215.02869047619038,215.02869047619038,0.0,0.0,10800.0,0.0
2025-08-09,0,102,17:00-17:10,637.3117833333333,425.8547809523809,0.6505,0.6567651785714286,54.31193095238109,1684.9721291666667,265.7689333333335,265.7689333333335,265.7689333333335,0.0,0.0,10800.0,0.0
2025-08-09,0,103,17:10-17:20,667.1489333333333,373.65716190476184,0.7217,0.7300174107142858,40.876966666666476,1756.21324047619,334.3687380952379,334.3687380952379,334.3687380952379,0.0,0.0,10800.0,0.0
2025-08-09,0,104,17:20-17:30,676.8599999999999,320.9,0.7664,0.7759522321428572,55.432738095238165,1809.1407511904758,411.3927380952381,411.3927380952381,411.3927380952381,0.0,0.0,10800.0,0.0
2025-08-09,0,105,17:30-17:40,678.7288833333333,268.45364047619046,0.7751,0.78318125,50.97051428571433,1805.7016982142854,461.2457571428572,461.2457571428572,461.2457571428572,0.0,0.0,10800.0,0.0
2025-08-09,0,106,17:40-17:50,678.9999499999999,216.0723357142857,0.9201,0.9295808035714287,54.71042142857152,1787.796869642857,517.6380357142857,517.6380357142857,517.6380357142857,0.0,0.0,10800.0,0.0
2025-08-09,0,107,17:50-18:00,679.8133333333333,165.57589285714283,1.1435,1.1567982142857145,35.84630952380962,1755.231669642857,550.08375,550.08375,550.08375,0.0,-0.0,10800.0,0.0
2025-08-09,0,108,18:00-18:10,684.1972166666666,119.93411904761905,1.2059,1.2193959821428577,47.25646666666671,1660.525386904762,611.5195642857143,611.5195642857143,611.5195642857143,0.0,0.0,10800.0,0.0
2025-08-09,0,109,18:10-18:20,704.63595,77.34474047619048,1.2358,1.2489196428571427,62.010095238095346,1666.4688869047618,689.3013047619048,689.3013047619048,689.3013047619048,0.0,0.0,10800.0,0.0
2025-08-09,0,110,18:20-18:30,714.7749999999999,38.36696428571428,1.2585,1.2702745535714282,51.031785714285775,1744.2056214285712,727.4398214285713,727.4398214285713,727.4398214285713,0.0,0.0,10800.0,0.0
2025-08-09,0,111,18:30-18:40,678.3571833333333,8.405721428571429,1.1932,1.201532589285715,42.86299523809521,1725.7765440476192,712.8144571428571,712.8144571428571,712.8144571428571,0.0,0.0,10800.0,0.0
2025-08-09,0,112,18:40-18:50,679.1379833333333,0.0,1.3098,1.3304955357142856,43.7426857142857,1659.9065386904758,722.880669047619,722.880669047619,722.880669047619,0.0,-0.0,10800.0,0.0
2025-08-09,0,113,18:50-19:00,711.3649999999999,0.0,1.5378,1.5783303571428573,66.96982142857132,1705.9835898809524,0.0,0.0,0.0,0.0,778.3348214285712,9935.183531746032,0.0
2025-08-09,0,114,19:00-19:10,686.1351,0.5014785714285714,1.5202,1.5600075892857146,34.187999999999874,1715.8866702380951,0.0,0.0,0.0,0.0,719.8216214285712,9135.38173015873,0.0
2025-08-09,0,115,19:10-19:20,659.1351999999999,0.0,1.464,1.4993924107142855,41.47210476190469,1642.217758333334,0.0,0.0,0.0,0.0,700.6073047619046,8356.929169312169,0.0
2025-08-09,0,116,19:20-19:30,662.93,0.0,1.4811,1.519900446428571,45.25333333333322,1689.2818642857146,0.0,0.0,0.0,0.0,708.1833333333332,7570.058798941798,0.0
2025-08-09,0,117,19:30-19:40,675.961,0.03600238095238095,1.4788,1.5230517857142858,35.50663333333341,1725.003947619048,0.0,0.0,0.0,0.0,711.431630952381,6779.579208994708,0.0
2025-08-09,0,118,19:40-19:50,701.2722999999999,0.0,1.5025,1.547088839285714,32.896402380952395,1712.6676476190478,0.0,0.0,0.0,0.0,734.1687023809523,5963.836206349206,0.0
2025-08-09,0,119,19:50-20:00,720.14,0.0,1.5259,1.567668303571428,66.09833333333336,1657.7159339285713,0.0,0.0,0.0,0.0,786.2383333333333,5090.238058201057,0.0
2025-08-09,0,120,20:00-20:10,703.8261833333332,0.0025857142857142854,1.4676,1.5108933035714285,41.67605000000003,1609.423364880952,0.0,0.0,0.0,0.0,745.4996476190476,4261.905116402116,0.0
2025-08-09,0,121,20:10-20:20,695.5569666666667,0.0,1.4532,1.4953580357142857,29.86137857142853,1551.121102380952,693.6662029761907,693.6662029761907,693.6662029761907,0.0,31.752142261904552,4226.624958333333,0.0
2025-08-09,0,122,20:20-20:30,704.1383333333333,0.0,1.5197,1.5586919642857147,43.27166666666676,1469.2140428571424,0.0,0.0,0.0,0.0,747.4100000000001,3396.169402777777,0.0
2025-08-09,0,123,20:30-20:40,700.6202666666666,0.00014523809523809525,1.5372,1.5772205357142859,36.6919095238095,1361.4711261904756,0.0,0.0,0.0,0.0,737.3120309523808,2576.933812830687,0.0
2025-08-09,0,124,20:40-20:50,712.9373499999999,0.0,1.2928,1.322415625,37.30711190476188,1239.2404315476188,665.9259011904763,665.9259011904763,665.9259011904763,0.0,84.31856071428543,2483.246523148148,0.0
2025-08-09,0,125,20:50-21:00,715.76,0.0,0.9296,0.9416937499999998,43.280000000000086,1154.921870833333,759.0400000000001,759.0400000000001,759.0400000000001,0.0,0.0,2483.246523148148,0.0
2025-08-09,0,126,21:00-21:10,658.21435,0.0,0.8363,0.8455946428571429,46.86113333333333,1107.5147874999998,705.0754833333333,705.0754833333333,705.0754833333333,0.0,0.0,2483.246523148148,0.0
2025-08-09,0,127,21:10-21:20,652.3504666666666,0.0,0.889,0.9003526785714288,49.216983333333246,1051.1507708333336,701.5674499999999,701.5674499999999,701.5674499999999,0.0,0.0,2483.246523148148,0.0
2025-08-09,0,128,21:20-21:30,688.8516666666666,0.0,0.9404,0.9514584821428577,54.49000000000001,1015.6413625,563.6694916666667,563.6694916666667,563.6694916666667,0.0,179.67217499999992,2283.610773148148,0.0
2025-08-09,0,129,21:30-21:40,640.8480999999999,0.0,0.9259,0.9370763392857144,36.719749999999976,975.2496958333334,560.2317583333335,560.2317583333335,560.2317583333335,0.0,117.33609166666642,2153.237337962963,0.0
2025-08-09,0,130,21:40-21:50,561.8590999999999,0.0,0.6912,0.7023638392857144,32.0923499999999,857.9136041666667,504.85655416666617,504.85655416666617,504.85655416666617,0.0,89.09489583333361,2054.243009259259,0.0
2025-08-09,0,131,21:50-22:00,534.5166666666667,0.0,0.3966,0.4074308035714287,75.5233333333332,768.8187083333332,1443.373333333333,1443.373333333333,1443.373333333333,833.3333333333333,0.0,2804.243009259259,0.0
2025-08-09,0,132,22:00-22:10,587.1967999999999,0.0,0.395,0.40596116071428584,48.75383333333332,799.0691249999999,1469.2839666666664,1469.2839666666664,1469.2839666666664,833.3333333333333,0.0,3554.243009259259,0.0
2025-08-09,0,133,22:10-22:20,607.6280666666667,0.0,0.4673,0.4782794642857144,45.86505,736.0183416666664,653.4931166666667,653.4931166666667,653.4931166666667,0.0,0.0,3554.243009259259,0.0
2025-08-09,0,134,22:20-22:30,568.6983333333333,0.0,0.4552,0.46634866071428543,61.058333333333394,632.303375,629.7566666666667,629.7566666666667,629.7566666666667,0.0,0.0,3554.243009259259,0.0
2025-08-09,0,135,22:30-22:40,548.2207333333333,0.0,0.415,0.4273138392857142,51.00851666666665,554.6551499999998,1432.5625833333334,1432.5625833333334,1432.5625833333334,833.3333333333333,0.0,4304.2430092592585,0.0
2025-08-09,0,136,22:40-22:50,561.9790166666667,0.0,0.4262,0.43906071428571447,47.64398333333315,487.94716666666636,1442.956333333333,1442.956333333333,1442.956333333333,833.3333333333333,0.0,5054.2430092592585,0.0
2025-08-09,0,137,22:50-23:00,581.0066666666667,0.0,0.4487,0.45967142857142845,60.875,416.22414583333307,641.8816666666667,641.8816666666667,641.8816666666667,0.0,0.0,5054.2430092592585,0.0
2025-08-09,0,138,23:00-23:10,572.2562666666666,0.0,0.3835,0.39054285714285714,36.30600000000004,387.62158749999946,1441.8955999999998,1441.8955999999998,1441.8955999999998,833.3333333333333,0.0,5804.2430092592585,0.0
2025-08-09,0,139,23:10-23:20,593.5407666666666,0.0,0.3796,0.387684375,43.51451666666674,324.36808749999983,1470.3886166666666,1470.3886166666666,1470.3886166666666,833.3333333333333,0.0,6554.2430092592585,0.0
2025-08-09,0,140,23:20-23:30,623.16,0.0,0.4437,0.45598660714285705,41.26166666666677,252.15336666666644,664.4216666666667,664.4216666666667,664.4216666666667,0.0,0.0,6554.2430092592585,0.0
2025-08-09,0,141,23:30-23:40,597.1711833333333,0.0,0.4443,0.45560535714285716,50.73005000000012,202.84814166666646,1060.8822518518527,1060.8822518518527,1060.8822518518527,412.9810185185195,0.0,6925.925925925926,0.0
2025-08-09,0,142,23:40-23:50,680.4875333333333,0.0,0.5075,0.5195642857142857,52.07420000000002,118.66579999999999,732.5617333333333,732.5617333333333,732.5617333333333,0.0,0.0,6925.925925925926,0.0
2025-08-09,0,143,23:50-24:00,816.2366666666667,0.0,0.5967,0.6107558035714284,49.53166666666675,69.82624999999987,32.43500000000017,32.43500000000017,32.43500000000017,0.0,833.3333333333333,6000.0,0.0
2025-08-10,0,0,0:00-0:10,765.8332166666667,0.0,0.5292,0.5384205357142858,49.59293333333335,1630.9333535714277,815.42615,815.42615,815.42615,0.0,0.0,7307.750244371695,0.0
2025-08-10,0,1,0:10-0:20,679.0305999999999,0.0,0.4482,0.4572808035714287,46.64509999999996,1651.9411666666665,1559.0090333333333,1559.0090333333333,1559.0090333333333,833.3333333333333,0.0,8057.750244371695,0.0
2025-08-10,0,2,0:20-0:30,684.8233333333333,0.0,0.4459,0.4579977678571429,50.613333333333344,1640.6222124999997,1282.3808395870055,1282.3808395870055,1282.3808395870055,546.944172920339,0.0,8550.0,0.0
2025-08-10,0,3,0:30-0:40,763.62095,0.0,0.4823,0.4908687499999999,26.65786666666679,1614.626379166666,790.2788166666668,790.2788166666668,790.2788166666668,0.0,0.0,8550.0,0.0
2025-08-10,0,4,0:40-0:50,791.2169666666666,0.0,0.5261,0.5351263392857144,47.5016833333334,1579.5526488095243,838.71865,838.71865,838.71865,0.0,0.0,8550.0,0.0
2025-08-10,0,5,0:50-1:00,755.9016666666666,0.0,0.5453,0.5582611607142856,62.93166666666673,1599.854744642858,818.8333333333334,818.8333333333334,818.8333333333334,0.0,0.0,8550.0,0.0
2025-08-10,0,6,1:00-1:10,747.9591166666667,0.0,0.5228,0.5315736607142856,64.32720000000018,1628.9271119047623,812.2863166666668,812.2863166666668,812.2863166666668,0.0,0.0,8550.0,0.0
2025-08-10,0,7,1:10-1:20,720.7776833333334,0.0,0.5179,0.5229973214285712,60.59713333333343,1539.7522857142853,781.3748166666668,781.3748166666668,781.3748166666668,0.0,0.0,8550.0,0.0
2025-08-10,0,8,1:20-1:30,692.5116666666665,0.0,0.5357,0.5428482142857143,56.945000000000164,1493.6863809523807,749.4566666666667,749.4566666666667,749.4566666666667,0.0,0.0,8550.0,0.0
2025-08-10,0,9,1:30-1:40,734.0907,0.0,0.5231,0.533657142857143,49.01044999999988,1508.4737023809525,783.1011499999998,783.1011499999998,783.1011499999998,0.0,0.0,8550.0,0.0
2025-08-10,0,10,1:40-1:50,732.5583333333334,0.0,0.4886,0.4964633928571428,47.14298333333329,1446.9297809523803,779.7013166666667,779.7013166666667,779.7013166666667,0.0,0.0,8550.0,0.0
2025-08-10,0,11,1:50-2:00,687.3116666666666,0.0,0.4674,0.4710263392857143,50.058333333333394,1380.1001190476186,737.37,737.37,737.37,0.0,0.0,8550.0,0.0
2025-08-10,0,12,2:00-2:10,710.5921333333333,0.0,0.4874,0.4961044642857142,69.88016666666658,1343.7998660714281,780.4722999999999,780.4722999999999,780.4722999999999,0.0,0.0,8550.0,0.0
2025-08-10,0,13,2:10-2:20,731.8950499999999,0.0,0.5089,0.5182415178571428,51.78525000000013,1315.8098863095233,783.6803,783.6803,783.6803,0.0,0.0,8550.0,0.0
2025-08-10,0,14,2:20-2:30,715.0616666666666,0.0,0.5205,0.5258933035714285,49.014999999999986,1277.7939928571427,764.0766666666666,764.0766666666666,764.0766666666666,0.0,0.0,8550.0,0.0
2025-08-10,0,15,2:30-2:40,700.3744499999999,0.0,0.5362,0.5459459821428571,39.23923333333323,1228.0432625,739.6136833333331,739.6136833333331,739.6136833333331,0.0,0.0,8550.0,0.0
2025-08-10,0,16,2:40-2:50,705.2463833333333,0.0,0.4943,0.5030160714285714,45.59465,1120.5928226190472,750.8410333333333,750.8410333333333,750.8410333333333,0.0,0.0,8550.0,0.0
2025-08-10,0,17,2:50-3:00,706.4283333333333,0.0,0.4463,0.44775580357142847,53.508333333333326,1068.404982738096,1593.27,1593.27,1593.27,833.3333333333333,0.0,9300.0,0.0
2025-08-10,0,18,3:00-3:10,674.1661333333333,0.0,0.5081,0.5099160714285714,34.021433333333334,1021.6691821428578,708.1875666666666,708.1875666666666,708.1875666666666,0.0,0.0,9300.0,0.0
2025-08-10,0,19,3:10-3:20,684.1287833333333,5.9523809523809524e-05,0.5318,0.5357446428571431,51.98994999999991,938.1638315476196,736.1186738095237,736.1186738095237,736.1186738095237,0.0,0.0,9300.0,0.0
2025-08-10,0,20,3:20-3:30,730.875,0.0,0.4914,0.49591116071428587,49.31999999999982,895.9597273809529,780.1949999999998,780.1949999999998,780.1949999999998,0.0,0.0,9300.0,0.0
2025-08-10,0,21,3:30-3:40,728.9782166666666,0.0,0.5062,0.5126486607142857,44.70804047619049,867.9588940476193,773.6862571428571,773.6862571428571,773.6862571428571,0.0,0.0,9300.0,0.0
2025-08-10,0,22,3:40-3:50,703.8530000000001,0.0021785714285714286,0.5223,0.5295383928571427,33.83775000000003,792.0426315476193,737.6885714285715,737.6885714285715,737.6885714285715,0.0,0.0,9300.0,0.0
2025-08-10,0,23,3:50-4:00,696.6383333333333,0.0,0.5011,0.5076964285714284,41.42666666666673,671.0026684523805,738.065,738.065,738.065,0.0,0.0,9300.0,0.0
2025-08-10,0,24,4:00-4:10,719.3364833333333,0.0,0.4731,0.48002678571428564,41.3756309523809,587.1290065476193,760.7121142857142,760.7121142857142,760.7121142857142,0.0,0.0,9300.0,0.0
2025-08-10,0,25,4:10-4:20,722.87785,0.030333333333333337,0.5017,0.5085683035714286,53.74806666666666,515.5400339285716,776.5955833333333,776.5955833333333,776.5955833333333,0.0,0.0,9300.0,0.0
2025-08-10,0,26,4:20-4:30,706.5833333333333,0.0,0.5581,0.5638526785714286,70.51666666666665,470.52621726190483,777.0999999999999,777.0999999999999,777.0999999999999,0.0,0.0,9300.0,0.0
2025-08-10,0,27,4:30-4:40,713.4202833333334,0.0,0.5472,0.5517214285714286,50.517900000000054,443.6152708333333,763.9381833333334,763.9381833333334,763.9381833333334,0.0,0.0,9300.0,0.0
2025-08-10,0,28,4:40-4:50,708.8195833333332,0.4225119047619047,0.5068,0.5107098214285714,38.90764999999999,419.1976625,747.3047214285713,747.3047214285713,747.3047214285713,0.0,0.0,9300.0,0.0
2025-08-10,0,29,4:50-5:00,682.0916666666667,0.0,0.4835,0.4882388392857143,62.264999999999986,401.0990904761904,744.3566666666667,744.3566666666667,744.3566666666667,0.0,0.0,9300.0,0.0
2025-08-10,0,30,5:00-5:10,661.9123333333333,0.0,0.4871,0.494136607142857,43.43794047619053,384.9475053571425,705.3502738095239,705.3502738095239,705.3502738095239,0.0,0.0,9300.0,0.0
2025-08-10,0,31,5:10-5:20,657.8508666666667,7.140233333333333,0.4841,0.4913258928571426,41.14326904761913,434.7188630952389,691.8539023809525,691.8539023809525,691.8539023809525,0.0,0.0,9300.0,0.0
2025-08-10,0,32,5:20-5:30,657.8066666666666,33.895535714285714,0.4438,0.4488678571428571,36.158214285714166,381.39256190476175,1493.4026785714282,1493.4026785714282,1493.4026785714282,833.3333333333333,0.0,10050.0,0.0
2025-08-10,0,33,5:30-5:40,659.6351999999999,71.29543809523808,0.4038,0.4076566964285714,44.40222142857158,334.9039160714283,1466.0753166666668,1466.0753166666668,1466.0753166666668,833.3333333333333,0.0,10800.0,0.0
2025-08-10,0,34,5:40-5:50,758.4899333333333,112.0108142857143,0.603,0.6069741071428573,44.189959523809534,294.17628095238103,410.7182107142842,410.7182107142842,410.7182107142842,0.0,279.95086785714426,10488.943480158729,0.0
2025-08-10,0,35,5:50-6:00,888.2466666666666,154.64107142857142,0.9309,0.9359093749999999,42.74077380952383,248.3242172619048,0.0,0.0,0.0,0.0,776.346369047619,9626.336403439152,0.0
2025-08-10,0,36,6:00-6:10,871.8783,201.6912523809524,1.0,1.006367857142857,33.32984285714292,248.93770892857134,0.0,0.0,0.0,0.0,703.5168904761905,8844.650969576718,0.0
2025-08-10,0,37,6:10-6:20,827.28755,247.7401238095238,0.9098,0.9165656249999999,36.35771190476191,273.17688452380935,0.0,0.0,0.0,0.0,615.9051380952382,8160.311927248676,0.0
2025-08-10,0,38,6:20-6:30,843.7483333333332,292.8142857142857,0.821,0.8263861607142855,55.39869047619038,292.0299601190475,0.0,0.0,0.0,0.0,606.3327380952379,7486.6088849206335,0.0
2025-08-10,0,39,6:30-6:40,893.6468499999999,342.21036428571426,0.8006,0.8034785714285713,48.541159523809426,343.5854958333331,0.0,0.0,0.0,0.0,599.9776452380951,6819.967056878306,0.0
2025-08-10,0,40,6:40-6:50,902.7199,392.6829333333333,0.8024,0.8052424107142857,50.46275952380961,425.1105160714286,0.0,0.0,0.0,0.0,560.4997261904764,6197.189583333332,0.0
2025-08-10,0,41,6:50-7:00,861.0483333333333,446.90892857142853,0.7756,0.7791316964285713,51.21244047619041,498.64333750000003,0.0,0.0,0.0,0.0,465.35184523809517,5680.131977513226,0.0
2025-08-10,0,42,7:00-7:10,825.1783,510.26737380952375,0.716,0.7158924107142859,34.23211666666663,563.0033077380951,0.0,0.0,0.0,0.0,349.14304285714286,5292.1952632275115,0.0
2025-08-10,0,43,7:10-7:20,816.7790499999999,567.2824476190476,0.7081,0.7060607142857143,43.8354976190476,615.279675,0.0,0.0,0.0,0.0,293.33209999999985,4966.270707671956,0.0
2025-08-10,0,44,7:20-7:30,818.3616666666667,617.5991071428571,0.6945,0.6937080357142859,47.7030952380951,652.8870124999996,0.0,0.0,0.0,0.0,248.46565476190472,4690.197757936507,0.0
2025-08-10,0,45,7:30-7:40,817.8677666666667,674.4119666666667,0.5848,0.5837513392857142,51.27752142857139,691.4916107142851,194.73332142857146,194.73332142857146,194.73332142857146,0.0,0.0,4690.197757936507,0.0
2025-08-10,0,46,7:40-7:50,934.5485333333332,724.3599571428572,0.7843,0.7818558035714286,46.30182142857137,702.7113035714283,0.0,0.0,0.0,0.0,256.49039761904737,4405.208427248676,0.0
2025-08-10,0,47,7:50-8:00,1118.8383333333331,768.6392857142857,1.1641,1.1604035714285714,43.146250000000094,695.7869541666665,0.0,0.0,0.0,0.0,393.3452976190474,3968.158096560846,0.0
2025-08-10,0,48,8:00-8:10,1176.3136333333332,822.0766333333332,1.1565,1.1525107142857145,45.23029047619052,744.1350244047625,0.0,0.0,0.0,0.0,399.46729047619044,3524.305551587301,0.0
2025-08-10,0,49,8:10-8:20,1141.0434833333334,869.4924714285713,1.0672,1.0643566964285713,57.20715000000007,749.0007863095234,0.0,0.0,0.0,0.0,328.75816190476223,3159.018705026454,0.0
2025-08-10,0,50,8:20-8:30,1107.475,914.2348214285714,1.0791,1.076701785714285,76.58232142857133,761.7706851190474,0.0,0.0,0.0,0.0,269.82249999999976,2859.2159272486765,0.0
2025-08-10,0,51,8:30-8:40,1135.2241166666665,977.0279428571426,1.0569,1.0513482142857142,56.728957142857155,808.2070333333334,0.0,0.0,0.0,0.0,214.92513095238098,2620.4102261904754,0.0
2025-08-10,0,52,8:40-8:50,1145.2138333333332,1043.5796238095236,0.985,0.9767370535714281,70.61653333333331,802.8716648809527,0.0,0.0,0.0,0.0,172.250742857143,2429.020511904761,0.0
2025-08-10,0,53,8:50-9:00,1132.295,1102.766964285714,0.9339,0.9247316964285713,80.80261904761903,824.8083505952375,0.0,0.0,0.0,0.0,110.33065476190495,2306.4308955026445,0.0
2025-08-10,0,54,9:00-9:10,1162.4794499999998,1156.351233333333,0.9759,0.965567857142857,71.38490714285717,887.2903297619043,0.0,0.0,0.0,0.0,77.5131238095239,2220.3052023809514,0.0
2025-08-10,0,55,9:10-9:20,1156.5724166666666,1208.3790642857143,0.9864,0.9763446428571431,57.75321190476188,904.806489880952,0.0,0.0,0.0,0.0,5.946564285714203,2213.697908730158,0.0
2025-08-10,0,56,9:20-9:30,1102.5233333333333,1254.1660714285715,0.9047,0.8939058035714285,63.648750000000234,912.3281178571424,0.0,0.0,0.0,87.99398809523791,0.0,2292.892498015872,0.0
2025-08-10,0,57,9:30-9:40,1081.17185,1284.6584785714285,0.8164,0.8025691964285714,59.542016666666655,923.6450672619044,0.0,0.0,0.0,143.94461190476204,0.0,2422.442648730158,0.0
2025-08-10,0,58,9:40-9:50,1122.7874833333333,1309.6685095238095,0.9226,0.9255258928571426,65.20870714285707,916.2842327380947,0.0,0.0,0.0,121.67231904761911,0.0,2531.947735873015,0.0
2025-08-10,0,59,9:50-10:00,1162.5383333333332,1336.3392857142858,1.1133,1.1396352678571426,57.8982738095238,864.519516666666,0.0,0.0,0.0,115.90267857142885,0.0,2636.260146587301,0.0
2025-08-10,0,60,10:00-10:10,1112.3425166666666,1362.1342380952378,1.0763,1.0961343750000003,55.634283333333315,756.6066446428565,0.0,0.0,0.0,194.15743809523792,0.0,2811.0018408730148,0.0
2025-08-10,0,61,10:10-10:20,1107.9568833333333,1376.5400476190475,1.0351,1.051197321428572,65.1797476190477,779.8714738095236,0.0,0.0,0.0,203.40341666666654,0.0,2994.064915873015,0.0
2025-08-10,0,62,10:20-10:30,1150.9466666666667,1385.2526785714285,1.0985,1.124857142857143,76.82726190476144,893.8235791666661,0.0,0.0,0.0,157.47875000000045,0.0,3135.795790873015,0.0
2025-08-10,0,63,10:30-10:40,1115.8691,1403.8245904761902,1.1082,1.135036607142857,82.75761190476207,932.4759845238084,0.0,0.0,0.0,205.1978785714282,0.0,3320.4738815873,0.0
2025-08-10,0,64,10:40-10:50,1125.19265,1415.836480952381,0.8652,0.8763883928571428,90.60197857142873,808.4355017857133,0.0,0.0,0.0,200.04185238095215,0.0,3500.5115487301573,0.0
2025-08-10,0,65,10:50-11:00,1178.0966666666666,1421.4044642857143,0.5184,0.5105727678571428,104.06053571428592,672.6987732142852,0.0,0.0,0.0,139.2472619047619,0.0,3625.834084444443,0.0
2025-08-10,0,66,11:00-11:10,1144.4075333333333,1437.276957142857,0.4453,0.4345718750000002,92.22839285714281,668.938281547619,632.6923023809522,632.6923023809522,632.6923023809522,833.3333333333333,0.0,4375.834084444443,0.0
2025-08-10,0,67,11:10-11:20,1120.6365999999998,1449.004645238095,0.5194,0.5113049107142857,102.59410476190503,663.3706083333327,0.0,0.0,0.0,225.7739404761901,0.0,4579.030630873014,0.0
2025-08-10,0,68,11:20-11:30,1139.9016666666666,1460.9839285714288,0.5638,0.5564,87.89571428571412,832.5680422619046,0.0,0.0,0.0,233.18654761904804,0.0,4788.898523730158,0.0
2025-08-10,0,69,11:30-11:40,1130.7540833333333,1492.4106809523805,0.5168,0.5104651785714285,99.0321404761903,779.5033500000004,0.0,0.0,0.0,262.62445714285695,0.0,5025.260535158729,0.0
2025-08-10,0,70,11:40-11:50,1092.8134499999999,1515.4763380952381,0.456,0.4495379464285714,101.12643095238067,666.4022851190475,250.95241887125326,250.95241887125326,250.95241887125326,572.4888760141109,0.0,5540.500523571429,0.0
2025-08-10,0,71,11:50-12:00,1063.8916666666667,1523.6580357142857,0.4224,0.4132625,105.5095238095239,611.4919999999995,479.0764880952381,479.0764880952381,479.0764880952381,833.3333333333333,0.0,6290.500523571429,0.0
2025-08-10,0,72,12:00-12:10,1078.8634333333332,1536.1106476190475,0.399,0.38552276785714285,116.94908571428584,558.6884583333331,493.03520476190465,493.03520476190465,493.03520476190465,833.3333333333333,0.0,7040.500523571429,0.0
2025-08-10,0,73,12:10-12:20,1086.9120166666667,1541.9606095238091,0.4159,0.40084107142857145,101.92411428571408,533.3445952380947,480.20885476190483,480.20885476190483,480.20885476190483,833.3333333333333,0.0,7790.500523571429,0.0
2025-08-10,0,74,12:20-12:30,1069.9616666666666,1535.9098214285714,0.4175,0.4038883928571429,104.77017857142862,464.2699749999993,472.15535714285716,472.15535714285716,472.15535714285716,833.3333333333333,0.0,8540.500523571429,0.0
2025-08-10,0,75,12:30-12:40,1064.7392499999999,1524.9442880952379,0.3408,0.32771428571428557,147.10303571428554,448.4332726190464,520.2313309523809,520.2313309523809,520.2313309523809,833.3333333333333,0.0,9290.500523571429,0.0
2025-08-10,0,76,12:40-12:50,1107.1818666666666,1510.8742476190475,0.4662,0.45186517857142844,139.70368571428605,595.0748916666653,0.0,0.0,0.0,263.98869523809503,0.0,9528.090349285714,0.0
2025-08-10,0,77,12:50-13:00,1175.4216666666666,1482.3142857142857,0.7392,0.7259482142857142,88.58726190476182,667.7797315476184,0.0,0.0,0.0,218.30535714285725,0.0,9724.565170714286,0.0
2025-08-10,0,78,13:00-13:10,1205.99665,1432.9501785714285,0.808,0.8021196428571429,87.86341428571416,655.2090636904754,0.0,0.0,0.0,139.09011428571444,0.0,9849.746273571429,0.0
2025-08-10,0,79,13:10-13:20,1197.24785,1420.378304761905,0.8126,0.8079482142857144,86.93218095238096,707.0990327380943,0.0,0.0,0.0,136.19827380952393,0.0,9972.32472,0.0
2025-08-10,0,80,13:20-13:30,1166.78,1441.1785714285716,0.8298,0.8179062500000001,69.48101190476206,656.7324321428567,0.0,0.0,0.0,204.9175595238096,0.0,10156.750523571429,0.0
2025-08-10,0,81,13:30-13:40,1139.1907999999999,1433.5162238095238,0.806,0.7912133928571431,79.62093333333323,725.1476499999995,0.0,0.0,0.0,214.7044904761908,0.0,10349.984565,0.0
2025-08-10,0,82,13:40-13:50,1151.5922666666665,1409.513345238095,0.9185,0.9204022321428572,70.38234285714293,776.49716547619,0.0,0.0,0.0,187.53873571428562,0.0,10518.769427142857,0.0
2025-08-10,0,83,13:50-14:00,1182.4899999999998,1380.6580357142857,1.1152,1.1414169642857144,53.24821428571438,783.9727577380945,0.0,0.0,0.0,144.9198214285716,0.0,10649.197266428571,0.0
2025-08-10,0,84,14:00-14:10,1175.5547166666665,1340.0141904761904,1.1464,1.1755584821428573,37.513047619047484,815.5269690476185,0.0,0.0,0.0,126.94642619047636,0.0,10763.44905,0.0
2025-08-10,0,85,14:10-14:20,1179.0147333333332,1287.3188452380953,1.1248,1.1484026785714285,67.69194523809512,868.1681696428564,0.0,0.0,0.0,40.61216666666701,0.0,10800.0,0.0
2025-08-10,0,86,14:20-14:30,1201.8816666666667,1235.2794642857143,1.1806,1.2044053571428572,91.0191666666667,898.9542392857134,0.0,0.0,0.0,0.0,57.621369047619055,10735.976256613756,0.0
2025-08-10,0,87,14:30-14:40,1200.16725,1195.8764833333335,1.2773,1.3067906249999994,90.11842857142858,898.0860696428563,0.0,0.0,0.0,0.0,94.40919523809498,10631.07715079365,0.0
2025-08-10,0,88,14:40-14:50,1181.9843,1136.0524357142856,1.04,1.0608763392857141,64.91905952380972,956.9759452380944,0.0,0.0,0.0,0.0,110.85092380952415,10507.909457671956,0.0
2025-08-10,0,89,14:50-15:00,1168.3933333333332,1061.442857142857,0.6198,0.6224156249999998,91.41601190476189,1025.2731458333328,198.36648809523808,198.36648809523808,198.36648809523808,0.0,0.0,10507.909457671956,0.0
2025-08-10,0,90,15:00-15:10,1173.5975333333333,1012.9245309523809,0.579,0.5785638392857144,87.74977142857136,1065.3432499999997,572.9678208406835,572.9678208406835,572.9678208406835,324.5450470311597,0.0,10800.0,0.0
2025-08-10,0,91,15:10-15:20,1187.5395833333332,972.6936095238095,0.6954,0.6966424107142856,71.60084761904761,1119.1971523809525,286.4468214285714,286.4468214285714,286.4468214285714,0.0,0.0,10800.0,0.0
2025-08-10,0,92,15:20-15:30,1193.0916666666667,922.5473214285714,0.7464,0.7466665178571427,61.73988095238087,1136.183518452381,332.28422619047615,332.28422619047615,332.28422619047615,0.0,-0.0,10800.0,0.0
2025-08-10,0,93,15:30-15:40,1182.3521333333333,863.4305238095236,0.7346,0.7348232142857144,72.62148809523819,1130.6063011904762,391.5430976190479,391.5430976190479,391.5430976190479,0.0,0.0,10800.0,0.0
2025-08-10,0,94,15:40-15:50,1186.4207,812.6519428571429,0.7481,0.7478843749999997,77.1067071428572,1169.653250595238,450.8754642857142,450.8754642857142,450.8754642857142,0.0,-0.0,10800.0,0.0
2025-08-10,0,95,15:50-16:00,1201.5783333333334,770.05,0.7947,0.7938290178571432,60.25880952380953,1257.987871428572,491.78714285714295,491.78714285714295,491.78714285714295,0.0,-0.0,10800.0,0.0
2025-08-10,0,96,16:00-16:10,1199.3030999999999,719.8090714285714,0.8128,0.8130589285714284,58.54359047619039,1382.8141511904769,538.0376190476189,538.0376190476189,538.0376190476189,0.0,-0.0,10800.0,0.0
2025-08-10,0,97,16:10-16:20,1226.22065,668.8377809523809,0.858,0.8591709821428569,49.333340476190415,1497.5988940476188,606.7162095238095,606.7162095238095,606.7162095238095,0.0,-0.0,10800.0,0.0
2025-08-10,0,98,16:20-16:30,1258.105,624.1964285714286,0.9304,0.9318620535714288,62.45999999999992,1514.2315041666668,696.3685714285715,696.3685714285715,696.3685714285715,0.0,-0.0,10800.0,0.0
2025-08-10,0,99,16:30-16:40,1221.7893,584.156811904762,0.9624,0.9651879464285714,59.43301904761904,1586.519491666667,697.0655071428569,697.0655071428569,697.0655071428569,0.0,-0.0,10800.0,0.0
2025-08-10,0,100,16:40-16:50,1204.3466833333332,535.5600999999999,0.9613,0.9658727678571432,53.58042619047603,1623.4911577380954,722.3670095238092,722.3670095238092,722.3670095238092,0.0,-0.0,10800.0,0.0
2025-08-10,0,101,16:50-17:00,1231.3016666666667,477.5866071428571,0.9617,0.9675799107142858,60.655178571428564,1645.0890232142858,814.3702380952384,814.3702380952384,814.3702380952384,0.0,-0.0,10800.0,0.0
2025-08-10,0,102,17:00-17:10,1239.8922166666666,421.78034047619053,0.9971,1.0034892857142856,54.31193095238109,1693.4674625000002,872.4238071428572,872.4238071428572,872.4238071428572,-0.0,0.0,10800.0,0.0
2025-08-10,0,103,17:10-17:20,1225.8532,368.65537142857147,1.0647,1.0718758928571426,42.002761904761826,1745.2453071428574,899.2005904761904,899.2005904761904,899.2005904761904,0.0,0.0,10800.0,0.0
2025-08-10,0,104,17:20-17:30,1229.0366666666666,316.9169642857143,1.1274,1.1349441964285714,55.432738095238165,1780.4874964285714,967.5524404761904,967.5524404761904,967.5524404761904,0.0,0.0,10800.0,0.0
2025-08-10,0,105,17:30-17:40,1266.5847999999999,265.9343738095238,1.1519,1.1582120535714284,50.97051428571433,1777.048443452381,1051.6209404761905,1051.6209404761905,1051.6209404761905,0.0,0.0,10800.0,0.0
2025-08-10,0,106,17:40-17:50,1163.31295,213.49321428571426,1.2166,1.2250977678571429,54.71042142857152,1759.1436148809526,1004.5301571428572,1004.5301571428572,1004.5301571428572,0.0,0.0,10800.0,0.0
2025-08-10,0,107,17:50-18:00,968.0683333333333,161.98125,1.3183,1.3310040178571427,35.84630952380962,1718.2195315476192,841.933392857143,841.933392857143,841.933392857143,0.0,-0.0,10800.0,0.0
2025-08-10,0,108,18:00-18:10,918.9353666666666,116.63930952380953,1.3672,1.3795683035714283,47.25646666666671,1623.5132488095242,849.5525238095238,849.5525238095238,849.5525238095238,0.0,0.0,10800.0,0.0
2025-08-10,0,109,18:10-18:20,926.1935333333332,74.33897142857143,1.3698,1.381623214285714,62.010095238095346,1629.4567488095238,913.8646571428571,913.8646571428571,913.8646571428571,0.0,0.0,10800.0,0.0
2025-08-10,0,110,18:20-18:30,927.7349999999999,35.71071428571428,1.3533,1.3646415178571427,51.031785714285775,1707.193483333333,943.0560714285714,943.0560714285714,943.0560714285714,-0.0,0.0,10800.0,0.0
2025-08-10,0,111,18:30-18:40,956.3050166666667,7.600435714285714,1.3578,1.3668361607142863,42.86299523809521,1688.7644059523811,991.5675761904762,991.5675761904762,991.5675761904762,0.0,0.0,10800.0,0.0
2025-08-10,0,112,18:40-18:50,975.7062333333333,0.0,1.4834,1.504166517857143,43.7426857142857,1621.257900595238,1019.448919047619,1019.448919047619,1019.448919047619,0.0,0.0,10800.0,0.0
2025-08-10,0,113,18:50-19:00,973.9466666666667,0.0,1.6533,1.692373214285714,66.96982142857132,1671.4423851190477,273.58649821428526,273.58649821428526,273.58649821428526,0.0,767.3299898809528,9947.411122354497,0.0
2025-08-10,0,114,19:00-19:10,976.1703166666666,0.4507261904761904,1.6769,1.715679910714286,34.187999999999874,1681.3454654761904,176.57425714285705,176.57425714285705,176.57425714285705,0.0,833.3333333333333,9021.485196428572,0.0
2025-08-10,0,115,19:10-19:20,985.2914333333333,0.0,1.6701,1.7048160714285714,41.47210476190469,1607.676553571429,193.43020476190463,193.43020476190463,193.43020476190463,0.0,833.3333333333333,8095.5592705026465,0.0
2025-08-10,0,116,19:20-19:30,996.7833333333333,0.0,1.6877,1.7253455357142857,45.25333333333322,1654.7406595238099,208.70333333333315,208.70333333333315,208.70333333333315,0.0,833.3333333333333,7169.63334457672,0.0
2025-08-10,0,117,19:30-19:40,1006.6473166666666,0.03235952380952381,1.6713,1.7143982142857144,35.50663333333341,1690.4627428571428,208.78825714285722,208.78825714285722,208.78825714285722,0.0,833.3333333333333,6243.707418650794,0.0
2025-08-10,0,118,19:40-19:50,1017.5879333333334,0.0,1.665,1.7084388392857146,32.896402380952395,1682.612226190476,217.1510023809526,217.1510023809526,217.1510023809526,0.0,833.3333333333333,5317.781492724868,0.0
2025-08-10,0,119,19:50-20:00,1009.7316666666667,0.0,1.669,1.7094187500000004,62.91666666666663,1627.6605125,239.31500000000005,239.31500000000005,239.31500000000005,0.0,833.3333333333333,4391.855566798942,0.0
2025-08-10,0,120,20:00-20:10,960.3878166666666,0.0023261904761904756,1.6407,1.6825772321428574,41.67605000000003,1576.186276785714,1002.0615404761904,1002.0615404761904,1002.0615404761904,0.0,0.0,4391.855566798942,0.0
2025-08-10,0,121,20:10-20:20,930.2760499999999,0.0,1.6447,1.6852035714285714,29.86137857142853,1517.8840142857139,960.1374285714285,960.1374285714285,960.1374285714285,0.0,0.0,4391.855566798942,0.0
2025-08-10,0,122,20:20-20:30,946.6733333333333,0.0,1.692,1.7295232142857146,43.27166666666676,1435.9769547619044,156.6116666666668,156.6116666666668,156.6116666666668,0.0,833.3333333333333,3465.929640873016,0.0
2025-08-10,0,123,20:30-20:40,979.0753,0.0001119047619047619,1.6873,1.7271102678571426,36.6919095238095,1328.2340380952376,182.43376428571435,182.43376428571435,182.43376428571435,0.0,833.3333333333333,2540.00371494709,0.0
2025-08-10,0,124,20:40-20:50,985.9340833333333,0.0,1.4471,1.4756250000000004,35.160983333333206,1206.0033434523807,934.6303773809515,934.6303773809515,934.6303773809515,0.0,86.46468928571502,2443.931837962962,0.0
2025-08-10,0,125,20:50-21:00,965.26,0.0,1.1107,1.1202562499999997,38.986666666666565,1119.5386541666662,1004.2466666666666,1004.2466666666666,1004.2466666666666,0.0,0.0,2443.931837962962,0.0
2025-08-10,0,126,21:00-21:10,951.6957833333332,0.0,1.0321,1.0413723214285713,66.32439999999997,1067.8382374999992,1018.0201833333332,1018.0201833333332,1018.0201833333332,0.0,0.0,2443.931837962962,0.0
2025-08-10,0,127,21:10-21:20,959.4031833333333,0.0,1.0566,1.0681058035714286,68.0281,1030.9374874999996,1027.4312833333333,1027.4312833333333,1027.4312833333333,0.0,0.0,2443.931837962962,0.0
2025-08-10,0,128,21:20-21:30,993.9583333333333,0.0,1.0961,1.1050187500000006,54.49000000000001,1014.239195833333,1048.4483333333333,1048.4483333333333,1048.4483333333333,0.0,0.0,2443.931837962962,0.0
2025-08-10,0,129,21:30-21:40,1028.0321166666665,0.0,1.1681,1.1785330357142854,36.719749999999976,973.8475291666664,801.7246500000003,801.7246500000003,801.7246500000003,0.0,263.0272166666662,2151.6793749999997,0.0
2025-08-10,0,130,21:40-21:50,925.5812833333332,0.0,0.9506,0.9619098214285715,40.451233333333334,856.5114374999997,885.2965041666662,885.2965041666662,885.2965041666662,0.0,80.73601250000037,2061.9726944444437,0.0
2025-08-10,0,131,21:50-22:00,770.93,0.0,0.5623,0.5722919642857143,75.5233333333332,775.7754249999996,883.7995267489712,883.7995267489712,883.7995267489712,37.346193415638076,0.0,2095.584268518518,0.0
2025-08-10,0,132,22:00-22:10,794.6148333333333,0.0,0.4834,0.49377366071428586,48.75383333333332,806.0258416666662,1676.7019999999998,1676.7019999999998,1676.7019999999998,833.3333333333333,0.0,2845.584268518518,0.0
2025-08-10,0,133,22:10-22:20,830.7728,0.0,0.5328,0.5436535714285716,45.86505,742.9750583333329,876.63785,876.63785,876.63785,0.0,0.0,2845.584268518518,0.0
2025-08-10,0,134,22:20-22:30,811.9733333333334,0.0,0.5623,0.5728120535714287,61.058333333333394,639.2600916666664,873.0316666666668,873.0316666666668,873.0316666666668,0.0,0.0,2845.584268518518,0.0
2025-08-10,0,135,22:30-22:40,828.1456166666667,0.0,0.5969,0.6073272321428572,52.64501666666672,561.6118666666663,880.7906333333334,880.7906333333334,880.7906333333334,0.0,0.0,2845.584268518518,0.0
2025-08-10,0,136,22:40-22:50,802.8305,0.0,0.5448,0.5558205357142859,43.536550000000034,496.5403833333329,846.3670500000001,846.3670500000001,846.3670500000001,0.0,0.0,2845.584268518518,0.0
2025-08-10,0,137,22:50-23:00,733.6583333333333,0.0,0.4461,0.4568089285714287,60.875,420.7099291666665,1627.8666666666666,1627.8666666666666,1627.8666666666666,833.3333333333333,0.0,3595.584268518518,0.0
2025-08-10,0,138,23:00-23:10,712.7716833333334,0.0,0.453,0.461003125,36.30600000000004,392.1073708333329,1582.4110166666667,1582.4110166666667,1582.4110166666667,833.3333333333333,0.0,4345.584268518518,0.0
2025-08-10,0,139,23:10-23:20,738.0927499999999,0.0,0.5157,0.5243,43.51451666666674,328.85387083333325,1614.9406,1614.9406,1614.9406,833.3333333333333,0.0,5095.584268518518,0.0
2025-08-10,0,140,23:20-23:30,766.29,0.0,0.5583,0.5694986607142859,41.26166666666677,256.63914999999986,807.5516666666667,807.5516666666667,807.5516666666667,0.0,0.0,5095.584268518518,0.0
2025-08-10,0,141,23:30-23:40,757.2195499999999,0.0,0.5481,0.5572736607142857,46.244266666666704,207.33392499999988,803.4638166666666,803.4638166666666,803.4638166666666,0.0,0.0,5095.584268518518,0.0
2025-08-10,0,142,23:40-23:50,747.5214166666666,0.0,0.5228,0.5321763392857144,52.07420000000002,118.66579999999999,971.1686516460911,971.1686516460911,971.1686516460911,171.57303497942445,0.0,5250.0,0.0
2025-08-10,0,143,23:50-24:00,757.2916666666666,0.0,0.5148,0.5269763392857144,49.53166666666675,69.82624999999987,1640.1566666666668,1640.1566666666668,1640.1566666666668,833.3333333333333,0.0,6000.0,0.0
2025-08-11,0,0,0:00-0:10,768.2369833333333,0.0,0.5486,0.5589964285714284,46.90656666666672,1624.5538035714276,815.14355,815.14355,815.14355,0.0,0.0,7911.89526763889,0.0
2025-08-11,0,1,0:10-0:20,754.2273166666666,0.0,0.5499,0.561030357142857,47.82923333333338,1642.8752499999998,802.05655,802.05655,802.05655,0.0,0.0,7911.89526763889,0.0
2025-08-11,0,2,0:20-0:30,733.9883333333333,0.0,0.5303249999999999,0.5431142857142857,50.613333333333344,1632.7404291666664,784.6016666666667,784.6016666666667,784.6016666666667,0.0,0.0,7911.89526763889,0.0
2025-08-11,0,3,0:30-0:40,749.5493499999999,0.0,0.518825,0.5284598214285714,26.65786666666679,1606.7445958333328,776.2072166666667,776.2072166666667,776.2072166666667,0.0,0.0,7911.89526763889,0.0
2025-08-11,0,4,0:40-0:50,753.1452666666667,0.0,0.5221,0.531696875,47.5016833333334,1571.670865476191,800.6469500000001,800.6469500000001,800.6469500000001,0.0,0.0,7911.89526763889,0.0
2025-08-11,0,5,0:50-1:00,734.835,0.0,0.533525,0.5459191964285715,62.93166666666673,1591.9729613095246,797.7666666666668,797.7666666666668,797.7666666666668,0.0,0.0,7911.89526763889,0.0
2025-08-11,0,6,1:00-1:10,730.1560166666666,0.0,0.53695,0.5463477678571428,64.32720000000018,1621.045328571429,794.4832166666667,794.4832166666667,794.4832166666667,0.0,0.0,7911.89526763889,0.0
2025-08-11,0,7,1:10-1:20,715.5436666666666,0.0,0.510125,0.5153714285714287,60.59713333333343,1531.870502380952,776.1408,776.1408,776.1408,0.0,0.0,7911.89526763889,0.0
2025-08-11,0,8,1:20-1:30,700.1033333333332,0.0,0.487175,0.49264330357142877,64.71333333333325,1485.8045976190474,764.8166666666665,764.8166666666665,764.8166666666665,0.0,0.0,7911.89526763889,0.0
2025-08-11,0,9,1:30-1:40,721.3339666666667,0.0,0.5256,0.5358450892857142,49.01044999999988,1508.3602523809523,770.3444166666666,770.3444166666666,770.3444166666666,0.0,0.0,7911.89526763889,0.0
2025-08-11,0,10,1:40-1:50,739.1565499999999,0.0,0.547675,0.5570508928571429,47.14298333333329,1446.8163309523804,786.2995333333332,786.2995333333332,786.2995333333332,0.0,0.0,7911.89526763889,0.0
2025-08-11,0,11,1:50-2:00,723.18,0.0,0.5306,0.5356964285714286,50.058333333333394,1379.9866690476185,773.2383333333333,773.2383333333333,773.2383333333333,0.0,0.0,7911.89526763889,0.0
2025-08-11,0,12,2:00-2:10,683.3179,0.0,0.5262249999999999,0.5349433035714285,69.88016666666658,1343.6864160714279,753.1980666666666,753.1980666666666,753.1980666666666,0.0,0.0,7911.89526763889,0.0
2025-08-11,0,13,2:10-2:20,670.0140166666666,0.0,0.5277,0.536374107142857,51.78525000000013,1315.696436309523,721.7992666666668,721.7992666666668,721.7992666666668,0.0,0.0,7911.89526763889,0.0
2025-08-11,0,14,2:20-2:30,692.4699999999999,0.0,0.522925,0.5280316964285714,49.014999999999986,1277.6805428571427,741.4849999999999,741.4849999999999,741.4849999999999,0.0,0.0,7911.89526763889,0.0
2025-08-11,0,15,2:30-2:40,713.5981333333334,0.0,0.5126000000000001,0.522204017857143,39.3526833333334,1227.9298124999998,752.9508166666668,752.9508166666668,752.9508166666668,0.0,0.0,7911.89526763889,0.0
2025-08-11,0,16,2:40-2:50,715.5849166666667,0.0,0.5082749999999999,0.5182419642857142,45.59465,1120.5928226190472,761.1795666666667,761.1795666666667,761.1795666666667,0.0,0.0,7911.89526763889,0.0
2025-08-11,0,17,2:50-3:00,691.3333333333333,0.0,0.508975,0.512771875,53.508333333333326,1068.404982738096,744.8416666666666,744.8416666666666,744.8416666666666,0.0,0.0,7911.89526763889,0.0
2025-08-11,0,18,3:00-3:10,652.7897499999999,0.0,0.5061500000000001,0.5077232142857143,34.021433333333334,1021.6691821428578,686.8111833333332,686.8111833333332,686.8111833333332,0.0,0.0,7911.89526763889,0.0
2025-08-11,0,19,3:10-3:20,663.0131666666666,2.6190476190476192e-05,0.520525,0.5221290178571428,51.98994999999991,938.1638315476196,715.0030904761903,715.0030904761903,715.0030904761903,0.0,0.0,7911.89526763889,0.0
2025-08-11,0,20,3:20-3:30,713.315,0.0,0.5391,0.5415089285714285,49.31999999999982,895.9597273809529,762.6349999999999,762.6349999999999,762.6349999999999,0.0,0.0,7911.89526763889,0.0
2025-08-11,0,21,3:30-3:40,728.3982333333333,0.0,0.52085,0.5257834821428572,44.70804047619049,867.9588940476193,773.1062738095238,773.1062738095238,773.1062738095238,0.0,0.0,7911.89526763889,0.0
2025-08-11,0,22,3:40-3:50,705.2509833333334,0.0019119047619047622,0.47945,0.4856933035714287,33.83775000000003,792.0426315476193,1448.0920796075827,1448.0920796075827,1448.0920796075827,709.0052581790112,0.0,8550.0,0.0
2025-08-11,0,23,3:50-4:00,679.2116666666666,0.0,0.45647499999999996,0.462748214285714,41.42666666666673,671.0026684523805,1553.9716666666666,1553.9716666666666,1553.9716666666666,833.3333333333333,0.0,9300.0,0.0
2025-08-11,0,24,4:00-4:10,691.7879666666665,0.0,0.48325,0.4907897321428572,41.3756309523809,587.1290065476193,733.1635976190474,733.1635976190474,733.1635976190474,0.0,0.0,9300.0,0.0
2025-08-11,0,25,4:10-4:20,730.8068499999999,0.02660952380952381,0.49670000000000003,0.5043325892857142,53.74806666666666,515.5400339285716,784.5283071428571,784.5283071428571,784.5283071428571,0.0,0.0,9300.0,0.0
2025-08-11,0,26,4:20-4:30,748.7466666666666,0.0,0.48400000000000004,0.4895517857142857,70.51666666666665,470.52621726190483,819.2633333333332,819.2633333333332,819.2633333333332,0.0,0.0,9300.0,0.0
2025-08-11,0,27,4:30-4:40,703.4367166666666,0.0,0.48917499999999997,0.49248303571428564,50.517900000000054,443.6152708333333,753.9546166666667,753.9546166666667,753.9546166666667,0.0,0.0,9300.0,0.0
2025-08-11,0,28,4:40-4:50,658.5263166666666,0.3706547619047619,0.489475,0.49354910714285716,38.90764999999999,425.03149464285707,697.0633119047618,697.0633119047618,697.0633119047618,0.0,0.0,9300.0,0.0
2025-08-11,0,29,4:50-5:00,648.6833333333333,0.0,0.4804,0.4868147321428573,62.264999999999986,404.2320220238094,710.9483333333333,710.9483333333333,710.9483333333333,0.0,0.0,9300.0,0.0
2025-08-11,0,30,5:00-5:10,653.7833499999999,0.0,0.48750000000000004,0.493390625,43.43794047619053,384.9475053571425,697.2212904761905,697.2212904761905,697.2212904761905,0.0,0.0,9300.0,0.0
2025-08-11,0,31,5:10-5:20,657.1222333333333,6.322740476190477,0.5097,0.5150236607142857,41.14326904761913,450.9803791666675,691.9427619047619,691.9427619047619,691.9427619047619,0.0,0.0,9300.0,0.0
2025-08-11,0,32,5:20-5:30,640.9283333333333,31.325000000000003,0.4793,0.48467232142857136,36.158214285714166,381.39256190476175,1479.0948809523807,1479.0948809523807,1479.0948809523807,833.3333333333333,0.0,10050.0,0.0
2025-08-11,0,33,5:30-5:40,617.46575,68.8040619047619,0.373325,0.37736651785714287,44.40222142857158,334.9039160714283,1426.3972428571428,1426.3972428571428,1426.3972428571428,833.3333333333333,0.0,10800.0,0.0
2025-08-11,0,34,5:40-5:50,718.8399833333333,109.78371666666666,0.5614,0.565920982142857,44.189959523809534,294.17628095238103,653.2462261904761,653.2462261904761,653.2462261904761,0.0,0.0,10800.0,0.0
2025-08-11,0,35,5:50-6:00,869.6433333333332,152.37321428571425,0.9205500000000001,0.926783035714286,42.74077380952383,248.3242172619048,0.0,0.0,0.0,0.0,760.0108928571428,9955.543452380953,0.0
2025-08-11,0,36,6:00-6:10,852.5584666666666,200.10986190476189,0.9362249999999999,0.9416316964285715,33.32984285714292,258.3649369047618,0.0,0.0,0.0,0.0,685.7784476190477,9193.5673994709,0.0
2025-08-11,0,37,6:10-6:20,824.8330166666666,245.97161190476191,0.8765499999999999,0.8823044642857144,36.35771190476191,277.5011976190475,0.0,0.0,0.0,0.0,615.2191166666667,8509.990603174603,0.0
2025-08-11,0,38,6:20-6:30,862.4716666666666,291.27321428571423,0.890825,0.8975901785714286,55.39869047619038,296.3542732142856,0.0,0.0,0.0,0.0,626.5971428571427,7813.771555555556,0.0
2025-08-11,0,39,6:30-6:40,880.2756333333333,344.25338095238095,0.85605,0.8601508928571426,48.541159523809426,347.90980892857124,0.0,0.0,0.0,0.0,584.5634119047618,7164.2566534391535,0.0
2025-08-11,0,40,6:40-6:50,860.1410166666666,397.1438904761904,0.83815,0.8403790178571428,50.46275952380961,453.981426190476,0.0,0.0,0.0,0.0,513.4598857142857,6593.745669312169,0.0
2025-08-11,0,41,6:50-7:00,846.64,450.87767857142853,0.8395250000000001,0.8419107142857143,51.21244047619041,529.7212869047617,0.0,0.0,0.0,0.0,446.97476190476186,6097.107044973545,0.0
2025-08-11,0,42,7:00-7:10,884.8039166666667,513.458938095238,0.783725,0.7848982142857144,34.23211666666663,596.1183553571427,0.0,0.0,0.0,0.0,405.57709523809535,5646.465828042328,0.0
2025-08-11,0,43,7:10-7:20,853.8319333333334,570.7196047619047,0.733625,0.7326321428571427,43.8354976190476,648.3947226190476,0.0,0.0,0.0,0.0,326.94782619047623,5283.190465608466,0.0
2025-08-11,0,44,7:20-7:30,776.145,621.9321428571427,0.697175,0.6946419642857143,47.7030952380951,686.0020601190472,0.0,0.0,0.0,0.0,201.91595238095238,5058.839407407408,0.0
2025-08-11,0,45,7:30-7:40,816.1073666666666,678.7524595238094,0.659625,0.6572138392857143,51.27752142857139,724.6066583333327,0.0,0.0,0.0,0.0,188.6324285714286,4849.24782010582,0.0
2025-08-11,0,46,7:40-7:50,963.1122666666666,726.9117714285715,0.8602,0.8579651785714283,46.30182142857137,729.2632940476188,0.0,0.0,0.0,0.0,282.5023166666665,4535.356357142858,0.0
2025-08-11,0,47,7:50-8:00,1113.1499999999999,769.1044642857142,1.171775,1.168445535714286,43.146250000000094,722.3389446428571,0.0,0.0,0.0,0.0,387.19178571428563,4105.143261904763,0.0
2025-08-11,0,48,8:00-8:10,1152.3256,822.0863619047619,1.191125,1.1859437499999996,45.23029047619052,775.7055005952383,0.0,0.0,0.0,0.0,375.46952857142844,3687.954896825398,0.0
2025-08-11,0,49,8:10-8:20,1117.9086166666666,865.7680166666665,1.123725,1.1196357142857143,57.20715000000007,785.3973624999996,0.0,0.0,0.0,0.0,309.34775000000025,3344.2351746031754,0.0
2025-08-11,0,50,8:20-8:30,1090.12,905.3285714285713,1.109,1.1060008928571432,76.58232142857133,798.1672613095236,0.0,0.0,0.0,0.0,261.37374999999986,3053.819896825398,0.0
2025-08-11,0,51,8:30-8:40,1122.08275,968.1857928571428,1.0837,1.0753669642857144,48.95051428571429,839.9320470238097,0.0,0.0,0.0,0.0,202.84747142857145,2828.4338174603186,0.0
2025-08-11,0,52,8:40-8:50,1143.6492833333332,1032.7693119047617,1.065725,1.0546491071428572,65.86325000000011,826.8182357142862,0.0,0.0,0.0,0.0,176.7432214285716,2632.0524603174613,0.0
2025-08-11,0,53,8:50-9:00,1137.26,1088.0142857142855,1.061925,1.0521187500000002,75.91517857142856,844.001638095238,0.0,0.0,0.0,0.0,125.16089285714315,2492.984801587302,0.0
2025-08-11,0,54,9:00-9:10,1147.9213,1143.4191309523808,1.049225,1.0375044642857145,67.12205238095225,901.5961767857141,0.0,0.0,0.0,0.0,71.62422142857145,2413.402333333334,0.0
2025-08-11,0,55,9:10-9:20,1140.3168166666665,1197.9261000000001,1.0215,1.0088129464285716,56.164771428571385,914.8494821428568,0.0,0.0,0.0,1.4445119047622939,0.0,2414.70239404762,0.0
2025-08-11,0,56,9:20-9:30,1131.8449999999998,1241.3991071428572,0.985425,0.9730241071428568,63.648750000000234,920.7826696428567,0.0,0.0,0.0,45.905357142857156,0.0,2456.0172154761917,0.0
2025-08-11,0,57,9:30-9:40,1172.3417,1265.557807142857,0.9687,0.9563656249999996,65.17040714285704,932.0996190476187,0.0,0.0,0.0,28.045699999999897,0.0,2481.2583454761916,0.0
2025-08-11,0,58,9:40-9:50,1153.7021166666666,1293.141545238095,1.042275,1.0468035714285715,65.55352619047608,930.3671749999996,0.0,0.0,0.0,73.8859023809523,0.0,2547.7556576190486,0.0
2025-08-11,0,59,9:50-10:00,1090.415,1328.6973214285715,1.158925,1.1843062500000001,57.8982738095238,878.9472779761899,0.0,0.0,0.0,180.3840476190478,0.0,2710.1013004761917,0.0
2025-08-11,0,60,10:00-10:10,1111.8236666666667,1354.8334142857138,1.1844999999999999,1.2032017857142854,55.634283333333315,771.0344059523803,0.0,0.0,0.0,187.37546428571386,0.0,2878.739218333334,0.0
2025-08-11,0,61,10:10-10:20,1157.6230999999998,1370.7393666666667,1.15605,1.1707419642857146,65.1797476190477,770.514842261904,0.0,0.0,0.0,147.93651904761919,0.0,3011.882085476191,0.0
2025-08-11,0,62,10:20-10:30,1174.9166666666665,1386.298214285714,1.1574749999999998,1.1813084821428568,67.20023809523839,896.2311101190465,0.0,0.0,0.0,144.1813095238092,0.0,3141.6452640476195,0.0
2025-08-11,0,63,10:30-10:40,1169.2345999999998,1410.8193357142857,1.1913749999999999,1.2156892857142858,79.72011190476186,940.391097023809,0.0,0.0,0.0,161.86462380952412,0.0,3287.3234254761915,0.0
2025-08-11,0,64,10:40-10:50,1153.78145,1427.2945285714286,0.9472999999999999,0.9553718749999994,86.88330952380954,813.3131142857138,0.0,0.0,0.0,186.629769047619,0.0,3455.2902176190487,0.0
2025-08-11,0,65,10:50-11:00,1152.3633333333332,1435.4089285714283,0.558825,0.5473736607142856,101.34440476190471,656.6081327380948,0.0,0.0,0.0,181.70119047619028,0.0,3618.8212890476198,0.0
2025-08-11,0,66,11:00-11:10,1182.4749833333333,1451.8678428571425,0.5028250000000001,0.4903593750000001,92.22839285714281,658.5168577380953,656.1688666666669,656.1688666666669,656.1688666666669,833.3333333333333,0.0,4368.82128904762,0.0
2025-08-11,0,67,11:10-11:20,1201.0770833333331,1468.7054285714285,0.55165,0.5417062500000001,102.59410476190503,629.3462184523803,0.0,0.0,0.0,165.03424047619023,0.0,4517.352105476191,0.0
2025-08-11,0,68,11:20-11:30,1193.85,1485.511607142857,0.53525,0.523971875,87.89571428571412,801.1604309523807,0.0,0.0,0.0,203.76589285714294,0.0,4700.74140904762,0.0
2025-08-11,0,69,11:30-11:40,1181.9026833333332,1508.5821119047619,0.512875,0.5034665178571428,99.0321404761903,760.6792589285716,605.686045238095,605.686045238095,605.686045238095,833.3333333333333,0.0,5450.74140904762,0.0
2025-08-11,0,70,11:40-11:50,1153.3872999999999,1516.413552380952,0.5026499999999999,0.4955464285714285,101.12643095238067,656.1366922619048,571.4335119047616,571.4335119047616,571.4335119047616,833.3333333333333,0.0,6200.74140904762,0.0
2025-08-11,0,71,11:50-12:00,1113.9133333333332,1509.924107142857,0.5076499999999999,0.49949464285714285,105.5095238095239,641.8019767857138,542.8320833333332,542.8320833333332,542.8320833333332,833.3333333333333,0.0,6950.74140904762,0.0
2025-08-11,0,72,12:00-12:10,1091.3152666666665,1512.744688095238,0.5233,0.5105196428571428,116.94908571428584,578.4036970238087,528.8529976190478,528.8529976190478,528.8529976190478,833.3333333333333,0.0,7700.74140904762,0.0
2025-08-11,0,73,12:10-12:20,1096.1471999999999,1521.0570904761903,0.5246,0.5106790178571429,101.92411428571408,554.947269047619,243.77768042327978,243.77768042327978,243.77768042327978,566.7634566137561,0.0,8210.828520000001,0.0
2025-08-11,0,74,12:20-12:30,1101.085,1519.3053571428568,0.49560000000000004,0.4842678571428572,110.99892857142856,565.5815482142856,526.1119047619052,526.1119047619052,526.1119047619052,833.3333333333333,0.0,8960.828520000001,0.0
2025-08-11,0,75,12:30-12:40,1074.8116,1495.6645714285714,0.476125,0.4647214285714286,147.10303571428554,504.2134529761904,559.5833976190474,559.5833976190474,559.5833976190474,833.3333333333333,0.0,9710.828520000001,0.0
2025-08-11,0,76,12:40-12:50,1098.0147333333332,1470.004623809524,0.6574249999999999,0.6446156249999999,139.70368571428605,573.1424738095221,0.0,0.0,0.0,232.28620476190486,0.0,9919.886104285715,0.0
2025-08-11,0,77,12:50-13:00,1163.6033333333332,1437.5580357142856,0.9221,0.9107321428571431,90.64672619047647,639.4885113095231,0.0,0.0,0.0,183.30797619047576,0.0,10084.863282857143,0.0
2025-08-11,0,78,13:00-13:10,1180.9681666666665,1383.1416761904761,0.943425,0.9379441964285711,88.16537380952391,625.2657970238087,0.0,0.0,0.0,114.00813571428557,0.0,10187.470605,0.0
2025-08-11,0,79,13:10-13:20,1187.4656666666665,1376.1483166666667,0.930175,0.9236441964285712,90.87433809523768,677.4577255952372,0.0,0.0,0.0,97.8083119047626,0.0,10275.498085714287,0.0
2025-08-11,0,80,13:20-13:30,1195.8366666666666,1411.7875,0.95495,0.9401017857142857,69.48101190476206,645.7697374999995,0.0,0.0,0.0,146.46982142857132,0.0,10407.320925000002,0.0
2025-08-11,0,81,13:30-13:40,1181.0161166666667,1411.9772904761905,0.9033,0.8868169642857143,86.90680714285706,704.407999999999,0.0,0.0,0.0,144.05436666666674,0.0,10536.969855000001,0.0
2025-08-11,0,82,13:40-13:50,1194.5656166666665,1387.5913142857144,0.994425,0.9957093749999998,70.70261666666693,753.667317857142,0.0,0.0,0.0,122.3230809523809,0.0,10647.060627857143,0.0
2025-08-11,0,83,13:50-14:00,1224.0533333333333,1358.667857142857,1.194275,1.2195267857142855,70.8091071428571,761.4631839285705,0.0,0.0,0.0,63.80541666666659,0.0,10704.485502857144,0.0
2025-08-11,0,84,14:00-14:10,1205.2984333333334,1327.6422809523808,1.2247,1.252091071428571,37.75495000000001,810.5782880952372,0.0,0.0,0.0,84.58889761904743,0.0,10780.615510714286,0.0
2025-08-11,0,85,14:10-14:20,1198.6674666666665,1283.9365595238096,1.1871,1.2087986607142855,63.73077142857149,863.4613910714277,0.0,0.0,0.0,21.538321428571635,0.0,10800.0,0.0
2025-08-11,0,86,14:20-14:30,1214.6616666666666,1234.24375,1.22055,1.2427852678571427,80.03851190476172,890.2862869047609,0.0,0.0,0.0,0.0,60.456428571428205,10732.826190476191,0.0
2025-08-11,0,87,14:30-14:40,1201.4482833333332,1193.3887119047617,1.3128,1.3403946428571423,90.11842857142858,878.4374624999989,0.0,0.0,0.0,0.0,98.17799999999988,10623.739523809525,0.0
2025-08-11,0,88,14:40-14:50,1184.3942499999998,1129.5349428571428,1.114825,1.133314285714286,64.91905952380972,937.3273380952372,0.0,0.0,0.0,0.0,119.77836666666667,10490.652449735451,0.0
2025-08-11,0,89,14:50-15:00,1182.7616666666665,1051.0160714285714,0.7529250000000001,0.753786607142857,91.41601190476189,1005.6245386904752,223.16160714285706,223.16160714285706,223.16160714285706,0.0,0.0,10490.652449735451,0.0
2025-08-11,0,90,15:00-15:10,1193.0541666666666,1002.8262785714285,0.7263000000000001,0.7263450892857144,87.74977142857136,1045.694642857142,621.6971598177527,621.6971598177527,621.6971598177527,343.7195002939431,0.0,10800.0,0.0
2025-08-11,0,91,15:10-15:20,1224.1494166666666,968.6731261904762,0.8006249999999999,0.8022964285714288,71.60084761904761,1099.548545238095,327.0771380952382,327.0771380952382,327.0771380952382,0.0,0.0,10800.0,0.0
2025-08-11,0,92,15:20-15:30,1247.0683333333332,923.3883928571429,0.81185,0.8107285714285715,61.73988095238087,1116.5349113095235,385.41982142857114,385.41982142857114,385.41982142857114,0.0,0.0,10800.0,0.0
2025-08-11,0,93,15:30-15:40,1219.8804166666666,858.5018142857143,0.8345750000000001,0.8343397321428573,72.62148809523819,1110.9576940476186,434.0000904761905,434.0000904761905,434.0000904761905,0.0,0.0,10800.0,0.0
2025-08-11,0,94,15:40-15:50,1210.0190333333333,802.8550785714285,0.86125,0.8626495535714289,77.1067071428572,1150.0046434523806,484.27066190476194,484.27066190476194,484.27066190476194,0.0,0.0,10800.0,0.0
2025-08-11,0,95,15:50-16:00,1226.5416666666665,762.5062499999999,0.894775,0.8960848214285715,62.241130952380956,1238.3392642857143,526.2765476190475,526.2765476190475,526.2765476190475,0.0,0.0,10800.0,0.0
2025-08-11,0,96,16:00-16:10,1218.6164666666666,716.5876999999998,0.9510500000000001,0.9514008928571427,58.54359047619039,1361.966198809524,560.5723571428573,560.5723571428573,560.5723571428573,0.0,-0.0,10800.0,0.0
2025-08-11,0,97,16:10-16:20,1236.2500666666665,664.7715642857142,0.96795,0.9670825892857142,49.333340476190415,1476.750941666666,620.8118428571427,620.8118428571427,620.8118428571427,0.0,-0.0,10800.0,0.0
2025-08-11,0,98,16:20-16:30,1258.1466666666665,614.5919642857142,0.9518,0.9508241071428574,62.45999999999992,1492.3316922619047,706.0147023809524,706.0147023809524,706.0147023809524,0.0,0.0,10800.0,0.0
2025-08-11,0,99,16:30-16:40,1210.9085,571.4209404761906,0.9717,0.9730160714285716,59.43301904761904,1575.3413464285718,698.9205785714283,698.9205785714283,698.9205785714283,0.0,-0.0,10800.0,0.0
2025-08-11,0,100,16:40-16:50,1197.6924,523.1053952380952,0.995075,0.9987325892857145,71.24671190476201,1612.3130125000002,745.8337166666666,745.8337166666666,745.8337166666666,0.0,-0.0,10800.0,0.0
2025-08-11,0,101,16:50-17:00,1255.9883333333332,467.26249999999993,1.0149500000000002,1.0199339285714288,60.655178571428564,1651.5771636904763,849.381011904762,849.381011904762,849.381011904762,0.0,0.0,10800.0,0.0
2025-08-11,0,102,17:00-17:10,1312.1688333333332,413.2146619047619,1.059925,1.0661803571428574,54.31193095238109,1699.9556029761911,953.2661023809524,953.2661023809524,953.2661023809524,0.0,0.0,10800.0,0.0
2025-08-11,0,103,17:10-17:20,1297.0174833333333,360.51750238095235,1.0958999999999999,1.1034428571428567,42.002761904761826,1751.7334476190479,978.5027428571428,978.5027428571428,978.5027428571428,0.0,0.0,10800.0,0.0
2025-08-11,0,104,17:20-17:30,1265.9116666666666,308.9241071428571,1.109,1.1164803571428574,55.432738095238165,1786.975636904762,1012.4202976190477,1012.4202976190477,1012.4202976190477,0.0,0.0,10800.0,0.0
2025-08-11,0,105,17:30-17:40,1307.6563999999998,259.6952547619047,1.133325,1.1387049107142857,50.97051428571433,1783.6828339285717,1098.9316595238092,1098.9316595238092,1098.9316595238092,0.0,0.0,10800.0,0.0
2025-08-11,0,106,17:40-17:50,1173.5763499999998,209.20367857142858,1.241075,1.2486638392857146,54.71042142857152,1765.8267553571427,1019.0830928571427,1019.0830928571427,1019.0830928571427,0.0,-0.0,10800.0,0.0
2025-08-11,0,107,17:50-18:00,936.4866666666667,158.50714285714287,1.36245,1.3747973214285716,35.84630952380962,1724.9026720238098,813.8258333333334,813.8258333333334,813.8258333333334,0.0,-0.0,10800.0,0.0
2025-08-11,0,108,18:00-18:10,934.8853666666666,112.77496666666667,1.3473749999999998,1.359014285714286,47.25646666666671,1630.1963892857148,869.3668666666667,869.3668666666667,869.3668666666667,0.0,0.0,10800.0,0.0
2025-08-11,0,109,18:10-18:20,953.3939,70.11734047619046,1.32415,1.3355357142857145,62.010095238095346,1636.1398892857142,945.2866547619049,945.2866547619049,945.2866547619049,0.0,0.0,10800.0,0.0
2025-08-11,0,110,18:20-18:30,911.4333333333334,32.40089285714285,1.3508249999999997,1.3624580357142855,51.031785714285775,1713.876623809524,930.0642261904763,930.0642261904763,930.0642261904763,0.0,0.0,10800.0,0.0
2025-08-11,0,111,18:30-18:40,949.6345666666666,6.664392857142856,1.379725,1.3882937499999994,42.86299523809521,1695.447546428572,985.833169047619,985.833169047619,985.833169047619,0.0,0.0,10800.0,0.0
2025-08-11,0,112,18:40-18:50,986.1292,0.0,1.4998999999999998,1.519586160714285,43.7426857142857,1627.9410410714288,1029.8718857142858,1029.8718857142858,1029.8718857142858,0.0,0.0,10800.0,0.0
2025-08-11,0,113,18:50-19:00,963.0799999999999,0.0,1.6549,1.6930205357142858,66.96982142857132,1678.1255255952385,196.716488095238,196.716488095238,196.716488095238,0.0,833.3333333333333,9874.074074074075,0.0
2025-08-11,0,114,19:00-19:10,912.9974,0.39232142857142854,1.6713,1.7091124999999998,34.187999999999874,1688.028605952381,113.45974523809514,113.45974523809514,113.45974523809514,0.0,833.3333333333333,8948.14814814815,0.0
2025-08-11,0,115,19:10-19:20,896.2291166666666,0.0,1.6283750000000001,1.6628669642857143,41.47210476190469,1614.3596940476195,937.7012214285713,937.7012214285713,937.7012214285713,0.0,0.0,8948.14814814815,0.0
2025-08-11,0,116,19:20-19:30,917.2866666666666,0.0,1.6161,1.6542227678571428,45.25333333333322,1661.4238000000005,962.5399999999998,962.5399999999998,962.5399999999998,0.0,0.0,8948.14814814815,0.0
2025-08-11,0,117,19:30-19:40,932.2217666666667,0.028166666666666666,1.650425,1.6926415178571421,35.50663333333341,1697.1458833333334,134.3669000000001,134.3669000000001,134.3669000000001,0.0,833.3333333333333,8022.2222222222235,0.0
2025-08-11,0,118,19:40-19:50,949.6026833333333,0.0,1.6718250000000001,1.7127035714285717,32.896402380952395,1689.2953666666665,149.16575238095243,149.16575238095243,149.16575238095243,0.0,833.3333333333333,7096.296296296297,0.0
2025-08-11,0,119,19:50-20:00,964.6983333333333,0.0,1.66305,1.7008741071428572,66.09833333333336,1634.3436529761907,197.46333333333337,197.46333333333337,197.46333333333337,0.0,833.3333333333333,6170.370370370371,0.0
2025-08-11,0,120,20:00-20:10,955.5493333333334,0.0020261904761904757,1.655075,1.696210267857143,41.67605000000003,1586.0510839285712,163.890023809524,163.890023809524,163.890023809524,0.0,833.3333333333333,5244.444444444445,0.0
2025-08-11,0,121,20:10-20:20,939.16405,0.0,1.63445,1.6745687500000002,30.913238095237944,1527.7488214285713,202.94229821428473,202.94229821428473,202.94229821428473,0.0,767.1349898809532,4392.072233465608,0.0
2025-08-11,0,122,20:20-20:30,930.0016666666667,0.0,1.6507,1.687329017857143,32.549999999999955,1446.893621428571,129.21833333333336,129.21833333333336,129.21833333333336,0.0,833.3333333333333,3466.1463075396823,0.0
2025-08-11,0,123,20:30-20:40,930.0588166666666,7.857142857142857e-05,1.7249999999999999,1.7661241071428573,36.6919095238095,1328.4290380952375,133.41731428571427,133.41731428571427,133.41731428571427,0.0,833.3333333333333,2540.220381613756,0.0
2025-08-11,0,124,20:40-20:50,941.4666,0.0,1.491025,1.5217428571428573,35.160983333333206,1206.1983434523804,890.1628940476189,890.1628940476189,890.1628940476189,0.0,86.46468928571421,2444.1485046296293,0.0
2025-08-11,0,125,20:50-21:00,958.0933333333334,0.0,1.08825,1.098708482142857,38.986666666666565,1119.7336541666662,997.0799999999999,997.0799999999999,997.0799999999999,0.0,0.0,2444.1485046296293,0.0
2025-08-11,0,126,21:00-21:10,965.8829666666667,0.0,1.051475,1.0612897321428574,66.32439999999997,1068.0332374999994,1032.2073666666665,1032.2073666666665,1032.2073666666665,0.0,0.0,2444.1485046296293,0.0
2025-08-11,0,127,21:10-21:20,954.5067333333333,0.0,1.098775,1.1097107142857146,68.0281,1031.1324874999998,1022.5348333333333,1022.5348333333333,1022.5348333333333,0.0,0.0,2444.1485046296293,0.0
2025-08-11,0,128,21:20-21:30,953.01,0.0,1.09535,1.1023660714285717,54.29500000000007,1014.434195833333,1007.3050000000001,1007.3050000000001,1007.3050000000001,0.0,0.0,2444.1485046296293,0.0
2025-08-11,0,129,21:30-21:40,983.95265,0.0,1.148625,1.1581254464285708,36.719749999999976,973.8475291666664,757.4501833333334,757.4501833333334,757.4501833333334,0.0,263.2222166666666,2151.6793749999997,0.0
2025-08-11,0,130,21:40-21:50,901.1975666666667,0.0,0.92655,0.9370683035714287,40.451233333333334,856.5114374999997,860.9127874999997,860.9127874999997,860.9127874999997,0.0,80.73601250000037,2061.9726944444437,0.0
2025-08-11,0,131,21:50-22:00,758.1516666666666,0.0,0.546175,0.5548705357142857,75.5233333333332,775.7754249999996,1667.0083333333332,1667.0083333333332,1667.0083333333332,833.3333333333333,0.0,2811.9726944444437,0.0
2025-08-11,0,132,22:00-22:10,765.9446333333333,0.0,0.501975,0.5129781249999998,48.75383333333332,806.0258416666662,1648.0317999999997,1648.0317999999997,1648.0317999999997,833.3333333333333,0.0,3561.9726944444437,0.0
2025-08-11,0,133,22:10-22:20,803.9056666666667,0.0,0.5583,0.5700008928571428,45.86505,742.9750583333329,849.7707166666667,849.7707166666667,849.7707166666667,0.0,0.0,3561.9726944444437,0.0
2025-08-11,0,134,22:20-22:30,799.2266666666666,0.0,0.5525,0.5617343750000001,61.058333333333394,639.2600916666664,1693.6183333333333,1693.6183333333333,1693.6183333333333,833.3333333333333,0.0,4311.972694444444,0.0
2025-08-11,0,135,22:30-22:40,793.1651333333332,0.0,0.5615,0.5700151785714286,52.64501666666672,561.6118666666663,845.8101499999999,845.8101499999999,845.8101499999999,0.0,0.0,4311.972694444444,0.0
2025-08-11,0,136,22:40-22:50,753.48335,0.0,0.573725,0.5838839285714285,43.536550000000034,496.5403833333329,797.0199,797.0199,797.0199,0.0,0.0,4311.972694444444,0.0
2025-08-11,0,137,22:50-23:00,722.2316666666667,0.0,0.5721750000000001,0.5833116071428573,60.875,420.7099291666665,783.1066666666667,783.1066666666667,783.1066666666667,0.0,0.0,4311.972694444444,0.0
2025-08-11,0,138,23:00-23:10,782.6329833333332,0.0,0.5615,0.5699285714285715,36.30600000000004,392.1073708333329,818.9389833333332,818.9389833333332,818.9389833333332,0.0,0.0,4311.972694444444,0.0
2025-08-11,0,139,23:10-23:20,812.18255,0.0,0.554925,0.5634450892857142,43.51451666666674,328.85387083333325,1064.6162950617293,1064.6162950617293,1064.6162950617293,208.9192283950625,0.0,4500.0,0.0
2025-08-11,0,140,23:20-23:30,774.6066666666667,0.0,0.5571,0.5679464285714287,41.26166666666677,256.63914999999986,815.8683333333335,815.8683333333335,815.8683333333335,0.0,0.0,4500.0,0.0
2025-08-11,0,141,23:30-23:40,756.8530000000001,0.0,0.560725,0.5696013392857143,46.244266666666704,207.33392499999988,803.0972666666668,803.0972666666668,803.0972666666668,0.0,0.0,4500.0,0.0
2025-08-11,0,142,23:40-23:50,781.7592,0.0,0.552775,0.5622499999999999,52.07420000000002,118.66579999999999,1667.1667333333332,1667.1667333333332,1667.1667333333332,833.3333333333333,0.0,5250.0,0.0
2025-08-11,0,143,23:50-24:00,804.41,0.0,0.5356500000000001,0.5477642857142857,49.53166666666675,69.82624999999987,1687.275,1687.275,1687.275,833.3333333333333,0.0,6000.0,0.0
2025-08-12,0,0,0:00-0:10,766.0912166666667,0.0,0.5267999999999999,0.5352276785714285,49.59293333333335,1613.1357440476188,815.68415,815.68415,815.68415,0.0,0.0,7100.715025370369,0.0
2025-08-12,0,1,0:10-0:20,749.2805333333333,0.0,0.535675,0.5450700892857142,46.64509999999996,1634.1435571428572,795.9256333333333,795.9256333333333,795.9256333333333,0.0,0.0,7100.715025370369,0.0
2025-08-12,0,2,0:20-0:30,771.8083333333334,0.0,0.553975,0.5671254464285714,50.613333333333344,1622.8246029761906,822.4216666666667,822.4216666666667,822.4216666666667,0.0,0.0,7100.715025370369,0.0
2025-08-12,0,3,0:30-0:40,767.85565,0.0,0.559925,0.5706017857142858,26.65786666666679,1596.828769642857,794.5135166666668,794.5135166666668,794.5135166666668,0.0,0.0,7100.715025370369,0.0
2025-08-12,0,4,0:40-0:50,739.7513166666665,0.0,0.5418000000000001,0.551904017857143,47.5016833333334,1561.755039285715,787.2529999999999,787.2529999999999,787.2529999999999,0.0,0.0,7100.715025370369,0.0
2025-08-12,0,5,0:50-1:00,725.1866666666666,0.0,0.5257000000000001,0.5379968749999999,62.93166666666673,1582.0571351190483,788.1183333333333,788.1183333333333,788.1183333333333,0.0,0.0,7100.715025370369,0.0
2025-08-12,0,6,1:00-1:10,752.0160999999999,0.0,0.5469,0.5563388392857143,64.32720000000018,1611.1295023809532,816.3433000000001,816.3433000000001,816.3433000000001,0.0,0.0,7100.715025370369,0.0
2025-08-12,0,7,1:10-1:20,744.6030833333332,0.0,0.540875,0.546413392857143,60.59713333333343,1521.9546761904762,805.2002166666666,805.2002166666666,805.2002166666666,0.0,0.0,7100.715025370369,0.0
2025-08-12,0,8,1:20-1:30,709.125,0.0,0.518375,0.5235598214285714,64.71333333333325,1475.888771428572,773.8383333333333,773.8383333333333,773.8383333333333,0.0,0.0,7100.715025370369,0.0
2025-08-12,0,9,1:30-1:40,719.7422833333333,0.0,0.55095,0.5594339285714287,49.01044999999988,1498.4444261904764,768.7527333333331,768.7527333333331,768.7527333333331,0.0,0.0,7100.715025370369,0.0
2025-08-12,0,10,1:40-1:50,697.5510333333333,0.0,0.5572750000000001,0.565554017857143,47.14298333333329,1436.9005047619046,744.6940166666666,744.6940166666666,744.6940166666666,0.0,0.0,7100.715025370369,0.0
2025-08-12,0,11,1:50-2:00,672.2183333333332,0.0,0.5216,0.5272767857142856,50.058333333333394,1371.868702380952,722.2766666666666,722.2766666666666,722.2766666666666,0.0,0.0,7100.715025370369,0.0
2025-08-12,0,12,2:00-2:10,749.1360500000001,0.0,0.512425,0.5203410714285716,69.88016666666658,1335.8873333333331,819.0162166666667,819.0162166666667,819.0162166666667,0.0,0.0,7100.715025370369,0.0
2025-08-12,0,13,2:10-2:20,755.1408166666666,0.0,0.51495,0.5221357142857143,51.78525000000013,1308.8540053571423,806.9260666666668,806.9260666666668,806.9260666666668,0.0,0.0,7100.715025370369,0.0
2025-08-12,0,14,2:20-2:30,687.7816666666665,0.0,0.514725,0.5188794642857142,49.014999999999986,1270.6816654761903,736.7966666666665,736.7966666666665,736.7966666666665,0.0,0.0,7100.715025370369,0.0
2025-08-12,0,15,2:30-2:40,708.9543166666667,0.0,0.5144,0.5217272321428572,39.23923333333323,1220.130729761905,748.19355,748.19355,748.19355,0.0,0.0,7100.715025370369,0.0
2025-08-12,0,16,2:40-2:50,680.0613,0.0,0.498375,0.5061339285714287,45.59465,1113.6369416666664,725.65595,725.65595,725.65595,0.0,0.0,7100.715025370369,0.0
2025-08-12,0,17,2:50-3:00,612.9383333333333,0.0,0.48635,0.4896008928571428,53.508333333333326,1061.4491017857151,666.4466666666666,666.4466666666666,666.4466666666666,0.0,0.0,7100.715025370369,0.0
2025-08-12,0,18,3:00-3:10,672.1191666666666,0.0,0.5153000000000001,0.51631875,43.1350666666666,1014.7133011904768,715.2542333333332,715.2542333333332,715.2542333333332,0.0,0.0,7100.715025370369,0.0
2025-08-12,0,19,3:10-3:20,726.3451166666666,0.0,0.5313749999999999,0.5322598214285716,52.90559285714278,940.321583928572,779.2507095238094,779.2507095238094,779.2507095238094,0.0,0.0,7100.715025370369,0.0
2025-08-12,0,20,3:20-3:30,710.7166666666667,0.0,0.51335,0.5152294642857143,49.31999999999982,899.0331226190482,760.0366666666665,760.0366666666665,760.0366666666665,0.0,0.0,7100.715025370369,0.0
2025-08-12,0,21,3:30-3:40,695.9008833333334,0.0,0.49605000000000005,0.49992991071428566,44.70804047619049,871.0322892857146,740.6089238095238,740.6089238095238,740.6089238095238,0.0,0.0,7100.715025370369,0.0
2025-08-12,0,22,3:40-3:50,720.1063,0.0017238095238095237,0.51265,0.5181129464285715,33.83775000000003,795.1160267857146,753.9423261904763,753.9423261904763,753.9423261904763,0.0,0.0,7100.715025370369,0.0
2025-08-12,0,23,3:50-4:00,733.0416666666666,0.0,0.531825,0.5378013392857143,41.42666666666673,673.8494851190479,774.4683333333334,774.4683333333334,774.4683333333334,0.0,0.0,7100.715025370369,0.0
2025-08-12,0,24,4:00-4:10,660.5182333333332,0.0,0.49405000000000004,0.4999607142857144,41.3756309523809,590.2024017857146,701.8938642857141,701.8938642857141,701.8938642857141,0.0,0.0,7100.715025370369,0.0
2025-08-12,0,25,4:10-4:20,640.6537833333333,0.024007142857142855,0.47522500000000006,0.48116517857142865,53.74806666666666,518.6134291666668,1527.7111761904762,1527.7111761904762,1527.7111761904762,833.3333333333333,0.0,7850.715025370369,0.0
2025-08-12,0,26,4:20-4:30,697.93,0.0,0.490375,0.4957053571428572,70.51666666666665,473.59961250000015,768.4466666666666,768.4466666666666,768.4466666666666,0.0,0.0,7850.715025370369,0.0
2025-08-12,0,27,4:30-4:40,717.2315833333333,0.0,0.481725,0.4848294642857142,50.517900000000054,446.6886660714286,1544.7327884773672,1544.7327884773672,1544.7327884773672,776.9833051440339,0.0,8550.0,0.0
2025-08-12,0,28,4:40-4:50,695.6710833333333,0.33440952380952377,0.48062499999999997,0.4835633928571429,38.90764999999999,404.48338809523773,1567.5776571428569,1567.5776571428569,1567.5776571428569,833.3333333333333,0.0,9300.0,0.0
2025-08-12,0,29,4:50-5:00,667.0983333333334,0.0,0.49779999999999996,0.5027044642857142,62.264999999999986,396.8642845238095,729.3633333333333,729.3633333333333,729.3633333333333,0.0,0.0,9300.0,0.0
2025-08-12,0,30,5:00-5:10,659.5672,0.0,0.50335,0.5087053571428573,43.43794047619053,385.923739880952,703.0051404761905,703.0051404761905,703.0051404761905,0.0,0.0,9300.0,0.0
2025-08-12,0,31,5:10-5:20,651.8880999999999,5.749780952380952,0.48134999999999994,0.48621919642857137,41.14326904761913,410.9171636904771,687.281588095238,687.281588095238,687.281588095238,0.0,0.0,9300.0,0.0
2025-08-12,0,32,5:20-5:30,639.96,29.48571428571428,0.4252,0.42989910714285734,36.158214285714166,384.465957142857,1479.9658333333332,1479.9658333333332,1479.9658333333332,833.3333333333333,0.0,10050.0,0.0
2025-08-12,0,33,5:30-5:40,654.9028833333333,66.94024047619047,0.38639999999999997,0.3916723214285714,44.40222142857158,337.9773113095236,1465.6981976190477,1465.6981976190477,1465.6981976190477,833.3333333333333,0.0,10800.0,0.0
2025-08-12,0,34,5:40-5:50,745.7368166666666,108.26048095238095,0.607075,0.6124955357142856,42.39209999999997,297.2496761904763,679.8684357142856,679.8684357142856,679.8684357142856,0.0,-0.0,10800.0,0.0
2025-08-12,0,35,5:50-6:00,849.94,151.00982142857143,0.9352,0.939879017857143,41.46523809523808,249.59975297619056,0.0,0.0,0.0,0.0,740.3954166666667,9977.338425925926,0.0
2025-08-12,0,36,6:00-6:10,843.3901166666666,199.0181095238095,0.947325,0.951190625,33.32984285714292,240.92503035714267,0.0,0.0,0.0,0.0,677.70185,9224.336370370369,0.0
2025-08-12,0,37,6:10-6:20,814.5981666666667,244.92410714285714,0.8893,0.8938888392857142,36.35771190476191,253.3035773809523,0.0,0.0,0.0,0.0,606.0317714285715,8550.967735449734,0.0
2025-08-12,0,38,6:20-6:30,821.4899999999999,290.3160714285714,0.905125,0.9105285714285711,55.39869047619038,272.1566529761904,0.0,0.0,0.0,0.0,586.5726190476189,7899.22038095238,0.0
2025-08-12,0,39,6:30-6:40,837.01635,343.8840785714286,0.891975,0.8951892857142852,48.541159523809426,323.71218869047607,0.0,0.0,0.0,0.0,541.6734309523808,7297.361013227513,0.0
2025-08-12,0,40,6:40-6:50,835.45245,396.016219047619,0.8545750000000001,0.8555339285714288,50.46275952380961,399.3418005952379,0.0,0.0,0.0,0.0,489.8989904761906,6753.028801587301,0.0
2025-08-12,0,41,6:50-7:00,818.8583333333332,447.9553571428571,0.805,0.8052455357142859,51.21244047619041,466.3904815476193,0.0,0.0,0.0,0.0,422.11541666666653,6284.011671957672,0.0
2025-08-12,0,42,7:00-7:10,812.8826999999999,510.07052857142855,0.747175,0.7470433035714282,34.23211666666663,533.4677732142861,0.0,0.0,0.0,0.0,337.0442880952379,5909.518018518518,0.0
2025-08-12,0,43,7:10-7:20,829.2853666666666,567.779007142857,0.73715,0.7362602678571425,43.8354976190476,585.744140476191,0.0,0.0,0.0,0.0,305.3418571428572,5570.249288359788,0.0
2025-08-12,0,44,7:20-7:30,826.7866666666666,617.9535714285714,0.718575,0.7163575892857142,58.386666666666656,623.3514779761905,0.0,0.0,0.0,0.0,267.21976190476187,5273.338441798941,0.0
2025-08-12,0,45,7:30-7:40,782.0203833333333,671.0925809523809,0.6242,0.6204982142857143,69.82675476190468,672.6396476190475,180.75455714285704,180.75455714285704,180.75455714285704,0.0,0.0,5273.338441798941,0.0
2025-08-12,0,46,7:40-7:50,924.18115,721.1454952380952,0.8190500000000001,0.8150107142857145,46.30182142857137,698.2099571428571,0.0,0.0,0.0,0.0,249.33747619047608,4996.296801587301,0.0
2025-08-12,0,47,7:50-8:00,1177.6833333333334,766.9830357142856,1.1803,1.1763941964285713,43.146250000000094,691.2856077380952,0.0,0.0,0.0,0.0,453.8465476190478,4492.022859788359,0.0
2025-08-12,0,48,8:00-8:10,1214.05375,813.9663261904761,1.186375,1.1813696428571432,45.23029047619052,740.4252797619055,0.0,0.0,0.0,0.0,445.3177142857144,3997.2253994708985,0.0
2025-08-12,0,49,8:10-8:20,1160.9512833333333,857.0873285714284,1.099125,1.0944522321428571,57.20715000000007,750.7973648809527,0.0,0.0,0.0,0.0,361.0711047619051,3596.0352830687816,0.0
2025-08-12,0,50,8:20-8:30,1123.8416666666667,904.3062500000001,1.08485,1.0803455357142857,76.58232142857133,763.5672636904766,0.0,0.0,0.0,0.0,296.1177380952379,3267.015574074073,0.0
2025-08-12,0,51,8:30-8:40,1085.4986333333331,969.0224095238095,1.0471750000000002,1.0383629464285715,56.728957142857155,805.3320494047628,0.0,0.0,0.0,0.0,173.20518095238072,3074.565373015872,0.0
2025-08-12,0,52,8:40-8:50,1095.05465,1025.1720547619047,1.02765,1.0161245535714287,70.61653333333331,802.680280952382,0.0,0.0,0.0,0.0,140.49912857142863,2918.455230158729,0.0
2025-08-12,0,53,8:50-9:00,1129.37,1069.175892857143,1.0256249999999998,1.0138656249999995,87.40327380952368,821.933366666667,0.0,0.0,0.0,0.0,147.5973809523805,2754.4581402116396,0.0
2025-08-12,0,54,9:00-9:10,1110.1092333333331,1122.5855071428568,0.9893249999999999,0.975211160714286,71.38490714285717,891.0160005952384,0.0,0.0,0.0,0.0,58.908633333333455,2689.0041031746023,0.0
2025-08-12,0,55,9:10-9:20,1096.5798833333333,1177.4899238095236,0.978625,0.9645607142857143,57.75321190476188,908.5321607142861,0.0,0.0,0.0,23.156828571428377,0.0,2709.845248888888,0.0
2025-08-12,0,56,9:20-9:30,1110.9733333333334,1220.6053571428572,0.9833749999999999,0.9702553571428573,64.95113095238062,916.0537886904765,0.0,0.0,0.0,44.680892857143135,0.0,2750.0580524603165,0.0
2025-08-12,0,57,9:30-9:40,1118.06205,1247.5277119047616,0.9510000000000001,0.9362151785714284,69.8486904761904,928.6731190476189,0.0,0.0,0.0,59.61697142857133,0.0,2803.713326746031,0.0
2025-08-12,0,58,9:40-9:50,1140.2974333333332,1278.9234619047618,1.0431,1.0444598214285712,65.20870714285707,931.618958333333,0.0,0.0,0.0,73.41732142857154,0.0,2869.7889160317454,0.0
2025-08-12,0,59,9:50-10:00,1153.3133333333333,1317.8767857142857,1.206925,1.2303200892857142,57.8982738095238,879.8542422619042,0.0,0.0,0.0,106.66517857142867,0.0,2965.7875767460314,0.0
2025-08-12,0,60,10:00-10:10,1111.6948666666667,1348.9704190476189,1.20575,1.2229633928571435,55.634283333333315,771.9413702380947,0.0,0.0,0.0,181.64126904761883,0.0,3129.264718888888,0.0
2025-08-12,0,61,10:10-10:20,1126.34845,1377.673580952381,1.140025,1.1521294642857145,65.1797476190477,779.2649976190476,0.0,0.0,0.0,186.14538333333326,0.0,3296.795563888888,0.0
2025-08-12,0,62,10:20-10:30,1174.5666666666666,1405.7446428571425,1.144975,1.1649910714285716,67.20023809523839,909.5786880952376,0.0,0.0,0.0,163.97773809523756,0.0,3444.3755281746016,0.0
2025-08-12,0,63,10:30-10:40,1121.9744999999998,1427.3950642857144,1.2121,1.2334999999999996,79.72011190476186,941.2980613095235,0.0,0.0,0.0,225.7004523809528,0.0,3647.5059353174593,0.0
2025-08-12,0,64,10:40-10:50,1076.1038333333331,1443.1931761904762,0.9937,0.9997678571428573,86.88330952380954,814.2200785714282,0.0,0.0,0.0,280.2060333333334,0.0,3899.6913653174593,0.0
2025-08-12,0,65,10:50-11:00,1094.81,1450.1044642857144,0.6094999999999999,0.5961794642857143,100.43744047619032,681.0181505952385,0.0,0.0,0.0,254.8570238095242,0.0,4129.062686746031,0.0
2025-08-12,0,66,11:00-11:10,1127.7660333333333,1446.3296523809522,0.5458999999999999,0.5321245535714288,92.22839285714281,666.3512089285716,0.0,0.0,0.0,226.33522619047608,0.0,4332.76439031746,0.0
2025-08-12,0,67,11:10-11:20,1141.5599166666666,1455.259369047619,0.56205,0.5511218750000001,102.59410476190503,644.3085428571428,0.0,0.0,0.0,211.10534761904728,0.0,4522.759203174603,0.0
2025-08-12,0,68,11:20-11:30,1140.315,1485.6330357142854,0.52335,0.5104214285714286,87.89571428571412,810.6643952380955,500.77133932980814,500.77133932980814,500.77133932980814,758.1936607583793,0.0,5205.133497857144,0.0
2025-08-12,0,69,11:30-11:40,1147.9198333333334,1520.204738095238,0.5421750000000001,0.5294700892857144,99.0321404761903,770.1832232142864,0.0,0.0,0.0,273.2527642857144,0.0,5451.060985714287,0.0
2025-08-12,0,70,11:40-11:50,1140.0538666666666,1523.8627214285711,0.5460499999999999,0.5344758928571428,101.12643095238067,666.3558744047625,0.0,0.0,0.0,282.6824238095239,0.0,5705.4751671428585,0.0
2025-08-12,0,71,11:50-12:00,1103.4433333333332,1503.855357142857,0.50865,0.49549375,105.5095238095239,652.0211589285715,538.4308333333333,538.4308333333333,538.4308333333333,833.3333333333333,0.0,6455.4751671428585,0.0
2025-08-12,0,72,12:00-12:10,1053.4675166666666,1502.1258785714285,0.48934999999999995,0.47099419642857127,116.94908571428584,588.1460672619045,501.6240571428573,501.6240571428573,501.6240571428573,833.3333333333333,0.0,7205.4751671428585,0.0
2025-08-12,0,73,12:10-12:20,1025.7825666666665,1512.8781404761903,0.5054000000000001,0.48746607142857146,101.92411428571408,564.6896392857147,448.1618738095235,448.1618738095235,448.1618738095235,833.3333333333333,0.0,7955.4751671428585,0.0
2025-08-12,0,74,12:20-12:30,1048.8083333333334,1514.7776785714282,0.51555,0.5019075892857143,110.99892857142856,575.8007303571432,478.36291666666716,478.36291666666716,478.36291666666716,833.3333333333333,0.0,8705.475167142858,0.0
2025-08-12,0,75,12:30-12:40,1118.6970833333332,1491.7563523809522,0.495,0.4789285714285715,143.5249023809523,514.4326351190481,603.7989666666665,603.7989666666665,603.7989666666665,833.3333333333333,0.0,9455.475167142858,0.0
2025-08-12,0,76,12:40-12:50,1154.4281333333333,1460.283088095238,0.657325,0.639696875,135.83731904761905,599.4362172619041,0.0,0.0,0.0,170.0176357142857,0.0,9608.491039285716,0.0
2025-08-12,0,77,12:50-13:00,1140.1399999999999,1424.6571428571428,0.91845,0.9046205357142857,88.58726190476182,648.3372797619044,0.0,0.0,0.0,195.92988095238115,0.0,9784.82793214286,0.0
2025-08-12,0,78,13:00-13:10,1131.7654499999999,1382.279426190476,0.956175,0.9472486607142857,88.16537380952391,652.4230136904757,0.0,0.0,0.0,162.34860238095212,0.0,9930.941674285717,0.0
2025-08-12,0,79,13:10-13:20,1135.9309833333332,1381.338516666667,0.9191250000000001,0.9087428571428573,90.87433809523768,704.6149422619042,0.0,0.0,0.0,154.53319523809614,0.0,10070.021550000003,0.0
2025-08-12,0,80,13:20-13:30,1164.1366666666665,1415.361607142857,0.91625,0.8989236607142858,69.48101190476206,668.9341220238091,0.0,0.0,0.0,181.74392857142857,0.0,10233.591085714288,0.0
2025-08-12,0,81,13:30-13:40,1219.0285666666666,1424.5262452380953,0.9281,0.909061607142857,86.90680714285706,731.5652166666662,0.0,0.0,0.0,118.59087142857152,0.0,10340.322870000002,0.0
2025-08-12,0,82,13:40-13:50,1201.79925,1406.0321976190476,1.05745,1.0547035714285715,70.70261666666693,780.8245345238091,0.0,0.0,0.0,133.5303309523806,0.0,10460.500167857144,0.0
2025-08-12,0,83,13:50-14:00,1135.2516666666666,1374.204464285714,1.2283250000000001,1.2481549107142857,70.8091071428571,788.6204005952376,0.0,0.0,0.0,168.1436904761904,0.0,10611.829489285716,0.0
2025-08-12,0,84,14:00-14:10,1145.0742333333333,1339.5295142857142,1.2348000000000001,1.2570892857142855,36.801326190476324,837.7355047619042,0.0,0.0,0.0,157.65395476190452,0.0,10753.718048571429,0.0
2025-08-12,0,85,14:10-14:20,1181.0623166666664,1289.6996833333333,1.1921249999999999,1.2106419642857145,57.21297619047618,889.6649839285709,0.0,0.0,0.0,51.42439047619064,0.0,10800.0,0.0
2025-08-12,0,86,14:20-14:30,1176.0133333333333,1230.9821428571427,1.232775,1.2533205357142856,80.03851190476172,909.9720845238089,0.0,0.0,0.0,0.0,25.06970238095232,10772.144775132276,0.0
2025-08-12,0,87,14:30-14:40,1125.2964,1182.885361904762,1.3319,1.3566410714285715,75.75640714285697,890.3937363095232,0.0,0.0,0.0,0.0,18.167445238094842,10751.958724867725,0.0
2025-08-12,0,88,14:40-14:50,1152.1879999999999,1122.3086023809522,1.12325,1.1378732142857144,59.59528333333333,934.92159047619,0.0,0.0,0.0,0.0,89.47468095238105,10652.542412698413,0.0
2025-08-12,0,89,14:50-15:00,1229.4316666666666,1051.9205357142855,0.742175,0.7398750000000003,91.41601190476189,997.8950148809517,268.92714285714305,268.92714285714305,268.92714285714305,0.0,0.0,10652.542412698413,0.0
2025-08-12,0,90,15:00-15:10,1206.1677,1001.6115880952381,0.713475,0.7116852678571428,87.74977142857136,1037.9651190476186,456.14764700176374,456.14764700176374,456.14764700176374,163.84176366843045,0.0,10800.0,0.0
2025-08-12,0,91,15:10-15:20,1162.4504166666666,963.3835309523811,0.7869250000000001,0.787144196428572,71.60084761904761,1091.8190214285712,270.6677333333332,270.6677333333332,270.6677333333332,0.0,0.0,10800.0,0.0
2025-08-12,0,92,15:20-15:30,1159.4533333333334,918.8901785714286,0.79285,0.789586607142857,61.73988095238087,1108.385025595238,302.30303571428567,302.30303571428567,302.30303571428567,0.0,0.0,10800.0,0.0
2025-08-12,0,93,15:30-15:40,1176.3582,858.2588690476189,0.8160750000000001,0.8132383928571433,72.62148809523819,1096.0611416666663,390.7208190476192,390.7208190476192,390.7208190476192,0.0,0.0,10800.0,0.0
2025-08-12,0,94,15:40-15:50,1180.5446666666667,806.1783166666667,0.8383750000000001,0.8377459821428573,77.1067071428572,1135.1080910714281,451.4730571428572,451.4730571428572,451.4730571428572,0.0,0.0,10800.0,0.0
2025-08-12,0,95,15:50-16:00,1176.42,768.1571428571428,0.8534499999999999,0.8534642857142858,62.241130952380956,1223.4427119047618,470.5039880952381,470.5039880952381,470.5039880952381,0.0,0.0,10800.0,0.0
2025-08-12,0,96,16:00-16:10,1192.004,725.6042357142858,0.88485,0.8833526785714284,58.54359047619039,1347.0696464285716,524.9433547619044,524.9433547619044,524.9433547619044,0.0,-0.0,10800.0,0.0
2025-08-12,0,97,16:10-16:20,1195.9576833333333,675.0511190476191,0.913375,0.911010267857143,49.333340476190415,1461.8543892857135,570.2399047619047,570.2399047619047,570.2399047619047,0.0,-0.0,10800.0,0.0
2025-08-12,0,98,16:20-16:30,1201.905,622.0946428571428,0.9360499999999999,0.9342767857142856,62.45999999999992,1476.7643946428566,642.2703571428569,642.2703571428569,642.2703571428569,0.0,-0.0,10800.0,0.0
2025-08-12,0,99,16:30-16:40,1249.0530833333332,572.9979809523809,0.9705999999999999,0.9696883928571428,59.43301904761904,1559.7740488095237,735.4881214285713,735.4881214285713,735.4881214285713,0.0,-0.0,10800.0,0.0
2025-08-12,0,100,16:40-16:50,1244.5275166666665,517.4988023809524,1.008025,1.0101352678571427,71.24671190476201,1596.7457148809526,798.2754261904761,798.2754261904761,798.2754261904761,0.0,-0.0,10800.0,0.0
2025-08-12,0,101,16:50-17:00,1210.0,457.63392857142856,1.0274999999999999,1.0330602678571426,60.655178571428564,1636.0098660714289,813.0212500000001,813.0212500000001,813.0212500000001,0.0,-0.0,10800.0,0.0
2025-08-12,0,102,17:00-17:10,1250.1789833333332,406.6828833333333,1.022775,1.0282089285714282,54.31193095238109,1684.388305357143,897.808030952381,897.808030952381,897.808030952381,-0.0,0.0,10800.0,0.0
2025-08-12,0,103,17:10-17:20,1219.5947166666665,357.34542380952377,1.059525,1.06538125,42.002761904761826,1736.16615,904.2520547619047,904.2520547619047,904.2520547619047,0.0,0.0,10800.0,0.0
2025-08-12,0,104,17:20-17:30,1149.48,305.87589285714284,1.1085,1.1151870535714283,55.432738095238165,1790.2194559523812,899.0368452380953,899.0368452380953,899.0368452380953,0.0,0.0,10800.0,0.0
2025-08-12,0,105,17:30-17:40,1205.9737333333333,255.8920023809524,1.0903749999999999,1.0946995535714286,50.97051428571433,1786.9266529761903,1001.0522452380951,1001.0522452380951,1001.0522452380951,0.0,0.0,10800.0,0.0
2025-08-12,0,106,17:40-17:50,1146.2921999999999,205.16446666666667,1.16815,1.1743982142857143,54.71042142857152,1769.0705744047618,995.8381547619047,995.8381547619047,995.8381547619047,0.0,0.0,10800.0,0.0
2025-08-12,0,107,17:50-18:00,963.0466666666666,154.96339285714282,1.3195,1.3309013392857136,35.84630952380962,1728.1464910714287,843.9295833333334,843.9295833333334,843.9295833333334,0.0,-0.0,10800.0,0.0
2025-08-12,0,108,18:00-18:10,908.6929333333333,109.79106428571427,1.3497000000000001,1.3608580357142859,47.25646666666671,1633.4402083333334,846.1583357142857,846.1583357142857,846.1583357142857,0.0,0.0,10800.0,0.0
2025-08-12,0,109,18:10-18:20,917.6080833333333,67.15091190476191,1.3576,1.369067857142857,62.010095238095346,1639.3837083333333,912.4672666666668,912.4672666666668,912.4672666666668,0.0,0.0,10800.0,0.0
2025-08-12,0,110,18:20-18:30,923.5716666666667,29.72946428571428,1.38505,1.396625,58.76130952380936,1717.1204428571427,952.6035119047618,952.6035119047618,952.6035119047618,0.0,0.0,10800.0,0.0
2025-08-12,0,111,18:30-18:40,938.7320333333333,5.853199999999999,1.389625,1.3965017857142858,42.86299523809521,1706.420889285714,975.7418285714285,975.7418285714285,975.7418285714285,0.0,0.0,10800.0,0.0
2025-08-12,0,112,18:40-18:50,957.99095,0.0,1.51335,1.531299553571429,43.7426857142857,1638.9143839285712,1001.7336357142857,1001.7336357142857,1001.7336357142857,0.0,-0.0,10800.0,0.0
2025-08-12,0,113,18:50-19:00,969.2983333333333,0.0,1.6901249999999999,1.7279607142857139,66.96982142857132,1690.104451785714,202.93482142857124,202.93482142857124,202.93482142857124,0.0,833.3333333333333,9874.074074074075,0.0
2025-08-12,0,114,19:00-19:10,958.7198166666667,0.34118571428571426,1.690575,1.7282022321428572,34.187999999999874,1700.0075321428567,159.23329761904756,159.23329761904756,159.23329761904756,0.0,833.3333333333333,8948.14814814815,0.0
2025-08-12,0,115,19:10-19:20,914.5100166666666,0.0,1.6483249999999998,1.683912053571429,41.89246666666668,1626.3386202380952,209.08419345237996,209.08419345237996,209.08419345237996,0.0,747.3182898809533,8117.794492724868,0.0
2025-08-12,0,116,19:20-19:30,889.16,0.0,1.65475,1.6952232142857142,52.0,1673.8230880952378,107.82666666666671,107.82666666666671,107.82666666666671,0.0,833.3333333333333,7191.868566798942,0.0
2025-08-12,0,117,19:30-19:40,950.2146833333333,0.02449523809523809,1.668975,1.7107584821428572,35.50663333333341,1716.2918380952376,152.36348809523815,152.36348809523815,152.36348809523815,0.0,833.3333333333333,6265.942640873016,0.0
2025-08-12,0,118,19:40-19:50,977.3497166666666,0.0,1.66585,1.7045352678571433,32.896402380952395,1708.4413214285712,176.91278571428575,176.91278571428575,176.91278571428575,0.0,833.3333333333333,5340.01671494709,0.0
2025-08-12,0,119,19:50-20:00,952.64,0.0,1.6562750000000002,1.693102678571428,66.09833333333336,1653.4896077380954,185.4050000000001,185.4050000000001,185.4050000000001,0.0,833.3333333333333,4414.090789021164,0.0
2025-08-12,0,120,20:00-20:10,969.4271833333333,0.0017619047619047616,1.66225,1.703612053571429,41.67605000000003,1605.1970386904761,177.7681380952382,177.7681380952382,177.7681380952382,0.0,833.3333333333333,3488.1648630952377,0.0
2025-08-12,0,121,20:10-20:20,969.3304333333333,0.0,1.63205,1.6730531249999998,31.583983333333435,1546.894776190476,1000.9144166666667,1000.9144166666667,1000.9144166666667,0.0,0.0,3488.1648630952377,0.0
2025-08-12,0,122,20:20-20:30,933.46,0.0,1.6254000000000002,1.662820535714286,32.549999999999955,1466.7103214285708,966.01,966.01,966.01,0.0,0.0,3488.1648630952377,0.0
2025-08-12,0,123,20:30-20:40,909.73795,5e-05,1.7067,1.7476138392857148,36.6919095238095,1348.2457380952376,113.09647619047621,113.09647619047621,113.09647619047621,0.0,833.3333333333333,2562.2389371693116,0.0
2025-08-12,0,124,20:40-20:50,898.5668000000001,0.0,1.4695500000000001,1.4990553571428575,35.160983333333206,1226.0150434523807,847.263094047619,847.263094047619,847.263094047619,0.0,86.46468928571421,2466.1670601851847,0.0
2025-08-12,0,125,20:50-21:00,922.0966666666666,0.0,1.05465,1.0634111607142858,38.986666666666565,1139.5503541666662,961.0833333333331,961.0833333333331,961.0833333333331,0.0,0.0,2466.1670601851847,0.0
2025-08-12,0,126,21:00-21:10,996.91815,0.0,1.037525,1.0455750000000001,66.32439999999997,1087.8499374999992,1063.24255,1063.24255,1063.24255,0.0,0.0,2466.1670601851847,0.0
2025-08-12,0,127,21:10-21:20,988.538,0.0,1.084975,1.0945763392857146,49.216983333333246,1050.9491874999997,1037.7549833333333,1037.7549833333333,1037.7549833333333,0.0,0.0,2466.1670601851847,0.0
2025-08-12,0,128,21:20-21:30,932.2516666666667,0.0,1.0628499999999999,1.0690379464285713,54.29500000000007,1015.4397791666663,986.5466666666667,986.5466666666667,986.5466666666667,0.0,0.0,2466.1670601851847,0.0
2025-08-12,0,129,21:30-21:40,978.4047333333333,0.0,1.13395,1.1426428571428573,36.719749999999976,974.8531124999997,733.09115,733.09115,733.09115,0.0,282.03333333333336,2152.7966898148143,0.0
2025-08-12,0,130,21:40-21:50,919.4282666666666,0.0,0.940725,0.9510160714285716,40.451233333333334,857.517020833333,879.1434874999999,879.1434874999999,879.1434874999999,0.0,80.73601249999997,2063.0900092592587,0.0
2025-08-12,0,131,21:50-22:00,766.2950000000001,0.0,0.569125,0.5782196428571428,75.5233333333332,776.7810083333329,879.1645267489708,879.1645267489708,879.1645267489708,37.34619341563757,0.0,2096.7015833333326,0.0
2025-08-12,0,132,22:00-22:10,757.5743333333332,0.0,0.509475,0.520105357142857,48.75383333333332,807.0314249999996,1639.6614999999997,1639.6614999999997,1639.6614999999997,833.3333333333333,0.0,2846.7015833333326,0.0
2025-08-12,0,133,22:10-22:20,804.4738,0.0,0.5625249999999999,0.5742165178571427,45.86505,743.9806416666662,850.33885,850.33885,850.33885,0.0,0.0,2846.7015833333326,0.0
2025-08-12,0,134,22:20-22:30,811.9499999999999,0.0,0.56345,0.5733879464285715,61.058333333333394,640.2656749999998,873.0083333333333,873.0083333333333,873.0083333333333,0.0,0.0,2846.7015833333326,0.0
2025-08-12,0,135,22:30-22:40,779.5573999999999,0.0,0.5535,0.5605410714285715,52.64501666666672,562.6174499999996,832.2024166666666,832.2024166666666,832.2024166666666,0.0,0.0,2846.7015833333326,0.0
2025-08-12,0,136,22:40-22:50,765.9902,0.0,0.5460499999999999,0.5537419642857142,42.5309666666667,497.54596666666623,1641.8545,1641.8545,1641.8545,833.3333333333333,0.0,3596.7015833333326,0.0
2025-08-12,0,137,22:50-23:00,769.8416666666667,0.0,0.545075,0.5550263392857143,60.875,420.7099291666665,1664.05,1664.05,1664.05,833.3333333333333,0.0,4346.701583333333,0.0
2025-08-12,0,138,23:00-23:10,744.7707166666667,0.0,0.552975,0.5607866071428572,36.30600000000004,392.1073708333329,781.0767166666667,781.0767166666667,781.0767166666667,0.0,0.0,4346.701583333333,0.0
2025-08-12,0,139,23:10-23:20,756.2620666666667,0.0,0.566425,0.5743370535714284,43.51451666666674,328.85387083333325,799.7765833333334,799.7765833333334,799.7765833333334,0.0,0.0,4346.701583333333,0.0
2025-08-12,0,140,23:20-23:30,796.0266666666666,0.0,0.566975,0.5774785714285715,41.26166666666677,256.63914999999986,837.2883333333334,837.2883333333334,837.2883333333334,0.0,0.0,4346.701583333333,0.0
2025-08-12,0,141,23:30-23:40,783.3299,0.0,0.539925,0.5491053571428571,46.244266666666704,207.33392499999988,1662.9074999999998,1662.9074999999998,1662.9074999999998,833.3333333333333,0.0,5096.701583333333,0.0
2025-08-12,0,142,23:40-23:50,756.1493,0.0,0.5362750000000001,0.5452004464285716,52.07420000000002,118.66579999999999,1641.5568333333333,1641.5568333333333,1641.5568333333333,833.3333333333333,0.0,5846.701583333333,0.0
2025-08-12,0,143,23:50-24:00,745.0416666666666,0.0,0.549125,0.5589441964285713,49.53166666666675,69.82624999999987,964.9049074074082,964.9049074074082,964.9049074074082,170.33157407407492,0.0,6000.0,0.0
2025-08-13,0,0,0:00-0:10,742.0679833333334,0.0,0.5258,0.5319714285714287,49.59293333333335,1594.842727380952,791.6609166666667,791.6609166666667,791.6609166666667,0.0,0.0,7098.038697010588,0.0
2025-08-13,0,1,0:10-0:20,739.0234499999999,0.0,0.5251250000000001,0.533169642857143,49.70861666666667,1615.8505404761902,788.7320666666666,788.7320666666666,788.7320666666666,0.0,0.0,7098.038697010588,0.0
2025-08-13,0,2,0:20-0:30,746.5966666666666,0.0,0.5473750000000001,0.5597776785714287,50.613333333333344,1616.753498214286,797.2099999999999,797.2099999999999,797.2099999999999,0.0,0.0,7098.038697010588,0.0
2025-08-13,0,3,0:30-0:40,775.1356666666667,0.0,0.532,0.5418370535714286,26.65786666666679,1590.7576648809525,801.7935333333335,801.7935333333335,801.7935333333335,0.0,0.0,7098.038697010588,0.0
2025-08-13,0,4,0:40-0:50,763.8471666666666,0.0,0.521225,0.5297071428571428,47.5016833333334,1555.6839345238102,811.34885,811.34885,811.34885,0.0,0.0,7098.038697010588,0.0
2025-08-13,0,5,0:50-1:00,733.6016666666666,0.0,0.53425,0.5445107142857142,62.93166666666673,1575.9860303571436,796.5333333333333,796.5333333333333,796.5333333333333,0.0,0.0,7098.038697010588,0.0
2025-08-13,0,6,1:00-1:10,761.0294833333334,0.0,0.54265,0.5511950892857143,73.91933333333338,1605.0583976190487,834.9488166666667,834.9488166666667,834.9488166666667,0.0,0.0,7098.038697010588,0.0
2025-08-13,0,7,1:10-1:20,753.0549333333333,0.0,0.52715,0.5323830357142859,60.59713333333343,1525.475704761905,813.6520666666668,813.6520666666668,813.6520666666668,0.0,0.0,7098.038697010588,0.0
2025-08-13,0,8,1:20-1:30,706.535,0.0,0.509675,0.5141616071428571,64.71333333333325,1479.4098000000008,771.2483333333332,771.2483333333332,771.2483333333332,0.0,0.0,7098.038697010588,0.0
2025-08-13,0,9,1:30-1:40,711.6061333333333,0.0,0.53025,0.5381433035714286,49.01044999999988,1497.0108714285716,760.6165833333332,760.6165833333332,760.6165833333332,0.0,0.0,7098.038697010588,0.0
2025-08-13,0,10,1:40-1:50,701.6752166666666,0.0,0.5498,0.5571790178571429,47.14298333333329,1435.4669499999998,748.8181999999999,748.8181999999999,748.8181999999999,0.0,0.0,7098.038697010588,0.0
2025-08-13,0,11,1:50-2:00,659.8149999999999,0.0,0.549925,0.5541946428571427,50.058333333333394,1370.4351476190475,709.8733333333333,709.8733333333333,709.8733333333333,0.0,0.0,7098.038697010588,0.0
2025-08-13,0,12,2:00-2:10,645.0763666666667,0.0,0.5474749999999999,0.5545366071428571,69.88016666666658,1334.4537785714288,714.9565333333333,714.9565333333333,714.9565333333333,0.0,0.0,7098.038697010588,0.0
2025-08-13,0,13,2:10-2:20,659.3209833333333,0.0,0.53725,0.5435549107142855,51.78525000000013,1307.4204505952373,711.1062333333334,711.1062333333334,711.1062333333334,0.0,0.0,7098.038697010588,0.0
2025-08-13,0,14,2:20-2:30,692.6983333333333,0.0,0.5218499999999999,0.5246950892857142,49.014999999999986,1269.2481107142858,741.7133333333333,741.7133333333333,741.7133333333333,0.0,0.0,7098.038697010588,0.0
2025-08-13,0,15,2:30-2:40,727.9645333333333,0.0,0.514925,0.5218794642857143,39.23923333333323,1218.697175,767.2037666666665,767.2037666666665,767.2037666666665,0.0,0.0,7098.038697010588,0.0
2025-08-13,0,16,2:40-2:50,708.4403166666666,0.0,0.51845,0.5261535714285716,45.59465,1112.2033869047614,754.0349666666666,754.0349666666666,754.0349666666666,0.0,0.0,7098.038697010588,0.0
2025-08-13,0,17,2:50-3:00,668.7516666666667,0.0,0.52005,0.5227232142857143,53.508333333333326,1060.01554702381,722.26,722.26,722.26,0.0,0.0,7098.038697010588,0.0
2025-08-13,0,18,3:00-3:10,701.7976,0.0,0.50495,0.5057388392857144,48.772433333333424,1013.279746428572,750.5700333333334,750.5700333333334,750.5700333333334,0.0,0.0,7098.038697010588,0.0
2025-08-13,0,19,3:10-3:20,732.7290666666665,0.0,0.49217500000000003,0.4927459821428572,52.90559285714278,944.525395833334,785.6346595238093,785.6346595238093,785.6346595238093,0.0,0.0,7098.038697010588,0.0
2025-08-13,0,20,3:20-3:30,734.0433333333333,0.0,0.4942,0.49554017857142846,49.31999999999982,903.2369345238101,783.3633333333331,783.3633333333331,783.3633333333331,0.0,0.0,7098.038697010588,0.0
2025-08-13,0,21,3:30-3:40,744.16675,0.0,0.50275,0.5071941964285714,44.70804047619049,875.2361011904765,788.8747904761905,788.8747904761905,788.8747904761905,0.0,0.0,7098.038697010588,0.0
2025-08-13,0,22,3:40-3:50,708.6223666666666,0.0015261904761904763,0.49219999999999997,0.49753258928571426,33.83775000000003,799.3198386904764,742.4585904761905,742.4585904761905,742.4585904761905,0.0,0.0,7098.038697010588,0.0
2025-08-13,0,23,3:50-4:00,661.6083333333333,0.0,0.4885,0.4928124999999998,41.42666666666673,678.0532970238098,703.0350000000001,703.0350000000001,703.0350000000001,0.0,0.0,7098.038697010588,0.0
2025-08-13,0,24,4:00-4:10,697.9210666666665,0.0,0.5357,0.5416919642857142,41.3756309523809,594.4062136904765,739.2966976190474,739.2966976190474,739.2966976190474,0.0,0.0,7098.038697010588,0.0
2025-08-13,0,25,4:10-4:20,708.8963166666667,0.021278571428571428,0.532725,0.5398013392857144,44.58967142857125,522.8172410714287,753.4647095238095,753.4647095238095,753.4647095238095,0.0,0.0,7098.038697010588,0.0
2025-08-13,0,26,4:20-4:30,663.9616666666666,0.0,0.482975,0.4885526785714286,70.51666666666665,468.64502916666663,1567.8116666666665,1567.8116666666665,1567.8116666666665,833.3333333333333,0.0,7848.038697010588,0.0
2025-08-13,0,27,4:30-4:40,643.3819,0.0,0.48907500000000004,0.4923727678571428,50.517900000000054,441.7340827380951,1473.8568033215686,1473.8568033215686,1473.8568033215686,779.9570033215685,0.0,8550.0,0.0
2025-08-13,0,28,4:40-4:50,649.9055666666666,0.29638095238095236,0.49012500000000003,0.49378526785714294,38.90764999999999,399.5288047619042,688.5168357142857,688.5168357142857,688.5168357142857,0.0,0.0,8550.0,0.0
2025-08-13,0,29,4:50-5:00,663.7833333333333,0.0,0.47572500000000006,0.4813803571428572,62.264999999999986,391.90970119047597,1559.3816666666667,1559.3816666666667,1559.3816666666667,833.3333333333333,0.0,9300.0,0.0
2025-08-13,0,30,5:00-5:10,670.0617333333332,0.0,0.501525,0.5067767857142859,43.43794047619053,380.96915654761847,713.4996738095238,713.4996738095238,713.4996738095238,0.0,0.0,9300.0,0.0
2025-08-13,0,31,5:10-5:20,678.6155666666666,5.159878571428572,0.51625,0.5216357142857143,41.14326904761913,405.96258035714357,714.5989571428572,714.5989571428572,714.5989571428572,0.0,0.0,9300.0,0.0
2025-08-13,0,32,5:20-5:30,680.355,27.859821428571426,0.4689,0.4750549107142857,41.11279761904768,379.5113738095235,1526.9413095238097,1526.9413095238097,1526.9413095238097,833.3333333333333,0.0,10050.0,0.0
2025-08-13,0,33,5:30-5:40,668.2042833333333,66.26371428571429,0.40202499999999997,0.4067401785714285,44.40222142857158,337.9773113095236,1479.6761238095237,1479.6761238095237,1479.6761238095237,833.3333333333333,0.0,10800.0,0.0
2025-08-13,0,34,5:40-5:50,736.6504499999999,109.46824523809524,0.5988499999999999,0.6035223214285713,42.39209999999997,297.2496761904763,669.5743047619046,669.5743047619046,669.5743047619046,0.0,0.0,10800.0,0.0
2025-08-13,0,35,5:50-6:00,840.8166666666666,153.49553571428572,0.928125,0.933878125,41.46523809523808,249.59975297619056,0.0,0.0,0.0,0.0,728.786369047619,9990.237367724867,0.0
2025-08-13,0,36,6:00-6:10,838.1615833333333,201.89704523809522,0.9523,0.9563116071428573,33.32984285714292,240.92503035714267,0.0,0.0,0.0,0.0,669.594380952381,9246.243611111111,0.0
2025-08-13,0,37,6:10-6:20,847.4548,250.42777380952379,0.8952,0.8981165178571427,36.35771190476191,250.6127845238094,0.0,0.0,0.0,0.0,633.3847380952382,8542.48279100529,0.0
2025-08-13,0,38,6:20-6:30,869.0483333333333,298.99732142857135,0.89105,0.8941250000000002,55.39869047619038,268.20593809523797,0.0,0.0,0.0,0.0,625.4497023809523,7847.538677248676,0.0
2025-08-13,0,39,6:30-6:40,790.2140666666666,351.3625952380952,0.848725,0.850210714285714,48.541159523809426,319.7614738095236,0.0,0.0,0.0,0.0,487.3926309523807,7305.991309523809,0.0
2025-08-13,0,40,6:40-6:50,777.8853333333333,402.2787023809524,0.8132250000000001,0.8128919642857143,50.46275952380961,392.22495476190466,0.0,0.0,0.0,0.0,426.0693904761905,6832.580875661375,0.0
2025-08-13,0,41,6:50-7:00,837.685,454.2714285714286,0.7905249999999999,0.7895276785714287,51.21244047619041,442.2509422619051,0.0,0.0,0.0,0.0,434.62601190476175,6349.663084656084,0.0
2025-08-13,0,42,7:00-7:10,809.9315833333333,515.1618428571428,0.7409,0.7401272321428572,34.23211666666663,508.6480107142861,0.0,0.0,0.0,0.0,329.00185714285703,5984.105465608465,0.0
2025-08-13,0,43,7:10-7:20,799.9541333333333,574.0757761904761,0.7388750000000001,0.7378558035714283,43.8354976190476,552.1133386904767,0.0,0.0,0.0,0.0,269.7138547619048,5684.423404761905,0.0
2025-08-13,0,44,7:20-7:30,826.4733333333334,626.2946428571429,0.7368250000000001,0.7345901785714285,58.386666666666656,589.7206761904762,0.0,0.0,0.0,0.0,258.5653571428571,5397.128563492063,0.0
2025-08-13,0,45,7:30-7:40,815.8840666666666,676.8063880952382,0.6534249999999999,0.649547767857143,69.82675476190468,639.0088458333332,0.0,0.0,0.0,0.0,208.90443333333315,5165.012526455026,0.0
2025-08-13,0,46,7:40-7:50,935.0303666666666,725.787030952381,0.853475,0.8478941964285712,46.30182142857137,689.8357702380952,0.0,0.0,0.0,0.0,255.54515714285708,4881.073462962962,0.0
2025-08-13,0,47,7:50-8:00,1140.8216666666667,774.8928571428571,1.211825,1.2050111607142857,43.146250000000094,682.9114208333333,0.0,0.0,0.0,0.0,409.0750595238096,4426.545619047618,0.0
2025-08-13,0,48,8:00-8:10,1195.3477166666667,826.3169,1.2052,1.1982602678571428,45.23029047619052,728.6736232142858,0.0,0.0,0.0,0.0,414.2611071428571,3966.255499999999,0.0
2025-08-13,0,49,8:10-8:20,1165.9745333333333,873.7139595238093,1.1154000000000002,1.1093843750000005,57.20715000000007,717.300617261905,0.0,0.0,0.0,0.0,349.46772380952393,3577.9580291005277,0.0
2025-08-13,0,50,8:20-8:30,1143.2966666666666,920.6017857142857,1.116425,1.1104830357142856,76.58232142857133,730.0705160714288,0.0,0.0,0.0,0.0,299.2772023809522,3245.4278042328033,0.0
2025-08-13,0,51,8:30-8:40,1145.2656,975.9692476190476,1.0964,1.087561607142857,56.728957142857155,771.835301785715,0.0,0.0,0.0,0.0,226.02530952380948,2994.2885714285703,0.0
2025-08-13,0,52,8:40-8:50,1126.7591333333332,1023.6681761904762,1.061,1.0498428571428569,70.61653333333331,785.1553190476199,0.0,0.0,0.0,0.0,173.7074904761904,2801.2802486772475,0.0
2025-08-13,0,53,8:50-9:00,1100.0933333333332,1065.9758928571428,1.0345749999999998,1.0222049107142854,87.40327380952368,812.1514208333342,0.0,0.0,0.0,0.0,121.52071428571412,2666.257232804232,0.0
2025-08-13,0,54,9:00-9:10,1122.1410166666665,1121.1683404761905,1.021375,1.0066013392857143,71.38490714285717,857.5192529761905,0.0,0.0,0.0,0.0,72.3575833333332,2585.859917989417,0.0
2025-08-13,0,55,9:10-9:20,1139.5755666666666,1172.675469047619,1.002475,0.9880549107142855,57.75321190476188,875.0354130952383,0.0,0.0,0.0,0.0,24.65330952380964,2558.467351851851,0.0
2025-08-13,0,56,9:20-9:30,1114.7533333333333,1206.9366071428572,0.958075,0.944770089285714,66.2509523809521,879.7209607142858,0.0,0.0,0.0,25.93232142857164,0.0,2581.806441137566,0.0
2025-08-13,0,57,9:30-9:40,1069.6068666666665,1228.099857142857,0.907625,0.8927834821428576,74.4899000000001,893.6401124999996,0.0,0.0,0.0,84.00309047619044,0.0,2657.409222566137,0.0
2025-08-13,0,58,9:40-9:50,1082.9636666666665,1261.7471238095238,0.9976,0.9981151785714285,65.55352619047608,901.2271613095235,0.0,0.0,0.0,113.22993095238121,0.0,2759.31616042328,0.0
2025-08-13,0,59,9:50-10:00,1127.0966666666666,1306.2517857142857,1.1595,1.1812058035714283,57.8982738095238,849.8072642857139,0.0,0.0,0.0,121.25684523809537,0.0,2868.4473211375657,0.0
2025-08-13,0,60,10:00-10:10,1105.3615833333333,1337.6689785714284,1.1639499999999998,1.180294196428571,60.11160476190472,741.8943922619044,0.0,0.0,0.0,172.19579047619027,0.0,3023.423532566137,0.0
2025-08-13,0,61,10:10-10:20,1120.5156666666667,1371.4304785714287,1.1207,1.1318053571428572,70.21943571428591,802.6537017857144,0.0,0.0,0.0,180.69537619047605,0.0,3186.0493711375657,0.0
2025-08-13,0,62,10:20-10:30,1187.5466666666666,1408.3473214285714,1.14295,1.1608214285714287,76.82726190476144,899.6960124999998,0.0,0.0,0.0,143.97339285714338,0.0,3315.6254247089946,0.0
2025-08-13,0,63,10:30-10:40,1204.9773666666665,1430.4670928571425,1.1880000000000002,1.207502678571429,82.75761190476207,924.7229559523802,0.0,0.0,0.0,142.7321142857138,0.0,3444.084327566137,0.0
2025-08-13,0,64,10:40-10:50,1162.5737166666665,1443.5880738095238,0.9474,0.9509714285714285,90.60197857142873,800.6824732142851,0.0,0.0,0.0,190.4123785714287,0.0,3615.455468280423,0.0
2025-08-13,0,65,10:50-11:00,1104.8383333333331,1448.7794642857143,0.568675,0.5518919642857142,101.34440476190471,622.1285374999997,0.0,0.0,0.0,242.59672619047637,0.0,3833.7925218518517,0.0
2025-08-13,0,66,11:00-11:10,1092.16325,1444.0255142857143,0.535625,0.5197683035714289,103.9764452380952,565.6007160714289,289.18609556143406,289.18609556143406,289.18609556143406,537.071914609053,0.0,4317.157244999999,0.0
2025-08-13,0,67,11:10-11:20,1125.7556,1457.3424357142858,0.6036,0.5906245535714287,102.59410476190503,623.0796547619045,0.0,0.0,0.0,228.99273095238073,0.0,4523.250702857142,0.0
2025-08-13,0,68,11:20-11:30,1165.6016666666665,1492.8339285714285,0.593625,0.5769816964285714,87.89571428571412,688.3284892857145,0.0,0.0,0.0,239.3365476190479,0.0,4738.653595714285,0.0
2025-08-13,0,69,11:30-11:40,1155.4543333333331,1523.211045238095,0.5654,0.549146875,87.68781904761909,669.6164630952385,0.0,0.0,0.0,280.0688928571428,0.0,4990.715599285713,0.0
2025-08-13,0,70,11:40-11:50,1082.19255,1523.3995,0.5221,0.5082200892857142,101.12643095238067,673.5769880952389,493.25281428571384,493.25281428571384,493.25281428571384,833.3333333333333,0.0,5740.715599285713,0.0
2025-08-13,0,71,11:50-12:00,1027.8833333333332,1506.1383928571427,0.484925,0.4697312500000001,105.5095238095239,667.5335101190478,460.5877976190477,460.5877976190477,460.5877976190477,833.3333333333333,0.0,6490.715599285713,0.0
2025-08-13,0,72,12:00-12:10,1092.6872833333332,1508.2419595238093,0.490325,0.4682348214285713,116.94908571428584,615.5788642857143,534.7277428571431,534.7277428571431,534.7277428571431,833.3333333333333,0.0,7240.715599285713,0.0
2025-08-13,0,73,12:10-12:20,1121.2430166666666,1515.4935166666664,0.497575,0.4759169642857145,101.92411428571408,571.3806261904764,541.0069476190474,541.0069476190474,541.0069476190474,833.3333333333333,0.0,7990.715599285713,0.0
2025-08-13,0,74,12:20-12:30,1088.6599999999999,1507.816964285714,0.476275,0.45998839285714294,110.99892857142856,476.32505297619053,525.1752976190478,525.1752976190478,525.1752976190478,833.3333333333333,0.0,8740.715599285713,0.0
2025-08-13,0,75,12:30-12:40,1117.5421166666665,1478.5112571428572,0.46320000000000006,0.4426419642857145,122.22918809523807,468.6450351190473,594.5933809523806,594.5933809523806,594.5933809523806,833.3333333333333,0.0,9490.715599285713,0.0
2025-08-13,0,76,12:40-12:50,1143.2070166666667,1444.3351619047617,0.629325,0.6066848214285715,98.0322761904763,502.4844261904768,0.0,0.0,0.0,203.09586904761863,0.0,9673.50188142857,0.0
2025-08-13,0,77,12:50-13:00,1139.3516666666665,1409.0714285714284,0.8768999999999999,0.8593669642857144,85.72857142857137,476.1355892857147,0.0,0.0,0.0,183.9911904761907,0.0,9839.093952857142,0.0
2025-08-13,0,78,13:00-13:10,1150.3853,1369.3655214285711,0.91995,0.906604017857143,87.86341428571416,518.1003095238098,0.0,0.0,0.0,131.11680714285717,0.0,9957.099079285714,0.0
2025-08-13,0,79,13:10-13:20,1155.7356499999999,1365.9618642857142,0.91815,0.9025522321428571,86.93218095238096,478.09837440476184,0.0,0.0,0.0,123.29403333333335,0.0,10068.063709285714,0.0
2025-08-13,0,80,13:20-13:30,1153.0266666666666,1396.355357142857,0.943025,0.9206549107142858,69.41065476190465,629.5625035714295,0.0,0.0,0.0,173.91803571428568,0.0,10224.58994142857,0.0
2025-08-13,0,81,13:30-13:40,1166.1214833333333,1411.6782833333336,0.9244,0.9005272321428575,79.62093333333323,716.5452803571428,0.0,0.0,0.0,165.93586666666715,0.0,10373.932221428571,0.0
2025-08-13,0,82,13:40-13:50,1181.9749333333332,1396.2547690476188,1.027475,1.020869642857143,70.38234285714293,752.0280130952383,0.0,0.0,0.0,143.89749285714265,0.0,10503.439965,0.0
2025-08-13,0,83,13:50-14:00,1172.0283333333332,1359.6964285714284,1.2057,1.22273125,78.45773809523787,759.5036053571428,0.0,0.0,0.0,109.21035714285745,0.0,10601.729286428572,0.0
2025-08-13,0,84,14:00-14:10,1128.9282833333332,1320.8608833333333,1.226475,1.2456316964285719,37.75495000000001,817.1105547619046,0.0,0.0,0.0,154.17765000000009,0.0,10740.489171428571,0.0
2025-08-13,0,85,14:10-14:20,1147.5982833333333,1270.9344023809524,1.2023000000000001,1.2184392857142854,57.21297619047618,876.1919720238094,0.0,0.0,0.0,66.12314285714297,0.0,10800.0,0.0
2025-08-13,0,86,14:20-14:30,1209.0383333333332,1214.6625,1.2535500000000002,1.2729705357142858,76.5543452380951,896.4990726190475,0.0,0.0,0.0,0.0,70.93017857142831,10721.18869047619,0.0
2025-08-13,0,87,14:30-14:40,1202.0998,1167.910780952381,1.341425,1.3638281250000002,75.75640714285697,873.4365577380952,0.0,0.0,0.0,0.0,109.94542619047593,10599.027105820107,0.0
2025-08-13,0,88,14:40-14:50,1200.7017999999998,1109.7963595238093,1.138825,1.151070535714286,64.91905952380972,917.9644119047618,0.0,0.0,0.0,0.0,155.82450000000017,10425.888772486773,0.0
2025-08-13,0,89,14:50-15:00,1222.6583333333333,1041.8767857142857,0.77835,0.775426785714286,91.41601190476189,986.2616125000002,272.19755952380956,272.19755952380956,272.19755952380956,0.0,0.0,10425.888772486773,0.0
2025-08-13,0,90,15:00-15:10,1207.3317666666667,989.5000261904761,0.746525,0.7444624999999999,87.74977142857136,1026.331716666667,721.2606535861256,721.2606535861256,721.2606535861256,415.6791416813636,0.0,10800.0,0.0
2025-08-13,0,91,15:10-15:20,1193.6900166666665,945.9482404761903,0.83215,0.8314897321428572,75.5224642857143,1080.1856190476196,323.26424047619037,323.26424047619037,323.26424047619037,0.0,0.0,10800.0,0.0
2025-08-13,0,92,15:20-15:30,1196.455,900.4776785714286,0.8573,0.8530125,61.89470238095225,1098.707370833334,357.87202380952374,357.87202380952374,357.87202380952374,0.0,0.0,10800.0,0.0
2025-08-13,0,93,15:30-15:40,1193.0538666666666,849.7358166666664,0.860625,0.8577946428571425,78.27899523809526,1086.5383083333336,421.5970452380956,421.5970452380956,421.5970452380956,0.0,0.0,10800.0,0.0
2025-08-13,0,94,15:40-15:50,1210.5737,802.2073619047619,0.889,0.8885169642857143,77.1067071428572,1131.2427648809526,485.4730452380952,485.4730452380952,485.4730452380952,0.0,0.0,10800.0,0.0
2025-08-13,0,95,15:50-16:00,1236.34,760.9794642857142,0.92825,0.9274205357142858,62.94946428571416,1219.5773857142863,538.3099999999998,538.3099999999998,538.3099999999998,0.0,-0.0,10800.0,0.0
2025-08-13,0,96,16:00-16:10,1228.1264666666666,719.523219047619,0.9311,0.9284647321428571,58.54359047619039,1343.912653571429,567.1468380952379,567.1468380952379,567.1468380952379,0.0,-0.0,10800.0,0.0
2025-08-13,0,97,16:10-16:20,1232.8897666666667,666.8411261904762,0.954925,0.9518919642857145,55.06533095238092,1458.6973964285714,621.1139714285714,621.1139714285714,621.1139714285714,0.0,-0.0,10800.0,0.0
2025-08-13,0,98,16:20-16:30,1240.2433333333333,608.1714285714286,0.988125,0.986272767857143,62.45999999999992,1479.3393922619048,694.5319047619048,694.5319047619048,694.5319047619048,0.0,-0.0,10800.0,0.0
2025-08-13,0,99,16:30-16:40,1192.84825,558.7491761904762,0.9629,0.9618986607142856,59.43301904761904,1562.349046428572,693.5320928571427,693.5320928571427,693.5320928571427,0.0,0.0,10800.0,0.0
2025-08-13,0,100,16:40-16:50,1162.8710333333333,505.59833333333336,0.965975,0.9673075892857144,71.24671190476201,1604.3949053571432,728.5194119047619,728.5194119047619,728.5194119047619,0.0,0.0,10800.0,0.0
2025-08-13,0,101,16:50-17:00,1174.7666666666667,447.7883928571428,1.0180500000000001,1.0221325892857143,60.655178571428564,1641.512927976191,787.6334523809523,787.6334523809523,787.6334523809523,0.0,-0.0,10800.0,0.0
2025-08-13,0,102,17:00-17:10,1180.4738333333332,398.3599380952381,1.0548,1.0589035714285715,54.31193095238109,1686.0980339285716,836.4258261904763,836.4258261904763,836.4258261904763,-0.0,0.0,10800.0,0.0
2025-08-13,0,103,17:10-17:20,1168.1562166666665,349.5275642857142,1.092275,1.0972629464285715,42.002761904761826,1737.8758785714285,860.6314142857142,860.6314142857142,860.6314142857142,-0.0,0.0,10800.0,0.0
2025-08-13,0,104,17:20-17:30,1190.8116666666665,298.1330357142857,1.1178750000000002,1.124426785714286,56.66851190476177,1791.9291845238097,949.3471428571426,949.3471428571426,949.3471428571426,0.0,0.0,10800.0,0.0
2025-08-13,0,105,17:30-17:40,1279.3950333333332,249.14694285714285,1.10965,1.1151803571428571,52.23540238095245,1792.6334053571422,1082.483492857143,1082.483492857143,1082.483492857143,0.0,0.0,10800.0,0.0
2025-08-13,0,106,17:40-17:50,1174.9845999999998,200.08003095238098,1.197825,1.2057647321428568,54.71042142857152,1776.962631547619,1029.61499047619,1029.61499047619,1029.61499047619,0.0,0.0,10800.0,0.0
2025-08-13,0,107,17:50-18:00,951.6316666666667,151.18482142857144,1.353375,1.365864732142858,35.00309523809511,1736.0385482142856,835.4499404761902,835.4499404761902,835.4499404761902,0.0,-0.0,10800.0,0.0
2025-08-13,0,108,18:00-18:10,953.43325,106.0913,1.4080499999999998,1.4198040178571423,41.05815238095232,1640.489051190476,888.4001023809524,888.4001023809524,888.4001023809524,0.0,0.0,10800.0,0.0
2025-08-13,0,109,18:10-18:20,990.6238166666667,63.361373809523805,1.4235,1.435345089285714,62.010095238095346,1640.2342369047612,989.2725380952382,989.2725380952382,989.2725380952382,0.0,0.0,10800.0,0.0
2025-08-13,0,110,18:20-18:30,966.1,26.846428571428568,1.4246000000000003,1.436245535714286,58.76130952380936,1717.970971428571,998.0148809523807,998.0148809523807,998.0148809523807,0.0,0.0,10800.0,0.0
2025-08-13,0,111,18:30-18:40,971.04215,5.046997619047619,1.3896499999999998,1.3958816964285714,42.86299523809521,1707.2714178571423,1008.8581476190476,1008.8581476190476,1008.8581476190476,0.0,0.0,10800.0,0.0
2025-08-13,0,112,18:40-18:50,933.48255,0.0,1.483175,1.500083928571429,43.7426857142857,1639.7649124999996,977.2252357142856,977.2252357142856,977.2252357142856,0.0,0.0,10800.0,0.0
2025-08-13,0,113,18:50-19:00,876.3716666666666,0.0,1.64455,1.6817227678571425,66.96982142857132,1690.9549803571426,110.00815476190462,110.00815476190462,110.00815476190462,0.0,833.3333333333333,9874.074074074075,0.0
2025-08-13,0,114,19:00-19:10,904.7710666666667,0.2909690476190476,1.636425,1.6741209821428575,34.187999999999874,1700.8580607142849,105.3347642857143,105.3347642857143,105.3347642857143,0.0,833.3333333333333,8948.14814814815,0.0
2025-08-13,0,115,19:10-19:20,906.3097166666666,0.0,1.598375,1.6334866071428575,43.85833571428566,1627.1891488095234,950.1680523809523,950.1680523809523,950.1680523809523,0.0,0.0,8948.14814814815,0.0
2025-08-13,0,116,19:20-19:30,873.8066666666666,0.0,1.6287,1.6674254464285718,52.0,1676.639485714285,925.8066666666666,925.8066666666666,925.8066666666666,0.0,0.0,8948.14814814815,0.0
2025-08-13,0,117,19:30-19:40,913.6897333333333,0.020890476190476195,1.678525,1.7187348214285723,35.50663333333341,1719.1082357142848,115.8421428571429,115.8421428571429,115.8421428571429,0.0,833.3333333333333,8022.2222222222235,0.0
2025-08-13,0,118,19:40-19:50,946.9384166666666,0.0,1.6693,1.7068022321428578,32.896402380952395,1711.2577190476184,146.50148571428576,146.50148571428576,146.50148571428576,0.0,833.3333333333333,7096.296296296297,0.0
2025-08-13,0,119,19:50-20:00,946.18,0.0,1.6355250000000001,1.671040178571429,66.09833333333336,1656.3060053571426,178.94500000000005,178.94500000000005,178.94500000000005,0.0,833.3333333333333,6170.370370370371,0.0
2025-08-13,0,120,20:00-20:10,961.0137833333333,0.0015023809523809523,1.673725,1.7137558035714278,41.67605000000003,1608.0134363095233,169.3549976190477,169.3549976190477,169.3549976190477,0.0,833.3333333333333,5244.444444444445,0.0
2025-08-13,0,121,20:10-20:20,952.8527166666665,0.0,1.6632000000000002,1.7035290178571432,31.583983333333435,1549.7111738095232,151.10336666666672,151.10336666666672,151.10336666666672,0.0,833.3333333333333,4318.518518518519,0.0
2025-08-13,0,122,20:20-20:30,929.2466666666666,0.0,1.631625,1.6686892857142863,32.549999999999955,1469.526719047618,212.22058154761737,212.22058154761737,212.22058154761737,0.0,749.5760851190491,3485.6562017195756,0.0
2025-08-13,0,123,20:30-20:40,941.6241166666666,2.6190476190476192e-05,1.6848999999999998,1.7241401785714285,31.617716666666865,1351.0621357142848,139.90847380952403,139.90847380952403,139.90847380952403,0.0,833.3333333333333,2559.73027579365,0.0
2025-08-13,0,124,20:40-20:50,943.3712499999999,0.0,1.4517,1.4801254464285714,37.30711190476188,1223.757248214285,896.3598011904763,896.3598011904763,896.3598011904763,0.0,84.31856071428543,2466.0429861111106,0.0
2025-08-13,0,125,20:50-21:00,943.6533333333333,0.0,1.0650499999999998,1.0747656249999997,42.780000000000086,1139.4386874999993,986.4333333333334,986.4333333333334,986.4333333333334,0.0,0.0,2466.0429861111106,0.0
2025-08-13,0,126,21:00-21:10,994.5967999999999,0.0,1.0620749999999999,1.070505357142857,66.32439999999997,1091.531604166666,1060.9211999999998,1060.9211999999998,1060.9211999999998,0.0,0.0,2466.0429861111106,0.0
2025-08-13,0,127,21:10-21:20,1002.0344499999999,0.0,1.112275,1.1215495535714284,49.216983333333246,1054.6308541666665,1051.2514333333331,1051.2514333333331,1051.2514333333331,0.0,0.0,2466.0429861111106,0.0
2025-08-13,0,128,21:20-21:30,972.3333333333333,0.0,1.0912250000000001,1.0973406249999995,50.613333333333344,1019.121445833333,1022.9466666666666,1022.9466666666666,1022.9466666666666,0.0,0.0,2466.0429861111106,0.0
2025-08-13,0,129,21:30-21:40,991.2937333333332,0.0,1.1621,1.1704191964285708,36.719749999999976,974.8531124999997,746.0918166666665,746.0918166666665,746.0918166666665,0.0,281.9216666666667,2152.7966898148143,0.0
2025-08-13,0,130,21:40-21:50,919.6969166666665,0.0,0.9458249999999999,0.9552156250000001,40.451233333333334,857.517020833333,879.4121374999999,879.4121374999999,879.4121374999999,0.0,80.73601249999997,2063.0900092592587,0.0
2025-08-13,0,131,21:50-22:00,770.7933333333333,0.0,0.55375,0.5623714285714285,75.5233333333332,776.7810083333329,883.6628600823041,883.6628600823041,883.6628600823041,37.34619341563757,0.0,2096.7015833333326,0.0
2025-08-13,0,132,22:00-22:10,720.0461499999999,0.0,0.52305,0.5350982142857142,48.75383333333332,807.0314249999996,1602.1333166666664,1602.1333166666664,1602.1333166666664,833.3333333333333,0.0,2846.7015833333326,0.0
2025-08-13,0,133,22:10-22:20,750.65755,0.0,0.5844,0.5975316964285714,45.86505,743.9806416666662,796.5226,796.5226,796.5226,0.0,0.0,2846.7015833333326,0.0
2025-08-13,0,134,22:20-22:30,792.0333333333333,0.0,0.557175,0.566678125,61.058333333333394,640.2656749999998,853.0916666666667,853.0916666666667,853.0916666666667,0.0,0.0,2846.7015833333326,0.0
2025-08-13,0,135,22:30-22:40,786.3367499999999,0.0,0.53795,0.5440218750000001,52.64501666666672,562.6174499999996,1009.3133407407415,1009.3133407407415,1009.3133407407415,170.33157407407492,0.0,3000.0,0.0
2025-08-13,0,136,22:40-22:50,741.70535,0.0,0.54315,0.549990625,42.5309666666667,497.54596666666623,784.2363166666667,784.2363166666667,784.2363166666667,0.0,0.0,3000.0,0.0
2025-08-13,0,137,22:50-23:00,711.5016666666667,0.0,0.544875,0.5537825892857144,60.875,420.7099291666665,772.3766666666667,772.3766666666667,772.3766666666667,0.0,0.0,3000.0,0.0
2025-08-13,0,138,23:00-23:10,746.6014333333333,0.0,0.51785,0.5240495535714286,36.30600000000004,392.1073708333329,1616.2407666666666,1616.2407666666666,1616.2407666666666,833.3333333333333,0.0,3750.0,0.0
2025-08-13,0,139,23:10-23:20,776.18805,0.0,0.5255000000000001,0.5313397321428571,43.51451666666674,328.85387083333325,1653.0358999999999,1653.0358999999999,1653.0358999999999,833.3333333333333,0.0,4500.0,0.0
2025-08-13,0,140,23:20-23:30,767.6299999999999,0.0,0.5537,0.5625352678571429,41.26166666666677,256.63914999999986,808.8916666666667,808.8916666666667,808.8916666666667,0.0,0.0,4500.0,0.0
2025-08-13,0,141,23:30-23:40,758.7349833333333,0.0,0.528525,0.5374522321428571,46.244266666666704,207.33392499999988,1638.3125833333334,1638.3125833333334,1638.3125833333334,833.3333333333333,0.0,5250.0,0.0
2025-08-13,0,142,23:40-23:50,789.9512166666666,0.0,0.5323,0.5407642857142857,52.07420000000002,118.66579999999999,1675.3587499999999,1675.3587499999999,1675.3587499999999,833.3333333333333,0.0,6000.0,0.0
2025-08-13,0,143,23:50-24:00,823.7666666666667,0.0,0.566725,0.5749888392857144,49.53166666666675,69.82624999999987,873.2983333333334,873.2983333333334,873.2983333333334,0.0,0.0,6000.0,0.0
2025-08-14,0,0,0:00-0:10,781.9213,0.0,0.5462499999999999,0.5520058035714285,49.59293333333335,1587.1010607142853,831.5142333333333,831.5142333333333,831.5142333333333,0.0,0.0,7361.211175952379,0.0
2025-08-14,0,1,0:10-0:20,732.1766166666666,0.0,0.517625,0.5252857142857144,49.70861666666667,1608.1088738095234,781.8852333333333,781.8852333333333,781.8852333333333,0.0,0.0,7361.211175952379,0.0
2025-08-14,0,2,0:20-0:30,724.19,0.0,0.5209999999999999,0.5322830357142856,50.613333333333344,1599.8534363095239,774.8033333333334,774.8033333333334,774.8033333333334,0.0,0.0,7361.211175952379,0.0
2025-08-14,0,3,0:30-0:40,747.5841166666667,0.0,0.54925,0.5601066964285714,26.65786666666679,1573.8576029761903,774.2419833333335,774.2419833333335,774.2419833333335,0.0,0.0,7361.211175952379,0.0
2025-08-14,0,4,0:40-0:50,773.5280833333333,0.0,0.56975,0.5800191964285716,47.5016833333334,1528.995989285715,821.0297666666667,821.0297666666667,821.0297666666667,0.0,0.0,7361.211175952379,0.0
2025-08-14,0,5,0:50-1:00,765.1933333333333,0.0,0.558575,0.5689183035714287,62.93166666666673,1547.317920833334,828.125,828.125,828.125,0.0,0.0,7361.211175952379,0.0
2025-08-14,0,6,1:00-1:10,711.33025,0.0,0.5219499999999999,0.529845982142857,73.91933333333338,1576.3902880952392,785.2495833333334,785.2495833333334,785.2495833333334,0.0,0.0,7361.211175952379,0.0
2025-08-14,0,7,1:10-1:20,712.6886833333333,0.0,0.523725,0.5293330357142859,60.59713333333343,1496.807595238096,773.2858166666667,773.2858166666667,773.2858166666667,0.0,0.0,7361.211175952379,0.0
2025-08-14,0,8,1:20-1:30,754.9283333333333,0.0,0.5547500000000001,0.5606857142857143,64.71333333333325,1450.7416904761913,819.6416666666665,819.6416666666665,819.6416666666665,0.0,0.0,7361.211175952379,0.0
2025-08-14,0,9,1:30-1:40,729.7240833333333,0.0,0.542125,0.5502696428571429,49.01044999999988,1468.3427619047625,778.7345333333332,778.7345333333332,778.7345333333332,0.0,0.0,7361.211175952379,0.0
2025-08-14,0,10,1:40-1:50,720.6062499999999,0.0,0.5071,0.5135080357142857,47.14298333333329,1406.7988404761902,767.7492333333332,767.7492333333332,767.7492333333332,0.0,0.0,7361.211175952379,0.0
2025-08-14,0,11,1:50-2:00,752.7966666666666,0.0,0.49149999999999994,0.49492410714285695,50.058333333333394,1341.767038095238,802.855,802.855,802.855,0.0,0.0,7361.211175952379,0.0
2025-08-14,0,12,2:00-2:10,760.8998333333334,0.0,0.51755,0.5244816964285716,69.88016666666658,1305.4667851190475,830.78,830.78,830.78,0.0,0.0,7361.211175952379,0.0
2025-08-14,0,13,2:10-2:20,748.3348833333332,0.0,0.54655,0.5529446428571428,51.78525000000013,1274.7281446428567,800.1201333333333,800.1201333333333,800.1201333333333,0.0,0.0,7361.211175952379,0.0
2025-08-14,0,14,2:20-2:30,734.7033333333334,0.0,0.539825,0.5424299107142858,49.014999999999986,1235.796030952381,783.7183333333334,783.7183333333334,783.7183333333334,0.0,0.0,7361.211175952379,0.0
2025-08-14,0,15,2:30-2:40,727.0053333333333,0.0,0.49290000000000006,0.49962276785714305,39.23923333333323,1189.710181547619,766.2445666666665,766.2445666666665,766.2445666666665,0.0,0.0,7361.211175952379,0.0
2025-08-14,0,16,2:40-2:50,693.6163833333333,0.0,0.47297500000000003,0.48105848214285724,45.59465,1080.5507434523815,1572.5443666666665,1572.5443666666665,1572.5443666666665,833.3333333333333,0.0,8111.211175952379,0.0
2025-08-14,0,17,2:50-3:00,660.5183333333333,0.0,0.49102500000000004,0.49467232142857165,61.25,1030.0719017857145,1209.3114711640237,1209.3114711640237,1209.3114711640237,487.5431378306904,0.0,8550.0,0.0
2025-08-14,0,18,3:00-3:10,688.1430499999999,0.0,0.5004,0.5018642857142858,48.772433333333424,990.161547619048,736.9154833333333,736.9154833333333,736.9154833333333,0.0,0.0,8550.0,0.0
2025-08-14,0,19,3:10-3:20,708.8662166666666,0.0,0.51775,0.5187062500000001,52.90559285714278,921.40719702381,761.7718095238093,761.7718095238093,761.7718095238093,0.0,0.0,8550.0,0.0
2025-08-14,0,20,3:20-3:30,692.7533333333333,0.0,0.537075,0.5385138392857142,49.31999999999982,880.1187357142861,742.0733333333332,742.0733333333332,742.0733333333332,0.0,0.0,8550.0,0.0
2025-08-14,0,21,3:30-3:40,671.5324499999999,0.0,0.52615,0.5296808035714284,44.70804047619049,852.1179023809525,716.2404904761904,716.2404904761904,716.2404904761904,0.0,0.0,8550.0,0.0
2025-08-14,0,22,3:40-3:50,643.8562499999999,0.0012690476190476189,0.504725,0.5090839285714286,33.83775000000003,777.1178601190477,677.6927309523809,677.6927309523809,677.6927309523809,0.0,0.0,8550.0,0.0
2025-08-14,0,23,3:50-4:00,645.875,0.0,0.498425,0.5021620535714285,41.42666666666673,656.0778970238089,687.3016666666667,687.3016666666667,687.3016666666667,0.0,0.0,8550.0,0.0
2025-08-14,0,24,4:00-4:10,716.9819333333332,0.0,0.5107999999999999,0.5151745535714284,41.3756309523809,572.2042351190478,758.3575642857141,758.3575642857141,758.3575642857141,0.0,0.0,8550.0,0.0
2025-08-14,0,25,4:10-4:20,729.8998333333334,0.017723809523809524,0.49185,0.49821607142857144,53.74806666666666,500.6152625,783.6301761904763,783.6301761904763,783.6301761904763,0.0,0.0,8550.0,0.0
2025-08-14,0,26,4:20-4:30,663.4949999999999,0.0,0.46435000000000004,0.4713160714285715,70.51666666666665,455.6014458333333,1567.3449999999998,1567.3449999999998,1567.3449999999998,833.3333333333333,0.0,9300.0,0.0
2025-08-14,0,27,4:30-4:40,625.4481,0.0,0.500825,0.504588392857143,60.30578333333335,428.69049940476174,685.7538833333333,685.7538833333333,685.7538833333333,0.0,0.0,9300.0,0.0
2025-08-14,0,28,4:40-4:50,644.1866,0.24686190476190478,0.531,0.5348959821428572,40.887814285714285,392.6844547619045,684.8275523809524,684.8275523809524,684.8275523809524,0.0,0.0,9300.0,0.0
2025-08-14,0,29,4:50-5:00,698.9283333333333,0.0,0.5213749999999999,0.5278294642857141,62.264999999999986,388.7093309523808,761.1933333333333,761.1933333333333,761.1933333333333,0.0,0.0,9300.0,0.0
2025-08-14,0,30,5:00-5:10,739.3766833333334,0.0,0.506175,0.5101491071428571,43.43794047619053,374.1801363095236,782.8146238095239,782.8146238095239,782.8146238095239,0.0,0.0,9300.0,0.0
2025-08-14,0,31,5:10-5:20,711.6568666666667,4.381802380952381,0.49507500000000004,0.49923616071428584,41.14326904761913,397.9963208333344,748.4183333333334,748.4183333333334,748.4183333333334,0.0,0.0,9300.0,0.0
2025-08-14,0,32,5:20-5:30,638.9683333333332,25.473214285714285,0.45239999999999997,0.4591151785714286,41.11279761904768,374.570957142857,1487.9412499999999,1487.9412499999999,1487.9412499999999,833.3333333333333,0.0,10050.0,0.0
2025-08-14,0,33,5:30-5:40,617.9888333333333,64.11111190476191,0.38525,0.38897098214285725,44.40222142857158,333.03689464285713,1431.6132761904762,1431.6132761904762,1431.6132761904762,833.3333333333333,0.0,10800.0,0.0
2025-08-14,0,34,5:40-5:50,721.9170999999999,107.51289523809523,0.60005,0.6038816964285714,42.39209999999997,292.3092595238098,656.7963047619047,656.7963047619047,656.7963047619047,0.0,0.0,10800.0,0.0
2025-08-14,0,35,5:50-6:00,863.9483333333333,151.13214285714287,0.9511000000000001,0.958308482142857,42.74077380952383,244.6593363095241,0.0,0.0,0.0,0.0,755.5569642857142,9960.492261904761,0.0
2025-08-14,0,36,6:00-6:10,874.45565,199.8234119047619,0.955525,0.9603214285714288,36.994723809523634,234.2343065476192,0.0,0.0,0.0,0.0,711.6269619047617,9169.795637566136,0.0
2025-08-14,0,37,6:10-6:20,860.2264833333334,248.54735238095236,0.878125,0.8797209821428573,36.35771190476191,240.57771607142848,0.0,0.0,0.0,0.0,648.0368428571429,8449.7547010582,0.0
2025-08-14,0,38,6:20-6:30,875.5616666666666,297.19642857142856,0.8840250000000001,0.8850901785714288,55.39869047619038,256.24189464285706,0.0,0.0,0.0,0.0,633.7639285714284,7745.572558201057,0.0
2025-08-14,0,39,6:30-6:40,872.8001999999999,350.7454428571428,0.8723,0.8735616071428568,48.541159523809426,307.7974303571427,0.0,0.0,0.0,0.0,570.5959166666667,7111.577095238094,0.0
2025-08-14,0,40,6:40-6:50,885.8673166666667,404.6109357142857,0.846375,0.8459205357142856,51.582745238095185,377.1284779761902,0.0,0.0,0.0,0.0,532.8391261904762,6519.533621693121,0.0
2025-08-14,0,41,6:50-7:00,887.0699999999999,457.6330357142857,0.8126500000000001,0.8100093749999998,51.21244047619041,426.98797440476204,0.0,0.0,0.0,0.0,480.64940476190463,5985.478727513227,0.0
2025-08-14,0,42,7:00-7:10,819.9615,512.9777238095237,0.7644,0.7627187500000002,34.23211666666663,466.8082642857138,0.0,0.0,0.0,0.0,341.215892857143,5606.349957671957,0.0
2025-08-14,0,43,7:10-7:20,835.7193,567.6459142857143,0.7435,0.7419004464285717,46.749969047619004,508.07871904761885,0.0,0.0,0.0,0.0,314.82335476190474,5256.5462301587295,0.0
2025-08-14,0,44,7:20-7:30,891.7533333333333,619.6535714285715,0.713075,0.7098674107142855,58.386666666666656,540.0487065476186,0.0,0.0,0.0,0.0,330.4864285714285,4889.339087301587,0.0
2025-08-14,0,45,7:30-7:40,824.8787166666666,669.6447690476191,0.640875,0.6372924107142858,69.82675476190468,588.5527244047613,0.0,0.0,0.0,0.0,225.0607023809522,4639.27164021164,0.0
2025-08-14,0,46,7:40-7:50,953.1002333333332,718.4690095238094,0.85195,0.8466629464285715,46.30182142857137,667.4410083333329,0.0,0.0,0.0,0.0,280.93304523809513,4327.123812169312,0.0
2025-08-14,0,47,7:50-8:00,1198.9566666666665,771.0383928571428,1.2059000000000002,1.1980866071428569,43.146250000000094,666.092713690476,0.0,0.0,0.0,0.0,471.06452380952373,3803.718785714286,0.0
2025-08-14,0,48,8:00-8:10,1149.11285,830.7513023809524,1.2019499999999999,1.19446875,45.23029047619052,711.8549160714285,0.0,0.0,0.0,0.0,363.591838095238,3399.7278544973547,0.0
2025-08-14,0,49,8:10-8:20,1104.2940833333332,879.9973380952381,1.1084999999999998,1.1024486607142858,57.20715000000007,693.1336065476189,0.0,0.0,0.0,0.0,281.5038952380953,3086.945748677249,0.0
2025-08-14,0,50,8:20-8:30,1177.7783333333332,923.3125,1.099875,1.093562053571428,76.58232142857133,654.1126946428567,0.0,0.0,0.0,0.0,331.04815476190447,2719.114465608466,0.0
2025-08-14,0,51,8:30-8:40,1168.1326666666666,980.4971499999999,1.0819999999999999,1.0726549107142858,56.728957142857155,694.7121035714284,0.0,0.0,0.0,0.0,244.36447380952382,2447.598383597884,0.0
2025-08-14,0,52,8:40-8:50,1101.4095333333332,1024.5053880952378,1.056775,1.0457589285714288,70.61653333333331,708.0321208333335,0.0,0.0,0.0,0.0,147.5206785714288,2283.686518518519,0.0
2025-08-14,0,53,8:50-9:00,1057.55,1058.7848214285714,1.037325,1.0257928571428574,87.40327380952368,735.0282226190477,0.0,0.0,0.0,0.0,86.1684523809522,2187.9437936507943,0.0
2025-08-14,0,54,9:00-9:10,1080.70505,1114.7617738095237,1.021,1.006465178571429,71.38490714285717,780.396054761904,0.0,0.0,0.0,0.0,37.32818333333353,2146.4680343915347,0.0
2025-08-14,0,55,9:10-9:20,1103.5246166666666,1166.7837452380952,1.005175,0.9900321428571429,57.75321190476188,797.9122148809518,0.0,0.0,0.0,5.505916666666735,0.0,2151.4233593915346,0.0
2025-08-14,0,56,9:20-9:30,1108.0166666666667,1197.9598214285713,0.970225,0.9559482142857141,66.2509523809521,802.5977624999994,0.0,0.0,0.0,23.692202380952494,0.0,2172.746341534392,0.0
2025-08-14,0,57,9:30-9:40,1132.6912833333333,1218.3856261904762,0.919475,0.9043066964285712,74.4899000000001,816.5169142857131,0.0,0.0,0.0,11.204442857142794,0.0,2182.83034010582,0.0
2025-08-14,0,58,9:40-9:50,1136.3825333333332,1250.898007142857,1.0051999999999999,1.0053892857142857,82.54207142857179,824.103963095237,0.0,0.0,0.0,31.973402380952166,0.0,2211.606402248677,0.0
2025-08-14,0,59,9:50-10:00,1124.0033333333333,1293.7035714285714,1.1739000000000002,1.194653125,59.85815476190487,789.6726113095231,0.0,0.0,0.0,109.84208333333322,0.0,2310.464277248677,0.0
2025-08-14,0,60,10:00-10:10,1142.4969333333333,1325.9001309523808,1.2012749999999999,1.2168209821428568,65.16562380952382,683.7196202380944,0.0,0.0,0.0,118.23757380952361,0.0,2416.878093677248,0.0
2025-08-14,0,61,10:10-10:20,1142.9403,1359.3978666666665,1.1511999999999998,1.1615678571428565,77.93533571428577,745.6211184523805,0.0,0.0,0.0,138.52223095238082,0.0,2541.5481015343908,0.0
2025-08-14,0,62,10:20-10:30,1128.96,1392.2794642857143,1.142325,1.1595924107142856,85.67422619047613,857.9233470238089,0.0,0.0,0.0,177.64523809523826,0.0,2701.4288158201052,0.0
2025-08-14,0,63,10:30-10:40,1152.7146333333333,1408.9654285714282,1.1806,1.2007044642857143,86.44038095238125,894.7306470238088,0.0,0.0,0.0,169.8104142857137,0.0,2854.2581886772477,0.0
2025-08-14,0,64,10:40-10:50,1154.80845,1427.1846761904762,0.925325,0.9298232142857144,91.20176666666666,774.3729333333331,0.0,0.0,0.0,181.17445952380967,0.0,3017.3152022486765,0.0
2025-08-14,0,65,10:50-11:00,1122.6516666666666,1441.9223214285712,0.5127999999999999,0.49540178571428545,108.39690476190496,596.4187857142854,455.70334353321834,455.70334353321834,455.70334353321834,666.5770935332179,0.0,3617.2345864285726,0.0
2025-08-14,0,66,11:00-11:10,1106.4014499999998,1433.6422999999998,0.45522500000000005,0.43661785714285717,106.90294285714262,539.1885238095247,612.9954261904759,612.9954261904759,612.9954261904759,833.3333333333333,0.0,4367.234586428573,0.0
2025-08-14,0,67,11:10-11:20,1105.5571166666666,1447.6240071428567,0.525425,0.5101071428571429,113.99653333333322,596.6496636904759,0.0,0.0,0.0,228.0703571428569,0.0,4572.497907857144,0.0
2025-08-14,0,68,11:20-11:30,1118.1233333333332,1491.886607142857,0.54295,0.5253357142857144,88.94125000000001,673.3009267857142,0.0,0.0,0.0,284.82202380952367,0.0,4828.837729285716,0.0
2025-08-14,0,69,11:30-11:40,1142.8067666666666,1524.0538857142858,0.5474000000000001,0.5281656250000001,87.68781904761909,658.8680714285717,0.0,0.0,0.0,293.5593000000001,0.0,5093.041099285716,0.0
2025-08-14,0,70,11:40-11:50,1135.5213666666666,1517.4455190476192,0.510175,0.4928500000000002,101.12643095238067,664.6011898809531,552.5356119047613,552.5356119047613,552.5356119047613,833.3333333333333,0.0,5843.041099285716,0.0
2025-08-14,0,71,11:50-12:00,1095.945,1496.4098214285716,0.4546,0.43732366071428574,105.5095238095239,653.0984071428571,538.3780357142855,538.3780357142855,538.3780357142855,833.3333333333333,0.0,6593.041099285716,0.0
2025-08-14,0,72,12:00-12:10,1067.69605,1509.8207690476188,0.452575,0.4270437500000001,116.94908571428584,601.5968374999998,508.15770000000043,508.15770000000043,508.15770000000043,833.3333333333333,0.0,7343.041099285716,0.0
2025-08-14,0,73,12:10-12:20,1052.1998833333332,1520.2206309523808,0.483375,0.4581924107142859,115.05527380952367,554.8459976190475,480.36785952380933,480.36785952380933,480.36785952380933,833.3333333333333,0.0,8093.041099285716,0.0
2025-08-14,0,74,12:20-12:30,1049.3033333333333,1504.892857142857,0.49119999999999997,0.4729196428571429,110.99892857142856,472.46850773809496,488.7427380952381,488.7427380952381,488.7427380952381,833.3333333333333,0.0,8843.041099285716,0.0
2025-08-14,0,75,12:30-12:40,1066.5563,1476.2401476190475,0.46897500000000003,0.44573125000000013,122.22918809523807,458.5409148809515,545.8786738095237,545.8786738095237,545.8786738095237,833.3333333333333,0.0,9593.041099285716,0.0
2025-08-14,0,76,12:40-12:50,1103.1741333333332,1439.9806285714285,0.63385,0.6083500000000001,98.0322761904763,495.63920357142865,0.0,0.0,0.0,238.774219047619,0.0,9807.937896428573,0.0
2025-08-14,0,77,12:50-13:00,1136.4216666666666,1403.8366071428568,0.9001250000000001,0.8803816964285717,85.72857142857137,470.78353809523793,0.0,0.0,0.0,181.68636904761888,0.0,9971.45562857143,0.0
2025-08-14,0,78,13:00-13:10,1139.9413166666666,1380.8039833333335,0.943825,0.9271035714285718,87.86341428571416,514.0473130952379,0.0,0.0,0.0,152.9992523809526,0.0,10109.154955714288,0.0
2025-08-14,0,79,13:10-13:20,1149.8788,1387.416438095238,0.9160250000000001,0.8961575892857144,86.93218095238096,474.0453779761899,0.0,0.0,0.0,150.60545714285695,0.0,10244.69986714286,0.0
2025-08-14,0,80,13:20-13:30,1171.4933333333333,1412.9258928571428,0.9165000000000001,0.8903968750000003,59.8795833333333,622.1279273809527,0.0,0.0,0.0,181.5529761904761,0.0,10408.097545714287,0.0
2025-08-14,0,81,13:30-13:40,1178.4204333333332,1423.677488095238,0.9136,0.8870214285714285,86.90680714285706,696.7136374999993,0.0,0.0,0.0,158.35024761904765,0.0,10550.61276857143,0.0
2025-08-14,0,82,13:40-13:50,1202.2489166666664,1407.4370095238094,1.0346250000000001,1.0260714285714287,70.70261666666693,743.7812369047616,0.0,0.0,0.0,134.485476190476,0.0,10671.649697142857,0.0
2025-08-14,0,83,13:50-14:00,1233.3799999999999,1370.4232142857138,1.2139499999999999,1.2294544642857141,83.78613095238083,751.57710297619,0.0,0.0,0.0,53.257083333333185,0.0,10719.581072142857,0.0
2025-08-14,0,84,14:00-14:10,1223.6782333333333,1328.2290452380953,1.236075,1.254077232142857,39.567254761904906,814.512445238095,0.0,0.0,0.0,64.98355714285708,0.0,10778.066273571429,0.0
2025-08-14,0,85,14:10-14:20,1194.8960666666667,1282.9976452380952,1.2193500000000002,1.2338790178571435,63.73077142857149,875.4061672619047,0.0,0.0,0.0,24.370807142857075,0.0,10800.0,0.0
2025-08-14,0,86,14:20-14:30,1170.4316666666666,1238.1142857142854,1.2797749999999999,1.2968080357142857,76.5543452380951,902.2310630952379,0.0,0.0,0.0,0.0,8.871726190476238,10790.142526455027,0.0
2025-08-14,0,87,14:30-14:40,1156.701,1196.6792309523807,1.3669000000000002,1.387101785714286,75.75640714285697,879.1685482142857,0.0,0.0,0.0,0.0,35.77817619047619,10750.388997354497,0.0
2025-08-14,0,88,14:40-14:50,1157.8982333333333,1142.603457142857,1.142525,1.1520352678571428,64.91905952380972,923.6964023809523,0.0,0.0,0.0,0.0,80.213835714286,10661.262513227513,0.0
2025-08-14,0,89,14:50-15:00,1176.3033333333333,1076.1383928571427,0.7609250000000001,0.7543941964285715,91.41601190476189,991.9936029761907,191.58095238095257,191.58095238095257,191.58095238095257,0.0,0.0,10661.262513227513,0.0
2025-08-14,0,90,15:00-15:10,1201.4643166666665,1016.667507142857,0.739175,0.7343959821428572,87.74977142857136,1032.0637071428575,426.69934403292166,426.69934403292166,426.69934403292166,154.15276308054067,0.0,10800.0,0.0
2025-08-14,0,91,15:10-15:20,1182.3154833333333,974.440645238095,0.805975,0.802996428571429,75.5224642857143,1085.9176095238101,283.3973023809525,283.3973023809525,283.3973023809525,0.0,0.0,10800.0,0.0
2025-08-14,0,92,15:20-15:30,1152.1999999999998,936.6687499999999,0.801025,0.7936084821428572,61.89470238095225,1102.264325595239,277.42595238095225,277.42595238095225,277.42595238095225,0.0,0.0,10800.0,0.0
2025-08-14,0,93,15:30-15:40,1197.6334833333333,881.4294928571427,0.840325,0.8339642857142856,78.27899523809526,1088.3702511904764,394.48298571428575,394.48298571428575,394.48298571428575,0.0,0.0,10800.0,0.0
2025-08-14,0,94,15:40-15:50,1242.4868166666665,831.1667190476192,0.8895500000000001,0.8859125000000001,77.1067071428572,1133.0747077380956,488.4268047619046,488.4268047619046,488.4268047619046,0.0,0.0,10800.0,0.0
2025-08-14,0,95,15:50-16:00,1233.71,792.5401785714286,0.911775,0.9083303571428575,62.94946428571416,1221.4093285714293,504.11928571428564,504.11928571428564,504.11928571428564,0.0,-0.0,10800.0,0.0
2025-08-14,0,96,16:00-16:10,1190.5936,747.278230952381,0.915475,0.9102241071428568,58.54359047619039,1345.744596428572,501.8589595238094,501.8589595238094,501.8589595238094,0.0,-0.0,10800.0,0.0
2025-08-14,0,97,16:10-16:20,1161.2815833333334,686.4835380952381,0.9337499999999999,0.9290053571428567,49.333340476190415,1460.529339285714,524.1313857142857,524.1313857142857,524.1313857142857,0.0,-0.0,10800.0,0.0
2025-08-14,0,98,16:20-16:30,1168.7483333333332,619.7116071428572,0.965425,0.9628575892857143,62.45999999999992,1475.4393446428571,611.4967261904758,611.4967261904758,611.4967261904758,0.0,-0.0,10800.0,0.0
2025-08-14,0,99,16:30-16:40,1198.8612333333333,565.0415023809524,0.9851749999999999,0.9822870535714284,59.43301904761904,1559.3489988095243,693.2527500000001,693.2527500000001,693.2527500000001,0.0,-0.0,10800.0,0.0
2025-08-14,0,100,16:40-16:50,1216.8469833333334,511.9779261904762,1.0282749999999998,1.0272763392857145,71.24671190476201,1600.3412482142865,776.1157690476191,776.1157690476191,776.1157690476191,0.0,-0.0,10800.0,0.0
2025-08-14,0,101,16:50-17:00,1208.2116666666666,455.83482142857133,1.0747,1.0775352678571428,60.655178571428564,1637.4592708333341,813.0320238095239,813.0320238095239,813.0320238095239,0.0,-0.0,10800.0,0.0
2025-08-14,0,102,17:00-17:10,1188.51135,402.871230952381,1.066425,1.0698334821428568,54.31193095238109,1682.0443767857148,839.9520500000001,839.9520500000001,839.9520500000001,0.0,0.0,10800.0,0.0
2025-08-14,0,103,17:10-17:20,1192.0340166666665,350.77146666666664,1.073125,1.0775625000000004,42.002761904761826,1733.822221428572,883.2653119047618,883.2653119047618,883.2653119047618,0.0,0.0,10800.0,0.0
2025-08-14,0,104,17:20-17:30,1232.4183333333333,298.36875,1.104425,1.1103629464285711,56.66851190476177,1787.8755273809531,990.7180952380951,990.7180952380951,990.7180952380951,0.0,0.0,10800.0,0.0
2025-08-14,0,105,17:30-17:40,1266.4178333333332,247.413969047619,1.1137000000000001,1.1180941964285718,52.23540238095245,1788.5797482142857,1071.2392666666665,1071.2392666666665,1071.2392666666665,0.0,0.0,10800.0,0.0
2025-08-14,0,106,17:40-17:50,1135.4621666666667,197.63383333333334,1.1929,1.1988200892857146,54.71042142857152,1772.908974404762,992.5387547619048,992.5387547619048,992.5387547619048,0.0,-0.0,10800.0,0.0
2025-08-14,0,107,17:50-18:00,925.2166666666667,149.40982142857143,1.320225,1.3306249999999995,35.00309523809511,1731.9848910714286,810.8099404761904,810.8099404761904,810.8099404761904,0.0,-0.0,10800.0,0.0
2025-08-14,0,108,18:00-18:10,897.6684833333334,103.81389285714285,1.36625,1.3776678571428569,41.05815238095232,1636.4353940476194,834.9127428571429,834.9127428571429,834.9127428571429,0.0,0.0,10800.0,0.0
2025-08-14,0,109,18:10-18:20,934.6409999999998,60.17326666666668,1.3664,1.3780906249999993,62.010095238095346,1636.1805797619045,936.4778285714285,936.4778285714285,936.4778285714285,0.0,-0.0,10800.0,0.0
2025-08-14,0,110,18:20-18:30,949.9200000000001,23.908035714285717,1.3643,1.374096428571429,58.76130952380936,1713.917314285714,984.7732738095237,984.7732738095237,984.7732738095237,0.0,0.0,10800.0,0.0
2025-08-14,0,111,18:30-18:40,969.9492499999999,4.162409523809524,1.38335,1.3873254464285714,42.86299523809521,1703.2177607142855,1008.6498357142856,1008.6498357142856,1008.6498357142856,0.0,0.0,10800.0,0.0
2025-08-14,0,112,18:40-18:50,954.8033333333333,0.0,1.49705,1.5127053571428575,43.7426857142857,1635.7112553571428,998.546019047619,998.546019047619,998.546019047619,0.0,0.0,10800.0,0.0
2025-08-14,0,113,18:50-19:00,914.8533333333332,0.0,1.6388749999999999,1.6759566964285717,66.96982142857132,1686.9013232142856,981.8231547619046,981.8231547619046,981.8231547619046,0.0,0.0,10800.0,0.0
2025-08-14,0,114,19:00-19:10,911.1530666666665,0.2352714285714286,1.6541249999999998,1.6917424107142855,34.187999999999874,1696.8044035714283,111.77246190476171,111.77246190476171,111.77246190476171,0.0,833.3333333333333,9874.074074074075,0.0
2025-08-14,0,115,19:10-19:20,934.2687333333333,0.0,1.643275,1.6778946428571424,46.75838333333331,1623.1354916666664,205.23769821428505,205.23769821428505,205.23769821428505,0.0,775.7894184523816,9012.085831349206,0.0
2025-08-14,0,116,19:20-19:30,957.555,0.0,1.6582000000000001,1.696099553571429,53.0,1675.4858761904757,177.2216666666667,177.2216666666667,177.2216666666667,0.0,833.3333333333333,8086.159905423281,0.0
2025-08-14,0,117,19:30-19:40,962.03235,0.016892857142857147,1.6543999999999999,1.6934299107142858,35.50663333333341,1718.9546261904757,164.1887571428573,164.1887571428573,164.1887571428573,0.0,833.3333333333333,7160.233979497355,0.0
2025-08-14,0,118,19:40-19:50,955.2426166666667,0.0,1.6559750000000002,1.692233482142857,32.896402380952395,1711.104109523809,154.8056857142858,154.8056857142858,154.8056857142858,0.0,833.3333333333333,6234.308053571429,0.0
2025-08-14,0,119,19:50-20:00,962.7816666666665,0.0,1.675125,1.7094325892857138,66.09833333333336,1656.1523958333332,195.54666666666662,195.54666666666662,195.54666666666662,0.0,833.3333333333333,5308.382127645503,0.0
2025-08-14,0,120,20:00-20:10,998.74665,0.0012142857142857142,1.688225,1.7267482142857147,41.67605000000003,1581.6464934523808,207.08815238095258,207.08815238095258,207.08815238095258,0.0,833.3333333333333,4382.456201719577,0.0
2025-08-14,0,121,20:10-20:20,989.8914499999998,0.0,1.65495,1.6940687499999993,31.583983333333435,1523.3442309523807,188.14210000000003,188.14210000000003,188.14210000000003,0.0,833.3333333333333,3456.5302757936506,0.0
2025-08-14,0,122,20:20-20:30,941.0416666666666,0.0,1.64015,1.6773138392857134,31.649999999999864,1443.159776190476,972.6916666666665,972.6916666666665,972.6916666666665,0.0,0.0,3456.5302757936506,0.0
2025-08-14,0,123,20:30-20:40,929.4597,0.0,1.703125,1.744000892857143,32.67132619047618,1323.7951928571422,128.79769285714292,128.79769285714292,128.79769285714292,0.0,833.3333333333333,2530.6043498677245,0.0
2025-08-14,0,124,20:40-20:50,924.3543500000001,0.0,1.471775,1.5017093750000003,37.30711190476188,1197.543914880952,879.7278386904763,879.7278386904763,879.7278386904763,0.0,81.93362321428562,2439.5669907407405,0.0
2025-08-14,0,125,20:50-21:00,919.8716666666666,0.0,1.073575,1.0834053571428572,42.780000000000086,1115.6102916666664,962.6516666666666,962.6516666666666,962.6516666666666,0.0,0.0,2439.5669907407405,0.0
2025-08-14,0,126,21:00-21:10,942.5272499999999,0.0,1.0382250000000002,1.0462272321428572,66.32439999999997,1065.318270833333,1008.8516499999998,1008.8516499999998,1008.8516499999998,0.0,0.0,2439.5669907407405,0.0
2025-08-14,0,127,21:10-21:20,939.5607333333334,0.0,1.083775,1.0918598214285713,49.216983333333246,1028.4175208333334,988.7777166666666,988.7777166666666,988.7777166666666,0.0,0.0,2439.5669907407405,0.0
2025-08-14,0,128,21:20-21:30,916.1833333333334,0.0,1.071725,1.0757558035714279,50.613333333333344,992.9081124999998,966.7966666666667,966.7966666666667,966.7966666666667,0.0,0.0,2439.5669907407405,0.0
2025-08-14,0,129,21:30-21:40,923.88235,0.0,1.1096,1.1162500000000004,36.719749999999976,948.6397791666665,676.295495833333,676.295495833333,676.295495833333,0.0,284.3066041666669,2123.6707638888884,0.0
2025-08-14,0,130,21:40-21:50,890.9388833333334,0.0,0.898475,0.9069848214285713,40.451233333333334,831.3036874999998,850.6541041666667,850.6541041666667,850.6541041666667,0.0,80.73601249999997,2033.9640833333328,0.0
2025-08-14,0,131,21:50-22:00,831.9033333333333,0.0,0.557375,0.5653629464285712,75.5233333333332,750.5676749999997,944.7728600823045,944.7728600823045,944.7728600823045,37.346193415638076,0.0,2067.575657407407,0.0
2025-08-14,0,132,22:00-22:10,836.2220333333332,0.0,0.54515,0.5562058035714287,48.75383333333332,780.8180916666663,884.9758666666665,884.9758666666665,884.9758666666665,0.0,0.0,2067.575657407407,0.0
2025-08-14,0,133,22:10-22:20,825.6439333333333,0.0,0.5985250000000001,0.610465625,45.86505,717.767308333333,871.5089833333333,871.5089833333333,871.5089833333333,0.0,0.0,2067.575657407407,0.0
2025-08-14,0,134,22:20-22:30,779.8799999999999,0.0,0.5665,0.5754446428571426,61.058333333333394,614.0523416666665,840.9383333333333,840.9383333333333,840.9383333333333,0.0,0.0,2067.575657407407,0.0
2025-08-14,0,135,22:30-22:40,761.8701666666666,0.0,0.5605249999999999,0.5672919642857142,52.64501666666672,536.4041166666664,814.5151833333333,814.5151833333333,814.5151833333333,0.0,0.0,2067.575657407407,0.0
2025-08-14,0,136,22:40-22:50,763.0977333333333,0.0,0.5519499999999999,0.5588973214285716,42.5309666666667,471.332633333333,805.6287,805.6287,805.6287,0.0,0.0,2067.575657407407,0.0
2025-08-14,0,137,22:50-23:00,764.185,0.0,0.53175,0.5392125,60.875,394.49659583333323,1027.75371399177,1027.75371399177,1027.75371399177,202.69371399176987,0.0,2250.0,0.0
2025-08-14,0,138,23:00-23:10,757.3977833333333,0.0,0.53355,0.5390196428571429,36.30600000000004,365.8940374999996,1627.0371166666666,1627.0371166666666,1627.0371166666666,833.3333333333333,0.0,3000.0,0.0
2025-08-14,0,139,23:10-23:20,749.2395333333334,0.0,0.53105,0.5363133928571429,43.51451666666674,302.6405375,1626.0873833333335,1626.0873833333335,1626.0873833333335,833.3333333333333,0.0,3750.0,0.0
2025-08-14,0,140,23:20-23:30,752.495,0.0,0.531875,0.5390709821428571,41.26166666666677,230.4258166666666,1627.0900000000001,1627.0900000000001,1627.0900000000001,833.3333333333333,0.0,4500.0,0.0
2025-08-14,0,141,23:30-23:40,762.4276166666666,0.0,0.560625,0.5680044642857144,46.244266666666704,181.12059166666663,808.6718833333333,808.6718833333333,808.6718833333333,0.0,0.0,4500.0,0.0
2025-08-14,0,142,23:40-23:50,698.7184666666667,0.0,0.51675,0.524495982142857,52.07420000000002,92.45246666666674,1584.126,1584.126,1584.126,833.3333333333333,0.0,5250.0,0.0
2025-08-14,0,143,23:50-24:00,592.8633333333332,0.0,0.42214999999999997,0.4301339285714284,75.745,43.61291666666662,1501.9416666666666,1501.9416666666666,1501.9416666666666,833.3333333333333,0.0,6000.0,0.0
2025-08-15,0,0,0:00-0:10,569.8586666666666,0.0,0.409375,0.41485312500000004,49.59293333333335,1476.352394047619,619.4516,619.4516,619.4516,0.0,0.0,7304.642095714287,0.0
2025-08-15,0,1,0:10-0:20,605.0784666666666,0.0,0.43905,0.4460459821428571,49.70861666666667,1497.0779523809526,0.0,0.0,0.0,0.0,654.7870833333333,6577.100892010583,0.0
2025-08-15,0,2,0:20-0:30,620.03,0.0,0.44985,0.4610419642857145,50.64666666666665,1488.8225148809527,0.0,0.0,0.0,0.0,670.6766666666666,5831.904595714287,0.0
2025-08-15,0,3,0:30-0:40,565.2216833333333,0.0,0.4237,0.43445937500000015,26.65786666666679,1458.6275148809525,591.8795500000001,591.8795500000001,591.8795500000001,0.0,0.0,5831.904595714287,0.0
2025-08-15,0,4,0:40-0:50,560.4377166666666,0.0,0.42105000000000004,0.43113437499999996,58.3839333333334,1413.4765708333343,618.82165,618.82165,618.82165,0.0,0.0,5831.904595714287,0.0
2025-08-15,0,5,0:50-1:00,612.6316666666667,0.0,0.445975,0.4564401785714285,83.18499999999995,1430.9475589285726,0.0,0.0,0.0,0.0,695.8166666666666,5058.7749660846575,0.0
2025-08-15,0,6,1:00-1:10,610.74975,0.0,0.444375,0.4526879464285714,73.91933333333338,1480.9761761904774,0.0,0.0,0.0,0.0,684.6690833333333,4298.031540158731,0.0
2025-08-15,0,7,1:10-1:20,590.7747499999999,0.0,0.4334,0.43812723214285726,60.59713333333343,1401.3934833333342,260.81992261904503,260.81992261904503,260.81992261904503,0.0,390.5519607142883,3864.0849171428554,0.0
2025-08-15,0,8,1:20-1:30,577.2816666666666,0.0,0.427025,0.43056339285714273,64.71333333333325,1355.3275785714295,641.9949999999999,641.9949999999999,641.9949999999999,0.0,0.0,3864.0849171428554,0.0
2025-08-15,0,9,1:30-1:40,554.0718999999999,0.0,0.418375,0.4255174107142858,49.01044999999988,1372.9286500000007,603.0823499999998,603.0823499999998,603.0823499999998,0.0,0.0,3864.0849171428554,0.0
2025-08-15,0,10,1:40-1:50,540.2106166666666,0.0,0.402375,0.4093098214285714,47.14298333333329,1317.2855880952384,587.3535999999999,587.3535999999999,587.3535999999999,0.0,0.0,3864.0849171428554,0.0
2025-08-15,0,11,1:50-2:00,538.2666666666667,0.0,0.392125,0.3959973214285715,51.673333333333346,1252.2537857142859,589.94,589.94,589.94,0.0,0.0,3864.0849171428554,0.0
2025-08-15,0,12,2:00-2:10,535.1546166666667,0.0,0.407225,0.41376473214285714,69.88016666666658,1216.6428630952385,605.0347833333333,605.0347833333333,605.0347833333333,0.0,0.0,3864.0849171428554,0.0
2025-08-15,0,13,2:10-2:20,555.5903833333333,0.0,0.42505000000000004,0.4303633928571429,51.78525000000013,1185.8758744047616,607.3756333333334,607.3756333333334,607.3756333333334,0.0,0.0,3864.0849171428554,0.0
2025-08-15,0,14,2:20-2:30,565.25,0.0,0.42515,0.4269419642857142,49.014999999999986,1151.1423428571431,614.265,614.265,614.265,0.0,0.0,3864.0849171428554,0.0
2025-08-15,0,15,2:30-2:40,506.7631833333333,0.0,0.40895000000000004,0.41611741071428565,39.23923333333323,1100.8862595238102,546.0024166666665,546.0024166666665,546.0024166666665,0.0,0.0,3864.0849171428554,0.0
2025-08-15,0,16,2:40-2:50,498.7841166666666,0.0,0.41155,0.4197892857142857,45.59465,993.120582142857,544.3787666666666,544.3787666666666,544.3787666666666,0.0,0.0,3864.0849171428554,0.0
2025-08-15,0,17,2:50-3:00,548.0183333333333,0.0,0.42862500000000003,0.43119508928571426,61.25,938.4709708333343,609.2683333333333,609.2683333333333,609.2683333333333,0.0,0.0,3864.0849171428554,0.0
2025-08-15,0,18,3:00-3:10,546.1573833333333,0.0,0.42279999999999995,0.4240964285714285,57.59823333333338,900.2974273809532,603.7556166666667,603.7556166666667,603.7556166666667,0.0,0.0,3864.0849171428554,0.0
2025-08-15,0,19,3:10-3:20,547.6079666666667,0.0,0.413625,0.4155410714285715,56.477250000000026,840.3688767857152,604.0852166666667,604.0852166666667,604.0852166666667,0.0,0.0,3864.0849171428554,0.0
2025-08-15,0,20,3:20-3:30,556.5749999999999,0.0,0.412125,0.41478750000000014,49.31999999999982,802.6520726190486,605.8949999999998,605.8949999999998,605.8949999999998,0.0,0.0,3864.0849171428554,0.0
2025-08-15,0,21,3:30-3:40,517.6275499999999,0.0,0.4065,0.4113834821428571,49.18221666666659,774.6512392857151,566.8097666666665,566.8097666666665,566.8097666666665,0.0,0.0,3864.0849171428554,0.0
2025-08-15,0,22,3:40-3:50,502.9739,0.0010095238095238095,0.388025,0.3932674107142858,69.46919999999989,702.3885625000006,572.4420904761904,572.4420904761904,572.4420904761904,0.0,0.0,3864.0849171428554,0.0
2025-08-15,0,23,3:50-4:00,521.5533333333333,0.0,0.373075,0.37713303571428586,66.88833333333332,619.7570583333332,588.4416666666666,588.4416666666666,588.4416666666666,0.0,0.0,3864.0849171428554,0.0
2025-08-15,0,24,4:00-4:10,514.14915,0.0,0.3872,0.39231562499999983,41.65788571428561,558.5680541666671,555.8070357142856,555.8070357142856,555.8070357142856,0.0,0.0,3864.0849171428554,0.0
2025-08-15,0,25,4:10-4:20,529.66255,0.014092857142857143,0.397725,0.4046008928571429,53.74806666666666,487.26133630952404,583.3965238095238,583.3965238095238,583.3965238095238,0.0,0.0,3864.0849171428554,0.0
2025-08-15,0,26,4:20-4:30,553.0783333333333,0.0,0.39515,0.4016044642857143,76.15999999999997,442.24751964285736,629.2383333333332,629.2383333333332,629.2383333333332,0.0,0.0,3864.0849171428554,0.0
2025-08-15,0,27,4:30-4:40,513.8059166666667,0.0,0.39905,0.4019468750000002,61.28657142857139,420.9799065476191,575.0924880952381,575.0924880952381,575.0924880952381,0.0,0.0,3864.0849171428554,0.0
2025-08-15,0,28,4:40-4:50,482.9972333333333,0.19628809523809523,0.39377500000000004,0.39624598214285706,50.51871666666659,389.8362446428569,533.3196619047619,533.3196619047619,533.3196619047619,0.0,0.0,3864.0849171428554,0.0
2025-08-15,0,29,4:50-5:00,477.9816666666666,0.0,0.383675,0.38846205357142854,61.56208333333336,389.80863809523805,539.54375,539.54375,539.54375,0.0,0.0,3864.0849171428554,0.0
2025-08-15,0,30,5:00-5:10,451.6320166666667,0.0,0.39117499999999994,0.3950620535714285,43.43794047619053,376.5978684523807,495.0699571428572,495.0699571428572,495.0699571428572,0.0,0.0,3864.0849171428554,0.0
2025-08-15,0,31,5:10-5:20,456.42751666666663,3.5598071428571427,0.39522500000000005,0.40028660714285724,41.14326904761913,389.18813214285814,494.0109785714286,494.0109785714286,494.0109785714286,0.0,0.0,3864.0849171428554,0.0
2025-08-15,0,32,5:20-5:30,487.84999999999997,22.29821428571428,0.351675,0.3585883928571429,41.11279761904768,383.7163809523808,506.66458333333344,506.66458333333344,506.66458333333344,0.0,0.0,3864.0849171428554,0.0
2025-08-15,0,33,5:30-5:40,484.70958333333334,59.08515952380952,0.2741,0.27706116071428577,38.50136190476178,342.1823184523809,1297.4591190476187,1297.4591190476187,1297.4591190476187,833.3333333333333,0.0,4614.084917142855,0.0
2025-08-15,0,34,5:40-5:50,487.89711666666665,100.7502238095238,0.43467500000000003,0.4385861607142857,42.39209999999997,295.5538238095238,0.0,0.0,0.0,0.0,429.5389928571428,4136.819369523808,0.0
2025-08-15,0,35,5:50-6:00,501.10999999999996,142.18839285714284,0.723475,0.731933482142857,46.44345238095252,247.90390059523807,0.0,0.0,0.0,0.0,405.3650595238096,3686.413747830686,0.0
2025-08-15,0,36,6:00-6:10,485.13193333333334,188.57219761904759,0.7371249999999999,0.7414852678571426,33.32984285714292,239.85271190476192,0.0,0.0,0.0,0.0,329.8895785714287,3319.86977164021,0.0
2025-08-15,0,37,6:10-6:20,481.31769999999995,236.9799738095238,0.674075,0.6750401785714286,33.07534999999996,218.22077261904715,0.0,0.0,0.0,0.0,277.4130761904761,3011.6330203174584,0.0
2025-08-15,0,38,6:20-6:30,500.16666666666663,286.4035714285714,0.655275,0.6571986607142858,55.39869047619038,244.67651071428563,0.0,0.0,0.0,0.0,269.1617857142856,2712.5643695238086,0.0
2025-08-15,0,39,6:30-6:40,514.6732333333333,339.2419023809524,0.60815,0.6094419642857142,48.541159523809426,296.23204642857127,0.0,0.0,0.0,0.0,223.97249047619027,2463.706046772486,0.0
2025-08-15,0,40,6:40-6:50,551.6902833333334,395.202219047619,0.612075,0.6117691964285712,51.582745238095185,365.56309404761885,0.0,0.0,0.0,0.0,208.07080952380954,2232.5162584126974,0.0
2025-08-15,0,41,6:50-7:00,585.8883333333333,452.61428571428576,0.646625,0.6451191964285713,51.21244047619041,419.67459940476203,0.0,0.0,0.0,0.0,184.48648809523797,2027.5312716402107,0.0
2025-08-15,0,42,7:00-7:10,562.9295333333333,509.34517380952377,0.601175,0.5990098214285713,36.00389999999993,433.4459660714286,0.0,0.0,0.0,0.0,89.58825952380948,1927.9887610582002,0.0
2025-08-15,0,43,7:10-7:20,571.6465166666667,564.0679333333333,0.560975,0.558439732142857,46.749969047619004,457.45215238095227,0.0,0.0,0.0,0.0,54.32855238095249,1867.623702857142,0.0
2025-08-15,0,44,7:20-7:30,608.7016666666666,616.0580357142857,0.550875,0.5482910714285713,58.386666666666656,479.79053988095177,0.0,0.0,0.0,0.0,51.03029761904759,1810.9233721693113,0.0
2025-08-15,0,45,7:30-7:40,581.7473,664.9733928571428,0.5356,0.5329267857142858,69.82675476190468,501.87710238095144,0.0,0.0,0.0,13.399338095238136,0.0,1822.9827764550257,0.0
2025-08-15,0,46,7:40-7:50,554.6855666666667,710.6579619047618,0.6697500000000001,0.6638656249999999,50.681826190476215,560.6844988095231,0.0,0.0,0.0,105.29056904761887,0.0,1917.7442885978826,0.0
2025-08-15,0,47,7:50-8:00,575.6616666666666,758.2553571428571,0.87395,0.8649812499999998,43.146250000000094,619.8249869047614,0.0,0.0,0.0,139.4474404761903,0.0,2043.2469850264538,0.0
2025-08-15,0,48,8:00-8:10,622.06925,813.3856476190476,0.8829,0.8774142857142856,50.59351190476201,664.6368619047616,0.0,0.0,0.0,0.0,112.38476985714216,1918.375018518518,0.0
2025-08-15,0,49,8:10-8:20,617.0694833333333,863.355669047619,0.812675,0.8086933035714289,59.84654523809513,646.5375166666664,0.0,0.0,0.0,0.0,44.09204702380945,1869.3838551587296,0.0
2025-08-15,0,50,8:20-8:30,558.2283333333332,909.2839285714285,0.76365,0.756492857142857,76.58232142857133,602.4454696428568,0.0,0.0,0.0,274.473273809524,-0.0,2116.4098015873014,0.0
2025-08-15,0,51,8:30-8:40,528.3352333333332,962.7175619047619,0.7299,0.7205566964285713,56.728957142857155,551.956689285714,0.0,0.0,0.0,-0.0,141.8762880952386,1958.7694814814809,0.0
2025-08-15,0,52,8:40-8:50,595.6421,1004.5757142857143,0.734975,0.7250611607142856,70.61653333333331,597.406879761904,0.0,0.0,0.0,0.0,0.0,1958.7694814814804,0.0
2025-08-15,0,53,8:50-9:00,686.1299999999999,1040.8723214285715,0.749575,0.7379656250000002,94.84428571428577,607.0856994047612,0.0,0.0,0.0,-0.0,0.0,1958.7694814814804,0.0
2025-08-15,0,54,9:00-9:10,660.3983833333333,1098.051207142857,0.71595,0.6993473214285714,73.72764047619042,650.0799130952364,0.0,0.0,0.0,-0.0,0.0,1958.7694814814804,0.0
2025-08-15,0,55,9:10-9:20,660.0939999999999,1153.1439071428572,0.7046749999999999,0.6873718749999999,57.75321190476188,682.8925333333323,0.0,0.0,0.0,5.434179159317198,0.0,1963.6602427248658,0.0
2025-08-15,0,56,9:20-9:30,713.62,1186.0794642857143,0.713725,0.698629910714286,66.2509523809521,687.2942184523793,0.0,0.0,0.0,406.2085119047623,0.0,2329.247903439152,0.0
2025-08-15,0,57,9:30-9:40,706.2293833333333,1201.0358666666666,0.6877,0.6716339285714286,74.4899000000001,701.2133702380931,0.0,0.0,0.0,420.31658333333314,0.0,2707.532828439152,0.0
2025-08-15,0,58,9:40-9:50,687.7863333333332,1234.7488619047617,0.7692249999999999,0.7683785714285712,82.54207142857179,708.800419047617,0.0,0.0,0.0,-0.0,682.4104783333344,1949.2989636243365,0.0
2025-08-15,0,59,9:50-10:00,686.2383333333333,1286.7142857142858,0.9137500000000001,0.933749553571429,76.86619047619054,674.3690672619031,0.0,0.0,0.0,2.26117467291612e-13,62.74109999999899,1879.5866302910044,0.0
2025-08-15,0,60,10:00-10:10,675.0017333333333,1322.0911047619047,0.9162250000000001,0.9307660714285719,65.16562380952382,611.6279672619041,0.0,0.0,0.0,581.9237476190476,0.0,2403.3180031481475,0.0
2025-08-15,0,61,10:10-10:20,668.6065,1349.1224452380952,0.8779750000000001,0.8875732142857143,77.93533571428577,580.2975547619035,0.0,0.0,0.0,0.0,364.21679211904876,1998.6326785714266,0.0
2025-08-15,0,62,10:20-10:30,665.9116666666666,1378.2321428571427,0.9046000000000001,0.9215991071428575,85.67422619047613,718.7694107142839,0.0,0.0,0.0,112.86279835390997,0.0,2100.2091970899455,0.0
2025-08-15,0,63,10:30-10:40,653.2045499999999,1408.9286547619045,0.9475,0.9668276785714285,86.44038095238125,810.1882773809511,0.0,0.0,0.0,660.5203358318646,-0.0,2694.6774993386234,0.0
2025-08-15,0,64,10:40-10:50,670.6999166666667,1433.452380952381,0.6662250000000001,0.6700102678571428,91.20176666666666,689.8305636904752,0.0,0.0,0.0,-0.0,833.3333333333333,1768.7515734126973,0.0
2025-08-15,0,65,10:50-11:00,716.7716666666666,1443.3491071428573,0.25032499999999996,0.23289464285714284,125.1576190476191,511.87641607142774,0.0,0.0,0.0,-0.0,64.25536904761829,1697.3567189153437,0.0
2025-08-15,0,66,11:00-11:10,734.8025666666667,1439.3823976190474,0.25527500000000003,0.236340625,123.63508571428565,447.62104702380935,0.0,0.0,0.0,-0.0,14.58471488095331,1681.1514801587289,0.0
2025-08-15,0,67,11:10-11:20,675.5695166666667,1453.5742785714285,0.310925,0.2947870535714286,114.28470714285724,433.03633214285594,0.0,0.0,0.0,94.98695914168182,0.0,1766.6397433862426,0.0
2025-08-15,0,68,11:20-11:30,603.6866666666666,1491.1125000000002,0.2373,0.21853482142857153,124.16452380952396,509.9757690476182,0.0,0.0,0.0,25.800432098765903,0.0,1789.860132275132,0.0
2025-08-15,0,69,11:30-11:40,640.9721666666667,1520.4924999999998,0.2279,0.20703169642857142,114.4623357142857,530.8741190476187,0.0,0.0,0.0,39.733136390359014,0.0,1825.619955026455,0.0
2025-08-15,0,70,11:40-11:50,696.4382999999999,1504.8810285714285,0.2577,0.2392325892857143,102.26503333333373,563.0579595238095,0.0,0.0,0.0,706.1776952380949,0.0,2461.1798807407404,0.0
2025-08-15,0,71,11:50-12:00,713.1283333333333,1472.2401785714287,0.26815,0.2514504464285714,109.31083333333333,552.9096422619048,0.0,0.0,0.0,-0.0,629.8525105238094,1761.3437579365077,0.0
2025-08-15,0,72,12:00-12:10,718.4650666666666,1486.8994952380954,0.24530000000000002,0.2221227678571429,135.91411428571413,505.2093821428569,0.0,0.0,0.0,632.5203142857146,0.0,2330.6120407936505,0.0
2025-08-15,0,73,12:10-12:20,722.9568666666667,1498.1551523809524,0.245475,0.22268392857142857,117.63373095238089,477.0997761904756,0.0,0.0,0.0,657.5645547619048,0.0,2922.420140079365,0.0
2025-08-15,0,74,12:20-12:30,718.1066666666667,1482.3410714285712,0.24185,0.22425892857142857,119.89327380952395,397.3007434523802,0.0,0.0,0.0,644.3411309523806,0.0,3502.3271579365073,0.0
2025-08-15,0,75,12:30-12:40,695.6115166666666,1462.3571047619048,0.184775,0.16100358928571426,150.2658380952383,355.8546565476176,0.0,0.0,0.0,616.4797499999999,0.0,4057.1589329365074,0.0
2025-08-15,0,76,12:40-12:50,699.9740333333332,1423.042411904762,0.31825000000000003,0.29274017857142864,135.83731904761905,445.26482142857145,0.0,0.0,0.0,587.2310595238098,0.0,4585.666886507936,0.0
2025-08-15,0,77,12:50-13:00,716.4733333333334,1378.9089285714283,0.572375,0.5542205357142859,85.72857142857137,435.03686904761935,0.0,0.0,0.0,576.7070238095235,-0.0,5104.703207936507,0.0
2025-08-15,0,78,13:00-13:10,693.2126833333333,1370.5103499999998,0.61435,0.5984441964285713,87.86341428571416,496.1756744047615,0.0,0.0,0.0,589.4342523809523,0.0,5635.194035079364,0.0
2025-08-15,0,79,13:10-13:20,713.4290666666667,1383.7410952380953,0.6048,0.5853678571428571,86.93218095238096,456.049273214285,0.0,0.0,0.0,583.3798476190477,0.0,6160.235897936507,0.0
2025-08-15,0,80,13:20-13:30,747.7533333333333,1399.7160714285712,0.6281249999999999,0.6032200892857141,59.8795833333333,556.8654523809523,0.0,0.0,0.0,592.0831547619047,-0.0,6693.110737222221,0.0
2025-08-15,0,81,13:30-13:40,685.0566333333333,1407.6630761904762,0.61975,0.5941142857142859,86.90680714285706,642.30469345238,0.0,0.0,0.0,635.6996357142859,0.0,7265.240409365078,0.0
2025-08-15,0,82,13:40-13:50,668.19385,1392.858869047619,0.7246,0.7161566964285714,70.70261666666693,677.7730303571418,0.0,0.0,0.0,653.962402380952,-0.0,7853.806571507936,0.0
2025-08-15,0,83,13:50-14:00,729.3649999999999,1359.7017857142855,0.898425,0.9133410714285713,84.21785714285716,678.0698958333327,0.0,0.0,0.0,546.1189285714285,-0.0,8345.31360722222,0.0
2025-08-15,0,84,14:00-14:10,753.2288166666667,1326.5872857142856,0.932925,0.950036607142857,39.567254761904906,740.5937499999994,0.0,0.0,0.0,533.7912142857141,0.0,8825.725700079363,0.0
2025-08-15,0,85,14:10-14:20,737.6206999999999,1287.6180547619047,0.9325999999999999,0.9464084821428566,63.73077142857149,801.4874720238091,0.0,0.0,0.0,486.2665833333331,-0.0,9263.365625079363,0.0
2025-08-15,0,86,14:20-14:30,716.7266666666666,1243.474107142857,0.9811000000000001,0.9980781250000003,80.03851190476172,828.3123678571424,0.0,0.0,0.0,446.7089285714287,0.0,9665.403660793649,0.0
2025-08-15,0,87,14:30-14:40,721.0318,1202.2993261904762,1.015425,1.0363874999999998,93.0853166666667,808.7340196428568,0.0,0.0,0.0,388.18220952380966,0.0,10014.767649365078,0.0
2025-08-15,0,88,14:40-14:50,741.6331499999999,1151.3316380952383,0.809425,0.8190598214285715,64.91905952380972,870.5907833333332,0.0,0.0,0.0,344.7794285714287,0.0,10325.069135079364,0.0
2025-08-15,0,89,14:50-15:00,757.7866666666666,1089.029464285714,0.484325,0.47661339285714294,100.66809523809525,938.8879839285714,0.0,0.0,0.0,230.57470238095215,-0.0,10532.58636722222,0.0
2025-08-15,0,90,15:00-15:10,752.5863999999999,1030.5239214285716,0.416175,0.41069821428571435,90.15448571428561,988.2101714285716,0.0,0.0,0.0,-0.0,112.46398592857476,10407.62638285714,0.0
2025-08-15,0,91,15:10-15:20,732.4617333333333,990.0378261904762,0.459875,0.45685401785714286,79.73811190476192,1041.063771428572,0.0,0.0,0.0,177.83798095238092,0.0,10567.680565714281,0.0
2025-08-15,0,92,15:20-15:30,715.9683333333334,953.0526785714285,0.49392499999999995,0.4865401785714285,63.340476190476295,1063.8011708333338,0.0,0.0,0.0,173.74386904761877,0.0,10724.050047857138,0.0
2025-08-15,0,93,15:30-15:40,723.8738333333333,891.932176190476,0.5437,0.5376549107142857,85.6230333333333,1053.0778821428576,0.0,0.0,0.0,82.43530952382571,0.0,10798.241826428572,0.0
2025-08-15,0,94,15:40-15:50,759.1481999999999,838.2084333333333,0.590225,0.5867723214285713,77.1067071428572,1105.1263767857147,0.0,0.0,0.0,1.9535261904796515,0.0,10800.0,0.0
2025-08-15,0,95,15:50-16:00,784.7383333333333,800.1125000000002,0.61695,0.6127468749999997,66.02458333333323,1193.4609976190484,50.65041666666639,50.65041666666639,50.65041666666639,-0.0,0.0,10800.0,0.0
2025-08-15,0,96,16:00-16:10,758.9636333333333,752.027057142857,0.625625,0.6183191964285716,58.54359047619039,1320.8713845238099,65.48016666666672,65.48016666666672,65.48016666666672,0.0,0.0,10800.0,0.0
2025-08-15,0,97,16:10-16:20,758.8451,687.1805666666667,0.631825,0.624761607142857,68.65932380952393,1435.6561273809523,140.32385714285726,140.32385714285726,140.32385714285726,0.0,0.0,10800.0,0.0
2025-08-15,0,98,16:20-16:30,782.0983333333334,618.0625,0.6554,0.6514482142857142,62.45999999999992,1469.892116071429,226.49583333333328,226.49583333333328,226.49583333333328,0.0,0.0,10800.0,0.0
2025-08-15,0,99,16:30-16:40,747.0756833333332,562.9822095238095,0.698825,0.695557142857143,59.43301904761904,1553.8017702380962,243.52649285714278,243.52649285714278,243.52649285714278,0.0,0.0,10800.0,0.0
2025-08-15,0,100,16:40-16:50,691.16355,507.8335833333333,0.696125,0.6952857142857144,71.24671190476201,1590.773436309525,254.57667857142872,254.57667857142872,254.57667857142872,0.0,0.0,10800.0,0.0
2025-08-15,0,101,16:50-17:00,660.035,448.79196428571424,0.663025,0.6661388392857146,62.538392857142725,1627.213587500001,273.7814285714285,273.7814285714285,273.7814285714285,0.0,0.0,10800.0,0.0
2025-08-15,0,102,17:00-17:10,664.2230999999999,396.6462714285715,0.6877,0.6915544642857145,54.80979523809515,1673.181907738096,322.3866238095236,322.3866238095236,322.3866238095236,0.0,0.0,10800.0,0.0
2025-08-15,0,103,17:10-17:20,666.1255833333332,346.6871833333333,0.7508250000000001,0.7564102678571427,42.002761904761826,1725.457616666667,361.4411619047618,361.4411619047618,361.4411619047618,0.0,0.0,10800.0,0.0
2025-08-15,0,104,17:20-17:30,655.6983333333333,294.89910714285713,0.7882499999999999,0.7957053571428572,56.66851190476177,1779.5109226190477,417.4677380952379,417.4677380952379,417.4677380952379,0.0,0.0,10800.0,0.0
2025-08-15,0,105,17:30-17:40,658.9544999999999,242.45725238095235,0.7785000000000001,0.7831977678571429,52.23540238095245,1780.2151434523807,468.73265000000004,468.73265000000004,468.73265000000004,0.0,0.0,10800.0,0.0
2025-08-15,0,106,17:40-17:50,687.3828,192.11434047619048,0.9256,0.9315290178571428,57.52838809523814,1764.5443696428574,552.7968476190476,552.7968476190476,552.7968476190476,0.0,-0.0,10800.0,0.0
2025-08-15,0,107,17:50-18:00,716.9683333333334,144.74910714285716,1.1622750000000002,1.1730674107142858,35.84630952380962,1726.4382529761906,608.0655357142858,608.0655357142858,608.0655357142858,0.0,-0.0,10800.0,0.0
2025-08-15,0,108,18:00-18:10,706.6999000000001,99.26173095238093,1.2038,1.21425625,41.05815238095232,1631.7319702380955,648.4963214285715,648.4963214285715,648.4963214285715,0.0,0.0,10800.0,0.0
2025-08-15,0,109,18:10-18:20,673.6541166666666,55.76714523809523,1.1990500000000002,1.2101602678571426,62.010095238095346,1631.4771559523808,679.8970666666667,679.8970666666667,679.8970666666667,0.0,0.0,10800.0,0.0
2025-08-15,0,110,18:20-18:30,656.8766666666667,20.74107142857143,1.22415,1.2351107142857145,58.76130952380936,1709.21389047619,694.8969047619046,694.8969047619046,694.8969047619046,0.0,0.0,10800.0,0.0
2025-08-15,0,111,18:30-18:40,681.22475,3.300323809523809,1.2217,1.226047767857143,42.86299523809521,1694.5176702380948,720.7874214285714,720.7874214285714,720.7874214285714,0.0,0.0,10800.0,0.0
2025-08-15,0,112,18:40-18:50,688.8528833333332,0.0,1.327625,1.343416964285714,43.7426857142857,1627.0111648809525,732.5955690476189,732.5955690476189,732.5955690476189,0.0,0.0,10800.0,0.0
2025-08-15,0,113,18:50-19:00,657.0716666666666,0.0,1.4799,1.5179321428571428,66.96982142857132,1678.2012327380953,0.0,0.0,0.0,0.0,724.0414880952379,9995.509457671958,0.0
2025-08-15,0,114,19:00-19:10,623.3472833333333,0.18179761904761904,1.465725,1.5033705357142864,37.59301666666647,1688.104313095238,0.0,0.0,0.0,0.0,660.7585023809521,9261.333343915345,0.0
2025-08-15,0,115,19:10-19:20,638.8650333333333,0.0,1.454775,1.4884183035714282,43.85833571428566,1619.1553845238095,394.6789220238091,394.6789220238091,394.6789220238091,0.0,288.0444470238098,8941.283958333333,0.0
2025-08-15,0,116,19:20-19:30,683.3583333333332,0.0,1.503725,1.5406709821428568,52.0,1668.6057214285715,0.0,0.0,0.0,0.0,735.3583333333332,8124.21914351852,0.0
2025-08-15,0,117,19:30-19:40,683.67695,0.013054761904761904,1.4972500000000002,1.535831696428572,35.50663333333341,1711.0744714285713,0.0,0.0,0.0,0.0,719.1705285714287,7325.140778439154,0.0
2025-08-15,0,118,19:40-19:50,653.1041833333334,0.0,1.4750999999999999,1.511582142857143,32.896402380952395,1698.7381714285711,0.0,0.0,0.0,0.0,686.0005857142858,6562.917905423281,0.0
2025-08-15,0,119,19:50-20:00,647.8016666666666,0.0,1.47725,1.5120339285714286,66.09833333333336,1638.8165410714284,0.0,0.0,0.0,0.0,713.9,5769.695683201058,0.0
2025-08-15,0,120,20:00-20:10,706.2742666666666,0.0009380952380952381,1.49235,1.5306388392857149,41.67605000000003,1592.1689720238094,0.0,0.0,0.0,0.0,747.9493785714285,4938.640818121693,0.0
2025-08-15,0,121,20:10-20:20,720.2655166666666,0.0,1.4725,1.5107607142857147,31.583983333333435,1533.8667095238093,0.0,0.0,0.0,0.0,751.8495,4103.25248478836,0.0
2025-08-15,0,122,20:20-20:30,673.8516666666667,0.0,1.470025,1.5067736607142856,31.649999999999864,1453.6822547619045,0.0,0.0,0.0,0.0,705.5016666666666,3319.361744047619,0.0
2025-08-15,0,123,20:30-20:40,658.6466833333333,0.0,1.534775,1.5765558035714287,36.6919095238095,1334.3176714285707,0.0,0.0,0.0,0.0,695.3385928571428,2546.763307539682,0.0
2025-08-15,0,124,20:40-20:50,678.8181833333333,0.0,1.29625,1.3265276785714284,37.984983333333275,1212.086976785714,633.1624773809522,633.1624773809522,633.1624773809522,0.0,83.64068928571446,2453.8292083333326,0.0
2025-08-15,0,125,20:50-21:00,701.46,0.0,0.892625,0.9014611607142858,43.280000000000086,1128.4462874999997,744.7400000000001,744.7400000000001,744.7400000000001,0.0,0.0,2453.8292083333326,0.0
2025-08-15,0,126,21:00-21:10,690.6736666666667,0.0,0.8656250000000001,0.8742482142857143,66.32439999999997,1081.0392041666664,756.9980666666667,756.9980666666667,756.9980666666667,0.0,0.0,2453.8292083333326,0.0
2025-08-15,0,127,21:10-21:20,654.9227999999999,0.0,0.927675,0.9373138392857145,49.216983333333246,1044.1384541666666,704.1397833333332,704.1397833333332,704.1397833333332,0.0,0.0,2453.8292083333326,0.0
2025-08-15,0,128,21:20-21:30,640.3916666666667,0.0,0.9269499999999999,0.9315392857142858,50.613333333333344,1008.6290458333333,691.005,691.005,691.005,0.0,0.0,2453.8292083333326,0.0
2025-08-15,0,129,21:30-21:40,685.0072666666666,0.0,0.965225,0.9719517857142855,36.719749999999976,964.3607124999999,440.3053500000004,440.3053500000004,440.3053500000004,0.0,281.4216666666662,2141.1384675925924,0.0
2025-08-15,0,130,21:40-21:50,692.3281999999999,0.0,0.7793749999999999,0.7880263392857142,40.451233333333334,847.0246208333332,652.0434208333332,652.0434208333332,652.0434208333332,0.0,80.73601249999997,2051.431787037037,0.0
2025-08-15,0,131,21:50-22:00,636.1099999999999,0.0,0.459325,0.46740982142857135,75.5233333333332,766.2886083333332,748.9795267489711,748.9795267489711,748.9795267489711,37.346193415638076,0.0,2085.043361111111,0.0
2025-08-15,0,132,22:00-22:10,588.9575166666666,0.0,0.40325,0.4138316964285714,48.75383333333332,796.5390249999998,1471.044683333333,1471.044683333333,1471.044683333333,833.3333333333333,0.0,2835.043361111111,0.0
2025-08-15,0,133,22:10-22:20,599.25405,0.0,0.454775,0.46582053571428567,45.86505,733.4882416666663,828.4042543209875,828.4042543209875,828.4042543209875,183.2851543209876,0.0,3000.0,0.0
2025-08-15,0,134,22:20-22:30,633.135,0.0,0.46995000000000003,0.4782553571428572,65.05500000000006,629.7732749999999,698.19,698.19,698.19,0.0,0.0,3000.0,0.0
2025-08-15,0,135,22:30-22:40,615.1766,0.0,0.46559999999999996,0.4725004464285713,52.64501666666672,556.1217166666664,667.8216166666667,667.8216166666667,667.8216166666667,0.0,0.0,3000.0,0.0
2025-08-15,0,136,22:40-22:50,600.4522666666667,0.0,0.474225,0.48143035714285703,42.5309666666667,491.05023333333304,642.9832333333334,642.9832333333334,642.9832333333334,0.0,0.0,3000.0,0.0
2025-08-15,0,137,22:50-23:00,598.7466666666667,0.0,0.48972499999999997,0.49755446428571404,60.875,414.2141958333333,659.6216666666667,659.6216666666667,659.6216666666667,0.0,0.0,3000.0,0.0
2025-08-15,0,138,23:00-23:10,565.19625,0.0,0.4778,0.4850491071428572,34.991033333333235,385.6116374999997,600.1872833333332,600.1872833333332,600.1872833333332,0.0,0.0,3000.0,0.0
2025-08-15,0,139,23:10-23:20,548.69675,0.0,0.454875,0.4608071428571428,43.51451666666674,321.04317083333325,1425.5446,1425.5446,1425.5446,833.3333333333333,0.0,3750.0,0.0
2025-08-15,0,140,23:20-23:30,563.3216666666666,0.0,0.445725,0.4514839285714286,41.26166666666677,248.82844999999986,1437.9166666666665,1437.9166666666665,1437.9166666666665,833.3333333333333,0.0,4500.0,0.0
2025-08-15,0,141,23:30-23:40,571.65975,0.0,0.45857499999999995,0.46659151785714276,50.73005000000012,199.52322499999988,622.3898000000002,622.3898000000002,622.3898000000002,0.0,0.0,4500.0,0.0
2025-08-15,0,142,23:40-23:50,567.4510666666666,0.0,0.456875,0.4650611607142858,57.044116666666696,115.34088333333341,1457.8285166666665,1457.8285166666665,1457.8285166666665,833.3333333333333,0.0,5250.0,0.0
2025-08-15,0,143,23:50-24:00,566.1033333333332,0.0,0.43520000000000003,0.4411776785714287,47.886666666666656,71.47124999999997,1447.3233333333333,1447.3233333333333,1447.3233333333333,833.3333333333333,0.0,6000.0,0.0
2025-08-16,0,0,0:00-0:10,584.2611166666666,0.0,0.42615,0.4314732142857142,49.59293333333335,1474.792960714286,633.8540499999999,633.8540499999999,633.8540499999999,0.0,0.0,7220.873563968256,0.0
2025-08-16,0,1,0:10-0:20,592.3635666666667,0.0,0.443125,0.45127187500000004,49.70861666666667,1488.9118880952387,0.0,0.0,0.0,0.0,642.0721833333333,6507.4600269312195,0.0
2025-08-16,0,2,0:20-0:30,589.3483333333334,0.0,0.46887500000000004,0.48021249999999993,50.64666666666665,1480.6564505952388,0.0,0.0,0.0,0.0,639.995,5796.354471375664,0.0
2025-08-16,0,3,0:30-0:40,601.1106,0.0,0.4698,0.4805575892857144,32.10966666666661,1450.4614505952384,0.0,0.0,0.0,0.0,633.2202666666666,5092.77639730159,0.0
2025-08-16,0,4,0:40-0:50,601.5953333333333,0.0,0.44942499999999996,0.4591709821428571,58.3839333333334,1410.76230654762,0.0,0.0,0.0,0.0,659.9792666666667,4359.466101005293,0.0
2025-08-16,0,5,0:50-1:00,574.085,0.0,0.426475,0.435885267857143,83.18499999999995,1428.2332946428587,657.27,657.27,657.27,0.0,0.0,4359.466101005293,0.0
2025-08-16,0,6,1:00-1:10,535.9526999999999,0.0,0.421825,0.42925625,73.91933333333338,1478.2619119047633,609.8720333333333,609.8720333333333,609.8720333333333,0.0,0.0,4359.466101005293,0.0
2025-08-16,0,7,1:10-1:20,545.42305,0.0,0.440125,0.4441968750000001,56.59131666666656,1391.1810357142863,602.0143666666665,602.0143666666665,602.0143666666665,0.0,0.0,4359.466101005293,0.0
2025-08-16,0,8,1:20-1:30,569.5933333333332,0.0,0.45745,0.45998437499999995,64.71333333333325,1338.0348547619053,0.0,0.0,0.0,0.0,634.3066666666665,3654.680915820108,0.0
2025-08-16,0,9,1:30-1:40,527.3929499999999,0.0,0.440825,0.44642678571428585,49.01044999999988,1355.6359261904763,519.0780704047585,519.0780704047585,519.0780704047585,0.0,57.32532959524135,3590.9861051587286,0.0
2025-08-16,0,10,1:40-1:50,541.41945,0.0,0.419075,0.42514419642857143,47.14298333333329,1295.5814500000001,588.5624333333333,588.5624333333333,588.5624333333333,0.0,0.0,3590.9861051587286,0.0
2025-08-16,0,11,1:50-2:00,603.8199999999999,0.0,0.413,0.41695580357142853,51.673333333333346,1230.5496476190474,655.4933333333333,655.4933333333333,655.4933333333333,0.0,0.0,3590.9861051587286,0.0
2025-08-16,0,12,2:00-2:10,579.6997666666666,0.0,0.4172,0.42285357142857133,69.88016666666658,1194.938725,649.5799333333332,649.5799333333332,649.5799333333332,0.0,0.0,3590.9861051587286,0.0
2025-08-16,0,13,2:10-2:20,551.8007,0.0,0.41805,0.4225392857142856,51.78525000000013,1164.1717363095233,603.5859500000001,603.5859500000001,603.5859500000001,0.0,0.0,3590.9861051587286,0.0
2025-08-16,0,14,2:20-2:30,565.8133333333333,0.0,0.41932499999999995,0.4214571428571428,49.014999999999986,1129.4382047619047,614.8283333333333,614.8283333333333,614.8283333333333,0.0,0.0,3590.9861051587286,0.0
2025-08-16,0,15,2:30-2:40,578.3828833333333,0.0,0.4353,0.4422308035714286,39.3526833333334,1079.1821214285715,617.7355666666667,617.7355666666667,617.7355666666667,0.0,0.0,3590.9861051587286,0.0
2025-08-16,0,16,2:40-2:50,564.9898333333333,0.0,0.445025,0.4528580357142856,45.59465,970.460738690476,0.0,0.0,0.0,0.0,610.5844833333333,2912.558901455025,0.0
2025-08-16,0,17,2:50-3:00,533.0833333333333,0.0,0.43755,0.44078214285714284,61.25,916.880282738096,594.3333333333333,594.3333333333333,594.3333333333333,0.0,0.0,2912.558901455025,0.0
2025-08-16,0,18,3:00-3:10,512.1043833333333,0.0,0.4198,0.4223303571428571,57.59823333333338,878.3503541666673,569.7026166666667,569.7026166666667,569.7026166666667,0.0,0.0,2912.558901455025,0.0
2025-08-16,0,19,3:10-3:20,513.1864666666667,0.0,0.393225,0.3951084821428572,56.477250000000026,818.4218035714293,569.6637166666667,569.6637166666667,569.6637166666667,0.0,0.0,2912.558901455025,0.0
2025-08-16,0,20,3:20-3:30,512.0233333333333,0.0,0.38085,0.38161383928571435,49.31999999999982,780.7049994047627,561.3433333333331,561.3433333333331,561.3433333333331,0.0,0.0,2912.558901455025,0.0
2025-08-16,0,21,3:30-3:40,481.6578,0.0,0.41002500000000003,0.4132495535714285,49.18221666666659,752.7041660714291,530.8400166666665,530.8400166666665,530.8400166666665,0.0,0.0,2912.558901455025,0.0
2025-08-16,0,22,3:40-3:50,500.88689999999997,0.0007380952380952382,0.433975,0.43860982142857147,69.46919999999989,680.7978744047623,570.3553619047617,570.3553619047617,570.3553619047617,0.0,0.0,2912.558901455025,0.0
2025-08-16,0,23,3:50-4:00,540.14,0.0,0.425575,0.4296941964285713,66.88833333333332,598.1663702380949,607.0283333333333,607.0283333333333,607.0283333333333,0.0,0.0,2912.558901455025,0.0
2025-08-16,0,24,4:00-4:10,493.48918333333336,0.0,0.39865000000000006,0.4040709821428572,48.26451666666674,536.9773660714287,541.7537000000001,541.7537000000001,541.7537000000001,0.0,0.0,2912.558901455025,0.0
2025-08-16,0,25,4:10-4:20,482.9510333333333,0.010416666666666668,0.37722500000000003,0.3843004464285714,53.74806666666666,472.27727916666686,536.6886833333334,536.6886833333334,536.6886833333334,0.0,0.0,2912.558901455025,0.0
2025-08-16,0,26,4:20-4:30,525.3183333333333,0.0,0.3651,0.3717589285714285,76.15999999999997,427.2634625000001,601.4783333333332,601.4783333333332,601.4783333333332,0.0,0.0,2912.558901455025,0.0
2025-08-16,0,27,4:30-4:40,513.23475,0.0,0.35262499999999997,0.3562870535714286,61.28657142857139,405.9958494047619,1407.8546547619046,1407.8546547619046,1407.8546547619046,833.3333333333333,0.0,3662.558901455025,0.0
2025-08-16,0,28,4:40-4:50,494.32469999999995,0.14508571428571432,0.36355,0.3668374999999999,50.51871666666659,373.1378910714282,544.6983309523808,544.6983309523808,544.6983309523808,0.0,0.0,3662.558901455025,0.0
2025-08-16,0,29,4:50-5:00,483.8933333333333,0.0,0.385725,0.39078571428571424,61.56208333333336,374.2531488095236,545.4554166666667,545.4554166666667,545.4554166666667,0.0,0.0,3662.558901455025,0.0
2025-08-16,0,30,5:00-5:10,453.90139999999997,0.0,0.382475,0.38654285714285713,50.93612380952379,359.32808273809485,504.83752380952376,504.83752380952376,504.83752380952376,0.0,0.0,3662.558901455025,0.0
2025-08-16,0,31,5:10-5:20,487.61299999999994,2.7448238095238087,0.393175,0.3987986607142857,44.217728571428665,379.6315767857151,529.0859047619048,529.0859047619048,529.0859047619048,0.0,0.0,3662.558901455025,0.0
2025-08-16,0,32,5:20-5:30,542.845,19.54910714285714,0.380275,0.38807276785714295,41.11279761904768,377.879426190476,564.4086904761906,564.4086904761906,564.4086904761906,0.0,0.0,3662.558901455025,0.0
2025-08-16,0,33,5:30-5:40,490.08486666666664,55.93213095238094,0.29915,0.3028825892857144,42.91277619047622,336.345363690476,1310.3988452380952,1310.3988452380952,1310.3988452380952,833.3333333333333,0.0,4412.558901455025,0.0
2025-08-16,0,34,5:40-5:50,460.1374666666666,98.0556857142857,0.44195,0.447386607142857,42.39209999999997,294.1282833333334,0.0,0.0,0.0,0.0,404.4738809523809,3963.1434781746016,0.0
2025-08-16,0,35,5:50-6:00,499.05333333333334,139.5973214285714,0.716,0.7262589285714286,46.44345238095252,246.47836011904764,0.0,0.0,0.0,0.0,405.89946428571443,3512.144073412697,0.0
2025-08-16,0,36,6:00-6:10,518.7624166666667,185.37725476190477,0.715725,0.7192419642857141,33.32984285714292,237.78203035714284,0.0,0.0,0.0,0.0,366.7150047619049,3104.68295701058,0.0
2025-08-16,0,37,6:10-6:20,501.5089833333333,234.47998571428573,0.6539,0.6536906250000001,33.07534999999996,208.99459404761848,0.0,0.0,0.0,0.0,300.10434761904753,2771.233681878305,0.0
2025-08-16,0,38,6:20-6:30,464.4666666666667,285.0339285714286,0.65215,0.6559258928571428,55.39869047619038,240.0772988095237,0.0,0.0,0.0,0.0,234.8314285714285,2510.3098723544963,0.0
2025-08-16,0,39,6:30-6:40,444.65885000000003,336.80537380952376,0.619025,0.6240803571428569,49.96669999999983,291.6328345238094,0.0,0.0,0.0,0.0,157.8201761904761,2334.954121031745,0.0
2025-08-16,0,40,6:40-6:50,492.2460166666666,393.3154428571428,0.6085,0.6108464285714287,51.582745238095185,362.38942261904737,0.0,0.0,0.0,0.0,150.513319047619,2167.717099867724,0.0
2025-08-16,0,41,6:50-7:00,580.4366666666666,451.4589285714286,0.6234500000000001,0.622570535714286,51.21244047619041,418.43898035714267,0.0,0.0,0.0,0.0,180.19017857142842,1967.5057903439147,0.0
2025-08-16,0,42,7:00-7:10,617.9419166666667,504.41522380952375,0.602225,0.601485267857143,36.86408809523812,432.5857779761904,0.0,0.0,0.0,0.0,150.39078095238102,1800.4049226190468,0.0
2025-08-16,0,43,7:10-7:20,578.4168666666667,560.1236880952381,0.5841999999999999,0.5839080357142856,46.749969047619004,457.45215238095227,0.0,0.0,0.0,0.0,65.04314761904766,1728.1347585978829,0.0
2025-08-16,0,44,7:20-7:30,513.555,616.3812499999999,0.561825,0.5605861607142859,58.386666666666656,475.3212827380945,0.0,0.0,0.0,27.26736111111065,0.0,1752.6753835978825,0.0
2025-08-16,0,45,7:30-7:40,509.07258333333334,662.2599261904761,0.513475,0.5107964285714287,69.82675476190468,497.40784523809424,0.0,0.0,0.0,72.60172398589282,-0.0,1818.016935185186,0.0
2025-08-16,0,46,7:40-7:50,543.23655,707.2687857142856,0.63805,0.6325468750000001,50.681826190476215,556.2152416666659,0.0,0.0,0.0,113.35040952380939,0.0,1920.0323037566145,0.0
2025-08-16,0,47,7:50-8:00,570.1916666666666,758.7803571428572,0.849825,0.8423678571428572,43.146250000000094,618.335234523809,0.0,0.0,0.0,145.44244047619043,0.0,2050.9305001851835,0.0
2025-08-16,0,48,8:00-8:10,562.1524666666667,815.2302904761902,0.844625,0.8395214285714286,50.59351190476201,663.1471095238091,0.0,0.0,0.0,0.0,120.78968588095124,1916.7197380952375,0.0
2025-08-16,0,49,8:10-8:20,548.57935,869.2106761904762,0.797275,0.792738392857143,59.84654523809513,645.0477642857139,0.0,0.0,0.0,260.7847809523811,0.0,2151.4260409523804,0.0
2025-08-16,0,50,8:20-8:30,541.4749999999999,918.9678571428572,0.785575,0.7784741071428574,76.58232142857133,600.9557172619043,0.0,0.0,0.0,300.91053571428597,0.0,2422.245523095238,0.0
2025-08-16,0,51,8:30-8:40,538.80175,966.6340785714285,0.723425,0.7151799107142859,56.728957142857155,550.3994226190471,0.0,0.0,0.0,-0.0,498.4737576904773,1868.3857923280414,0.0
2025-08-16,0,52,8:40-8:50,604.1666333333333,1002.8421238095239,0.74065,0.7324401785714285,70.61653333333331,601.5472130952372,0.0,0.0,0.0,11.9491600529102,-0.0,1879.1400363756604,0.0
2025-08-16,0,53,8:50-9:00,701.4433333333333,1040.1214285714284,0.79705,0.7872803571428572,94.84428571428577,611.2260327380944,0.0,0.0,0.0,243.83380952380935,-0.0,2098.590464947089,0.0
2025-08-16,0,54,9:00-9:10,716.0119333333333,1102.4333904761904,0.715125,0.7003464285714287,73.72764047619042,644.1209035714269,0.0,0.0,0.0,312.69381666666663,0.0,2380.0148999470885,0.0
2025-08-16,0,55,9:10-9:20,684.2293666666666,1160.931576190476,0.6642250000000001,0.6474633928571428,57.75321190476188,676.9335238095227,0.0,0.0,0.0,0.0,-0.0,2380.0148999470885,0.0
2025-08-16,0,56,9:20-9:30,658.2233333333334,1192.85,0.6782,0.6620026785714287,66.2509523809521,681.3352089285696,0.0,0.0,0.0,-0.0,366.7590492380956,1972.504845238093,0.0
2025-08-16,0,57,9:30-9:40,658.3520166666666,1203.4842952380955,0.6423500000000001,0.6254517857142856,83.74383333333338,695.2543607142834,0.0,0.0,0.0,461.3884452380955,0.0,2387.754445952379,0.0
2025-08-16,0,58,9:40-9:50,671.1094833333333,1230.2857333333332,0.7338250000000001,0.732695982142857,82.54207142857179,712.0953428571406,0.0,0.0,0.0,-0.0,391.31501028571404,1952.959990079363,0.0
2025-08-16,0,59,9:50-10:00,679.3333333333333,1276.0089285714284,0.8975249999999999,0.9169700892857139,76.86619047619054,677.6639910714267,0.0,0.0,0.0,519.8094047619046,0.0,2420.788454365077,0.0
2025-08-16,0,60,10:00-10:10,676.9621166666666,1310.5298666666665,0.8779250000000001,0.8913995535714285,65.16562380952382,625.0222339285707,0.0,0.0,0.0,-0.0,528.8447624999992,1833.1831626984113,0.0
2025-08-16,0,61,10:10-10:20,682.998,1341.8513904761905,0.8411749999999999,0.8500343749999999,77.93533571428577,569.86484642857,0.0,0.0,0.0,170.95290858318572,0.0,1987.0407804232784,0.0
2025-08-16,0,62,10:20-10:30,697.0933333333334,1377.9374999999995,0.897625,0.9143651785714285,85.67422619047613,708.3367023809506,0.0,0.0,0.0,124.16126102292839,0.0,2098.785915343914,0.0
2025-08-16,0,63,10:30-10:40,698.4918833333332,1414.3549238095238,0.9417249999999999,0.9600544642857142,86.44038095238125,808.9073238095225,0.0,0.0,0.0,-0.0,122.4952791666666,1962.6800496031733,0.0
2025-08-16,0,64,10:40-10:50,687.1754333333333,1437.7966238095241,0.6848249999999999,0.6887473214285713,91.20176666666666,686.4120446428559,0.0,0.0,0.0,659.4194238095242,0.0,2556.1575310317453,0.0
2025-08-16,0,65,10:50-11:00,671.0883333333334,1445.6785714285716,0.2919,0.2763513392857143,108.39690476190496,510.59546249999903,0.0,0.0,0.0,666.1933333333333,0.0,3155.731531031745,0.0
2025-08-16,0,66,11:00-11:10,661.6424333333333,1448.9117642857145,0.241775,0.22283796428571442,137.10087619047613,429.57937916666646,0.0,0.0,0.0,-0.0,833.333333333333,2229.8056051058193,0.0
2025-08-16,0,67,11:10-11:20,672.5421166666666,1460.7981738095236,0.28964999999999996,0.2723758928571428,114.28470714285724,414.7328226190464,0.0,0.0,0.0,-0.0,435.15278507142864,1746.3025105820097,0.0
2025-08-16,0,68,11:20-11:30,681.9016666666666,1489.0758928571427,0.273225,0.2542366071428571,124.16452380952396,491.67225952380863,0.0,0.0,0.0,25.80043209876603,0.0,1769.5228994708991,0.0
2025-08-16,0,69,11:30-11:40,659.3277833333333,1523.2948095238094,0.2728,0.2506066964285715,114.4623357142857,512.5706095238091,0.0,0.0,0.0,39.733136390358766,0.0,1805.282722222222,0.0
2025-08-16,0,70,11:40-11:50,679.6276666666666,1508.2427238095238,0.26475,0.24412008928571424,102.26503333333373,544.7544499999998,0.0,0.0,0.0,726.3500238095235,-0.0,2458.9977436507934,0.0
2025-08-16,0,71,11:50-12:00,723.4433333333333,1466.4973214285712,0.2402,0.22159776785714283,109.31083333333333,534.6061327380951,0.0,0.0,0.0,633.7431547619046,-0.0,3029.3665829365077,0.0
2025-08-16,0,72,12:00-12:10,690.4006833333333,1476.2284666666667,0.226825,0.20152098214285713,135.91411428571413,486.90587261904733,0.0,0.0,0.0,649.9136690476192,0.0,3614.2888850793656,0.0
2025-08-16,0,73,12:10-12:20,638.3195666666666,1484.8150714285714,0.222225,0.1976254464285714,135.93724047619048,458.79626666666604,0.0,0.0,0.0,710.5582642857144,0.0,4253.791322936509,0.0
2025-08-16,0,74,12:20-12:30,638.8,1462.773214285714,0.21582500000000002,0.19796339285714284,119.89327380952395,397.3007434523802,0.0,0.0,0.0,704.07994047619,0.0,4887.463269365079,0.0
2025-08-16,0,75,12:30-12:40,704.1673499999999,1432.9821690476192,0.22685,0.20433571428571412,150.2658380952383,372.0130744047606,0.0,0.0,0.0,0.0,0.0,4887.463269365079,0.0
2025-08-16,0,76,12:40-12:50,723.9817666666665,1400.9424499999998,0.38282499999999997,0.35758035714285713,135.83731904761905,450.6509607142858,0.0,0.0,0.0,0.0,77.61492199999256,4801.224467142865,0.0
2025-08-16,0,77,12:50-13:00,692.7233333333334,1376.6544642857143,0.6013,0.5807013392857143,85.72857142857137,435.60290297618985,0.0,0.0,0.0,598.2025595238096,0.0,5339.606770714294,0.0
2025-08-16,0,78,13:00-13:10,708.23145,1373.9798666666666,0.6523249999999999,0.6345165178571428,87.86341428571416,501.5618136904758,0.0,0.0,0.0,577.8850023809524,0.0,5859.703272857151,0.0
2025-08-16,0,79,13:10-13:20,741.1140499999999,1384.4797166666667,0.65825,0.6370732142857143,86.93218095238096,461.4354124999993,0.0,0.0,0.0,0.0,0.0,5859.703272857151,0.0
2025-08-16,0,80,13:20-13:30,742.0083333333333,1396.9928571428568,0.6664249999999999,0.6387035714285709,59.8795833333333,578.4100095238097,0.0,0.0,0.0,595.1049404761902,0.0,6395.297719285722,0.0
2025-08-16,0,81,13:30-13:40,695.57795,1401.6772761904763,0.6211500000000001,0.5933258928571431,86.90680714285706,663.8492505952372,0.0,0.0,0.0,619.1925190476193,0.0,6952.57098642858,0.0
2025-08-16,0,82,13:40-13:50,666.7200833333333,1382.9307904761902,0.7058749999999999,0.6958495535714285,70.70261666666693,699.317587499999,0.0,0.0,0.0,645.50809047619,0.0,7533.528267857151,0.0
2025-08-16,0,83,13:50-14:00,681.6366666666667,1341.678571428571,0.881575,0.8949299107142856,84.21785714285716,699.6144529761899,0.0,0.0,0.0,575.8240476190473,0.0,8051.7699107142935,0.0
2025-08-16,0,84,14:00-14:10,705.3366666666667,1296.5003095238094,0.913075,0.9291397321428569,39.567254761904906,762.1383071428567,0.0,0.0,0.0,551.5963880952378,0.0,8548.206660000007,0.0
2025-08-16,0,85,14:10-14:20,695.4347666666665,1263.6877142857143,0.912725,0.9249049107142856,63.73077142857149,823.8698553571426,0.0,0.0,0.0,504.5221761904763,0.0,9002.276618571435,0.0
2025-08-16,0,86,14:20-14:30,675.4183333333333,1238.1383928571427,0.98,0.9949709821428568,80.03851190476172,850.6947511904758,0.0,0.0,0.0,482.6815476190478,0.0,9436.690011428578,0.0
2025-08-16,0,87,14:30-14:40,707.10135,1199.0818047619046,1.0515,1.0729906250000003,75.75640714285697,831.1164029761902,0.0,0.0,0.0,416.2240476190474,0.0,9811.29165428572,0.0
2025-08-16,0,88,14:40-14:50,739.3646833333333,1145.6426857142856,0.845275,0.8553575892857143,64.91905952380972,875.6442571428569,0.0,0.0,0.0,341.35894285714244,0.0,10118.514702857148,0.0
2025-08-16,0,89,14:50-15:00,739.2016666666666,1083.754464285714,0.505825,0.4965468750000001,100.66809523809525,943.9414577380951,0.0,0.0,0.0,243.88470238095204,0.0,10338.010935000006,0.0
2025-08-16,0,90,15:00-15:10,728.0701833333333,1023.0834071428571,0.48107500000000003,0.47627187500000007,90.15448571428561,993.2636452380954,0.0,0.0,0.0,204.85873809523824,0.0,10522.38379928572,0.0
2025-08-16,0,91,15:10-15:20,753.3637833333333,980.4336595238094,0.527925,0.527199107142857,75.5224642857143,1046.1172452380956,0.0,0.0,0.0,151.5474119047618,0.0,10658.776470000006,0.0
2025-08-16,0,92,15:20-15:30,786.7416666666666,943.4232142857143,0.5139,0.5075075892857143,63.340476190476295,1064.63899702381,0.0,0.0,0.0,93.34107142857147,0.0,10742.78343428572,0.0
2025-08-16,0,93,15:30-15:40,755.5954499999999,883.7696214285713,0.551875,0.5453031249999999,85.6230333333333,1053.915708333334,0.0,0.0,0.0,42.55113809523188,0.0,10781.079458571428,0.0
2025-08-16,0,94,15:40-15:50,733.5773166666665,831.7068476190475,0.58465,0.5800540178571428,77.1067071428572,1105.9642029761908,0.0,0.0,0.0,21.022823809523743,0.0,10800.0,0.0
2025-08-16,0,95,15:50-16:00,752.7966666666666,793.9089285714285,0.592425,0.587590625,66.02458333333323,1194.2988238095245,24.912321428571317,24.912321428571317,24.912321428571317,0.0,-0.0,10800.0,0.0
2025-08-16,0,96,16:00-16:10,767.7741833333332,744.3413547619048,0.61805,0.6114776785714284,58.54359047619039,1321.7092107142862,81.97641904761883,81.97641904761883,81.97641904761883,0.0,0.0,10800.0,0.0
2025-08-16,0,97,16:10-16:20,742.0605999999999,680.6036238095238,0.626625,0.6219450892857141,68.65932380952393,1429.4492535714285,130.11630000000002,130.11630000000002,130.11630000000002,0.0,-0.0,10800.0,0.0
2025-08-16,0,98,16:20-16:30,718.8233333333333,614.6196428571428,0.631925,0.630667857142857,62.45999999999992,1463.685242261905,166.66369047619037,166.66369047619037,166.66369047619037,0.0,0.0,10800.0,0.0
2025-08-16,0,99,16:30-16:40,764.5704499999999,559.8547142857143,0.683,0.680072767857143,59.43301904761904,1547.5948964285722,264.1487547619047,264.1487547619047,264.1487547619047,0.0,0.0,10800.0,0.0
2025-08-16,0,100,16:40-16:50,741.7624000000001,504.67290476190476,0.699175,0.6973227678571429,71.24671190476201,1572.9685220238102,308.33620714285735,308.33620714285735,308.33620714285735,0.0,0.0,10800.0,0.0
2025-08-16,0,101,16:50-17:00,655.6116666666667,447.0696428571428,0.681,0.683908035714286,62.538392857142725,1609.4086732142866,271.0804166666666,271.0804166666666,271.0804166666666,0.0,0.0,10800.0,0.0
2025-08-16,0,102,17:00-17:10,653.4884,396.8075880952381,0.71155,0.7158294642857145,54.80979523809515,1655.3769934523816,311.490607142857,311.490607142857,311.490607142857,0.0,0.0,10800.0,0.0
2025-08-16,0,103,17:10-17:20,675.7209499999999,347.0262214285715,0.7486000000000002,0.7539151785714288,42.002761904761826,1707.6527023809529,370.6974904761903,370.6974904761903,370.6974904761903,0.0,0.0,10800.0,0.0
2025-08-16,0,104,17:20-17:30,671.1949999999999,293.0392857142857,0.7531,0.7596419642857145,56.66851190476177,1755.7367250000002,434.824226190476,434.824226190476,434.824226190476,0.0,0.0,10800.0,0.0
2025-08-16,0,105,17:30-17:40,655.2053999999999,237.66551904761906,0.756825,0.7620209821428567,52.23540238095245,1756.4409458333334,469.77528333333333,469.77528333333333,469.77528333333333,0.0,0.0,10800.0,0.0
2025-08-16,0,106,17:40-17:50,657.1069,187.40796904761908,0.921875,0.9278004464285715,57.52838809523814,1740.5934553571428,527.2273190476191,527.2273190476191,527.2273190476191,0.0,-0.0,10800.0,0.0
2025-08-16,0,107,17:50-18:00,669.2316666666666,142.5169642857143,1.16425,1.1729767857142857,35.84630952380962,1710.8462220238093,562.5610119047619,562.5610119047619,562.5610119047619,0.0,-0.0,10800.0,0.0
2025-08-16,0,108,18:00-18:10,660.03725,97.59024047619047,1.2207,1.229936607142857,40.22032619047616,1615.0661892857145,602.6673357142856,602.6673357142856,602.6673357142856,0.0,0.0,10800.0,0.0
2025-08-16,0,109,18:10-18:20,660.1324,53.29848571428571,1.21685,1.2281790178571428,62.010095238095346,1613.6156321428568,668.8440095238096,668.8440095238096,668.8440095238096,0.0,0.0,10800.0,0.0
2025-08-16,0,110,18:20-18:30,676.1583333333333,18.141964285714288,1.229975,1.24134375,58.76130952380936,1691.3523666666665,716.7776785714284,716.7776785714284,716.7776785714284,0.0,0.0,10800.0,0.0
2025-08-16,0,111,18:30-18:40,682.1635333333334,2.4780357142857143,1.227875,1.2321441964285715,42.86299523809521,1676.656146428571,722.5484928571428,722.5484928571428,722.5484928571428,0.0,0.0,10800.0,0.0
2025-08-16,0,112,18:40-18:50,681.6511833333333,0.02115952380952381,1.327325,1.3431129464285718,43.7426857142857,1609.1496410714285,725.3727095238095,725.3727095238095,725.3727095238095,0.0,0.0,10800.0,0.0
2025-08-16,0,113,18:50-19:00,687.1099999999999,0.0,1.477725,1.516523214285714,66.96982142857132,1660.3397089285713,0.0,0.0,0.0,0.0,754.0798214285712,9962.133531746033,0.0
2025-08-16,0,114,19:00-19:10,700.5790333333332,0.13351190476190475,1.49575,1.5345736607142852,37.59301666666647,1670.242789285714,0.0,0.0,0.0,0.0,738.0385380952378,9142.090711640212,0.0
2025-08-16,0,115,19:10-19:20,680.40275,0.0015190476190476189,1.4856,1.5195794642857146,43.85833571428566,1599.9788940476192,0.0,0.0,0.0,0.0,724.2595666666666,8337.35785978836,0.0
2025-08-16,0,116,19:20-19:30,638.505,0.0,1.4967000000000001,1.5331973214285715,52.0,1642.0638142857142,0.0,0.0,0.0,0.0,690.505,7570.1300820105835,0.0
2025-08-16,0,117,19:30-19:40,635.4894666666667,0.009588095238095238,1.476925,1.5165665178571432,35.50663333333341,1684.5325642857142,0.0,0.0,0.0,0.0,670.986511904762,6824.5895132275145,0.0
2025-08-16,0,118,19:40-19:50,667.8362333333333,0.00010952380952380952,1.478475,1.5172839285714284,32.896402380952395,1672.1962642857138,0.0,0.0,0.0,0.0,700.7325261904762,6045.997817460318,0.0
2025-08-16,0,119,19:50-20:00,697.5683333333333,0.0,1.49755,1.5342098214285709,66.09833333333336,1612.2746339285711,0.0,0.0,0.0,0.0,763.6666666666666,5197.4792989418,0.0
2025-08-16,0,120,20:00-20:10,684.9182666666667,0.0006880952380952381,1.4751250000000002,1.5140808035714286,48.72074999999995,1563.9820648809518,0.0,0.0,0.0,0.0,733.6383285714286,4382.325600529101,0.0
2025-08-16,0,121,20:10-20:20,653.5199666666666,0.0,1.4646750000000002,1.5032732142857135,31.583983333333435,1512.7245023809517,389.22576964285514,389.22576964285514,389.22576964285514,0.0,295.8781803571449,4053.5720667989403,0.0
2025-08-16,0,122,20:20-20:30,636.1083333333333,0.0,1.5128499999999998,1.5508624999999996,31.649999999999864,1432.5400476190468,0.0,0.0,0.0,0.0,667.7583333333332,3311.618363095237,0.0
2025-08-16,0,123,20:30-20:40,649.6237666666666,0.0,1.5633,1.6073044642857144,48.28995000000009,1313.1754642857131,0.0,0.0,0.0,0.0,697.9137166666667,2536.1586779100517,0.0
2025-08-16,0,124,20:40-20:50,676.1986833333333,0.0,1.3155999999999999,1.347278571428571,37.984983333333275,1202.5428101190466,630.5429773809525,630.5429773809525,630.5429773809525,0.0,83.64068928571405,2443.2245787037027,0.0
2025-08-16,0,125,20:50-21:00,702.8483333333334,0.0,0.924975,0.9335678571428574,43.280000000000086,1118.9021208333324,746.1283333333334,746.1283333333334,746.1283333333334,0.0,0.0,2443.2245787037027,0.0
2025-08-16,0,126,21:00-21:10,727.2417666666666,0.0,0.8748,0.8835031250000002,66.32439999999997,1071.4950374999994,793.5661666666666,793.5661666666666,793.5661666666666,0.0,0.0,2443.2245787037027,0.0
2025-08-16,0,127,21:10-21:20,735.8613166666667,0.0,0.9100249999999999,0.9205535714285712,55.18626666666671,1034.5942874999996,791.0475833333334,791.0475833333334,791.0475833333334,0.0,0.0,2443.2245787037027,0.0
2025-08-16,0,128,21:20-21:30,717.5216666666666,0.0,0.9068999999999999,0.9124758928571427,50.613333333333344,1005.0541624999996,768.135,768.135,768.135,0.0,0.0,2443.2245787037027,0.0
2025-08-16,0,129,21:30-21:40,673.63875,0.0,0.9572999999999999,0.964458482142857,36.8964666666667,960.7858291666664,435.25955000000033,435.25955000000033,435.25955000000033,0.0,275.2756666666663,2137.362726851851,0.0
2025-08-16,0,130,21:40-21:50,633.8910166666667,0.0,0.751725,0.7592196428571426,32.0923499999999,843.6264541666663,576.8884708333334,576.8884708333334,576.8884708333334,0.0,89.0948958333332,2038.3683981481477,0.0
2025-08-16,0,131,21:50-22:00,611.4716666666666,0.0,0.4109,0.41685758928571426,76.95499999999993,754.5315583333329,1521.7599999999998,1521.7599999999998,1521.7599999999998,833.3333333333333,0.0,2788.3683981481477,0.0
2025-08-16,0,132,22:00-22:10,601.4316166666666,0.0,0.405275,0.41565758928571445,48.75383333333332,786.2136416666661,1483.5187833333332,1483.5187833333332,1483.5187833333332,833.3333333333333,0.0,3538.3683981481477,0.0
2025-08-16,0,133,22:10-22:20,618.1444333333333,0.0,0.48079999999999995,0.4927977678571428,45.86505,723.1628583333328,664.0094833333333,664.0094833333333,664.0094833333333,0.0,0.0,3538.3683981481477,0.0
2025-08-16,0,134,22:20-22:30,633.7533333333333,0.0,0.46119999999999994,0.4697151785714285,65.05500000000006,619.4478916666664,698.8083333333334,698.8083333333334,698.8083333333334,0.0,0.0,3538.3683981481477,0.0
2025-08-16,0,135,22:30-22:40,602.26595,0.0,0.428575,0.4352004464285715,52.64501666666672,545.7963333333329,1488.2442999999998,1488.2442999999998,1488.2442999999998,833.3333333333333,0.0,4288.368398148148,0.0
2025-08-16,0,136,22:40-22:50,590.5360166666667,0.0,0.43695,0.44279598214285704,42.5309666666667,480.7248499999995,1040.054771399178,1040.054771399178,1040.054771399178,406.98778806584465,0.0,4654.657407407408,0.0
2025-08-16,0,137,22:50-23:00,605.6816666666666,0.0,0.462125,0.46788258928571436,60.875,403.88881249999974,666.5566666666666,666.5566666666666,666.5566666666666,0.0,0.0,4654.657407407408,0.0
2025-08-16,0,138,23:00-23:10,588.3636833333333,0.0,0.44132499999999997,0.44836160714285717,36.30600000000004,375.28625416666614,624.6696833333333,624.6696833333333,624.6696833333333,0.0,0.0,4654.657407407408,0.0
2025-08-16,0,139,23:10-23:20,565.9049666666666,0.0,0.427825,0.43478437499999995,50.87993333333338,312.0327541666665,1450.1182333333331,1450.1182333333331,1450.1182333333331,833.3333333333333,0.0,5404.657407407408,0.0
2025-08-16,0,140,23:20-23:30,556.9266666666666,0.0,0.432925,0.43931383928571416,41.26166666666677,247.18344999999977,1431.5216666666665,1431.5216666666665,1431.5216666666665,833.3333333333333,0.0,6154.657407407408,0.0
2025-08-16,0,141,23:30-23:40,565.2308166666667,0.0,0.42575,0.4343080357142856,50.73005000000012,197.8782249999998,1449.2942,1449.2942,1449.2942,833.3333333333333,0.0,6904.657407407408,0.0
2025-08-16,0,142,23:40-23:50,654.5739833333333,0.0,0.4852,0.49383125,57.044116666666696,113.69588333333331,711.6181,711.6181,711.6181,0.0,0.0,6904.657407407408,0.0
2025-08-16,0,143,23:50-24:00,764.66,0.0,0.571975,0.5786294642857145,49.53166666666675,69.82624999999987,0.0,0.0,0.0,0.0,814.1916666666667,6000.0,0.0
2025-08-17,0,0,0:00-0:10,756.44345,0.0,0.55365,0.5601053571428573,49.59293333333335,1561.6252654761902,806.0363833333333,806.0363833333333,806.0363833333333,0.0,0.0,7329.72484743386,0.0
2025-08-17,0,1,0:10-0:20,728.7392166666666,0.0,0.5097749999999999,0.5177035714285712,49.70861666666667,1582.350823809524,778.4478333333333,778.4478333333333,778.4478333333333,0.0,0.0,7329.72484743386,0.0
2025-08-17,0,2,0:20-0:30,734.77,0.0,0.5021249999999999,0.5109066964285714,50.613333333333344,1574.095386309524,785.3833333333333,785.3833333333333,785.3833333333333,0.0,0.0,7329.72484743386,0.0
2025-08-17,0,3,0:30-0:40,736.6355,0.0,0.5204249999999999,0.5294071428571429,32.10966666666661,1548.0995529761906,768.7451666666666,768.7451666666666,768.7451666666666,0.0,0.0,7329.72484743386,0.0
2025-08-17,0,4,0:40-0:50,755.4314166666666,0.0,0.5538000000000001,0.5631026785714287,58.26478333333341,1508.689739285715,813.6962,813.6962,813.6962,0.0,0.0,7329.72484743386,0.0
2025-08-17,0,5,0:50-1:00,762.9333333333334,0.0,0.568125,0.5773754464285714,62.93166666666673,1532.0396660714293,825.8650000000001,825.8650000000001,825.8650000000001,0.0,0.0,7329.72484743386,0.0
2025-08-17,0,6,1:00-1:10,708.9798666666667,0.0,0.53245,0.5396513392857141,73.91933333333338,1561.313700000001,782.8992000000001,782.8992000000001,782.8992000000001,0.0,0.0,7329.72484743386,0.0
2025-08-17,0,7,1:10-1:20,709.37745,0.0,0.5212000000000001,0.5238125000000001,56.59131666666656,1473.060130952381,765.9687666666665,765.9687666666665,765.9687666666665,0.0,0.0,7329.72484743386,0.0
2025-08-17,0,8,1:20-1:30,757.2933333333333,0.0,0.54045,0.5401111607142858,64.71333333333325,1419.91395,822.0066666666665,822.0066666666665,822.0066666666665,0.0,0.0,7329.72484743386,0.0
2025-08-17,0,9,1:30-1:40,730.2529666666666,0.0,0.525475,0.5287781250000001,49.01044999999988,1437.5150214285713,779.2634166666664,779.2634166666664,779.2634166666664,0.0,0.0,7329.72484743386,0.0
2025-08-17,0,10,1:40-1:50,698.8232166666667,0.0,0.5063,0.5107776785714284,47.14298333333329,1377.4605452380947,745.9662,745.9662,745.9662,0.0,0.0,7329.72484743386,0.0
2025-08-17,0,11,1:50-2:00,697.5733333333333,0.0,0.503625,0.5062401785714286,49.526666666666756,1310.6308833333328,747.1,747.1,747.1,0.0,0.0,7329.72484743386,0.0
2025-08-17,0,12,2:00-2:10,686.3754333333333,0.0,0.50535,0.5106303571428572,69.88016666666658,1272.8732940476189,756.2555999999998,756.2555999999998,756.2555999999998,0.0,0.0,7329.72484743386,0.0
2025-08-17,0,13,2:10-2:20,671.1693333333333,0.0,0.504875,0.5097062499999999,51.78525000000013,1242.1063053571418,722.9545833333334,722.9545833333334,722.9545833333334,0.0,0.0,7329.72484743386,0.0
2025-08-17,0,14,2:20-2:30,683.5066666666667,0.0,0.5156,0.5177616071428571,49.014999999999986,1207.3727738095236,732.5216666666666,732.5216666666666,732.5216666666666,0.0,0.0,7329.72484743386,0.0
2025-08-17,0,15,2:30-2:40,739.7271333333333,0.0,0.54905,0.5551187499999999,39.3526833333334,1157.1166904761903,779.0798166666667,779.0798166666667,779.0798166666667,0.0,0.0,7329.72484743386,0.0
2025-08-17,0,16,2:40-2:50,747.7273499999999,0.0,0.541075,0.5487758928571428,45.59465,1048.3953077380945,793.3219999999999,793.3219999999999,793.3219999999999,0.0,0.0,7329.72484743386,0.0
2025-08-17,0,17,2:50-3:00,701.9233333333333,0.0,0.49832499999999996,0.5029049107142859,53.508333333333326,994.8148517857148,755.4316666666666,755.4316666666666,755.4316666666666,0.0,0.0,7329.72484743386,0.0
2025-08-17,0,18,3:00-3:10,684.1093333333333,0.0,0.49205,0.4950995535714286,48.772433333333424,948.5432565476194,732.8817666666667,732.8817666666667,732.8817666666667,0.0,0.0,7329.72484743386,0.0
2025-08-17,0,19,3:10-3:20,672.1411833333333,0.0,0.49325,0.4946232142857144,52.90559285714278,879.7889059523815,725.0467761904761,725.0467761904761,725.0467761904761,0.0,0.0,7329.72484743386,0.0
2025-08-17,0,20,3:20-3:30,654.1166666666666,0.0,0.491975,0.49198705357142847,49.31999999999982,838.5004446428578,703.4366666666664,703.4366666666664,703.4366666666664,0.0,0.0,7329.72484743386,0.0
2025-08-17,0,21,3:30-3:40,654.2154833333333,0.0,0.512825,0.5148915178571429,48.54383095238097,810.4996113095242,702.7593142857143,702.7593142857143,702.7593142857143,0.0,0.0,7329.72484743386,0.0
2025-08-17,0,22,3:40-3:50,688.8528166666666,0.0005499999999999999,0.5384749999999999,0.5423477678571427,51.42855476190476,737.9549339285716,740.2808214285715,740.2808214285715,740.2808214285715,0.0,0.0,7329.72484743386,0.0
2025-08-17,0,23,3:50-4:00,722.3783333333333,0.0,0.537775,0.5417861607142859,41.42666666666673,637.2827845238091,763.8050000000001,763.8050000000001,763.8050000000001,0.0,0.0,7329.72484743386,0.0
2025-08-17,0,24,4:00-4:10,698.1047166666667,0.00016428571428571428,0.4988,0.5034299107142857,41.65788571428561,550.6321136904764,739.762438095238,739.762438095238,739.762438095238,0.0,0.0,7329.72484743386,0.0
2025-08-17,0,25,4:10-4:20,672.05725,0.00779047619047619,0.494575,0.5008924107142857,53.74806666666666,479.32539583333335,725.7975261904761,725.7975261904761,725.7975261904761,0.0,0.0,7329.72484743386,0.0
2025-08-17,0,26,4:20-4:30,683.7116666666667,0.0,0.5236500000000001,0.5310013392857144,70.51666666666665,434.31157916666666,754.2283333333334,754.2283333333334,754.2283333333334,0.0,0.0,7329.72484743386,0.0
2025-08-17,0,27,4:30-4:40,713.91825,0.002276190476190476,0.5150250000000001,0.5206513392857143,60.30578333333335,407.4006327380951,774.2217571428571,774.2217571428571,774.2217571428571,0.0,0.0,7329.72484743386,0.0
2025-08-17,0,28,4:40-4:50,694.7500833333334,0.10849285714285714,0.5012,0.5061066964285713,46.62291904761901,373.56188630952346,741.2645095238095,741.2645095238095,741.2645095238095,0.0,0.0,7329.72484743386,0.0
2025-08-17,0,29,4:50-5:00,651.8866666666667,0.0,0.49342499999999995,0.4989129464285713,62.063333333333276,370.7813464285712,713.9499999999999,713.9499999999999,713.9499999999999,0.0,0.0,7329.72484743386,0.0
2025-08-17,0,30,5:00-5:10,670.4879999999999,0.03171904761904762,0.469225,0.4737544642857142,52.10881666666671,356.3575303571424,1555.8984309523807,1555.8984309523807,1555.8984309523807,833.3333333333333,0.0,8079.72484743386,0.0
2025-08-17,0,31,5:10-5:20,658.3510833333332,2.102185714285714,0.46204999999999996,0.46807321428571413,44.217728571428665,379.59076726190546,1533.7999595238093,1533.7999595238093,1533.7999595238093,833.3333333333333,0.0,8829.72484743386,0.0
2025-08-17,0,32,5:20-5:30,612.6316666666667,17.29285714285714,0.44044999999999995,0.4480879464285712,41.11279761904768,376.0815666666664,1469.7849404761905,1469.7849404761905,1469.7849404761905,833.3333333333333,0.0,9579.72484743386,0.0
2025-08-17,0,33,5:30-5:40,640.1327666666666,53.44549285714285,0.38022500000000004,0.38382544642857136,42.91277619047622,334.5475041666665,1462.9333833333333,1462.9333833333333,1462.9333833333333,833.3333333333333,0.0,10329.72484743386,0.0
2025-08-17,0,34,5:40-5:50,744.1873,96.38887380952379,0.582175,0.5880352678571429,44.189959523809534,292.33042380952384,691.9883857142858,691.9883857142858,691.9883857142858,0.0,0.0,10329.72484743386,0.0
2025-08-17,0,35,5:50-6:00,840.895,139.48303571428568,0.927375,0.9381566964285712,46.44345238095252,246.47836011904764,0.0,0.0,0.0,0.0,747.8554166666668,9498.774384470897,0.0
2025-08-17,0,36,6:00-6:10,835.5970333333332,187.5472619047619,0.9613499999999999,0.9642625000000001,33.32984285714292,237.78203035714284,0.0,0.0,0.0,0.0,681.3796142857143,8741.685924153437,0.0
2025-08-17,0,37,6:10-6:20,825.0314166666667,238.56143571428572,0.887225,0.8865392857142858,33.07534999999996,218.88342440476123,0.0,0.0,0.0,0.0,619.5453309523809,8053.302223095236,0.0
2025-08-17,0,38,6:20-6:30,838.335,289.13750000000005,0.860625,0.8651843749999999,55.39869047619038,243.37357559523798,0.0,0.0,0.0,0.0,604.5961904761904,7381.528678121691,0.0
2025-08-17,0,39,6:30-6:40,817.8694833333334,338.71806190476184,0.83365,0.8393348214285717,49.96669999999983,294.92911130952365,0.0,0.0,0.0,0.0,529.1181214285714,6793.619654312167,0.0
2025-08-17,0,40,6:40-6:50,819.6256333333333,395.533988095238,0.8109999999999999,0.8137821428571428,51.582745238095185,365.68569940476164,0.0,0.0,0.0,0.0,475.6743904761905,6265.092553783066,0.0
2025-08-17,0,41,6:50-7:00,845.0,456.63928571428573,0.7963,0.7961026785714287,51.21244047619041,419.7972047619048,0.0,0.0,0.0,0.0,439.5731547619047,5776.6779373809495,0.0
2025-08-17,0,42,7:00-7:10,836.0146666666666,510.88667142857145,0.780025,0.7796758928571428,36.86408809523812,433.5685714285714,0.0,0.0,0.0,0.0,361.99208333333326,5374.464511455024,0.0
2025-08-17,0,43,7:10-7:20,830.9288833333333,567.1101666666667,0.765925,0.7658794642857144,46.749969047619004,477.0874994047616,0.0,0.0,0.0,0.0,310.5686857142856,5029.388193994707,0.0
2025-08-17,0,44,7:20-7:30,816.2183333333334,623.6339285714284,0.7175,0.7163933035714287,58.386666666666656,509.0574869047614,0.0,0.0,0.0,0.0,250.97107142857158,4750.531447962961,0.0
2025-08-17,0,45,7:30-7:40,765.6543833333333,668.9628238095238,0.6370499999999999,0.6336361607142856,69.82675476190468,557.5615047619041,0.0,0.0,0.0,0.0,166.51831428571415,4565.511098756611,0.0
2025-08-17,0,46,7:40-7:50,894.0841,714.46535,0.835825,0.8294071428571429,50.681826190476215,636.4497886904755,0.0,0.0,0.0,0.0,230.30057619047625,4309.621569656082,0.0
2025-08-17,0,47,7:50-8:00,1132.0549999999998,766.7598214285714,1.177025,1.1687723214285715,43.146250000000094,647.9855166666664,0.0,0.0,0.0,0.0,408.44142857142845,3855.7977601322727,0.0
2025-08-17,0,48,8:00-8:10,1171.8514,823.4761619047619,1.1850749999999999,1.1778964285714284,50.59351190476201,693.7477190476188,0.0,0.0,0.0,0.0,398.9687500000001,3412.4991490211614,0.0
2025-08-17,0,49,8:10-8:20,1129.8066333333331,888.1076857142857,1.11935,1.1125500000000001,59.84654523809513,680.3896309523807,0.0,0.0,0.0,0.0,301.54549285714256,3077.448601402114,0.0
2025-08-17,0,50,8:20-8:30,1128.635,949.0017857142858,1.12515,1.1168941964285712,76.58232142857133,636.2975839285712,0.0,0.0,0.0,0.0,256.21553571428547,2792.764672830686,0.0
2025-08-17,0,51,8:30-8:40,1162.64915,986.2513785714286,1.0829,1.0733848214285715,56.728957142857155,671.8514964285713,0.0,0.0,0.0,0.0,233.12672857142843,2533.7349744179874,0.0
2025-08-17,0,52,8:40-8:50,1132.8939833333334,1013.7678690476189,1.027825,1.016995982142857,70.61653333333331,685.1715136904763,0.0,0.0,0.0,0.0,189.74264761904783,2322.909810396823,0.0
2025-08-17,0,53,8:50-9:00,1069.0983333333334,1052.3169642857142,1.0081499999999999,0.9946455357142857,94.84428571428577,712.1676154761905,0.0,0.0,0.0,0.0,111.62565476190503,2198.8813051058173,0.0
2025-08-17,0,54,9:00-9:10,1090.38665,1111.3004904761901,1.023675,1.0059683035714282,71.38490714285717,764.9764595238088,0.0,0.0,0.0,0.0,50.47106666666696,2142.802342142854,0.0
2025-08-17,0,55,9:10-9:20,1078.2948666666666,1162.783095238095,1.00175,0.9840669642857144,56.164771428571385,782.4926196428564,0.0,0.0,0.0,28.323457142857023,0.0,2168.2934535714253,0.0
2025-08-17,0,56,9:20-9:30,1041.8083333333334,1191.85,0.93415,0.9182031250000003,66.2509523809521,785.5897267857135,0.0,0.0,0.0,83.79071428571433,0.0,2243.705096428568,0.0
2025-08-17,0,57,9:30-9:40,1114.8775166666665,1208.419095238095,0.9028499999999999,0.8849446428571425,74.4899000000001,799.5088785714274,0.0,0.0,0.0,19.05167857142851,0.0,2260.851607142854,0.0
2025-08-17,0,58,9:40-9:50,1181.8583333333331,1231.7017428571428,1.011725,1.0087205357142859,82.54207142857179,807.0959273809513,0.0,0.0,0.0,0.0,32.69866190476205,2224.519760582007,0.0
2025-08-17,0,59,9:50-10:00,1166.4299999999998,1267.149107142857,1.168725,1.187519196428571,76.86619047619054,772.6645755952372,0.0,0.0,0.0,23.852916666666715,0.0,2245.9873855820074,0.0
2025-08-17,0,60,10:00-10:10,1109.77835,1306.3239047619045,1.1621000000000001,1.1768709821428571,65.16562380952382,683.7196202380944,0.0,0.0,0.0,131.37993095238062,0.0,2364.22932343915,0.0
2025-08-17,0,61,10:10-10:20,1103.0079166666665,1348.3221595238092,1.099075,1.1074647321428572,77.93533571428577,745.2973238095233,0.0,0.0,0.0,167.37890714285686,0.0,2514.870339867721,0.0
2025-08-17,0,62,10:20-10:30,1136.3166666666666,1388.2607142857141,1.1010250000000001,1.113889285714286,85.67422619047613,857.8154154761899,0.0,0.0,0.0,166.2698214285715,0.0,2664.5131791534354,0.0
2025-08-17,0,63,10:30-10:40,1123.4158666666667,1417.620795238095,1.1414,1.157267410714286,86.44038095238125,894.7306470238088,0.0,0.0,0.0,207.7645476190471,0.0,2851.501272010578,0.0
2025-08-17,0,64,10:40-10:50,1118.3154833333333,1437.4989119047618,0.8972,0.9002330357142858,91.20176666666666,774.3729333333331,0.0,0.0,0.0,227.98166190476195,0.0,3056.6847677248634,0.0
2025-08-17,0,65,10:50-11:00,1149.0633333333333,1451.725,0.5016,0.4844401785714285,108.39690476190496,596.4187857142854,629.6030914168201,629.6030914168201,629.6030914168201,823.8678533215817,0.0,3798.165835714287,0.0
2025-08-17,0,66,11:00-11:10,1180.3344333333332,1463.4988357142859,0.443125,0.4218647321428572,106.90294285714262,539.1885238095247,657.0718738095231,657.0718738095231,657.0718738095231,833.3333333333333,0.0,4548.165835714287,0.0
2025-08-17,0,67,11:10-11:20,1174.9755333333333,1473.056314285714,0.520575,0.5023339285714287,113.99653333333322,596.5417321428569,0.0,0.0,0.0,184.08424761904757,0.0,4713.841658571429,0.0
2025-08-17,0,68,11:20-11:30,1154.8066666666666,1493.7607142857144,0.5445500000000001,0.5262589285714286,88.94125000000001,673.1929952380951,0.0,0.0,0.0,250.01279761904766,0.0,4938.853176428573,0.0
2025-08-17,0,69,11:30-11:40,1168.3528833333332,1534.0250833333332,0.5216,0.49930133928571424,87.68781904761909,658.8680714285717,0.0,0.0,0.0,277.9843809523809,0.0,5189.039119285715,0.0
2025-08-17,0,70,11:40-11:50,1141.0279666666665,1531.0246976190474,0.48075,0.45798482142857155,101.12643095238067,664.2773952380958,544.463033333333,544.463033333333,544.463033333333,833.3333333333333,0.0,5939.039119285715,0.0
2025-08-17,0,71,11:50-12:00,1081.7633333333333,1496.067857142857,0.4487,0.4272352678571427,105.5095238095239,652.9904755952381,524.5383333333334,524.5383333333334,524.5383333333334,833.3333333333333,0.0,6689.039119285715,0.0
2025-08-17,0,72,12:00-12:10,1082.0963333333334,1502.5779523809524,0.44339999999999996,0.4172910714285713,116.94908571428584,601.4889059523807,529.8008000000002,529.8008000000002,529.8008000000002,833.3333333333333,0.0,7439.039119285715,0.0
2025-08-17,0,73,12:10-12:20,1105.7138666666665,1506.2933238095238,0.468925,0.4449459821428571,115.05527380952367,554.4142714285712,547.8091499999996,547.8091499999996,547.8091499999996,833.3333333333333,0.0,8189.039119285715,0.0
2025-08-17,0,74,12:20-12:30,1116.9766666666665,1483.3437500000002,0.47295000000000004,0.4554392857142859,110.99892857142856,472.0367815476186,577.9651785714282,577.9651785714282,577.9651785714282,833.3333333333333,0.0,8939.039119285715,0.0
2025-08-17,0,75,12:30-12:40,1119.7494499999998,1454.6429976190475,0.427275,0.405189732142857,122.22918809523807,434.26389047618915,620.6689738095235,620.6689738095235,620.6689738095235,833.3333333333333,0.0,9689.039119285715,0.0
2025-08-17,0,76,12:40-12:50,1138.28495,1417.96355,0.59155,0.5672540178571428,98.0322761904763,487.259044642857,0.0,0.0,0.0,181.64632380952366,0.0,9852.520810714286,0.0
2025-08-17,0,77,12:50-13:00,1155.3866666666665,1387.9750000000004,0.8710500000000001,0.8513482142857142,85.72857142857137,435.03686904761935,0.0,0.0,0.0,146.85976190476254,0.0,9984.694596428573,0.0
2025-08-17,0,78,13:00-13:10,1131.2892666666667,1389.7561809523809,0.890775,0.872583482142857,87.86341428571416,500.3648547619043,0.0,0.0,0.0,170.60350000000017,0.0,10138.237746428573,0.0
2025-08-17,0,79,13:10-13:20,1118.5147333333332,1398.0870642857144,0.85395,0.8327218750000001,86.93218095238096,460.23845357142784,0.0,0.0,0.0,192.64015000000018,0.0,10311.613881428573,0.0
2025-08-17,0,80,13:20-13:30,1144.655,1398.3017857142859,0.877125,0.8500232142857145,59.8795833333333,573.6221738095237,0.0,0.0,0.0,193.76720238095254,0.0,10486.00436357143,0.0
2025-08-17,0,81,13:30-13:40,1185.6295833333334,1393.9314880952381,0.8884749999999999,0.8584031249999999,86.90680714285706,659.0614148809514,0.0,0.0,0.0,121.39509761904765,0.0,10595.259951428572,0.0
2025-08-17,0,82,13:40-13:50,1206.1197,1368.8966928571429,0.99885,0.9855214285714287,70.70261666666693,694.5297517857132,0.0,0.0,0.0,92.07437619047596,0.0,10678.12689,0.0
2025-08-17,0,83,13:50-14:00,1200.7083333333333,1327.8589285714284,1.1665999999999999,1.1781406249999997,84.21785714285716,694.8266172619041,0.0,0.0,0.0,42.93273809523794,0.0,10716.766354285714,0.0
2025-08-17,0,84,14:00-14:10,1189.3725333333332,1293.559576190476,1.2096500000000001,1.2233343750000003,39.567254761904906,757.3504714285708,0.0,0.0,0.0,64.61978809523794,0.0,10774.924163571428,0.0
2025-08-17,0,85,14:10-14:20,1166.4723,1258.0651119047618,1.1870749999999999,1.1960892857142855,63.73077142857149,819.0820196428567,0.0,0.0,0.0,27.862040476190487,0.0,10800.0,0.0
2025-08-17,0,86,14:20-14:30,1154.1833333333334,1219.3249999999998,1.216575,1.2289348214285716,91.0191666666667,845.90691547619,0.0,0.0,0.0,0.0,25.877500000000282,10771.247222222222,0.0
2025-08-17,0,87,14:30-14:40,1181.2296,1184.1523904761902,1.310375,1.3306799107142862,93.0853166666667,837.3092220238094,0.0,0.0,0.0,0.0,90.16252619047646,10671.066637566137,0.0
2025-08-17,0,88,14:40-14:50,1169.21,1140.0037499999999,1.099625,1.1100776785714286,64.91905952380972,899.1659857142856,0.0,0.0,0.0,0.0,94.12530952380985,10566.482960317458,0.0
2025-08-17,0,89,14:50-15:00,1125.7733333333333,1081.4901785714283,0.7171749999999999,0.7083022321428568,91.41601190476189,967.463186309524,135.699166666667,135.699166666667,135.699166666667,0.0,0.0,10566.482960317458,0.0
2025-08-17,0,90,15:00-15:10,1143.5735333333332,1018.5380142857141,0.6938,0.6868683035714284,87.74977142857136,1007.5332904761907,472.2486679012367,472.2486679012367,472.2486679012367,259.46337742504613,0.0,10800.0,0.0
2025-08-17,0,91,15:10-15:20,1201.5195999999999,972.2996214285715,0.777125,0.7737477678571427,75.5224642857143,1057.9821761904768,304.7424428571426,304.7424428571426,304.7424428571426,0.0,0.0,10800.0,0.0
2025-08-17,0,92,15:20-15:30,1227.885,933.5785714285714,0.7808,0.7737223214285713,61.89470238095225,1076.503927976191,356.2011309523807,356.2011309523807,356.2011309523807,0.0,0.0,10800.0,0.0
2025-08-17,0,93,15:30-15:40,1179.5014833333332,874.7545190476189,0.779325,0.7726428571428572,78.27899523809526,1063.3348654761908,383.02595952380943,383.02595952380943,383.02595952380943,0.0,0.0,10800.0,0.0
2025-08-17,0,94,15:40-15:50,1201.7231333333334,824.9005214285713,0.813525,0.8087241071428573,77.1067071428572,1102.48067202381,453.9293190476193,453.9293190476193,453.9293190476193,0.0,0.0,10800.0,0.0
2025-08-17,0,95,15:50-16:00,1270.4216666666666,788.9928571428572,0.8623000000000001,0.8576343749999997,62.94946428571416,1190.8152928571437,544.3782738095235,544.3782738095235,544.3782738095235,0.0,-0.0,10800.0,0.0
2025-08-17,0,96,16:00-16:10,1216.4188,740.0452261904761,0.875975,0.8702986607142857,58.54359047619039,1315.1505607142863,534.9171642857141,534.9171642857141,534.9171642857141,0.0,-0.0,10800.0,0.0
2025-08-17,0,97,16:10-16:20,1153.1736333333333,677.9453976190475,0.8909999999999999,0.8864687500000002,68.65932380952393,1429.9353035714284,543.8875595238096,543.8875595238096,543.8875595238096,0.0,-0.0,10800.0,0.0
2025-08-17,0,98,16:20-16:30,1164.0033333333333,614.0964285714284,0.922725,0.9204968750000001,62.45999999999992,1463.0430755952384,612.3669047619047,612.3669047619047,612.3669047619047,0.0,-0.0,10800.0,0.0
2025-08-17,0,99,16:30-16:40,1216.8908,558.8478523809523,0.9500249999999999,0.9474058035714282,59.43301904761904,1546.0527297619055,717.4759666666667,717.4759666666667,717.4759666666667,0.0,-0.0,10800.0,0.0
2025-08-17,0,100,16:40-16:50,1234.9680833333332,501.58384761904756,0.9791749999999999,0.9775861607142857,71.24671190476201,1571.4263553571436,804.6309476190476,804.6309476190476,804.6309476190476,0.0,-0.0,10800.0,0.0
2025-08-17,0,101,16:50-17:00,1216.5966666666666,443.18125,1.009125,1.0106950892857145,62.538392857142725,1607.86650654762,835.9538095238094,835.9538095238094,835.9538095238094,0.0,0.0,10800.0,0.0
2025-08-17,0,102,17:00-17:10,1224.1778166666666,395.3553523809524,1.031875,1.0352276785714287,54.80979523809515,1653.834826785715,883.6322595238094,883.6322595238094,883.6322595238094,0.0,0.0,10800.0,0.0
2025-08-17,0,103,17:10-17:20,1236.7145999999998,346.5776309523809,1.0682,1.0732633928571433,42.002761904761826,1706.1105357142862,932.1397309523808,932.1397309523808,932.1397309523808,0.0,0.0,10800.0,0.0
2025-08-17,0,104,17:20-17:30,1249.5416666666665,291.39374999999995,1.1086999999999998,1.1146745535714282,56.66851190476177,1754.1945583333336,1014.8164285714283,1014.8164285714283,1014.8164285714283,0.0,0.0,10800.0,0.0
2025-08-17,0,105,17:30-17:40,1258.6021333333333,236.2174333333333,1.1307,1.1348593750000002,52.23540238095245,1755.7394065476194,1074.6201023809526,1074.6201023809526,1074.6201023809526,0.0,0.0,10800.0,0.0
2025-08-17,0,106,17:40-17:50,1121.2826833333334,186.4017571428571,1.203725,1.209551785714286,57.52838809523814,1741.6696720238097,992.4093142857143,992.4093142857143,992.4093142857143,0.0,-0.0,10800.0,0.0
2025-08-17,0,107,17:50-18:00,921.1766666666667,141.1125,1.313675,1.3236584821428574,35.84630952380962,1711.9224386904762,815.9104761904764,815.9104761904764,815.9104761904764,0.0,-0.0,10800.0,0.0
2025-08-17,0,108,18:00-18:10,904.7981166666666,95.29764047619047,1.366875,1.376571875,40.22032619047616,1617.216155952381,849.7208023809523,849.7208023809523,849.7208023809523,0.0,-0.0,10800.0,0.0
2025-08-17,0,109,18:10-18:20,932.2643666666665,50.45739761904762,1.379475,1.3902598214285715,62.010095238095346,1616.1235154761903,943.8170642857143,943.8170642857143,943.8170642857143,0.0,0.0,10800.0,0.0
2025-08-17,0,110,18:20-18:30,922.9933333333333,15.831249999999999,1.3766499999999997,1.3879499999999998,58.76130952380936,1693.8602500000002,965.9233928571427,965.9233928571427,965.9233928571427,0.0,0.0,10800.0,0.0
2025-08-17,0,111,18:30-18:40,933.7136333333333,1.8328166666666665,1.384,1.3896624999999998,42.86299523809521,1683.1606964285716,974.7438119047619,974.7438119047619,974.7438119047619,0.0,0.0,10800.0,0.0
2025-08-17,0,112,18:40-18:50,937.3513333333333,0.04607857142857143,1.499975,1.516303571428572,43.7426857142857,1615.6541910714286,981.0479404761904,981.0479404761904,981.0479404761904,0.0,-0.0,10800.0,0.0
2025-08-17,0,113,18:50-19:00,930.5033333333333,0.0,1.6525,1.6895522321428573,66.96982142857132,1666.8442589285714,164.1398214285714,164.1398214285714,164.1398214285714,0.0,833.3333333333333,9874.074074074075,0.0
2025-08-17,0,114,19:00-19:10,942.2716999999999,0.09674523809523808,1.6594,1.6968294642857145,37.59301666666647,1676.7473392857141,146.43463809523791,146.43463809523791,146.43463809523791,0.0,833.3333333333333,8948.14814814815,0.0
2025-08-17,0,115,19:10-19:20,947.7770166666666,0.0033071428571428566,1.6469500000000001,1.680119642857143,43.85833571428566,1606.483444047619,238.3439386904746,238.3439386904746,238.3439386904746,0.0,753.2881065476205,8111.161363095238,0.0
2025-08-17,0,116,19:20-19:30,941.4066666666665,0.0,1.670725,1.7064410714285712,53.0,1648.568364285714,161.07333333333327,161.07333333333327,161.07333333333327,0.0,833.3333333333333,7185.235437169312,0.0
2025-08-17,0,117,19:30-19:40,943.2716833333334,0.006947619047619047,1.6607500000000002,1.7006589285714286,41.065283333333355,1692.037114285714,150.99668571428583,150.99668571428583,150.99668571428583,0.0,833.3333333333333,6259.309511243386,0.0
2025-08-17,0,118,19:40-19:50,944.0401666666667,0.0002380952380952381,1.64245,1.6816486607142855,32.896402380952395,1689.745247619047,143.60299761904776,143.60299761904776,143.60299761904776,0.0,833.3333333333333,5333.38358531746,0.0
2025-08-17,0,119,19:50-20:00,943.7016666666666,0.0,1.639875,1.6762040178571422,66.09833333333336,1634.7935339285712,1009.8,1009.8,1009.8,0.0,0.0,5333.38358531746,0.0
2025-08-17,0,120,20:00-20:10,953.4334666666666,0.0004976190476190475,1.645925,1.6851593749999998,41.67605000000003,1586.500964880952,161.77568571428583,161.77568571428583,161.77568571428583,0.0,833.3333333333333,4407.4576593915335,0.0
2025-08-17,0,121,20:10-20:20,961.8600333333334,0.0,1.638875,1.6783919642857132,32.71219999999994,1528.198702380952,994.5722333333333,994.5722333333333,994.5722333333333,0.0,0.0,4407.4576593915335,0.0
2025-08-17,0,122,20:20-20:30,971.9583333333333,0.0,1.655675,1.6940415178571422,32.549999999999955,1449.1424642857137,171.17499999999995,171.17499999999995,171.17499999999995,0.0,833.3333333333333,3481.5317334656074,0.0
2025-08-17,0,123,20:30-20:40,993.5384833333333,0.0,1.708275,1.7511767857142857,48.28995000000009,1330.6778809523803,208.4951000000001,208.4951000000001,208.4951000000001,0.0,833.3333333333333,2555.605807539682,0.0
2025-08-17,0,124,20:40-20:50,985.6152999999999,0.0,1.481775,1.5124437500000005,37.984983333333275,1220.0452267857136,939.9595940476191,939.9595940476191,939.9595940476191,0.0,83.64068928571405,2462.671708333333,0.0
2025-08-17,0,125,20:50-21:00,953.0783333333334,0.0,1.1035000000000001,1.1125870535714293,43.280000000000086,1136.4045374999996,996.3583333333335,996.3583333333335,996.3583333333335,0.0,0.0,2462.671708333333,0.0
2025-08-17,0,126,21:00-21:10,942.7142,0.0,1.046775,1.0563790178571428,66.32439999999997,1088.997454166666,1009.0386,1009.0386,1009.0386,0.0,0.0,2462.671708333333,0.0
2025-08-17,0,127,21:10-21:20,935.7140666666666,0.0,1.082775,1.0939830357142855,55.18626666666671,1052.0967041666665,990.9003333333333,990.9003333333333,990.9003333333333,0.0,0.0,2462.671708333333,0.0
2025-08-17,0,128,21:20-21:30,941.6533333333333,0.0,1.094275,1.0999357142857147,48.171666666666624,1022.5565791666666,989.8249999999999,989.8249999999999,989.8249999999999,0.0,0.0,2462.671708333333,0.0
2025-08-17,0,129,21:30-21:40,971.1684499999999,0.0,1.150725,1.1567584821428574,36.719749999999976,975.8465791666665,729.9941500000001,729.9941500000001,729.9941500000001,0.0,277.89404999999977,2153.9005416666664,0.0
2025-08-17,0,130,21:40-21:50,869.7433666666667,0.0,0.9233250000000001,0.9295008928571428,32.0923499999999,858.5104874999998,812.7408208333334,812.7408208333334,812.7408208333334,0.0,89.0948958333332,2054.906212962963,0.0
2025-08-17,0,131,21:50-22:00,721.3466666666666,0.0,0.5397250000000001,0.5449941964285715,75.5233333333332,769.4155916666664,1013.6408744855967,1013.6408744855967,1013.6408744855967,216.77087448559683,0.0,2250.0,0.0
2025-08-17,0,132,22:00-22:10,775.2178666666666,0.0,0.499825,0.5092066964285714,48.75383333333332,799.6660083333328,1657.305033333333,1657.305033333333,1657.305033333333,833.3333333333333,0.0,3000.0,0.0
2025-08-17,0,133,22:10-22:20,830.0278333333333,0.0,0.564975,0.5757174107142856,45.86505,736.6152249999996,875.8928833333333,875.8928833333333,875.8928833333333,0.0,0.0,3000.0,0.0
2025-08-17,0,134,22:20-22:30,783.3866666666665,0.0,0.565225,0.5728633928571426,61.058333333333394,632.9002583333331,844.4449999999999,844.4449999999999,844.4449999999999,0.0,0.0,3000.0,0.0
2025-08-17,0,135,22:30-22:40,739.3716666666666,0.0,0.567275,0.5735200892857143,52.64501666666672,555.252033333333,792.0166833333333,792.0166833333333,792.0166833333333,0.0,0.0,3000.0,0.0
2025-08-17,0,136,22:40-22:50,764.4162666666666,0.0,0.5475,0.5533026785714285,42.5309666666667,490.1805499999996,806.9472333333333,806.9472333333333,806.9472333333333,0.0,0.0,3000.0,0.0
2025-08-17,0,137,22:50-23:00,802.4549999999999,0.0,0.511525,0.5168946428571429,60.875,413.34451249999984,1696.6633333333332,1696.6633333333332,1696.6633333333332,833.3333333333333,0.0,3750.0,0.0
2025-08-17,0,138,23:00-23:10,747.16455,0.0,0.5078,0.5133058035714286,36.30600000000004,384.74195416666623,1616.8038833333333,1616.8038833333333,1616.8038833333333,833.3333333333333,0.0,4500.0,0.0
2025-08-17,0,139,23:10-23:20,727.0349333333334,0.0,0.538475,0.5445593750000001,50.87993333333338,321.4884541666666,1611.2482,1611.2482,1611.2482,833.3333333333333,0.0,5250.0,0.0
2025-08-17,0,140,23:20-23:30,769.6016666666666,0.0,0.5687,0.5758620535714283,41.26166666666677,256.63914999999986,810.8633333333333,810.8633333333333,810.8633333333333,0.0,0.0,5250.0,0.0
2025-08-17,0,141,23:30-23:40,774.2947333333333,0.0,0.55805,0.5665763392857143,46.244266666666704,207.33392499999988,820.539,820.539,820.539,0.0,0.0,5250.0,0.0
2025-08-17,0,142,23:40-23:50,769.4063666666666,0.0,0.5413,0.5489294642857144,52.07420000000002,118.66579999999999,821.4805666666666,821.4805666666666,821.4805666666666,0.0,0.0,5250.0,0.0
2025-08-17,0,143,23:50-24:00,766.8399999999999,0.0,0.5371250000000001,0.5427049107142857,49.53166666666675,69.82624999999987,1649.705,1649.705,1649.705,833.3333333333333,0.0,6000.0,0.0
2025-08-18,0,0,0:00-0:10,746.9073833333333,0.0,0.5345,0.5395486607142855,49.59293333333335,1507.6809630952382,796.5003166666667,796.5003166666667,796.5003166666667,0.0,0.0,7340.0702563624345,0.0
2025-08-18,0,1,0:10-0:20,761.1471499999999,0.0,0.544625,0.5512566964285718,35.60131666666666,1528.4065214285722,796.7484666666666,796.7484666666666,796.7484666666666,0.0,0.0,7340.0702563624345,0.0
2025-08-18,0,2,0:20-0:30,790.85,0.0,0.5545,0.5630102678571428,50.613333333333344,1506.0437839285719,841.4633333333334,841.4633333333334,841.4633333333334,0.0,0.0,7340.0702563624345,0.0
2025-08-18,0,3,0:30-0:40,763.6550833333333,0.0,0.5358499999999999,0.5458638392857142,32.10966666666661,1480.0479505952385,795.7647499999999,795.7647499999999,795.7647499999999,0.0,0.0,7340.0702563624345,0.0
2025-08-18,0,4,0:40-0:50,744.3014499999999,0.0,0.519,0.5288772321428572,58.26478333333341,1440.638136904763,802.5662333333333,802.5662333333333,802.5662333333333,0.0,0.0,7340.0702563624345,0.0
2025-08-18,0,5,0:50-1:00,770.7466666666666,0.0,0.51855,0.5262691964285713,83.18499999999995,1463.9880636904775,853.9316666666665,853.9316666666665,853.9316666666665,0.0,0.0,7340.0702563624345,0.0
2025-08-18,0,6,1:00-1:10,805.4912333333333,0.0,0.5177,0.5219464285714286,71.01266666666663,1513.5154309523823,876.5038999999999,876.5038999999999,876.5038999999999,0.0,0.0,7340.0702563624345,0.0
2025-08-18,0,7,1:10-1:20,763.6389333333333,0.0,0.49862500000000004,0.49876785714285715,50.436783333333324,1422.3551952380956,814.0757166666666,814.0757166666666,814.0757166666666,0.0,0.0,7340.0702563624345,0.0
2025-08-18,0,8,1:20-1:30,692.7083333333333,0.0,0.48255000000000003,0.4814084821428573,64.71333333333325,1363.0544809523817,1268.4547151528504,1268.4547151528504,1268.4547151528504,511.0330484861839,0.0,7800.0,0.0
2025-08-18,0,9,1:30-1:40,721.4914333333332,0.0,0.50835,0.51176875,49.01044999999988,1380.6555523809525,770.5018833333331,770.5018833333331,770.5018833333331,0.0,0.0,7800.0,0.0
2025-08-18,0,10,1:40-1:50,735.2689333333333,0.0,0.5311,0.5357718750000001,47.14298333333329,1320.6010761904763,782.4119166666666,782.4119166666666,782.4119166666666,0.0,0.0,7800.0,0.0
2025-08-18,0,11,1:50-2:00,687.0866666666667,0.0,0.5280750000000001,0.5305491071428573,49.526666666666756,1253.771414285714,736.6133333333335,736.6133333333335,736.6133333333335,0.0,0.0,7800.0,0.0
2025-08-18,0,12,2:00-2:10,652.1113166666667,0.0,0.5187,0.5236558035714287,69.88016666666658,1216.013825,721.9914833333332,721.9914833333332,721.9914833333332,0.0,0.0,7800.0,0.0
2025-08-18,0,13,2:10-2:20,670.1011,0.0,0.5156499999999999,0.5209058035714285,66.30595000000005,1181.6863755952377,736.40705,736.40705,736.40705,0.0,0.0,7800.0,0.0
2025-08-18,0,14,2:20-2:30,702.0766666666666,0.0,0.511925,0.5150589285714284,59.12166666666667,1160.286723809524,761.1983333333333,761.1983333333333,761.1983333333333,0.0,0.0,7800.0,0.0
2025-08-18,0,15,2:30-2:40,676.9632666666666,0.0,0.49267500000000003,0.4980848214285714,39.3526833333334,1124.8845880952383,716.31595,716.31595,716.31595,0.0,0.0,7800.0,0.0
2025-08-18,0,16,2:40-2:50,665.50225,0.0,0.48229999999999995,0.4880401785714285,43.98503333333326,1013.0615910714293,709.4872833333333,709.4872833333333,709.4872833333333,0.0,0.0,7800.0,0.0
2025-08-18,0,17,2:50-3:00,692.2866666666666,0.0,0.486,0.4892218750000001,61.25,960.9731327380958,753.5366666666666,753.5366666666666,753.5366666666666,0.0,0.0,7800.0,0.0
2025-08-18,0,18,3:00-3:10,710.3879833333333,0.0,0.487,0.4904361607142856,48.772433333333424,921.2563839285721,759.1604166666667,759.1604166666667,759.1604166666667,0.0,0.0,7800.0,0.0
2025-08-18,0,19,3:10-3:20,715.9187333333332,0.0,0.49732499999999996,0.500175892857143,52.90559285714278,852.5020333333341,768.824326190476,768.824326190476,768.824326190476,0.0,0.0,7800.0,0.0
2025-08-18,0,20,3:20-3:30,710.0333333333333,0.0,0.5089,0.5097928571428569,49.31999999999982,811.2135720238102,759.3533333333331,759.3533333333331,759.3533333333331,0.0,0.0,7800.0,0.0
2025-08-18,0,21,3:30-3:40,689.2069166666666,0.0,0.49587499999999995,0.4969473214285714,49.18221666666659,783.2127386904766,738.3891333333332,738.3891333333332,738.3891333333332,0.0,0.0,7800.0,0.0
2025-08-18,0,22,3:40-3:50,658.4111666666666,0.00036190476190476185,0.4727,0.4746205357142857,51.42855476190476,712.493267261905,1543.172692857143,1543.172692857143,1543.172692857143,833.3333333333333,0.0,8550.0,0.0
2025-08-18,0,23,3:50-4:00,641.2016666666666,0.0,0.463325,0.46604419642857103,66.88833333333332,611.8211178571426,1541.4233333333332,1541.4233333333332,1541.4233333333332,833.3333333333333,0.0,9300.0,0.0
2025-08-18,0,24,4:00-4:10,663.7662666666666,0.0004285714285714286,0.480575,0.48493080357142865,41.65788571428561,550.6321136904764,705.4237238095237,705.4237238095237,705.4237238095237,0.0,0.0,9300.0,0.0
2025-08-18,0,25,4:10-4:20,697.6627333333332,0.005176190476190476,0.49625,0.5023714285714286,53.74806666666666,479.32539583333335,751.4056238095237,751.4056238095237,751.4056238095237,0.0,0.0,9300.0,0.0
2025-08-18,0,26,4:20-4:30,709.4633333333333,0.0,0.49944999999999995,0.5059433035714285,70.51666666666665,434.31157916666666,779.9799999999999,779.9799999999999,779.9799999999999,0.0,0.0,9300.0,0.0
2025-08-18,0,27,4:30-4:40,686.63005,0.0059547619047619045,0.5003,0.5049883928571429,60.30578333333335,407.4006327380951,746.9298785714286,746.9298785714286,746.9298785714286,0.0,0.0,9300.0,0.0
2025-08-18,0,28,4:40-4:50,663.0979333333332,0.07208095238095237,0.485175,0.48959732142857143,46.62291904761901,364.7637077380948,709.6487714285713,709.6487714285713,709.6487714285713,0.0,0.0,9300.0,0.0
2025-08-18,0,29,4:50-5:00,646.1616666666666,0.0,0.46765,0.473446875,62.063333333333276,365.0056821428569,1541.5583333333332,1541.5583333333332,1541.5583333333332,833.3333333333333,0.0,10050.0,0.0
2025-08-18,0,30,5:00-5:10,622.1904166666666,0.08296904761904761,0.4821,0.487867857142857,52.10881666666671,341.7836874999995,674.2162642857143,674.2162642857143,674.2162642857143,0.0,0.0,10050.0,0.0
2025-08-18,0,31,5:10-5:20,641.8094666666666,1.4581738095238095,0.50905,0.5162933035714286,44.217728571428665,361.0769541666674,684.5690214285714,684.5690214285714,684.5690214285714,0.0,0.0,10050.0,0.0
2025-08-18,0,32,5:20-5:30,665.4966666666667,14.366071428571427,0.47912499999999997,0.4871303571428571,41.11279761904768,371.33428571428544,692.2433928571429,692.2433928571429,692.2433928571429,0.0,0.0,10050.0,0.0
2025-08-18,0,33,5:30-5:40,614.6513666666666,48.77187142857142,0.38222500000000004,0.38577812500000014,42.91277619047622,329.80022321428555,1442.1256047619045,1442.1256047619045,1442.1256047619045,833.3333333333333,0.0,10800.0,0.0
2025-08-18,0,34,5:40-5:50,669.4672333333333,90.60365238095235,0.566575,0.5725924107142858,44.189959523809534,287.5831428571429,623.0535404761905,623.0535404761905,623.0535404761905,0.0,0.0,10800.0,0.0
2025-08-18,0,35,5:50-6:00,816.3033333333333,133.07321428571427,0.9121250000000001,0.9237200892857144,46.44345238095252,241.7310791666667,0.0,0.0,0.0,0.0,729.6735714285716,9989.251587301587,0.0
2025-08-18,0,36,6:00-6:10,846.0697666666666,180.7807023809524,0.9298749999999999,0.9341125,38.07712380952387,219.26821726190477,0.0,0.0,0.0,0.0,703.3661880952382,9207.7336005291,0.0
2025-08-18,0,37,6:10-6:20,806.1404333333332,231.0918523809524,0.8736750000000001,0.8727089285714286,33.07534999999996,204.1575142857144,0.0,0.0,0.0,0.0,608.1239309523808,8532.040343915343,0.0
2025-08-18,0,38,6:20-6:30,798.1316666666667,279.8482142857143,0.887875,0.8902053571428572,55.39869047619038,224.68858630952366,0.0,0.0,0.0,0.0,573.6821428571427,7894.61574074074,0.0
2025-08-18,0,39,6:30-6:40,863.9519833333334,326.0745285714286,0.857125,0.8622986607142854,49.96669999999983,276.24412202380927,0.0,0.0,0.0,0.0,587.8441547619046,7241.455568783068,0.0
2025-08-18,0,40,6:40-6:50,865.5783666666666,379.27818571428566,0.828875,0.8332473214285717,51.98639761904764,347.00071011904726,0.0,0.0,0.0,0.0,538.2865785714287,6643.359370370369,0.0
2025-08-18,0,41,6:50-7:00,801.905,439.4758928571428,0.8174000000000001,0.819073660714286,52.93553571428572,401.8454809523811,0.0,0.0,0.0,0.0,415.3646428571429,6181.8431005290995,0.0
2025-08-18,0,42,7:00-7:10,810.0951666666666,497.33327142857144,0.78015,0.7808348214285713,47.0666190476191,417.339942857143,0.0,0.0,0.0,0.0,359.82851428571433,5782.033640211639,0.0
2025-08-18,0,43,7:10-7:20,854.1125833333333,554.2830261904762,0.753675,0.7533218749999999,52.007376190476066,470.0725624999998,0.0,0.0,0.0,0.0,351.83693333333315,5391.103714285713,0.0
2025-08-18,0,44,7:20-7:30,870.03,608.7785714285714,0.718275,0.7163946428571427,59.15535714285704,507.29995714285667,0.0,0.0,0.0,0.0,320.40678571428566,5035.0961746031735,0.0
2025-08-18,0,45,7:30-7:40,855.1113166666667,657.1877238095238,0.656375,0.6535848214285715,69.82675476190468,556.5726654761896,116.24205595238033,116.24205595238033,116.24205595238033,0.0,151.50829166666716,4866.753628306877,0.0
2025-08-18,0,46,7:40-7:50,969.5990166666667,710.1609857142855,0.8454499999999999,0.8393066964285713,50.681826190476215,635.4609494047612,0.0,0.0,0.0,0.0,310.1198571428574,4522.176009259258,0.0
2025-08-18,0,47,7:50-8:00,1137.62,768.5285714285712,1.1599249999999999,1.1501714285714282,43.146250000000094,647.6559035714283,0.0,0.0,0.0,0.0,412.23767857142866,4064.1341441798922,0.0
2025-08-18,0,48,8:00-8:10,1115.9668166666665,824.5582428571429,1.1677,1.1596285714285715,50.59351190476201,693.4181059523808,0.0,0.0,0.0,0.0,342.0020857142856,3684.1318267195747,0.0
2025-08-18,0,49,8:10-8:20,1089.6879833333332,888.9503285714286,1.107975,1.1008008928571429,59.84654523809513,680.0600178571426,0.0,0.0,0.0,0.0,260.5841999999998,3394.593826719575,0.0
2025-08-18,0,50,8:20-8:30,1147.3033333333333,951.3062500000001,1.119425,1.1103875000000003,76.58232142857133,638.9123404761895,0.0,0.0,0.0,0.0,272.57940476190447,3091.72782142857,0.0
2025-08-18,0,51,8:30-8:40,1189.2981499999999,986.3378404761904,1.0991499999999998,1.0893446428571427,56.728957142857155,680.6771261904757,0.0,0.0,0.0,0.0,259.6892666666665,2803.184191798941,0.0
2025-08-18,0,52,8:40-8:50,1191.0658333333333,1012.2549547619044,1.0708250000000001,1.0605491071428568,70.61653333333331,693.9971434523808,0.0,0.0,0.0,0.0,249.42741190476227,2526.042623015872,0.0
2025-08-18,0,53,8:50-9:00,1160.6916666666666,1050.160714285714,1.05275,1.0400223214285715,94.84428571428577,720.9932452380949,0.0,0.0,0.0,0.0,205.3752380952385,2297.8479140211625,0.0
2025-08-18,0,54,9:00-9:10,1126.1515833333333,1105.964838095238,1.0299,1.0121937499999998,71.38490714285717,773.8020892857132,0.0,0.0,0.0,0.0,91.5716523809524,2196.101633597882,0.0
2025-08-18,0,55,9:10-9:20,1143.58475,1158.4455357142856,1.01495,0.9965250000000001,56.164771428571385,791.318249404761,0.0,0.0,0.0,0.0,41.30398571428577,2150.2083161375645,0.0
2025-08-18,0,56,9:20-9:30,1170.8633333333332,1192.8982142857142,0.994525,0.9775263392857142,67.56940476190465,794.415356547618,0.0,0.0,0.0,0.0,45.53452380952376,2099.614400793649,0.0
2025-08-18,0,57,9:30-9:40,1115.2783333333332,1211.4917523809524,0.956075,0.9368223214285712,74.4899000000001,809.6529607142844,0.0,0.0,0.0,21.72351904761922,0.0,2119.1655679365062,0.0
2025-08-18,0,58,9:40-9:50,1095.8442499999999,1230.6123595238096,1.01465,1.0102808035714286,82.54207142857179,817.2400095238082,0.0,0.0,0.0,52.22603809523798,0.0,2166.1690022222206,0.0
2025-08-18,0,59,9:50-10:00,1133.9516666666666,1260.054464285714,1.1393,1.1572580357142856,76.86619047619054,782.8086577380943,0.0,0.0,0.0,49.23660714285688,0.0,2210.4819486507918,0.0
2025-08-18,0,60,10:00-10:10,1130.9253333333331,1299.2654523809522,1.168,1.182851339285714,65.16562380952382,693.8637023809515,0.0,0.0,0.0,103.17449523809523,0.0,2303.3389943650773,0.0
2025-08-18,0,61,10:10-10:20,1113.3808999999999,1346.0340166666665,1.1306,1.1393339285714288,77.93533571428577,756.800634523809,0.0,0.0,0.0,154.71778095238096,0.0,2442.58499722222,0.0
2025-08-18,0,62,10:20-10:30,1111.6149999999998,1391.601785714286,1.117075,1.1298482142857142,85.67422619047613,863.2793011904756,0.0,0.0,0.0,194.31255952381025,0.0,2617.466300793649,0.0
2025-08-18,0,63,10:30-10:40,1120.7457833333333,1424.0663166666666,1.142075,1.1576424107142855,86.44038095238125,898.1120077380945,0.0,0.0,0.0,216.88015238095204,0.0,2812.658437936506,0.0
2025-08-18,0,64,10:40-10:50,1114.4854,1443.9650952380953,0.90025,0.9030049107142856,91.20176666666666,777.7542940476187,0.0,0.0,0.0,238.27792857142867,0.0,3027.1085736507916,0.0
2025-08-18,0,65,10:50-11:00,1108.6566666666665,1456.0866071428572,0.52825,0.5103330357142856,108.39690476190496,599.8001464285711,0.0,0.0,0.0,239.0330357142857,0.0,3242.2383057936486,0.0
2025-08-18,0,66,11:00-11:10,1143.1187666666665,1465.2155666666667,0.498575,0.4750049107142858,106.90294285714262,548.4941363095238,618.1394761904755,618.1394761904755,618.1394761904755,833.3333333333333,0.0,3992.2383057936486,0.0
2025-08-18,0,67,11:10-11:20,1167.5123666666666,1472.481026190476,0.551925,0.5306848214285714,113.99653333333322,610.0671749999996,0.0,0.0,0.0,190.97212619047627,0.0,4164.113219365077,0.0
2025-08-18,0,68,11:20-11:30,1158.3666666666666,1492.8482142857142,0.5212,0.49992410714285723,88.94125000000001,686.7184380952378,0.0,0.0,0.0,245.54029761904758,0.0,4385.09948722222,0.0
2025-08-18,0,69,11:30-11:40,1141.2261833333332,1536.1320071428572,0.4979,0.4716665178571428,87.68781904761909,672.3935142857144,526.1153285714283,526.1153285714283,526.1153285714283,833.3333333333333,0.0,5135.09948722222,0.0
2025-08-18,0,70,11:40-11:50,1136.2354833333334,1536.7220238095238,0.485525,0.4598674107142856,101.12643095238067,679.1620666666672,533.9732238095235,533.9732238095235,533.9732238095235,833.3333333333333,0.0,5885.09948722222,0.0
2025-08-18,0,71,11:50-12:00,1124.8649999999998,1506.080357142857,0.48405,0.4616508928571429,105.5095238095239,666.968994642857,557.6274999999998,557.6274999999998,557.6274999999998,833.3333333333333,0.0,6635.09948722222,0.0
2025-08-18,0,72,12:00-12:10,1078.8383333333331,1518.7160595238095,0.50475,0.476426785714286,116.94908571428584,615.0143488095234,510.4046928571429,510.4046928571429,510.4046928571429,833.3333333333333,0.0,7385.09948722222,0.0
2025-08-18,0,73,12:10-12:20,1072.9368333333332,1519.868135714286,0.5190250000000001,0.4924656249999999,101.52983095238096,567.9397142857139,126.10675070547074,126.10675070547074,126.10675070547074,471.5082221340425,0.0,7809.456887142858,0.0
2025-08-18,0,74,12:20-12:30,1093.105,1487.5151785714284,0.493475,0.47540401785714287,110.99892857142856,472.4898577380949,549.9220833333336,549.9220833333336,549.9220833333336,833.3333333333333,0.0,8559.456887142858,0.0
2025-08-18,0,75,12:30-12:40,1061.0829833333332,1455.7311404761904,0.45535000000000003,0.4343357142857144,122.22918809523807,449.2013916666657,560.9143642857141,560.9143642857141,560.9143642857141,833.3333333333333,0.0,9309.456887142858,0.0
2025-08-18,0,76,12:40-12:50,1093.6965833333334,1419.9363547619046,0.63445,0.612042857142857,98.0322761904763,493.44641488095243,0.0,0.0,0.0,228.2074952380949,0.0,9514.843632857144,0.0
2025-08-18,0,77,12:50-13:00,1173.1133333333332,1397.3991071428572,0.9138250000000001,0.8955017857142861,85.72857142857137,444.4009190476186,0.0,0.0,0.0,138.55720238095273,0.0,9639.545115,0.0
2025-08-18,0,78,13:00-13:10,1153.4066666666665,1417.4072642857145,0.9292,0.9100584821428571,87.86341428571416,504.49448571428536,0.0,0.0,0.0,176.13718333333372,0.0,9798.068580000001,0.0
2025-08-18,0,79,13:10-13:20,1112.0953333333332,1430.6451238095242,0.904775,0.8808955357142857,86.93218095238096,464.3680845238089,0.0,0.0,0.0,231.61760952380996,0.0,10006.52442857143,0.0
2025-08-18,0,80,13:20-13:30,1117.42,1419.4250000000002,0.927575,0.8979955357142856,59.8795833333333,590.8392083333337,0.0,0.0,0.0,242.12541666666675,0.0,10224.43730357143,0.0
2025-08-18,0,81,13:30-13:40,1156.7181999999998,1408.4004285714284,0.878725,0.8473120535714286,86.90680714285706,677.6754708333326,0.0,0.0,0.0,164.77542142857146,0.0,10372.735182857145,0.0
2025-08-18,0,82,13:40-13:50,1165.90295,1385.862626190476,0.9571749999999999,0.942826339285714,70.70261666666693,713.1438077380944,0.0,0.0,0.0,149.25705952380918,0.0,10507.066536428572,0.0
2025-08-18,0,83,13:50-14:00,1148.6633333333332,1348.7705357142856,1.14565,1.1548723214285714,84.21785714285716,711.3451410714282,0.0,0.0,0.0,115.8893452380953,0.0,10611.366947142858,0.0
2025-08-18,0,84,14:00-14:10,1160.1268666666665,1310.2366452380952,1.20175,1.2111776785714288,37.75495000000001,773.868995238095,0.0,0.0,0.0,112.3548285714287,0.0,10712.486292857144,0.0
2025-08-18,0,85,14:10-14:20,1145.98945,1274.5499380952378,1.178125,1.1835375,57.21297619047618,833.788238690476,0.0,0.0,0.0,71.34751190476163,0.0,10776.699053571429,0.0
2025-08-18,0,86,14:20-14:30,1123.6149999999998,1240.524107142857,1.206725,1.2172669642857146,91.0191666666667,854.095339285714,0.0,0.0,0.0,25.88994047619053,0.0,10800.0,0.0
2025-08-18,0,87,14:30-14:40,1170.13725,1202.5360333333333,1.31355,1.3303236607142863,93.0853166666667,844.8876458333332,0.0,0.0,0.0,0.0,60.6865333333335,10732.570518518518,0.0
2025-08-18,0,88,14:40-14:50,1205.9233833333333,1150.027430952381,1.11815,1.1235276785714283,59.59528333333333,900.1622904761905,0.0,0.0,0.0,0.0,115.4912357142855,10604.246923280423,0.0
2025-08-18,0,89,14:50-15:00,1196.8133333333333,1083.5214285714285,0.744675,0.731714732142857,85.75732142857146,963.1357148809523,199.04922619047625,199.04922619047625,199.04922619047625,0.0,0.0,10604.246923280423,0.0
2025-08-18,0,90,15:00-15:10,1187.2364499999999,1017.8474738095235,0.72445,0.7156183035714286,87.74977142857136,997.5471285714286,474.6421661963552,474.6421661963552,474.6421661963552,217.50341857730746,0.0,10800.0,0.0
2025-08-18,0,91,15:10-15:20,1192.2736333333332,974.3543285714284,0.8046,0.8004227678571427,75.5224642857143,1047.9960142857149,293.4417690476191,293.4417690476191,293.4417690476191,0.0,0.0,10800.0,0.0
2025-08-18,0,92,15:20-15:30,1203.7733333333333,939.9401785714286,0.813625,0.8057892857142857,61.89470238095225,1064.3427303571434,325.7278571428568,325.7278571428568,325.7278571428568,0.0,0.0,10800.0,0.0
2025-08-18,0,93,15:30-15:40,1204.0457666666666,881.8491285714285,0.837075,0.8303843749999995,78.27899523809526,1050.253655952381,400.47563333333346,400.47563333333346,400.47563333333346,0.0,0.0,10800.0,0.0
2025-08-18,0,94,15:40-15:50,1196.9432833333333,830.6752952380953,0.85565,0.8510464285714285,77.1067071428572,1088.4772744047623,443.3746952380952,443.3746952380952,443.3746952380952,0.0,0.0,10800.0,0.0
2025-08-18,0,95,15:50-16:00,1189.2183333333332,791.9464285714286,0.878125,0.8733138392857143,62.94946428571416,1176.811895238096,460.22136904761885,460.22136904761885,460.22136904761885,0.0,0.0,10800.0,0.0
2025-08-18,0,96,16:00-16:10,1185.1271833333333,738.4157523809523,0.940625,0.9352308035714286,58.54359047619039,1301.1471630952385,505.25502142857147,505.25502142857147,505.25502142857147,0.0,-0.0,10800.0,0.0
2025-08-18,0,97,16:10-16:20,1189.3329999999999,676.7095333333333,0.9650249999999999,0.9605638392857141,71.45336666666674,1415.9319059523807,584.0768333333334,584.0768333333334,584.0768333333334,0.0,-0.0,10800.0,0.0
2025-08-18,0,98,16:20-16:30,1201.905,617.26875,0.9447,0.9420683035714287,62.45999999999992,1451.8337208333337,647.0962499999998,647.0962499999998,647.0962499999998,0.0,0.0,10800.0,0.0
2025-08-18,0,99,16:30-16:40,1213.7844666666665,562.4639642857142,0.953275,0.9512535714285714,59.43301904761904,1534.8433750000008,710.7535214285713,710.7535214285713,710.7535214285713,0.0,0.0,10800.0,0.0
2025-08-18,0,100,16:40-16:50,1200.5154666666667,503.44962857142855,0.9826750000000001,0.9815781250000003,71.24671190476201,1560.217000595239,768.3125500000001,768.3125500000001,768.3125500000001,0.0,-0.0,10800.0,0.0
2025-08-18,0,101,16:50-17:00,1184.245,443.10267857142856,1.0187750000000002,1.0197129464285717,62.538392857142725,1597.3350232142866,803.6807142857141,803.6807142857141,803.6807142857141,0.0,-0.0,10800.0,0.0
2025-08-18,0,102,17:00-17:10,1207.5697166666666,393.3580738095237,1.059475,1.0626254464285714,54.80979523809515,1643.3033434523816,869.0214380952381,869.0214380952381,869.0214380952381,-0.0,0.0,10800.0,0.0
2025-08-18,0,103,17:10-17:20,1198.9049333333332,344.84403809523803,1.08935,1.0937441964285715,42.002761904761826,1695.5790523809524,896.0636571428571,896.0636571428571,896.0636571428571,0.0,0.0,10800.0,0.0
2025-08-18,0,104,17:20-17:30,1185.4466666666667,290.49821428571425,1.1058,1.1099517857142858,56.66851190476177,1743.663075,951.6169642857142,951.6169642857142,951.6169642857142,-0.0,0.0,10800.0,0.0
2025-08-18,0,105,17:30-17:40,1243.99445,232.92440714285715,1.13495,1.1382812500000001,52.23540238095245,1745.2079232142855,1063.3054452380952,1063.3054452380952,1063.3054452380952,0.0,0.0,10800.0,0.0
2025-08-18,0,106,17:40-17:50,1152.9329166666666,181.73603571428572,1.24465,1.2504508928571434,57.52838809523814,1731.138188690476,1028.7252690476191,1028.7252690476191,1028.7252690476191,0.0,0.0,10800.0,0.0
2025-08-18,0,107,17:50-18:00,948.8566666666667,137.42142857142858,1.364525,1.3741937499999999,35.84630952380962,1701.3909553571425,847.2815476190477,847.2815476190477,847.2815476190477,0.0,-0.0,10800.0,0.0
2025-08-18,0,108,18:00-18:10,911.4991333333334,92.02536666666666,1.3489999999999998,1.3585999999999996,40.22032619047616,1606.684672619048,859.6940928571429,859.6940928571429,859.6940928571429,0.0,0.0,10800.0,0.0
2025-08-18,0,109,18:10-18:20,958.3315833333332,47.25026190476191,1.3379500000000002,1.3497196428571427,62.010095238095346,1605.5920321428566,973.0914166666666,973.0914166666666,973.0914166666666,0.0,0.0,10800.0,0.0
2025-08-18,0,110,18:20-18:30,959.425,13.348214285714285,1.365875,1.3788892857142863,59.3713095238096,1683.3287666666665,1005.4480952380952,1005.4480952380952,1005.4480952380952,0.0,0.0,10800.0,0.0
2025-08-18,0,111,18:30-18:40,882.8143,1.2531857142857141,1.3527250000000002,1.3589857142857145,49.445114285714226,1669.2425464285711,931.0062285714286,931.0062285714286,931.0062285714286,-0.0,0.0,10800.0,0.0
2025-08-18,0,112,18:40-18:50,891.0825,0.10791904761904764,1.462375,1.4785107142857146,43.7426857142857,1608.3181601190477,934.7172666666667,934.7172666666667,934.7172666666667,0.0,0.0,10800.0,0.0
2025-08-18,0,113,18:50-19:00,968.4466666666667,0.0,1.646125,1.683298660714286,66.96982142857132,1659.5082279761905,202.08315476190478,202.08315476190478,202.08315476190478,0.0,833.3333333333333,9874.074074074075,0.0
2025-08-18,0,114,19:00-19:10,946.96675,0.06408095238095238,1.667725,1.7054383928571428,37.59301666666647,1670.9263083333333,151.16235238095226,151.16235238095226,151.16235238095226,0.0,833.3333333333333,8948.14814814815,0.0
2025-08-18,0,115,19:10-19:20,948.2391166666666,0.007747619047619048,1.6366,1.6699334821428573,46.75838333333331,1601.1674130952383,994.9897523809524,994.9897523809524,994.9897523809524,0.0,0.0,8948.14814814815,0.0
2025-08-18,0,116,19:20-19:30,991.5533333333333,0.0,1.637825,1.673075,53.19500000000005,1646.1523809523812,1044.7483333333334,1044.7483333333334,1044.7483333333334,0.0,0.0,8948.14814814815,0.0
2025-08-18,0,117,19:30-19:40,963.8666333333333,0.004602380952380953,1.6453,1.6834915178571426,41.987471428571325,1689.816130952381,172.51616904761897,172.51616904761897,172.51616904761897,0.0,833.3333333333333,8022.2222222222235,0.0
2025-08-18,0,118,19:40-19:50,929.0341333333333,0.0005571428571428572,1.64465,1.682136607142857,32.896402380952395,1688.446452380952,128.59664523809533,128.59664523809533,128.59664523809533,0.0,833.3333333333333,7096.296296296297,0.0
2025-08-18,0,119,19:50-20:00,940.3966666666666,0.0,1.6427749999999999,1.6786468750000003,66.09833333333336,1633.4947386904762,251.90809821428468,251.90809821428468,251.90809821428468,0.0,754.5869017857153,6257.86640542328,0.0
2025-08-18,0,120,20:00-20:10,979.4951666666666,0.00032857142857142856,1.652025,1.6913683035714284,41.67605000000003,1585.202169642857,187.8375547619048,187.8375547619048,187.8375547619048,0.0,833.3333333333333,5331.940479497354,0.0
2025-08-18,0,121,20:10-20:20,971.8762499999999,0.0,1.6435,1.6829183035714286,32.71219999999994,1526.8999071428566,171.2551166666666,171.2551166666666,171.2551166666666,0.0,833.3333333333333,4406.014553571428,0.0
2025-08-18,0,122,20:20-20:30,931.225,0.0,1.659125,1.6971968749999997,32.549999999999955,1447.8436690476183,130.44166666666672,130.44166666666672,130.44166666666672,0.0,833.3333333333333,3480.088627645502,0.0
2025-08-18,0,123,20:30-20:40,940.2017666666667,0.0,1.722225,1.765222321428571,48.28995000000009,1329.3790857142849,155.15838333333352,155.15838333333352,155.15838333333352,0.0,833.3333333333333,2554.162701719576,0.0
2025-08-18,0,124,20:40-20:50,953.5568666666666,0.0,1.48245,1.512547321428571,37.30711190476188,1218.7464315476186,906.5454178571426,906.5454178571426,906.5454178571426,0.0,84.31856071428582,2460.475412037036,0.0
2025-08-18,0,125,20:50-21:00,944.0433333333333,0.0,1.0787499999999999,1.086475446428571,43.280000000000086,1134.427870833333,987.3233333333334,987.3233333333334,987.3233333333334,0.0,0.0,2460.475412037036,0.0
2025-08-18,0,126,21:00-21:10,932.7528166666666,0.0,1.0341,1.044011160714286,66.32439999999997,1087.0207874999996,999.0772166666666,999.0772166666666,999.0772166666666,0.0,0.0,2460.475412037036,0.0
2025-08-18,0,127,21:10-21:20,929.7310166666666,0.0,1.087675,1.1001089285714285,55.18626666666671,1050.1200374999999,984.9172833333333,984.9172833333333,984.9172833333333,0.0,0.0,2460.475412037036,0.0
2025-08-18,0,128,21:20-21:30,941.3033333333333,0.0,1.098925,1.104805803571428,48.171666666666624,1020.5799124999999,989.4749999999999,989.4749999999999,989.4749999999999,0.0,0.0,2460.475412037036,0.0
2025-08-18,0,129,21:30-21:40,952.5978666666666,0.0,1.1474250000000001,1.1528745535714289,36.719749999999976,973.8699124999998,711.4235666666673,711.4235666666673,711.4235666666673,0.0,277.89404999999937,2151.7042453703702,0.0
2025-08-18,0,130,21:40-21:50,873.3317833333333,0.0,0.925225,0.9313299107142855,32.0923499999999,856.5338208333332,816.3292374999996,816.3292374999996,816.3292374999996,0.0,89.09489583333361,2052.7099166666662,0.0
2025-08-18,0,131,21:50-22:00,771.5666666666666,0.0,0.55585,0.5619477678571428,75.5233333333332,767.4389249999997,884.4361934156374,884.4361934156374,884.4361934156374,37.34619341563757,0.0,2086.32149074074,0.0
2025-08-18,0,132,22:00-22:10,810.2757333333334,0.0,0.513825,0.5233379464285713,48.75383333333332,797.6893416666661,1692.3629,1692.3629,1692.3629,833.3333333333333,0.0,2836.32149074074,0.0
2025-08-18,0,133,22:10-22:20,831.7297833333333,0.0,0.5614,0.5709004464285715,45.86505,734.6385583333329,877.5948333333333,877.5948333333333,877.5948333333333,0.0,0.0,2836.32149074074,0.0
2025-08-18,0,134,22:20-22:30,787.685,0.0,0.5426,0.5482781250000001,65.05500000000006,630.9235916666664,1686.0733333333333,1686.0733333333333,1686.0733333333333,833.3333333333333,0.0,3586.32149074074,0.0
2025-08-18,0,135,22:30-22:40,784.58565,0.0,0.543575,0.5485415178571429,52.64501666666672,557.272033333333,1670.5639999999999,1670.5639999999999,1670.5639999999999,833.3333333333333,0.0,4336.32149074074,0.0
2025-08-18,0,136,22:40-22:50,783.5054499999999,0.0,0.5561999999999999,0.5624812499999998,42.5309666666667,492.20054999999957,826.0364166666666,826.0364166666666,826.0364166666666,0.0,0.0,4336.32149074074,0.0
2025-08-18,0,137,22:50-23:00,759.6183333333333,0.0,0.56045,0.5673772321428573,58.85500000000002,415.3645124999998,818.4733333333334,818.4733333333334,818.4733333333334,0.0,0.0,4336.32149074074,0.0
2025-08-18,0,138,23:00-23:10,738.0866333333333,0.0,0.554375,0.5601562500000001,36.30600000000004,384.74195416666623,956.2576436214,956.2576436214,956.2576436214,181.8650102880666,0.0,4500.0,0.0
2025-08-18,0,139,23:10-23:20,733.4836499999999,0.0,0.5509,0.5566553571428571,50.87993333333338,321.4884541666666,1617.6969166666665,1617.6969166666665,1617.6969166666665,833.3333333333333,0.0,5250.0,0.0
2025-08-18,0,140,23:20-23:30,749.2216666666666,0.0,0.557225,0.5643513392857146,41.26166666666677,256.63914999999986,790.4833333333333,790.4833333333333,790.4833333333333,0.0,0.0,5250.0,0.0
2025-08-18,0,141,23:30-23:40,774.96,0.0,0.5677,0.5749580357142856,46.244266666666704,207.33392499999988,821.2042666666667,821.2042666666667,821.2042666666667,0.0,0.0,5250.0,0.0
2025-08-18,0,142,23:40-23:50,778.9964833333333,0.0,0.5617249999999999,0.5682821428571427,52.07420000000002,118.66579999999999,831.0706833333334,831.0706833333334,831.0706833333334,0.0,0.0,5250.0,0.0
2025-08-18,0,143,23:50-24:00,767.725,0.0,0.5357000000000001,0.5419169642857143,49.53166666666675,69.82624999999987,1650.5900000000001,1650.5900000000001,1650.5900000000001,833.3333333333333,0.0,6000.0,0.0
2025-08-19,0,0,0:00-0:10,778.8210333333333,0.0,0.5126,0.5183401785714284,49.59293333333335,1519.873929761905,828.4139666666666,828.4139666666666,828.4139666666666,0.0,0.0,7392.607659047619,0.0
2025-08-19,0,1,0:10-0:20,800.8210333333333,0.0,0.534875,0.541372767857143,46.64509999999996,1540.5994880952387,847.4661333333332,847.4661333333332,847.4661333333332,0.0,0.0,7392.607659047619,0.0
2025-08-19,0,2,0:20-0:30,789.7349999999999,0.0,0.570975,0.5787629464285713,50.613333333333344,1529.280533928572,840.3483333333332,840.3483333333332,840.3483333333332,0.0,0.0,7392.607659047619,0.0
2025-08-19,0,3,0:30-0:40,717.8649833333334,0.0,0.54535,0.5547437500000001,32.10966666666661,1503.2847005952385,749.97465,749.97465,749.97465,0.0,0.0,7392.607659047619,0.0
2025-08-19,0,4,0:40-0:50,695.6921,0.0,0.5186499999999999,0.5291571428571428,58.26478333333341,1463.874886904763,753.9568833333334,753.9568833333334,753.9568833333334,0.0,0.0,7392.607659047619,0.0
2025-08-19,0,5,0:50-1:00,730.8066666666666,0.0,0.5273749999999999,0.5367598214285715,83.18499999999995,1487.224813690477,813.9916666666666,813.9916666666666,813.9916666666666,0.0,0.0,7392.607659047619,0.0
2025-08-19,0,6,1:00-1:10,722.6639,0.0,0.5443,0.5491705357142856,71.01266666666663,1536.7521809523819,793.6765666666666,793.6765666666666,793.6765666666666,0.0,0.0,7392.607659047619,0.0
2025-08-19,0,7,1:10-1:20,688.8456333333334,0.0,0.52605,0.5269745535714285,49.852666666666664,1445.5919452380956,738.6983,738.6983,738.6983,0.0,0.0,7392.607659047619,0.0
2025-08-19,0,8,1:20-1:30,679.26,0.0,0.50455,0.5057459821428572,64.71333333333325,1385.7071142857144,743.9733333333332,743.9733333333332,743.9733333333332,0.0,0.0,7392.607659047619,0.0
2025-08-19,0,9,1:30-1:40,715.8638833333332,0.0,0.547575,0.553108482142857,56.053499999999985,1403.3081857142856,771.9173833333332,771.9173833333332,771.9173833333332,0.0,0.0,7392.607659047619,0.0
2025-08-19,0,10,1:40-1:50,709.5732333333333,0.0,0.558,0.5636312499999999,47.14298333333329,1350.2967595238097,756.7162166666666,756.7162166666666,756.7162166666666,0.0,0.0,7392.607659047619,0.0
2025-08-19,0,11,1:50-2:00,677.56,0.0,0.520925,0.5236169642857142,49.526666666666756,1276.268088095238,727.0866666666667,727.0866666666667,727.0866666666667,0.0,0.0,7392.607659047619,0.0
2025-08-19,0,12,2:00-2:10,719.5462833333332,0.0,0.51565,0.5209433035714286,69.88016666666658,1237.9163470238095,789.4264499999998,789.4264499999998,789.4264499999998,0.0,0.0,7392.607659047619,0.0
2025-08-19,0,13,2:10-2:20,734.7961666666666,0.0,0.5031,0.5087937500000002,68.78359999999986,1197.056863690476,803.5797666666665,803.5797666666665,803.5797666666665,0.0,0.0,7392.607659047619,0.0
2025-08-19,0,14,2:20-2:30,695.2683333333332,0.0,0.48214999999999997,0.48551785714285706,59.12166666666667,1173.2693071428569,754.3899999999999,754.3899999999999,754.3899999999999,0.0,0.0,7392.607659047619,0.0
2025-08-19,0,15,2:30-2:40,677.32195,0.0,0.497275,0.5028674107142858,39.3526833333334,1149.2647601190474,716.6746333333334,716.6746333333334,716.6746333333334,0.0,0.0,7392.607659047619,0.0
2025-08-19,0,16,2:40-2:50,678.6975666666666,0.0,0.5039,0.5096977678571429,43.98503333333326,1035.6593077380958,722.6825999999999,722.6825999999999,722.6825999999999,0.0,0.0,7392.607659047619,0.0
2025-08-19,0,17,2:50-3:00,696.7666666666667,0.0,0.499825,0.5028495535714287,61.25,983.5708494047624,758.0166666666667,758.0166666666667,758.0166666666667,0.0,0.0,7392.607659047619,0.0
2025-08-19,0,18,3:00-3:10,735.6538666666667,0.0,0.525025,0.5282093750000001,48.772433333333424,941.4503172619052,784.4263000000001,784.4263000000001,784.4263000000001,0.0,0.0,7392.607659047619,0.0
2025-08-19,0,19,3:10-3:20,746.5382166666666,0.0,0.5284500000000001,0.5315459821428573,52.90559285714278,872.6959666666671,799.4438095238094,799.4438095238094,799.4438095238094,0.0,0.0,7392.607659047619,0.0
2025-08-19,0,20,3:20-3:30,727.355,0.0,0.506475,0.5082062500000001,42.60833333333335,831.4075053571435,769.9633333333334,769.9633333333334,769.9633333333334,0.0,0.0,7392.607659047619,0.0
2025-08-19,0,21,3:30-3:40,717.8638833333332,4.047619047619047e-05,0.5092,0.51091875,49.18221666666659,796.6950053571433,767.0460595238093,767.0460595238093,767.0460595238093,0.0,0.0,7392.607659047619,0.0
2025-08-19,0,22,3:40-3:50,687.2004666666667,0.00019285714285714284,0.518575,0.5209013392857141,51.42855476190476,728.379317261905,738.6288285714285,738.6288285714285,738.6288285714285,0.0,0.0,7392.607659047619,0.0
2025-08-19,0,23,3:50-4:00,653.435,0.0,0.51275,0.5158370535714286,41.42666666666673,629.4896232142854,694.8616666666667,694.8616666666667,694.8616666666667,0.0,0.0,7392.607659047619,0.0
2025-08-19,0,24,4:00-4:10,669.7400666666666,0.001007142857142857,0.49100000000000005,0.4954227678571429,41.65788571428561,541.0564970238098,711.3969452380951,711.3969452380951,711.3969452380951,0.0,0.0,7392.607659047619,0.0
2025-08-19,0,25,4:10-4:20,664.9347666666666,0.0028095238095238095,0.47914999999999996,0.48500401785714287,53.74806666666666,469.7497791666667,1552.0133571428569,1552.0133571428569,1552.0133571428569,833.3333333333333,0.0,8142.607659047619,0.0
2025-08-19,0,26,4:20-4:30,632.635,0.0,0.47885,0.4851428571428572,70.51666666666665,424.7359625,1155.8098232804236,1155.8098232804236,1155.8098232804236,452.65815661375706,0.0,8550.0,0.0
2025-08-19,0,27,4:30-4:40,642.0275666666666,0.014014285714285715,0.47329999999999994,0.4782892857142857,60.30578333333335,397.8250160714285,1535.652669047619,1535.652669047619,1535.652669047619,833.3333333333333,0.0,9300.0,0.0
2025-08-19,0,28,4:40-4:50,678.1141833333334,0.03912857142857143,0.4931,0.497165625,46.62291904761901,350.4417535714284,724.6979738095238,724.6979738095238,724.6979738095238,0.0,0.0,9300.0,0.0
2025-08-19,0,29,4:50-5:00,704.4216666666666,0.0,0.523925,0.5283830357142857,62.063333333333276,351.5255809523808,766.4849999999999,766.4849999999999,766.4849999999999,0.0,0.0,9300.0,0.0
2025-08-19,0,30,5:00-5:10,698.2312166666667,0.19520952380952383,0.5142249999999999,0.5197187500000001,52.10881666666671,321.0922363095233,750.1448238095239,750.1448238095239,750.1448238095239,0.0,0.0,9300.0,0.0
2025-08-19,0,31,5:10-5:20,687.7293,0.8698190476190476,0.49054999999999993,0.49801205357142847,44.217728571428665,337.38410059523875,731.0772095238095,731.0772095238095,731.0772095238095,0.0,0.0,9300.0,0.0
2025-08-19,0,32,5:20-5:30,677.875,11.414285714285715,0.44427500000000003,0.4519026785714287,41.11279761904768,352.14353571428546,1540.9068452380952,1540.9068452380952,1540.9068452380952,833.3333333333333,0.0,10050.0,0.0
2025-08-19,0,33,5:30-5:40,662.5154833333333,45.08314523809524,0.38772500000000004,0.39141696428571426,42.91277619047622,310.6094732142856,1493.6784476190478,1493.6784476190478,1493.6784476190478,833.3333333333333,0.0,10800.0,0.0
2025-08-19,0,34,5:40-5:50,728.3435999999999,86.7608214285714,0.614425,0.6216825892857144,51.38896904761907,268.3923928571429,686.8321036666644,686.8321036666644,686.8321036666644,0.0,6.139643952383267,10793.17817338624,0.0
2025-08-19,0,35,5:50-6:00,837.9416666666666,129.2080357142857,0.964425,0.9782580357142858,48.82005952380962,229.73933869047627,0.0,0.0,0.0,0.0,757.5536904761905,9951.451850634918,0.0
2025-08-19,0,36,6:00-6:10,854.79605,177.32508809523813,0.951075,0.9579598214285717,44.40989523809526,209.65308392857142,0.0,0.0,0.0,0.0,721.8808571428572,9149.362009365077,0.0
2025-08-19,0,37,6:10-6:20,834.1583499999999,227.3337547619048,0.863025,0.8628348214285715,36.35771190476191,200.87515238095244,0.0,0.0,0.0,0.0,643.1823071428571,8434.715001428569,0.0
2025-08-19,0,38,6:20-6:30,818.98,275.35267857142856,0.873875,0.8744776785714284,55.39869047619038,223.18788511904742,0.0,0.0,0.0,0.0,599.0260119047618,7769.130543756612,0.0
2025-08-19,0,39,6:30-6:40,803.6923499999999,321.8706666666667,0.8699250000000001,0.8740026785714284,49.96669999999983,274.74342083333306,0.0,0.0,0.0,0.0,531.7883833333331,7178.25456227513,0.0
2025-08-19,0,40,6:40-6:50,832.33755,375.4924023809524,0.8465,0.8512495535714287,51.98639761904764,345.50000892857105,0.0,0.0,0.0,0.0,508.83154523809526,6612.886178677247,0.0
2025-08-19,0,41,6:50-7:00,876.3183333333333,436.1633928571428,0.8007500000000001,0.8031071428571427,52.93553571428572,400.3447797619048,0.0,0.0,0.0,0.0,493.0904761904762,6065.00787179894,0.0
2025-08-19,0,42,7:00-7:10,859.7673666666666,495.2207523809524,0.728425,0.7291468749999999,47.0666190476191,415.8392416666668,0.0,0.0,0.0,0.0,411.61323333333337,5607.659834761903,0.0
2025-08-19,0,43,7:10-7:20,855.9491833333333,552.1765142857142,0.7262,0.7259776785714285,52.007376190476066,464.06975773809484,0.0,0.0,0.0,0.0,355.7800452380951,5212.348673386242,0.0
2025-08-19,0,44,7:20-7:30,869.9816666666667,607.6491071428571,0.73335,0.7324339285714286,59.15535714285704,501.29715238095173,0.0,0.0,0.0,0.0,321.4879166666666,4855.139877089946,0.0
2025-08-19,0,45,7:30-7:40,852.4718833333333,661.3830976190476,0.6353249999999999,0.6335660714285714,69.82675476190468,550.5698607142848,0.0,0.0,0.0,0.0,260.91554047619036,4565.23372100529,0.0
2025-08-19,0,46,7:40-7:50,951.1315999999999,713.9036119047619,0.808475,0.8032071428571428,50.681826190476215,629.4581446428564,0.0,0.0,0.0,0.0,287.9098142857142,4245.333927354496,0.0
2025-08-19,0,47,7:50-8:00,1128.9166666666665,767.2571428571429,1.1601,1.1514321428571426,43.146250000000094,641.6530988095235,0.0,0.0,0.0,0.0,404.80577380952366,3795.549734232803,0.0
2025-08-19,0,48,8:00-8:10,1177.1484333333333,824.1386761904761,1.186175,1.179654017857143,50.59351190476201,687.4153011904758,0.0,0.0,0.0,0.0,403.60326904761916,3347.101657513226,0.0
2025-08-19,0,49,8:10-8:20,1140.10435,884.1899047619046,1.1044,1.0986366071428575,61.15888333333328,671.8989214285712,0.0,0.0,0.0,0.0,317.07332857142876,2994.797959100528,0.0
2025-08-19,0,50,8:20-8:30,1098.0933333333332,937.4330357142858,1.076925,1.0686558035714284,78.83345238095251,629.1192124999997,0.0,0.0,0.0,0.0,239.4937500000001,2728.693792433861,0.0
2025-08-19,0,51,8:30-8:40,1090.24535,972.1552047619045,1.043625,1.0342794642857143,59.16829285714272,659.4605416666667,0.0,0.0,0.0,0.0,177.25843809523803,2531.739972328041,0.0
2025-08-19,0,52,8:40-8:50,1109.4537999999998,1004.6897785714286,1.023325,1.0129200892857142,70.61653333333331,675.2198946428573,0.0,0.0,0.0,0.0,175.38055476190448,2336.872689259258,0.0
2025-08-19,0,53,8:50-9:00,1121.6966666666667,1049.824107142857,1.01785,1.0042816964285712,94.84428571428577,702.2159964285713,0.0,0.0,0.0,0.0,166.71684523809563,2151.6317501058184,0.0
2025-08-19,0,54,9:00-9:10,1099.4405666666667,1109.3197976190472,1.00015,0.9815566964285712,71.38490714285717,755.9943333333324,0.0,0.0,0.0,0.0,61.505676190476606,2083.292109894178,0.0
2025-08-19,0,55,9:10-9:20,1100.8302999999999,1167.592192857143,0.985225,0.9652714285714289,56.164771428571385,773.51049345238,0.0,0.0,0.0,10.597121428571654,0.0,2092.8295191798925,0.0
2025-08-19,0,56,9:20-9:30,1137.1066666666666,1207.9491071428572,0.96905,0.9495187500000001,67.56940476190465,778.7658922619038,0.0,0.0,0.0,3.2730357142859248,0.0,2095.7752513227497,0.0
2025-08-19,0,57,9:30-9:40,1153.8197166666666,1223.7024357142857,0.9515,0.9300683035714289,74.4899000000001,794.0034964285702,0.0,0.0,0.0,0.0,4.607180952380986,2090.65616137566,0.0
2025-08-19,0,58,9:40-9:50,1111.8015666666665,1235.1652357142857,1.0579999999999998,1.052711607142857,82.54207142857179,801.590545238094,0.0,0.0,0.0,40.82159761904745,0.0,2127.3955992328024,0.0
2025-08-19,0,59,9:50-10:00,1068.8649999999998,1258.4562499999997,1.215325,1.2331950892857144,76.86619047619054,767.1591934523801,0.0,0.0,0.0,112.72505952380948,0.0,2228.8481528042307,0.0
2025-08-19,0,60,10:00-10:10,1123.1596,1295.5378166666667,1.20545,1.2197124999999995,65.16562380952382,678.2142380952373,0.0,0.0,0.0,107.21259285714291,0.0,2325.3394863756594,0.0
2025-08-19,0,61,10:10-10:20,1169.0929666666666,1335.7323333333334,1.148075,1.156439732142857,77.93533571428577,741.4991773809521,0.0,0.0,0.0,88.70403095238089,0.0,2405.173114232802,0.0
2025-08-19,0,62,10:20-10:30,1152.4133333333332,1373.1705357142857,1.16615,1.1798035714285717,85.67422619047613,856.5493666666662,0.0,0.0,0.0,135.0829761904763,0.0,2526.747792804231,0.0
2025-08-19,0,63,10:30-10:40,1123.3541166666666,1408.0747333333331,1.221525,1.2382946428571429,86.44038095238125,892.5723553571422,0.0,0.0,0.0,198.28023571428525,0.0,2705.2000049470876,0.0
2025-08-19,0,64,10:40-10:50,1133.6377499999999,1434.166511904762,0.9906249999999999,0.9930017857142855,91.20176666666666,772.2146416666665,0.0,0.0,0.0,209.3269952380956,0.0,2893.5943006613734,0.0
2025-08-19,0,65,10:50-11:00,1159.4899999999998,1455.4383928571426,0.6053999999999999,0.5852281249999999,108.39690476190496,594.2604940476187,0.0,0.0,0.0,187.5514880952378,0.0,3062.3906399470875,0.0
2025-08-19,0,66,11:00-11:10,1134.103,1481.64205,0.5408,0.515261607142857,106.90294285714262,537.030232142858,0.0,0.0,0.0,240.63610714285733,0.0,3278.963136375659,0.0
2025-08-19,0,67,11:10-11:20,1114.9651999999999,1498.822442857143,0.552775,0.5288857142857143,113.99653333333322,588.347732142857,0.0,0.0,0.0,269.8607095238099,0.0,3521.837774947088,0.0
2025-08-19,0,68,11:20-11:30,1134.4816666666666,1513.9455357142854,0.50585,0.48111116071428567,88.94125000000001,664.9989952380952,542.8107142857145,542.8107142857145,542.8107142857145,833.3333333333333,0.0,4271.837774947087,0.0
2025-08-19,0,69,11:30-11:40,1159.0340333333334,1544.4740547619044,0.513625,0.48673616071428577,87.68781904761909,650.6740714285718,535.5811309523813,535.5811309523813,535.5811309523813,833.3333333333333,0.0,5021.837774947087,0.0
2025-08-19,0,70,11:40-11:50,1123.3694166666667,1545.026,0.5134749999999999,0.48784375,101.12643095238067,658.7601238095247,492.3365548206981,492.3365548206981,492.3365548206981,812.8667072016509,0.0,5753.417811428573,0.0
2025-08-19,0,71,11:50-12:00,1058.3266666666666,1524.4133928571423,0.47357499999999997,0.4488651785714285,105.5095238095239,645.2495517857144,472.75613095238145,472.75613095238145,472.75613095238145,833.3333333333333,0.0,6503.417811428573,0.0
2025-08-19,0,72,12:00-12:10,1059.0949666666666,1534.9372738095237,0.4401,0.40907544642857147,125.58225238095235,593.2949059523809,483.07327857142855,483.07327857142855,483.07327857142855,833.3333333333333,0.0,7253.417811428573,0.0
2025-08-19,0,73,12:10-12:20,1068.2726166666666,1525.1091452380952,0.45504999999999995,0.4266754464285713,115.05527380952367,556.1709380952378,491.5520785714284,491.5520785714284,491.5520785714284,833.3333333333333,0.0,8003.417811428573,0.0
2025-08-19,0,74,12:20-12:30,1068.9066666666665,1486.3598214285712,0.481575,0.4625316964285715,110.99892857142856,474.24652440476143,526.879107142857,526.879107142857,526.879107142857,833.3333333333333,0.0,8753.417811428573,0.0
2025-08-19,0,75,12:30-12:40,1102.8264833333333,1463.0362666666665,0.47362499999999996,0.4519665178571427,122.22918809523807,459.066394047618,595.352738095238,595.352738095238,595.352738095238,833.3333333333333,0.0,9503.417811428573,0.0
2025-08-19,0,76,12:40-12:50,1130.1743999999999,1434.591814285714,0.6412749999999999,0.6176870535714284,98.0322761904763,497.9058601190477,0.0,0.0,0.0,206.38513809523783,0.0,9689.164435714287,0.0
2025-08-19,0,77,12:50-13:00,1137.8799999999999,1408.8625000000002,0.9035,0.8839495535714285,85.72857142857137,454.26592142857106,0.0,0.0,0.0,185.25392857142901,0.0,9855.892971428573,0.0
2025-08-19,0,78,13:00-13:10,1149.3293333333331,1420.0666857142855,0.941425,0.922865625,87.86341428571416,508.9539309523806,0.0,0.0,0.0,182.87393809523837,0.0,10020.479515714287,0.0
2025-08-19,0,79,13:10-13:20,1143.8299666666667,1428.085630952381,0.901725,0.8770794642857139,86.93218095238096,468.82752976190415,0.0,0.0,0.0,197.32348333333334,0.0,10198.070650714288,0.0
2025-08-19,0,80,13:20-13:30,1144.5666666666666,1410.5517857142854,0.8990750000000001,0.8659718750000002,58.1229166666667,603.4069892857146,0.0,0.0,0.0,207.8622023809521,0.0,10385.146632857144,0.0
2025-08-19,0,81,13:30-13:40,1192.7770666666665,1381.5987071428574,0.919475,0.887161160714286,86.90680714285706,685.8476863095233,0.0,0.0,0.0,101.91483333333372,0.0,10476.869982857144,0.0
2025-08-19,0,82,13:40-13:50,1186.3546833333332,1353.52805,1.0359500000000001,1.022445982142857,70.70261666666693,721.3019672619042,0.0,0.0,0.0,96.47074999999973,0.0,10563.693657857144,0.0
2025-08-19,0,83,13:50-14:00,1126.5583333333334,1326.4017857142858,1.1899499999999998,1.1980142857142853,84.21785714285716,719.0762113095229,0.0,0.0,0.0,115.62559523809523,0.0,10667.75669357143,0.0
2025-08-19,0,84,14:00-14:10,1125.3508,1292.4941904761904,1.22505,1.2312441964285716,37.75495000000001,774.0682904761906,0.0,0.0,0.0,129.38844047619045,0.0,10784.20629,0.0
2025-08-19,0,85,14:10-14:20,1176.9638666666665,1258.243204761905,1.2113,1.2140419642857143,63.73077142857149,833.9875339285716,0.0,0.0,0.0,17.548566666667057,0.0,10800.0,0.0
2025-08-19,0,86,14:20-14:30,1214.9666666666667,1229.3562499999998,1.249425,1.2586477678571428,91.0191666666667,860.8124297619048,0.0,0.0,0.0,0.0,76.62958333333358,10714.856018518518,0.0
2025-08-19,0,87,14:30-14:40,1180.1155833333332,1201.8472214285716,1.32575,1.3396008928571426,75.75640714285697,851.604736309524,0.0,0.0,0.0,0.0,54.02476904761852,10654.828497354498,0.0
2025-08-19,0,88,14:40-14:50,1156.5756999999999,1151.9853547619048,1.1037750000000002,1.1069321428571433,59.59528333333333,889.5504714285717,0.0,0.0,0.0,0.0,64.18562857142842,10583.511132275133,0.0
2025-08-19,0,89,14:50-15:00,1171.0933333333332,1083.9901785714285,0.7256,0.7129924107142857,85.75732142857146,952.5238958333334,172.86047619047622,172.86047619047622,172.86047619047622,0.0,0.0,10583.511132275133,0.0
2025-08-19,0,90,15:00-15:10,1175.6995,1029.1683809523809,0.70165,0.6918214285714283,87.74977142857136,986.9353095238098,474.82407683715417,474.82407683715417,474.82407683715417,240.54318636096366,0.0,10800.0,0.0
2025-08-19,0,91,15:10-15:20,1195.7011499999999,994.774538095238,0.7901750000000001,0.7843348214285715,75.5224642857143,1035.9673809523815,276.44907619047615,276.44907619047615,276.44907619047615,0.0,0.0,10800.0,0.0
2025-08-19,0,92,15:20-15:30,1224.5366666666666,957.8428571428572,0.807375,0.7994937499999998,61.89470238095225,1052.31409702381,328.5885119047616,328.5885119047616,328.5885119047616,0.0,0.0,10800.0,0.0
2025-08-19,0,93,15:30-15:40,1220.9884833333333,890.0536833333333,0.814375,0.8084397321428571,78.27899523809526,1038.2250226190476,409.21379523809514,409.21379523809514,409.21379523809514,0.0,0.0,10800.0,0.0
2025-08-19,0,94,15:40-15:50,1208.9378833333333,834.5445047619047,0.840875,0.8377589285714286,77.1067071428572,1076.448641071429,451.5000857142858,451.5000857142858,451.5000857142858,0.0,0.0,10800.0,0.0
2025-08-19,0,95,15:50-16:00,1203.1299999999999,795.400892857143,0.871575,0.868232142857143,62.94946428571416,1164.7832619047626,470.678571428571,470.678571428571,470.678571428571,0.0,-0.0,10800.0,0.0
2025-08-19,0,96,16:00-16:10,1198.4371333333333,733.891169047619,0.8765000000000001,0.8702249999999999,58.54359047619039,1289.1185297619054,523.0895547619047,523.0895547619047,523.0895547619047,0.0,-0.0,10800.0,0.0
2025-08-19,0,97,16:10-16:20,1212.4518833333332,667.8920261904761,0.903025,0.8974151785714285,71.45336666666674,1403.9032726190474,616.0132238095237,616.0132238095237,616.0132238095237,0.0,-0.0,10800.0,0.0
2025-08-19,0,98,16:20-16:30,1230.4433333333332,611.0473214285713,0.9560500000000001,0.954061160714286,62.45999999999992,1439.8050875000004,681.8560119047619,681.8560119047619,681.8560119047619,0.0,-0.0,10800.0,0.0
2025-08-19,0,99,16:30-16:40,1214.6786499999998,557.5004833333332,0.9914000000000001,0.9894602678571429,59.43301904761904,1512.0930750000007,716.6111857142855,716.6111857142855,716.6111857142855,0.0,-0.0,10800.0,0.0
2025-08-19,0,100,16:40-16:50,1187.9450166666666,499.8968404761904,1.01655,1.0144187500000004,71.24671190476201,1536.901750595239,759.2948880952381,759.2948880952381,759.2948880952381,0.0,-0.0,10800.0,0.0
2025-08-19,0,101,16:50-17:00,1174.2883333333332,440.97053571428575,1.0291000000000001,1.028650892857143,62.538392857142725,1574.0197732142867,795.8561904761902,795.8561904761902,795.8561904761902,0.0,-0.0,10800.0,0.0
2025-08-19,0,102,17:00-17:10,1180.0023666666666,389.75612380952373,1.02095,1.0227013392857143,54.80979523809515,1619.9880934523817,845.056038095238,845.056038095238,845.056038095238,0.0,0.0,10800.0,0.0
2025-08-19,0,103,17:10-17:20,1198.2473833333333,339.6935880952381,1.050125,1.054330357142857,42.002761904761826,1672.2638023809527,900.5565571428572,900.5565571428572,900.5565571428572,0.0,0.0,10800.0,0.0
2025-08-19,0,104,17:20-17:30,1235.1283333333333,285.24553571428567,1.09705,1.102385267857143,67.22410714285695,1720.3478250000003,1017.1069047619045,1017.1069047619045,1017.1069047619045,0.0,0.0,10800.0,0.0
2025-08-19,0,105,17:30-17:40,1274.7526166666667,227.96088571428572,1.0985500000000001,1.1023209821428577,52.29162619047611,1732.448268452381,1099.083357142857,1099.083357142857,1099.083357142857,0.0,0.0,10800.0,0.0
2025-08-19,0,106,17:40-17:50,1160.18195,177.12847380952383,1.18555,1.1908669642857144,57.52838809523814,1722.3638577380948,1040.5818642857143,1040.5818642857143,1040.5818642857143,0.0,-0.0,10800.0,0.0
2025-08-19,0,107,17:50-18:00,954.4916666666666,133.23839285714286,1.327175,1.3365513392857145,35.84630952380962,1684.257741071428,857.0995833333334,857.0995833333334,857.0995833333334,0.0,-0.0,10800.0,0.0
2025-08-19,0,108,18:00-18:10,899.3489666666666,88.36451666666666,1.352225,1.3622558035714285,40.22032619047616,1589.5514583333336,851.2047761904761,851.2047761904761,851.2047761904761,0.0,-0.0,10800.0,0.0
2025-08-19,0,109,18:10-18:20,931.3237333333333,43.933709523809526,1.3682,1.3804522321428576,62.010095238095346,1592.8815511904754,949.4001190476191,949.4001190476191,949.4001190476191,0.0,0.0,10800.0,0.0
2025-08-19,0,110,18:20-18:30,961.1866666666666,10.752678571428572,1.4012,1.4141888392857145,59.3713095238096,1673.8842023809518,1009.8052976190477,1009.8052976190477,1009.8052976190477,0.0,0.0,10800.0,0.0
2025-08-19,0,111,18:30-18:40,964.0256833333333,0.7436476190476191,1.386025,1.3923638392857145,49.445114285714226,1663.7946488095233,1012.7271499999999,1012.7271499999999,1012.7271499999999,0.0,0.0,10800.0,0.0
2025-08-19,0,112,18:40-18:50,958.5941833333333,0.20802142857142858,1.493275,1.5097915178571422,43.7426857142857,1602.8702624999996,1002.1288476190475,1002.1288476190475,1002.1288476190475,0.0,-0.0,10800.0,0.0
2025-08-19,0,113,18:50-19:00,963.1949999999999,0.0,1.6723999999999999,1.7100169642857146,66.96982142857132,1654.0603303571424,196.831488095238,196.831488095238,196.831488095238,0.0,833.3333333333333,9874.074074074075,0.0
2025-08-19,0,114,19:00-19:10,978.4065499999999,0.03571428571428571,1.6824500000000002,1.7204053571428575,39.00983095238098,1665.4784107142852,184.0473333333333,184.0473333333333,184.0473333333333,0.0,833.3333333333333,8948.14814814815,0.0
2025-08-19,0,115,19:10-19:20,978.70025,0.014935714285714285,1.6421,1.675437053571429,46.75838333333331,1597.1363297619046,278.1123291666655,278.1123291666655,278.1123291666655,0.0,747.331368452382,8117.779960978836,0.0
2025-08-19,0,116,19:20-19:30,970.01,0.0,1.643425,1.678291517857143,53.19500000000005,1642.1212976190473,189.87166666666678,189.87166666666678,189.87166666666678,0.0,833.3333333333333,7191.85403505291,0.0
2025-08-19,0,117,19:30-19:40,981.0184666666667,0.0025666666666666663,1.659125,1.6962424107142853,41.987471428571325,1685.7850476190472,189.67003809523806,189.67003809523806,189.67003809523806,0.0,833.3333333333333,6265.928109126984,0.0
2025-08-19,0,118,19:40-19:50,981.3511833333333,0.0010738095238095238,1.6630500000000001,1.699636160714286,32.896402380952395,1684.4153690476182,180.9131785714286,180.9131785714286,180.9131785714286,0.0,833.3333333333333,5340.002183201058,0.0
2025-08-19,0,119,19:50-20:00,958.0066666666667,0.0,1.65765,1.6933285714285713,66.09833333333336,1629.4636553571424,190.77166666666676,190.77166666666676,190.77166666666676,0.0,833.3333333333333,4414.076257275132,0.0
2025-08-19,0,120,20:00-20:10,932.2601166666666,0.00018333333333333334,1.6592,1.6980919642857146,41.67605000000003,1581.1710863095234,140.60265000000004,140.60265000000004,140.60265000000004,0.0,833.3333333333333,3488.1503313492058,0.0
2025-08-19,0,121,20:10-20:20,930.6203666666667,3.80952380952381e-05,1.634775,1.6736004464285716,32.71219999999994,1522.8688238095233,963.3325285714285,963.3325285714285,963.3325285714285,0.0,0.0,3488.1503313492058,0.0
2025-08-19,0,122,20:20-20:30,942.7933333333333,0.0,1.6345,1.6724415178571428,43.27166666666676,1443.8125857142845,986.065,986.065,986.065,0.0,0.0,3488.1503313492058,0.0
2025-08-19,0,123,20:30-20:40,937.2064833333334,0.0,1.697225,1.740351339285714,48.85489999999993,1336.0696690476182,152.72805000000005,152.72805000000005,152.72805000000005,0.0,833.3333333333333,2562.2244054232797,0.0
2025-08-19,0,124,20:40-20:50,945.8885833333334,0.0,1.462175,1.491573660714286,37.30711190476188,1226.0019648809516,898.8771345238094,898.8771345238094,898.8771345238094,0.0,84.31856071428582,2468.53711574074,0.0
2025-08-19,0,125,20:50-21:00,964.8766666666667,0.0,1.072725,1.0786089285714286,43.280000000000086,1141.683404166666,1008.1566666666668,1008.1566666666668,1008.1566666666668,0.0,0.0,2468.53711574074,0.0
2025-08-19,0,126,21:00-21:10,952.1888833333334,0.0,1.0584749999999998,1.066816071428571,66.32439999999997,1094.2763208333326,1018.5132833333333,1018.5132833333333,1018.5132833333333,0.0,0.0,2468.53711574074,0.0
2025-08-19,0,127,21:10-21:20,923.5720833333332,0.0,1.0904,1.101845535714286,55.18626666666671,1057.3755708333329,978.75835,978.75835,978.75835,0.0,0.0,2468.53711574074,0.0
2025-08-19,0,128,21:20-21:30,922.8966666666666,0.0,1.053275,1.0583656250000002,48.171666666666624,1027.8354458333329,971.0683333333333,971.0683333333333,971.0683333333333,0.0,0.0,2468.53711574074,0.0
2025-08-19,0,129,21:30-21:40,963.3100999999999,0.0,1.1237000000000001,1.1284723214285717,32.79065000000003,981.1254458333328,714.2776000000002,714.2776000000002,714.2776000000002,0.0,281.8231499999997,2155.400282407407,0.0
2025-08-19,0,130,21:40-21:50,892.9811500000001,0.0,0.932,0.9372549107142861,40.451233333333334,859.8602541666662,852.6963708333334,852.6963708333334,852.6963708333334,0.0,80.73601249999997,2065.6936018518513,0.0
2025-08-19,0,131,21:50-22:00,754.8183333333333,0.0,0.5624,0.5674825892857142,75.5233333333332,779.1242416666662,867.687860082304,867.687860082304,867.687860082304,37.34619341563757,0.0,2099.305175925925,0.0
2025-08-19,0,132,22:00-22:10,753.8361333333334,0.0,0.5143500000000001,0.5232816964285716,44.331100000000106,809.3746583333326,1631.5005666666666,1631.5005666666666,1631.5005666666666,833.3333333333333,0.0,2849.305175925925,0.0
2025-08-19,0,133,22:10-22:20,802.3468166666667,0.0,0.575675,0.5848508928571429,42.599133333333384,741.9011416666661,844.94595,844.94595,844.94595,0.0,0.0,2849.305175925925,0.0
2025-08-19,0,134,22:20-22:30,813.9833333333332,0.0,0.57815,0.5832629464285715,61.058333333333394,634.9202583333331,875.0416666666666,875.0416666666666,875.0416666666666,0.0,0.0,2849.305175925925,0.0
2025-08-19,0,135,22:30-22:40,787.4062333333333,0.0,0.568775,0.5729718750000002,52.64501666666672,557.272033333333,840.05125,840.05125,840.05125,0.0,0.0,2849.305175925925,0.0
2025-08-19,0,136,22:40-22:50,752.3311833333333,0.0,0.544225,0.5502580357142857,42.5309666666667,492.20054999999957,1628.1954833333334,1628.1954833333334,1628.1954833333334,833.3333333333333,0.0,3599.305175925925,0.0
2025-08-19,0,137,22:50-23:00,729.6633333333332,0.0,0.5183,0.5253191964285712,58.85500000000002,415.3645124999998,1621.8516666666665,1621.8516666666665,1621.8516666666665,833.3333333333333,0.0,4349.305175925925,0.0
2025-08-19,0,138,23:00-23:10,726.1956666666666,0.0,0.5247499999999999,0.5291638392857142,36.30600000000004,384.74195416666623,1595.835,1595.835,1595.835,833.3333333333333,0.0,5099.305175925925,0.0
2025-08-19,0,139,23:10-23:20,753.07205,0.0,0.548575,0.5516428571428572,50.87993333333338,321.4884541666666,1637.2853166666666,1637.2853166666666,1637.2853166666666,833.3333333333333,0.0,5849.305175925925,0.0
2025-08-19,0,140,23:20-23:30,774.7183333333334,0.0,0.5626249999999999,0.5673674107142856,41.26166666666677,256.63914999999986,815.9800000000001,815.9800000000001,815.9800000000001,0.0,0.0,5849.305175925925,0.0
2025-08-19,0,141,23:30-23:40,738.6909,0.0,0.55225,0.5586745535714285,46.244266666666704,207.33392499999988,784.9351666666668,784.9351666666668,784.9351666666668,0.0,0.0,5849.305175925925,0.0
2025-08-19,0,142,23:40-23:50,713.6215666666667,0.0,0.5482,0.5544616071428571,52.07420000000002,118.66579999999999,765.6957666666667,765.6957666666667,765.6957666666667,0.0,0.0,5849.305175925925,0.0
2025-08-19,0,143,23:50-24:00,722.4766666666666,0.0,0.548225,0.5540839285714285,49.53166666666675,69.82624999999987,939.4470267489721,939.4470267489721,939.4470267489721,167.43869341563874,0.0,6000.0,0.0
2025-08-20,0,0,0:00-0:10,723.8545166666665,0.0,0.524,0.531475892857143,49.59293333333335,1551.1944797619049,773.4474499999999,773.4474499999999,773.4474499999999,0.0,0.0,7290.303562883597,0.0
2025-08-20,0,1,0:10-0:20,723.87205,0.0,0.5179,0.5252821428571428,46.64509999999996,1571.9200380952386,770.5171499999999,770.5171499999999,770.5171499999999,0.0,0.0,7290.303562883597,0.0
2025-08-20,0,2,0:20-0:30,721.9033333333333,0.0,0.5365,0.5432848214285714,50.613333333333344,1560.601083928572,772.5166666666667,772.5166666666667,772.5166666666667,0.0,0.0,7290.303562883597,0.0
2025-08-20,0,3,0:30-0:40,716.0684333333334,0.0,0.5424,0.5512732142857141,32.10966666666661,1534.6052505952384,748.1781,748.1781,748.1781,0.0,0.0,7290.303562883597,0.0
2025-08-20,0,4,0:40-0:50,770.8840833333334,0.0,0.538675,0.5501973214285714,58.3839333333334,1494.214648809525,829.2680166666668,829.2680166666668,829.2680166666668,0.0,0.0,7290.303562883597,0.0
2025-08-20,0,5,0:50-1:00,821.1983333333333,0.0,0.538025,0.5489424107142854,62.93166666666673,1517.6837255952394,884.13,884.13,884.13,0.0,0.0,7290.303562883597,0.0
2025-08-20,0,6,1:00-1:10,736.6440666666667,0.0,0.5442,0.5492151785714285,71.01266666666663,1546.957759523811,807.6567333333334,807.6567333333334,807.6567333333334,0.0,0.0,7290.303562883597,0.0
2025-08-20,0,7,1:10-1:20,701.8292166666666,0.0,0.5306250000000001,0.5303897321428572,49.852666666666664,1455.7975238095244,751.6818833333333,751.6818833333333,751.6818833333333,0.0,0.0,7290.303562883597,0.0
2025-08-20,0,8,1:20-1:30,752.1366666666665,0.0,0.511125,0.5108897321428574,64.71333333333325,1395.9126928571436,816.8499999999998,816.8499999999998,816.8499999999998,0.0,0.0,7290.303562883597,0.0
2025-08-20,0,9,1:30-1:40,738.1274166666667,0.0,0.5267999999999999,0.5309946428571428,49.01044999999988,1413.5137642857148,787.1378666666666,787.1378666666666,787.1378666666666,0.0,0.0,7290.303562883597,0.0
2025-08-20,0,10,1:40-1:50,688.4552666666666,0.0,0.5393,0.5438741071428572,38.65464999999995,1353.4592880952382,727.1099166666665,727.1099166666665,727.1099166666665,0.0,0.0,7290.303562883597,0.0
2025-08-20,0,11,1:50-2:00,657.5899999999999,0.0,0.5376,0.5394825892857142,49.526666666666756,1270.9422833333333,707.1166666666667,707.1166666666667,707.1166666666667,0.0,0.0,7290.303562883597,0.0
2025-08-20,0,12,2:00-2:10,665.12175,0.0,0.545575,0.550090625,69.88016666666658,1232.5905422619048,735.0019166666666,735.0019166666666,735.0019166666666,0.0,0.0,7290.303562883597,0.0
2025-08-20,0,13,2:10-2:20,677.9429,0.0,0.5376,0.54309375,68.78359999999986,1191.7310589285712,746.7264999999999,746.7264999999999,746.7264999999999,0.0,0.0,7290.303562883597,0.0
2025-08-20,0,14,2:20-2:30,693.2399999999999,0.0,0.519475,0.5236080357142858,49.014999999999986,1167.9435023809524,742.2549999999999,742.2549999999999,742.2549999999999,0.0,0.0,7290.303562883597,0.0
2025-08-20,0,15,2:30-2:40,733.2806666666667,0.0,0.5262,0.5329571428571427,48.097699999999975,1133.8322886904764,781.3783666666666,781.3783666666666,781.3783666666666,0.0,0.0,7290.303562883597,0.0
2025-08-20,0,16,2:40-2:50,750.0939166666667,0.0,0.53325,0.540515625,43.98503333333326,1028.971852976191,794.07895,794.07895,794.07895,0.0,0.0,7290.303562883597,0.0
2025-08-20,0,17,2:50-3:00,731.7816666666665,0.0,0.5269999999999999,0.5317383928571429,53.508333333333326,976.8833946428578,785.2899999999998,785.2899999999998,785.2899999999998,0.0,0.0,7290.303562883597,0.0
2025-08-20,0,18,3:00-3:10,712.5815166666666,0.0,0.5181749999999999,0.5227285714285714,48.772433333333424,927.0211958333339,761.35395,761.35395,761.35395,0.0,0.0,7290.303562883597,0.0
2025-08-20,0,19,3:10-3:20,695.2141333333334,0.0,0.509325,0.5131433035714287,52.90559285714278,858.266845238096,748.1197261904762,748.1197261904762,748.1197261904762,0.0,0.0,7290.303562883597,0.0
2025-08-20,0,20,3:20-3:30,682.3533333333332,0.0,0.50155,0.5032995535714286,42.60833333333335,816.9783839285722,724.9616666666666,724.9616666666666,724.9616666666666,0.0,0.0,7290.303562883597,0.0
2025-08-20,0,21,3:30-3:40,681.5564333333333,9.999999999999999e-05,0.495,0.4961205357142856,49.18221666666659,782.265883928572,730.7385499999999,730.7385499999999,730.7385499999999,0.0,0.0,7290.303562883597,0.0
2025-08-20,0,22,3:40-3:50,685.9595333333333,8.571428571428571e-05,0.485525,0.4874482142857142,51.42855476190476,713.9501958333337,1570.7213357142857,1570.7213357142857,1570.7213357142857,833.3333333333333,0.0,8040.303562883597,0.0
2025-08-20,0,23,3:50-4:00,679.3633333333332,0.0,0.484925,0.4880325892857143,54.875,615.0605017857141,1300.5677079071145,1300.5677079071145,1300.5677079071145,566.3293745737813,0.0,8550.0,0.0
2025-08-20,0,24,4:00-4:10,656.46385,0.00185,0.5079499999999999,0.5117977678571428,41.65788571428561,540.0757089285718,698.1198857142856,698.1198857142856,698.1198857142856,0.0,0.0,8550.0,0.0
2025-08-20,0,25,4:10-4:20,674.1356833333333,0.001307142857142857,0.5150750000000001,0.5205566964285715,53.74806666666666,468.7689910714287,727.8824428571428,727.8824428571428,727.8824428571428,0.0,0.0,8550.0,0.0
2025-08-20,0,26,4:20-4:30,714.9416666666666,0.0,0.502,0.5091455357142858,70.51666666666665,423.755174404762,785.4583333333333,785.4583333333333,785.4583333333333,0.0,0.0,8550.0,0.0
2025-08-20,0,27,4:30-4:40,703.6876833333333,0.02574285714285714,0.5010749999999999,0.5073642857142857,61.28657142857139,396.84422797619044,764.9485119047619,764.9485119047619,764.9485119047619,0.0,0.0,8550.0,0.0
2025-08-20,0,28,4:40-4:50,690.5726500000001,0.018216666666666666,0.49665000000000004,0.5012424107142858,46.62291904761901,350.4417535714284,737.1773523809524,737.1773523809524,737.1773523809524,0.0,0.0,8550.0,0.0
2025-08-20,0,29,4:50-5:00,684.1316666666667,0.0,0.48400000000000004,0.4879486607142858,62.063333333333276,361.5985535714284,1579.5283333333332,1579.5283333333332,1579.5283333333332,833.3333333333333,0.0,9300.0,0.0
2025-08-20,0,30,5:00-5:10,649.7203333333333,0.35855238095238096,0.48135,0.48643973214285696,52.10881666666671,333.0254619047614,1534.803930952381,1534.803930952381,1534.803930952381,833.3333333333333,0.0,10050.0,0.0
2025-08-20,0,31,5:10-5:20,669.2474333333332,0.4664166666666667,0.50145,0.5088790178571428,44.217728571428665,319.89476309523775,712.9987452380952,712.9987452380952,712.9987452380952,0.0,0.0,10050.0,0.0
2025-08-20,0,32,5:20-5:30,701.4616666666667,8.635714285714284,0.487525,0.49546562499999997,41.11279761904768,272.4763374999996,733.9387500000001,733.9387500000001,733.9387500000001,0.0,0.0,10050.0,0.0
2025-08-20,0,33,5:30-5:40,638.48685,41.758833333333335,0.408875,0.41344687500000005,42.91277619047622,211.79651488095232,1472.9741261904762,1472.9741261904762,1472.9741261904762,833.3333333333333,0.0,10800.0,0.0
2025-08-20,0,34,5:40-5:50,703.7226166666666,83.9787476190476,0.587175,0.5940160714285715,51.38896904761907,172.5316714285713,671.1328380952381,671.1328380952381,671.1328380952381,0.0,0.0,10800.0,0.0
2025-08-20,0,35,5:50-6:00,871.3083333333334,127.30535714285713,0.91765,0.929479017857143,48.82005952380962,176.38254642857135,0.0,0.0,0.0,0.0,792.8230357142859,9919.085515873016,0.0
2025-08-20,0,36,6:00-6:10,874.7654,175.81859761904764,0.949,0.9557227678571426,44.40989523809526,188.47194940476209,0.0,0.0,0.0,0.0,743.3566976190476,9093.133629629629,0.0
2025-08-20,0,37,6:10-6:20,816.2728833333333,223.74571666666668,0.893925,0.894404017857143,36.35771190476191,201.49809880952387,0.0,0.0,0.0,0.0,628.8848785714285,8394.372653439152,0.0
2025-08-20,0,38,6:20-6:30,804.73,269.72589285714287,0.8836250000000001,0.8835888392857142,55.39869047619038,146.44557023809557,0.0,0.0,0.0,0.0,590.4027976190475,7738.369544973543,0.0
2025-08-20,0,39,6:30-6:40,839.88555,318.6668023809524,0.832875,0.8361647321428572,49.96669999999983,196.27985000000112,0.0,0.0,0.0,0.0,571.1854476190474,7103.719047619046,0.0
2025-08-20,0,40,6:40-6:50,845.4504666666667,372.3212571428571,0.799775,0.8040566964285717,51.98639761904764,284.03404642857197,0.0,0.0,0.0,0.0,525.1156071428572,6520.2572619047605,0.0
2025-08-20,0,41,6:50-7:00,820.7333333333332,429.6151785714285,0.791175,0.7933526785714288,51.21244047619041,323.94865178571445,0.0,0.0,0.0,0.0,442.33059523809516,6028.778822751321,0.0
2025-08-20,0,42,7:00-7:10,832.7772666666666,488.0809357142857,0.7532249999999999,0.7542982142857141,47.0666190476191,371.70847023809546,0.0,0.0,0.0,0.0,391.76295000000005,5593.486656084654,0.0
2025-08-20,0,43,7:10-7:20,846.1595166666666,547.3876642857143,0.744475,0.7439616071428572,52.007376190476066,431.13105952380977,0.0,0.0,0.0,0.0,350.77922857142835,5203.731957671956,0.0
2025-08-20,0,44,7:20-7:30,824.0,604.7455357142857,0.730175,0.727950892857143,58.386666666666656,445.3206375,0.0,0.0,0.0,0.0,277.641130952381,4895.24181216931,0.0
2025-08-20,0,45,7:30-7:40,789.2197666666666,656.6467809523808,0.6551,0.6530191964285714,53.598473809523796,474.0905476190487,0.0,0.0,0.0,0.0,186.17145952380952,4688.384634920632,0.0
2025-08-20,0,46,7:40-7:50,892.8330333333333,708.5705571428571,0.848075,0.8435754464285713,46.30182142857137,531.7253375000012,0.0,0.0,0.0,0.0,230.5642976190477,4432.202082010579,0.0
2025-08-20,0,47,7:50-8:00,1081.9333333333334,763.7205357142857,1.187875,1.1795982142857142,37.383273809523814,566.565817261906,0.0,0.0,0.0,0.0,355.5960714285716,4037.0953359788327,0.0
2025-08-20,0,48,8:00-8:10,1141.0062333333333,820.4493166666666,1.1934,1.1858383928571428,45.23029047619052,584.7450285714297,0.0,0.0,0.0,0.0,365.78720714285714,3630.6651058201023,0.0
2025-08-20,0,49,8:10-8:20,1143.0671833333333,875.8188357142858,1.1199,1.113086607142857,59.84654523809513,579.7283107142856,0.0,0.0,0.0,0.0,327.09489285714267,3267.2263359788326,0.0
2025-08-20,0,50,8:20-8:30,1151.5283333333332,924.1696428571428,1.1236,1.1155678571428571,78.83345238095251,595.1474619047618,0.0,0.0,0.0,0.0,306.19214285714304,2927.0128439153405,0.0
2025-08-20,0,51,8:30-8:40,1146.7090666666666,962.5154523809522,1.1032250000000001,1.094166517857143,59.16829285714272,645.6910273809518,0.0,0.0,0.0,0.0,243.36190714285704,2656.6107248677217,0.0
2025-08-20,0,52,8:40-8:50,1115.6241499999999,1007.5721833333332,1.0801749999999999,1.0690839285714284,65.86325000000011,673.0841904761897,0.0,0.0,0.0,0.0,173.91521666666677,2463.371595238092,0.0
2025-08-20,0,53,8:50-9:00,1088.0333333333333,1063.1339285714284,1.063175,1.0479700892857144,87.40327380952368,746.7154886904756,0.0,0.0,0.0,0.0,112.30267857142849,2338.590841269838,0.0
2025-08-20,0,54,9:00-9:10,1107.3371333333332,1118.9789595238096,1.02745,1.0068254464285713,69.23222142857153,827.9143148809525,0.0,0.0,0.0,0.0,57.5903952380952,2274.60151322751,0.0
2025-08-20,0,55,9:10-9:20,1114.3586666666665,1179.2898547619047,0.999025,0.9754495535714287,55.3218357142855,850.6512589285712,0.0,0.0,0.0,9.609352380952714,0.0,2283.2499303703676,0.0
2025-08-20,0,56,9:20-9:30,1102.0316666666665,1228.6267857142857,0.9617249999999999,0.9371249999999998,66.2509523809521,826.3863410714281,0.0,0.0,0.0,60.34416666666698,0.0,2337.559680370368,0.0
2025-08-20,0,57,9:30-9:40,1120.8436499999998,1242.4658976190476,0.896725,0.8720361607142859,69.8486904761904,765.3338410714279,0.0,0.0,0.0,51.7735571428575,0.0,2384.15588179894,0.0
2025-08-20,0,58,9:40-9:50,1139.9576499999998,1252.5384738095236,0.9825499999999999,0.9748080357142858,65.55352619047608,700.9825404761898,0.0,0.0,0.0,47.02729761904766,0.0,2426.480449656083,0.0
2025-08-20,0,59,9:50-10:00,1135.67,1280.1348214285715,1.161025,1.1750589285714281,59.85815476190487,668.9951535714275,0.0,0.0,0.0,84.60666666666657,0.0,2502.6264496560825,0.0
2025-08-20,0,60,10:00-10:10,1121.0794333333333,1319.4374095238095,1.17695,1.186877678571428,60.11160476190472,659.0988059523797,0.0,0.0,0.0,138.24637142857136,0.0,2627.0481839417967,0.0
2025-08-20,0,61,10:10-10:20,1140.4668,1356.0443833333334,1.1314000000000002,1.136002678571429,70.21943571428591,639.5831083333319,0.0,0.0,0.0,145.3581476190475,0.0,2757.870516798939,0.0
2025-08-20,0,62,10:20-10:30,1183.44,1391.8455357142857,1.1512,1.1615616071428574,76.82726190476144,638.0989601190474,0.0,0.0,0.0,131.57827380952426,0.0,2876.290963227511,0.0
2025-08-20,0,63,10:30-10:40,1190.0406333333333,1437.1855738095237,1.2106750000000002,1.2236174107142865,82.75761190476207,640.5057160714282,0.0,0.0,0.0,164.38732857142827,0.0,3024.2395589417965,0.0
2025-08-20,0,64,10:40-10:50,1152.5414333333333,1465.2066380952378,0.9653499999999999,0.9647620535714285,90.60197857142873,612.5888369047616,0.0,0.0,0.0,222.0632261904757,0.0,3224.0964625132247,0.0
2025-08-20,0,65,10:50-11:00,1119.435,1476.8651785714285,0.5625,0.540465625,104.06053571428592,563.4476982142855,0.0,0.0,0.0,253.3696428571427,0.0,3452.129141084653,0.0
2025-08-20,0,66,11:00-11:10,1150.3473333333332,1498.108730952381,0.524175,0.49498839285714313,103.9764452380952,540.7159327380953,589.5483809523807,589.5483809523807,589.5483809523807,833.3333333333333,0.0,4202.129141084653,0.0
2025-08-20,0,67,11:10-11:20,1182.0045499999999,1507.3014999999998,0.601425,0.575284375,102.59410476190503,645.1683363095227,0.0,0.0,0.0,222.70284523809482,0.0,4402.561701798939,0.0
2025-08-20,0,68,11:20-11:30,1176.4133333333332,1509.4169642857141,0.594475,0.5708102678571427,88.94125000000001,710.4171708333329,0.0,0.0,0.0,244.06238095238086,0.0,4622.217844656082,0.0
2025-08-20,0,69,11:30-11:40,1151.8737333333333,1531.1806095238094,0.5490250000000001,0.5208607142857146,87.19853571428575,694.9806208333332,140.4163662551473,140.4163662551473,140.4163662551473,432.5247067313376,0.0,5011.490080714286,0.0
2025-08-20,0,70,11:40-11:50,1125.8973333333333,1533.27665,0.500425,0.4709370535714286,99.57268333333343,713.8546690476188,525.5266999999999,525.5266999999999,525.5266999999999,833.3333333333333,0.0,5761.490080714286,0.0
2025-08-20,0,71,11:50-12:00,1113.5249999999999,1518.860714285714,0.4646,0.4367709821428571,96.66589285714281,688.1716202380953,524.6635119047619,524.6635119047619,524.6635119047619,833.3333333333333,0.0,6511.490080714286,0.0
2025-08-20,0,72,12:00-12:10,1119.1325333333332,1529.368419047619,0.44565,0.41353973214285716,116.94908571428584,627.8264196428568,540.0465333333332,540.0465333333332,540.0465333333332,833.3333333333333,0.0,7261.490080714286,0.0
2025-08-20,0,73,12:10-12:20,1112.3882666666666,1524.0149714285717,0.455,0.42584955357142856,101.52983095238096,595.0241833333326,523.2364595238091,523.2364595238091,523.2364595238091,833.3333333333333,0.0,8011.490080714286,0.0
2025-08-20,0,74,12:20-12:30,1084.7966666666666,1493.0642857142857,0.45614999999999994,0.4360214285714286,104.77017857142862,499.1212505952375,529.8358928571429,529.8358928571429,529.8358928571429,833.3333333333333,0.0,8761.490080714286,0.0
2025-08-20,0,75,12:30-12:40,1065.02715,1468.2916285714284,0.42875,0.40852499999999997,122.22918809523807,485.35346488095144,552.2980428571427,552.2980428571427,552.2980428571427,833.3333333333333,0.0,9511.490080714286,0.0
2025-08-20,0,76,12:40-12:50,1104.0102333333332,1439.916123809524,0.5986,0.5774750000000001,98.0322761904763,518.1927154761905,0.0,0.0,0.0,237.87361428571444,0.0,9725.57633357143,0.0
2025-08-20,0,77,12:50-13:00,1157.3583333333331,1419.6133928571428,0.869925,0.8509799107142858,85.72857142857137,481.0060684523807,0.0,0.0,0.0,176.5264880952384,0.0,9884.450172857143,0.0
2025-08-20,0,78,13:00-13:10,1128.2140166666666,1434.042095238095,0.9003749999999999,0.8808580357142859,86.03755952380932,530.600014880952,0.0,0.0,0.0,219.79051904761923,0.0,10082.26164,0.0
2025-08-20,0,79,13:10-13:20,1108.0108,1441.8267761904763,0.885425,0.8603754464285714,76.20370238095241,491.0174910714279,0.0,0.0,0.0,257.6122738095239,0.0,10314.112686428572,0.0
2025-08-20,0,80,13:20-13:30,1144.8416666666667,1423.1964285714284,0.923025,0.8908758928571431,56.02470238095263,620.9841809523816,0.0,0.0,0.0,222.33005952380904,0.0,10514.20974,0.0
2025-08-20,0,81,13:30-13:40,1190.8282,1394.3804738095237,0.929025,0.8968705357142858,79.62093333333323,703.4026648809522,0.0,0.0,0.0,123.9313404761906,0.0,10625.747946428572,0.0
2025-08-20,0,82,13:40-13:50,1184.8716666666664,1359.8335047619048,1.0285250000000001,1.013648660714286,70.38234285714293,731.5710720238093,0.0,0.0,0.0,104.57949523809543,0.0,10719.869492142858,0.0
2025-08-20,0,83,13:50-14:00,1168.0633333333333,1322.9223214285714,1.1899000000000002,1.1962848214285717,87.37750000000005,730.2543101190479,0.0,0.0,0.0,67.48148809523809,0.0,10780.602831428572,0.0
2025-08-20,0,84,14:00-14:10,1227.4930333333332,1288.6126976190476,1.22805,1.2339558035714286,39.567254761904906,796.781021428572,0.0,0.0,0.0,21.5524095238095,0.0,10800.0,0.0
2025-08-20,0,85,14:10-14:20,1224.8898,1259.0727214285714,1.1935,1.1960455357142856,63.73077142857149,858.5125696428579,0.0,0.0,0.0,0.0,29.547849999999926,10767.169055555556,0.0
2025-08-20,0,86,14:20-14:30,1160.1983333333333,1234.4482142857144,1.21715,1.2249544642857142,91.0191666666667,885.3374654761911,0.0,0.0,0.0,0.0,16.769285714285616,10748.536515873016,0.0
2025-08-20,0,87,14:30-14:40,1173.0189833333334,1208.8207952380953,1.3317750000000002,1.344466071428572,73.68388333333328,876.1297720238101,0.0,0.0,0.0,0.0,37.88207142857141,10706.445325396826,0.0
2025-08-20,0,88,14:40-14:50,1183.7124,1158.7107476190477,1.1290250000000002,1.1314629464285717,59.59528333333333,912.0029833333341,0.0,0.0,0.0,0.0,84.59693571428556,10612.44873015873,0.0
2025-08-20,0,89,14:50-15:00,1168.385,1090.482142857143,0.73905,0.724970982142857,85.75732142857146,974.976407738096,163.66017857142856,163.66017857142856,163.66017857142856,0.0,0.0,10612.44873015873,0.0
2025-08-20,0,90,15:00-15:10,1184.7101833333331,1037.4657619047618,0.7278000000000001,0.7150151785714286,84.74487142857123,1009.3878214285724,440.3795926807753,440.3795926807753,440.3795926807753,208.39029982363272,0.0,10800.0,0.0
2025-08-20,0,91,15:10-15:20,1170.7586333333334,1003.135888095238,0.8222,0.8147299107142859,71.60084761904761,1055.4149928571437,239.2235928571431,239.2235928571431,239.2235928571431,0.0,0.0,10800.0,0.0
2025-08-20,0,92,15:20-15:30,1146.17,963.9294642857142,0.8269500000000001,0.819540625,61.89470238095225,1067.8400922619057,244.13523809523826,244.13523809523826,244.13523809523826,0.0,0.0,10800.0,0.0
2025-08-20,0,93,15:30-15:40,1198.4878999999999,894.7460142857142,0.829225,0.8215294642857144,73.40465952380934,1050.2010178571436,377.1465452380951,377.1465452380951,377.1465452380951,0.0,0.0,10800.0,0.0
2025-08-20,0,94,15:40-15:50,1240.2076833333333,838.6374714285714,0.865275,0.8613683035714287,75.90453333333335,1083.550300595239,477.47474523809524,477.47474523809524,477.47474523809524,0.0,0.0,10800.0,0.0
2025-08-20,0,95,15:50-16:00,1233.6533333333332,799.3339285714285,0.905275,0.9044129464285715,66.02458333333323,1170.6827476190488,500.34398809523805,500.34398809523805,500.34398809523805,0.0,-0.0,10800.0,0.0
2025-08-20,0,96,16:00-16:10,1226.4889666666666,738.5429642857141,0.9015249999999999,0.894817857142857,58.54359047619039,1298.0931345238105,546.489592857143,546.489592857143,546.489592857143,0.0,0.0,10800.0,0.0
2025-08-20,0,97,16:10-16:20,1228.0978166666666,675.1366071428572,0.929825,0.9220736607142858,71.45336666666674,1405.833177380953,624.4145761904763,624.4145761904763,624.4145761904763,0.0,-0.0,10800.0,0.0
2025-08-20,0,98,16:20-16:30,1229.86,619.4848214285714,0.979975,0.9775566964285713,62.45999999999992,1441.734992261906,672.8351785714283,672.8351785714283,672.8351785714283,0.0,-0.0,10800.0,0.0
2025-08-20,0,99,16:30-16:40,1219.8179833333334,561.5973428571428,0.966875,0.9642495535714286,59.43301904761904,1514.0229797619058,717.6536595238094,717.6536595238094,717.6536595238094,0.0,0.0,10800.0,0.0
2025-08-20,0,100,16:40-16:50,1202.4692166666666,503.5384499999999,0.971025,0.967098214285714,71.24671190476201,1538.8316553571442,770.1774785714287,770.1774785714287,770.1774785714287,0.0,0.0,10800.0,0.0
2025-08-20,0,101,16:50-17:00,1192.0233333333333,446.9196428571429,1.01785,1.0154437500000002,62.538392857142725,1578.0958065476207,807.6420833333332,807.6420833333332,807.6420833333332,0.0,-0.0,10800.0,0.0
2025-08-20,0,102,17:00-17:10,1196.6588833333333,390.6962071428571,1.0532249999999999,1.0540254464285712,54.80979523809515,1624.0641267857156,860.7724714285714,860.7724714285714,860.7724714285714,0.0,0.0,10800.0,0.0
2025-08-20,0,103,17:10-17:20,1182.7867833333332,337.7910333333333,1.093025,1.0965513392857145,40.876966666666476,1676.3398357142864,885.8727166666664,885.8727166666664,885.8727166666664,0.0,0.0,10800.0,0.0
2025-08-20,0,104,17:20-17:30,1206.985,285.27678571428567,1.11765,1.1217450892857144,56.66851190476177,1723.2980630952386,978.376726190476,978.376726190476,978.376726190476,0.0,0.0,10800.0,0.0
2025-08-20,0,105,17:30-17:40,1322.7325166666665,227.62424285714283,1.099475,1.1022897321428569,52.29162619047611,1724.0022839285716,1147.3998999999997,1147.3998999999997,1147.3998999999997,0.0,0.0,10800.0,0.0
2025-08-20,0,106,17:40-17:50,1191.9254999999998,175.83809285714284,1.1843249999999999,1.1892964285714285,57.52838809523814,1708.2110172619045,1073.6157952380952,1073.6157952380952,1073.6157952380952,0.0,-0.0,10800.0,0.0
2025-08-20,0,107,17:50-18:00,911.895,131.6973214285714,1.3478,1.356607142857143,35.00309523809511,1670.1049005952382,815.2007738095236,815.2007738095236,815.2007738095236,0.0,-0.0,10800.0,0.0
2025-08-20,0,108,18:00-18:10,931.54835,86.20147619047619,1.40945,1.4175732142857143,40.22032619047616,1574.5554035714292,885.5672,885.5672,885.5672,0.0,0.0,10800.0,0.0
2025-08-20,0,109,18:10-18:20,982.9713166666667,41.271683333333335,1.4183,1.4294915178571428,62.010095238095346,1577.885496428571,1003.7097285714285,1003.7097285714285,1003.7097285714285,0.0,0.0,10800.0,0.0
2025-08-20,0,110,18:20-18:30,945.8033333333333,8.53392857142857,1.4076250000000001,1.4217316964285716,59.3713095238096,1658.8881476190472,996.6407142857144,996.6407142857144,996.6407142857144,0.0,0.0,10800.0,0.0
2025-08-20,0,111,18:30-18:40,970.9023666666667,0.4276214285714286,1.3764000000000003,1.3830812500000005,49.445114285714226,1644.8019273809523,1019.9198595238095,1019.9198595238095,1019.9198595238095,0.0,0.0,10800.0,0.0
2025-08-20,0,112,18:40-18:50,969.3672666666666,0.34034047619047614,1.475775,1.4910116071428572,43.7426857142857,1583.8775410714286,1012.7696119047619,1012.7696119047619,1012.7696119047619,0.0,0.0,10800.0,0.0
2025-08-20,0,113,18:50-19:00,922.815,0.0,1.6384,1.674125892857143,66.96982142857132,1635.0676089285714,156.45148809523812,156.45148809523812,156.45148809523812,0.0,833.3333333333333,9874.074074074075,0.0
2025-08-20,0,114,19:00-19:10,921.51165,0.01951190476190476,1.6343249999999998,1.6707276785714282,39.00983095238098,1646.4856892857142,199.80266249999977,199.80266249999977,199.80266249999977,0.0,760.6993065476194,9028.852622354498,0.0
2025-08-20,0,115,19:10-19:20,953.0681,0.024435714285714286,1.6053249999999997,1.638281696428571,46.75838333333331,1578.1436083333333,999.8020476190476,999.8020476190476,999.8020476190476,0.0,0.0,9028.852622354498,0.0
2025-08-20,0,116,19:20-19:30,959.7816666666665,0.0,1.6346500000000002,1.6701250000000003,56.74499999999989,1623.1285761904758,1016.5266666666664,1016.5266666666664,1016.5266666666664,0.0,0.0,9028.852622354498,0.0
2025-08-20,0,117,19:30-19:40,900.4207333333334,0.0014023809523809527,1.6603249999999998,1.6976776785714283,41.987471428571325,1670.3423261904757,109.07346904761903,109.07346904761903,109.07346904761903,0.0,833.3333333333333,8102.926696428572,0.0
2025-08-20,0,118,19:40-19:50,868.26225,0.0017547619047619048,1.65815,1.694954910714286,32.896402380952395,1668.9726476190472,67.82356428571438,67.82356428571438,67.82356428571438,0.0,833.3333333333333,7177.0007705026455,0.0
2025-08-20,0,119,19:50-20:00,897.5983333333334,0.0,1.6486500000000002,1.68498125,66.09833333333336,1609.0510172619042,130.36333333333346,130.36333333333346,130.36333333333346,0.0,833.3333333333333,6251.074844576719,0.0
2025-08-20,0,120,20:00-20:10,934.0176499999999,9.999999999999999e-05,1.66255,1.7015598214285717,48.72074999999995,1560.7584482142852,149.4049666666666,149.4049666666666,149.4049666666666,0.0,833.3333333333333,5325.148918650793,0.0
2025-08-20,0,121,20:10-20:20,941.7707833333334,8.80952380952381e-05,1.6433499999999999,1.682688392857142,32.71219999999994,1509.500885714285,141.14956190476198,141.14956190476198,141.14956190476198,0.0,833.3333333333333,4399.222992724867,0.0
2025-08-20,0,122,20:20-20:30,941.4849999999999,0.0,1.636625,1.6758129464285716,43.27166666666676,1430.4446476190467,151.4233333333334,151.4233333333334,151.4233333333334,0.0,833.3333333333333,3473.297066798941,0.0
2025-08-20,0,123,20:30-20:40,974.2954166666666,0.0,1.699875,1.7428580357142864,48.85489999999993,1322.7017309523803,189.81698333333327,189.81698333333327,189.81698333333327,0.0,833.3333333333333,2547.371140873015,0.0
2025-08-20,0,124,20:40-20:50,965.9280666666666,0.0,1.4663,1.4952383928571427,35.160983333333206,1212.6340267857133,914.6243607142856,914.6243607142856,914.6243607142856,0.0,86.46468928571421,2451.299263888888,0.0
2025-08-20,0,125,20:50-21:00,933.8416666666667,0.0,1.0747,1.0812549107142853,43.280000000000086,1126.169337499999,977.1216666666668,977.1216666666668,977.1216666666668,0.0,0.0,2451.299263888888,0.0
2025-08-20,0,126,21:00-21:10,970.3393333333333,0.0,1.059375,1.0680683035714285,66.32439999999997,1078.7622541666658,1036.6637333333333,1036.6637333333333,1036.6637333333333,0.0,0.0,2451.299263888888,0.0
2025-08-20,0,127,21:10-21:20,987.5392166666667,0.0,1.1037,1.1148026785714282,55.18626666666671,1041.861504166666,1042.7254833333334,1042.7254833333334,1042.7254833333334,0.0,0.0,2451.299263888888,0.0
2025-08-20,0,128,21:20-21:30,965.06,0.0,1.085775,1.0907375,50.613333333333344,1012.3213791666661,1015.6733333333333,1015.6733333333333,1015.6733333333333,0.0,0.0,2451.299263888888,0.0
2025-08-20,0,129,21:30-21:40,960.7776166666665,0.0,1.1577,1.1634366071428575,36.8964666666667,968.0530458333328,722.3984166666669,722.3984166666669,722.3984166666669,0.0,275.2756666666663,2145.4374120370367,0.0
2025-08-20,0,130,21:40-21:50,895.9192833333333,0.0,0.93845,0.9447656249999998,40.451233333333334,850.8936708333329,855.6345041666663,855.6345041666663,855.6345041666663,0.0,80.73601250000037,2055.7307314814807,0.0
2025-08-20,0,131,21:50-22:00,789.0316666666665,0.0,0.5418499999999999,0.546870089285714,75.5233333333332,770.1576583333328,901.9011934156377,901.9011934156377,901.9011934156377,37.346193415638076,0.0,2089.342305555555,0.0
2025-08-20,0,132,22:00-22:10,752.0999166666667,0.0,0.5079250000000001,0.5160486607142858,44.331100000000106,800.4080749999993,1629.76435,1629.76435,1629.76435,833.3333333333333,0.0,2839.342305555555,0.0
2025-08-20,0,133,22:10-22:20,742.57375,0.0,0.564375,0.5727602678571427,42.599133333333384,732.9345583333328,785.1728833333334,785.1728833333334,785.1728833333334,0.0,0.0,2839.342305555555,0.0
2025-08-20,0,134,22:20-22:30,737.9383333333333,0.0,0.538325,0.5430316964285716,65.05500000000006,625.9536749999997,802.9933333333333,802.9933333333333,802.9933333333333,0.0,0.0,2839.342305555555,0.0
2025-08-20,0,135,22:30-22:40,759.9621833333333,0.0,0.535775,0.5395991071428571,52.64501666666672,552.3021166666663,812.6072,812.6072,812.6072,0.0,0.0,2839.342305555555,0.0
2025-08-20,0,136,22:40-22:50,768.6429499999999,0.0,0.5413749999999999,0.5465433035714286,42.5309666666667,487.2306333333329,811.1739166666666,811.1739166666666,811.1739166666666,0.0,0.0,2839.342305555555,0.0
2025-08-20,0,137,22:50-23:00,744.4333333333334,0.0,0.529875,0.5356977678571427,58.85500000000002,410.39459583333314,981.7968827160502,981.7968827160502,981.7968827160502,178.50854938271672,0.0,3000.0,0.0
2025-08-20,0,138,23:00-23:10,709.1470666666667,0.0,0.50945,0.5133022321428572,36.30600000000004,379.77203749999956,1578.7864,1578.7864,1578.7864,833.3333333333333,0.0,3750.0,0.0
2025-08-20,0,139,23:10-23:20,701.4430833333332,0.0,0.5216000000000001,0.5242736607142858,50.87993333333338,316.5185374999999,1585.6563499999997,1585.6563499999997,1585.6563499999997,833.3333333333333,0.0,4500.0,0.0
2025-08-20,0,140,23:20-23:30,709.995,0.0,0.540375,0.5442473214285715,41.26166666666677,251.66923333333318,751.2566666666668,751.2566666666668,751.2566666666668,0.0,0.0,4500.0,0.0
2025-08-20,0,141,23:30-23:40,694.9739833333333,0.0,0.506,0.5116754464285715,46.244266666666704,202.3640083333332,1574.5515833333334,1574.5515833333334,1574.5515833333334,833.3333333333333,0.0,5250.0,0.0
2025-08-20,0,142,23:40-23:50,713.7088333333332,0.0,0.51955,0.5253616071428572,57.044116666666696,113.69588333333331,1604.086283333333,1604.086283333333,1604.086283333333,833.3333333333333,0.0,6000.0,0.0
2025-08-20,0,143,23:50-24:00,757.1283333333333,0.0,0.56755,0.5732674107142856,49.53166666666675,69.82624999999987,806.6600000000001,806.6600000000001,806.6600000000001,0.0,0.0,6000.0,0.0
2025-08-21,0,0,0:00-0:10,752.6039666666667,0.0,0.5335749999999999,0.5416098214285713,49.59293333333335,1545.0198297619047,802.1969,802.1969,802.1969,0.0,0.0,6975.720772189164,0.0
2025-08-21,0,1,0:10-0:20,736.9686166666667,0.0,0.5072,0.515998214285714,46.64509999999996,1565.7453880952387,783.6137166666666,783.6137166666666,783.6137166666666,0.0,0.0,6975.720772189164,0.0
2025-08-21,0,2,0:20-0:30,742.8616666666667,0.0,0.530575,0.5383419642857142,50.64666666666665,1554.426433928572,793.5083333333333,793.5083333333333,793.5083333333333,0.0,0.0,6975.720772189164,0.0
2025-08-21,0,3,0:30-0:40,764.0699666666666,0.0,0.5553,0.562494642857143,43.48029999999994,1528.4639339285716,807.5502666666665,807.5502666666665,807.5502666666665,0.0,0.0,6975.720772189164,0.0
2025-08-21,0,4,0:40-0:50,770.4365666666665,0.0,0.5727,0.5825924107142857,58.3839333333334,1499.4439654761916,828.8204999999999,828.8204999999999,828.8204999999999,0.0,0.0,6975.720772189164,0.0
2025-08-21,0,5,0:50-1:00,753.895,0.0,0.565525,0.5771258928571428,62.93166666666673,1522.9130422619057,816.8266666666667,816.8266666666667,816.8266666666667,0.0,0.0,6975.720772189164,0.0
2025-08-21,0,6,1:00-1:10,728.5399833333332,0.0,0.5190250000000001,0.5240580357142859,71.01266666666663,1552.1870761904775,799.5526499999999,799.5526499999999,799.5526499999999,0.0,0.0,6975.720772189164,0.0
2025-08-21,0,7,1:10-1:20,688.3025333333333,0.0,0.50305,0.5020928571428571,49.852666666666664,1461.0268404761907,738.1551999999999,738.1551999999999,738.1551999999999,0.0,0.0,6975.720772189164,0.0
2025-08-21,0,8,1:20-1:30,668.7666666666667,0.0,0.5266249999999999,0.5261517857142856,64.71333333333325,1401.14200952381,733.4799999999999,733.4799999999999,733.4799999999999,0.0,0.0,6975.720772189164,0.0
2025-08-21,0,9,1:30-1:40,716.8966999999999,0.0,0.5297499999999999,0.5335875,49.01044999999988,1418.7430809523808,765.9071499999998,765.9071499999998,765.9071499999998,0.0,0.0,6975.720772189164,0.0
2025-08-21,0,10,1:40-1:50,741.7849166666666,0.0,0.5059,0.5099258928571428,38.65464999999995,1357.1991595238092,780.4395666666666,780.4395666666666,780.4395666666666,0.0,0.0,6975.720772189164,0.0
2025-08-21,0,11,1:50-2:00,722.2149999999999,0.0,0.495,0.49642366071428573,52.4816666666668,1274.6821547619043,774.6966666666667,774.6966666666667,774.6966666666667,0.0,0.0,6975.720772189164,0.0
2025-08-21,0,12,2:00-2:10,719.1529333333333,0.0,0.53875,0.5427892857142856,69.88016666666658,1239.2854136904762,789.0330999999999,789.0330999999999,789.0330999999999,0.0,0.0,6975.720772189164,0.0
2025-08-21,0,13,2:10-2:20,706.4738333333332,0.0,0.561375,0.5661830357142857,66.30595000000005,1198.425930357142,772.7797833333333,772.7797833333333,772.7797833333333,0.0,0.0,6975.720772189164,0.0
2025-08-21,0,14,2:20-2:30,700.7266666666666,0.0,0.533975,0.5374120535714284,49.014999999999986,1169.4518261904761,749.7416666666666,749.7416666666666,749.7416666666666,0.0,0.0,6975.720772189164,0.0
2025-08-21,0,15,2:30-2:40,740.8644666666667,0.0,0.497575,0.5042142857142857,48.097699999999975,1138.0495101190475,788.9621666666667,788.9621666666667,788.9621666666667,0.0,0.0,6975.720772189164,0.0
2025-08-21,0,16,2:40-2:50,701.6863,0.0,0.466075,0.4732647321428572,43.98503333333326,1033.1890744047623,1579.0046666666665,1579.0046666666665,1579.0046666666665,833.3333333333333,0.0,7725.720772189164,0.0
2025-08-21,0,17,2:50-3:00,612.2733333333333,0.0,0.455375,0.4603598214285714,61.25,981.1006160714289,1506.8566666666666,1506.8566666666666,1506.8566666666666,833.3333333333333,0.0,8475.720772189165,0.0
2025-08-21,0,18,3:00-3:10,635.1119333333334,0.0,0.480825,0.4877486607142858,48.772433333333424,937.2711035714287,683.8843666666668,683.8843666666668,683.8843666666668,0.0,0.0,8475.720772189165,0.0
2025-08-21,0,19,3:10-3:20,686.4974166666666,0.0,0.5170999999999999,0.522655357142857,52.90559285714278,868.5167529761908,739.4030095238094,739.4030095238094,739.4030095238094,0.0,0.0,8475.720772189165,0.0
2025-08-21,0,20,3:20-3:30,718.0749999999999,0.0,0.5313,0.5320897321428572,42.60833333333335,827.228291666667,760.6833333333333,760.6833333333333,760.6833333333333,0.0,0.0,8475.720772189165,0.0
2025-08-21,0,21,3:30-3:40,756.1024666666667,0.00015476190476190475,0.507125,0.5079223214285714,49.18221666666659,792.5157916666669,805.2845285714285,805.2845285714285,805.2845285714285,0.0,0.0,8475.720772189165,0.0
2025-08-21,0,22,3:40-3:50,733.9463499999999,3.095238095238095e-05,0.4828,0.48548526785714285,51.42855476190476,725.9090839285716,867.9073491548965,867.9073491548965,867.9073491548965,82.5324753453727,0.0,8550.0,0.0
2025-08-21,0,23,3:50-4:00,671.375,0.0,0.4901,0.49385535714285694,41.42666666666673,627.019389880952,712.8016666666667,712.8016666666667,712.8016666666667,0.0,0.0,8550.0,0.0
2025-08-21,0,24,4:00-4:10,667.3715166666666,0.0025976190476190474,0.52325,0.5275933035714285,41.65788571428561,538.5862636904764,709.0268047619046,709.0268047619046,709.0268047619046,0.0,0.0,8550.0,0.0
2025-08-21,0,25,4:10-4:20,694.8381666666667,0.0005309523809523809,0.511825,0.5166339285714286,53.74806666666666,467.2795458333334,748.5857023809524,748.5857023809524,748.5857023809524,0.0,0.0,8550.0,0.0
2025-08-21,0,26,4:20-4:30,691.9533333333334,0.0,0.47175,0.4776919642857142,70.51666666666665,422.26572916666663,1595.8033333333333,1595.8033333333333,1595.8033333333333,833.3333333333333,0.0,9300.0,0.0
2025-08-21,0,27,4:30-4:40,627.9930166666666,0.03615,0.48739999999999994,0.4953058035714285,61.28657142857139,395.3547827380951,689.2434380952379,689.2434380952379,689.2434380952379,0.0,0.0,9300.0,0.0
2025-08-21,0,28,4:40-4:50,600.0558333333333,0.0074095238095238086,0.508975,0.5156933035714286,46.62291904761901,348.9523083333331,646.6713428571428,646.6713428571428,646.6713428571428,0.0,0.0,9300.0,0.0
2025-08-21,0,29,4:50-5:00,634.4766666666667,0.0,0.5112,0.515009375,62.063333333333276,380.8982017857136,696.54,696.54,696.54,0.0,0.0,9300.0,0.0
2025-08-21,0,30,5:00-5:10,666.4304833333333,0.5035071428571428,0.5190250000000001,0.5240388392857143,52.10881666666671,426.8592964285707,718.0357928571428,718.0357928571428,718.0357928571428,0.0,0.0,9300.0,0.0
2025-08-21,0,31,5:10-5:20,677.3231999999999,0.2271238095238095,0.52065,0.5285049107142856,44.217728571428665,420.7975452380948,721.3138047619047,721.3138047619047,721.3138047619047,0.0,0.0,9300.0,0.0
2025-08-21,0,32,5:20-5:30,659.1033333333332,6.239285714285712,0.47175,0.47997232142857166,41.11279761904768,343.81816904761854,1527.3101785714284,1527.3101785714284,1527.3101785714284,833.3333333333333,0.0,10050.0,0.0
2025-08-21,0,33,5:30-5:40,632.5669499999999,37.85883809523809,0.39065,0.39581339285714295,44.40222142857158,302.28410654761853,1472.4436666666666,1472.4436666666666,1472.4436666666666,833.3333333333333,0.0,10800.0,0.0
2025-08-21,0,34,5:40-5:50,731.6729666666666,78.92164047619048,0.6100000000000001,0.6176683035714287,51.38896904761907,261.5564714285713,704.1402952380952,704.1402952380952,704.1402952380952,0.0,-0.0,10800.0,0.0
2025-08-21,0,35,5:50-6:00,872.905,121.02053571428571,0.9702,0.9827888392857143,48.82005952380962,222.90341726190465,0.0,0.0,0.0,0.0,800.7045238095238,9910.328306878308,0.0
2025-08-21,0,36,6:00-6:10,834.0680333333332,167.86166904761905,0.954475,0.9620834821428572,44.40989523809526,199.24085535714264,0.0,0.0,0.0,0.0,710.6162595238095,9120.754685185186,0.0
2025-08-21,0,37,6:10-6:20,810.5227333333333,214.05912142857144,0.8841749999999999,0.8862857142857142,39.066609523809575,208.5858488095235,0.0,0.0,0.0,0.0,635.5302214285715,8414.609994708995,0.0
2025-08-21,0,38,6:20-6:30,857.0033333333333,257.8848214285714,0.915925,0.917572321428571,59.52571428571434,228.88789999999972,0.0,0.0,0.0,0.0,658.6442261904763,7682.783076719577,0.0
2025-08-21,0,39,6:30-6:40,837.6612833333334,303.54162857142853,0.882675,0.8856205357142862,49.96669999999983,284.5704595238093,0.0,0.0,0.0,0.0,584.0863547619047,7033.798238095239,0.0
2025-08-21,0,40,6:40-6:50,839.1585,354.4464619047619,0.84145,0.8460928571428569,51.98639761904764,356.70157916666636,0.0,0.0,0.0,0.0,536.6984357142858,6437.466642857144,0.0
2025-08-21,0,41,6:50-7:00,869.4699999999999,410.32232142857134,0.81875,0.8240156249999996,52.93553571428572,396.8708928571429,0.0,0.0,0.0,0.0,512.0832142857143,5868.485293650794,0.0
2025-08-21,0,42,7:00-7:10,837.4153166666666,468.0234547619048,0.772725,0.7760834821428569,49.418835714285706,460.14006904761874,0.0,0.0,0.0,0.0,418.8106976190475,5403.140074074075,0.0
2025-08-21,0,43,7:10-7:20,800.6398,526.5318166666667,0.747025,0.7476941964285713,54.423569047619026,518.7921160714284,0.0,0.0,0.0,0.0,328.53155238095235,5038.105015873017,0.0
2025-08-21,0,44,7:20-7:30,794.0916666666667,582.6848214285715,0.711825,0.7106388392857144,59.15535714285704,571.0399410714283,127.82789285714333,127.82789285714333,127.82789285714333,0.0,142.73430952380895,4879.51133862434,0.0
2025-08-21,0,45,7:30-7:40,812.1438666666666,633.1137333333334,0.635925,0.6335941964285714,69.82675476190468,620.3126494047614,248.85688809523788,248.85688809523788,248.85688809523788,0.0,0.0,4879.51133862434,0.0
2025-08-21,0,46,7:40-7:50,926.5194333333334,684.160557142857,0.8416,0.835895535714286,50.681826190476215,671.019420833333,0.0,0.0,0.0,0.0,293.04070238095255,4553.91055820106,0.0
2025-08-21,0,47,7:50-8:00,1092.7616666666665,737.3125000000001,1.200825,1.1915111607142859,43.146250000000094,668.4750761904759,0.0,0.0,0.0,0.0,398.59541666666644,4111.026761904764,0.0
2025-08-21,0,48,8:00-8:10,1163.0314833333332,789.2836571428571,1.2242,1.216184821428571,45.23029047619052,714.2372785714283,0.0,0.0,0.0,0.0,418.97811666666655,3645.4955211640226,0.0
2025-08-21,0,49,8:10-8:20,1124.1307833333333,846.2495619047619,1.126275,1.1198223214285716,59.84654523809513,703.594945833333,0.0,0.0,0.0,0.0,337.7277666666665,3270.2424470899487,0.0
2025-08-21,0,50,8:20-8:30,1075.4183333333333,901.0160714285713,1.08805,1.0810660714285711,79.59511904761922,710.3212470238091,0.0,0.0,0.0,0.0,253.99738095238115,2988.023134920636,0.0
2025-08-21,0,51,8:30-8:40,1131.8220833333332,939.6420404761905,1.075275,1.0671714285714287,59.904095238095124,753.9334535714289,0.0,0.0,0.0,0.0,252.0841380952379,2707.929648148149,0.0
2025-08-21,0,52,8:40-8:50,1167.02885,983.327707142857,1.05585,1.0442290178571427,70.61653333333331,770.4286089285717,0.0,0.0,0.0,0.0,254.31767619047628,2425.3544523809533,0.0
2025-08-21,0,53,8:50-9:00,1131.9266666666667,1036.475,1.018125,1.0013401785714282,94.84428571428577,797.424710714286,0.0,0.0,0.0,0.0,190.2959523809527,2213.9145052910058,0.0
2025-08-21,0,54,9:00-9:10,1106.8751666666667,1086.0276047619047,0.97605,0.9556638392857144,71.38490714285717,838.941320238095,0.0,0.0,0.0,0.0,92.23246904761913,2111.4339841269843,0.0
2025-08-21,0,55,9:10-9:20,1132.7584666666667,1150.1785023809523,0.9710999999999999,0.9478491071428572,56.164771428571385,820.2905857142858,0.0,0.0,0.0,0.0,38.74473571428575,2068.384277777778,0.0
2025-08-21,0,56,9:20-9:30,1150.0416666666665,1210.911607142857,0.9647,0.9385906249999999,67.56940476190465,751.6659166666668,0.0,0.0,0.0,0.0,6.699464285714157,2060.940428571429,0.0
2025-08-21,0,57,9:30-9:40,1076.5774666666666,1227.8387,0.900925,0.8752571428571426,74.4899000000001,701.556171428571,0.0,0.0,0.0,76.77133333333336,0.0,2130.034628571429,0.0
2025-08-21,0,58,9:40-9:50,1085.0838833333332,1246.1594833333331,0.9868999999999999,0.9786892857142856,65.55352619047608,627.4332428571427,0.0,0.0,0.0,95.52207380952382,0.0,2216.0044950000006,0.0
2025-08-21,0,59,9:50-10:00,1167.195,1284.2428571428572,1.16955,1.1822941964285714,57.8982738095238,593.4234303571425,0.0,0.0,0.0,59.14958333333357,0.0,2269.2391200000006,0.0
2025-08-21,0,60,10:00-10:10,1142.4989666666665,1317.8563095238094,1.170575,1.1785678571428568,55.634283333333315,593.1882708333329,0.0,0.0,0.0,119.72305952380952,0.0,2376.989873571429,0.0
2025-08-21,0,61,10:10-10:20,1119.7901,1347.4685857142856,1.1128,1.1163366071428575,70.21943571428591,549.0743720238094,0.0,0.0,0.0,157.4590499999997,0.0,2518.703018571429,0.0
2025-08-21,0,62,10:20-10:30,1152.6299999999999,1385.9071428571426,1.1303750000000001,1.1410830357142858,83.85886904761901,543.256204761905,0.0,0.0,0.0,149.41827380952373,0.0,2653.179465,0.0
2025-08-21,0,63,10:30-10:40,1171.6470333333332,1439.7151404761903,1.182775,1.1955964285714287,82.75761190476207,545.0141065476193,0.0,0.0,0.0,185.31049523809497,0.0,2819.9589107142856,0.0
2025-08-21,0,64,10:40-10:50,1139.2361166666665,1469.9288190476186,0.92615,0.9238165178571426,90.60197857142873,528.945010119048,0.0,0.0,0.0,240.0907238095233,0.0,3036.0405621428567,0.0
2025-08-21,0,65,10:50-11:00,1085.3733333333332,1476.7089285714285,0.508975,0.4843924107142855,101.34440476190471,503.17419345238164,0.0,0.0,0.0,289.99119047619047,0.0,3297.032633571428,0.0
2025-08-21,0,66,11:00-11:10,1080.0232666666666,1495.342507142857,0.453275,0.4226316964285714,103.9764452380952,533.0873702380959,521.9905380952382,521.9905380952382,521.9905380952382,833.3333333333333,0.0,4047.032633571428,0.0
2025-08-21,0,67,11:10-11:20,1119.04975,1501.223880952381,0.517625,0.48902678571428565,97.1908833333332,620.0902303571424,0.0,0.0,0.0,284.9832476190479,0.0,4303.517556428571,0.0
2025-08-21,0,68,11:20-11:30,1151.3666666666666,1496.4276785714285,0.5157,0.48824999999999996,88.94125000000001,679.9358434523807,0.0,0.0,0.0,256.11976190476184,0.0,4534.025342142857,0.0
2025-08-21,0,69,11:30-11:40,1127.0340999999999,1509.941323809524,0.50215,0.47404062500000016,87.19853571428575,670.8389476190478,48.944064285716365,48.944064285716365,48.944064285716365,344.6527523809547,0.0,4844.212819285716,0.0
2025-08-21,0,70,11:40-11:50,1108.5899166666666,1511.3661452380952,0.4859,0.45819553571428573,101.12643095238067,658.4296470238102,531.6835357142852,531.6835357142852,531.6835357142852,833.3333333333333,0.0,5594.212819285716,0.0
2025-08-21,0,71,11:50-12:00,1113.1083333333331,1495.9258928571428,0.468425,0.4406674107142856,105.5095238095239,658.2564547619046,556.0252976190475,556.0252976190475,556.0252976190475,833.3333333333333,0.0,6344.212819285716,0.0
2025-08-21,0,72,12:00-12:10,1098.1033,1490.7448809523808,0.460075,0.4288191964285714,116.94908571428584,605.8183172619042,557.6408380952382,557.6408380952382,557.6408380952382,833.3333333333333,0.0,7094.212819285716,0.0
2025-08-21,0,73,12:10-12:20,1077.3184999999999,1487.1062190476189,0.47725,0.45033705357142856,115.05527380952367,546.3012523809522,538.6008880952379,538.6008880952379,538.6008880952379,833.3333333333333,0.0,7844.212819285716,0.0
2025-08-21,0,74,12:20-12:30,1054.7216666666666,1473.4223214285712,0.48447500000000004,0.46625267857142844,110.99892857142856,462.93617678571377,525.6316071428571,525.6316071428571,525.6316071428571,833.3333333333333,0.0,8594.212819285716,0.0
2025-08-21,0,75,12:30-12:40,1028.7435,1449.277007142857,0.45875,0.43846875,122.22918809523807,438.45715178571345,535.0290142857143,535.0290142857143,535.0290142857143,833.3333333333333,0.0,9344.212819285716,0.0
2025-08-21,0,76,12:40-12:50,1069.4899666666665,1432.2882857142858,0.6232500000000001,0.6014410714285716,98.0322761904763,480.6145571428572,0.0,0.0,0.0,264.766042857143,0.0,9582.502257857144,0.0
2025-08-21,0,77,12:50-13:00,1157.0283333333332,1433.2767857142858,0.8917999999999999,0.8728223214285712,80.13374999999989,435.09734107142833,0.0,0.0,0.0,196.11470238095262,0.0,9759.005490000001,0.0
2025-08-21,0,78,13:00-13:10,1191.0392666666667,1445.6779428571429,0.9323,0.9121495535714287,82.41580952380961,490.3897922619045,0.0,0.0,0.0,172.2228666666665,0.0,9914.006070000001,0.0
2025-08-21,0,79,13:10-13:20,1181.8683833333332,1439.7350595238095,0.9065500000000001,0.8813160714285716,86.93218095238096,447.1855184523806,0.0,0.0,0.0,170.93449523809522,0.0,10067.847115714287,0.0
2025-08-21,0,80,13:20-13:30,1152.7383333333332,1412.1499999999999,0.9090499999999999,0.8782093749999998,58.1229166666667,570.096351190477,0.0,0.0,0.0,201.28874999999994,0.0,10249.006990714286,0.0
2025-08-21,0,81,13:30-13:40,1114.7983166666666,1385.1122666666665,0.89175,0.8607808035714284,86.90680714285706,655.4848904761901,0.0,0.0,0.0,183.40714285714284,0.0,10414.073419285714,0.0
2025-08-21,0,82,13:40-13:50,1094.1339166666667,1354.6412857142857,1.004625,0.9901517857142857,88.45508571428566,690.9391714285713,0.0,0.0,0.0,172.05228333333343,0.0,10568.920474285715,0.0
2025-08-21,0,83,13:50-14:00,1105.1816666666666,1319.2330357142855,1.1854749999999998,1.1917580357142854,87.37750000000005,707.7776363095236,0.0,0.0,0.0,126.67386904761884,0.0,10682.926956428571,0.0
2025-08-21,0,84,14:00-14:10,1139.3903166666666,1285.1323785714287,1.201525,1.2071120535714284,43.51759761904775,766.9373238095235,0.0,0.0,0.0,102.22446428571425,0.0,10774.928974285715,0.0
2025-08-21,0,85,14:10-14:20,1160.5808666666667,1252.168333333333,1.1866750000000001,1.189141964285714,63.73077142857149,832.6192148809523,0.0,0.0,0.0,27.85669523809497,0.0,10800.0,0.0
2025-08-21,0,86,14:20-14:30,1173.3533333333332,1220.2232142857142,1.2553750000000001,1.2626714285714287,96.87101190476173,859.4441107142857,0.0,0.0,0.0,0.0,50.00113095238066,10744.443187830688,0.0
2025-08-21,0,87,14:30-14:40,1205.8971333333334,1187.2902023809525,1.338475,1.3486629464285722,73.68388333333328,856.0882624999997,0.0,0.0,0.0,0.0,92.2908142857143,10641.897838624338,0.0
2025-08-21,0,88,14:40-14:50,1195.4113,1137.9712404761904,1.11285,1.1142767857142857,59.59528333333333,891.9614738095237,0.0,0.0,0.0,0.0,117.03534285714295,10511.858568783067,0.0
2025-08-21,0,89,14:50-15:00,1163.0333333333333,1080.9383928571428,0.7403500000000001,0.7283183035714285,97.09601190476201,954.9348982142856,179.19095238095247,179.19095238095247,179.19095238095247,0.0,0.0,10511.858568783067,0.0
2025-08-21,0,90,15:00-15:10,1193.9503833333333,1042.5357595238095,0.729325,0.7161401785714282,84.74487142857123,1000.6850023809525,556.316641034687,556.316641034687,556.316641034687,320.15714579659186,0.0,10800.0,0.0
2025-08-21,0,91,15:10-15:20,1205.7151166666665,1010.0666714285715,0.7991,0.7891281250000002,71.60084761904761,1046.7121738095238,267.24929285714256,267.24929285714256,267.24929285714256,0.0,0.0,10800.0,0.0
2025-08-21,0,92,15:20-15:30,1186.54,961.2348214285713,0.7899749999999999,0.781384375,63.340476190476295,1059.1372732142859,288.6456547619049,288.6456547619049,288.6456547619049,0.0,0.0,10800.0,0.0
2025-08-21,0,93,15:30-15:40,1206.6323499999999,888.0852976190474,0.82785,0.8207343750000001,73.40465952380934,1042.9439726190478,391.95171190476185,391.95171190476185,391.95171190476185,0.0,0.0,10800.0,0.0
2025-08-21,0,94,15:40-15:50,1212.44155,835.4648833333332,0.8853,0.8814669642857144,75.90453333333335,1076.2932553571432,452.88120000000015,452.88120000000015,452.88120000000015,0.0,0.0,10800.0,0.0
2025-08-21,0,95,15:50-16:00,1192.1333333333332,799.636607142857,0.914825,0.912395535714286,66.02458333333323,1151.943778571429,458.5213095238096,458.5213095238096,458.5213095238096,0.0,-0.0,10800.0,0.0
2025-08-21,0,96,16:00-16:10,1194.5250166666665,734.1338261904762,0.9071,0.8994674107142855,58.54359047619039,1279.3541654761907,518.9347809523806,518.9347809523806,518.9347809523806,0.0,0.0,10800.0,0.0
2025-08-21,0,97,16:10-16:20,1214.8926,667.2231595238095,0.9131999999999999,0.9053339285714284,71.45336666666674,1384.1602916666666,619.1228071428573,619.1228071428573,619.1228071428573,0.0,0.0,10800.0,0.0
2025-08-21,0,98,16:20-16:30,1222.3916666666667,613.2125000000001,0.941125,0.9388321428571428,62.45999999999992,1420.0621065476194,671.6391666666664,671.6391666666664,671.6391666666664,0.0,-0.0,10800.0,0.0
2025-08-21,0,99,16:30-16:40,1197.5738999999999,556.8188452380952,0.96045,0.9589857142857144,59.43301904761904,1492.3500940476197,700.1880738095236,700.1880738095236,700.1880738095236,0.0,-0.0,10800.0,0.0
2025-08-21,0,100,16:40-16:50,1209.6687666666667,497.6853642857143,1.01335,1.0111013392857147,71.24671190476201,1517.1587696428576,783.2301142857143,783.2301142857143,783.2301142857143,0.0,-0.0,10800.0,0.0
2025-08-21,0,101,16:50-17:00,1245.6016666666665,439.6946428571428,1.070125,1.0686767857142858,62.538392857142725,1560.9679041666673,868.4454166666665,868.4454166666665,868.4454166666665,0.0,-0.0,10800.0,0.0
2025-08-21,0,102,17:00-17:10,1224.6749666666665,385.73815476190475,1.05535,1.0559892857142856,54.80979523809515,1605.312891071429,893.7466071428569,893.7466071428569,893.7466071428569,-0.0,0.0,10800.0,0.0
2025-08-21,0,103,17:10-17:20,1211.4291666666666,334.14107380952385,1.0681,1.0716955357142859,42.002761904761826,1657.5886,919.2908547619046,919.2908547619046,919.2908547619046,-0.0,0.0,10800.0,0.0
2025-08-21,0,104,17:20-17:30,1246.71,281.2857142857142,1.114275,1.119538839285714,55.432738095238165,1705.6726226190472,1020.857023809524,1020.857023809524,1020.857023809524,0.0,0.0,10800.0,0.0
2025-08-21,0,105,17:30-17:40,1282.8036333333332,225.15644285714282,1.115675,1.1196419642857145,52.29162619047611,1705.1410696428568,1109.9388166666665,1109.9388166666665,1109.9388166666665,0.0,0.0,10800.0,0.0
2025-08-21,0,106,17:40-17:50,1172.2348666666667,173.011,1.1994500000000001,1.206085267857143,57.52838809523814,1689.34980297619,1056.7522547619049,1056.7522547619049,1056.7522547619049,0.0,0.0,10800.0,0.0
2025-08-21,0,107,17:50-18:00,967.6133333333333,126.8455357142857,1.3339750000000001,1.3446982142857142,42.370119047619255,1659.6025696428567,883.1379166666669,883.1379166666669,883.1379166666669,0.0,0.0,10800.0,0.0
2025-08-21,0,108,18:00-18:10,886.7520166666666,82.03273095238094,1.348225,1.3558044642857143,40.22032619047616,1571.4200964285722,844.9396119047618,844.9396119047618,844.9396119047618,0.0,0.0,10800.0,0.0
2025-08-21,0,109,18:10-18:20,910.5216333333333,38.241709523809526,1.3534000000000002,1.3630504464285713,62.010095238095346,1574.750189285714,934.2900190476191,934.2900190476191,934.2900190476191,0.0,-0.0,10800.0,0.0
2025-08-21,0,110,18:20-18:30,950.29,6.204464285714286,1.3846749999999999,1.3989080357142865,59.3713095238096,1655.7528404761902,1003.4568452380953,1003.4568452380953,1003.4568452380953,0.0,0.0,10800.0,0.0
2025-08-21,0,111,18:30-18:40,939.9454499999999,0.16084761904761904,1.3807749999999999,1.388736607142857,49.445114285714226,1641.6666202380954,989.2297166666665,989.2297166666665,989.2297166666665,0.0,0.0,10800.0,0.0
2025-08-21,0,112,18:40-18:50,932.1562333333333,0.5025928571428571,1.4786,1.4939763392857142,43.7426857142857,1580.7422339285715,975.3963261904761,975.3963261904761,975.3963261904761,0.0,0.0,10800.0,0.0
2025-08-21,0,113,18:50-19:00,952.2833333333333,0.0,1.6350000000000002,1.669809821428572,66.96982142857132,1631.9323017857146,1019.2531547619046,1019.2531547619046,1019.2531547619046,0.0,-0.0,10800.0,0.0
2025-08-21,0,114,19:00-19:10,970.8595333333333,0.006552380952380952,1.6515,1.6896415178571433,39.00983095238098,1643.3503821428571,176.52947857142863,176.52947857142863,176.52947857142863,0.0,833.3333333333333,9874.074074074075,0.0
2025-08-21,0,115,19:10-19:20,968.4192833333333,0.03608571428571428,1.6296,1.6645312500000002,46.75838333333331,1574.9361678571427,1015.1415809523809,1015.1415809523809,1015.1415809523809,0.0,0.0,9874.074074074075,0.0
2025-08-21,0,116,19:20-19:30,950.535,0.0,1.6425,1.6773491071428575,56.74499999999989,1614.6902690476186,173.9466666666666,173.9466666666666,173.9466666666666,0.0,833.3333333333333,8948.14814814815,0.0
2025-08-21,0,117,19:30-19:40,940.6401166666666,0.0004714285714285715,1.6615499999999999,1.698616517857142,41.987471428571325,1652.8573523809519,149.29378333333318,149.29378333333318,149.29378333333318,0.0,833.3333333333333,8022.2222222222235,0.0
2025-08-21,0,118,19:40-19:50,945.2428,0.002590476190476191,1.673025,1.7107790178571423,44.37832619047617,1651.4876738095234,156.28520238095246,156.28520238095246,156.28520238095246,0.0,833.3333333333333,7096.296296296297,0.0
2025-08-21,0,119,19:50-20:00,949.8016666666667,0.0,1.678025,1.715410714285714,66.09833333333336,1603.0479672619042,182.56666666666683,182.56666666666683,182.56666666666683,0.0,833.3333333333333,6170.370370370371,0.0
2025-08-21,0,120,20:00-20:10,935.1067833333333,3.3333333333333335e-05,1.67795,1.717355357142857,51.654666666666685,1548.030398214285,153.42808333333335,153.42808333333335,153.42808333333335,0.0,833.3333333333333,5244.444444444445,0.0
2025-08-21,0,121,20:10-20:20,928.8877,0.00014761904761904763,1.640975,1.6808607142857153,32.71219999999994,1499.7067523809517,128.26641904761902,128.26641904761902,128.26641904761902,0.0,833.3333333333333,4318.518518518519,0.0
2025-08-21,0,122,20:20-20:30,954.9433333333333,0.0,1.6338249999999999,1.6738660714285718,43.27166666666676,1420.6505142857134,227.72156011904588,227.72156011904588,227.72156011904588,0.0,770.4934398809542,3462.41469642857,0.0
2025-08-21,0,123,20:30-20:40,1003.3797166666666,0.0,1.710425,1.7529084821428567,48.85489999999993,1312.907597619047,218.90128333333337,218.90128333333337,218.90128333333337,0.0,833.3333333333333,2536.4887705026445,0.0
2025-08-21,0,124,20:40-20:50,998.1125666666667,0.0,1.4743499999999998,1.5031455357142856,30.615999999999985,1202.83989345238,937.718894047619,937.718894047619,937.718894047619,0.0,91.00967261904766,2435.366912037036,0.0
2025-08-21,0,125,20:50-21:00,964.7749999999999,0.0,1.0657999999999999,1.073290625,44.90333333333331,1111.8302208333325,1009.6783333333332,1009.6783333333332,1009.6783333333332,0.0,0.0,2435.366912037036,0.0
2025-08-21,0,126,21:00-21:10,993.4655666666665,0.0,1.046525,1.053836607142857,66.32439999999997,1066.0464708333325,1059.7899666666665,1059.7899666666665,1059.7899666666665,0.0,0.0,2435.366912037036,0.0
2025-08-21,0,127,21:10-21:20,968.2147,0.0,1.08015,1.0897419642857145,55.18626666666671,1029.145720833333,1023.4009666666667,1023.4009666666667,1023.4009666666667,0.0,0.0,2435.366912037036,0.0
2025-08-21,0,128,21:20-21:30,912.085,0.0,1.0395750000000001,1.0451147321428573,50.613333333333344,999.6055958333329,962.6983333333334,962.6983333333334,962.6983333333334,0.0,0.0,2435.366912037036,0.0
2025-08-21,0,129,21:30-21:40,953.4317166666666,0.0,1.100625,1.105641964285714,36.8964666666667,955.3372624999997,716.6758500000004,716.6758500000004,716.6758500000004,0.0,273.6523333333329,2131.3087638888883,0.0
2025-08-21,0,130,21:40-21:50,887.7859333333333,0.0,0.9116499999999998,0.9163290178571428,32.0923499999999,838.1778874999997,830.7833875,830.7833875,830.7833875,0.0,89.0948958333332,2032.3144351851847,0.0
2025-08-21,0,131,21:50-22:00,730.0516666666667,0.0,0.567525,0.5718924107142856,75.5233333333332,749.0829916666662,842.9211934156375,842.9211934156375,842.9211934156375,37.34619341563757,0.0,2065.9260092592585,0.0
2025-08-21,0,132,22:00-22:10,711.4839666666667,0.0,0.553725,0.5616339285714286,44.331100000000106,779.3334083333326,755.8150666666668,755.8150666666668,755.8150666666668,0.0,0.0,2065.9260092592585,0.0
2025-08-21,0,133,22:10-22:20,717.3761666666666,0.0,0.5981500000000001,0.6065446428571428,42.599133333333384,711.8598916666662,759.9753,759.9753,759.9753,0.0,0.0,2065.9260092592585,0.0
2025-08-21,0,134,22:20-22:30,711.1333333333333,0.0,0.5532,0.5574991071428573,65.05500000000006,604.8790083333331,776.1883333333334,776.1883333333334,776.1883333333334,0.0,0.0,2065.9260092592585,0.0
2025-08-21,0,135,22:30-22:40,774.93865,0.0,0.5482499999999999,0.549897767857143,52.64501666666672,531.2274499999996,827.5836666666668,827.5836666666668,827.5836666666668,0.0,0.0,2065.9260092592585,0.0
2025-08-21,0,136,22:40-22:50,800.4394833333333,0.0,0.5426500000000001,0.5464419642857145,42.5309666666667,466.15596666666625,842.97045,842.97045,842.97045,0.0,0.0,2065.9260092592585,0.0
2025-08-21,0,137,22:50-23:00,769.7816666666665,0.0,0.52695,0.5341553571428571,58.85500000000002,389.3199291666665,1661.9699999999998,1661.9699999999998,1661.9699999999998,833.3333333333333,0.0,2815.9260092592585,0.0
2025-08-21,0,138,23:00-23:10,767.1795833333333,0.0,0.5443,0.5496584821428571,36.37813333333338,358.6973708333329,803.5577166666667,803.5577166666667,803.5577166666667,0.0,0.0,2815.9260092592585,0.0
2025-08-21,0,139,23:10-23:20,731.2660833333332,0.0,0.54195,0.5457933035714287,56.110800000000154,295.5160041666666,991.903539711935,991.903539711935,991.903539711935,204.52665637860161,0.0,3000.0,0.0
2025-08-21,0,140,23:20-23:30,700.5283333333333,0.0,0.52335,0.5286888392857143,50.308333333333394,235.89756666666665,1584.17,1584.17,1584.17,833.3333333333333,0.0,3750.0,0.0
2025-08-21,0,141,23:30-23:40,772.1922166666666,0.0,0.5383,0.5450754464285715,46.244266666666704,195.6390083333333,1651.7698166666664,1651.7698166666664,1651.7698166666664,833.3333333333333,0.0,4500.0,0.0
2025-08-21,0,142,23:40-23:50,739.7195666666667,0.0,0.50235,0.5087571428571428,57.044116666666696,106.9708833333334,1630.0970166666666,1630.0970166666666,1630.0970166666666,833.3333333333333,0.0,5250.0,0.0
2025-08-21,0,143,23:50-24:00,601.9549999999999,0.0,0.42272499999999996,0.42869151785714266,56.25666666666666,63.101249999999965,1491.5449999999998,1491.5449999999998,1491.5449999999998,833.3333333333333,0.0,6000.0,0.0
2025-08-22,0,0,0:00-0:10,570.4031666666666,0.0,0.40335,0.41130491071428565,49.59293333333335,1476.701951190477,619.9961,619.9961,619.9961,0.0,0.0,7322.30325100529,0.0
2025-08-22,0,1,0:10-0:20,579.8694833333333,0.0,0.43205,0.4413392857142859,46.64509999999996,1490.8208785714294,0.0,0.0,0.0,0.0,626.5145833333332,6626.175936190475,0.0
2025-08-22,0,2,0:20-0:30,584.175,0.0,0.45282500000000003,0.461753125,52.733333333333235,1479.5019244047628,0.0,0.0,0.0,0.0,636.9083333333332,5918.500010264549,0.0
2025-08-22,0,3,0:30-0:40,610.8022,0.0,0.425875,0.4331767857142857,43.48029999999994,1451.393591071429,654.2824999999999,654.2824999999999,654.2824999999999,0.0,0.0,5918.500010264549,0.0
2025-08-22,0,4,0:40-0:50,618.7025,0.0,0.424925,0.43393705357142853,61.6862666666666,1423.0650803571443,680.3887666666666,680.3887666666666,680.3887666666666,0.0,0.0,5918.500010264549,0.0
2025-08-22,0,5,0:50-1:00,594.5866666666666,0.0,0.45185,0.4626379464285715,83.18499999999995,1437.7813184523825,0.0,0.0,0.0,0.0,677.7716666666665,5165.42038063492,0.0
2025-08-22,0,6,1:00-1:10,571.8025333333333,0.0,0.43562499999999993,0.4402361607142856,71.01266666666663,1487.1070190476205,0.0,0.0,0.0,0.0,642.8151999999999,4451.181269523809,0.0
2025-08-22,0,7,1:10-1:20,583.9170833333333,0.0,0.41492500000000004,0.4137026785714286,49.852666666666664,1395.9467833333338,633.7697499999999,633.7697499999999,633.7697499999999,0.0,0.0,4451.181269523809,0.0
2025-08-22,0,8,1:20-1:30,601.54,0.0,0.41355,0.4123120535714285,64.71333333333325,1336.061952380953,666.2533333333332,666.2533333333332,666.2533333333332,0.0,0.0,4451.181269523809,0.0
2025-08-22,0,9,1:30-1:40,565.90675,0.0,0.41355,0.41563839285714294,30.762649999999894,1353.663023809524,596.6693999999999,596.6693999999999,596.6693999999999,0.0,0.0,4451.181269523809,0.0
2025-08-22,0,10,1:40-1:50,546.79265,0.0,0.402625,0.40555624999999995,29.458650000000034,1273.8713023809523,576.2513,576.2513,576.2513,0.0,0.0,4451.181269523809,0.0
2025-08-22,0,11,1:50-2:00,555.9216666666666,0.0,0.38942499999999997,0.3911004464285714,53.76999999999998,1182.1582976190475,609.6916666666666,609.6916666666666,609.6916666666666,0.0,0.0,4451.181269523809,0.0
2025-08-22,0,12,2:00-2:10,541.99605,0.0,0.395175,0.3985169642857142,78.09561666666673,1148.0498898809524,620.0916666666667,620.0916666666667,620.0916666666667,0.0,0.0,4451.181269523809,0.0
2025-08-22,0,13,2:10-2:20,560.6152999999999,0.0,0.415525,0.41934241071428563,68.78359999999986,1115.405856547619,629.3988999999998,629.3988999999998,629.3988999999998,0.0,0.0,4451.181269523809,0.0
2025-08-22,0,14,2:20-2:30,592.5366666666666,0.0,0.423925,0.42743392857142853,59.12166666666667,1088.9094023809523,651.6583333333333,651.6583333333333,651.6583333333333,0.0,0.0,4451.181269523809,0.0
2025-08-22,0,15,2:30-2:40,554.8608833333333,0.0,0.3991,0.406009375,48.097699999999975,1067.6137529761904,602.9585833333333,602.9585833333333,602.9585833333333,0.0,0.0,4451.181269523809,0.0
2025-08-22,0,16,2:40-2:50,517.2578666666666,0.0,0.399925,0.40780803571428564,43.98503333333326,962.7533172619054,561.2428999999998,561.2428999999998,561.2428999999998,0.0,0.0,4451.181269523809,0.0
2025-08-22,0,17,2:50-3:00,518.925,0.0,0.429775,0.4361477678571429,63.02999999999986,910.6648589285719,581.9549999999998,581.9549999999998,581.9549999999998,0.0,0.0,4451.181269523809,0.0
2025-08-22,0,18,3:00-3:10,531.1439666666666,0.0,0.43182499999999996,0.4396785714285714,63.53470000000004,870.3742351190479,369.76212588095296,369.76212588095296,369.76212588095296,0.0,224.91654078571372,4201.274001984127,0.0
2025-08-22,0,19,3:10-3:20,533.1488666666667,0.0,0.41197500000000004,0.4172375,52.90559285714278,816.3821511904764,586.0544595238094,586.0544595238094,586.0544595238094,0.0,0.0,4201.274001984127,0.0
2025-08-22,0,20,3:20-3:30,521.6583333333333,0.0,0.395425,0.3951397321428572,42.60833333333335,775.0936898809525,564.2666666666667,564.2666666666667,564.2666666666667,0.0,0.0,4201.274001984127,0.0
2025-08-22,0,21,3:30-3:40,506.90588333333335,0.00020714285714285713,0.3982,0.3984754464285715,49.18221666666659,740.3811898809524,556.0878928571428,556.0878928571428,556.0878928571428,0.0,0.0,4201.274001984127,0.0
2025-08-22,0,22,3:40-3:50,495.1996,0.0,0.389775,0.39212098214285723,69.46919999999989,672.0155934523812,564.6687999999999,564.6687999999999,564.6687999999999,0.0,0.0,4201.274001984127,0.0
2025-08-22,0,23,3:50-4:00,512.97,0.0,0.3824,0.3851,54.875,591.1665446428565,567.845,567.845,567.845,0.0,0.0,4201.274001984127,0.0
2025-08-22,0,24,4:00-4:10,573.06905,0.003319047619047619,0.414175,0.4171102678571428,48.26451666666674,516.1817517857143,621.3302476190477,621.3302476190477,621.3302476190477,0.0,0.0,4201.274001984127,0.0
2025-08-22,0,25,4:10-4:20,556.7397,0.00010476190476190477,0.41357499999999997,0.4179531250000001,53.74806666666666,451.4816648809523,610.4876619047619,610.4876619047619,610.4876619047619,0.0,0.0,4201.274001984127,0.0
2025-08-22,0,26,4:20-4:30,488.82,0.0,0.38615,0.3930339285714286,76.15999999999997,406.4678482142856,564.98,564.98,564.98,0.0,0.0,4201.274001984127,0.0
2025-08-22,0,27,4:30-4:40,509.6275166666667,0.04618571428571428,0.40640000000000004,0.4151933035714287,61.28657142857139,385.20023511904736,570.8679023809524,570.8679023809524,570.8679023809524,0.0,0.0,4201.274001984127,0.0
2025-08-22,0,28,4:40-4:50,520.3663166666666,0.001469047619047619,0.40785,0.41569196428571425,56.575800000000015,338.79776071428535,576.9406476190476,576.9406476190476,576.9406476190476,0.0,0.0,4201.274001984127,0.0
2025-08-22,0,29,4:50-5:00,494.5833333333333,0.0,0.378825,0.38431473214285716,62.264999999999986,392.2110541666658,556.8483333333334,556.8483333333334,556.8483333333334,0.0,0.0,4201.274001984127,0.0
2025-08-22,0,30,5:00-5:10,508.35356666666667,0.643302380952381,0.3791,0.3848919642857144,52.10881666666671,437.25407440476107,559.819080952381,559.819080952381,559.819080952381,0.0,0.0,4201.274001984127,0.0
2025-08-22,0,31,5:10-5:20,514.6669166666666,0.08293095238095237,0.389975,0.39749508928571414,44.217728571428665,427.8330999999994,558.8017142857143,558.8017142857143,558.8017142857143,0.0,0.0,4201.274001984127,0.0
2025-08-22,0,32,5:20-5:30,503.8066666666667,4.580357142857142,0.3574,0.3652982142857143,41.11279761904768,350.8537238095231,540.3391071428573,540.3391071428573,540.3391071428573,0.0,0.0,4201.274001984127,0.0
2025-08-22,0,33,5:30-5:40,514.10635,36.05159285714285,0.284475,0.29041428571428574,44.40222142857158,309.3196613095231,1355.790311904762,1355.790311904762,1355.790311904762,833.3333333333333,0.0,4951.274001984127,0.0
2025-08-22,0,34,5:40-5:50,500.7570666666666,77.71589999999999,0.442875,0.4509290178571429,51.38896904761907,268.59202619047585,0.0,0.0,0.0,0.0,474.43013571428577,4424.129406746031,0.0
2025-08-22,0,35,5:50-6:00,461.2783333333333,120.87767857142856,0.72685,0.7385352678571427,48.82005952380962,229.9389720238092,0.0,0.0,0.0,0.0,389.2207142857144,3991.661946428571,0.0
2025-08-22,0,36,6:00-6:10,447.02763333333337,169.14947142857142,0.7374999999999999,0.7451285714285714,44.40989523809526,209.63563333333298,0.0,0.0,0.0,0.0,322.2880571428572,3633.56410515873,0.0
2025-08-22,0,37,6:10-6:20,468.3258833333333,216.15040714285715,0.67015,0.6734790178571426,39.066609523809575,219.3979744047616,0.0,0.0,0.0,0.0,291.24208571428574,3309.9617876984125,0.0
2025-08-22,0,38,6:20-6:30,504.595,260.21696428571425,0.6541750000000001,0.6568647321428572,59.52571428571434,239.70002559523786,0.0,0.0,0.0,0.0,303.9037500000001,2972.290954365079,0.0
2025-08-22,0,39,6:30-6:40,527.3110833333333,306.64378809523805,0.628325,0.6310066964285715,42.93114523809527,295.38258511904746,0.0,0.0,0.0,0.0,263.5984404761905,2679.403798280423,0.0
2025-08-22,0,40,6:40-6:50,554.3491666666666,358.83993571428573,0.64185,0.6452044642857143,51.582745238095185,360.47814999999997,0.0,0.0,0.0,0.0,247.0919761904761,2404.8571580687826,0.0
2025-08-22,0,41,6:50-7:00,579.6933333333333,415.09285714285716,0.6621750000000001,0.6659879464285717,51.21244047619041,401.69511011904774,0.0,0.0,0.0,0.0,215.81291666666652,2165.065028439153,0.0
2025-08-22,0,42,7:00-7:10,576.5298166666666,470.9966738095239,0.598175,0.6003901785714286,47.0666190476191,455.8446357142856,0.0,0.0,0.0,0.0,152.5997619047618,1995.5097374338623,0.0
2025-08-22,0,43,7:10-7:20,575.5463666666667,529.39215,0.5653,0.5656080357142859,54.423569047619026,497.40048571428576,0.0,0.0,0.0,0.0,100.57778571428571,1883.756642195767,0.0
2025-08-22,0,44,7:20-7:30,573.38,589.1473214285713,0.564975,0.5636955357142857,59.15535714285704,537.0440732142856,0.0,0.0,0.0,0.0,43.38803571428571,1835.5477136243385,0.0
2025-08-22,0,45,7:30-7:40,542.9395,645.0499785714285,0.5136,0.5097901785714286,69.82675476190468,571.9929422619047,0.0,0.0,0.0,32.28372380952385,0.0,1864.6030650529099,0.0
2025-08-22,0,46,7:40-7:50,552.4195333333332,698.9023642857143,0.637975,0.6303598214285714,50.681826190476215,594.095974404762,0.0,0.0,0.0,95.80100476190489,0.0,1950.8239693386242,0.0
2025-08-22,0,47,7:50-8:00,578.9083333333333,754.2526785714286,0.8655,0.8553214285714288,43.146250000000094,629.916463095238,0.0,0.0,0.0,132.19809523809522,-0.0,2069.80225505291,0.0
2025-08-22,0,48,8:00-8:10,531.4630999999999,813.2113952380953,0.8649,0.8565348214285716,45.23029047619052,674.7283380952381,0.0,0.0,0.0,-0.0,134.25450573809493,1920.6305820105822,0.0
2025-08-22,0,49,8:10-8:20,503.9193,872.3863285714285,0.7784249999999999,0.7715852678571427,59.84654523809513,648.5675238095239,0.0,0.0,0.0,308.62048333333337,-0.0,2198.3890170105824,0.0
2025-08-22,0,50,8:20-8:30,524.8516666666667,926.1312499999999,0.735125,0.7270723214285715,79.59511904761922,614.372832142858,0.0,0.0,0.0,0.0,-0.0,2198.3890170105824,0.0
2025-08-22,0,51,8:30-8:40,538.2386166666666,970.204476190476,0.72605,0.7153808035714285,59.904095238095124,595.6831297619057,0.0,0.0,0.0,-0.0,241.221280190476,1930.3653723544971,0.0
2025-08-22,0,52,8:40-8:50,595.7765499999999,1009.3955833333334,0.734575,0.7198584821428573,70.61653333333331,657.3288351190477,0.0,0.0,0.0,343.0025000000005,0.0,2239.067622354499,0.0
2025-08-22,0,53,8:50-9:00,668.2966666666666,1048.4035714285712,0.73265,0.7137575892857143,94.84428571428577,667.0076547619049,0.0,0.0,0.0,285.26261904761884,-0.0,2495.8039794973556,0.0
2025-08-22,0,54,9:00-9:10,659.1604,1091.8227309523807,0.6986249999999999,0.6775093749999997,69.23222142857153,693.8114642857154,0.0,0.0,0.0,363.430109523809,0.0,2822.8910780687834,0.0
2025-08-22,0,55,9:10-9:20,635.2748166666667,1151.702388095238,0.67755,0.6544419642857141,55.3218357142855,687.7071892857143,0.0,0.0,0.0,-3.768697738331594e-13,833.3333333333333,1896.9651521428568,0.0
2025-08-22,0,56,9:20-9:30,644.0166666666667,1206.530357142857,0.6662,0.6402174107142857,67.56940476190465,622.1390886904766,0.0,0.0,0.0,494.94428571428557,0.0,2342.415009285714,0.0
2025-08-22,0,57,9:30-9:40,668.3939,1221.086680952381,0.639,0.6128441964285718,83.74383333333338,552.309535119048,0.0,0.0,0.0,-0.0,545.6420351428566,1736.1460813492067,0.0
2025-08-22,0,58,9:40-9:50,680.8036833333333,1244.5864547619046,0.73195,0.7230857142857143,65.20870714285707,482.53147321428617,0.0,0.0,0.0,498.57406428571426,0.0,2184.86273920635,0.0
2025-08-22,0,59,9:50-10:00,660.8666666666666,1289.9910714285713,0.8817999999999999,0.894102232142857,57.8982738095238,454.39636488095243,0.0,0.0,0.0,-0.0,461.45560754761976,1672.1342863756613,0.0
2025-08-22,0,60,10:00-10:10,617.6784833333334,1322.534107142857,0.8733500000000001,0.8803558035714285,52.53036428571386,424.92085773809515,0.0,0.0,0.0,652.3252595238098,0.0,2259.2270199470904,0.0
2025-08-22,0,61,10:10-10:20,635.9680833333333,1347.6541499999998,0.839325,0.8405437499999996,70.21943571428591,398.38050773809533,0.0,0.0,0.0,-0.0,559.942255452381,1637.0689583333337,0.0
2025-08-22,0,62,10:20-10:30,694.8133333333333,1383.9339285714282,0.8751,0.8829709821428577,83.85886904761901,393.3620625000003,0.0,0.0,0.0,0.0,10.064308333333408,1625.8863935185186,0.0
2025-08-22,0,63,10:30-10:40,694.6537,1439.6837928571426,0.895175,0.9069808035714286,82.75761190476207,383.29775416666683,0.0,0.0,0.0,-0.0,0.0,1625.8863935185188,0.0
2025-08-22,0,64,10:40-10:50,713.13535,1474.3309,0.6197,0.6165941964285715,90.60197857142873,368.2067827380957,0.0,0.0,0.0,-0.0,62.96632916666621,1555.9238055555563,0.0
2025-08-22,0,65,10:50-11:00,735.4183333333333,1481.4482142857141,0.22919999999999996,0.20257678571428567,108.39690476190496,320.3314250000007,0.0,0.0,0.0,637.632976190476,-0.0,2129.793484126985,0.0
2025-08-22,0,66,11:00-11:10,665.2890666666666,1491.1530238095238,0.21005000000000001,0.17919555357142855,123.63508571428565,275.995335714286,0.0,0.0,0.0,-0.0,499.8469464285716,1574.4079880952384,0.0
2025-08-22,0,67,11:10-11:20,627.5589166666666,1494.9441619047616,0.256975,0.228865625,113.99653333333322,336.96718928571426,0.0,0.0,0.0,753.3887119047613,-0.0,2252.4578288095236,0.0
2025-08-22,0,68,11:20-11:30,664.9816666666666,1491.8723214285712,0.20415000000000003,0.17809555357142862,108.03970238095201,413.61845238095253,0.0,0.0,0.0,0.0,466.9466310476186,1733.6282387566139,0.0
2025-08-22,0,69,11:30-11:40,694.1804833333333,1493.7434238095238,0.191325,0.16582901785714285,163.40148809523808,428.5810309523809,0.0,0.0,0.0,-0.0,0.0,1733.6282387566139,0.0
2025-08-22,0,70,11:40-11:50,684.0632333333333,1493.0134833333334,0.208025,0.1813223214285715,122.71997857142856,480.2654148809524,0.0,0.0,0.0,23.33248383304036,0.0,1754.6274742063501,0.0
2025-08-22,0,71,11:50-12:00,651.775,1488.350892857143,0.21100000000000002,0.1817633928571429,109.31083333333333,499.1647267857151,0.0,0.0,0.0,-0.0,35.52537464285585,1715.154835714288,0.0
2025-08-22,0,72,12:00-12:10,641.6098833333333,1485.339314285714,0.1858,0.15507499999999994,146.70710476190465,442.6601964285713,0.0,0.0,0.0,697.022326190476,0.0,2342.4749292857164,0.0
2025-08-22,0,73,12:10-12:20,670.3427666666666,1473.0201119047617,0.19425,0.1688192142857143,135.93724047619048,403.06266964285726,0.0,0.0,0.0,666.7401047619046,0.0,2942.5410235714307,0.0
2025-08-22,0,74,12:20-12:30,712.1516666666666,1453.7999999999997,0.20595000000000002,0.18760225000000003,119.89327380952395,338.14100059523827,0.0,0.0,0.0,621.7550595238091,0.0,3502.1205771428586,0.0
2025-08-22,0,75,12:30-12:40,719.5012333333334,1443.240257142857,0.160475,0.1420982857142858,150.70002142857174,279.83385297619077,0.0,0.0,0.0,573.0390023809518,0.0,4017.8556792857153,0.0
2025-08-22,0,76,12:40-12:50,699.5272833333333,1439.156633333333,0.30445,0.28199374999999993,135.83731904761905,371.9266464285728,0.0,0.0,0.0,603.7920309523806,0.0,4561.268507142858,0.0
2025-08-22,0,77,12:50-13:00,676.5016666666667,1437.786607142857,0.563025,0.5407633928571427,85.72857142857137,446.62441785714395,0.0,0.0,0.0,675.556369047619,0.0,5169.269239285715,0.0
2025-08-22,0,78,13:00-13:10,670.9803999999999,1435.703854761905,0.5934250000000001,0.5708424107142858,87.86341428571416,457.2597928571436,0.0,0.0,0.0,676.8600404761909,0.0,5778.443275714288,0.0
2025-08-22,0,79,13:10-13:20,676.6439499999999,1419.3628071428568,0.570425,0.5453616071428571,90.87433809523768,522.6642678571438,0.0,0.0,0.0,651.8445190476192,0.0,6365.1033428571445,0.0
2025-08-22,0,80,13:20-13:30,687.3999999999999,1389.5625,0.587225,0.5578995535714285,69.41065476190465,521.799061309524,0.0,0.0,0.0,632.7518452380955,0.0,6934.580003571429,0.0
2025-08-22,0,81,13:30-13:40,700.6130499999999,1360.1239,0.578075,0.5473852678571427,93.5759047619046,578.6775119047622,0.0,0.0,0.0,565.9349452380956,0.0,7443.921454285716,0.0
2025-08-22,0,82,13:40-13:50,700.3114833333334,1329.4513047619048,0.6912750000000001,0.6765941964285717,101.63007619047607,620.800890476191,0.0,0.0,0.0,527.5097452380953,0.0,7918.680225000003,0.0
2025-08-22,0,83,13:50-14:00,684.3283333333334,1294.8080357142853,0.878725,0.8856495535714287,91.65744047619046,650.8143458333336,0.0,0.0,0.0,518.8222619047614,0.0,8385.62026071429,0.0
2025-08-22,0,84,14:00-14:10,669.8885166666666,1257.7260452380951,0.9173749999999999,0.9232973214285713,53.271838095238024,714.2539738095239,0.0,0.0,0.0,534.5656904761904,0.0,8866.729382142861,0.0
2025-08-22,0,85,14:10-14:20,681.9327,1224.9337119047618,0.89095,0.8930799107142854,67.69194523809512,782.1056982142859,0.0,0.0,0.0,475.30906666666664,0.0,9294.507542142861,0.0
2025-08-22,0,86,14:20-14:30,724.605,1198.0098214285713,0.9187000000000001,0.925159375,105.00380952380925,809.3277726190478,0.0,0.0,0.0,368.4010119047621,0.0,9626.068452857147,0.0
2025-08-22,0,87,14:30-14:40,773.7618,1169.2709499999999,0.99355,1.0023294642857143,73.68388333333328,814.1047220238095,0.0,0.0,0.0,321.82526666666615,0.0,9915.711192857141,0.0
2025-08-22,0,88,14:40-14:50,784.7638833333333,1120.9873452380953,0.8020499999999999,0.802549107142857,59.59528333333333,849.9779333333333,0.0,0.0,0.0,276.62817857142863,0.0,10164.676553571426,0.0
2025-08-22,0,89,14:50-15:00,765.2033333333334,1063.3580357142855,0.4546,0.44270312500000003,100.66809523809525,912.9513577380952,0.0,0.0,0.0,197.48660714285688,0.0,10342.414499999997,0.0
2025-08-22,0,90,15:00-15:10,760.4872666666666,1026.160138095238,0.400525,0.38739508928571426,87.74977142857136,962.2735452380954,0.0,0.0,0.0,177.92309999999998,0.0,10502.545289999998,0.0
2025-08-22,0,91,15:10-15:20,741.8734666666666,996.1156285714287,0.45435000000000003,0.4441816964285715,75.5224642857143,1011.3056166666672,0.0,0.0,0.0,178.7196976190478,0.0,10663.39301785714,0.0
2025-08-22,0,92,15:20-15:30,730.1766666666667,951.3973214285712,0.482425,0.47358482142857145,69.43511904761903,1027.6523327380958,0.0,0.0,0.0,151.7855357142854,0.0,10799.999999999998,0.0
2025-08-22,0,93,15:30-15:40,776.6659833333333,885.029811904762,0.5389999999999999,0.5312013392857142,78.27899523809526,1017.5536750000003,0.0,0.0,0.0,-0.0,-1.4551915228366855e-11,10800.0,0.0
2025-08-22,0,94,15:40-15:50,784.8427166666667,836.8379666666665,0.5694250000000001,0.5649026785714287,75.90453333333335,1055.7772934523814,23.90928333333352,23.90928333333352,23.90928333333352,0.0,0.0,10800.0,0.0
2025-08-22,0,95,15:50-16:00,741.1283333333333,803.4160714285714,0.5708000000000001,0.5688558035714287,75.39214285714263,1142.9097404761915,13.104404761904561,13.104404761904561,13.104404761904561,0.0,0.0,10800.0,0.0
2025-08-22,0,96,16:00-16:10,732.24475,742.7947999999999,0.600475,0.595397767857143,58.54359047619039,1279.6826869047625,47.99354047619045,47.99354047619045,47.99354047619045,0.0,-0.0,10800.0,0.0
2025-08-22,0,97,16:10-16:20,762.7651166666666,677.2348404761904,0.6351749999999999,0.6302267857142858,71.45336666666674,1384.4888130952381,156.98364285714297,156.98364285714297,156.98364285714297,-0.0,0.0,10800.0,0.0
2025-08-22,0,98,16:20-16:30,795.35,620.0348214285714,0.66205,0.661135267857143,62.45999999999992,1420.390627976191,237.77517857142857,237.77517857142857,237.77517857142857,0.0,0.0,10800.0,0.0
2025-08-22,0,99,16:30-16:40,783.49685,561.4470380952381,0.68955,0.6882758928571429,59.43301904761904,1492.6786154761915,281.48283095238094,281.48283095238094,281.48283095238094,0.0,0.0,10800.0,0.0
2025-08-22,0,100,16:40-16:50,725.2630166666665,501.9915785714286,0.688375,0.6855361607142856,71.24671190476201,1517.4872910714294,294.51815,294.51815,294.51815,0.0,0.0,10800.0,0.0
2025-08-22,0,101,16:50-17:00,653.0999999999999,444.1678571428571,0.671875,0.6690066964285712,62.538392857142725,1561.2964255952388,271.4705357142856,271.4705357142856,271.4705357142856,0.0,0.0,10800.0,0.0
2025-08-22,0,102,17:00-17:10,613.04035,389.1385714285714,0.692725,0.6910991071428576,54.80979523809515,1605.6414125000008,278.7115738095237,278.7115738095237,278.7115738095237,0.0,0.0,10800.0,0.0
2025-08-22,0,103,17:10-17:20,612.4984999999999,336.12532857142855,0.7484000000000001,0.7504955357142855,42.002761904761826,1657.9171214285716,318.37593333333325,318.37593333333325,318.37593333333325,0.0,0.0,10800.0,0.0
2025-08-22,0,104,17:20-17:30,630.63,282.2544642857143,0.7819,0.7876875000000003,55.432738095238165,1706.0011440476187,403.8082738095239,403.8082738095239,403.8082738095239,0.0,-0.0,10800.0,0.0
2025-08-22,0,105,17:30-17:40,641.1508166666666,225.29301666666663,0.762,0.7674852678571431,52.29162619047611,1705.4695910714286,468.1494261904761,468.1494261904761,468.1494261904761,0.0,0.0,10800.0,0.0
2025-08-22,0,106,17:40-17:50,666.7293666666667,171.77481904761902,0.9067,0.9144111607142855,57.52838809523814,1689.6783244047617,552.4829357142858,552.4829357142858,552.4829357142858,-0.0,0.0,10800.0,0.0
2025-08-22,0,107,17:50-18:00,681.1899999999999,124.20982142857142,1.1553,1.1666504464285716,42.370119047619255,1659.9310910714285,599.3502976190478,599.3502976190478,599.3502976190478,0.0,-0.0,10800.0,0.0
2025-08-22,0,108,18:00-18:10,634.7121666666667,79.29779047619047,1.2133500000000002,1.2227700892857147,47.804733333333274,1570.6748678571437,603.2191095238095,603.2191095238095,603.2191095238095,0.0,0.0,10800.0,0.0
2025-08-22,0,109,18:10-18:20,622.708,35.913176190476186,1.2106999999999999,1.2224308035714286,65.57409047619035,1576.808717857143,652.3689142857141,652.3689142857141,652.3689142857141,0.0,0.0,10800.0,0.0
2025-08-22,0,110,18:20-18:30,656.4633333333334,4.50625,1.2258,1.2406495535714284,59.3713095238096,1658.6944309523808,711.328392857143,711.328392857143,711.328392857143,0.0,0.0,10800.0,0.0
2025-08-22,0,111,18:30-18:40,655.3536999999999,0.006676190476190475,1.2217,1.229047767857143,49.445114285714226,1644.6082107142856,704.7921380952379,704.7921380952379,704.7921380952379,0.0,0.0,10800.0,0.0
2025-08-22,0,112,18:40-18:50,653.3073333333333,0.6284761904761904,1.332925,1.347401339285714,43.7426857142857,1583.6838244047622,696.4215428571429,696.4215428571429,696.4215428571429,0.0,0.0,10800.0,0.0
2025-08-22,0,113,18:50-19:00,663.3149999999999,0.0,1.487425,1.5218258928571426,66.96982142857132,1634.873892261905,0.0,0.0,0.0,0.0,730.2848214285713,9988.57242063492,0.0
2025-08-22,0,114,19:00-19:10,657.0035666666666,0.0,1.4633250000000002,1.5016950892857146,39.00983095238098,1644.7769726190477,0.0,0.0,0.0,0.0,696.0133976190476,9215.224201058201,0.0
2025-08-22,0,115,19:10-19:20,643.79855,0.04512380952380952,1.4362,1.471772321428572,46.75838333333331,1575.8577583333333,460.5695601190457,460.5695601190457,460.5695601190457,0.0,229.94224940476371,8959.732812830687,0.0
2025-08-22,0,116,19:20-19:30,634.6866666666666,0.0,1.4832,1.518384821428572,56.74499999999989,1615.6118595238095,0.0,0.0,0.0,0.0,691.4316666666665,8191.475405423279,0.0
2025-08-22,0,117,19:30-19:40,635.5391833333333,0.0,1.503725,1.5399906249999997,41.987471428571325,1653.7789428571427,0.0,0.0,0.0,0.0,677.5266547619046,7438.668011243385,0.0
2025-08-22,0,118,19:40-19:50,663.8833999999999,0.0032404761904761903,1.4888500000000002,1.525819642857143,32.896402380952395,1652.4092642857138,0.0,0.0,0.0,0.0,696.7765619047618,6664.471831349205,0.0
2025-08-22,0,119,19:50-20:00,702.1766666666667,0.0,1.4737999999999998,1.5109924107142854,66.10333333333335,1592.487633928571,0.0,0.0,0.0,0.0,768.2800000000001,5810.827386904761,0.0
2025-08-22,0,120,20:00-20:10,707.0260333333333,0.0,1.489325,1.5273455357142856,51.654666666666685,1544.2000648809517,0.0,0.0,0.0,0.0,758.6807,4967.848831349205,0.0
2025-08-22,0,121,20:10-20:20,684.8458499999999,0.00019523809523809525,1.4785499999999998,1.5167325892857133,32.71219999999994,1495.8764190476184,0.0,0.0,0.0,0.0,717.5578547619047,4170.5623260582,0.0
2025-08-22,0,122,20:20-20:30,675.4333333333333,0.0,1.4803250000000001,1.5197138392857141,43.27166666666676,1416.82018095238,0.0,0.0,0.0,0.0,718.705,3372.0012149470886,0.0
2025-08-22,0,123,20:30-20:40,706.9366333333334,0.0,1.54175,1.5839580357142857,48.85489999999993,1309.0772642857137,0.0,0.0,0.0,0.0,755.7915333333333,2532.2328445767184,0.0
2025-08-22,0,124,20:40-20:50,685.6343166666667,0.0,1.2969,1.326473214285714,30.615999999999985,1199.0095601190467,625.240644047619,625.240644047619,625.240644047619,0.0,91.00967261904766,2431.11098611111,0.0
2025-08-22,0,125,20:50-21:00,641.3,0.0,0.886675,0.895817410714286,44.90333333333331,1107.9998874999992,686.2033333333333,686.2033333333333,686.2033333333333,0.0,0.0,2431.11098611111,0.0
2025-08-22,0,126,21:00-21:10,693.1963333333333,0.0,0.8546500000000001,0.8618986607142859,66.32439999999997,1062.2161374999991,759.5207333333333,759.5207333333333,759.5207333333333,0.0,0.0,2431.11098611111,0.0
2025-08-22,0,127,21:10-21:20,710.1090666666666,0.0,0.92475,0.9336696428571428,55.18626666666671,1025.3153874999996,765.2953333333334,765.2953333333334,765.2953333333334,0.0,0.0,2431.11098611111,0.0
2025-08-22,0,128,21:20-21:30,685.75,0.0,0.9431499999999999,0.9491883928571428,50.613333333333344,995.7752624999996,736.3633333333333,736.3633333333333,736.3633333333333,0.0,0.0,2431.11098611111,0.0
2025-08-22,0,129,21:30-21:40,730.1160499999999,0.0,0.9918750000000001,0.9972790178571432,36.8964666666667,951.5069291666664,493.3601833333341,493.3601833333341,493.3601833333341,0.0,273.6523333333325,2127.0528379629627,0.0
2025-08-22,0,130,21:40-21:50,673.6587166666666,0.0,0.783775,0.7877781249999999,32.0923499999999,834.3475541666663,616.6561708333329,616.6561708333329,616.6561708333329,0.0,89.09489583333361,2028.0585092592587,0.0
2025-08-22,0,131,21:50-22:00,554.055,0.0,0.43692499999999995,0.4398080357142858,76.95499999999993,745.2526583333329,1464.3433333333332,1464.3433333333332,1464.3433333333332,833.3333333333333,0.0,2778.0585092592587,0.0
2025-08-22,0,132,22:00-22:10,589.54185,0.0,0.40149999999999997,0.4081352678571427,48.75383333333332,776.9347416666661,1471.6290166666665,1471.6290166666665,1471.6290166666665,833.3333333333333,0.0,3528.0585092592587,0.0
2025-08-22,0,133,22:10-22:20,612.9159,0.0,0.45957499999999996,0.4671562499999999,45.2800666666667,713.8839583333328,658.1959666666667,658.1959666666667,658.1959666666667,0.0,0.0,3528.0585092592587,0.0
2025-08-22,0,134,22:20-22:30,564.255,0.0,0.456975,0.4606723214285716,65.05500000000006,609.584008333333,629.3100000000001,629.3100000000001,629.3100000000001,0.0,0.0,3528.0585092592587,0.0
2025-08-22,0,135,22:30-22:40,557.9170833333333,0.0,0.459725,0.46097366071428564,52.64501666666672,535.9324499999996,610.5621,610.5621,610.5621,0.0,0.0,3528.0585092592587,0.0
2025-08-22,0,136,22:40-22:50,579.5624333333333,0.0,0.46867499999999995,0.4727250000000001,42.5309666666667,470.8609666666662,622.0934,622.0934,622.0934,0.0,0.0,3528.0585092592587,0.0
2025-08-22,0,137,22:50-23:00,603.595,0.0,0.476075,0.48370089285714307,60.875,394.0249291666664,664.47,664.47,664.47,0.0,0.0,3528.0585092592587,0.0
2025-08-22,0,138,23:00-23:10,622.9851166666666,0.0,0.48100000000000004,0.48523348214285733,36.37813333333338,365.4223708333328,659.36325,659.36325,659.36325,0.0,0.0,3528.0585092592587,0.0
2025-08-22,0,139,23:10-23:20,613.8900333333333,0.0,0.47124999999999995,0.47419598214285713,56.110800000000154,302.2410041666665,670.0008333333335,670.0008333333335,670.0008333333335,0.0,0.0,3528.0585092592587,0.0
2025-08-22,0,140,23:20-23:30,586.2249999999999,0.0,0.45415,0.45990044642857153,50.308333333333394,242.62256666666656,883.1349897119347,883.1349897119347,883.1349897119347,246.60165637860143,0.0,3750.0,0.0
2025-08-22,0,141,23:30-23:40,580.0120666666667,0.0,0.45127500000000004,0.4570111607142858,46.244266666666704,202.3640083333332,1459.5896666666667,1459.5896666666667,1459.5896666666667,833.3333333333333,0.0,4500.0,0.0
2025-08-22,0,142,23:40-23:50,601.6729666666666,0.0,0.4517,0.4575258928571428,57.044116666666696,113.69588333333331,1492.0504166666665,1492.0504166666665,1492.0504166666665,833.3333333333333,0.0,5250.0,0.0
2025-08-22,0,143,23:50-24:00,622.3599999999999,0.0,0.44710000000000005,0.45464285714285724,49.53166666666675,69.82624999999987,1505.225,1505.225,1505.225,833.3333333333333,0.0,6000.0,0.0
2025-08-23,0,0,0:00-0:10,605.15315,0.0,0.442025,0.4502700892857144,49.59293333333335,1436.4733940476194,654.7460833333333,654.7460833333333,654.7460833333333,0.0,0.0,7071.831843703702,0.0
2025-08-23,0,1,0:10-0:20,585.1440166666666,0.0,0.446225,0.4542651785714285,35.60131666666666,1450.5923214285722,0.0,0.0,0.0,0.0,620.7453333333333,6382.114806666666,0.0
2025-08-23,0,2,0:20-0:30,581.665,0.0,0.454675,0.46277946428571426,52.733333333333235,1428.229583928572,0.0,0.0,0.0,0.0,634.3983333333332,5677.227769629629,0.0
2025-08-23,0,3,0:30-0:40,578.1350833333333,0.0,0.451875,0.45955758928571416,43.48029999999994,1400.1212505952385,0.0,0.0,0.0,0.0,621.6153833333333,4986.5440103703695,0.0
2025-08-23,0,4,0:40-0:50,553.2224833333332,0.0,0.4438,0.4529669642857143,61.6862666666666,1371.7064779761915,0.0,0.0,0.0,0.0,614.9087499999998,4303.312065925926,0.0
2025-08-23,0,5,0:50-1:00,546.0133333333333,0.0,0.43395,0.4437174107142857,83.18499999999995,1386.1639303571442,629.1983333333333,629.1983333333333,629.1983333333333,0.0,0.0,4303.312065925926,0.0
2025-08-23,0,6,1:00-1:10,606.9653666666666,0.0,0.421825,0.42582678571428584,71.01266666666663,1435.4896309523822,677.9780333333332,677.9780333333332,677.9780333333332,0.0,0.0,4303.312065925926,0.0
2025-08-23,0,7,1:10-1:20,595.8598333333333,0.0,0.421075,0.42037187499999995,49.852666666666664,1344.329395238096,645.7125,645.7125,645.7125,0.0,0.0,4303.312065925926,0.0
2025-08-23,0,8,1:20-1:30,523.4933333333333,0.0,0.426325,0.42669866071428564,64.71333333333325,1284.4445642857147,588.2066666666666,588.2066666666666,588.2066666666666,0.0,0.0,4303.312065925926,0.0
2025-08-23,0,9,1:30-1:40,541.0554333333333,0.0,0.41885,0.4235446428571428,51.399383333333276,1302.0456357142862,592.4548166666666,592.4548166666666,592.4548166666666,0.0,0.0,4303.312065925926,0.0
2025-08-23,0,10,1:40-1:50,568.0612,0.0,0.416575,0.4217361607142856,47.14298333333329,1242.8906476190473,615.2041833333333,615.2041833333333,615.2041833333333,0.0,0.0,4303.312065925926,0.0
2025-08-23,0,11,1:50-2:00,559.0666666666666,0.0,0.42195000000000005,0.42443928571428585,49.526666666666756,1168.861976190476,608.5933333333334,608.5933333333334,608.5933333333334,0.0,0.0,4303.312065925926,0.0
2025-08-23,0,12,2:00-2:10,554.179,0.0,0.418325,0.42177276785714296,78.09561666666673,1130.5102351190476,632.2746166666667,632.2746166666667,632.2746166666667,0.0,0.0,4303.312065925926,0.0
2025-08-23,0,13,2:10-2:20,555.4393333333333,0.0,0.41235,0.4160294642857143,68.78359999999986,1097.8662017857137,624.2229333333331,624.2229333333331,624.2229333333331,0.0,0.0,4303.312065925926,0.0
2025-08-23,0,14,2:20-2:30,561.8533333333332,0.0,0.414225,0.4176370535714286,59.12166666666667,1071.3697476190475,620.9749999999999,620.9749999999999,620.9749999999999,0.0,0.0,4303.312065925926,0.0
2025-08-23,0,15,2:30-2:40,572.1433166666666,0.0,0.42815,0.43540044642857145,48.097699999999975,1050.0740982142856,620.2410166666666,620.2410166666666,620.2410166666666,0.0,0.0,4303.312065925926,0.0
2025-08-23,0,16,2:40-2:50,556.3091333333333,0.0,0.44345,0.4515575892857142,45.59465,945.2136625000005,595.7276863571424,595.7276863571424,595.7276863571424,0.0,6.176096976190911,4296.44973595238,0.0
2025-08-23,0,17,2:50-3:00,534.3599999999999,0.0,0.44235,0.448369642857143,63.02999999999986,894.7348208333337,597.3899999999998,597.3899999999998,597.3899999999998,0.0,0.0,4296.44973595238,0.0
2025-08-23,0,18,3:00-3:10,552.7750666666666,0.0,0.415175,0.4227852678571429,63.53470000000004,854.4441970238097,616.3097666666666,616.3097666666666,616.3097666666666,0.0,0.0,4296.44973595238,0.0
2025-08-23,0,19,3:10-3:20,539.5653,0.0,0.395525,0.4013040178571428,56.477250000000026,800.4521130952382,596.04255,596.04255,596.04255,0.0,0.0,4296.44973595238,0.0
2025-08-23,0,20,3:20-3:30,500.3933333333333,0.0,0.39545,0.3965160714285715,42.60833333333335,762.7353089285716,543.0016666666667,543.0016666666667,543.0016666666667,0.0,0.0,4296.44973595238,0.0
2025-08-23,0,21,3:30-3:40,517.9845,0.0002571428571428571,0.4014,0.40332366071428566,49.18221666666659,728.0228089285715,567.1664595238095,567.1664595238095,567.1664595238095,0.0,0.0,4296.44973595238,0.0
2025-08-23,0,22,3:40-3:50,552.3147166666666,0.0,0.424325,0.42829821428571435,69.46919999999989,659.6572125000002,621.7839166666665,621.7839166666665,621.7839166666665,0.0,0.0,4296.44973595238,0.0
2025-08-23,0,23,3:50-4:00,544.9583333333333,0.0,0.43620000000000003,0.4401000000000002,66.88833333333332,578.8081636904756,611.8466666666666,611.8466666666666,611.8466666666666,0.0,0.0,4296.44973595238,0.0
2025-08-23,0,24,4:00-4:10,482.0930166666667,0.004023809523809523,0.392475,0.39554642857142847,48.26451666666674,515.8367041666667,530.3535095238096,530.3535095238096,530.3535095238096,0.0,0.0,4296.44973595238,0.0
2025-08-23,0,25,4:10-4:20,468.8779833333333,0.0,0.361825,0.36580535714285717,53.74806666666666,451.1366172619047,522.62605,522.62605,522.62605,0.0,0.0,4296.44973595238,0.0
2025-08-23,0,26,4:20-4:30,513.9033333333333,0.0,0.369,0.37528839285714277,76.15999999999997,406.122800595238,590.0633333333333,590.0633333333333,590.0633333333333,0.0,0.0,4296.44973595238,0.0
2025-08-23,0,27,4:30-4:40,528.9777666666666,0.05601190476190476,0.375325,0.3825647321428571,61.63161904761898,384.8551874999998,590.5533738095237,590.5533738095237,590.5533738095237,0.0,0.0,4296.44973595238,0.0
2025-08-23,0,28,4:40-4:50,540.8025333333333,0.0,0.380025,0.38655535714285705,56.575800000000015,338.79776071428535,597.3783333333333,597.3783333333333,597.3783333333333,0.0,0.0,4296.44973595238,0.0
2025-08-23,0,29,4:50-5:00,545.9566666666666,0.0,0.38397499999999996,0.38917499999999994,62.264999999999986,395.82803988095145,608.2216666666666,608.2216666666666,608.2216666666666,0.0,0.0,4296.44973595238,0.0
2025-08-23,0,30,5:00-5:10,506.23225,0.7801595238095238,0.38460000000000005,0.3895544642857144,52.10881666666671,439.9668136904753,557.5609071428572,557.5609071428572,557.5609071428572,0.0,0.0,4296.44973595238,0.0
2025-08-23,0,31,5:10-5:20,481.95079999999996,0.0,0.39585,0.40284375,44.217728571428665,427.8330999999994,526.1685285714286,526.1685285714286,526.1685285714286,0.0,0.0,4296.44973595238,0.0
2025-08-23,0,32,5:20-5:30,484.79166666666663,2.89375,0.37565,0.3842053571428572,41.11279761904768,350.8537238095231,523.0107142857144,523.0107142857144,523.0107142857144,0.0,0.0,4296.44973595238,0.0
2025-08-23,0,33,5:30-5:40,475.54153333333335,33.45210952380952,0.3019,0.30806651785714284,44.40222142857158,309.3196613095231,1319.8249785714288,1319.8249785714288,1319.8249785714288,833.3333333333333,0.0,5046.44973595238,0.0
2025-08-23,0,34,5:40-5:50,502.55084999999997,75.13040238095239,0.45455,0.4627294642857143,51.38896904761907,268.59202619047585,0.0,0.0,0.0,0.0,478.80941666666666,4514.439272989417,0.0
2025-08-23,0,35,5:50-6:00,531.9816666666666,118.90982142857143,0.728125,0.7404200892857142,48.82005952380962,229.9389720238092,0.0,0.0,0.0,0.0,461.89190476190475,4001.2260454761895,0.0
2025-08-23,0,36,6:00-6:10,478.9353833333333,167.86434761904758,0.717575,0.7250910714285715,44.40989523809526,209.63563333333298,0.0,0.0,0.0,0.0,355.4809309523809,3606.247233306877,0.0
2025-08-23,0,37,6:10-6:20,466.37794999999994,217.21512857142858,0.654525,0.6571227678571426,39.066609523809575,220.3376523809521,0.0,0.0,0.0,0.0,288.22943095238094,3285.992310026454,0.0
2025-08-23,0,38,6:20-6:30,500.675,264.6375,0.658725,0.6609062500000003,59.52571428571434,240.63970357142833,0.0,0.0,0.0,0.0,295.5632142857144,2957.588738597882,0.0
2025-08-23,0,39,6:30-6:40,475.77615,312.75504523809525,0.619325,0.6220026785714287,42.93114523809527,296.32226309523793,0.0,0.0,0.0,0.0,205.95224999999994,2728.752905264549,0.0
2025-08-23,0,40,6:40-6:50,507.5771,365.45532380952386,0.601575,0.6054321428571426,51.582745238095185,361.41782797619044,0.0,0.0,0.0,0.0,193.7045214285713,2513.5256592328033,0.0
2025-08-23,0,41,6:50-7:00,604.02,421.4517857142856,0.61895,0.6232705357142859,51.21244047619041,402.59935654761915,0.0,0.0,0.0,0.0,233.78065476190477,2253.7693761640203,0.0
2025-08-23,0,42,7:00-7:10,638.70745,475.9005261904763,0.608,0.6099084821428573,47.0666190476191,459.5679160714283,0.0,0.0,0.0,0.0,209.87354285714287,2020.5765507671947,0.0
2025-08-23,0,43,7:10-7:20,609.5219,531.3418547619046,0.59125,0.5912169642857145,54.423569047619026,501.12376607142846,0.0,0.0,0.0,0.0,132.60361428571434,1873.2392015608455,0.0
2025-08-23,0,44,7:20-7:30,556.74,588.9062499999999,0.557525,0.5561906249999999,59.15535714285704,540.5512232142854,0.0,0.0,0.0,0.0,26.989107142857165,1843.2513047354487,0.0
2025-08-23,0,45,7:30-7:40,525.43875,646.9007452380954,0.49917500000000004,0.4940598214285713,69.82675476190468,563.4064761904755,0.0,0.0,0.0,51.63524047619069,0.0,1889.7230211640203,0.0
2025-08-23,0,46,7:40-7:50,540.09335,705.569061904762,0.6297999999999999,0.6206066964285714,50.681826190476215,620.7507190476183,0.0,0.0,0.0,114.7938857142857,0.0,1993.0375183068775,0.0
2025-08-23,0,47,7:50-8:00,579.5883333333334,764.9401785714286,0.848625,0.8379732142857144,43.146250000000094,642.8500446428568,0.0,0.0,0.0,142.20559523809516,0.0,2121.022554021163,0.0
2025-08-23,0,48,8:00-8:10,592.7122666666667,823.4293785714285,0.82315,0.8145508928571429,41.6133047619048,687.6619196428568,0.0,0.0,0.0,189.10380714285702,0.0,2291.2159804497337,0.0
2025-08-23,0,49,8:10-8:20,570.44435,876.2942833333334,0.7635,0.7559544642857142,59.84654523809513,660.5823672619044,0.0,0.0,0.0,246.00338809523828,0.0,2512.6190297354483,0.0
2025-08-23,0,50,8:20-8:30,542.7883333333333,926.1062499999998,0.75575,0.7464325892857142,79.59511904761922,626.4939702380957,0.0,0.0,0.0,-0.0,573.5528589047601,1875.3380753968258,0.0
2025-08-23,0,51,8:30-8:40,556.94475,979.7978642857144,0.6892,0.6770906250000002,59.904095238095124,607.8042678571434,0.0,0.0,0.0,76.10580908289143,0.0,1943.8333035714281,0.0
2025-08-23,0,52,8:40-8:50,615.1592666666666,1029.579392857143,0.7089500000000001,0.6933678571428569,70.61653333333331,669.4499732142854,0.0,0.0,0.0,11.949160052910216,-0.0,1954.5875476190472,0.0
2025-08-23,0,53,8:50-9:00,671.5566666666666,1068.7375000000002,0.77195,0.7529102678571429,94.84428571428577,679.1287928571426,0.0,0.0,0.0,27.530530570252747,0.0,1979.3650251322747,0.0
2025-08-23,0,54,9:00-9:10,670.1159833333334,1100.7053071428572,0.6811,0.6596196428571429,69.23222142857153,701.4285226190473,0.0,0.0,0.0,-0.0,2.96356011904777,1976.072180555555,0.0
2025-08-23,0,55,9:10-9:20,658.6556666666667,1148.3049785714284,0.6316999999999999,0.607825,55.3218357142855,698.4649624999996,0.0,0.0,0.0,434.3274761904762,0.0,2366.966909126984,0.0
2025-08-23,0,56,9:20-9:30,668.7249999999999,1197.90625,0.6488,0.6221281249999998,66.2509523809521,658.2190505952376,0.0,0.0,0.0,372.26274573780114,0.0,2702.003380291005,0.0
2025-08-23,0,57,9:30-9:40,686.5001,1215.342519047619,0.58625,0.5598674107142856,84.92055952380977,587.0710446428565,0.0,0.0,0.0,-0.0,833.3333333333336,1776.077454365079,0.0
2025-08-23,0,58,9:40-9:50,688.52675,1246.5278976190475,0.681075,0.6718580357142857,65.20870714285707,518.469708928571,0.0,0.0,0.0,492.79244047619045,0.0,2219.59065079365,0.0
2025-08-23,0,59,9:50-10:00,679.865,1295.06875,0.8829750000000001,0.8947218750000001,57.8982738095238,461.79808452380905,0.0,0.0,0.0,0.0,-0.0,2219.59065079365,0.0
2025-08-23,0,60,10:00-10:10,680.7917666666666,1318.4279357142855,0.87565,0.8830977678571427,52.53036428571386,425.53082678571377,0.0,0.0,0.0,0.0,478.20459047619113,1688.2522169312156,0.0
2025-08-23,0,61,10:10-10:20,653.9369999999999,1339.7111738095236,0.816525,0.8181504464285715,70.21943571428591,439.42699523809404,0.0,0.0,0.0,615.5547380952378,0.0,2242.2514812169297,0.0
2025-08-23,0,62,10:20-10:30,622.2333333333333,1378.467857142857,0.8458500000000001,0.8533477678571425,83.85886904761901,407.2541720238087,0.0,0.0,0.0,2.26117467291612e-13,556.6173860714282,1623.7877189153428,0.0
2025-08-23,0,63,10:30-10:40,651.3001999999999,1427.9565499999999,0.89625,0.9087526785714285,82.75761190476207,381.4089470238086,0.0,0.0,0.0,693.8987380952378,-0.0,2248.296583201057,0.0
2025-08-23,0,64,10:40-10:50,679.9355499999999,1460.1646214285713,0.654725,0.6534441964285717,90.60197857142873,365.3398505952374,0.0,0.0,0.0,0.0,603.8978909523801,1577.2989265873011,0.0
2025-08-23,0,65,10:50-11:00,674.185,1470.7517857142857,0.2698,0.2448553571428571,108.39690476190496,339.569033928571,0.0,0.0,0.0,-0.0,13.832544642857624,1561.9294325396816,0.0
2025-08-23,0,66,11:00-11:10,660.3686,1477.698138095238,0.22615,0.1960768035714287,123.63508571428565,325.73648928571345,0.0,0.0,0.0,693.6944523809518,0.0,2186.2544396825383,0.0
2025-08-23,0,67,11:10-11:20,665.60005,1474.1162476190475,0.276925,0.25160178571428565,114.28470714285724,393.0764440476178,0.0,0.0,0.0,-0.0,417.6131147619043,1722.2398677248668,0.0
2025-08-23,0,68,11:20-11:30,689.3866666666665,1467.141964285714,0.255975,0.2347508928571429,124.16452380952396,470.01588095238014,0.0,0.0,0.0,38.65131540270499,0.0,1757.0260515873013,0.0
2025-08-23,0,69,11:30-11:40,701.9989499999999,1476.2428738095236,0.24405,0.22093214285714288,116.41320714285746,501.3234464285711,0.0,0.0,0.0,5.7976579952972855,0.0,1762.2439437830687,0.0
2025-08-23,0,70,11:40-11:50,668.8750666666666,1488.341926190476,0.23299999999999998,0.20592366071428575,116.1706071428573,506.01954940476185,0.0,0.0,0.0,20.063963109935834,0.0,1780.301510582011,0.0
2025-08-23,0,71,11:50-12:00,634.6999999999999,1490.038392857143,0.21525,0.18551517857142855,109.31083333333333,522.2713595238099,0.0,0.0,0.0,746.0275595238096,-0.0,2451.7263141534395,0.0
2025-08-23,0,72,12:00-12:10,677.3185,1479.4347214285713,0.20712499999999998,0.1770785714285714,135.91411428571413,465.9699988095234,0.0,0.0,0.0,666.2021071428571,0.0,3051.3082105820104,0.0
2025-08-23,0,73,12:10-12:20,693.2778666666666,1467.9429333333333,0.21557500000000002,0.18992812500000003,135.93724047619048,417.7420839285711,0.0,0.0,0.0,638.7278261904762,0.0,3626.163254153439,0.0
2025-08-23,0,74,12:20-12:30,685.1,1457.7098214285716,0.22012500000000002,0.2004700892857144,119.89327380952395,352.75269166666635,0.0,0.0,0.0,652.7165476190476,0.0,4213.608147010582,0.0
2025-08-23,0,75,12:30-12:40,746.15955,1442.2482333333332,0.21875,0.20018973214285712,150.2658380952383,279.2982208333335,0.0,0.0,0.0,545.8228452380949,0.0,4704.848707724867,0.0
2025-08-23,0,76,12:40-12:50,734.46335,1430.0949595238094,0.368275,0.3488964285714286,135.83731904761905,379.49886785714347,0.0,0.0,0.0,559.7942904761903,0.0,5208.663569153438,0.0
2025-08-23,0,77,12:50-13:00,673.6416666666667,1423.2741071428572,0.5966250000000001,0.5765718749999998,80.13374999999989,453.812529166667,0.0,0.0,0.0,669.4986904761907,0.0,5811.21239058201,0.0
2025-08-23,0,78,13:00-13:10,732.1918666666667,1413.3906928571428,0.655825,0.6340973214285714,87.86341428571416,463.5578291666668,0.0,0.0,0.0,593.3354119047619,0.0,6345.214261296296,0.0
2025-08-23,0,79,13:10-13:20,760.8177000000001,1392.4201119047616,0.6632750000000001,0.6385415178571432,90.87433809523768,505.2445041666665,0.0,0.0,0.0,540.728073809524,-0.0,6831.869527724868,0.0
2025-08-23,0,80,13:20-13:30,694.1083333333332,1362.1571428571428,0.658925,0.6304133928571426,59.8795833333333,516.922511309523,0.0,0.0,0.0,608.1692261904764,-0.0,7379.221831296297,0.0
2025-08-23,0,81,13:30-13:40,631.4483833333334,1332.2478285714287,0.5866,0.5574571428571431,93.5759047619046,549.4433220238087,0.0,0.0,0.0,607.2235404761908,0.0,7925.723017724868,0.0
2025-08-23,0,82,13:40-13:50,662.0002666666667,1305.1538095238097,0.67785,0.6645571428571427,102.51073809523845,591.5667005952372,0.0,0.0,0.0,540.6428047619046,-0.0,8412.301542010582,0.0
2025-08-23,0,83,13:50-14:00,731.1149999999999,1278.2589285714284,0.8823,0.8895991071428572,91.65744047619046,621.1490660714276,0.0,0.0,0.0,455.48648809523803,0.0,8822.239381296296,0.0
2025-08-23,0,84,14:00-14:10,706.1062499999999,1246.6497,0.9056500000000001,0.9113566964285715,53.54273095238108,678.4779404761898,0.0,0.0,0.0,487.00071904761904,0.0,9260.540028439154,0.0
2025-08-23,0,85,14:10-14:20,694.14495,1209.1577595238095,0.894275,0.8971611607142858,76.83054523809528,745.9022886904755,0.0,0.0,0.0,438.1822642857143,0.0,9654.904066296298,0.0
2025-08-23,0,86,14:20-14:30,733.5949999999999,1170.8241071428572,0.9652000000000001,0.9735665178571428,107.90791666666667,780.4337488095232,0.0,0.0,0.0,329.32119047619057,0.0,9951.29313772487,0.0
2025-08-23,0,87,14:30-14:40,749.1975666666667,1136.520007142857,1.03765,1.0472428571428571,75.75640714285697,788.1148053571424,0.0,0.0,0.0,311.5660333333333,0.0,10231.70256772487,0.0
2025-08-23,0,88,14:40-14:50,732.9345166666667,1090.6909047619047,0.834325,0.8353999999999998,64.91905952380972,826.0605404761899,0.0,0.0,0.0,292.83732857142843,-0.0,10495.256163439155,0.0
2025-08-23,0,89,14:50-15:00,706.7983333333333,1040.049107142857,0.48810000000000003,0.477845982142857,100.96339285714294,894.3577410714281,0.0,0.0,0.0,-0.0,255.85031173809907,10210.978039285712,0.0
2025-08-23,0,90,15:00-15:10,697.0649,1008.9719357142858,0.431625,0.41992142857142867,90.15448571428561,943.9752261904761,0.0,0.0,0.0,221.75255000000016,0.0,10410.555334285711,0.0
2025-08-23,0,91,15:10-15:20,700.3414833333333,982.8937476190476,0.476825,0.46799866071428575,79.73811190476192,1000.258738095238,0.0,0.0,0.0,202.81415238095246,0.0,10593.088071428569,0.0
2025-08-23,0,92,15:20-15:30,711.8683333333333,939.957142857143,0.49655000000000005,0.4894397321428571,69.92386904761906,1020.8211017857142,0.0,0.0,0.0,158.16494047619062,0.0,10735.43651785714,0.0
2025-08-23,0,93,15:30-15:40,730.7626333333333,873.666138095238,0.55345,0.547040625,73.40465952380934,1011.2111940476191,0.0,0.0,0.0,69.4988452380971,0.0,10797.985478571429,0.0
2025-08-23,0,94,15:40-15:50,747.3809833333332,825.5238738095237,0.587475,0.5843486607142856,75.90453333333335,1044.5604767857142,0.0,0.0,0.0,2.238357142856936,0.0,10800.0,0.0
2025-08-23,0,95,15:50-16:00,760.05,792.9312499999999,0.59255,0.5920111607142856,75.39214285714263,1132.912842857143,42.51089285714272,42.51089285714272,42.51089285714272,0.0,-0.0,10800.0,0.0
2025-08-23,0,96,16:00-16:10,766.1247,733.7885523809524,0.621325,0.6163178571428569,62.18297619047621,1269.6857892857142,94.51912380952376,94.51912380952376,94.51912380952376,0.0,0.0,10800.0,0.0
2025-08-23,0,97,16:10-16:20,723.3356999999999,671.0240261904762,0.618525,0.6134772321428571,71.45336666666674,1373.0122511904756,123.76504047619039,123.76504047619039,123.76504047619039,-0.0,0.0,10800.0,0.0
2025-08-23,0,98,16:20-16:30,697.1133333333333,615.8392857142857,0.615375,0.615577232142857,65.35190476190468,1408.9140660714281,146.6259523809523,146.6259523809523,146.6259523809523,0.0,0.0,10800.0,0.0
2025-08-23,0,99,16:30-16:40,783.5373833333333,555.2164238095238,0.69615,0.6962857142857143,62.28548809523812,1479.847291666667,290.6064476190477,290.6064476190477,290.6064476190477,0.0,0.0,10800.0,0.0
2025-08-23,0,100,16:40-16:50,745.3136833333333,493.4775714285714,0.71035,0.7088348214285715,71.24671190476201,1507.5084363095239,323.0828238095239,323.0828238095239,323.0828238095239,0.0,0.0,10800.0,0.0
2025-08-23,0,101,16:50-17:00,599.52,435.4803571428571,0.660525,0.6587910714285712,62.538392857142725,1551.3175708333335,226.57803571428565,226.57803571428565,226.57803571428565,0.0,0.0,10800.0,0.0
2025-08-23,0,102,17:00-17:10,606.9132166666666,381.5621523809524,0.7019000000000001,0.7008700892857144,56.367876190476295,1595.6625577380953,281.7189404761905,281.7189404761905,281.7189404761905,0.0,0.0,10800.0,0.0
2025-08-23,0,103,17:10-17:20,652.3276999999999,330.35609047619045,0.7515000000000001,0.7549401785714286,44.59698095238082,1649.4963476190474,366.5685904761903,366.5685904761903,366.5685904761903,0.0,0.0,10800.0,0.0
2025-08-23,0,104,17:20-17:30,645.6766666666666,278.32589285714283,0.7464000000000001,0.7546910714285714,55.432738095238165,1700.1745892857139,422.78351190476195,422.78351190476195,422.78351190476195,0.0,0.0,10800.0,0.0
2025-08-23,0,105,17:30-17:40,623.70355,222.4979619047619,0.7410249999999999,0.7479799107142858,52.29162619047611,1700.4836636904765,453.49721428571416,453.49721428571416,453.49721428571416,0.0,0.0,10800.0,0.0
2025-08-23,0,106,17:40-17:50,636.3485666666666,169.05439523809525,0.918875,0.9271683035714287,57.52838809523814,1686.293436309523,524.8225595238094,524.8225595238094,524.8225595238094,0.0,-0.0,10800.0,0.0
2025-08-23,0,107,17:50-18:00,667.605,120.81785714285712,1.17975,1.1919736607142857,42.370119047619255,1656.54620297619,589.1572619047622,589.1572619047622,589.1572619047622,0.0,-0.0,10800.0,0.0
2025-08-23,0,108,18:00-18:10,660.1963166666667,75.40148809523808,1.2254,1.2358852678571435,48.50300238095258,1567.2899797619054,633.2978309523812,633.2978309523812,633.2978309523812,0.0,0.0,10800.0,0.0
2025-08-23,0,109,18:10-18:20,661.0162,32.67993571428571,1.2174749999999999,1.2301058035714283,67.40330476190468,1574.1220988095238,695.7395690476189,695.7395690476189,695.7395690476189,0.0,0.0,10800.0,0.0
2025-08-23,0,110,18:20-18:30,690.555,2.8821428571428567,1.241225,1.2565691964285715,59.3713095238096,1657.2520428571424,747.0441666666667,747.0441666666667,747.0441666666667,0.0,0.0,10800.0,0.0
2025-08-23,0,111,18:30-18:40,718.4088833333333,0.0,1.2357500000000001,1.2432138392857142,49.445114285714226,1640.164155952381,767.8539976190475,767.8539976190475,767.8539976190475,0.0,0.0,10800.0,0.0
2025-08-23,0,112,18:40-18:50,723.8210833333333,0.7397261904761903,1.327125,1.3418544642857142,43.7426857142857,1579.239769642857,766.8240428571428,766.8240428571428,766.8240428571428,0.0,0.0,10800.0,0.0
2025-08-23,0,113,18:50-19:00,699.3933333333332,0.0,1.4777749999999998,1.512882589285714,66.96982142857132,1630.4298374999998,0.0,0.0,0.0,0.0,766.3631547619045,9948.485383597885,0.0
2025-08-23,0,114,19:00-19:10,660.4636499999999,0.0,1.5037500000000001,1.5429107142857144,34.16310476190483,1640.3329178571428,0.0,0.0,0.0,0.0,694.6267547619047,9176.677878306878,0.0
2025-08-23,0,115,19:10-19:20,667.7958,0.053111904761904756,1.4817500000000001,1.5180973214285713,46.75838333333331,1566.5669773809527,0.0,0.0,0.0,0.0,714.5010714285714,8382.7877989418,0.0
2025-08-23,0,116,19:20-19:30,700.7950000000001,0.0,1.474825,1.5101062499999998,56.74499999999989,1604.8086952380954,0.0,0.0,0.0,0.0,757.54,7541.076687830689,0.0
2025-08-23,0,117,19:30-19:40,677.4673499999999,0.0,1.47155,1.5060169642857146,41.987471428571325,1641.2724452380953,0.0,0.0,0.0,0.0,719.4548214285712,6741.682441798943,0.0
2025-08-23,0,118,19:40-19:50,639.4751333333334,0.0038142857142857136,1.4844499999999998,1.5201473214285703,31.676483333333408,1639.9027666666666,0.0,0.0,0.0,0.0,671.1478023809525,5995.962661375662,0.0
2025-08-23,0,119,19:50-20:00,634.2066666666666,0.0,1.4930999999999999,1.5307549107142855,66.10333333333335,1578.761217261905,0.0,0.0,0.0,0.0,700.31,5217.84043915344,0.0
2025-08-23,0,120,20:00-20:10,672.7429166666666,0.0,1.4633500000000002,1.5000986607142865,56.7737166666667,1530.4736482142855,0.0,0.0,0.0,0.0,729.5166333333333,4407.266402116403,0.0
2025-08-23,0,121,20:10-20:20,724.9346999999999,0.00024523809523809524,1.4619,1.4984870535714285,32.71219999999994,1487.2690523809522,553.2690863095228,553.2690863095228,553.2690863095228,0.0,204.3775684523819,4180.18021494709,0.0
2025-08-23,0,122,20:20-20:30,731.895,0.0,1.519325,1.5590008928571428,47.51833333333332,1408.2128142857139,0.0,0.0,0.0,0.0,779.4133333333333,3314.1654001322745,0.0
2025-08-23,0,123,20:30-20:40,659.2451,0.0,1.5534749999999997,1.5959678571428575,48.85489999999993,1304.7165642857135,0.0,0.0,0.0,0.0,708.0999999999999,2527.3876223544967,0.0
2025-08-23,0,124,20:40-20:50,638.7801833333333,0.0,1.301,1.331280357142857,30.615999999999985,1194.648860119047,578.386510714286,578.386510714286,578.386510714286,0.0,91.00967261904725,2426.2657638888886,0.0
2025-08-23,0,125,20:50-21:00,690.8833333333333,0.0,0.92285,0.9334982142857147,44.90333333333331,1103.6391874999995,735.7866666666666,735.7866666666666,735.7866666666666,0.0,0.0,2426.2657638888886,0.0
2025-08-23,0,126,21:00-21:10,708.1366166666667,0.0,0.8745,0.881772767857143,66.32439999999997,1057.8554374999994,774.4610166666666,774.4610166666666,774.4610166666666,0.0,0.0,2426.2657638888886,0.0
2025-08-23,0,127,21:10-21:20,685.3048,0.0,0.9259,0.9340151785714287,55.18626666666671,1020.9546875,740.4910666666667,740.4910666666667,740.4910666666667,0.0,0.0,2426.2657638888886,0.0
2025-08-23,0,128,21:20-21:30,661.2466666666667,0.0,0.9337749999999999,0.9397660714285717,48.171666666666624,991.4145625,709.4183333333333,709.4183333333333,709.4183333333333,0.0,0.0,2426.2657638888886,0.0
2025-08-23,0,129,21:30-21:40,666.1401333333333,0.0,0.9424999999999999,0.9483205357142852,36.8964666666667,944.7045625000001,426.94260000000037,426.94260000000037,426.94260000000037,0.0,276.09399999999965,2119.494652777778,0.0
2025-08-23,0,130,21:40-21:50,632.9797833333333,0.0,0.712925,0.7180357142857144,32.0923499999999,827.5451875,575.9772374999997,575.9772374999997,575.9772374999997,0.0,89.09489583333361,2020.500324074074,0.0
2025-08-23,0,131,21:50-22:00,584.0466666666666,0.0,0.392875,0.39730223214285715,76.95499999999993,738.4502916666665,1494.3349999999998,1494.3349999999998,1494.3349999999998,833.3333333333333,0.0,2770.500324074074,0.0
2025-08-23,0,132,22:00-22:10,612.6178333333332,0.0,0.41150000000000003,0.4184906250000001,48.75383333333332,770.1323749999998,1494.705,1494.705,1494.705,833.3333333333333,0.0,3520.500324074074,0.0
2025-08-23,0,133,22:10-22:20,643.7770499999999,0.0,0.49317500000000003,0.4999709821428571,45.86505,707.0815916666664,689.6420999999999,689.6420999999999,689.6420999999999,0.0,0.0,3520.500324074074,0.0
2025-08-23,0,134,22:20-22:30,625.1383333333333,0.0,0.46355,0.4664495535714284,68.0566666666665,603.366625,693.1949999999998,693.1949999999998,693.1949999999998,0.0,0.0,3520.500324074074,0.0
2025-08-23,0,135,22:30-22:40,580.9418833333333,0.0,0.42395000000000005,0.4251410714285715,52.64501666666672,532.716733333333,1466.9202333333333,1466.9202333333333,1466.9202333333333,833.3333333333333,0.0,4270.500324074073,0.0
2025-08-23,0,136,22:40-22:50,574.89455,0.0,0.44445,0.44916473214285707,42.5309666666667,467.6452499999996,1001.0959384773666,1001.0959384773666,1001.0959384773666,383.6704218106999,0.0,4615.803703703704,0.0
2025-08-23,0,137,22:50-23:00,595.1516666666666,0.0,0.4801249999999999,0.48813883928571433,60.875,390.80921249999983,656.0266666666666,656.0266666666666,656.0266666666666,0.0,0.0,4615.803703703704,0.0
2025-08-23,0,138,23:00-23:10,577.24295,0.0,0.43535,0.4383138392857142,36.37813333333338,362.2066541666662,1446.9544166666665,1446.9544166666665,1446.9544166666665,833.3333333333333,0.0,5365.803703703704,0.0
2025-08-23,0,139,23:10-23:20,580.23865,0.0,0.42155,0.42263794642857144,57.623183333333486,299.02528749999993,1471.1951666666669,1471.1951666666669,1471.1951666666669,833.3333333333333,0.0,6115.803703703704,0.0
2025-08-23,0,140,23:20-23:30,587.2833333333333,0.0,0.44545,0.449958482142857,52.011666666666656,240.9192333333333,639.295,639.295,639.295,0.0,0.0,6115.803703703704,0.0
2025-08-23,0,141,23:30-23:40,535.0401166666666,0.0,0.41364999999999996,0.4180723214285712,46.244266666666704,202.3640083333332,1414.6177166666666,1414.6177166666666,1414.6177166666666,833.3333333333333,0.0,6865.803703703704,0.0
2025-08-23,0,142,23:40-23:50,593.64705,0.0,0.45259999999999995,0.45818660714285725,57.044116666666696,113.69588333333331,650.6911666666667,650.6911666666667,650.6911666666667,0.0,0.0,6865.803703703704,0.0
2025-08-23,0,143,23:50-24:00,729.6916666666666,0.0,0.54895,0.5575589285714287,49.53166666666675,69.82624999999987,0.0,0.0,0.0,0.0,779.2233333333334,6000.0,0.0
2025-08-24,0,0,0:00-0:10,731.2615833333332,0.0,0.5469999999999999,0.5549285714285714,49.3995666666666,1508.1034345238097,780.6611499999998,780.6611499999998,780.6611499999998,0.0,0.0,7139.37217910053,0.0
2025-08-24,0,1,0:10-0:20,718.3348333333333,0.0,0.5068499999999999,0.514241517857143,31.920116666666672,1528.6356261904768,750.25495,750.25495,750.25495,0.0,0.0,7139.37217910053,0.0
2025-08-24,0,2,0:20-0:30,748.3566666666667,0.0,0.49749999999999994,0.5060566964285714,50.613333333333344,1502.5916886904768,798.97,798.97,798.97,0.0,0.0,7139.37217910053,0.0
2025-08-24,0,3,0:30-0:40,750.6981666666667,0.0,0.5269999999999999,0.5344169642857141,43.48029999999994,1476.5958553571436,794.1784666666666,794.1784666666666,794.1784666666666,0.0,0.0,7139.37217910053,0.0
2025-08-24,0,4,0:40-0:50,735.2918166666666,0.0,0.548975,0.5576348214285716,58.3839333333334,1447.5758869047631,793.67575,793.67575,793.67575,0.0,0.0,7139.37217910053,0.0
2025-08-24,0,5,0:50-1:00,717.2633333333333,0.0,0.53685,0.5468433035714283,62.93166666666673,1471.0449636904775,780.195,780.195,780.195,0.0,0.0,7139.37217910053,0.0
2025-08-24,0,6,1:00-1:10,701.15035,0.0,0.506725,0.5107013392857144,71.01266666666663,1500.1173309523824,772.1630166666666,772.1630166666666,772.1630166666666,0.0,0.0,7139.37217910053,0.0
2025-08-24,0,7,1:10-1:20,713.2414333333332,0.0,0.511525,0.510588392857143,49.852666666666664,1408.957095238096,763.0940999999999,763.0940999999999,763.0940999999999,0.0,0.0,7139.37217910053,0.0
2025-08-24,0,8,1:20-1:30,735.2083333333333,0.0,0.5374749999999999,0.5381142857142855,64.71333333333325,1349.072264285715,799.9216666666665,799.9216666666665,799.9216666666665,0.0,0.0,7139.37217910053,0.0
2025-08-24,0,9,1:30-1:40,717.5565666666666,0.0,0.5203249999999999,0.5259848214285714,49.01044999999988,1366.6733357142862,766.5670166666665,766.5670166666665,766.5670166666665,0.0,0.0,7139.37217910053,0.0
2025-08-24,0,10,1:40-1:50,686.6872333333333,0.0,0.494925,0.5014848214285713,38.65464999999995,1305.0534261904766,725.3418833333333,725.3418833333333,725.3418833333333,0.0,0.0,7139.37217910053,0.0
2025-08-24,0,11,1:50-2:00,679.74,0.0,0.49245,0.49622410714285714,49.526666666666756,1222.5364214285717,729.2666666666668,729.2666666666668,729.2666666666668,0.0,0.0,7139.37217910053,0.0
2025-08-24,0,12,2:00-2:10,710.6634166666665,0.0,0.508625,0.5127812500000001,69.88016666666658,1184.184680357143,780.5435833333331,780.5435833333331,780.5435833333331,0.0,0.0,7139.37217910053,0.0
2025-08-24,0,13,2:10-2:20,737.4752833333333,0.0,0.5151749999999999,0.5193321428571426,68.78359999999986,1143.3251970238093,806.2588833333332,806.2588833333332,806.2588833333332,0.0,0.0,7139.37217910053,0.0
2025-08-24,0,14,2:20-2:30,742.6283333333333,0.0,0.517525,0.5215383928571429,49.014999999999986,1116.8287428571432,791.6433333333333,791.6433333333333,791.6433333333333,0.0,0.0,7139.37217910053,0.0
2025-08-24,0,15,2:30-2:40,739.4445833333332,0.0,0.539775,0.5472834821428573,48.097699999999975,1085.4264267857145,787.5422833333332,787.5422833333332,787.5422833333332,0.0,0.0,7139.37217910053,0.0
2025-08-24,0,16,2:40-2:50,713.5829833333333,0.0,0.528375,0.5358459821428574,45.59465,980.5659910714295,759.1776333333333,759.1776333333333,759.1776333333333,0.0,0.0,7139.37217910053,0.0
2025-08-24,0,17,2:50-3:00,692.1583333333333,0.0,0.49287499999999995,0.4976133928571428,63.02999999999986,930.0871494047626,755.1883333333332,755.1883333333332,755.1883333333332,0.0,0.0,7139.37217910053,0.0
2025-08-24,0,18,3:00-3:10,718.7812999999999,0.0,0.4981,0.5050214285714285,57.59823333333338,889.7965255952386,776.3795333333333,776.3795333333333,776.3795333333333,0.0,0.0,7139.37217910053,0.0
2025-08-24,0,19,3:10-3:20,713.2116333333333,0.0,0.500275,0.5063142857142855,52.90559285714278,829.8679750000006,766.1172261904761,766.1172261904761,766.1172261904761,0.0,0.0,7139.37217910053,0.0
2025-08-24,0,20,3:20-3:30,685.1133333333333,0.0,0.492125,0.49400982142857147,42.60833333333335,788.5795136904767,1413.4936678424444,1413.4936678424444,1413.4936678424444,685.7720011757777,0.0,7756.56698015873,0.0
2025-08-24,0,21,3:30-3:40,715.4076166666666,0.0003047619047619047,0.5112749999999999,0.5139343749999999,49.18221666666659,753.8670136904768,764.5895285714284,764.5895285714284,764.5895285714284,0.0,0.0,7756.56698015873,0.0
2025-08-24,0,22,3:40-3:50,691.9793500000001,0.0,0.519,0.5224049107142859,66.09689999999995,685.5014172619053,758.0762500000001,758.0762500000001,758.0762500000001,0.0,0.0,7756.56698015873,0.0
2025-08-24,0,23,3:50-4:00,624.8183333333333,0.0,0.499875,0.502032142857143,66.88833333333332,601.2800684523808,691.7066666666666,691.7066666666666,691.7066666666666,0.0,0.0,7756.56698015873,0.0
2025-08-24,0,24,4:00-4:10,643.1799166666666,0.004511904761904762,0.48157500000000003,0.48412366071428575,41.65788571428561,538.3086089285717,1518.1666238095236,1518.1666238095236,1518.1666238095236,833.3333333333333,0.0,8506.56698015873,0.0
2025-08-24,0,25,4:10-4:20,670.4628666666666,0.0,0.49075,0.495690625,53.74806666666666,467.00189107142876,724.2109333333333,724.2109333333333,724.2109333333333,0.0,0.0,8506.56698015873,0.0
2025-08-24,0,26,4:20-4:30,664.8333333333333,0.0,0.508625,0.5153473214285714,70.51666666666665,421.988074404762,735.3499999999999,735.3499999999999,735.3499999999999,0.0,0.0,8506.56698015873,0.0
2025-08-24,0,27,4:30-4:40,663.7448999999999,0.06282619047619048,0.493525,0.49861071428571424,61.28657142857139,395.07712797619047,724.9686452380951,724.9686452380951,724.9686452380951,0.0,0.0,8506.56698015873,0.0
2025-08-24,0,28,4:40-4:50,669.4682,0.0,0.48985,0.49417276785714287,46.62291904761901,367.1929053571422,716.091119047619,716.091119047619,716.091119047619,0.0,0.0,8506.56698015873,0.0
2025-08-24,0,29,4:50-5:00,677.71,0.0,0.501875,0.5072254464285715,62.264999999999986,417.3459535714281,739.975,739.975,739.975,0.0,0.0,8506.56698015873,0.0
2025-08-24,0,30,5:00-5:10,682.9202166666666,0.8750428571428572,0.48957500000000004,0.49479910714285713,52.10881666666671,459.6692720238089,734.1539904761905,734.1539904761905,734.1539904761905,0.0,0.0,8506.56698015873,0.0
2025-08-24,0,31,5:10-5:20,663.2807333333333,0.0,0.4819,0.48780535714285705,44.217728571428665,427.7571119047615,1540.8317952380953,1540.8317952380953,1540.8317952380953,833.3333333333333,0.0,9256.56698015873,0.0
2025-08-24,0,32,5:20-5:30,628.38,1.5598214285714287,0.450125,0.4572008928571429,41.11279761904768,350.7777357142852,1501.2663095238095,1501.2663095238095,1501.2663095238095,833.3333333333333,0.0,10006.56698015873,0.0
2025-08-24,0,33,5:30-5:40,624.74035,30.83986666666666,0.37744999999999995,0.3840415178571427,44.47820952380948,309.2436732142852,1471.712026190476,1471.712026190476,1471.712026190476,833.3333333333333,0.0,10756.56698015873,0.0
2025-08-24,0,34,5:40-5:50,700.5055166666666,71.73251666666667,0.574,0.5827410714285716,51.38896904761907,268.59202619047585,680.161969047619,680.161969047619,680.161969047619,0.0,0.0,10756.56698015873,0.0
2025-08-24,0,35,5:50-6:00,811.0383333333332,115.17142857142859,0.9272499999999999,0.9387964285714283,48.82005952380962,229.9389720238092,0.0,0.0,0.0,0.0,744.6869642857142,9929.13701984127,0.0
2025-08-24,0,36,6:00-6:10,846.8098833333333,163.4939976190476,0.9778749999999999,0.9860183035714287,44.40989523809526,209.63563333333298,0.0,0.0,0.0,0.0,727.725780952381,9120.552818783068,0.0
2025-08-24,0,37,6:10-6:20,811.4932666666666,211.86210714285716,0.8948499999999999,0.8986455357142853,39.066609523809575,219.75283154761857,0.0,0.0,0.0,0.0,638.697769047619,8410.88863095238,0.0
2025-08-24,0,38,6:20-6:30,774.1383333333333,259.4839285714285,0.8491,0.8512879464285715,59.52571428571434,239.00845833333295,0.0,0.0,0.0,0.0,574.1801190476192,7772.91072089947,0.0
2025-08-24,0,39,6:30-6:40,802.6996166666665,310.2174357142857,0.83975,0.8422183035714284,42.93114523809527,294.6910178571425,0.0,0.0,0.0,0.0,535.413326190476,7178.007025132274,0.0
2025-08-24,0,40,6:40-6:50,821.0375999999999,362.70166666666665,0.820825,0.8247897321428573,51.582745238095185,358.41205119047595,0.0,0.0,0.0,0.0,509.9186785714284,6611.430715608464,0.0
2025-08-24,0,41,6:50-7:00,819.265,417.06517857142853,0.7922,0.7966464285714284,51.21244047619041,408.98143809523816,0.0,0.0,0.0,0.0,453.41226190476186,6107.639313492062,0.0
2025-08-24,0,42,7:00-7:10,858.1949666666666,474.6038595238095,0.7890499999999999,0.7906709821428572,47.0666190476191,456.4828261904756,0.0,0.0,0.0,0.0,430.65772619047624,5629.130728835977,0.0
2025-08-24,0,43,7:10-7:20,873.1789333333332,530.146119047619,0.7687999999999999,0.7683392857142852,54.423569047619026,557.3176422619046,0.0,0.0,0.0,0.0,397.4563833333333,5187.512525132273,0.0
2025-08-24,0,44,7:20-7:30,822.2433333333333,583.774107142857,0.699725,0.6977008928571431,59.15535714285704,641.8644244047616,0.0,0.0,0.0,0.0,297.62458333333336,4856.818543650792,0.0
2025-08-24,0,45,7:30-7:40,762.3488333333332,640.35755,0.6377499999999999,0.630695982142857,53.598473809523796,679.8030702380951,0.0,0.0,0.0,0.0,175.58975714285702,4661.718813492062,0.0
2025-08-24,0,46,7:40-7:50,908.8405666666665,696.530876190476,0.8464750000000001,0.8355138392857144,46.30182142857137,680.4904345238093,0.0,0.0,0.0,0.0,258.611511904762,4374.372689153437,0.0
2025-08-24,0,47,7:50-8:00,1136.6366666666665,751.8535714285714,1.170625,1.159815625,37.383273809523814,748.1561202380944,0.0,0.0,0.0,0.0,422.166369047619,3905.298945767194,0.0
2025-08-24,0,48,8:00-8:10,1098.7712499999998,807.6338047619048,1.16665,1.1582035714285717,41.6133047619048,807.577310714285,0.0,0.0,0.0,0.0,332.7507499999998,3535.5758902116386,0.0
2025-08-24,0,49,8:10-8:20,1064.0994833333332,852.8619047619046,1.1057,1.0964723214285714,59.84654523809513,855.7778982142851,0.0,0.0,0.0,0.0,271.0841238095237,3234.3713082010568,0.0
2025-08-24,0,50,8:20-8:30,1134.0383333333332,894.46875,1.1179999999999999,1.1054424107142855,79.59511904761922,915.5211136904753,0.0,0.0,0.0,0.0,319.16470238095235,2879.7438611111097,0.0
2025-08-24,0,51,8:30-8:40,1141.0027333333333,950.3775023809524,1.06335,1.0500013392857142,59.904095238095124,943.2928398809518,0.0,0.0,0.0,0.0,250.529326190476,2601.3779431216917,0.0
2025-08-24,0,52,8:40-8:50,1139.0371166666666,999.0659214285713,1.016075,1.0008026785714286,70.61653333333331,938.3830065476179,0.0,0.0,0.0,0.0,210.58772857142867,2367.3915780423267,0.0
2025-08-24,0,53,8:50-9:00,1136.1983333333333,1029.11875,1.020925,1.0023861607142854,94.84428571428577,898.2553238095227,0.0,0.0,0.0,0.0,201.92386904761906,2143.031723544972,0.0
2025-08-24,0,54,9:00-9:10,1079.1115833333333,1054.8579619047619,1.0318,1.0123428571428577,69.23222142857153,804.9062285714278,0.0,0.0,0.0,0.0,93.4858428571431,2039.158564814813,0.0
2025-08-24,0,55,9:10-9:20,1081.3667,1110.1009357142857,0.9909250000000001,0.9692857142857142,56.164771428571385,755.2427083333317,0.0,0.0,0.0,0.0,27.430535714285725,2008.6801917989399,0.0
2025-08-24,0,56,9:20-9:30,1135.67,1172.942857142857,0.9124,0.8866745535714288,67.56940476190465,695.5125589285706,0.0,0.0,0.0,0.0,30.296547619047715,1975.017361111109,0.0
2025-08-24,0,57,9:30-9:40,1120.8227333333332,1189.9584166666666,0.8846499999999999,0.8591379464285712,84.92055952380977,650.4978142857135,0.0,0.0,0.0,0.0,15.784876190476325,1957.4786097883575,0.0
2025-08-24,0,58,9:40-9:50,1110.35205,1219.7222166666666,0.989175,0.9809852678571429,65.20870714285707,603.6509059523805,0.0,0.0,0.0,44.161459523809526,0.0,1997.223923359786,0.0
2025-08-24,0,59,9:50-10:00,1119.8166666666666,1271.7964285714284,1.1323750000000001,1.1444544642857142,76.86619047619054,569.0468880952376,0.0,0.0,0.0,75.11357142857128,0.0,2064.8261376455002,0.0
2025-08-24,0,60,10:00-10:10,1088.6114333333333,1296.118880952381,1.1243249999999998,1.130962946428571,60.11160476190472,565.6973571428557,0.0,0.0,0.0,147.39584285714295,0.0,2197.482396216929,0.0
2025-08-24,0,61,10:10-10:20,1081.1180666666667,1314.1034761904762,1.076425,1.0782839285714287,74.40513333333342,494.58848154761756,0.0,0.0,0.0,158.58027619047607,0.0,2340.204644788357,0.0
2025-08-24,0,62,10:20-10:30,1099.6066666666666,1349.2785714285712,1.088425,1.0979397321428572,85.67422619047613,469.3765452380947,0.0,0.0,0.0,163.99767857142865,0.0,2487.802555502643,0.0
2025-08-24,0,63,10:30-10:40,1084.1671166666665,1400.7191523809524,1.1085250000000002,1.1215625000000002,86.44038095238125,463.12974880952305,0.0,0.0,0.0,230.11165476190467,0.0,2694.903044788357,0.0
2025-08-24,0,64,10:40-10:50,1099.2855,1437.4182904761904,0.85575,0.854222321428571,91.20176666666666,450.74342142857097,0.0,0.0,0.0,246.93102380952382,0.0,2917.1409662169285,0.0
2025-08-24,0,65,10:50-11:00,1125.94,1450.5830357142854,0.4691,0.4451696428571427,108.39690476190496,425.57239285714246,483.71512466196396,483.71512466196396,483.71512466196396,699.9612556143443,0.0,3547.1060962698384,0.0
2025-08-24,0,66,11:00-11:10,1079.6889833333332,1457.2158190476189,0.40205,0.372957142857143,106.90294285714262,465.24606249999925,562.7094404761901,562.7094404761901,562.7094404761901,833.3333333333333,0.0,4297.106096269838,0.0
2025-08-24,0,67,11:10-11:20,1070.8429333333333,1459.5338738095238,0.46827500000000005,0.44287276785714297,102.59410476190503,537.4953214285702,547.2364976190479,547.2364976190479,547.2364976190479,833.3333333333333,0.0,5047.106096269838,0.0
2025-08-24,0,68,11:20-11:30,1119.7033333333334,1461.217857142857,0.487175,0.46377455357142866,104.80809523809535,602.7441559523801,0.0,0.0,0.0,236.7064285714282,0.0,5260.141881984124,0.0
2025-08-24,0,69,11:30-11:40,1132.4219166666667,1468.0616547619047,0.462525,0.43687232142857135,114.4623357142857,614.6952928571425,612.1559309523809,612.1559309523809,612.1559309523809,833.3333333333333,0.0,6010.141881984124,0.0
2025-08-24,0,70,11:40-11:50,1117.5464833333333,1472.5510714285713,0.44755,0.41887187500000017,102.26503333333373,617.4405244047615,580.5937785714291,580.5937785714291,580.5937785714291,833.3333333333333,0.0,6760.141881984124,0.0
2025-08-24,0,71,11:50-12:00,1090.8233333333333,1467.8107142857143,0.445425,0.4158535714285714,105.5095238095239,610.1265678571433,561.8554761904761,561.8554761904761,561.8554761904761,833.3333333333333,0.0,7510.141881984124,0.0
2025-08-24,0,72,12:00-12:10,1058.4952666666666,1454.0333428571425,0.4255,0.39771741071428574,131.09095476190464,554.9185547619045,568.8862119047619,568.8862119047619,568.8862119047619,833.3333333333333,0.0,8260.141881984124,0.0
2025-08-24,0,73,12:10-12:20,1064.8777,1443.0523047619047,0.4578,0.4336428571428573,117.63373095238089,499.93393869047605,572.7924595238094,572.7924595238094,572.7924595238094,833.3333333333333,0.0,9010.141881984124,0.0
2025-08-24,0,74,12:20-12:30,1080.5749999999998,1437.5607142857139,0.4908,0.46971428571428564,118.21238095238104,414.5602583333331,0.0,0.0,0.0,238.77333333333308,0.0,9225.037881984124,0.0
2025-08-24,0,75,12:30-12:40,1041.0860666666667,1430.6196642857142,0.43125,0.4103084821428573,122.22918809523807,350.8110499999998,566.0289238095238,566.0289238095238,566.0289238095238,833.3333333333333,0.0,9975.037881984124,0.0
2025-08-24,0,76,12:40-12:50,1067.4135666666666,1424.6038976190475,0.5864499999999999,0.5649236607142858,98.0322761904763,413.5419041666673,0.0,0.0,0.0,259.1580547619046,0.0,10208.28013126984,0.0
2025-08-24,0,77,12:50-13:00,1148.8633333333332,1420.1883928571428,0.879175,0.8571267857142858,80.13374999999989,445.28363154761945,0.0,0.0,0.0,191.19130952380965,0.0,10380.352309841268,0.0
2025-08-24,0,78,13:00-13:10,1151.2425166666667,1411.5902190476193,0.9009500000000001,0.8769790178571428,82.41580952380961,459.1904886904764,0.0,0.0,0.0,177.93189285714288,0.0,10540.491013412697,0.0
2025-08-24,0,79,13:10-13:20,1157.2249666666667,1384.8347666666664,0.854275,0.8269026785714285,90.87433809523768,525.7527071428576,0.0,0.0,0.0,136.73546190476213,0.0,10663.552929126983,0.0
2025-08-24,0,80,13:20-13:30,1189.6799999999998,1346.6875,0.861425,0.8308004464285711,69.41065476190465,507.7128999999994,0.0,0.0,0.0,87.59684523809551,0.0,10742.390089841268,0.0
2025-08-24,0,81,13:30-13:40,1183.6365,1319.8135095238094,0.857675,0.8288125,93.5759047619046,575.6486160714285,0.0,0.0,0.0,42.60110476190471,0.0,10780.731084126983,0.0
2025-08-24,0,82,13:40-13:50,1183.48695,1299.4522595238095,0.973025,0.9620562499999998,102.51073809523845,620.4800607142859,0.0,0.0,0.0,13.454571428571171,0.0,10792.840198412698,0.0
2025-08-24,0,83,13:50-14:00,1188.8249999999998,1272.4866071428569,1.1531749999999998,1.1628187499999996,89.86053571428545,657.2660815476191,0.0,0.0,0.0,0.0,6.198928571428496,10785.9525,0.0
2025-08-24,0,84,14:00-14:10,1154.65715,1232.1313285714284,1.1842000000000001,1.190459375,61.865845238095375,718.9088047619045,0.0,0.0,0.0,15.608333333333121,0.0,10800.0,0.0
2025-08-24,0,85,14:10-14:20,1147.2199833333334,1200.6542857142858,1.154525,1.156625892857143,76.83054523809528,794.6562672619045,0.0,0.0,0.0,0.0,23.396242857142852,10774.004174603175,0.0
2025-08-24,0,86,14:20-14:30,1168.5683333333332,1178.5794642857145,1.1888999999999998,1.196395089285714,105.00380952380925,829.1877273809522,0.0,0.0,0.0,0.0,94.99267857142786,10668.456753968256,0.0
2025-08-24,0,87,14:30-14:40,1156.41525,1143.1879404761903,1.27715,1.2857705357142861,75.75640714285697,833.9646767857139,0.0,0.0,0.0,0.0,88.98371666666662,10569.58595767196,0.0
2025-08-24,0,88,14:40-14:50,1159.4098833333333,1095.1307499999998,1.06285,1.0612745535714287,64.91905952380972,871.9104119047615,0.0,0.0,0.0,0.0,129.1981928571431,10426.032410052912,0.0
2025-08-24,0,89,14:50-15:00,1189.4166666666665,1047.0901785714284,0.68895,0.6742549107142857,97.09601190476201,940.2076124999999,239.42250000000013,239.42250000000013,239.42250000000013,0.0,0.0,10426.032410052912,0.0
2025-08-24,0,90,15:00-15:10,1202.8876833333334,1012.0440404761904,0.6799999999999999,0.6650406249999999,84.74487142857123,985.9577166666667,691.1080586713672,691.1080586713672,691.1080586713672,415.5195443856529,0.0,10800.0,0.0
2025-08-24,0,91,15:10-15:20,1197.3814,980.5904666666667,0.7599500000000001,0.7493946428571431,75.5224642857143,1036.8316142857143,292.3133976190476,292.3133976190476,292.3133976190476,0.0,0.0,10800.0,0.0
2025-08-24,0,92,15:20-15:30,1195.145,935.7973214285714,0.755025,0.7463424107142856,68.2974999999999,1053.1783303571428,327.64517857142846,327.64517857142846,327.64517857142846,0.0,0.0,10800.0,0.0
2025-08-24,0,93,15:30-15:40,1210.9578333333334,870.5635714285713,0.773375,0.7649861607142858,73.40465952380934,1041.9420535714285,413.7989214285715,413.7989214285715,413.7989214285715,0.0,0.0,10800.0,0.0
2025-08-24,0,94,15:40-15:50,1180.8182499999998,822.291307142857,0.8146500000000001,0.8099223214285713,75.90453333333335,1075.2913363095236,434.43147619047613,434.43147619047613,434.43147619047613,0.0,0.0,10800.0,0.0
2025-08-24,0,95,15:50-16:00,1154.1583333333333,787.1,0.8512000000000001,0.849940625,66.02458333333323,1163.6437023809526,433.0829166666666,433.0829166666666,433.0829166666666,0.0,-0.0,10800.0,0.0
2025-08-24,0,96,16:00-16:10,1236.5417,725.5298738095237,0.8688500000000001,0.8631834821428577,62.18297619047621,1291.0540892857143,573.1948023809525,573.1948023809525,573.1948023809525,0.0,-0.0,10800.0,0.0
2025-08-24,0,97,16:10-16:20,1237.0995333333333,663.9958333333333,0.8931749999999999,0.8880589285714287,71.45336666666674,1402.4335178571425,644.5570666666669,644.5570666666669,644.5570666666669,0.0,-0.0,10800.0,0.0
2025-08-24,0,98,16:20-16:30,1166.01,611.2794642857143,0.9306749999999999,0.9309312500000001,65.35190476190468,1438.3353327380955,620.0824404761904,620.0824404761904,620.0824404761904,0.0,-0.0,10800.0,0.0
2025-08-24,0,99,16:30-16:40,1216.2554666666665,548.9883619047619,0.96215,0.9598830357142855,59.43301904761904,1509.2685583333337,726.7001238095236,726.7001238095236,726.7001238095236,0.0,-0.0,10800.0,0.0
2025-08-24,0,100,16:40-16:50,1216.9194666666667,488.15385,0.982875,0.9791803571428573,52.735880952381024,1534.0772339285718,781.5014976190478,781.5014976190478,781.5014976190478,0.0,-0.0,10800.0,0.0
2025-08-24,0,101,16:50-17:00,1161.5749999999998,434.0607142857142,1.004225,1.003104910714285,62.538392857142725,1559.3755375000003,790.0526785714284,790.0526785714284,790.0526785714284,0.0,-0.0,10800.0,0.0
2025-08-24,0,102,17:00-17:10,1217.7523666666666,380.3114809523809,1.04165,1.0412772321428572,56.367876190476295,1605.3438577380957,893.8087619047619,893.8087619047619,893.8087619047619,0.0,0.0,10800.0,0.0
2025-08-24,0,103,17:10-17:20,1225.8717666666666,327.55676666666665,1.07955,1.0836294642857145,44.59698095238082,1674.5637309523809,942.9119809523809,942.9119809523809,942.9119809523809,0.0,0.0,10800.0,0.0
2025-08-24,0,104,17:20-17:30,1193.7266666666665,274.78125,1.1075,1.1172642857142854,55.432738095238165,1725.241972619047,974.3781547619046,974.3781547619046,974.3781547619046,0.0,0.0,10800.0,0.0
2025-08-24,0,105,17:30-17:40,1266.2064999999998,219.34306666666663,1.137575,1.1455901785714282,52.29162619047611,1725.5510470238096,1099.1550595238093,1099.1550595238093,1099.1550595238093,0.0,0.0,10800.0,0.0
2025-08-24,0,106,17:40-17:50,1148.7222499999998,166.20006666666666,1.2158499999999999,1.2246794642857142,57.52838809523814,1705.9576363095232,1040.0505714285714,1040.0505714285714,1040.0505714285714,0.0,-0.0,10800.0,0.0
2025-08-24,0,107,17:50-18:00,891.405,117.7357142857143,1.320525,1.3329638392857142,42.370119047619255,1667.851519642857,816.039404761905,816.039404761905,816.039404761905,0.0,-0.0,10800.0,0.0
2025-08-24,0,108,18:00-18:10,870.17755,72.25299523809522,1.37445,1.3843584821428565,48.50300238095258,1579.669046428572,846.4275571428574,846.4275571428574,846.4275571428574,0.0,-0.0,10800.0,0.0
2025-08-24,0,109,18:10-18:20,941.2939166666666,30.185357142857136,1.384625,1.3973580357142859,67.40330476190468,1586.8590821428572,978.5118642857142,978.5118642857142,978.5118642857142,0.0,0.0,10800.0,0.0
2025-08-24,0,110,18:20-18:30,976.1983333333333,1.5982142857142856,1.3810499999999999,1.3975151785714286,59.3713095238096,1669.9890261904761,1033.9714285714285,1033.9714285714285,1033.9714285714285,0.0,0.0,10800.0,0.0
2025-08-24,0,111,18:30-18:40,986.1508166666667,0.0,1.40335,1.4103397321428575,49.445114285714226,1655.9028059523807,1035.595930952381,1035.595930952381,1035.595930952381,0.0,0.0,10800.0,0.0
2025-08-24,0,112,18:40-18:50,945.2023666666666,0.8313190476190475,1.5196749999999999,1.5340700892857144,43.7426857142857,1594.9784196428573,988.1137333333332,988.1137333333332,988.1137333333332,0.0,-0.0,10800.0,0.0
2025-08-24,0,113,18:50-19:00,908.8333333333333,0.0,1.656575,1.6934312499999997,66.96982142857132,1646.1684875,142.46982142857132,142.46982142857132,142.46982142857132,0.0,833.3333333333333,9874.074074074075,0.0
2025-08-24,0,114,19:00-19:10,970.1872666666666,0.0,1.662075,1.7026741071428568,34.16310476190483,1657.5865678571429,171.01703809523815,171.01703809523815,171.01703809523815,0.0,833.3333333333333,8948.14814814815,0.0
2025-08-24,0,115,19:10-19:20,1009.7271833333332,0.059688095238095235,1.6578,1.6943017857142857,46.75838333333331,1584.3256273809525,223.09254523809523,223.09254523809523,223.09254523809523,0.0,833.3333333333333,8022.2222222222235,0.0
2025-08-24,0,116,19:20-19:30,994.6016666666666,0.0,1.6822499999999998,1.7170879464285715,56.74499999999989,1624.0797285714284,218.0133333333331,218.0133333333331,218.0133333333331,0.0,833.3333333333333,7096.296296296297,0.0
2025-08-24,0,117,19:30-19:40,998.5047333333333,0.0,1.6559,1.690017857142857,41.987471428571325,1671.2934785714288,207.1588714285715,207.1588714285715,207.1588714285715,0.0,833.3333333333333,6170.370370370371,0.0
2025-08-24,0,118,19:40-19:50,962.5994499999999,0.004285714285714285,1.63595,1.6706607142857144,31.676483333333408,1670.044833333333,994.2716476190476,994.2716476190476,994.2716476190476,0.0,0.0,6170.370370370371,0.0
2025-08-24,0,119,19:50-20:00,901.9033333333333,0.0,1.6440000000000001,1.6798424107142857,66.09833333333336,1612.7404005952378,134.6683333333334,134.6683333333334,134.6683333333334,0.0,833.3333333333333,5244.444444444445,0.0
2025-08-24,0,120,20:00-20:10,908.8300999999999,0.0,1.641075,1.6769281249999997,48.72074999999995,1566.0928315476187,206.4325934523796,206.4325934523796,206.4325934523796,0.0,751.1182565476203,4409.868603835978,0.0
2025-08-24,0,121,20:10-20:20,951.6387833333333,0.00028809523809523806,1.632225,1.6689299107142859,32.71219999999994,1514.8352690476186,984.3506952380951,984.3506952380951,984.3506952380951,0.0,0.0,4409.868603835978,0.0
2025-08-24,0,122,20:20-20:30,975.4866666666667,0.0,1.6598,1.6996058035714285,47.51833333333332,1435.7790309523803,189.67166666666674,189.67166666666674,189.67166666666674,0.0,833.3333333333333,3483.942677910052,0.0
2025-08-24,0,123,20:30-20:40,952.4159333333333,0.0,1.711225,1.7533950892857146,48.85489999999993,1332.2827809523803,167.9375,167.9375,167.9375,0.0,833.3333333333333,2558.016751984126,0.0
2025-08-24,0,124,20:40-20:50,923.9946166666666,0.0,1.4735,1.5035714285714283,30.615999999999985,1222.2150767857138,863.6009440476194,863.6009440476194,863.6009440476194,0.0,91.00967261904725,2456.894893518518,0.0
2025-08-24,0,125,20:50-21:00,915.05,0.0,1.08935,1.100336607142857,43.280000000000086,1131.205404166666,958.33,958.33,958.33,0.0,0.0,2456.894893518518,0.0
2025-08-24,0,126,21:00-21:10,917.9276333333333,0.0,1.044825,1.052301339285714,50.93831666666665,1083.7983208333328,968.86595,968.86595,968.86595,0.0,0.0,2456.894893518518,0.0
2025-08-24,0,127,21:10-21:20,931.2980333333333,0.0,1.0879500000000002,1.0955705357142858,55.18626666666671,1031.5114875,986.4843,986.4843,986.4843,0.0,0.0,2456.894893518518,0.0
2025-08-24,0,128,21:20-21:30,959.5266666666666,0.0,1.0955,1.100562946428571,48.171666666666624,1001.9713624999999,1007.6983333333333,1007.6983333333333,1007.6983333333333,0.0,0.0,2456.894893518518,0.0
2025-08-24,0,129,21:30-21:40,985.5202833333333,0.0,1.1526,1.1580651785714289,42.29964999999993,955.2613624999998,740.1196999999997,740.1196999999997,740.1196999999997,0.0,287.7002333333335,2137.227967592592,0.0
2025-08-24,0,130,21:40-21:50,899.9188,0.0,0.928575,0.9337513392857145,40.451233333333334,843.5051708333331,859.6340208333338,859.6340208333338,859.6340208333338,0.0,80.73601249999956,2047.521287037037,0.0
2025-08-24,0,131,21:50-22:00,764.2483333333332,0.0,0.5471,0.5511455357142858,75.5233333333332,762.7691583333332,877.117860082304,877.117860082304,877.117860082304,37.34619341563757,0.0,2081.1328611111107,0.0
2025-08-24,0,132,22:00-22:10,755.7435333333333,0.0,0.505525,0.5112424107142857,48.75383333333332,793.0195749999996,1637.8307,1637.8307,1637.8307,833.3333333333333,0.0,2831.1328611111107,0.0
2025-08-24,0,133,22:10-22:20,746.1129166666666,0.0,0.5591,0.5646589285714285,45.86505,729.9687916666662,791.9779666666666,791.9779666666666,791.9779666666666,0.0,0.0,2831.1328611111107,0.0
2025-08-24,0,134,22:20-22:30,701.81,0.0,0.545675,0.5483986607142858,65.05500000000006,626.2538249999998,1600.1983333333333,1600.1983333333333,1600.1983333333333,833.3333333333333,0.0,3581.1328611111107,0.0
2025-08-24,0,135,22:30-22:40,726.4872499999999,0.0,0.5499499999999999,0.5516901785714284,52.64501666666672,552.6022666666663,779.1322666666666,779.1322666666666,779.1322666666666,0.0,0.0,3581.1328611111107,0.0
2025-08-24,0,136,22:40-22:50,779.7279333333332,0.0,0.54695,0.5513513392857143,42.5309666666667,487.5307833333329,822.2588999999999,822.2588999999999,822.2588999999999,0.0,0.0,3581.1328611111107,0.0
2025-08-24,0,137,22:50-23:00,787.0216666666666,0.0,0.5196,0.525924107142857,58.85500000000002,410.6947458333332,1679.21,1679.21,1679.21,833.3333333333333,0.0,4331.132861111111,0.0
2025-08-24,0,138,23:00-23:10,717.9926,0.0,0.4952000000000001,0.4969361607142858,36.37813333333338,380.0721874999996,1587.7040666666667,1587.7040666666667,1587.7040666666667,833.3333333333333,0.0,5081.132861111111,0.0
2025-08-24,0,139,23:10-23:20,697.2263666666665,0.0,0.522975,0.523608482142857,56.110800000000154,316.8908208333333,1586.6705,1586.6705,1586.6705,833.3333333333333,0.0,5831.132861111111,0.0
2025-08-24,0,140,23:20-23:30,745.4499999999999,0.0,0.57025,0.5742486607142856,41.26166666666677,257.2723833333333,786.7116666666667,786.7116666666667,786.7116666666667,0.0,0.0,5831.132861111111,0.0
2025-08-24,0,141,23:30-23:40,768.2620666666667,0.0,0.5552,0.5587160714285714,46.123233333333474,207.96715833333334,814.3853000000001,814.3853000000001,814.3853000000001,0.0,0.0,5831.132861111111,0.0
2025-08-24,0,142,23:40-23:50,779.7390833333334,0.0,0.54405,0.5493794642857143,53.20699999999988,119.17800000000022,1020.5762376543208,1020.5762376543208,1020.5762376543208,187.63015432098754,0.0,6000.0,0.0
2025-08-24,0,143,23:50-24:00,794.53,0.0,0.5528,0.5620526785714286,47.886666666666656,71.47124999999997,842.4166666666666,842.4166666666666,842.4166666666666,0.0,0.0,6000.0,0.0
2025-08-25,0,0,0:00-0:10,796.3069499999999,0.0,0.5340499999999999,0.5418214285714286,49.59293333333335,1512.16673452381,845.8998833333333,845.8998833333333,845.8998833333333,0.0,0.0,7604.3326037830675,0.0
2025-08-25,0,1,0:10-0:20,759.2698499999999,0.0,0.537125,0.5445799107142858,31.920116666666672,1526.2856619047625,791.1899666666666,791.1899666666666,791.1899666666666,0.0,0.0,7604.3326037830675,0.0
2025-08-25,0,2,0:20-0:30,700.62,0.0,0.556225,0.5657834821428571,50.613333333333344,1500.2417244047629,751.2333333333333,751.2333333333333,751.2333333333333,0.0,0.0,7604.3326037830675,0.0
2025-08-25,0,3,0:30-0:40,675.49675,0.0,0.533575,0.5406901785714288,43.48029999999994,1478.2946410714292,718.97705,718.97705,718.97705,0.0,0.0,7604.3326037830675,0.0
2025-08-25,0,4,0:40-0:50,707.2748833333333,0.0,0.521475,0.5294352678571428,58.3839333333334,1450.6242559523823,765.6588166666667,765.6588166666667,765.6588166666667,0.0,0.0,7604.3326037830675,0.0
2025-08-25,0,5,0:50-1:00,736.3933333333332,0.0,0.528925,0.5398566964285713,62.93166666666673,1474.0933327380965,799.3249999999999,799.3249999999999,799.3249999999999,0.0,0.0,7604.3326037830675,0.0
2025-08-25,0,6,1:00-1:10,683.81365,0.0,0.509625,0.5158544642857142,71.01266666666663,1503.1657000000014,754.8263166666667,754.8263166666667,754.8263166666667,0.0,0.0,7604.3326037830675,0.0
2025-08-25,0,7,1:10-1:20,683.2253999999999,0.0,0.48305000000000003,0.4834950892857145,49.852666666666664,1412.0054642857149,733.0780666666666,733.0780666666666,733.0780666666666,0.0,0.0,7604.3326037830675,0.0
2025-08-25,0,8,1:20-1:30,754.875,0.0,0.485,0.48552723214285726,64.71333333333325,1352.120633333334,819.5883333333333,819.5883333333333,819.5883333333333,0.0,0.0,7604.3326037830675,0.0
2025-08-25,0,9,1:30-1:40,777.5449333333332,0.0,0.5286249999999999,0.5350790178571427,49.01044999999988,1369.7217047619051,826.5553833333331,826.5553833333331,826.5553833333331,0.0,0.0,7604.3326037830675,0.0
2025-08-25,0,10,1:40-1:50,736.25085,0.0,0.54425,0.5509397321428572,38.65464999999995,1308.1017952380955,774.9055,774.9055,774.9055,0.0,0.0,7604.3326037830675,0.0
2025-08-25,0,11,1:50-2:00,697.0283333333333,0.0,0.5179250000000001,0.520032142857143,45.26999999999998,1225.5847904761906,742.2983333333333,742.2983333333333,742.2983333333333,0.0,0.0,7604.3326037830675,0.0
2025-08-25,0,12,2:00-2:10,733.2592666666666,0.0,0.5009250000000001,0.5049183035714288,69.88016666666658,1182.9763827380953,803.1394333333332,803.1394333333332,803.1394333333332,0.0,0.0,7604.3326037830675,0.0
2025-08-25,0,13,2:10-2:20,742.6146666666666,0.0,0.49989999999999996,0.5046736607142855,68.78359999999986,1142.1168994047616,811.3982666666665,811.3982666666665,811.3982666666665,0.0,0.0,7604.3326037830675,0.0
2025-08-25,0,14,2:20-2:30,700.89,0.0,0.50335,0.5066915178571428,49.014999999999986,1114.7575761904761,749.905,749.905,749.905,0.0,0.0,7604.3326037830675,0.0
2025-08-25,0,15,2:30-2:40,686.6083333333332,0.0,0.49832499999999996,0.5047857142857143,48.097699999999975,1084.2181291666666,734.7060333333332,734.7060333333332,734.7060333333332,0.0,0.0,7604.3326037830675,0.0
2025-08-25,0,16,2:40-2:50,698.41225,0.0,0.49155000000000004,0.49922500000000014,45.59465,979.3576934523816,744.0069,744.0069,744.0069,0.0,0.0,7604.3326037830675,0.0
2025-08-25,0,17,2:50-3:00,707.5049999999999,0.0,0.4878,0.4938549107142857,63.02999999999986,928.8788517857149,770.5349999999997,770.5349999999997,770.5349999999997,0.0,0.0,7604.3326037830675,0.0
2025-08-25,0,18,3:00-3:10,694.1911166666666,0.0,0.48705,0.4939964285714286,57.59823333333338,886.0422827380957,751.78935,751.78935,751.78935,0.0,0.0,7604.3326037830675,0.0
2025-08-25,0,19,3:10-3:20,696.7690166666666,0.0,0.497525,0.5029915178571429,52.90559285714278,825.7980488095238,749.6746095238094,749.6746095238094,749.6746095238094,0.0,0.0,7604.3326037830675,0.0
2025-08-25,0,20,3:20-3:30,702.1683333333333,0.0,0.5063500000000001,0.5090058035714286,42.60833333333335,784.8252708333337,744.7766666666666,744.7766666666666,744.7766666666666,0.0,0.0,7604.3326037830675,0.0
2025-08-25,0,21,3:30-3:40,664.3109166666666,0.00034285714285714285,0.49055000000000004,0.4951276785714286,49.18221666666659,750.1127708333337,713.4927904761903,713.4927904761903,713.4927904761903,0.0,0.0,7604.3326037830675,0.0
2025-08-25,0,22,3:40-3:50,663.6803833333333,0.0,0.48037500000000005,0.4840691964285715,66.09689999999995,684.2931196428574,729.7772833333333,729.7772833333333,729.7772833333333,0.0,0.0,7604.3326037830675,0.0
2025-08-25,0,23,3:50-4:00,696.0766666666666,0.0,0.482575,0.4825558035714284,66.88833333333332,600.071770833333,762.9649999999999,762.9649999999999,762.9649999999999,0.0,0.0,7604.3326037830675,0.0
2025-08-25,0,24,4:00-4:10,677.02505,0.00476904761904762,0.477375,0.4788544642857143,48.26451666666674,537.1003113095239,1558.6181309523809,1558.6181309523809,1558.6181309523809,833.3333333333333,0.0,8354.332603783067,0.0
2025-08-25,0,25,4:10-4:20,666.0804833333333,0.0,0.48325,0.48783437500000015,53.74806666666666,472.40022440476207,719.82855,719.82855,719.82855,0.0,0.0,8354.332603783067,0.0
2025-08-25,0,26,4:20-4:30,690.3316666666666,0.0,0.49875,0.5044861607142858,65.11833333333334,427.38640773809533,755.4499999999999,755.4499999999999,755.4499999999999,0.0,0.0,8354.332603783067,0.0
2025-08-25,0,27,4:30-4:40,708.2132833333333,0.06642619047619047,0.49770000000000003,0.5026674107142857,61.28657142857139,395.07712797619047,769.4334285714285,769.4334285714285,769.4334285714285,0.0,0.0,8354.332603783067,0.0
2025-08-25,0,28,4:40-4:50,685.0754166666667,0.0,0.475925,0.4799629464285715,46.62291904761901,362.49155357142786,949.1065537331006,949.1065537331006,949.1065537331006,217.4082180188149,0.0,8550.0,0.0
2025-08-25,0,29,4:50-5:00,645.4533333333333,0.0,0.45762499999999995,0.4611455357142856,62.264999999999986,410.09865654761865,1541.0516666666665,1541.0516666666665,1541.0516666666665,833.3333333333333,0.0,9300.0,0.0
2025-08-25,0,30,5:00-5:10,649.1214166666666,0.9251619047619049,0.475275,0.4784334821428571,52.10881666666671,452.42197499999946,1533.6384047619047,1533.6384047619047,1533.6384047619047,833.3333333333333,0.0,10050.0,0.0
2025-08-25,0,31,5:10-5:20,670.2400666666666,0.0,0.501725,0.507175,44.217728571428665,417.57333095238084,714.4577952380953,714.4577952380953,714.4577952380953,0.0,0.0,10050.0,0.0
2025-08-25,0,32,5:20-5:30,665.2383333333332,0.7910714285714286,0.47214999999999996,0.4803700892857143,41.11279761904768,340.59395476190457,705.5600595238095,705.5600595238095,705.5600595238095,0.0,0.0,10050.0,0.0
2025-08-25,0,33,5:30-5:40,634.5257166666667,29.270969047619047,0.38737499999999997,0.39429955357142854,44.47820952380948,299.05989226190457,1483.0662904761903,1483.0662904761903,1483.0662904761903,833.3333333333333,0.0,10800.0,0.0
2025-08-25,0,34,5:40-5:50,726.7534666666667,69.97419761904762,0.578125,0.5864375,51.38896904761907,258.4082452380952,708.1682380952382,708.1682380952382,708.1682380952382,0.0,0.0,10800.0,0.0
2025-08-25,0,35,5:50-6:00,888.7266666666666,114.05803571428574,0.927675,0.9391991071428567,48.82005952380962,219.75519107142858,0.0,0.0,0.0,0.0,823.4886904761904,9885.012566137566,0.0
2025-08-25,0,36,6:00-6:10,901.9037166666667,163.294619047619,0.9619249999999999,0.9704776785714287,44.40989523809526,199.72563095238078,0.0,0.0,0.0,0.0,783.018992857143,9014.991462962962,0.0
2025-08-25,0,37,6:10-6:20,839.4933833333332,212.0674880952381,0.88845,0.8932303571428569,39.929478571428604,213.75893511904732,0.0,0.0,0.0,0.0,667.3553738095237,8273.485492063492,0.0
2025-08-25,0,38,6:20-6:30,797.935,260.6303571428571,0.867825,0.8715254464285715,61.81107142857138,233.87743095238073,0.0,0.0,0.0,0.0,599.1157142857141,7607.801365079365,0.0
2025-08-25,0,39,6:30-6:40,804.4894166666666,314.28991904761904,0.84965,0.8533959821428571,49.96669999999983,291.84534761904735,0.0,0.0,0.0,0.0,540.1661976190474,7007.616701058201,0.0
2025-08-25,0,40,6:40-6:50,820.0616666666666,367.5035642857143,0.831025,0.8351107142857144,51.98639761904764,362.60193571428533,0.0,0.0,0.0,0.0,504.5444999999999,6447.011701058202,0.0
2025-08-25,0,41,6:50-7:00,812.9883333333333,420.11785714285713,0.8069500000000001,0.8104910714285715,51.21244047619041,410.6376970238095,0.0,0.0,0.0,0.0,444.0829166666666,5953.5862380952385,0.0
2025-08-25,0,42,7:00-7:10,791.2033833333332,477.3669476190476,0.7686999999999999,0.7699218750000002,47.0666190476191,469.6136244047613,0.0,0.0,0.0,0.0,360.9030547619047,5552.582843915345,0.0
2025-08-25,0,43,7:10-7:20,821.5144833333334,533.5706119047619,0.7550250000000001,0.7547732142857145,54.423569047619026,570.4484404761902,0.0,0.0,0.0,0.0,342.3674404761905,5172.174576719577,0.0
2025-08-25,0,44,7:20-7:30,854.7366666666667,586.7508928571428,0.7259749999999999,0.7237825892857143,58.386666666666656,654.9952226190474,110.7674452380962,110.7674452380962,110.7674452380962,0.0,215.6049952380943,4932.613470899472,0.0
2025-08-25,0,45,7:30-7:40,803.2850333333333,639.8898619047618,0.645375,0.6372575892857143,53.598473809523796,692.1651779761903,216.99364523809527,216.99364523809527,216.99364523809527,0.0,0.0,4932.613470899472,0.0
2025-08-25,0,46,7:40-7:50,928.8833666666666,690.1118595238095,0.831525,0.8201821428571427,44.249016666666876,686.9779863095234,0.0,0.0,0.0,0.0,283.020523809524,4618.1462222222235,0.0
2025-08-25,0,47,7:50-8:00,1151.935,741.774107142857,1.162825,1.152633035714286,37.383273809523814,768.5033017857141,0.0,0.0,0.0,0.0,447.5441666666668,4120.874925925927,0.0
2025-08-25,0,48,8:00-8:10,1117.5265,801.2861285714284,1.169425,1.1596473214285716,41.6133047619048,830.1353999999998,0.0,0.0,0.0,0.0,357.85367619047634,3723.2597301587307,0.0
2025-08-25,0,49,8:10-8:20,1076.78065,849.5260642857143,1.094025,1.0820616071428568,59.84654523809513,881.8714547619046,0.0,0.0,0.0,0.0,287.1011309523808,3404.258473544974,0.0
2025-08-25,0,50,8:20-8:30,1140.8133333333333,891.2714285714284,1.1006,1.0856584821428572,78.83345238095251,941.614670238095,0.0,0.0,0.0,0.0,328.3753571428573,3039.396965608466,0.0
2025-08-25,0,51,8:30-8:40,1160.8301833333333,948.700430952381,1.1044749999999999,1.0887575892857142,59.16829285714272,968.6247297619046,0.0,0.0,0.0,0.0,271.2980452380949,2737.9546931216937,0.0
2025-08-25,0,52,8:40-8:50,1134.1210666666666,993.6151023809523,1.07875,1.0614281249999997,70.61653333333331,966.3170166666663,0.0,0.0,0.0,0.0,211.12249761904764,2503.3741402116407,0.0
2025-08-25,0,53,8:50-9:00,1114.9733333333334,1019.8196428571428,1.04155,1.0217625000000001,94.84428571428577,948.5453624999996,0.0,0.0,0.0,0.0,189.9979761904765,2292.265277777778,0.0
2025-08-25,0,54,9:00-9:10,1143.1628,1054.1350404761904,1.0248499999999998,1.0046642857142856,69.23222142857153,869.977085714286,0.0,0.0,0.0,0.0,158.25998095238128,2116.4208544973544,0.0
2025-08-25,0,55,9:10-9:20,1136.7984,1113.9869999999999,1.006725,0.9848441964285712,56.164771428571385,807.8686136904755,0.0,0.0,0.0,0.0,78.97617142857143,2028.6695529100527,0.0
2025-08-25,0,56,9:20-9:30,1103.125,1174.4330357142858,0.9668,0.940697767857143,66.2509523809521,745.8025976190474,0.0,0.0,0.0,5.057083333333594,0.0,2033.220927910053,0.0
2025-08-25,0,57,9:30-9:40,1127.6509999999998,1196.174430952381,0.92535,0.8977763392857142,74.4899000000001,664.6806184523805,0.0,0.0,0.0,0.0,5.96646904761883,2026.5915178571431,0.0
2025-08-25,0,58,9:40-9:50,1134.2829833333333,1237.323723809524,0.9955,0.9840517857142856,65.20870714285707,608.0564648809518,0.0,0.0,0.0,37.832033333333584,0.0,2060.6403478571433,0.0
2025-08-25,0,59,9:50-10:00,1103.3133333333333,1296.4732142857142,1.132575,1.1417495535714284,76.86619047619054,588.3075773809514,0.0,0.0,0.0,116.29369047619048,0.0,2165.3046692857147,0.0
2025-08-25,0,60,10:00-10:10,1098.0932333333333,1313.1513666666665,1.1627750000000001,1.1676660714285716,60.11160476190472,570.6441351190472,0.0,0.0,0.0,154.94652857142842,0.0,2304.756545,0.0
2025-08-25,0,61,10:10-10:20,1121.3343666666665,1326.00195,1.121375,1.1224709821428573,74.40513333333342,522.6182994047609,0.0,0.0,0.0,130.26245000000017,0.0,2421.9927500000003,0.0
2025-08-25,0,62,10:20-10:30,1148.8999999999999,1356.9723214285711,1.10785,1.1171053571428569,85.67422619047613,509.3427678571427,0.0,0.0,0.0,122.39809523809504,0.0,2532.151035714286,0.0
2025-08-25,0,63,10:30-10:40,1152.9105666666665,1389.7806142857144,1.1399249999999999,1.1528852678571428,86.44038095238125,512.9160267857142,0.0,0.0,0.0,150.42966666666666,0.0,2667.537735714286,0.0
2025-08-25,0,64,10:40-10:50,1133.5005333333334,1424.1767642857142,0.89205,0.8894428571428572,91.20176666666666,500.52969940476214,0.0,0.0,0.0,199.47446428571425,0.0,2847.064753571429,0.0
2025-08-25,0,65,10:50-11:00,1110.2916666666665,1449.4116071428573,0.50315,0.4774892857142857,108.39690476190496,475.3586708333337,0.0,0.0,0.0,230.72303571428574,0.0,3054.715485714286,0.0
2025-08-25,0,66,11:00-11:10,1106.96535,1450.754526190476,0.4671,0.43837589285714296,106.90294285714262,522.5729119047623,596.4470999999996,596.4470999999996,596.4470999999996,833.3333333333333,0.0,3804.715485714286,0.0
2025-08-25,0,67,11:10-11:20,1114.0830999999998,1456.0562357142855,0.50935,0.4847178571428571,102.59410476190503,618.0290333333324,0.0,0.0,0.0,239.37903095238062,0.0,4020.1566135714284,0.0
2025-08-25,0,68,11:20-11:30,1116.315,1472.4732142857142,0.474875,0.4503339285714286,104.80809523809535,683.2778678571425,581.9832142857144,581.9832142857144,581.9832142857144,833.3333333333333,0.0,4770.156613571428,0.0
2025-08-25,0,69,11:30-11:40,1105.1290999999999,1481.340730952381,0.47965,0.4523200892857142,87.19853571428575,695.2290047619049,544.320238095238,544.320238095238,544.320238095238,833.3333333333333,0.0,5520.156613571428,0.0
2025-08-25,0,70,11:40-11:50,1089.0916833333333,1486.2816238095238,0.459925,0.42907991071428564,101.12643095238067,670.710436309524,537.2698238095234,537.2698238095234,537.2698238095234,833.3333333333333,0.0,6270.156613571428,0.0
2025-08-25,0,71,11:50-12:00,1081.0933333333332,1486.736607142857,0.419175,0.3867977678571429,96.66589285714281,662.2578773809527,524.3559523809522,524.3559523809522,524.3559523809522,833.3333333333333,0.0,7020.156613571428,0.0
2025-08-25,0,72,12:00-12:10,1084.8438333333334,1477.2378571428571,0.44339999999999996,0.41338169642857153,116.94908571428584,598.2062333333326,557.8883952380954,557.8883952380954,557.8883952380954,833.3333333333333,0.0,7770.156613571428,0.0
2025-08-25,0,73,12:10-12:20,1069.0471333333332,1472.1685142857143,0.48672499999999996,0.4600714285714285,115.05527380952367,529.0797482142854,293.58764920634724,293.58764920634724,293.58764920634724,581.6537563492046,0.0,8293.644994285713,0.0
2025-08-25,0,74,12:20-12:30,1039.78,1470.1491071428568,0.477125,0.4523517857142858,118.21238095238104,441.1276107142852,521.1766071428574,521.1766071428574,521.1766071428574,833.3333333333333,0.0,9043.644994285713,0.0
2025-08-25,0,75,12:30-12:40,1040.9404166666666,1456.9073404761905,0.42150000000000004,0.3966772321428572,104.6293452380954,372.83712202380923,521.9957547619047,521.9957547619047,521.9957547619047,833.3333333333333,0.0,9793.644994285713,0.0
2025-08-25,0,76,12:40-12:50,1082.1101999999998,1448.8331880952383,0.590525,0.5648245535714286,95.43917142857156,420.99565357142916,0.0,0.0,0.0,271.2838166666668,0.0,10037.800429285713,0.0
2025-08-25,0,77,12:50-13:00,1138.7383333333332,1444.9169642857141,0.8867499999999999,0.8607808035714285,73.7593452380952,451.6580363095241,0.0,0.0,0.0,232.4192857142857,0.0,10246.97778642857,0.0
2025-08-25,0,78,13:00-13:10,1166.1392999999998,1424.3046880952381,0.923725,0.8986102678571429,82.41580952380961,459.1904886904764,0.0,0.0,0.0,175.74957857142863,0.0,10405.152407142856,0.0
2025-08-25,0,79,13:10-13:20,1141.7636666666667,1388.149169047619,0.8857,0.8597531249999998,90.87433809523768,522.9841839285722,0.0,0.0,0.0,155.51116428571459,0.0,10545.112454999999,0.0
2025-08-25,0,80,13:20-13:30,1105.4366666666665,1348.1,0.8858750000000001,0.8568392857142858,69.41065476190465,506.19913988095186,0.0,0.0,0.0,173.25267857142876,0.0,10701.039865714285,0.0
2025-08-25,0,81,13:30-13:40,1126.7852333333333,1316.0461761904762,0.8694000000000001,0.8401397321428573,93.5759047619046,569.8755511904764,0.0,0.0,0.0,95.68503809523827,0.0,10787.1564,0.0
2025-08-25,0,82,13:40-13:50,1169.2248666666665,1286.0062714285714,0.9731,0.960559375,102.51073809523845,615.5529226190483,0.0,0.0,0.0,14.270666666666557,0.0,10800.0,0.0
2025-08-25,0,83,13:50-14:00,1188.175,1248.4017857142858,1.1495,1.1591388392857145,89.86053571428545,652.3389434523816,0.0,0.0,0.0,0.0,29.63374999999951,10767.073611111111,0.0
2025-08-25,0,84,14:00-14:10,1173.7302333333332,1201.277383333333,1.188475,1.1981647321428568,61.865845238095375,692.9415476190482,0.0,0.0,0.0,0.0,34.318695238095415,10728.941727513227,0.0
2025-08-25,0,85,14:10-14:20,1175.0144,1168.1008523809523,1.1662,1.1720379464285708,76.83054523809528,758.2513196428578,0.0,0.0,0.0,0.0,83.74409285714296,10635.892735449735,0.0
2025-08-25,0,86,14:20-14:30,1188.3999999999999,1147.2919642857144,1.20375,1.2127147321428573,105.00380952380925,792.7827797619054,0.0,0.0,0.0,0.0,146.1118452380947,10473.546240740741,0.0
2025-08-25,0,87,14:30-14:40,1170.5755666666666,1112.9572714285714,1.297875,1.3083250000000002,75.75640714285697,798.1697291666674,0.0,0.0,0.0,0.0,133.37470238095216,10325.352126984128,0.0
2025-08-25,0,88,14:40-14:50,1183.9827,1067.6294928571428,1.09145,1.0923879464285715,65.62083333333322,836.1154642857149,0.0,0.0,0.0,0.0,181.97404047619034,10123.15874867725,0.0
2025-08-25,0,89,14:50-15:00,1211.2616666666665,1023.6687499999998,0.72235,0.7095379464285714,97.09601190476201,905.1144386904767,284.68892857142873,284.68892857142873,284.68892857142873,0.0,0.0,10123.15874867725,0.0
2025-08-25,0,90,15:00-15:10,1167.8192833333333,991.1817595238095,0.710875,0.6969424107142858,84.74487142857123,950.8645428571436,1013.428230041151,1013.428230041151,1013.428230041151,752.045834803056,0.0,10800.0,0.0
2025-08-25,0,91,15:10-15:20,1125.4056833333334,961.633838095238,0.787775,0.7785562500000002,79.73811190476192,1001.7384404761913,243.50995714285716,243.50995714285716,243.50995714285716,0.0,0.0,10800.0,0.0
2025-08-25,0,92,15:20-15:30,1135.9916666666666,918.9812499999999,0.790125,0.7832812499999997,69.43511904761903,1022.3008041666674,286.4455357142857,286.4455357142857,286.4455357142857,0.0,0.0,10800.0,0.0
2025-08-25,0,93,15:30-15:40,1184.7585,856.3179476190477,0.8266,0.818486607142857,73.40465952380934,1012.2021464285721,401.84521190476164,401.84521190476164,401.84521190476164,0.0,0.0,10800.0,0.0
2025-08-25,0,94,15:40-15:50,1230.2560166666667,812.1352095238094,0.8557499999999999,0.8497214285714285,75.90453333333335,1045.5514291666673,494.02534047619065,494.02534047619065,494.02534047619065,0.0,0.0,10800.0,0.0
2025-08-25,0,95,15:50-16:00,1233.32,780.7107142857142,0.8714,0.8687013392857141,66.02458333333323,1133.9037952380963,518.6338690476189,518.6338690476189,518.6338690476189,0.0,-0.0,10800.0,0.0
2025-08-25,0,96,16:00-16:10,1191.0682833333333,719.0910023809522,0.9189499999999999,0.9126736607142857,62.18297619047621,1264.495848809525,534.1602571428573,534.1602571428573,534.1602571428573,0.0,-0.0,10800.0,0.0
2025-08-25,0,97,16:10-16:20,1205.8365666666666,656.1918071428571,0.949325,0.9442183035714286,69.08969047619041,1375.875277380953,618.73445,618.73445,618.73445,0.0,-0.0,10800.0,0.0
2025-08-25,0,98,16:20-16:30,1252.0633333333333,603.5125,0.9493250000000001,0.9494763392857142,65.35190476190468,1409.4134160714298,713.902738095238,713.902738095238,713.902738095238,0.0,-0.0,10800.0,0.0
2025-08-25,0,99,16:30-16:40,1210.5092,543.0495261904762,0.957625,0.9548732142857145,59.43301904761904,1480.346641666668,726.8926928571427,726.8926928571427,726.8926928571427,0.0,-0.0,10800.0,0.0
2025-08-25,0,100,16:40-16:50,1196.37385,482.3658476190475,0.97915,0.9754825892857139,52.735880952381024,1505.1553172619056,766.7438833333334,766.7438833333334,766.7438833333334,0.0,-0.0,10800.0,0.0
2025-08-25,0,101,16:50-17:00,1219.2716666666665,426.71160714285713,1.0095750000000001,1.0095348214285715,62.538392857142725,1523.7625089285725,855.0984523809522,855.0984523809522,855.0984523809522,0.0,-0.0,10800.0,0.0
2025-08-25,0,102,17:00-17:10,1180.43955,372.85187857142864,1.045525,1.0463709821428568,56.367876190476295,1569.7308291666677,863.9555476190476,863.9555476190476,863.9555476190476,-0.0,0.0,10800.0,0.0
2025-08-25,0,103,17:10-17:20,1203.5310833333333,319.99744523809517,1.0873,1.0925910714285714,44.59698095238082,1638.950702380953,928.1306190476189,928.1306190476189,928.1306190476189,0.0,0.0,10800.0,0.0
2025-08-25,0,104,17:20-17:30,1296.1066666666666,267.75089285714284,1.1178000000000001,1.1285839285714288,56.66851190476177,1689.6289440476194,1085.0242857142855,1085.0242857142855,1085.0242857142855,-0.0,0.0,10800.0,0.0
2025-08-25,0,105,17:30-17:40,1304.0850999999998,215.5779095238095,1.1309,1.138849553571429,52.29162619047611,1691.1737922619054,1140.7988166666664,1140.7988166666664,1140.7988166666664,-0.0,0.0,10800.0,0.0
2025-08-25,0,106,17:40-17:50,1130.3765333333333,163.73260714285715,1.2283,1.2370410714285713,57.52838809523814,1671.5803815476195,1024.1723142857143,1024.1723142857143,1024.1723142857143,0.0,0.0,10800.0,0.0
2025-08-25,0,107,17:50-18:00,909.6466666666666,113.98214285714285,1.359875,1.3732669642857143,63.41023809523813,1633.474264880953,859.0747619047619,859.0747619047619,859.0747619047619,0.0,0.0,10800.0,0.0
2025-08-25,0,108,18:00-18:10,890.1734833333333,68.71684047619047,1.3650250000000002,1.375871875,58.94069285714295,1566.3319107142866,880.3973357142858,880.3973357142858,880.3973357142858,0.0,0.0,10800.0,0.0
2025-08-25,0,109,18:10-18:20,919.4071333333333,27.986514285714286,1.3511000000000002,1.3636879464285718,67.40330476190468,1583.9596369047622,958.8239238095236,958.8239238095236,958.8239238095236,0.0,0.0,10800.0,0.0
2025-08-25,0,110,18:20-18:30,904.3483333333334,0.7151785714285714,1.3600249999999998,1.3753910714285713,58.76130952380936,1667.0895809523809,962.3944642857141,962.3944642857141,962.3944642857141,0.0,0.0,10800.0,0.0
2025-08-25,0,111,18:30-18:40,901.145,0.0,1.3481750000000001,1.3545674107142858,49.445114285714226,1649.3916940476192,950.5901142857142,950.5901142857142,950.5901142857142,0.0,0.0,10800.0,0.0
2025-08-25,0,112,18:40-18:50,914.4703166666666,0.8786999999999999,1.4562499999999998,1.4711419642857138,43.7426857142857,1588.4673077380953,957.3343023809523,957.3343023809523,957.3343023809523,0.0,0.0,10800.0,0.0
2025-08-25,0,113,18:50-19:00,944.4483333333333,0.0,1.63,1.6674049107142854,66.96982142857132,1639.6573755952381,1011.4181547619046,1011.4181547619046,1011.4181547619046,0.0,-0.0,10800.0,0.0
2025-08-25,0,114,19:00-19:10,985.9125,0.0,1.65495,1.6943263392857142,34.16310476190483,1651.0754559523812,186.7422714285716,186.7422714285716,186.7422714285716,0.0,833.3333333333333,9874.074074074075,0.0
2025-08-25,0,115,19:10-19:20,975.6947,0.0630904761904762,1.6398000000000001,1.6748839285714283,46.75838333333331,1577.4466988095242,189.05665952380957,189.05665952380957,189.05665952380957,0.0,833.3333333333333,8948.14814814815,0.0
2025-08-25,0,116,19:20-19:30,917.1216666666666,0.0,1.64885,1.6837299107142858,56.74499999999989,1615.6884166666669,140.5333333333332,140.5333333333332,140.5333333333332,0.0,833.3333333333333,8022.2222222222235,0.0
2025-08-25,0,117,19:30-19:40,888.2780333333333,0.0,1.637475,1.6717196428571424,41.987471428571325,1662.9021666666667,96.93217142857134,96.93217142857134,96.93217142857134,0.0,833.3333333333333,7096.296296296297,0.0
2025-08-25,0,118,19:40-19:50,936.7698,0.004528571428571429,1.635525,1.670890178571429,31.676483333333408,1661.6535214285714,205.75051964285672,205.75051964285672,205.75051964285672,0.0,762.6912351190482,6248.861590608466,0.0
2025-08-25,0,119,19:50-20:00,985.995,0.0,1.646925,1.6840602678571426,62.91666666666663,1604.3490886904765,215.57833333333338,215.57833333333338,215.57833333333338,0.0,833.3333333333333,5322.93566468254,0.0
2025-08-25,0,120,20:00-20:10,921.0977833333333,0.0,1.640625,1.6761696428571422,48.72074999999995,1554.5198529761901,136.48519999999996,136.48519999999996,136.48519999999996,0.0,833.3333333333333,4397.009738756614,0.0
2025-08-25,0,121,20:10-20:20,925.9104833333333,0.00032857142857142856,1.6309,1.666597321428572,32.71219999999994,1503.2622904761902,958.6223547619047,958.6223547619047,958.6223547619047,0.0,0.0,4397.009738756614,0.0
2025-08-25,0,122,20:20-20:30,1008.0450000000001,0.0,1.6663,1.7060986607142852,47.51833333333332,1424.2060523809519,222.23000000000025,222.23000000000025,222.23000000000025,0.0,833.3333333333333,3471.0838128306877,0.0
2025-08-25,0,123,20:30-20:40,989.0566666666666,0.0,1.7297,1.7721714285714287,48.85489999999993,1320.709802380952,204.5782333333334,204.5782333333334,204.5782333333334,0.0,833.3333333333333,2545.1578869047617,0.0
2025-08-25,0,124,20:40-20:50,950.7902666666666,0.0,1.477675,1.5076035714285714,37.30711190476188,1210.6420982142854,903.7788178571427,903.7788178571427,903.7788178571427,0.0,84.31856071428582,2451.470597222222,0.0
2025-08-25,0,125,20:50-21:00,948.7566666666667,0.0,1.064375,1.0745339285714286,43.280000000000086,1126.3235374999997,992.0366666666667,992.0366666666667,992.0366666666667,0.0,0.0,2451.470597222222,0.0
2025-08-25,0,126,21:00-21:10,948.8083499999999,0.0,1.019975,1.0261544642857143,50.93831666666665,1078.9164541666667,999.7466666666666,999.7466666666666,999.7466666666666,0.0,0.0,2451.470597222222,0.0
2025-08-25,0,127,21:10-21:20,936.4507666666666,0.0,1.0756000000000001,1.0821321428571429,55.18626666666671,1026.6296208333335,991.6370333333333,991.6370333333333,991.6370333333333,0.0,0.0,2451.470597222222,0.0
2025-08-25,0,128,21:20-21:30,939.0166666666667,0.0,1.086375,1.091423660714286,48.171666666666624,997.0894958333334,987.1883333333333,987.1883333333333,987.1883333333333,0.0,0.0,2451.470597222222,0.0
2025-08-25,0,129,21:30-21:40,977.8514833333334,0.0,1.1344750000000001,1.141290178571429,42.29964999999993,950.3794958333334,732.4509000000003,732.4509000000003,732.4509000000003,0.0,287.7002333333331,2131.803671296296,0.0
2025-08-25,0,130,21:40-21:50,915.4988,0.0,0.9134249999999999,0.9191696428571429,40.451233333333334,838.6233041666667,875.2140208333333,875.2140208333333,875.2140208333333,0.0,80.73601249999997,2042.0969907407407,0.0
2025-08-25,0,131,21:50-22:00,771.5183333333332,0.0,0.548275,0.5510526785714286,75.5233333333332,757.8872916666668,884.387860082304,884.387860082304,884.387860082304,37.34619341563757,0.0,2075.7085648148145,0.0
2025-08-25,0,132,22:00-22:10,715.2982999999999,0.0,0.513825,0.5190383928571428,48.75383333333332,788.1377083333332,1597.3854666666666,1597.3854666666666,1597.3854666666666,833.3333333333333,0.0,2825.7085648148145,0.0
2025-08-25,0,133,22:10-22:20,727.5168999999999,0.0,0.566425,0.572807142857143,45.86505,725.0869249999998,773.3819499999998,773.3819499999998,773.3819499999998,0.0,0.0,2825.7085648148145,0.0
2025-08-25,0,134,22:20-22:30,749.0383333333332,0.0,0.547425,0.5506508928571427,68.0566666666665,621.3719583333334,817.0949999999997,817.0949999999997,817.0949999999997,0.0,0.0,2825.7085648148145,0.0
2025-08-25,0,135,22:30-22:40,746.7572833333334,0.0,0.543775,0.5441589285714287,52.64501666666672,550.7220666666664,1632.7356333333332,1632.7356333333332,1632.7356333333332,833.3333333333333,0.0,3575.7085648148145,0.0
2025-08-25,0,136,22:40-22:50,751.7218333333333,0.0,0.5436749999999999,0.5473629464285712,42.5309666666667,485.650583333333,794.2528,794.2528,794.2528,0.0,0.0,3575.7085648148145,0.0
2025-08-25,0,137,22:50-23:00,768.8299999999999,0.0,0.5385249999999999,0.5465044642857141,58.85500000000002,408.8145458333332,1021.3421502057615,1021.3421502057615,1021.3421502057615,193.65715020576164,0.0,3750.0,0.0
2025-08-25,0,138,23:00-23:10,764.83715,0.0,0.543025,0.5456647321428572,36.74594999999999,378.19198749999964,1634.9164333333333,1634.9164333333333,1634.9164333333333,833.3333333333333,0.0,4500.0,0.0
2025-08-25,0,139,23:10-23:20,724.6099166666665,0.0,0.543175,0.5427339285714287,57.623183333333486,315.37843749999996,1615.5664333333334,1615.5664333333334,1615.5664333333334,833.3333333333333,0.0,5250.0,0.0
2025-08-25,0,140,23:20-23:30,691.3999999999999,0.0,0.5443250000000001,0.5472191964285714,41.26166666666677,257.2723833333333,732.6616666666666,732.6616666666666,732.6616666666666,0.0,0.0,5250.0,0.0
2025-08-25,0,141,23:30-23:40,726.90175,0.0,0.563975,0.5693607142857143,46.123233333333474,207.96715833333334,773.0249833333335,773.0249833333335,773.0249833333335,0.0,0.0,5250.0,0.0
2025-08-25,0,142,23:40-23:50,756.7137333333333,0.0,0.56135,0.5692982142857143,53.20699999999988,119.17800000000022,809.9207333333331,809.9207333333331,809.9207333333331,0.0,0.0,5250.0,0.0
2025-08-25,0,143,23:50-24:00,756.2883333333332,0.0,0.5326,0.5422276785714285,47.886666666666656,71.47124999999997,1637.5083333333332,1637.5083333333332,1637.5083333333332,833.3333333333333,0.0,6000.0,0.0
2025-08-26,0,0,0:00-0:10,765.0472499999998,0.0,0.51905,0.5260687500000001,49.59293333333335,1493.6934011904768,814.6401833333332,814.6401833333332,814.6401833333332,0.0,0.0,7441.049757195768,0.0
2025-08-26,0,1,0:10-0:20,743.8478666666666,0.0,0.532725,0.5390491071428571,31.920116666666672,1507.8123285714291,775.7679833333333,775.7679833333333,775.7679833333333,0.0,0.0,7441.049757195768,0.0
2025-08-26,0,2,0:20-0:30,710.7083333333333,0.0,0.54855,0.5574258928571428,50.613333333333344,1481.7683910714293,761.3216666666666,761.3216666666666,761.3216666666666,0.0,0.0,7441.049757195768,0.0
2025-08-26,0,3,0:30-0:40,731.8685166666667,0.0,0.529775,0.5380102678571428,43.48029999999994,1459.8213077380958,775.3488166666666,775.3488166666666,775.3488166666666,0.0,0.0,7441.049757195768,0.0
2025-08-26,0,4,0:40-0:50,757.3783666666666,0.0,0.5089750000000001,0.5172678571428573,58.3839333333334,1433.1317107142868,815.7623,815.7623,815.7623,0.0,0.0,7441.049757195768,0.0
2025-08-26,0,5,0:50-1:00,749.3133333333333,0.0,0.511075,0.5202830357142856,83.18499999999995,1462.3358922619063,832.4983333333332,832.4983333333332,832.4983333333332,0.0,0.0,7441.049757195768,0.0
2025-08-26,0,6,1:00-1:10,718.1854666666666,0.0,0.527175,0.5335558035714285,71.01266666666663,1511.6615928571446,789.1981333333332,789.1981333333332,789.1981333333332,0.0,0.0,7441.049757195768,0.0
2025-08-26,0,7,1:10-1:20,698.86835,0.0,0.51725,0.5190602678571427,49.852666666666664,1420.5013571428578,748.7210166666666,748.7210166666666,748.7210166666666,0.0,0.0,7441.049757195768,0.0
2025-08-26,0,8,1:20-1:30,693.7366666666667,0.0,0.50245,0.5030290178571429,64.71333333333325,1360.616526190477,758.4499999999999,758.4499999999999,758.4499999999999,0.0,0.0,7441.049757195768,0.0
2025-08-26,0,9,1:30-1:40,685.7335833333333,0.0,0.53905,0.5445196428571429,49.01044999999988,1378.2175976190479,734.7440333333332,734.7440333333332,734.7440333333332,0.0,0.0,7441.049757195768,0.0
2025-08-26,0,10,1:40-1:50,727.7320666666666,0.0,0.553625,0.559020982142857,38.65464999999995,1316.5976880952378,766.3867166666665,766.3867166666665,766.3867166666665,0.0,0.0,7441.049757195768,0.0
2025-08-26,0,11,1:50-2:00,779.9699999999999,0.0,0.53155,0.5327638392857142,45.26999999999998,1234.0806833333334,825.2399999999999,825.2399999999999,825.2399999999999,0.0,0.0,7441.049757195768,0.0
2025-08-26,0,12,2:00-2:10,743.0030333333334,0.0,0.5282250000000001,0.532382142857143,69.88016666666658,1191.472275595238,812.8832,812.8832,812.8832,0.0,0.0,7441.049757195768,0.0
2025-08-26,0,13,2:10-2:20,715.7546166666666,0.0,0.5135000000000001,0.5193093749999999,68.78359999999986,1150.6127922619044,784.5382166666665,784.5382166666665,784.5382166666665,0.0,0.0,7441.049757195768,0.0
2025-08-26,0,14,2:20-2:30,733.0749999999999,0.0,0.498725,0.5028727678571429,49.014999999999986,1118.4958928571425,782.0899999999999,782.0899999999999,782.0899999999999,0.0,0.0,7441.049757195768,0.0
2025-08-26,0,15,2:30-2:40,729.8481666666667,0.0,0.5281,0.5340352678571428,48.097699999999975,1092.4760511904758,777.9458666666667,777.9458666666667,777.9458666666667,0.0,0.0,7441.049757195768,0.0
2025-08-26,0,16,2:40-2:50,701.3983,0.0,0.527,0.5346223214285714,45.59465,987.8535863095243,746.99295,746.99295,746.99295,0.0,0.0,7441.049757195768,0.0
2025-08-26,0,17,2:50-3:00,677.3083333333333,0.0,0.500925,0.5084852678571427,61.25,937.3747446428574,738.5583333333333,738.5583333333333,738.5583333333333,0.0,0.0,7441.049757195768,0.0
2025-08-26,0,18,3:00-3:10,689.9686666666666,0.0,0.527275,0.534845535714286,57.59823333333338,889.5665214285716,747.5669,747.5669,747.5669,0.0,0.0,7441.049757195768,0.0
2025-08-26,0,19,3:10-3:20,712.3515666666667,0.0,0.532625,0.5380392857142858,52.90559285714278,822.9389791666663,765.2571595238095,765.2571595238095,765.2571595238095,0.0,0.0,7441.049757195768,0.0
2025-08-26,0,20,3:20-3:30,722.7916666666666,0.0,0.5040250000000001,0.5068924107142859,42.60833333333335,788.3495095238097,765.4,765.4,765.4,0.0,0.0,7441.049757195768,0.0
2025-08-26,0,21,3:30-3:40,718.71965,0.0003333333333333334,0.5061,0.5103178571428573,49.18221666666659,753.6370095238096,767.9015333333333,767.9015333333333,767.9015333333333,0.0,0.0,7441.049757195768,0.0
2025-08-26,0,22,3:40-3:50,693.33665,0.0,0.515725,0.5196125,66.09689999999995,691.0090125000002,759.43355,759.43355,759.43355,0.0,0.0,7441.049757195768,0.0
2025-08-26,0,23,3:50-4:00,662.22,0.0,0.504525,0.5061312499999997,66.88833333333332,606.7876636904757,729.1083333333333,729.1083333333333,729.1083333333333,0.0,0.0,7441.049757195768,0.0
2025-08-26,0,24,4:00-4:10,655.0371833333334,0.004609523809523809,0.47240000000000004,0.47518526785714277,48.26451666666674,543.8162041666667,1536.6304238095238,1536.6304238095238,1536.6304238095238,833.3333333333333,0.0,8191.049757195768,0.0
2025-08-26,0,25,4:10-4:20,663.74035,0.0,0.46,0.46432276785714277,53.74806666666666,479.11611726190483,1550.82175,1550.82175,1550.82175,833.3333333333333,0.0,8941.049757195768,0.0
2025-08-26,0,26,4:20-4:30,683.2283333333332,0.0,0.477875,0.4817638392857142,65.11833333333334,434.1023005952381,1147.1802697824803,1147.1802697824803,1147.1802697824803,398.8336031158138,0.0,9300.0,0.0
2025-08-26,0,27,4:30-4:40,709.6279833333333,0.06420238095238094,0.50005,0.5027281249999999,60.30578333333335,401.79302083333323,769.8695642857143,769.8695642857143,769.8695642857143,0.0,0.0,9300.0,0.0
2025-08-26,0,28,4:40-4:50,696.3887500000001,0.0,0.5149,0.5185857142857141,40.887814285714285,367.5963422619038,737.2765642857144,737.2765642857144,737.2765642857144,0.0,0.0,9300.0,0.0
2025-08-26,0,29,4:50-5:00,653.3183333333333,0.0,0.51445,0.5196200892857143,62.264999999999986,406.2766863095231,715.5833333333333,715.5833333333333,715.5833333333333,0.0,0.0,9300.0,0.0
2025-08-26,0,30,5:00-5:10,641.9045666666666,0.8941952380952382,0.49634999999999996,0.49966785714285705,52.10881666666671,448.6000047619039,693.1191880952381,693.1191880952381,693.1191880952381,0.0,0.0,9300.0,0.0
2025-08-26,0,31,5:10-5:20,660.8657166666667,0.0,0.4816,0.4875638392857143,44.217728571428665,404.80671428571384,705.0834452380954,705.0834452380954,705.0834452380954,0.0,0.0,9300.0,0.0
2025-08-26,0,32,5:20-5:30,673.7366666666667,0.24910714285714286,0.44905,0.4597781250000001,41.11279761904768,327.8273380952375,1547.9336904761903,1547.9336904761903,1547.9336904761903,833.3333333333333,0.0,10050.0,0.0
2025-08-26,0,33,5:30-5:40,658.2445666666666,26.496702380952378,0.40179999999999993,0.40930178571428566,44.47820952380948,286.2932755952376,1509.559407142857,1509.559407142857,1509.559407142857,833.3333333333333,0.0,10800.0,0.0
2025-08-26,0,34,5:40-5:50,716.8322,65.72058333333332,0.610225,0.6172959821428571,51.38896904761907,245.64162857142824,702.5005857142856,702.5005857142856,702.5005857142856,0.0,0.0,10800.0,0.0
2025-08-26,0,35,5:50-6:00,822.5933333333334,109.63839285714285,0.93805,0.9484352678571429,48.82005952380962,206.98857440476158,0.0,0.0,0.0,0.0,761.7750000000001,9953.583333333334,0.0
2025-08-26,0,36,6:00-6:10,838.4431999999999,158.50329285714287,0.9459000000000001,0.9532718750000003,44.40989523809526,177.07769642857124,0.0,0.0,0.0,0.0,724.3498023809523,9148.750219576721,0.0
2025-08-26,0,37,6:10-6:20,826.2123833333333,207.4582214285714,0.8655250000000001,0.8701008928571426,44.68705476190485,203.5468369047614,0.0,0.0,0.0,0.0,663.4412166666667,8411.593312169314,0.0
2025-08-26,0,38,6:20-6:30,824.0016666666667,256.40892857142853,0.8580749999999999,0.8629267857142855,66.56880952380953,222.17590178571388,0.0,0.0,0.0,0.0,634.1615476190477,7706.969370370372,0.0
2025-08-26,0,39,6:30-6:40,807.48415,309.13154523809527,0.8544,0.8586183035714285,53.21800238095244,218.1030297619044,0.0,0.0,0.0,0.0,551.5706071428572,7094.1131402116425,0.0
2025-08-26,0,40,6:40-6:50,802.2470666666666,360.62700714285717,0.8384,0.8413138392857145,52.342940476190506,330.13789702380916,0.0,0.0,0.0,0.0,493.9629999999999,6545.2653624338645,0.0
2025-08-26,0,41,6:50-7:00,818.1733333333333,411.35446428571424,0.7959750000000001,0.7971098214285715,49.613273809523776,420.78866904761867,0.0,0.0,0.0,0.0,456.4321428571428,6038.1185370370395,0.0
2025-08-26,0,42,7:00-7:10,838.9932166666667,466.81668809523813,0.724825,0.7234700892857144,47.0666190476191,483.54947261904715,0.0,0.0,0.0,0.0,419.24314761904765,5572.29281746032,0.0
2025-08-26,0,43,7:10-7:20,858.4446166666667,522.0786047619047,0.7168,0.7149799107142857,54.423569047619026,584.384288690476,0.0,0.0,0.0,0.0,390.789580952381,5138.082171957674,0.0
2025-08-26,0,44,7:20-7:30,840.7783333333333,575.5633928571428,0.7158,0.7129812499999998,47.7030952380951,668.9310708333331,100.47154285713998,100.47154285713998,100.47154285713998,0.0,212.44649285714559,4902.0305132275125,0.0
2025-08-26,0,45,7:30-7:40,780.2534999999999,629.8225238095238,0.619675,0.6101669642857142,53.598473809523796,695.4174547619045,204.02945,204.02945,204.02945,0.0,0.0,4902.0305132275125,0.0
2025-08-26,0,46,7:40-7:50,904.2258166666667,680.2832047619048,0.803025,0.7894852678571429,44.249016666666876,688.0620785714282,0.0,0.0,0.0,0.0,268.19162857142874,4604.039814814814,0.0
2025-08-26,0,47,7:50-8:00,1130.8583333333331,733.5535714285716,1.156125,1.1443254464285715,37.383273809523814,770.4758601190473,0.0,0.0,0.0,0.0,434.68803571428543,4121.053108465609,0.0
2025-08-26,0,48,8:00-8:10,1138.4042833333333,800.5439952380952,1.16455,1.1548486607142858,41.6133047619048,829.8970505952377,0.0,0.0,0.0,0.0,379.4735928571429,3699.4157830687827,0.0
2025-08-26,0,49,8:10-8:20,1107.6965833333334,858.5942,1.1042,1.0922183035714286,59.84654523809513,878.9210999999998,0.0,0.0,0.0,0.0,308.9489285714285,3356.1391957671954,0.0
2025-08-26,0,50,8:20-8:30,1142.9616666666666,906.8696428571429,1.1162249999999998,1.0996459821428568,78.83345238095251,938.66431547619,0.0,0.0,0.0,0.0,314.9254761904763,3006.2219999999993,0.0
2025-08-26,0,51,8:30-8:40,1159.8688333333332,964.0046666666667,1.059525,1.0421169642857142,59.16829285714272,965.6743749999998,0.0,0.0,0.0,0.0,255.03245952380917,2722.8526005291,0.0
2025-08-26,0,52,8:40-8:50,1145.9876166666666,1006.4196547619047,1.0145,0.9963450892857143,70.61653333333331,963.3666619047615,0.0,0.0,0.0,0.0,210.18449523809522,2489.314272486772,0.0
2025-08-26,0,53,8:50-9:00,1130.8583333333331,1030.5124999999998,1.0104250000000001,0.9904598214285709,94.84428571428577,931.021560119047,0.0,0.0,0.0,0.0,195.1901190476192,2272.436362433862,0.0
2025-08-26,0,54,9:00-9:10,1145.3514166666666,1061.3570023809523,0.985825,0.9655812499999997,69.23222142857153,844.5065148809526,0.0,0.0,0.0,0.0,153.22663571428598,2102.1845449735442,0.0
2025-08-26,0,55,9:10-9:20,1141.4274666666665,1113.9049428571427,0.95695,0.9352562500000001,56.164771428571385,791.0988107142847,0.0,0.0,0.0,0.0,83.6872952380952,2009.1986613756608,0.0
2025-08-26,0,56,9:20-9:30,1112.1499999999999,1169.1383928571427,0.93615,0.9104263392857144,66.2509523809521,728.2787952380949,0.0,0.0,0.0,0.0,9.262559523809387,1998.9069285714281,0.0
2025-08-26,0,57,9:30-9:40,1101.8231,1196.814038095238,0.934825,0.9068879464285716,74.4899000000001,665.2648428571422,0.0,0.0,0.0,20.501038095237845,0.0,2017.3578628571422,0.0
2025-08-26,0,58,9:40-9:50,1115.02065,1242.9365857142855,1.049475,1.036728571428571,65.20870714285707,607.9872749999995,0.0,0.0,0.0,62.70722857142846,0.0,2073.7943685714276,0.0
2025-08-26,0,59,9:50-10:00,1136.25,1298.9642857142858,1.1942249999999999,1.2014714285714285,76.86619047619054,573.3832571428566,0.0,0.0,0.0,85.84809523809531,0.0,2151.0576542857134,0.0
2025-08-26,0,60,10:00-10:10,1145.3742833333333,1307.9953380952381,1.167875,1.1705736607142858,60.11160476190472,574.8155827380947,0.0,0.0,0.0,102.50945000000002,0.0,2243.316159285713,0.0
2025-08-26,0,61,10:10-10:20,1141.2520333333332,1313.5034809523809,1.1179750000000002,1.1177339285714287,74.40513333333342,518.9287291666673,0.0,0.0,0.0,97.84631428571424,0.0,2331.377842142856,0.0
2025-08-26,0,62,10:20-10:30,1121.235,1339.70625,1.149925,1.158797321428572,85.67422619047613,503.36588988095286,0.0,0.0,0.0,132.7970238095238,0.0,2450.8951635714275,0.0
2025-08-26,0,63,10:30-10:40,1089.0503333333331,1369.614564285714,1.183675,1.195536607142857,86.44038095238125,493.93155952381017,0.0,0.0,0.0,194.12384999999972,0.0,2625.6066285714273,0.0
2025-08-26,0,64,10:40-10:50,1095.9384666666665,1401.4530642857144,0.9447749999999999,0.9416062499999995,91.20176666666666,485.191201785715,0.0,0.0,0.0,214.31283095238132,0.0,2818.4881764285706,0.0
2025-08-26,0,65,10:50-11:00,1127.1283333333333,1423.8526785714284,0.573175,0.5481723214285715,104.06053571428592,492.28890357142944,0.0,0.0,0.0,192.66380952380928,0.0,2991.885604999999,0.0
2025-08-26,0,66,11:00-11:10,1120.8031666666666,1422.0898404761904,0.50695,0.47741875000000006,106.90294285714262,505.9456964285718,638.949602380952,638.949602380952,638.949602380952,833.3333333333333,0.0,3741.885604999999,0.0
2025-08-26,0,67,11:10-11:20,1134.44525,1422.4723619047618,0.539625,0.5139830357142858,102.59410476190503,575.9238827380952,68.41128730159107,68.41128730159107,68.41128730159107,253.84429444444777,0.0,3970.345470000002,0.0
2025-08-26,0,68,11:20-11:30,1157.0883333333331,1436.1428571428569,0.521925,0.49782723214285707,101.29113095238085,691.2878583333338,655.5699404761904,655.5699404761904,655.5699404761904,833.3333333333333,0.0,4720.345470000002,0.0
2025-08-26,0,69,11:30-11:40,1112.6605333333332,1448.9728761904762,0.51095,0.48352991071428575,99.0321404761903,788.7030779761914,596.0531309523806,596.0531309523806,596.0531309523806,833.3333333333333,0.0,5470.345470000002,0.0
2025-08-26,0,70,11:40-11:50,1059.005583333333,1448.747319047619,0.4978,0.4662598214285715,102.26503333333373,689.4807428571428,545.8566309523812,545.8566309523812,545.8566309523812,833.3333333333333,0.0,6220.345470000002,0.0
2025-08-26,0,71,11:50-12:00,1038.9066666666665,1439.8151785714285,0.467275,0.4347482142857143,105.5095238095239,638.2028791666663,537.9343452380951,537.9343452380951,537.9343452380951,833.3333333333333,0.0,6970.345470000002,0.0
2025-08-26,0,72,12:00-12:10,1047.2380833333332,1439.0936738095238,0.429875,0.40034776785714277,127.7971071428571,607.3684172619055,569.2748499999998,569.2748499999998,569.2748499999998,833.3333333333333,0.0,7720.345470000002,0.0
2025-08-26,0,73,12:10-12:20,1083.7955499999998,1449.7802404761906,0.44247499999999995,0.4155263392857141,115.05527380952367,548.9317071428579,582.4039166666662,582.4039166666662,582.4039166666662,833.3333333333333,0.0,8470.345470000002,0.0
2025-08-26,0,74,12:20-12:30,1105.6033333333332,1453.8633928571426,0.4728,0.44623526785714285,119.09244047619018,560.6416982142864,604.1657142857141,604.1657142857141,604.1657142857141,833.3333333333333,0.0,9220.345470000002,0.0
2025-08-26,0,75,12:30-12:40,1066.6365666666666,1430.1176452380953,0.45992500000000003,0.4335200892857144,102.07584047619025,507.3671148809529,571.9280952380948,571.9280952380948,571.9280952380948,833.3333333333333,0.0,9970.345470000002,0.0
2025-08-26,0,76,12:40-12:50,1079.8728166666665,1413.0041714285712,0.615575,0.5899580357142857,98.0322761904763,470.0966261904756,0.0,0.0,0.0,235.09907857142844,0.0,10181.934640714288,0.0
2025-08-26,0,77,12:50-13:00,1139.51,1408.360714285714,0.8674499999999999,0.8426977678571429,80.13374999999989,547.6082446428569,0.0,0.0,0.0,188.71696428571408,0.0,10351.77990857143,0.0
2025-08-26,0,78,13:00-13:10,1128.2328166666666,1387.8819357142856,0.905125,0.8801812499999999,87.86341428571416,512.5696863095236,0.0,0.0,0.0,171.78570476190498,0.0,10506.387042857144,0.0
2025-08-26,0,79,13:10-13:20,1115.1775166666666,1357.4814761904759,0.8721,0.8467459821428572,92.68247142857149,493.8689315476192,0.0,0.0,0.0,149.62148809523774,0.0,10641.046382142858,0.0
2025-08-26,0,80,13:20-13:30,1136.5266666666666,1328.3946428571426,0.8709250000000001,0.8442272321428576,72.94125000000008,481.2771505952374,0.0,0.0,0.0,118.92672619047585,0.0,10748.080435714286,0.0
2025-08-26,0,81,13:30-13:40,1154.1702166666666,1304.5207595238094,0.8793,0.8517915178571427,107.05559285714276,518.2593125,0.0,0.0,0.0,43.29494999999997,0.0,10787.045890714286,0.0
2025-08-26,0,82,13:40-13:50,1158.59295,1275.497142857143,1.0,0.9889308035714285,102.51073809523845,573.8623791666666,0.0,0.0,0.0,14.39345476190465,0.0,10800.0,0.0
2025-08-26,0,83,13:50-14:00,1159.9116666666666,1233.6017857142856,1.1727249999999998,1.1847620535714285,89.86053571428545,603.444744642857,0.0,0.0,0.0,0.0,16.17041666666637,10782.03287037037,0.0
2025-08-26,0,84,14:00-14:10,1167.29835,1183.057957142857,1.209525,1.2219526785714283,61.865845238095375,635.3358166666674,0.0,0.0,0.0,0.0,46.10623809523827,10730.803716931217,0.0
2025-08-26,0,85,14:10-14:20,1142.6105666666667,1149.5653071428571,1.1922000000000001,1.201329017857143,76.83054523809528,700.645588690477,0.0,0.0,0.0,0.0,69.87580476190487,10653.163933862434,0.0
2025-08-26,0,86,14:20-14:30,1099.9866666666667,1126.7526785714285,1.228825,1.2414120535714288,105.00380952380925,735.1770488095248,0.0,0.0,0.0,0.0,78.23779761904734,10566.233047619047,0.0
2025-08-26,0,87,14:30-14:40,1104.5795166666667,1083.3955571428571,1.300525,1.313100446428571,84.35801666666657,740.5639982142867,0.0,0.0,0.0,0.0,105.54197619047613,10448.964185185185,0.0
2025-08-26,0,88,14:40-14:50,1165.9994666666666,1037.4702357142858,1.077425,1.078572767857143,69.72756190476196,787.1113428571439,0.0,0.0,0.0,0.0,198.25679285714273,10228.678859788359,0.0
2025-08-26,0,89,14:50-15:00,1218.9116666666666,999.7732142857142,0.7046250000000001,0.6914263392857144,97.09601190476201,860.2170458333344,316.23446428571447,316.23446428571447,316.23446428571447,0.0,0.0,10228.678859788359,0.0
2025-08-26,0,90,15:00-15:10,1178.87465,962.7993785714284,0.6882,0.6749857142857144,87.74977142857136,907.3769714285727,938.6263097589666,938.6263097589666,938.6263097589666,634.8012669018236,0.0,10800.0,0.0
2025-08-26,0,91,15:10-15:20,1123.87045,925.1805857142855,0.780475,0.7716263392857144,80.26578333333327,961.2557690476203,278.9556476190477,278.9556476190477,278.9556476190477,0.0,0.0,10800.0,0.0
2025-08-26,0,92,15:20-15:30,1114.8016666666667,882.3169642857142,0.79435,0.7858165178571427,72.08148809523794,982.3458041666679,304.5661904761905,304.5661904761905,304.5661904761905,0.0,0.0,10800.0,0.0
2025-08-26,0,93,15:30-15:40,1149.8289666666665,830.4917452380952,0.7966500000000001,0.7860383928571429,73.40465952380934,974.8935154761915,392.7418809523807,392.7418809523807,392.7418809523807,0.0,0.0,10800.0,0.0
2025-08-26,0,94,15:40-15:50,1208.2033166666665,788.2008928571428,0.8454750000000001,0.8380223214285715,75.90453333333335,1007.7918577380962,495.9069571428571,495.9069571428571,495.9069571428571,0.0,-0.0,10800.0,0.0
2025-08-26,0,95,15:50-16:00,1234.69,750.9339285714284,0.9027999999999999,0.9001138392857141,75.39214285714263,1096.144223809525,559.1482142857142,559.1482142857142,559.1482142857142,0.0,-0.0,10800.0,0.0
2025-08-26,0,96,16:00-16:10,1183.5699,695.6538738095238,0.8868250000000001,0.8803370535714289,65.57496190476195,1236.1038369047628,553.4909880952381,553.4909880952381,553.4909880952381,0.0,0.0,10800.0,0.0
2025-08-26,0,97,16:10-16:20,1162.8681499999998,638.7811880952381,0.9016,0.8963214285714283,71.45336666666674,1350.875251190477,595.5403285714283,595.5403285714283,595.5403285714283,0.0,0.0,10800.0,0.0
2025-08-26,0,98,16:20-16:30,1184.7916666666665,586.5705357142857,0.965075,0.9661491071428572,65.35190476190468,1386.77706607143,663.5730357142855,663.5730357142855,663.5730357142855,0.0,-0.0,10800.0,0.0
2025-08-26,0,99,16:30-16:40,1162.9341166666666,529.2369142857142,0.9898750000000001,0.9890977678571431,62.28548809523812,1457.7102916666681,695.9826904761906,695.9826904761906,695.9826904761906,0.0,-0.0,10800.0,0.0
2025-08-26,0,100,16:40-16:50,1151.5934499999998,473.80338809523806,0.998325,0.9974281250000002,72.13048095238071,1485.371436309525,749.9205428571427,749.9205428571427,749.9205428571427,0.0,-0.0,10800.0,0.0
2025-08-26,0,101,16:50-17:00,1169.02,422.3553571428571,1.0044,1.0069602678571432,62.538392857142725,1523.3732279761916,809.2030357142856,809.2030357142856,809.2030357142856,0.0,-0.0,10800.0,0.0
2025-08-26,0,102,17:00-17:10,1174.3888666666667,369.42240238095235,1.0004250000000001,1.0020151785714289,57.71603809523805,1569.3415482142866,862.6825023809523,862.6825023809523,862.6825023809523,0.0,0.0,10800.0,0.0
2025-08-26,0,103,17:10-17:20,1180.9938833333333,316.6513119047618,1.0376750000000001,1.0422589285714288,44.59698095238082,1639.909583333334,908.9395523809524,908.9395523809524,908.9395523809524,-0.0,0.0,10800.0,0.0
2025-08-26,0,104,17:20-17:30,1207.5516666666667,265.01160714285714,1.09225,1.1027125,56.66851190476177,1690.587825,999.2085714285713,999.2085714285713,999.2085714285713,0.0,0.0,10800.0,0.0
2025-08-26,0,105,17:30-17:40,1231.84445,213.24063809523807,1.1005500000000001,1.1097781249999994,52.29162619047611,1692.1326732142861,1070.8954380952382,1070.8954380952382,1070.8954380952382,0.0,0.0,10800.0,0.0
2025-08-26,0,106,17:40-17:50,1113.8669666666665,161.4377619047619,1.1923,1.2020339285714285,57.52838809523814,1672.5392625000002,1009.9575928571427,1009.9575928571427,1009.9575928571427,0.0,0.0,10800.0,0.0
2025-08-26,0,107,17:50-18:00,919.2016666666666,111.27589285714284,1.3299500000000002,1.3428941964285719,63.41023809523813,1634.4331458333336,871.3360119047619,871.3360119047619,871.3360119047619,0.0,-0.0,10800.0,0.0
2025-08-26,0,108,18:00-18:10,877.8992666666666,65.36597142857141,1.339,1.3503946428571425,58.94069285714295,1567.2907916666677,871.4739880952382,871.4739880952382,871.4739880952382,0.0,-0.0,10800.0,0.0
2025-08-26,0,109,18:10-18:20,938.2865166666667,25.54875238095238,1.356075,1.3701361607142857,67.40330476190468,1584.9185178571431,980.141069047619,980.141069047619,980.141069047619,0.0,0.0,10800.0,0.0
2025-08-26,0,110,18:20-18:30,979.0916666666667,0.22053571428571428,1.402975,1.4196406249999998,58.76130952380936,1668.048461904762,1037.6324404761904,1037.6324404761904,1037.6324404761904,0.0,0.0,10800.0,0.0
2025-08-26,0,111,18:30-18:40,932.5434833333334,0.0,1.38305,1.3907000000000003,49.445114285714226,1650.350575,981.9885976190476,981.9885976190476,981.9885976190476,0.0,0.0,10800.0,0.0
2025-08-26,0,112,18:40-18:50,923.5408,0.8517761904761905,1.4903499999999998,1.5048303571428565,43.7426857142857,1589.4261886904765,966.4317095238094,966.4317095238094,966.4317095238094,0.0,-0.0,10800.0,0.0
2025-08-26,0,113,18:50-19:00,950.4933333333333,0.0,1.67515,1.7105191964285713,65.55999999999995,1640.6162565476193,182.72000000000003,182.72000000000003,182.72000000000003,0.0,833.3333333333333,9874.074074074075,0.0
2025-08-26,0,114,19:00-19:10,903.8775166666666,0.0,1.674325,1.713866517857143,34.16310476190483,1655.8282654761906,104.70728809523814,104.70728809523814,104.70728809523814,0.0,833.3333333333333,8948.14814814815,0.0
2025-08-26,0,115,19:10-19:20,931.2591,0.061157142857142854,1.63845,1.6752035714285713,46.75838333333331,1583.934091666667,977.9563261904761,977.9563261904761,977.9563261904761,0.0,0.0,8948.14814814815,0.0
2025-08-26,0,116,19:20-19:30,1026.7549999999999,0.0,1.659025,1.694704017857143,56.74499999999989,1622.1758095238094,250.16666666666652,250.16666666666652,250.16666666666652,0.0,833.3333333333333,8022.2222222222235,0.0
2025-08-26,0,117,19:30-19:40,1022.3446,0.0,1.6731,1.7076558035714287,42.43841190476189,1669.3895595238093,231.44967857142865,231.44967857142865,231.44967857142865,0.0,833.3333333333333,7096.296296296297,0.0
2025-08-26,0,118,19:40-19:50,977.97185,0.004388095238095239,1.6634250000000002,1.6995290178571438,31.676483333333408,1668.5918547619044,176.31061190476203,176.31061190476203,176.31061190476203,0.0,833.3333333333333,6170.370370370371,0.0
2025-08-26,0,119,19:50-20:00,966.4366666666666,0.0,1.648575,1.68685625,62.91666666666663,1612.4202220238096,196.01999999999998,196.01999999999998,196.01999999999998,0.0,833.3333333333333,5244.444444444445,0.0
2025-08-26,0,120,20:00-20:10,989.03365,0.0,1.6531500000000001,1.6891745535714289,48.72074999999995,1565.9693196428566,204.42106666666655,204.42106666666655,204.42106666666655,0.0,833.3333333333333,4318.518518518519,0.0
2025-08-26,0,121,20:10-20:20,953.22235,0.00031666666666666665,1.63915,1.6754651785714283,32.71219999999994,1514.7117571428566,985.9342333333333,985.9342333333333,985.9342333333333,0.0,0.0,4318.518518518519,0.0
2025-08-26,0,122,20:20-20:30,879.8183333333333,0.0,1.6409,1.681586160714286,47.51833333333332,1435.6555190476183,176.09489821428463,176.09489821428463,176.09489821428463,0.0,751.241768452382,3483.805442460317,0.0
2025-08-26,0,123,20:30-20:40,887.1398333333333,0.0,1.68655,1.728055357142857,48.85489999999993,1332.1592690476186,102.66139999999996,102.66139999999996,102.66139999999996,0.0,833.3333333333333,2557.879516534391,0.0
2025-08-26,0,124,20:40-20:50,938.6299833333334,0.0,1.4516499999999999,1.4808450892857146,37.30711190476188,1222.0915648809519,891.6185345238098,891.6185345238098,891.6185345238098,0.0,84.31856071428543,2464.1922268518515,0.0
2025-08-26,0,125,20:50-21:00,964.9616666666667,0.0,1.0786,1.0900736607142854,43.280000000000086,1137.7730041666664,1008.2416666666668,1008.2416666666668,1008.2416666666668,0.0,0.0,2464.1922268518515,0.0
2025-08-26,0,126,21:00-21:10,934.5303,0.0,1.06085,1.0675816964285714,50.93831666666665,1090.3659208333331,985.4686166666667,985.4686166666667,985.4686166666667,0.0,0.0,2464.1922268518515,0.0
2025-08-26,0,127,21:10-21:20,933.1857,0.0,1.0884749999999999,1.0943874999999998,55.18626666666671,1038.0790875000002,988.3719666666667,988.3719666666667,988.3719666666667,0.0,0.0,2464.1922268518515,0.0
2025-08-26,0,128,21:20-21:30,993.0233333333333,0.0,1.05725,1.0614169642857143,48.171666666666624,1008.5389625,1041.195,1041.195,1041.195,0.0,0.0,2464.1922268518515,0.0
2025-08-26,0,129,21:30-21:40,1038.9839666666667,0.0,1.131375,1.136892410714286,42.29964999999993,961.8289625,793.5833833333336,793.5833833333336,793.5833833333336,0.0,287.7002333333331,2144.525300925926,0.0
2025-08-26,0,130,21:40-21:50,912.2241666666666,0.0,0.92705,0.9318370535714288,40.451233333333334,850.0727708333333,871.9393875,871.9393875,871.9393875,0.0,80.73601249999997,2054.8186203703704,0.0
2025-08-26,0,131,21:50-22:00,722.5583333333334,0.0,0.548075,0.5511316964285714,75.5233333333332,769.3367583333333,835.4278600823042,835.4278600823042,835.4278600823042,37.34619341563757,0.0,2088.430194444444,0.0
2025-08-26,0,132,22:00-22:10,745.3631999999999,0.0,0.5236,0.529979017857143,48.75383333333332,799.5871749999999,1627.4503666666665,1627.4503666666665,1627.4503666666665,833.3333333333333,0.0,2838.430194444444,0.0
2025-08-26,0,133,22:10-22:20,775.0417833333332,0.0,0.580025,0.5867602678571429,45.86505,736.5363916666664,820.9068333333332,820.9068333333332,820.9068333333332,0.0,0.0,2838.430194444444,0.0
2025-08-26,0,134,22:20-22:30,745.165,0.0,0.550775,0.5530379464285714,68.0566666666665,632.821425,813.2216666666665,813.2216666666665,813.2216666666665,0.0,0.0,2838.430194444444,0.0
2025-08-26,0,135,22:30-22:40,786.2038833333332,0.0,0.546925,0.5470254464285713,52.64501666666672,562.171533333333,838.8489,838.8489,838.8489,0.0,0.0,2838.430194444444,0.0
2025-08-26,0,136,22:40-22:50,774.3254333333332,0.0,0.53555,0.5392669642857142,42.5309666666667,497.10004999999956,1650.1897333333332,1650.1897333333332,1650.1897333333332,833.3333333333333,0.0,3588.430194444444,0.0
2025-08-26,0,137,22:50-23:00,711.0233333333333,0.0,0.50845,0.5160968749999998,51.91666666666663,420.2640124999998,1596.273333333333,1596.273333333333,1596.273333333333,833.3333333333333,0.0,4338.430194444444,0.0
2025-08-26,0,138,23:00-23:10,732.3833833333333,0.0,0.509525,0.5128839285714285,36.74594999999999,382.70312083333283,1602.4626666666666,1602.4626666666666,1602.4626666666666,833.3333333333333,0.0,5088.430194444444,0.0
2025-08-26,0,139,23:10-23:20,750.7368666666666,0.0,0.53405,0.5352415178571429,57.623183333333486,319.88957083333315,1641.6933833333333,1641.6933833333333,1641.6933833333333,833.3333333333333,0.0,5838.430194444444,0.0
2025-08-26,0,140,23:20-23:30,734.79,0.0,0.5537749999999999,0.5577401785714284,41.26166666666677,261.7835166666665,776.0516666666667,776.0516666666667,776.0516666666667,0.0,0.0,5838.430194444444,0.0
2025-08-26,0,141,23:30-23:40,744.1088,0.0,0.5441499999999999,0.5488486607142856,46.123233333333474,212.47829166666654,790.2320333333334,790.2320333333334,790.2320333333334,0.0,0.0,5838.430194444444,0.0
2025-08-26,0,142,23:40-23:50,745.8878833333333,0.0,0.5356,0.5419401785714285,52.07420000000002,123.68913333333342,977.4840895061732,977.4840895061732,977.4840895061732,179.5220061728398,0.0,6000.0,0.0
2025-08-26,0,143,23:50-24:00,725.6066666666667,0.0,0.536675,0.5445258928571429,44.508333333333326,67.81666666666663,770.115,770.115,770.115,0.0,0.0,6000.0,0.0
2025-08-27,0,0,0:00-0:10,712.5648166666666,0.0,0.5296000000000001,0.5337625000000001,36.2175166666666,1658.6275916666661,748.7823333333332,748.7823333333332,748.7823333333332,0.0,0.0,7795.5668846560875,0.0
2025-08-27,0,1,0:10-0:20,738.1943166666666,0.0,0.5327000000000001,0.5362504464285714,27.593283333333375,1665.9777333333334,765.7876,765.7876,765.7876,0.0,0.0,7795.5668846560875,0.0
2025-08-27,0,2,0:20-0:30,774.6366666666665,0.0,0.54095,0.5486660714285716,49.946666666666715,1644.7653577380956,824.5833333333333,824.5833333333333,824.5833333333333,0.0,0.0,7795.5668846560875,0.0
2025-08-27,0,3,0:30-0:40,762.1625999999999,0.0,0.5312749999999999,0.5392999999999998,32.10966666666661,1623.9866077380957,794.2722666666665,794.2722666666665,794.2722666666665,0.0,0.0,7795.5668846560875,0.0
2025-08-27,0,4,0:40-0:50,747.9836166666666,0.0,0.5375,0.5442075892857142,58.3839333333334,1595.7142607142869,806.36755,806.36755,806.36755,0.0,0.0,7795.5668846560875,0.0
2025-08-27,0,5,0:50-1:00,738.5316666666665,0.0,0.5540499999999999,0.5597941964285714,62.038333333333185,1626.8986065476201,800.5699999999997,800.5699999999997,800.5699999999997,0.0,0.0,7795.5668846560875,0.0
2025-08-27,0,6,1:00-1:10,698.8387166666666,0.0,0.53905,0.5431455357142857,71.01266666666663,1655.7805571428578,769.8513833333333,769.8513833333333,769.8513833333333,0.0,0.0,7795.5668846560875,0.0
2025-08-27,0,7,1:10-1:20,696.4979666666666,0.0,0.519175,0.5202468749999999,49.852666666666664,1565.793014285714,746.3506333333332,746.3506333333332,746.3506333333332,0.0,0.0,7795.5668846560875,0.0
2025-08-27,0,8,1:20-1:30,722.9649999999999,0.0,0.516725,0.5167888392857142,62.16666666666674,1505.9081833333332,785.1316666666667,785.1316666666667,785.1316666666667,0.0,0.0,7795.5668846560875,0.0
2025-08-27,0,9,1:30-1:40,701.74935,0.0,0.5272749999999999,0.5320562499999999,30.762649999999894,1525.9171714285715,732.512,732.512,732.512,0.0,0.0,7795.5668846560875,0.0
2025-08-27,0,10,1:40-1:50,691.3790833333334,0.0,0.53115,0.536136607142857,29.458650000000034,1446.1254499999995,720.8377333333334,720.8377333333334,720.8377333333334,0.0,0.0,7795.5668846560875,0.0
2025-08-27,0,11,1:50-2:00,710.0716666666667,0.0,0.527575,0.5280379464285714,40.690000000000055,1337.3664297619046,750.7616666666668,750.7616666666668,750.7616666666668,0.0,0.0,7795.5668846560875,0.0
2025-08-27,0,12,2:00-2:10,712.9815166666667,0.0,0.5301750000000001,0.531317410714286,55.527933333333294,1284.825654166666,768.50945,768.50945,768.50945,0.0,0.0,7795.5668846560875,0.0
2025-08-27,0,13,2:10-2:20,703.48375,0.0,0.5216999999999999,0.5252879464285711,66.30595000000005,1261.5680553571422,769.7897,769.7897,769.7897,0.0,0.0,7795.5668846560875,0.0
2025-08-27,0,14,2:20-2:30,691.1333333333333,0.0,0.507675,0.5123419642857143,37.80666666666673,1227.759080952381,728.94,728.94,728.94,0.0,0.0,7795.5668846560875,0.0
2025-08-27,0,15,2:30-2:40,681.9580833333333,0.0,0.515175,0.5202763392857142,39.3526833333334,1187.6265767857144,721.3107666666667,721.3107666666667,721.3107666666667,0.0,0.0,7795.5668846560875,0.0
2025-08-27,0,16,2:40-2:50,693.6104833333334,0.0,0.5341,0.54010625,43.98503333333326,1074.0211244047625,737.5955166666666,737.5955166666666,737.5955166666666,0.0,0.0,7795.5668846560875,0.0
2025-08-27,0,17,2:50-3:00,722.3016666666667,0.0,0.547025,0.55340625,61.25,1021.9326660714291,783.5516666666667,783.5516666666667,783.5516666666667,0.0,0.0,7795.5668846560875,0.0
2025-08-27,0,18,3:00-3:10,739.4043499999999,0.0,0.5425,0.5466959821428572,48.85928333333334,974.9100178571434,788.2636333333332,788.2636333333332,788.2636333333332,0.0,0.0,7795.5668846560875,0.0
2025-08-27,0,19,3:10-3:20,716.5922,0.0,0.523625,0.5258441964285715,51.98994999999991,901.114675595238,768.58215,768.58215,768.58215,0.0,0.0,7795.5668846560875,0.0
2025-08-27,0,20,3:20-3:30,670.7033333333333,0.0,0.5040250000000001,0.5065669642857145,38.498333333333335,864.0384130952385,709.2016666666666,709.2016666666666,709.2016666666666,0.0,0.0,7795.5668846560875,0.0
2025-08-27,0,21,3:30-3:40,652.9954333333333,0.00030238095238095236,0.4969,0.5012928571428572,48.54383095238097,825.2159130952384,701.5389619047619,701.5389619047619,701.5389619047619,0.0,0.0,7795.5668846560875,0.0
2025-08-27,0,22,3:40-3:50,671.4940166666667,0.0,0.48950000000000005,0.49305669642857153,51.42855476190476,761.1639553571431,722.9225714285715,722.9225714285715,722.9225714285715,0.0,0.0,7795.5668846560875,0.0
2025-08-27,0,23,3:50-4:00,685.9066666666665,0.0,0.48644999999999994,0.48738973214285686,54.875,657.4882184523813,1574.1149999999998,1574.1149999999998,1574.1149999999998,833.3333333333333,0.0,8545.566884656087,0.0
2025-08-27,0,24,4:00-4:10,646.8607166666666,0.004166666666666667,0.502575,0.5040941964285712,41.65788571428561,587.2894684523812,688.5144357142855,688.5144357142855,688.5144357142855,0.0,0.0,8545.566884656087,0.0
2025-08-27,0,25,4:10-4:20,614.9063666666666,0.0,0.49955000000000005,0.5022584821428571,44.58967142857125,515.9827505952383,659.4960380952379,659.4960380952379,659.4960380952379,0.0,0.0,8545.566884656087,0.0
2025-08-27,0,26,4:20-4:30,636.9516666666666,0.0,0.485225,0.48749821428571416,63.28333333333342,461.8105386904761,705.1606837154584,705.1606837154584,705.1606837154584,4.925683715458338,0.0,8550.0,0.0
2025-08-27,0,27,4:30-4:40,695.2710999999999,0.058042857142857146,0.5035750000000001,0.5045593750000003,50.517900000000054,427.6662589285713,745.7309571428572,745.7309571428572,745.7309571428572,0.0,0.0,8550.0,0.0
2025-08-27,0,28,4:40-4:50,685.5635166666666,0.0,0.506525,0.5085571428571429,38.90764999999999,385.5701434523802,724.4711666666666,724.4711666666666,724.4711666666666,0.0,0.0,8550.0,0.0
2025-08-27,0,29,4:50-5:00,615.1983333333333,0.0,0.481725,0.48538348214285715,61.56208333333336,423.0558982142852,1510.09375,1510.09375,1510.09375,833.3333333333333,0.0,9300.0,0.0
2025-08-27,0,30,5:00-5:10,600.3829,0.8084238095238094,0.4707,0.4726651785714288,50.93612380952379,464.6762999999994,1483.843933333333,1483.843933333333,1483.843933333333,833.3333333333333,0.0,10050.0,0.0
2025-08-27,0,31,5:10-5:20,658.17875,0.0,0.4888,0.49460848214285713,44.217728571428665,420.1785952380949,702.3964785714287,702.3964785714287,702.3964785714287,0.0,0.0,10050.0,0.0
2025-08-27,0,32,5:20-5:30,709.6766666666667,0.0,0.478475,0.49015580357142874,36.158214285714166,343.1992190476186,745.8348809523809,745.8348809523809,745.8348809523809,0.0,0.0,10050.0,0.0
2025-08-27,0,33,5:30-5:40,671.8585833333333,23.286347619047618,0.40905,0.41620000000000007,44.40222142857158,296.71057321428515,1526.3077904761903,1526.3077904761903,1526.3077904761903,833.3333333333333,0.0,10800.0,0.0
2025-08-27,0,34,5:40-5:50,713.7353666666666,59.49894761904761,0.59675,0.6023366071428571,44.189959523809534,255.98293809523784,698.4263785714285,698.4263785714285,698.4263785714285,0.0,-0.0,10800.0,0.0
2025-08-27,0,35,5:50-6:00,830.745,101.84910714285712,0.9330750000000001,0.9423879464285715,48.82005952380962,210.13087440476167,0.0,0.0,0.0,0.0,777.7159523809526,9935.871164021164,0.0
2025-08-27,0,36,6:00-6:10,844.2870166666667,150.41559047619046,0.9658249999999999,0.9731325892857143,41.26759523809517,180.21999642857133,0.0,0.0,0.0,0.0,735.1390214285714,9119.05002910053,0.0
2025-08-27,0,37,6:10-6:20,825.2306,201.46127380952385,0.907225,0.9128397321428571,44.68705476190485,203.39074404761857,0.0,0.0,0.0,0.0,668.456380952381,8376.320716931217,0.0
2025-08-27,0,38,6:20-6:30,823.8466666666666,252.69732142857143,0.8924000000000001,0.8986165178571429,66.56880952380953,222.01980892857105,0.0,0.0,0.0,0.0,637.7181547619047,7667.74498941799,0.0
2025-08-27,0,39,6:30-6:40,814.2650666666666,304.0965928571428,0.841475,0.8459058035714284,53.21800238095244,217.94693690476157,0.0,0.0,0.0,0.0,563.3864761904762,7041.7600158730165,0.0
2025-08-27,0,40,6:40-6:50,807.7235499999999,354.76904761904757,0.8058749999999999,0.8083977678571428,52.342940476190506,329.51352559523787,0.0,0.0,0.0,0.0,505.29744285714287,6480.318412698413,0.0
2025-08-27,0,41,6:50-7:00,811.5016666666667,404.59642857142853,0.7884249999999999,0.7896299107142856,49.613273809523776,420.1642976190474,0.0,0.0,0.0,0.0,456.5185119047619,5973.075621693122,0.0
2025-08-27,0,42,7:00-7:10,817.81745,454.02882380952383,0.740675,0.7395285714285714,47.0666190476191,482.92510119047586,0.0,0.0,0.0,0.0,410.8552452380952,5516.569793650794,0.0
2025-08-27,0,43,7:10-7:20,815.0161333333333,501.9870357142857,0.7392500000000001,0.7371477678571429,54.423569047619026,583.7599172619047,15.92905833333134,15.92905833333134,15.92905833333134,0.0,351.5236083333353,5125.988006613755,0.0
2025-08-27,0,44,7:20-7:30,783.1433333333332,552.8383928571428,0.741625,0.7379205357142856,47.7030952380951,668.3066994047618,0.0,0.0,0.0,0.0,278.0080357142855,4817.090189153438,0.0
2025-08-27,0,45,7:30-7:40,738.87705,611.7070642857143,0.664175,0.653995982142857,53.598473809523796,694.7930833333332,180.7684595238095,180.7684595238095,180.7684595238095,0.0,0.0,4817.090189153438,0.0
2025-08-27,0,46,7:40-7:50,862.4314833333333,664.4943000000001,0.8415,0.8286973214285712,44.87338809523817,688.6644374999995,0.0,0.0,0.0,0.0,242.8105714285714,4547.300665343914,0.0
2025-08-27,0,47,7:50-8:00,1080.56,717.4767857142857,1.17415,1.1643732142857146,37.383273809523814,773.7189119047617,0.0,0.0,0.0,0.0,400.4664880952381,4102.33790079365,0.0
2025-08-27,0,48,8:00-8:10,1123.0518333333332,789.3477238095236,1.1967999999999999,1.1883531249999995,41.6133047619048,833.1401023809522,0.0,0.0,0.0,0.0,375.31741428571445,3685.3185515873006,0.0
2025-08-27,0,49,8:10-8:20,1104.1474666666666,849.3415095238095,1.130525,1.1187200892857143,59.84654523809513,882.1641517857141,0.0,0.0,0.0,0.0,314.6525023809522,3335.7046600529093,0.0
2025-08-27,0,50,8:20-8:30,1114.56,896.2874999999999,1.126325,1.1093348214285714,78.83345238095251,941.9073672619045,0.0,0.0,0.0,0.0,297.10595238095266,3005.5869351851843,0.0
2025-08-27,0,51,8:30-8:40,1128.5008166666667,956.4713904761907,1.1092750000000002,1.0907522321428575,59.16829285714272,968.9174267857142,0.0,0.0,0.0,0.0,231.19771904761865,2748.70058068783,0.0
2025-08-27,0,52,8:40-8:50,1144.8500666666666,998.8955809523809,1.087425,1.068536160714286,70.61653333333331,966.6097136904758,0.0,0.0,0.0,0.0,216.57101904761907,2508.0661150793644,0.0
2025-08-27,0,53,8:50-9:00,1151.195,1019.6267857142858,1.0642999999999998,1.044679017857143,94.84428571428577,940.7507154761902,0.0,0.0,0.0,0.0,226.4124999999998,2256.49667063492,0.0
2025-08-27,0,54,9:00-9:10,1128.2198666666666,1050.6761023809522,1.025225,1.005437946428571,69.23222142857153,857.4787220238103,0.0,0.0,0.0,0.0,146.77598571428598,2093.4122420634912,0.0
2025-08-27,0,55,9:10-9:20,1103.3190333333332,1099.7107119047619,0.9928750000000001,0.9721410714285713,56.164771428571385,804.0710178571424,0.0,0.0,0.0,0.0,59.77309285714273,2026.9976944444438,0.0
2025-08-27,0,56,9:20-9:30,1094.8449999999998,1151.375,0.9543499999999999,0.930571875,66.2509523809521,738.0079505952381,0.0,0.0,0.0,0.0,9.720952380951985,2016.1966362433861,0.0
2025-08-27,0,57,9:30-9:40,1099.0083333333332,1187.4705666666664,0.896875,0.8703214285714286,74.4899000000001,665.2648428571422,0.0,0.0,0.0,13.972333333333154,0.0,2028.771736243386,0.0
2025-08-27,0,58,9:40-9:50,1107.0495833333332,1241.631583333333,0.9771,0.961602232142857,65.20870714285707,607.9872749999995,0.0,0.0,0.0,69.37329285714281,0.0,2091.2076998148145,0.0
2025-08-27,0,59,9:50-10:00,1106.7683333333332,1299.1142857142854,1.137225,1.1378602678571428,76.86619047619054,573.3832571428566,0.0,0.0,0.0,115.47976190476174,0.0,2195.1394855291,0.0
2025-08-27,0,60,10:00-10:10,1092.7497166666667,1308.0138714285715,1.148425,1.147374107142857,60.11160476190472,574.9805041666663,0.0,0.0,0.0,155.15255000000002,0.0,2334.7767805291,0.0
2025-08-27,0,61,10:10-10:20,1094.7707666666665,1311.8667166666664,1.1229,1.122154017857143,74.40513333333342,522.8643755952373,0.0,0.0,0.0,142.69081666666648,0.0,2463.1985155291,0.0
2025-08-27,0,62,10:20-10:30,1113.5783333333334,1333.6276785714285,1.16775,1.1757986607142856,85.67422619047613,499.5564095238098,0.0,0.0,0.0,134.37511904761914,0.0,2584.1361226719573,0.0
2025-08-27,0,63,10:30-10:40,1118.945,1357.4693785714285,1.2242,1.2334602678571425,86.44038095238125,503.12966845238134,0.0,0.0,0.0,152.0839976190473,0.0,2721.0117205291,0.0
2025-08-27,0,64,10:40-10:50,1108.6697,1391.669245238095,0.96825,0.9627013392857144,91.20176666666666,490.74334107142926,0.0,0.0,0.0,191.79777857142858,0.0,2893.6297212433856,0.0
2025-08-27,0,65,10:50-11:00,1099.4366666666665,1422.8732142857143,0.55725,0.5318620535714285,104.06053571428592,480.98049642857256,613.9573214285713,613.9573214285713,613.9573214285713,833.3333333333333,0.0,3643.6297212433856,0.0
2025-08-27,0,66,11:00-11:10,1104.5970499999999,1425.0726428571427,0.5039750000000001,0.47450535714285724,106.90294285714262,507.71010952381056,619.760683333333,619.760683333333,619.760683333333,833.3333333333333,0.0,4393.629721243386,0.0
2025-08-27,0,67,11:10-11:20,1082.6284999999998,1432.6531738095237,0.569275,0.5428575892857143,102.59410476190503,556.5219375000001,5.66547480893928,5.66547480893928,5.66547480893928,253.09604385655803,0.0,4621.416160714288,0.0
2025-08-27,0,68,11:20-11:30,1076.1999999999998,1458.9776785714284,0.568775,0.5434017857142857,101.29113095238085,683.0393595238102,0.0,0.0,0.0,281.48654761904777,0.0,4874.754053571431,0.0
2025-08-27,0,69,11:30-11:40,1155.4230499999999,1481.5187095238093,0.5508500000000001,0.5230183035714288,87.19853571428575,773.0189482142866,594.4362095238096,594.4362095238096,594.4362095238096,833.3333333333333,0.0,5624.754053571431,0.0
2025-08-27,0,70,11:40-11:50,1121.1111166666665,1481.022088095238,0.50225,0.4696258928571428,101.12643095238067,658.2451928571431,574.5487928571424,574.5487928571424,574.5487928571424,833.3333333333333,0.0,6374.754053571431,0.0
2025-08-27,0,71,11:50-12:00,1003.1266666666667,1464.7410714285716,0.44675,0.4120611607142857,105.5095238095239,605.8287267857137,477.2284523809524,477.2284523809524,477.2284523809524,833.3333333333333,0.0,7124.754053571431,0.0
2025-08-27,0,72,12:00-12:10,1033.6271,1457.5327476190478,0.44375,0.41453214285714285,127.7971071428571,574.9942648809529,537.2247928571426,537.2247928571426,537.2247928571426,833.3333333333333,0.0,7874.754053571431,0.0
2025-08-27,0,73,12:10-12:20,1071.5927,1453.731935714286,0.473375,0.4482803571428572,115.05527380952367,516.5575547619052,566.2493714285708,566.2493714285708,566.2493714285708,833.3333333333333,0.0,8624.75405357143,0.0
2025-08-27,0,74,12:20-12:30,1048.8483333333334,1444.713392857143,0.467825,0.4420352678571429,119.09244047619018,528.2675458333338,556.5607142857139,556.5607142857139,556.5607142857139,833.3333333333333,0.0,9374.75405357143,0.0
2025-08-27,0,75,12:30-12:40,1047.2463666666665,1429.409485714286,0.41047500000000003,0.38384642857142864,122.22918809523807,474.99296250000015,573.3994023809519,573.3994023809519,573.3994023809519,833.3333333333333,0.0,10124.75405357143,0.0
2025-08-27,0,76,12:40-12:50,1071.2791666666667,1416.4743690476191,0.57695,0.5507602678571427,98.0322761904763,467.45700892857093,0.0,0.0,0.0,247.16292619047613,0.0,10347.200687142858,0.0
2025-08-27,0,77,12:50-13:00,1107.8966666666665,1400.66875,0.8654999999999999,0.8406200892857144,80.13374999999989,538.5811690476187,0.0,0.0,0.0,212.63833333333355,0.0,10538.575187142858,0.0
2025-08-27,0,78,13:00-13:10,1144.9131666666667,1368.8464333333332,0.882525,0.8587718749999999,100.08421904761903,502.901726785714,0.0,0.0,0.0,123.8490476190475,0.0,10650.039330000001,0.0
2025-08-27,0,79,13:10-13:20,1160.5416166666666,1340.2764595238093,0.8583500000000001,0.8354799107142856,92.68247142857149,501.5274672619051,0.0,0.0,0.0,87.05237142857118,0.0,10728.386464285715,0.0
2025-08-27,0,80,13:20-13:30,1166.4533333333334,1318.9651785714284,0.9034,0.8796303571428569,72.94125000000008,484.47087976190414,0.0,0.0,0.0,79.57059523809494,0.0,10800.0,0.0
2025-08-27,0,81,13:30-13:40,1190.9045333333333,1291.2676309523808,0.9109,0.8853986607142857,107.05559285714276,530.3933452380954,2.4004857142847413,2.4004857142847413,2.4004857142847413,0.0,4.2920095238105205,10795.2311005291,0.0
2025-08-27,0,82,13:40-13:50,1187.8383666666666,1266.1471999999999,1.0199500000000001,1.0081700892857148,102.51073809523845,586.0104678571431,0.0,0.0,0.0,0.0,24.201904761905098,10768.340095238094,0.0
2025-08-27,0,83,13:50-14:00,1159.1866666666665,1236.4678571428572,1.190375,1.1991116071428571,89.86053571428545,616.297325,0.0,0.0,0.0,0.0,12.579345238094902,10754.363044973545,0.0
2025-08-27,0,84,14:00-14:10,1155.91885,1186.6437380952382,1.2125000000000001,1.2219808035714288,61.865845238095375,648.4213880952389,0.0,0.0,0.0,0.0,31.140957142857133,10719.76198148148,0.0
2025-08-27,0,85,14:10-14:20,1158.6160666666665,1153.0487238095238,1.173925,1.180636160714286,76.83054523809528,713.7311601190485,0.0,0.0,0.0,0.0,82.39788809523793,10628.208772486772,0.0
2025-08-27,0,86,14:20-14:30,1159.2583333333332,1133.3776785714285,1.2068750000000001,1.216250892857143,105.00380952380925,750.0918345238106,0.0,0.0,0.0,0.0,130.88446428571388,10482.78158994709,0.0
2025-08-27,0,87,14:30-14:40,1173.5119333333332,1088.9196880952381,1.312225,1.3208142857142857,84.35801666666657,763.208307738096,0.0,0.0,0.0,0.0,168.95026190476165,10295.059076719577,0.0
2025-08-27,0,88,14:40-14:50,1192.6735666666666,1041.8479595238095,1.1206,1.118834821428571,69.72756190476196,820.4773809523818,0.0,0.0,0.0,0.0,220.55316904761912,10050.0,0.0
2025-08-27,0,89,14:50-15:00,1197.36,1004.2830357142857,0.7508,0.7369866071428575,85.75732142857146,894.5695910714294,278.83428571428567,278.83428571428567,278.83428571428567,0.0,0.0,10050.0,0.0
2025-08-27,0,90,15:00-15:10,1179.8913333333333,965.6665380952379,0.71565,0.7026839285714283,84.74487142857123,948.0874928571437,1132.3029999999999,1132.3029999999999,1132.3029999999999,833.3333333333333,0.0,10800.0,0.0
2025-08-27,0,91,15:10-15:20,1193.0681666666665,927.6545809523809,0.7921499999999999,0.7824946428571427,79.73811190476192,999.2864142857151,345.15169761904735,345.15169761904735,345.15169761904735,0.0,0.0,10800.0,0.0
2025-08-27,0,92,15:20-15:30,1228.0549999999998,885.0892857142858,0.8103499999999999,0.7999602678571428,72.08148809523794,1022.023813690477,415.04720238095206,415.04720238095206,415.04720238095206,0.0,0.0,10800.0,0.0
2025-08-27,0,93,15:30-15:40,1220.8250666666665,830.1357166666667,0.8292249999999999,0.8181785714285714,73.40465952380934,1018.8465369047625,464.0940095238093,464.0940095238093,464.0940095238093,0.0,0.0,10800.0,0.0
2025-08-27,0,94,15:40-15:50,1192.8834166666666,783.5200547619048,0.850475,0.8438209821428574,75.90453333333335,1052.1958196428577,485.2678952380951,485.2678952380951,485.2678952380951,0.0,0.0,10800.0,0.0
2025-08-27,0,95,15:50-16:00,1167.1399999999999,742.8044642857142,0.865275,0.8637406249999999,75.39214285714263,1144.1049023809533,499.7276785714282,499.7276785714282,499.7276785714282,0.0,0.0,10800.0,0.0
2025-08-27,0,96,16:00-16:10,1155.1026,684.9230785714285,0.87975,0.8754973214285714,67.67130714285713,1292.6061821428577,537.8508285714286,537.8508285714286,537.8508285714286,0.0,0.0,10800.0,0.0
2025-08-27,0,97,16:10-16:20,1201.7037333333333,625.2266904761904,0.930825,0.9274250000000005,74.01690238095239,1416.5186416666668,650.4939452380953,650.4939452380953,650.4939452380953,0.0,-0.0,10800.0,0.0
2025-08-27,0,98,16:20-16:30,1263.6633333333332,572.2910714285713,0.982625,0.983745982142857,65.35190476190468,1456.1122089285723,756.7241666666666,756.7241666666666,756.7241666666666,0.0,-0.0,10800.0,0.0
2025-08-27,0,99,16:30-16:40,1244.1684166666666,519.2725761904761,0.96165,0.9599732142857144,62.28548809523812,1531.2921011904764,787.1813285714287,787.1813285714287,787.1813285714287,0.0,0.0,10800.0,0.0
2025-08-27,0,100,16:40-16:50,1216.23055,464.5896714285714,0.9593,0.957149107142857,72.13048095238071,1563.9373625000007,823.7713595238092,823.7713595238092,823.7713595238092,0.0,0.0,10800.0,0.0
2025-08-27,0,101,16:50-17:00,1222.8133333333333,410.1196428571428,1.003775,1.005756696428572,62.538392857142725,1608.6302660714289,875.2320833333332,875.2320833333332,875.2320833333332,0.0,-0.0,10800.0,0.0
2025-08-27,0,102,17:00-17:10,1234.5669333333333,358.77788809523804,1.03785,1.0410915178571427,57.71603809523805,1655.0985863095239,933.5050833333332,933.5050833333332,933.5050833333332,-0.0,0.0,10800.0,0.0
2025-08-27,0,103,17:10-17:20,1228.9303499999999,309.77530476190475,1.08135,1.0868450892857147,44.59698095238082,1735.8162714285709,963.7520261904759,963.7520261904759,963.7520261904759,0.0,0.0,10800.0,0.0
2025-08-27,0,104,17:20-17:30,1226.1466666666665,260.95624999999995,1.116025,1.1247062499999998,56.66851190476177,1792.463796428571,1021.8589285714284,1021.8589285714284,1021.8589285714284,0.0,0.0,10800.0,0.0
2025-08-27,0,105,17:30-17:40,1246.1917166666667,210.3429023809524,1.110425,1.1188004464285712,52.23540238095245,1794.0644779761901,1088.0842166666669,1088.0842166666669,1088.0842166666669,0.0,0.0,10800.0,0.0
2025-08-27,0,106,17:40-17:50,1155.8791166666665,158.40430476190477,1.203525,1.2137410714285717,54.71042142857152,1779.9855267857133,1052.1852333333331,1052.1852333333331,1052.1852333333331,0.0,0.0,10800.0,0.0
2025-08-27,0,107,17:50-18:00,990.3299999999999,107.59375,1.3663500000000002,1.380032589285715,63.41023809523813,1747.4203267857133,946.146488095238,946.146488095238,946.146488095238,0.0,-0.0,10800.0,0.0
2025-08-27,0,108,18:00-18:10,931.2689833333334,61.52868571428571,1.4197,1.4326017857142859,58.94069285714295,1683.885472619047,928.6809904761906,928.6809904761906,928.6809904761906,0.0,0.0,10800.0,0.0
2025-08-27,0,109,18:10-18:20,922.0336166666666,23.21066666666666,1.4244749999999997,1.4393830357142858,65.57409047619035,1707.1384321428557,964.3970404761903,964.3970404761903,964.3970404761903,0.0,0.0,10800.0,0.0
2025-08-27,0,110,18:20-18:30,920.5799999999999,0.0,1.418925,1.434667857142858,51.031785714285775,1789.024145238094,971.6117857142857,971.6117857142857,971.6117857142857,0.0,0.0,10800.0,0.0
2025-08-27,0,111,18:30-18:40,941.9859166666666,0.0,1.3945000000000003,1.400686607142857,38.723385714285655,1766.5984011904748,980.7093023809523,980.7093023809523,980.7093023809523,0.0,0.0,10800.0,0.0
2025-08-27,0,112,18:40-18:50,928.0787999999999,0.7907380952380951,1.484325,1.4958205357142855,42.75617857142868,1699.6440696428563,970.0442404761905,970.0442404761905,970.0442404761905,0.0,0.0,10800.0,0.0
2025-08-27,0,113,18:50-19:00,897.655,0.0,1.6353,1.6653147321428574,47.863333333333344,1755.0368470238086,277.6401934523782,277.6401934523782,277.6401934523782,0.0,667.8781398809551,10057.91317791005,0.0
2025-08-27,0,114,19:00-19:10,929.0342499999999,0.0,1.6477,1.6813482142857137,33.838080952381006,1756.0196892857134,129.53899761904768,129.53899761904768,129.53899761904768,0.0,833.3333333333333,9131.987251984125,0.0
2025-08-27,0,115,19:10-19:20,957.2076833333333,0.05677380952380952,1.6208749999999998,1.6518580357142858,43.85833571428566,1685.324141666666,1001.0092452380951,1001.0092452380951,1001.0092452380951,0.0,0.0,9131.987251984125,0.0
2025-08-27,0,116,19:20-19:30,950.0333333333333,0.0,1.627575,1.657401785714285,53.19500000000005,1722.1781952380945,1003.2283333333334,1003.2283333333334,1003.2283333333334,0.0,0.0,9131.987251984125,0.0
2025-08-27,0,117,19:30-19:40,940.8054833333333,0.0,1.639525,1.668382589285714,41.987471428571325,1773.2902785714277,149.45962142857138,149.45962142857138,149.45962142857138,0.0,833.3333333333333,8206.0613260582,0.0
2025-08-27,0,118,19:40-19:50,945.1539833333333,0.004073809523809524,1.6420499999999998,1.6732589285714279,28.119766666666578,1772.9761833333328,139.9363428571428,139.9363428571428,139.9363428571428,0.0,833.3333333333333,7280.135400132274,0.0
2025-08-27,0,119,19:50-20:00,964.6933333333333,0.0,1.648325,1.6825691964285714,54.375000000000114,1718.204217261904,185.73500000000013,185.73500000000013,185.73500000000013,0.0,833.3333333333333,6354.209474206348,0.0
2025-08-27,0,120,20:00-20:10,985.6722166666666,0.0,1.67325,1.7049736607142858,41.67605000000003,1666.7366482142845,194.01493333333337,194.01493333333337,194.01493333333337,0.0,833.3333333333333,5428.283548280422,0.0
2025-08-27,0,121,20:10-20:20,970.3889333333333,0.00029285714285714283,1.6517000000000002,1.6826517857142858,31.583983333333435,1608.4343857142844,168.63929047619058,168.63929047619058,168.63929047619058,0.0,833.3333333333333,4502.357622354496,0.0
2025-08-27,0,122,20:20-20:30,924.8983333333333,0.0,1.6382250000000003,1.6727343750000006,43.27166666666676,1528.2499309523796,134.83666666666682,134.83666666666682,134.83666666666682,0.0,833.3333333333333,3576.43169642857,0.0
2025-08-27,0,123,20:30-20:40,903.5149666666666,0.0,1.708725,1.7445812499999995,43.87078333333329,1420.507014285713,114.05241666666666,114.05241666666666,114.05241666666666,0.0,833.3333333333333,2650.505770502644,0.0
2025-08-27,0,124,20:40-20:50,950.2611333333332,0.0,1.4891,1.5143745535714284,30.615999999999985,1305.4551934523797,889.8674607142859,889.8674607142859,889.8674607142859,0.0,91.00967261904725,2549.3839120370358,0.0
2025-08-27,0,125,20:50-21:00,998.1466666666666,0.0,1.098825,1.1079808035714283,42.780000000000086,1214.4455208333322,1040.9266666666667,1040.9266666666667,1040.9266666666667,0.0,0.0,2549.3839120370358,0.0
2025-08-27,0,126,21:00-21:10,937.2337,0.0,1.06045,1.0648879464285712,40.7886666666667,1166.538437499999,978.0223666666667,978.0223666666667,978.0223666666667,0.0,0.0,2549.3839120370358,0.0
2025-08-27,0,127,21:10-21:20,909.8678166666666,0.0,1.09525,1.0988022321428574,49.216983333333246,1077.182691666666,959.0847999999999,959.0847999999999,959.0847999999999,0.0,0.0,2549.3839120370358,0.0
2025-08-27,0,128,21:20-21:30,951.9983333333332,0.0,1.082875,1.0850035714285713,47.94833333333338,1026.1287083333325,999.9466666666666,999.9466666666666,999.9466666666666,0.0,0.0,2549.3839120370358,0.0
2025-08-27,0,129,21:30-21:40,946.59715,0.0,1.143425,1.1468482142857142,36.8964666666667,969.5016249999992,629.2787458333337,629.2787458333337,629.2787458333337,0.0,354.2148708333331,2155.8118333333323,0.0
2025-08-27,0,130,21:40-21:50,851.7332166666666,0.0,0.922575,0.9259058035714289,32.0923499999999,860.2306499999993,838.9998583333337,838.9998583333337,838.9998583333337,0.0,44.82570833333284,2106.0054907407402,0.0
2025-08-27,0,131,21:50-22:00,746.1133333333333,0.0,0.5375,0.5402821428571427,70.71333333333348,815.4049416666661,848.2345884773662,848.2345884773662,848.2345884773662,31.40792181069931,0.0,2134.2726203703696,0.0
2025-08-27,0,132,22:00-22:10,751.7653833333334,0.0,0.5024000000000001,0.5085004464285715,44.331100000000106,840.8453583333328,1629.4298166666667,1629.4298166666667,1629.4298166666667,833.3333333333333,0.0,2884.2726203703696,0.0
2025-08-27,0,133,22:10-22:20,768.6416666666667,0.0,0.55585,0.5601919642857143,45.2800666666667,773.3718416666662,813.9217333333333,813.9217333333333,813.9217333333333,0.0,0.0,2884.2726203703696,0.0
2025-08-27,0,134,22:20-22:30,744.5833333333333,0.0,0.5332,0.5314330357142857,65.05500000000006,646.8299166666663,1642.9716666666666,1642.9716666666666,1642.9716666666666,833.3333333333333,0.0,3634.2726203703696,0.0
2025-08-27,0,135,22:30-22:40,726.40055,0.0,0.53625,0.5348821428571428,47.9532333333334,595.420333333333,774.3537833333334,774.3537833333334,774.3537833333334,0.0,0.0,3634.2726203703696,0.0
2025-08-27,0,136,22:40-22:50,737.2667499999999,0.0,0.544075,0.5483892857142857,37.34175000000005,525.6570666666663,774.6084999999999,774.6084999999999,774.6084999999999,0.0,0.0,3634.2726203703696,0.0
2025-08-27,0,137,22:50-23:00,759.475,0.0,0.534725,0.5426477678571427,47.29333333333341,432.4573749999996,806.7683333333334,806.7683333333334,806.7683333333334,0.0,0.0,3634.2726203703696,0.0
2025-08-27,0,138,23:00-23:10,757.6513833333333,0.0,0.522675,0.5259941964285715,36.37813333333338,364.9061249999998,1627.36285,1627.36285,1627.36285,833.3333333333333,0.0,4384.27262037037,0.0
2025-08-27,0,139,23:10-23:20,759.0662666666667,0.0,0.53315,0.5338031249999999,56.110800000000154,324.4696958333332,943.7630440329228,943.7630440329228,943.7630440329228,128.58597736625597,0.0,4500.0,0.0
2025-08-27,0,140,23:20-23:30,762.0066666666667,0.0,0.5424,0.545135267857143,33.813333333333276,262.05222083333337,795.8199999999999,795.8199999999999,795.8199999999999,0.0,0.0,4500.0,0.0
2025-08-27,0,141,23:30-23:40,740.1626666666666,0.0,0.5089,0.5122495535714285,45.1886833333333,163.98888749999998,1618.6846833333332,1618.6846833333332,1618.6846833333332,833.3333333333333,0.0,5250.0,0.0
2025-08-27,0,142,23:40-23:50,745.6334666666667,0.0,0.5205500000000001,0.5262098214285716,47.11781666666673,107.25921666666659,1626.0846166666665,1626.0846166666665,1626.0846166666665,833.3333333333333,0.0,6000.0,0.0
2025-08-27,0,143,23:50-24:00,776.2666666666667,0.0,0.5608500000000001,0.5680691964285715,40.98333333333335,54.63791666666671,817.25,817.25,817.25,0.0,0.0,6000.0,0.0
2025-08-28,0,0,0:00-0:10,773.7102166666666,0.0,0.5263,0.5276464285714286,33.35500000000002,1651.8693440476184,807.0652166666666,807.0652166666666,807.0652166666666,0.0,0.0,7323.166830026455,0.0
2025-08-28,0,1,0:10-0:20,751.7659833333333,0.0,0.50975,0.5094004464285715,19.66128333333336,1614.1257809523809,771.4272666666667,771.4272666666667,771.4272666666667,0.0,0.0,7323.166830026455,0.0
2025-08-28,0,2,0:20-0:30,733.0383333333332,0.0,0.5406,0.5460776785714285,36.011666666666656,1556.6487553571428,769.0499999999998,769.0499999999998,769.0499999999998,0.0,0.0,7323.166830026455,0.0
2025-08-28,0,3,0:30-0:40,729.6340166666666,0.0,0.5538,0.562116517857143,26.65786666666679,1512.5133386904758,756.2918833333334,756.2918833333334,756.2918833333334,0.0,0.0,7323.166830026455,0.0
2025-08-28,0,4,0:40-0:50,750.107,0.0,0.561125,0.5676004464285715,58.26478333333341,1451.7389720238098,808.3717833333334,808.3717833333334,808.3717833333334,0.0,0.0,7323.166830026455,0.0
2025-08-28,0,5,0:50-1:00,761.8616666666667,0.0,0.555925,0.5590165178571428,55.846666666666806,1475.8744797619051,817.7083333333335,817.7083333333335,817.7083333333335,0.0,0.0,7323.166830026455,0.0
2025-08-28,0,6,1:00-1:10,721.5638166666665,0.0,0.51395,0.5159125,60.14996666666673,1445.763646428572,781.7137833333333,781.7137833333333,781.7137833333333,0.0,0.0,7323.166830026455,0.0
2025-08-28,0,7,1:10-1:20,700.5074833333333,0.0,0.49395,0.49381160714285705,48.0952666666667,1426.3992464285716,748.60275,748.60275,748.60275,0.0,0.0,7323.166830026455,0.0
2025-08-28,0,8,1:20-1:30,710.2549999999999,0.0,0.5097,0.5082401785714286,45.601666666666574,1431.9978297619048,755.8566666666665,755.8566666666665,755.8566666666665,0.0,0.0,7323.166830026455,0.0
2025-08-28,0,9,1:30-1:40,697.1552499999999,0.0,0.5166999999999999,0.5193084821428571,26.521283333333372,1413.723751785714,723.6765333333333,723.6765333333333,723.6765333333333,0.0,0.0,7323.166830026455,0.0
2025-08-28,0,10,1:40-1:50,699.39045,0.0,0.5024749999999999,0.504230357142857,29.37928333333332,1363.2248107142857,728.7697333333333,728.7697333333333,728.7697333333333,0.0,0.0,7323.166830026455,0.0
2025-08-28,0,11,1:50-2:00,718.9483333333333,0.0,0.492325,0.4890919642857143,38.96333333333325,1342.415263690476,757.9116666666665,757.9116666666665,757.9116666666665,0.0,0.0,7323.166830026455,0.0
2025-08-28,0,12,2:00-2:10,712.7414666666666,0.0,0.5202749999999999,0.519180357142857,47.8597666666667,1358.4451398809522,760.6012333333333,760.6012333333333,760.6012333333333,0.0,0.0,7323.166830026455,0.0
2025-08-28,0,13,2:10-2:20,697.55955,0.0,0.541075,0.5430736607142854,51.78525000000013,1336.899475595238,749.3448000000001,749.3448000000001,749.3448000000001,0.0,0.0,7323.166830026455,0.0
2025-08-28,0,14,2:20-2:30,698.12,0.0,0.530575,0.5329513392857143,32.1400000000001,1302.8781166666665,730.2600000000001,730.2600000000001,730.2600000000001,0.0,0.0,7323.166830026455,0.0
2025-08-28,0,15,2:30-2:40,719.6800499999999,0.0,0.5061500000000001,0.5089732142857144,39.23923333333323,1256.5031523809525,758.9192833333332,758.9192833333332,758.9192833333332,0.0,0.0,7323.166830026455,0.0
2025-08-28,0,16,2:40-2:50,722.6712166666666,0.0,0.484825,0.48891339285714297,43.98503333333326,1135.5875898809522,766.6562499999999,766.6562499999999,766.6562499999999,0.0,0.0,7323.166830026455,0.0
2025-08-28,0,17,2:50-3:00,706.5883333333333,0.0,0.47655000000000003,0.4808218750000001,63.02999999999986,1037.63695297619,1602.9516666666664,1602.9516666666664,1602.9516666666664,833.3333333333333,0.0,8073.166830026455,0.0
2025-08-28,0,18,3:00-3:10,706.7327333333333,0.0,0.48455,0.48575133928571423,48.772433333333424,993.8331982142856,755.5051666666667,755.5051666666667,755.5051666666667,0.0,0.0,8073.166830026455,0.0
2025-08-28,0,19,3:10-3:20,702.3580833333333,0.0,0.510775,0.5107401785714284,46.25946666666664,931.7684720238092,748.6175499999999,748.6175499999999,748.6175499999999,0.0,0.0,8073.166830026455,0.0
2025-08-28,0,20,3:20-3:30,691.5266666666666,0.0,0.53255,0.5344772321428569,36.66166666666675,853.83972797619,728.1883333333334,728.1883333333334,728.1883333333334,0.0,0.0,8073.166830026455,0.0
2025-08-28,0,21,3:30-3:40,696.0998833333333,0.0002476190476190476,0.517825,0.5210178571428571,44.70804047619049,781.97222797619,740.8076761904762,740.8076761904762,740.8076761904762,0.0,0.0,8073.166830026455,0.0
2025-08-28,0,22,3:40-3:50,700.30075,0.0,0.492525,0.49388705357142854,48.32830000000013,703.25702797619,748.6290500000001,748.6290500000001,748.6290500000001,0.0,0.0,8073.166830026455,0.0
2025-08-28,0,23,3:50-4:00,693.4383333333333,0.0,0.486125,0.4847191964285712,41.42666666666673,630.8141029761903,1568.1983333333333,1568.1983333333333,1568.1983333333333,833.3333333333333,0.0,8823.166830026454,0.0
2025-08-28,0,24,4:00-4:10,681.9637333333333,0.0036880952380952386,0.504925,0.5043035714285712,41.3756309523809,599.9978529761905,723.3356761904761,723.3356761904761,723.3356761904761,0.0,0.0,8823.166830026454,0.0
2025-08-28,0,25,4:10-4:20,680.0791999999999,0.0,0.5102249999999999,0.511284375,44.58967142857125,537.8905053571428,724.6688714285712,724.6688714285712,724.6688714285712,0.0,0.0,8823.166830026454,0.0
2025-08-28,0,26,4:20-4:30,672.6616666666666,0.0,0.494875,0.49515133928571425,50.98000000000002,450.0612476190475,723.6416666666667,723.6416666666667,723.6416666666667,0.0,0.0,8823.166830026454,0.0
2025-08-28,0,27,4:30-4:40,640.44965,0.051383333333333336,0.48867499999999997,0.48557589285714275,48.26339999999993,413.1768428571423,1218.476299970607,1218.476299970607,1218.476299970607,529.8146333039404,0.0,9300.0,0.0
2025-08-28,0,28,4:40-4:50,666.1117999999999,0.0,0.49660000000000004,0.4951941964285713,37.555088095238034,391.9067773809511,703.6668880952379,703.6668880952379,703.6668880952379,0.0,0.0,9300.0,0.0
2025-08-28,0,29,4:50-5:00,723.5749999999999,0.0,0.50785,0.5107169642857142,53.129999999999995,425.14406904761813,776.7049999999999,776.7049999999999,776.7049999999999,0.0,0.0,9300.0,0.0
2025-08-28,0,30,5:00-5:10,698.9552833333333,0.7156571428571429,0.5092,0.50998125,43.43794047619053,454.4651107142848,741.6775666666667,741.6775666666667,741.6775666666667,0.0,0.0,9300.0,0.0
2025-08-28,0,31,5:10-5:20,661.8133333333333,0.0,0.51105,0.5160138392857142,39.87985476190477,431.13621904761874,701.693188095238,701.693188095238,701.693188095238,0.0,0.0,9300.0,0.0
2025-08-28,0,32,5:20-5:30,647.6899999999999,0.0,0.470175,0.48252767857142853,33.99571428571437,349.81896904761857,1515.0190476190476,1515.0190476190476,1515.0190476190476,833.3333333333333,0.0,10050.0,0.0
2025-08-28,0,33,5:30-5:40,636.3535333333333,21.118609523809525,0.379425,0.38650625000000016,42.91277619047622,301.1678232142853,1491.4810333333332,1491.4810333333332,1491.4810333333332,833.3333333333333,0.0,10800.0,0.0
2025-08-28,0,34,5:40-5:50,703.3530833333332,56.57097857142857,0.5872999999999999,0.5929857142857143,42.39209999999997,258.9507428571427,689.1742047619047,689.1742047619047,689.1742047619047,0.0,0.0,10800.0,0.0
2025-08-28,0,35,5:50-6:00,799.6733333333333,100.12232142857142,0.953775,0.9641758928571426,46.44345238095252,211.3008196428569,0.0,0.0,0.0,0.0,745.9944642857143,9971.117261904761,0.0
2025-08-28,0,36,6:00-6:10,791.8984333333333,149.28601666666663,0.963075,0.969857142857143,42.47425714285703,179.01333452380948,0.0,0.0,0.0,0.0,685.0866738095237,9209.909846560846,0.0
2025-08-28,0,37,6:10-6:20,799.8150833333334,201.1560428571429,0.8934500000000001,0.8972625000000002,44.68705476190485,192.57018392857077,0.0,0.0,0.0,0.0,643.3460952380954,8495.080851851852,0.0
2025-08-28,0,38,6:20-6:30,853.21,253.86964285714285,0.9073249999999999,0.9125647321428572,66.56880952380953,211.19924880952325,0.0,0.0,0.0,0.0,665.9091666666667,7755.181777777778,0.0
2025-08-28,0,39,6:30-6:40,854.8634,306.74739761904766,0.883575,0.8886508928571428,53.21800238095244,207.12637678571383,0.0,0.0,0.0,0.0,601.3340047619047,7087.0328835978835,0.0
2025-08-28,0,40,6:40-6:50,819.3705833333333,359.1099190476191,0.8487500000000001,0.8521821428571431,52.342940476190506,286.23128511904673,0.0,0.0,0.0,0.0,512.6036047619048,6517.4733227513225,0.0
2025-08-28,0,41,6:50-7:00,792.6083333333332,410.9285714285714,0.818475,0.8195080357142857,49.613273809523776,377.2116702380945,0.0,0.0,0.0,0.0,431.2930357142856,6038.258838624339,0.0
2025-08-28,0,42,7:00-7:10,807.2588833333332,462.2636880952381,0.772725,0.7709736607142854,47.0666190476191,440.9731345238093,0.0,0.0,0.0,0.0,392.06181428571415,5602.634600529101,0.0
2025-08-28,0,43,7:10-7:20,836.3638666666667,511.2689214285714,0.750625,0.7485700892857142,54.423569047619026,537.5550130952374,0.0,0.0,0.0,0.0,379.51851428571433,5180.9473624338625,0.0
2025-08-28,0,44,7:20-7:30,829.7966666666666,564.5473214285714,0.71315,0.7102200892857143,47.7030952380951,622.1017952380947,17.844232738096593,17.844232738096593,17.844232738096593,0.0,295.1082077380937,4853.049353835981,0.0
2025-08-28,0,45,7:30-7:40,785.93685,629.8481357142857,0.625575,0.6155910714285712,53.598473809523796,648.5881791666661,209.68718809523807,209.68718809523807,209.68718809523807,0.0,0.0,4853.049353835981,0.0
2025-08-28,0,46,7:40-7:50,915.0906,685.2275047619047,0.8201,0.8067633928571428,44.87338809523817,644.0602136904755,0.0,0.0,0.0,0.0,274.73648333333347,4547.786594576721,0.0
2025-08-28,0,47,7:50-8:00,1138.0333333333333,734.33125,1.1810999999999998,1.1710991071428567,43.146250000000094,724.1285089285707,0.0,0.0,0.0,0.0,446.84833333333336,4051.288446428572,0.0
2025-08-28,0,48,8:00-8:10,1149.6549166666666,800.8749333333333,1.2227999999999999,1.2154995535714286,50.59351190476201,789.3126755952374,0.0,0.0,0.0,0.0,399.3734952380953,3607.540118386244,0.0
2025-08-28,0,49,8:10-8:20,1104.4881833333334,858.0824595238093,1.133875,1.123575,65.50063095238113,847.8706458333327,0.0,0.0,0.0,0.0,311.90635476190505,3260.9775019841272,0.0
2025-08-28,0,50,8:20-8:30,1111.3333333333333,904.274107142857,1.087125,1.0705790178571428,79.59511904761922,913.267947023809,0.0,0.0,0.0,0.0,286.6543452380954,2942.472673941799,0.0
2025-08-28,0,51,8:30-8:40,1122.6293666666666,961.8563785714284,1.0624250000000002,1.0435598214285717,67.61666904761915,941.0396732142855,0.0,0.0,0.0,0.0,228.38965714285723,2688.706388227513,0.0
2025-08-28,0,52,8:40-8:50,1123.6473166666665,999.3763119047619,1.03125,1.0129089285714288,74.07551428571415,947.1803363095237,0.0,0.0,0.0,0.0,198.3465190476188,2468.321367063492,0.0
2025-08-28,0,53,8:50-9:00,1124.315,1019.9107142857142,0.9912000000000001,0.9734683035714283,100.00065476190468,921.9441595238088,0.0,0.0,0.0,0.0,204.4049404761904,2241.204766534391,0.0
2025-08-28,0,54,9:00-9:10,1135.393,1061.5651952380952,0.9641249999999999,0.9455767857142858,71.38490714285717,842.410455357143,0.0,0.0,0.0,0.0,145.21271190476205,2079.8573088624335,0.0
2025-08-28,0,55,9:10-9:20,1115.6023,1109.5828238095237,0.9617749999999998,0.9423415178571425,57.75321190476188,789.4942958333322,0.0,0.0,0.0,0.0,63.77268809523821,2008.998766534391,0.0
2025-08-28,0,56,9:20-9:30,1083.2433333333333,1150.8107142857143,0.9539249999999999,0.9321870535714284,67.56940476190465,728.0988898809519,0.0,0.0,0.0,0.0,0.0020238095237345988,2008.9965178571424,0.0
2025-08-28,0,57,9:30-9:40,1096.6998333333331,1191.2097642857143,0.917675,0.8917504464285716,74.4899000000001,660.9284738095232,0.0,0.0,0.0,20.02003095238115,0.0,2027.0145457142855,0.0
2025-08-28,0,58,9:40-9:50,1088.6252333333332,1249.9416666666666,1.004375,0.9879468750000001,65.20870714285707,603.6509059523805,0.0,0.0,0.0,96.10772619047634,0.0,2113.5114992857143,0.0
2025-08-28,0,59,9:50-10:00,1071.7766666666666,1307.266964285714,1.1582499999999998,1.1573008928571422,76.86619047619054,569.0468880952376,0.0,0.0,0.0,158.62410714285693,0.0,2256.2731957142855,0.0
2025-08-28,0,60,10:00-10:10,1123.7812166666665,1321.759423809524,1.154175,1.1507718749999998,60.11160476190472,570.6441351190472,0.0,0.0,0.0,137.8666023809526,0.0,2380.353137857143,0.0
2025-08-28,0,61,10:10-10:20,1138.5472499999998,1331.516176190476,1.09165,1.0872825892857143,74.40513333333342,512.612626190475,0.0,0.0,0.0,118.56379285714274,0.0,2487.060551428571,0.0
2025-08-28,0,62,10:20-10:30,1102.61,1352.661607142857,1.1015000000000001,1.1049191964285718,85.67422619047613,488.9940077380951,0.0,0.0,0.0,164.37738095238092,0.0,2635.000194285714,0.0
2025-08-28,0,63,10:30-10:40,1110.1559333333332,1368.6081047619048,1.16645,1.171826339285715,86.44038095238125,492.56726666666657,0.0,0.0,0.0,172.0117904761903,0.0,2789.810805714285,0.0
2025-08-28,0,64,10:40-10:50,1128.2033333333334,1399.4302023809523,0.9139,0.9073165178571431,91.20176666666666,480.18093928571454,0.0,0.0,0.0,180.02510238095238,0.0,2951.8333978571422,0.0
2025-08-28,0,65,10:50-11:00,1122.09,1434.9785714285713,0.48824999999999996,0.4652058035714283,108.39690476190496,470.4180946428579,628.8416666666669,628.8416666666669,628.8416666666669,833.3333333333333,0.0,3701.8333978571422,0.0
2025-08-28,0,66,11:00-11:10,1099.0711999999999,1441.0202142857138,0.436025,0.4103254464285714,106.90294285714262,501.48407678571493,598.2872619047619,598.2872619047619,598.2872619047619,833.3333333333333,0.0,4451.833397857143,0.0
2025-08-28,0,67,11:10-11:20,1104.9522333333332,1445.3553928571428,0.50265,0.4797633928571427,102.59410476190503,550.8496184523807,469.1159325396841,469.1159325396841,469.1159325396841,706.9249873015885,0.0,5088.065886428572,0.0
2025-08-28,0,68,11:20-11:30,1137.2883333333332,1467.8508928571428,0.504025,0.4806736607142855,108.03970238095201,675.1889601190477,0.0,0.0,0.0,222.52285714285745,0.0,5288.3364578571445,0.0
2025-08-28,0,69,11:30-11:40,1142.7942166666667,1498.4609523809524,0.5079,0.47986026785714275,87.19853571428575,773.369173809524,0.0,0.0,0.0,268.4682,0.0,5529.957837857144,0.0
2025-08-28,0,70,11:40-11:50,1097.3625833333333,1504.8650404761906,0.48175,0.4492500000000001,102.26503333333373,659.3214452380948,528.0959095238097,528.0959095238097,528.0959095238097,833.3333333333333,0.0,6279.957837857144,0.0
2025-08-28,0,71,11:50-12:00,1038.9816666666666,1491.6705357142857,0.445425,0.4121120535714286,105.5095238095239,608.0435815476185,486.153988095238,486.153988095238,486.153988095238,833.3333333333333,0.0,7029.957837857144,0.0
2025-08-28,0,72,12:00-12:10,1035.9236666666666,1492.549023809524,0.4685,0.43813124999999997,125.58225238095235,577.2091196428576,502.2902285714283,502.2902285714283,502.2902285714283,833.3333333333333,0.0,7779.957837857144,0.0
2025-08-28,0,73,12:10-12:20,1061.4660166666665,1489.4768904761904,0.49960000000000004,0.4723433035714287,115.05527380952367,516.5575547619052,520.377733333333,520.377733333333,520.377733333333,833.3333333333333,0.0,8529.957837857144,0.0
2025-08-28,0,74,12:20-12:30,1076.915,1473.4437500000004,0.48205,0.4556491071428571,119.09244047619018,528.2675458333338,555.897023809523,555.897023809523,555.897023809523,833.3333333333333,0.0,9279.957837857144,0.0
2025-08-28,0,75,12:30-12:40,1068.8218666666667,1454.8036357142857,0.438775,0.41149687500000004,122.22918809523807,474.99296250000015,569.5807523809522,569.5807523809522,569.5807523809522,833.3333333333333,0.0,10029.957837857144,0.0
2025-08-28,0,76,12:40-12:50,1073.5650166666665,1431.9405904761907,0.591075,0.5647683035714286,98.0322761904763,472.30459821428485,0.0,0.0,0.0,260.3432976190479,0.0,10264.266805714287,0.0
2025-08-28,0,77,12:50-13:00,1102.0549999999998,1404.0232142857142,0.85275,0.829002232142857,80.13374999999989,540.1970321428566,0.0,0.0,0.0,221.83446428571438,0.0,10463.91782357143,0.0
2025-08-28,0,78,13:00-13:10,1132.1875,1374.6381142857144,0.90135,0.8782375,100.08421904761903,510.72024107142806,0.0,0.0,0.0,142.3663952380955,0.0,10592.047579285716,0.0
2025-08-28,0,79,13:10-13:20,1160.3480333333332,1348.6766261904759,0.8894500000000001,0.8667843749999999,92.68247142857149,519.7789684523805,0.0,0.0,0.0,95.64612142857118,0.0,10678.12908857143,0.0
2025-08-28,0,80,13:20-13:30,1174.19,1325.0732142857141,0.8994749999999999,0.8762178571428573,72.94125000000008,486.0867428571421,0.0,0.0,0.0,77.941964285714,0.0,10748.276856428573,0.0
2025-08-28,0,81,13:30-13:40,1158.2424833333332,1297.9436928571427,0.877,0.8519040178571428,107.05559285714276,544.2988684523806,0.0,0.0,0.0,32.64561666666668,0.0,10777.657911428572,0.0
2025-08-28,0,82,13:40-13:50,1139.5603999999998,1266.8956809523809,0.980225,0.9685066964285715,102.51073809523845,604.6564583333331,0.0,0.0,0.0,24.82454285714266,0.0,10800.0,0.0
2025-08-28,0,83,13:50-14:00,1154.71,1228.68125,1.1622750000000002,1.1700584821428577,89.86053571428545,648.6624267857142,0.0,0.0,0.0,0.0,15.889285714285506,10782.345238095239,0.0
2025-08-28,0,84,14:00-14:10,1209.5869833333331,1181.65125,1.1966999999999999,1.2031540178571427,61.865845238095375,710.3051499999997,0.0,0.0,0.0,0.0,89.80157857142854,10682.565706349207,0.0
2025-08-28,0,85,14:10-14:20,1199.2448833333333,1146.4750857142858,1.17665,1.1806750000000004,76.83054523809528,786.0526124999996,0.0,0.0,0.0,0.0,129.60034285714278,10538.565325396827,0.0
2025-08-28,0,86,14:20-14:30,1144.6999999999998,1120.675892857143,1.222725,1.2314513392857143,107.90791666666667,839.206477380952,0.0,0.0,0.0,0.0,131.93202380952334,10391.97418783069,0.0
2025-08-28,0,87,14:30-14:40,1164.55015,1081.408338095238,1.310475,1.3179566964285718,84.35801666666657,855.2270577380949,0.0,0.0,0.0,0.0,167.49982857142868,10205.86326719577,0.0
2025-08-28,0,88,14:40-14:50,1159.3552166666666,1038.8802285714285,1.0833249999999999,1.079904464285714,69.72756190476196,917.1293428571425,0.0,0.0,0.0,0.0,190.2025500000002,9994.527100529103,0.0
2025-08-28,0,89,14:50-15:00,1116.1933333333332,999.0133928571428,0.6987500000000001,0.6839116071428571,85.75732142857146,991.9611053571427,1036.2705952380952,1036.2705952380952,1036.2705952380952,833.3333333333333,0.0,10744.527100529103,0.0
2025-08-28,0,90,15:00-15:10,1134.8107333333332,956.5889261904761,0.6975999999999999,0.6840973214285714,84.74487142857123,1046.8990071428568,324.60323353909143,324.60323353909143,324.60323353909143,61.63655496766296,0.0,10800.0,0.0
2025-08-28,0,91,15:10-15:20,1193.8828833333332,913.0406190476189,0.78265,0.7725580357142855,79.73811190476192,1099.2727595238093,360.58037619047616,360.58037619047616,360.58037619047616,0.0,0.0,10800.0,0.0
2025-08-28,0,92,15:20-15:30,1220.2616666666665,866.0098214285714,0.7767,0.7662808035714288,72.08148809523794,1123.97602797619,426.33333333333314,426.33333333333314,426.33333333333314,0.0,0.0,10800.0,0.0
2025-08-28,0,93,15:30-15:40,1163.8479166666666,811.9593095238095,0.8048,0.7950245535714284,73.40465952380934,1120.9937511904755,425.29326666666657,425.29326666666657,425.29326666666657,0.0,0.0,10800.0,0.0
2025-08-28,0,94,15:40-15:50,1141.5635666666667,764.0984023809524,0.8572000000000001,0.8516982142857144,75.90453333333335,1155.001805357142,453.36969761904766,453.36969761904766,453.36969761904766,0.0,-0.0,10800.0,0.0
2025-08-28,0,95,15:50-16:00,1195.7116666666666,718.7937499999999,0.89495,0.8928214285714285,66.02458333333323,1253.2595738095235,542.9425,542.9425,542.9425,0.0,-0.0,10800.0,0.0
2025-08-28,0,96,16:00-16:10,1252.2290333333333,659.9299595238094,0.898575,0.8925767857142858,67.67130714285713,1401.1699607142855,659.970380952381,659.970380952381,659.970380952381,0.0,0.0,10800.0,0.0
2025-08-28,0,97,16:10-16:20,1241.9832999999999,604.857269047619,0.891775,0.886651339285714,71.45336666666674,1525.480824999999,708.5793976190475,708.5793976190475,708.5793976190475,0.0,0.0,10800.0,0.0
2025-08-28,0,98,16:20-16:30,1189.8183333333332,557.4723214285714,0.901975,0.9019830357142855,65.35190476190468,1563.181601785714,697.6979166666665,697.6979166666665,697.6979166666665,0.0,-0.0,10800.0,0.0
2025-08-28,0,99,16:30-16:40,1182.6867333333332,504.2066285714286,0.943475,0.9407294642857144,59.43301904761904,1649.0831607142857,737.9131238095238,737.9131238095238,737.9131238095238,0.0,-0.0,10800.0,0.0
2025-08-28,0,100,16:40-16:50,1191.2752166666667,449.59627380952384,1.003825,0.9996580357142856,52.735880952381024,1686.0548267857139,794.4148238095238,794.4148238095238,794.4148238095238,0.0,-0.0,10800.0,0.0
2025-08-28,0,101,16:50-17:00,1182.3183333333332,397.4419642857143,1.044275,1.0437696428571426,61.52309523809538,1712.3118351190476,846.3994642857142,846.3994642857142,846.3994642857142,0.0,-0.0,10800.0,0.0
2025-08-28,0,102,17:00-17:10,1155.6083333333331,346.68143095238094,1.036275,1.0387816964285717,56.367876190476295,1761.5581910714286,865.2947785714284,865.2947785714284,865.2947785714284,0.0,0.0,10800.0,0.0
2025-08-28,0,103,17:10-17:20,1139.1474666666666,298.6545404761904,1.065475,1.0704406249999998,42.002761904761826,1842.2440642857139,882.495688095238,882.495688095238,882.495688095238,-0.0,0.0,10800.0,0.0
2025-08-28,0,104,17:20-17:30,1178.0833333333333,251.6928571428571,1.12295,1.1302629464285714,56.66851190476177,1902.1368869047617,983.058988095238,983.058988095238,983.058988095238,0.0,0.0,10800.0,0.0
2025-08-28,0,105,17:30-17:40,1263.6897333333332,201.95360476190478,1.1276499999999998,1.1367357142857144,52.02547619047618,1905.8359017857138,1113.7616047619044,1113.7616047619044,1113.7616047619044,0.0,0.0,10800.0,0.0
2025-08-28,0,106,17:40-17:50,1148.3162833333333,151.51444523809522,1.1963499999999998,1.207647767857143,50.30844047619041,1895.6528410714277,1047.1102785714286,1047.1102785714286,1047.1102785714286,0.0,0.0,10800.0,0.0
2025-08-28,0,107,17:50-18:00,936.0266666666666,102.62053571428572,1.322825,1.3351870535714283,42.370119047619255,1850.3267767857133,875.7762500000001,875.7762500000001,875.7762500000001,0.0,0.0,10800.0,0.0
2025-08-28,0,108,18:00-18:10,977.0698166666666,57.10319285714286,1.370625,1.3810410714285717,48.50300238095258,1765.751803571428,968.4696261904764,968.4696261904764,968.4696261904764,0.0,0.0,10800.0,0.0
2025-08-28,0,109,18:10-18:20,978.1689666666666,20.568671428571427,1.37595,1.3895977678571427,48.780899999999974,1783.0597392857128,1006.3811952380952,1006.3811952380952,1006.3811952380952,0.0,0.0,10800.0,0.0
2025-08-28,0,110,18:20-18:30,889.4683333333334,0.0,1.37415,1.3903888392857147,51.031785714285775,1859.505845238094,940.5001190476191,940.5001190476191,940.5001190476191,0.0,0.0,10800.0,0.0
2025-08-28,0,111,18:30-18:40,952.5656999999999,0.0,1.3765999999999998,1.3825491071428568,34.090173809523776,1841.0767678571417,986.6558738095237,986.6558738095237,986.6558738095237,0.0,0.0,10800.0,0.0
2025-08-28,0,112,18:40-18:50,953.3742166666666,0.6833333333333332,1.473425,1.4826504464285717,42.01662619047613,1753.9069071428562,994.7075095238094,994.7075095238094,994.7075095238094,0.0,-0.0,10800.0,0.0
2025-08-28,0,113,18:50-19:00,873.3799999999999,0.0,1.6159,1.6411772321428573,46.4433333333335,1733.0176303571423,919.8233333333334,919.8233333333334,919.8233333333334,0.0,0.0,10800.0,0.0
2025-08-28,0,114,19:00-19:10,921.7449499999999,0.0,1.649425,1.6756982142857135,32.66325000000006,1736.7308297619047,121.07486666666671,121.07486666666671,121.07486666666671,0.0,833.3333333333333,9874.074074074075,0.0
2025-08-28,0,115,19:10-19:20,969.2830666666666,0.04906190476190476,1.6316499999999998,1.655799553571428,41.89246666666668,1761.4776130952378,403.14060297618903,403.14060297618903,403.14060297618903,0.0,607.9858684523824,9198.534220238094,0.0
2025-08-28,0,116,19:20-19:30,955.6483333333333,0.0,1.6300750000000002,1.6559272321428569,53.0,1800.335897619047,175.31500000000005,175.31500000000005,175.31500000000005,0.0,833.3333333333333,8272.60829431217,0.0
2025-08-28,0,117,19:30-19:40,955.7531666666666,0.0,1.656175,1.681648214285714,41.328700000000026,1853.8029809523805,163.7485333333334,163.7485333333334,163.7485333333334,0.0,833.3333333333333,7346.682368386244,0.0
2025-08-28,0,118,19:40-19:50,958.8278833333334,0.0035214285714285703,1.676925,1.7035062499999996,21.771080952380885,1858.8833642857142,147.2621095238096,147.2621095238096,147.2621095238096,0.0,833.3333333333333,6420.756442460318,0.0
2025-08-28,0,119,19:50-20:00,949.0116666666665,0.0,1.6769500000000002,1.705404464285715,45.59833333333336,1800.8378458333332,161.27666666666664,161.27666666666664,161.27666666666664,0.0,833.3333333333333,5494.830516534392,0.0
2025-08-28,0,120,20:00-20:10,934.82235,0.0,1.663875,1.6901495535714288,41.277645238095374,1745.5986101190472,142.76666190476215,142.76666190476215,142.76666190476215,0.0,833.3333333333333,4568.904590608466,0.0
2025-08-28,0,121,20:10-20:20,947.78305,0.00023333333333333333,1.6281249999999998,1.6542446428571431,30.913238095237944,1686.8979428571429,978.6960547619046,978.6960547619046,978.6960547619046,0.0,0.0,4568.904590608466,0.0
2025-08-28,0,122,20:20-20:30,972.7349999999999,0.0,1.6334499999999998,1.6629696428571432,32.549999999999955,1606.0427428571425,171.9516666666666,171.9516666666666,171.9516666666666,0.0,833.3333333333333,3642.9786646825396,0.0
2025-08-28,0,123,20:30-20:40,964.2948833333332,0.0,1.711125,1.7413165178571426,36.6919095238095,1487.5781595238088,167.6534595238095,167.6534595238095,167.6534595238095,0.0,833.3333333333333,2717.0527387566135,0.0
2025-08-28,0,124,20:40-20:50,962.2860000000001,0.0,1.477875,1.4982709821428575,29.65729523809523,1365.347464880952,899.9749178571429,899.9749178571429,899.9749178571429,0.0,91.96837738095236,2614.8656527777775,0.0
2025-08-28,0,125,20:50-21:00,963.9366666666666,0.0,1.0718249999999998,1.0782285714285715,38.986666666666565,1273.3790874999995,1002.9233333333332,1002.9233333333332,1002.9233333333332,0.0,0.0,2614.8656527777775,0.0
2025-08-28,0,126,21:00-21:10,927.4863,0.0,1.03945,1.0424691964285713,39.47231666666676,1221.6786708333327,966.9586166666668,966.9586166666668,966.9586166666668,0.0,0.0,2614.8656527777775,0.0
2025-08-28,0,127,21:10-21:20,910.3244833333333,0.0,1.0732249999999999,1.0758066964285713,43.37746666666658,1131.0065749999997,953.7019499999999,953.7019499999999,953.7019499999999,0.0,0.0,2614.8656527777775,0.0
2025-08-28,0,128,21:20-21:30,932.165,0.0,1.0461749999999999,1.0472236607142857,45.85000000000002,1070.3593249999994,978.015,978.015,978.015,0.0,0.0,2614.8656527777775,0.0
2025-08-28,0,129,21:30-21:40,943.7743,0.0,1.1037,1.1057870535714283,32.79065000000003,1011.6339083333329,601.4429791666662,601.4429791666662,601.4429791666662,0.0,375.1219708333338,2198.063462962962,0.0
2025-08-28,0,130,21:40-21:50,877.99485,0.0,0.9016,0.9042651785714286,40.451233333333334,898.2571166666662,831.4339791666671,831.4339791666671,831.4339791666671,0.0,87.0121041666663,2101.383347222222,0.0
2025-08-28,0,131,21:50-22:00,781.68,0.0,0.547925,0.5503482142857143,70.71333333333348,811.2450124999996,852.3933333333334,852.3933333333334,852.3933333333334,0.0,0.0,2101.383347222222,0.0
2025-08-28,0,132,22:00-22:10,769.7448333333333,0.0,0.5341,0.5376986607142855,39.83843333333334,796.5616791666665,974.712880864198,974.712880864198,974.712880864198,165.12961419753134,0.0,2250.0,0.0
2025-08-28,0,133,22:10-22:20,762.6562333333333,0.0,0.5833,0.5850571428571428,33.92648333333341,707.2844499999999,796.5827166666667,796.5827166666667,796.5827166666667,0.0,0.0,2250.0,0.0
2025-08-28,0,134,22:20-22:30,733.2533333333333,0.0,0.54495,0.5426937500000002,61.058333333333394,598.8855666666667,794.3116666666667,794.3116666666667,794.3116666666667,0.0,0.0,2250.0,0.0
2025-08-28,0,135,22:30-22:40,734.6440666666667,0.0,0.548175,0.5461330357142857,45.70231666666655,565.7880666666667,780.3463833333333,780.3463833333333,780.3463833333333,0.0,0.0,2250.0,0.0
2025-08-28,0,136,22:40-22:50,734.0959666666665,0.0,0.5448999999999999,0.5475683035714286,30.02209999999991,512.5001583333333,764.1180666666664,764.1180666666664,764.1180666666664,0.0,0.0,2250.0,0.0
2025-08-28,0,137,22:50-23:00,726.3316666666666,0.0,0.5253249999999999,0.5315437500000001,47.29333333333341,429.3226416666665,1606.9583333333333,1606.9583333333333,1606.9583333333333,833.3333333333333,0.0,3000.0,0.0
2025-08-28,0,138,23:00-23:10,739.3275333333332,0.0,0.53865,0.5409625,36.30600000000004,368.7001416666665,775.6335333333333,775.6335333333333,775.6335333333333,0.0,0.0,3000.0,0.0
2025-08-28,0,139,23:10-23:20,736.8146333333334,0.0,0.5296,0.5287575892857143,52.14070000000015,318.38112916666665,1622.2886666666668,1622.2886666666668,1622.2886666666668,833.3333333333333,0.0,3750.0,0.0
2025-08-28,0,140,23:20-23:30,731.7916666666666,0.0,0.511175,0.5116263392857142,31.26333333333332,236.40139166666683,1596.3883333333333,1596.3883333333333,1596.3883333333333,833.3333333333333,0.0,4500.0,0.0
2025-08-28,0,141,23:30-23:40,764.1927333333333,0.0,0.5471250000000001,0.549690625,39.13543333333325,137.9363708333334,803.3281666666666,803.3281666666666,803.3281666666666,0.0,0.0,4500.0,0.0
2025-08-28,0,142,23:40-23:50,724.6121166666667,0.0,0.52675,0.5318892857142857,44.04268333333334,79.66688750000009,1601.9881333333333,1601.9881333333333,1601.9881333333333,833.3333333333333,0.0,5250.0,0.0
2025-08-28,0,143,23:50-24:00,611.9516666666666,0.0,0.43945,0.4448325892857144,35.97833333333335,47.742500000000035,1481.2633333333333,1481.2633333333333,1481.2633333333333,833.3333333333333,0.0,6000.0,0.0
2025-08-29,0,0,0:00-0:10,550.1346166666666,0.0,0.3974,0.397080357142857,33.35500000000002,1539.6719142857132,583.4896166666666,583.4896166666666,583.4896166666666,0.0,0.0,7154.574091825394,0.0
2025-08-29,0,1,0:10-0:20,574.1519666666666,0.0,0.42419999999999997,0.4218245535714286,19.168733333333307,1544.45440595238,593.3206999999999,593.3206999999999,593.3206999999999,0.0,0.0,7154.574091825393,0.0
2025-08-29,0,2,0:20-0:30,614.3433333333332,0.0,0.46175,0.46441517857142867,34.164999999999964,1482.761909523809,0.0,0.0,0.0,0.0,648.5083333333332,6434.009277010578,0.0
2025-08-29,0,3,0:30-0:40,568.2525333333333,0.0,0.43355,0.4401450892857142,25.010700000000156,1446.0285761904756,0.0,0.0,0.0,0.0,593.2632333333335,5774.827906640208,0.0
2025-08-29,0,4,0:40-0:50,521.7545666666666,0.0,0.41685000000000005,0.4220357142857144,58.26478333333341,1439.3029577380944,580.01935,580.01935,580.01935,0.0,0.0,5774.827906640208,0.0
2025-08-29,0,5,0:50-1:00,523.9466666666666,0.0,0.43345,0.434569642857143,55.846666666666806,1422.1782160714283,0.0,0.0,0.0,0.0,579.7933333333334,5130.613091825393,0.0
2025-08-29,0,6,1:00-1:10,542.3548,0.0,0.4295,0.42986874999999974,58.9985999999999,1385.3749720238088,601.3533999999999,601.3533999999999,601.3533999999999,0.0,0.0,5130.613091825393,0.0
2025-08-29,0,7,1:10-1:20,558.2227166666667,0.0,0.42627499999999996,0.42531964285714274,46.633050000000026,1403.774516071428,604.8557666666667,604.8557666666667,604.8557666666667,0.0,0.0,5130.613091825393,0.0
2025-08-29,0,8,1:20-1:30,580.0933333333332,0.0,0.436275,0.43425089285714275,45.601666666666574,1421.407930357142,62.331786404764784,62.331786404764784,62.331786404764784,0.0,563.363213595235,4504.653965608465,0.0
2025-08-29,0,9,1:30-1:40,617.3061333333333,0.0,0.443025,0.4445120535714286,21.316350000000057,1419.8952273809518,0.0,0.0,0.0,0.0,638.6224833333333,3795.073428571428,0.0
2025-08-29,0,10,1:40-1:50,595.8641666666666,0.0,0.428375,0.42806116071428574,27.274700000000166,1377.8922934523807,623.1388666666668,623.1388666666668,623.1388666666668,0.0,0.0,3795.073428571428,0.0
2025-08-29,0,11,1:50-2:00,539.6949999999999,0.0,0.40795000000000003,0.4026218750000001,35.74166666666656,1375.7006839285714,575.4366666666665,575.4366666666665,575.4366666666665,0.0,0.0,3795.073428571428,0.0
2025-08-29,0,12,2:00-2:10,549.45535,0.0,0.4151,0.41354151785714294,43.66641666666669,1394.4842833333328,593.1217666666666,593.1217666666666,593.1217666666666,0.0,0.0,3795.073428571428,0.0
2025-08-29,0,13,2:10-2:20,560.4449999999999,0.0,0.42060000000000003,0.42114732142857153,51.78525000000013,1373.185816666666,612.2302500000001,612.2302500000001,612.2302500000001,0.0,0.0,3795.073428571428,0.0
2025-08-29,0,14,2:20-2:30,551.0716666666666,0.0,0.41290000000000004,0.411767857142857,31.38333333333344,1365.8094029761894,582.455,582.455,582.455,0.0,0.0,3795.073428571428,0.0
2025-08-29,0,15,2:30-2:40,565.9141,0.0,0.40965,0.4115258928571429,35.61771666666675,1285.8472898809514,601.5318166666667,601.5318166666667,601.5318166666667,0.0,0.0,3795.073428571428,0.0
2025-08-29,0,16,2:40-2:50,573.31765,0.0,0.41252500000000003,0.41700401785714275,42.48096666666663,1182.303056547618,615.7986166666666,615.7986166666666,615.7986166666666,0.0,0.0,3795.073428571428,0.0
2025-08-29,0,17,2:50-3:00,569.46,0.0,0.42017499999999997,0.4233763392857143,53.508333333333326,1080.505685714285,622.9683333333334,622.9683333333334,622.9683333333334,0.0,0.0,3795.073428571428,0.0
2025-08-29,0,18,3:00-3:10,580.00325,0.0,0.428375,0.428484375,47.362916666666706,1011.3185642857134,627.3661666666667,627.3661666666667,627.3661666666667,0.0,0.0,3795.073428571428,0.0
2025-08-29,0,19,3:10-3:20,560.30675,0.0,0.416625,0.4155656250000001,41.07045000000005,945.7716845238086,601.3772,601.3772,601.3772,0.0,0.0,3795.073428571428,0.0
2025-08-29,0,20,3:20-3:30,517.9766666666667,0.0,0.3922,0.393115625,36.66166666666675,871.7956654761899,554.6383333333334,554.6383333333334,554.6383333333334,0.0,0.0,3795.073428571428,0.0
2025-08-29,0,21,3:30-3:40,516.7237166666666,0.00019523809523809522,0.38572500000000004,0.38929419642857155,44.70804047619049,766.9648321428567,561.4315619047619,561.4315619047619,561.4315619047619,0.0,0.0,3795.073428571428,0.0
2025-08-29,0,22,3:40-3:50,561.2964999999999,0.0,0.39345,0.39510982142857143,33.83775000000003,676.1891541666662,595.13425,595.13425,595.13425,0.0,0.0,3795.073428571428,0.0
2025-08-29,0,23,3:50-4:00,595.6949999999999,0.0,0.40465,0.4018169642857143,33.63166666666666,623.0253333333329,629.3266666666666,629.3266666666666,629.3266666666666,0.0,0.0,3795.073428571428,0.0
2025-08-29,0,24,4:00-4:10,556.3593166666667,0.0032238095238095233,0.410225,0.40772633928571417,41.3756309523809,586.1904309523802,597.7317238095238,597.7317238095238,597.7317238095238,0.0,0.0,3795.073428571428,0.0
2025-08-29,0,25,4:10-4:20,526.4929833333333,0.0,0.40142500000000003,0.4017160714285714,44.58967142857125,523.9513970238087,571.0826547619046,571.0826547619046,571.0826547619046,0.0,0.0,3795.073428571428,0.0
2025-08-29,0,26,4:20-4:30,536.9316666666666,0.0,0.39132500000000003,0.3919571428571428,50.98000000000002,452.68078095237996,587.9116666666666,587.9116666666666,587.9116666666666,0.0,0.0,3795.073428571428,0.0
2025-08-29,0,27,4:30-4:40,538.621,0.04491428571428571,0.40247499999999997,0.39886205357142857,38.857333333333486,402.8618142857137,577.4334190476192,577.4334190476192,577.4334190476192,0.0,0.0,3795.073428571428,0.0
2025-08-29,0,28,4:40-4:50,521.2155333333333,0.0,0.40695000000000003,0.4029763392857144,30.943016666666608,382.67472380952324,552.1585499999999,552.1585499999999,552.1585499999999,0.0,0.0,3795.073428571428,0.0
2025-08-29,0,29,4:50-5:00,486.0816666666666,0.0,0.38507500000000006,0.3839553571428573,53.129999999999995,443.5501029761896,539.2116666666666,539.2116666666666,539.2116666666666,0.0,0.0,3795.073428571428,0.0
2025-08-29,0,30,5:00-5:10,448.1248833333333,0.625547619047619,0.351375,0.3488901785714286,43.24483333333342,472.8711446428562,1324.0775023809524,1324.0775023809524,1324.0775023809524,833.3333333333333,0.0,4545.073428571428,0.0
2025-08-29,0,31,5:10-5:20,468.0133166666667,0.0,0.36860000000000004,0.372252232142857,39.41200238095246,436.4354619047615,507.42531904761915,507.42531904761915,507.42531904761915,0.0,0.0,4545.073428571428,0.0
2025-08-29,0,32,5:20-5:30,522.4916666666666,0.0,0.37827500000000003,0.3906174107142858,32.19148809523813,354.650359523809,554.6831547619047,554.6831547619047,554.6831547619047,0.0,0.0,4545.073428571428,0.0
2025-08-29,0,33,5:30-5:40,523.8829,18.857190476190475,0.29729999999999995,0.30365401785714274,38.50136190476178,304.1949874999995,1376.8604047619046,1376.8604047619046,1376.8604047619046,833.3333333333333,0.0,5295.073428571428,0.0
2025-08-29,0,34,5:40-5:50,506.4182833333333,52.53323809523809,0.45445,0.45886071428571434,41.840711904761974,257.5664928571424,0.0,0.0,0.0,0.0,495.7257571428572,4744.267031746031,0.0
2025-08-29,0,35,5:50-6:00,494.56,95.65714285714286,0.7494000000000001,0.7591495535714285,46.44345238095252,209.36518154761868,0.0,0.0,0.0,0.0,445.3463095238096,4249.437798941798,0.0
2025-08-29,0,36,6:00-6:10,479.579,144.39044761904762,0.7295,0.7364825892857141,44.40989523809526,177.07769642857124,0.0,0.0,0.0,0.0,379.5984476190476,3827.661746031745,0.0
2025-08-29,0,37,6:10-6:20,483.82939999999996,196.2871642857143,0.6519999999999999,0.6566491071428571,44.68705476190485,211.36918928571404,0.0,0.0,0.0,0.0,332.2292904761905,3458.5180899470893,0.0
2025-08-29,0,38,6:20-6:30,507.67999999999995,249.9446428571428,0.664625,0.6706732142857144,66.56880952380953,268.46977380952274,0.0,0.0,0.0,0.0,324.30416666666673,3098.180126984126,0.0
2025-08-29,0,39,6:30-6:40,527.0172333333333,304.2263285714286,0.658075,0.6630638392857142,53.21800238095244,393.0827827380942,0.0,0.0,0.0,0.0,276.008907142857,2791.5035634920628,0.0
2025-08-29,0,40,6:40-6:50,540.56805,356.3356380952381,0.662875,0.6658026785714287,52.342940476190506,522.6481041666658,0.0,0.0,0.0,0.0,236.57535238095238,2528.64206084656,0.0
2025-08-29,0,41,6:50-7:00,551.5333333333333,405.5294642857142,0.65985,0.6607013392857141,51.21244047619041,649.53234047619,0.0,0.0,0.0,0.0,197.2163095238095,2309.5128280423273,0.0
2025-08-29,0,42,7:00-7:10,558.0542833333333,453.5509452380952,0.5884,0.5865232142857143,47.0666190476191,716.6994089285711,0.0,0.0,0.0,0.0,151.56995714285722,2141.101764550264,0.0
2025-08-29,0,43,7:10-7:20,545.8914166666666,502.3016476190477,0.56625,0.5636214285714286,52.007376190476066,724.6306666666665,0.0,0.0,0.0,0.0,95.59714523809498,2034.882714285714,0.0
2025-08-29,0,44,7:20-7:30,533.795,556.3901785714286,0.573125,0.5693727678571427,46.04505952380953,727.6627166666663,0.0,0.0,0.0,0.0,23.44988095238091,2008.8272910052908,0.0
2025-08-29,0,45,7:30-7:40,558.8163166666666,618.1199952380952,0.5023500000000001,0.49222008928571437,53.598473809523796,727.9445619047617,0.0,0.0,0.0,5.705204761904358,0.0,2013.9619752910053,0.0
2025-08-29,0,46,7:40-7:50,587.9792166666666,671.0268523809523,0.6166750000000001,0.6028366071428571,44.87338809523817,691.3581934523805,0.0,0.0,0.0,38.174247619047534,0.0,2048.31879814815,0.0
2025-08-29,0,47,7:50-8:00,594.035,721.9401785714285,0.853475,0.8416008928571428,37.383273809523814,652.1836583333327,0.0,0.0,0.0,90.5219047619048,0.0,2129.7885124338645,0.0
2025-08-29,0,48,8:00-8:10,582.9761666666666,791.3435404761905,0.856625,0.8471763392857141,41.6133047619048,765.6810392857135,0.0,0.0,0.0,166.75406904761905,0.0,2279.8671745767215,0.0
2025-08-29,0,49,8:10-8:20,595.7605166666666,844.4625857142856,0.768,0.7562183035714287,65.50063095238113,773.4408083333324,0.0,0.0,0.0,183.2014380952379,0.0,2444.748468862436,0.0
2025-08-29,0,50,8:20-8:30,602.7416666666666,882.1428571428571,0.71715,0.7006125,79.59511904761922,778.5472297619049,0.0,0.0,0.0,199.80607142857139,-0.0,2624.57393314815,0.0
2025-08-29,0,51,8:30-8:40,547.6531833333333,937.6851595238093,0.694125,0.6774218749999996,67.61666904761915,793.6595214285717,0.0,0.0,0.0,322.41530714285705,0.0,2914.7477095767213,0.0
2025-08-29,0,52,8:40-8:50,574.6965833333334,977.4066119047617,0.69725,0.6813044642857145,74.07551428571415,785.4522059523814,0.0,0.0,0.0,328.6345142857142,-0.0,3210.518772433864,0.0
2025-08-29,0,53,8:50-9:00,665.3216666666666,999.5669642857142,0.707725,0.6915200892857144,100.00065476190468,709.1982470238097,0.0,0.0,0.0,-0.0,358.1088410238118,2812.6200601851842,0.0
2025-08-29,0,54,9:00-9:10,652.6523333333333,1039.3117999999997,0.69665,0.6806138392857142,72.9972857142856,656.1191434523805,0.0,0.0,0.0,-0.0,833.3333333333333,1886.6941342592586,0.0
2025-08-29,0,55,9:10-9:20,627.0236333333332,1083.3044142857143,0.676525,0.6582098214285715,59.667261904761894,618.0247208333328,0.0,0.0,0.0,-0.0,22.604848809523855,1861.5776355820099,0.0
2025-08-29,0,56,9:20-9:30,644.4916666666666,1126.3651785714285,0.646425,0.6238937499999999,74.32726190476183,595.419872023809,0.0,0.0,0.0,407.5462500000001,-0.0,2228.36926058201,0.0
2025-08-29,0,57,9:30-9:40,666.2493333333333,1179.8135904761903,0.614675,0.5913276785714288,88.59498571428566,564.607285714285,0.0,0.0,0.0,-0.0,357.39877738095294,1831.259507936507,0.0
2025-08-29,0,58,9:40-9:50,677.45445,1237.2623571428571,0.7125,0.6978598214285715,89.14932380952398,568.1335571428564,0.0,0.0,0.0,-0.0,15.638158928570919,1813.8837757936503,0.0
2025-08-29,0,59,9:50-10:00,663.4549999999999,1277.9169642857141,0.86435,0.8600446428571431,90.73761904761925,552.4953982142853,0.0,0.0,0.0,523.724345238095,0.0,2285.2356865079355,0.0
2025-08-29,0,60,10:00-10:10,623.9351333333333,1285.0430238095237,0.8480749999999999,0.841475892857143,63.02814999999987,497.6289714285718,0.0,0.0,0.0,598.0797404761904,0.0,2823.507452936507,0.0
2025-08-29,0,61,10:10-10:20,638.8446166666666,1295.3085976190473,0.80155,0.7960174107142858,77.93533571428577,409.94250238095276,0.0,0.0,0.0,0.0,833.3333333333333,1897.5815270105809,0.0
2025-08-29,0,62,10:20-10:30,700.8983333333333,1316.867857142857,0.831425,0.8340852678571432,93.69505952380928,401.92102916666624,0.0,0.0,0.0,522.2744642857144,0.0,2367.628544867724,0.0
2025-08-29,0,63,10:30-10:40,719.0235833333332,1326.9916285714285,0.8623249999999999,0.8663522321428572,94.77828333333318,397.4142892857136,0.0,0.0,0.0,2.26117467291612e-13,614.945983833333,1684.3552294973542,0.0
2025-08-29,0,64,10:40-10:50,696.6937666666665,1345.9840738095236,0.607375,0.6013343750000002,100.96065714285723,435.9197065476187,0.0,0.0,0.0,548.3296499999998,0.0,2177.8519144973543,0.0
2025-08-29,0,65,10:50-11:00,666.4733333333334,1375.3401785714286,0.230775,0.21118526785714284,130.39827380952374,351.6545583333332,0.0,0.0,0.0,-0.0,608.2344968571431,1502.0358068783064,0.0
2025-08-29,0,66,11:00-11:10,661.2044333333333,1394.4621238095235,0.20805,0.18466785714285713,130.50419761904777,271.8322261904758,0.0,0.0,0.0,602.7534928571419,0.0,2044.5139504497342,0.0
2025-08-29,0,67,11:10-11:20,695.3187166666667,1414.2628285714284,0.26197499999999996,0.23896964285714278,114.28470714285724,290.9911744047615,0.0,0.0,0.0,-0.0,218.8225863571418,1801.3777433862433,0.0
2025-08-29,0,68,11:20-11:30,723.4716666666666,1448.5607142857143,0.22162500000000002,0.19617857142857145,121.80767857142871,442.68101964285665,0.0,0.0,0.0,-0.0,0.0,1801.3777433862433,0.0
2025-08-29,0,69,11:30-11:40,683.8074333333334,1494.0643023809525,0.19215,0.16007455357142858,114.4623357142857,541.2399690476191,0.0,0.0,0.0,-0.0,92.82629880952454,1698.2374113756605,0.0
2025-08-29,0,70,11:40-11:50,664.04095,1503.110819047619,0.18224999999999997,0.14692948214285712,122.71997857142856,448.4136702380945,0.0,0.0,0.0,716.3498904761906,0.0,2342.952312804232,0.0
2025-08-29,0,71,11:50-12:00,678.6333333333333,1482.0625,0.172625,0.13898662499999997,143.75922619047623,418.64413869047485,0.0,0.0,0.0,659.6699404761905,-0.0,2936.6552592328035,0.0
2025-08-29,0,72,12:00-12:10,658.9743333333333,1484.196119047619,0.156075,0.12630896428571428,147.00539761904787,433.71943452380924,0.0,0.0,0.0,333.372535773076,0.0,3236.690541428572,0.0
2025-08-29,0,73,12:10-12:20,647.1024333333332,1490.905885714286,0.1733,0.1469379821428571,153.39800714285707,387.70948809523776,0.0,0.0,0.0,690.4054452380956,0.0,3858.055442142858,0.0
2025-08-29,0,74,12:20-12:30,666.7333333333333,1480.7642857142857,0.1899,0.16420358928571435,124.16422619047589,441.9237696428568,0.0,0.0,0.0,689.8667261904765,0.0,4478.935495714287,0.0
2025-08-29,0,75,12:30-12:40,690.9544666666667,1453.700392857143,0.15642499999999998,0.13012774999999996,150.2658380952383,393.7209720238089,0.0,0.0,0.0,612.4800880952379,-0.0,5030.167575000001,0.0
2025-08-29,0,76,12:40-12:50,681.8575166666667,1430.5845547619049,0.29560000000000003,0.2693866071428572,135.83731904761905,426.1231863095227,0.0,0.0,0.0,612.8897190476191,0.0,5581.768322142859,0.0
2025-08-29,0,77,12:50-13:00,660.4366666666666,1413.924107142857,0.5425249999999999,0.5205549107142857,85.72857142857137,522.9564869047609,0.0,0.0,0.0,667.7588690476191,0.0,6182.751304285716,0.0
2025-08-29,0,78,13:00-13:10,679.3844833333333,1388.54555,0.5869,0.56360625,107.1199952380952,509.39448392857014,0.0,0.0,0.0,602.0410714285716,0.0,6724.5882685714305,0.0
2025-08-29,0,79,13:10-13:20,677.96245,1361.7599309523807,0.5574,0.5326352678571429,92.68247142857149,529.0133511904752,0.0,0.0,0.0,591.1150095238092,-0.0,7256.5917771428585,0.0
2025-08-29,0,80,13:20-13:30,664.3783333333333,1335.6580357142857,0.553575,0.5289379464285713,81.31446428571451,474.73640773809484,0.0,0.0,0.0,589.965238095238,-0.0,7787.560491428572,0.0
2025-08-29,0,81,13:30-13:40,709.4758166666667,1304.3888761904761,0.562225,0.5374933035714284,109.1354261904763,544.7922458333328,0.0,0.0,0.0,485.77763333333314,0.0,8224.760361428573,0.0
2025-08-29,0,82,13:40-13:50,745.4282666666666,1274.06055,0.6814,0.6674526785714286,102.51073809523845,582.7713577380946,0.0,0.0,0.0,426.1215452380949,-0.0,8608.269752142858,0.0
2025-08-29,0,83,13:50-14:00,729.8433333333334,1238.674107142857,0.8547,0.8550892857142858,88.4495238095238,573.2546999999995,0.0,0.0,0.0,420.38124999999997,-0.0,8986.612877142858,0.0
2025-08-29,0,84,14:00-14:10,694.8059333333333,1187.693145238095,0.904475,0.9030915178571428,53.54273095238108,587.914521428571,0.0,0.0,0.0,439.3444809523805,0.0,9382.02291,0.0
2025-08-29,0,85,14:10-14:20,719.96525,1151.3979619047618,0.9011,0.8989330357142855,74.18846904761904,626.2937547619044,0.0,0.0,0.0,357.2442428571428,-0.0,9703.542728571429,0.0
2025-08-29,0,86,14:20-14:30,768.0933333333334,1127.0196428571426,0.9394750000000001,0.942513392857143,105.00380952380925,643.6109035714283,0.0,0.0,0.0,253.92249999999981,0.0,9932.072978571428,0.0
2025-08-29,0,87,14:30-14:40,728.2629833333333,1082.0144023809523,1.002025,1.0029839285714286,75.75640714285697,642.091261904762,0.0,0.0,0.0,277.9950119047621,0.0,10182.268489285714,0.0
2025-08-29,0,88,14:40-14:50,702.1139,1037.196780952381,0.801275,0.7929790178571425,65.62083333333322,627.9632791666667,0.0,0.0,0.0,269.4620476190478,0.0,10424.784332142857,0.0
2025-08-29,0,89,14:50-15:00,731.6383333333333,999.3375000000001,0.45875,0.44226785714285716,85.75732142857146,621.0409529761904,0.0,0.0,0.0,181.9418452380953,0.0,10588.531992857143,0.0
2025-08-29,0,90,15:00-15:10,755.5091666666667,953.9154142857142,0.41280000000000006,0.3977169642857144,84.74487142857123,661.6359565476196,0.0,0.0,0.0,113.66137619047618,0.0,10690.827231428571,0.0
2025-08-29,0,91,15:10-15:20,756.6795166666667,911.7774904761902,0.473725,0.4614000000000002,79.73811190476192,752.7051422619053,0.0,0.0,0.0,75.3598619047616,0.0,10758.651107142858,0.0
2025-08-29,0,92,15:20-15:30,747.9516666666666,869.7955357142855,0.49915000000000004,0.4863808035714286,75.90065476190489,835.5802571428578,0.0,0.0,0.0,45.94321428571402,0.0,10800.0,0.0
2025-08-29,0,93,15:30-15:40,748.7463333333333,812.8458690476191,0.536725,0.523928125,72.62148809523819,893.4427422619053,8.52195238095237,8.52195238095237,8.52195238095237,0.0,0.0,10800.0,0.0
2025-08-29,0,94,15:40-15:50,736.6175,759.1805261904761,0.5591250000000001,0.5510982142857144,74.44660714285692,1032.644368452382,51.883580952380726,51.883580952380726,51.883580952380726,0.0,0.0,10800.0,0.0
2025-08-29,0,95,15:50-16:00,718.4183333333333,709.7857142857142,0.565875,0.5628848214285715,75.39214285714263,1224.671094642858,84.0247619047617,84.0247619047617,84.0247619047617,0.0,0.0,10800.0,0.0
2025-08-29,0,96,16:00-16:10,730.7914333333333,648.5141642857143,0.59355,0.5873468749999999,65.57496190476195,1302.3865559523813,147.85223095238098,147.85223095238098,147.85223095238098,0.0,-0.0,10800.0,0.0
2025-08-29,0,97,16:10-16:20,769.1413166666666,593.036569047619,0.6371,0.6304428571428573,69.08969047619041,1418.435110119048,245.19443809523807,245.19443809523807,245.19443809523807,-0.0,0.0,10800.0,0.0
2025-08-29,0,98,16:20-16:30,805.3483333333334,547.1571428571428,0.6750250000000001,0.6721727678571431,62.45999999999992,1578.2615059523814,320.65119047619044,320.65119047619044,320.65119047619044,0.0,0.0,10800.0,0.0
2025-08-29,0,99,16:30-16:40,798.4286833333333,496.0742404761905,0.687225,0.6831691964285714,45.864145238095375,1702.5037083333339,348.2185880952382,348.2185880952382,348.2185880952382,0.0,0.0,10800.0,0.0
2025-08-29,0,100,16:40-16:50,711.7799666666666,440.9155095238094,0.68105,0.6762290178571428,49.07858571428574,1729.9270839285723,319.9430428571429,319.9430428571429,319.9430428571429,0.0,0.0,10800.0,0.0
2025-08-29,0,101,16:50-17:00,617.77,385.51964285714286,0.67885,0.6771415178571428,60.655178571428564,1753.5497922619056,292.9055357142857,292.9055357142857,292.9055357142857,0.0,0.0,10800.0,0.0
2025-08-29,0,102,17:00-17:10,638.3231666666666,332.46084761904757,0.704025,0.7067321428571427,57.71603809523805,1802.3665648809535,363.578357142857,363.578357142857,363.578357142857,0.0,0.0,10800.0,0.0
2025-08-29,0,103,17:10-17:20,667.6868,285.0727809523809,0.7496750000000001,0.7547892857142857,42.002761904761826,1842.2734535714299,424.6167809523809,424.6167809523809,424.6167809523809,0.0,0.0,10800.0,0.0
2025-08-29,0,104,17:20-17:30,656.5433333333333,240.9508928571428,0.7704,0.7757691964285713,56.66851190476177,1797.2995630952394,472.2609523809523,472.2609523809523,472.2609523809523,0.0,0.0,10800.0,0.0
2025-08-29,0,105,17:30-17:40,655.6281333333333,193.87951904761906,0.75015,0.7563669642857141,49.901130952381095,1804.9465071428585,511.6497452380953,511.6497452380953,511.6497452380953,0.0,0.0,10800.0,0.0
2025-08-29,0,106,17:40-17:50,658.8242499999999,146.05781904761903,0.9008749999999999,0.9097808035714285,47.6062071428571,1885.0013529761916,560.372638095238,560.372638095238,560.372638095238,-0.0,0.0,10800.0,0.0
2025-08-29,0,107,17:50-18:00,669.3133333333333,99.12946428571428,1.15635,1.16688125,35.00309523809511,1887.4455648809528,605.1869642857141,605.1869642857141,605.1869642857141,0.0,-0.0,10800.0,0.0
2025-08-29,0,108,18:00-18:10,698.92245,53.895799999999994,1.2211750000000001,1.2292084821428573,47.804733333333274,1812.9721035714288,692.8313833333333,692.8313833333333,692.8313833333333,0.0,-0.0,10800.0,0.0
2025-08-29,0,109,18:10-18:20,697.7110833333332,18.54846428571428,1.21865,1.230479017857143,46.36915714285726,1799.028173214286,725.5317761904762,725.5317761904762,725.5317761904762,0.0,0.0,10800.0,0.0
2025-08-29,0,110,18:20-18:30,662.1783333333333,0.0,1.22865,1.244296875,51.031785714285775,1823.6239226190478,713.2101190476191,713.2101190476191,713.2101190476191,0.0,0.0,10800.0,0.0
2025-08-29,0,111,18:30-18:40,646.9802666666667,0.0,1.222675,1.226938392857143,29.353599999999915,1840.186973214286,676.3338666666666,676.3338666666666,676.3338666666666,0.0,0.0,10800.0,0.0
2025-08-29,0,112,18:40-18:50,687.1106666666666,0.5999619047619047,1.33425,1.339430357142857,40.16247857142855,1812.2221511904768,726.6731833333332,726.6731833333332,726.6731833333332,0.0,0.0,10800.0,0.0
2025-08-29,0,113,18:50-19:00,728.35,0.0,1.491225,1.5112325892857144,46.4433333333335,1792.4997803571432,0.0,0.0,0.0,0.0,774.7933333333335,9939.118518518519,0.0
2025-08-29,0,114,19:00-19:10,683.5602999999999,0.0,1.471575,1.4938620535714289,31.84283333333326,1796.2129797619054,0.0,0.0,0.0,0.0,715.4031333333331,9144.22614814815,0.0
2025-08-29,0,115,19:10-19:20,661.9809333333333,0.043076190476190476,1.4371999999999998,1.457543303571428,41.47210476190469,1821.4543130952386,651.7255827380943,651.7255827380943,651.7255827380943,0.0,51.684379166667426,9086.799060185185,0.0
2025-08-29,0,116,19:20-19:30,677.0883333333334,0.0,1.4675,1.4879616071428572,52.0,1861.1530023809528,0.0,0.0,0.0,0.0,729.0883333333334,8276.700912037037,0.0
2025-08-29,0,117,19:30-19:40,644.1818666666666,0.0,1.4808750000000002,1.5002950892857148,40.38615238095235,1913.7200857142861,0.0,0.0,0.0,0.0,684.5680190476189,7516.069779761905,0.0
2025-08-29,0,118,19:40-19:50,661.1920333333333,0.0030904761904761895,1.475775,1.4959933035714281,19.089407142857,1919.740054761905,0.0,0.0,0.0,0.0,680.2783499999998,6760.204946428572,0.0
2025-08-29,0,119,19:50-20:00,696.6466666666666,0.0,1.4707499999999998,1.4932392857142853,45.59833333333336,1859.0128625000007,0.0,0.0,0.0,0.0,742.245,5935.488279761905,0.0
2025-08-29,0,120,20:00-20:10,625.7031833333333,0.0,1.47435,1.4968982142857141,34.31421666666665,1769.1690279761906,0.0,0.0,0.0,0.0,660.0174,5202.135613095238,0.0
2025-08-29,0,121,20:10-20:20,644.39105,0.00018571428571428572,1.46735,1.4909120535714286,29.86137857142853,1669.7364571428575,0.0,0.0,0.0,0.0,674.2522428571427,4452.96645436508,0.0
2025-08-29,0,122,20:20-20:30,751.1733333333333,0.0,1.4909,1.5161116071428573,31.649999999999864,1573.0934190476191,0.0,0.0,0.0,0.0,782.8233333333332,3583.162750661376,0.0
2025-08-29,0,123,20:30-20:40,736.8008666666666,0.0,1.55505,1.5778178571428572,32.67132619047618,1468.7288357142859,0.0,0.0,0.0,0.0,769.4721928571428,2728.1936474867725,0.0
2025-08-29,0,124,20:40-20:50,677.5958333333333,0.0,1.30175,1.3166678571428574,28.634299999999826,1375.3742827380952,621.4856089285711,621.4856089285711,621.4856089285711,0.0,84.74452440476206,2634.0330648148147,0.0
2025-08-29,0,125,20:50-21:00,667.8783333333333,0.0,0.8864,0.8921620535714282,38.54833333333329,1290.6297583333335,706.4266666666666,706.4266666666666,706.4266666666666,0.0,0.0,2634.0330648148147,0.0
2025-08-29,0,126,21:00-21:10,716.8812166666667,0.0,0.856975,0.8586308035714285,32.558966666666606,1221.8960083333332,749.4401833333333,749.4401833333333,749.4401833333333,0.0,0.0,2634.0330648148147,0.0
2025-08-29,0,127,21:10-21:20,725.0082833333332,0.0,0.9229,0.9230848214285716,35.80968333333328,1155.8015124999997,760.8179666666665,760.8179666666665,760.8179666666665,0.0,0.0,2634.0330648148147,0.0
2025-08-29,0,128,21:20-21:30,694.4849999999999,0.0,0.93395,0.9335294642857142,45.35833333333335,1100.1305916666665,739.8433333333332,739.8433333333332,739.8433333333332,0.0,0.0,2634.0330648148147,0.0
2025-08-29,0,129,21:30-21:40,706.8537666666666,0.0,0.9891999999999999,0.9897656249999998,32.79065000000003,1040.913508333333,376.55137500000023,376.55137500000023,376.55137500000023,0.0,363.0930416666664,2230.596351851852,0.0
2025-08-29,0,130,21:40-21:50,655.5713666666666,0.0,0.783025,0.7852080357142858,38.16666666666663,927.5367166666665,590.4877124999995,590.4877124999995,590.4877124999995,0.0,103.25032083333372,2115.873773148148,0.0
2025-08-29,0,131,21:50-22:00,574.0433333333333,0.0,0.43034999999999995,0.4334959821428571,70.71333333333348,824.2863958333332,1478.0900000000001,1478.0900000000001,1478.0900000000001,833.3333333333333,0.0,2865.873773148148,0.0
2025-08-29,0,132,22:00-22:10,616.5832,0.0,0.39587500000000003,0.398221875,35.68655000000001,796.9943125000001,1485.6030833333334,1485.6030833333334,1485.6030833333334,833.3333333333333,0.0,3615.873773148148,0.0
2025-08-29,0,133,22:10-22:20,671.9403833333333,0.0,0.45010000000000006,0.449594642857143,31.004216666666707,730.1276000000001,702.9446,702.9446,702.9446,0.0,0.0,3615.873773148148,0.0
2025-08-29,0,134,22:20-22:30,658.8699999999999,0.0,0.44035,0.43669821428571426,47.63499999999988,617.9474875000001,1539.8383333333331,1539.8383333333331,1539.8383333333331,833.3333333333333,0.0,4365.873773148148,0.0
2025-08-29,0,135,22:30-22:40,602.5939999999999,0.0,0.447925,0.4441959821428571,45.70231666666655,497.0291541666667,1481.6296499999999,1481.6296499999999,1481.6296499999999,833.3333333333333,0.0,5115.873773148148,0.0
2025-08-29,0,136,22:40-22:50,558.7508499999999,0.0,0.4657,0.4668754464285714,28.557000000000016,410.47425833333324,587.3078499999999,587.3078499999999,587.3078499999999,0.0,0.0,5115.873773148148,0.0
2025-08-29,0,137,22:50-23:00,553.48,0.0,0.47229999999999994,0.4779361607142855,47.29333333333341,366.3251166666664,600.7733333333334,600.7733333333334,600.7733333333334,0.0,0.0,5115.873773148148,0.0
2025-08-29,0,138,23:00-23:10,571.20565,0.0,0.461975,0.4635580357142855,34.991033333333235,361.5838666666666,606.1966833333332,606.1966833333332,606.1966833333332,0.0,0.0,5115.873773148148,0.0
2025-08-29,0,139,23:10-23:20,575.4093833333333,0.0,0.44942499999999996,0.4472879464285714,50.87993333333338,310.9153374999999,626.2893166666667,626.2893166666667,626.2893166666667,0.0,0.0,5115.873773148148,0.0
2025-08-29,0,140,23:20-23:30,566.4449999999999,0.0,0.443975,0.44275714285714285,31.163333333333412,223.00892083333332,1430.9416666666666,1430.9416666666666,1430.9416666666666,833.3333333333333,0.0,5865.873773148148,0.0
2025-08-29,0,141,23:30-23:40,572.2615833333333,0.0,0.4442,0.44488303571428567,37.25329999999997,140.29308750000007,758.5440242798356,758.5440242798356,758.5440242798356,149.0291409465024,0.0,6000.0,0.0
2025-08-29,0,142,23:40-23:50,566.4293,0.0,0.44732500000000003,0.45053125,44.04268333333334,64.49778333333344,610.4719833333334,610.4719833333334,610.4719833333334,0.0,0.0,6000.0,0.0
2025-08-29,0,143,23:50-24:00,555.9816666666666,0.0,0.449975,0.453628125,34.07999999999993,43.186250000000086,590.0616666666665,590.0616666666665,590.0616666666665,0.0,0.0,6000.0,0.0
2025-08-30,0,0,0:00-0:10,578.5316666666666,0.0,0.45104999999999995,0.44946607142857137,22.247500000000173,459.9910636904759,0.0,0.0,0.0,0.0,600.7791666666668,6645.493190866403,0.0
2025-08-30,0,1,0:10-0:20,604.8053,0.0,0.458425,0.45497276785714286,18.541450000000054,445.8955232142856,0.0,0.0,0.0,0.0,623.34675,5952.885690866403,0.0
2025-08-30,0,2,0:20-0:30,607.8566666666666,0.0,0.46387500000000004,0.465105357142857,33.446666666666715,435.5469565476189,0.0,0.0,0.0,0.0,641.3033333333333,5240.326431607144,0.0
2025-08-30,0,3,0:30-0:40,585.3687,0.0,0.4496,0.4541102678571428,21.91526666666664,438.200706547619,0.0,0.0,0.0,0.0,607.2839666666666,4565.5664686441805,0.0
2025-08-30,0,4,0:40-0:50,555.3383833333332,0.0,0.43187499999999995,0.43474732142857125,43.103083333333416,443.6234970238095,598.4414666666667,598.4414666666667,598.4414666666667,0.0,0.0,4565.5664686441805,0.0
2025-08-30,0,5,0:50-1:00,542.6099999999999,0.0,0.4257,0.4244794642857143,55.4283333333334,411.9732642857143,598.0383333333333,598.0383333333333,598.0383333333333,0.0,0.0,4565.5664686441805,0.0
2025-08-30,0,6,1:00-1:10,556.8507333333333,0.0,0.42967500000000003,0.4271937500000001,48.332333333333395,426.10617202380945,605.1830666666667,605.1830666666667,605.1830666666667,0.0,0.0,4565.5664686441805,0.0
2025-08-30,0,7,1:10-1:20,542.8508166666666,0.0,0.416425,0.41303080357142846,40.46873333333326,482.7937005952382,583.3195499999998,583.3195499999998,583.3195499999998,0.0,0.0,4565.5664686441805,0.0
2025-08-30,0,8,1:20-1:30,514.8483333333334,0.0,0.39599999999999996,0.39228526785714285,39.581666666666706,487.90119642857155,554.4300000000001,554.4300000000001,554.4300000000001,0.0,0.0,4565.5664686441805,0.0
2025-08-30,0,9,1:30-1:40,540.4031333333332,0.0,0.40655,0.40547410714285714,15.631066666666698,429.6376244047618,556.0341999999999,556.0341999999999,556.0341999999999,0.0,0.0,4565.5664686441805,0.0
2025-08-30,0,10,1:40-1:50,560.4268,0.0,0.42374999999999996,0.42100446428571425,26.641750000000002,411.6366238095238,587.06855,587.06855,587.06855,0.0,0.0,4565.5664686441805,0.0
2025-08-30,0,11,1:50-2:00,547.3766666666667,0.0,0.43,0.4232388392857143,29.56166666666661,416.45971190476195,576.9383333333333,576.9383333333333,576.9383333333333,0.0,0.0,4565.5664686441805,0.0
2025-08-30,0,12,2:00-2:10,535.9149833333333,0.0,0.4309,0.4271004464285714,36.257400000000075,422.9396624999999,572.1723833333334,572.1723833333334,572.1723833333334,0.0,0.0,4565.5664686441805,0.0
2025-08-30,0,13,2:10-2:20,550.8307333333332,0.0,0.433275,0.43158660714285724,40.53809999999987,418.8835791666669,591.3688333333331,591.3688333333331,591.3688333333331,0.0,0.0,4565.5664686441805,0.0
2025-08-30,0,14,2:20-2:30,566.0766666666666,0.0,0.43315,0.4310660714285714,27.286666666666633,408.1287541666667,593.3633333333332,593.3633333333332,593.3633333333332,0.0,0.0,4565.5664686441805,0.0
2025-08-30,0,15,2:30-2:40,533.4800833333334,0.0,0.42177499999999996,0.42285892857142865,35.336266666666575,371.67507976190456,568.8163499999999,568.8163499999999,568.8163499999999,0.0,0.0,4565.5664686441805,0.0
2025-08-30,0,16,2:40-2:50,505.7565333333333,0.0,0.413975,0.4169535714285715,41.6536000000001,358.5536714285712,547.4101333333334,547.4101333333334,547.4101333333334,0.0,0.0,4565.5664686441805,0.0
2025-08-30,0,17,2:50-3:00,532.6566666666666,0.0,0.41147500000000004,0.41249285714285716,53.26333333333332,334.55754226190464,585.92,585.92,585.92,0.0,0.0,4565.5664686441805,0.0
2025-08-30,0,18,3:00-3:10,600.1379833333333,0.0,0.4021,0.4000776785714287,43.1350666666666,338.24100892857143,643.2730499999999,643.2730499999999,643.2730499999999,0.0,0.0,4565.5664686441805,0.0
2025-08-30,0,19,3:10-3:20,563.7781,0.0,0.3939,0.3917026785714285,39.10005000000001,312.0409113095236,602.87815,602.87815,602.87815,0.0,0.0,4565.5664686441805,0.0
2025-08-30,0,20,3:20-3:30,473.22333333333336,0.0,0.39385000000000003,0.3941566964285715,35.80666666666673,299.11124166666673,509.0300000000001,509.0300000000001,509.0300000000001,0.0,0.0,4565.5664686441805,0.0
2025-08-30,0,21,3:30-3:40,518.14445,0.00014523809523809522,0.4011,0.4025776785714287,43.18496190476196,278.3520750000001,561.3292666666667,561.3292666666667,561.3292666666667,0.0,0.0,4565.5664686441805,0.0
2025-08-30,0,22,3:40-3:50,550.7752499999999,0.0,0.40885,0.40843749999999995,27.56894999999986,266.94507976190437,578.3441999999998,578.3441999999998,578.3441999999998,0.0,0.0,4565.5664686441805,0.0
2025-08-30,0,23,3:50-4:00,515.2666666666667,0.0,0.4012,0.397969642857143,31.23666666666668,222.73092559523764,546.5033333333333,546.5033333333333,546.5033333333333,0.0,0.0,4565.5664686441805,0.0
2025-08-30,0,24,4:00-4:10,508.24904999999995,0.0026666666666666666,0.369875,0.36694374999999996,37.03350000000023,196.89831488095203,545.2798833333335,545.2798833333335,545.2798833333335,0.0,0.0,4565.5664686441805,0.0
2025-08-30,0,25,4:10-4:20,521.39455,0.0,0.36365000000000003,0.36293348214285714,39.13878333333332,186.51693214285717,560.5333333333333,560.5333333333333,560.5333333333333,0.0,0.0,4565.5664686441805,0.0
2025-08-30,0,26,4:20-4:30,522.2316666666666,0.0,0.378375,0.3782549107142857,50.59333333333325,220.86920297618968,572.8249999999998,572.8249999999998,572.8249999999998,0.0,0.0,4565.5664686441805,0.0
2025-08-30,0,27,4:30-4:40,501.271,0.037142857142857144,0.3658,0.36245178571428577,28.97088571428577,339.5366583333324,629.9343896898856,629.9343896898856,629.9343896898856,99.72964683274262,0.0,4655.323150793649,0.0
2025-08-30,0,28,4:40-4:50,520.2073833333333,0.0,0.368875,0.36520758928571456,28.456164285714294,395.2843226190472,548.6635476190476,548.6635476190476,548.6635476190476,0.0,0.0,4655.323150793649,0.0
2025-08-30,0,29,4:50-5:00,556.0566666666666,0.0,0.38695,0.38507187499999995,49.468452380952385,453.68353749999955,605.525119047619,605.525119047619,605.525119047619,0.0,0.0,4655.323150793649,0.0
2025-08-30,0,30,5:00-5:10,522.7970666666666,0.5173238095238095,0.375675,0.37179598214285703,39.17452380952386,479.3430315476186,561.4542666666667,561.4542666666667,561.4542666666667,0.0,0.0,4655.323150793649,0.0
2025-08-30,0,31,5:10-5:20,489.02566666666667,0.0,0.3787,0.3809558035714287,38.76716428571433,446.6442357142856,527.792830952381,527.792830952381,527.792830952381,0.0,0.0,4655.323150793649,0.0
2025-08-30,0,32,5:20-5:30,495.9466666666666,0.0,0.36597500000000005,0.377694642857143,31.437083333333362,364.2142952380951,527.38375,527.38375,527.38375,0.0,0.0,4655.323150793649,0.0
2025-08-30,0,33,5:30-5:40,512.7907,16.118885714285714,0.296075,0.3032808035714285,37.54089285714281,313.0045184523808,1367.5460404761902,1367.5460404761902,1367.5460404761902,833.3333333333333,0.0,5405.323150793649,0.0
2025-08-30,0,34,5:40-5:50,492.52624999999995,47.50739523809524,0.44839999999999997,0.4538830357142855,40.94563095238095,265.4155547619048,0.0,0.0,0.0,0.0,485.9644857142856,4865.36261111111,0.0
2025-08-30,0,35,5:50-6:00,451.67833333333334,89.74732142857142,0.7228,0.7326066964285712,42.74077380952383,216.31916249999998,0.0,0.0,0.0,0.0,404.67178571428576,4415.7272936507925,0.0
2025-08-30,0,36,6:00-6:10,452.9851,137.09444761904763,0.71805,0.7248147321428567,44.40989523809526,221.9671809523814,0.0,0.0,0.0,0.0,360.3005476190476,4015.393351851851,0.0
2025-08-30,0,37,6:10-6:20,476.77894999999995,186.47949285714287,0.660725,0.6656169642857142,44.68705476190485,228.0529446428576,0.0,0.0,0.0,0.0,334.98651190476187,3643.1861164021157,0.0
2025-08-30,0,38,6:20-6:30,488.3566666666666,237.54999999999998,0.666625,0.672990625,66.56880952380953,261.31148095238035,0.0,0.0,0.0,0.0,317.3754761904762,3290.546698412698,0.0
2025-08-30,0,39,6:30-6:40,479.93448333333333,290.59746666666666,0.62425,0.6283767857142853,49.96669999999983,385.9244898809517,0.0,0.0,0.0,0.0,239.3037166666665,3024.6536798941793,0.0
2025-08-30,0,40,6:40-6:50,521.1705999999999,340.68721190476185,0.599325,0.6013638392857142,51.98639761904764,512.2385089285706,0.0,0.0,0.0,0.0,232.46978571428576,2766.3539179894174,0.0
2025-08-30,0,41,6:50-7:00,586.52,388.4625,0.617775,0.6191754464285715,52.93553571428572,638.7662023809521,0.0,0.0,0.0,0.0,250.99303571428572,2487.4727671957667,0.0
2025-08-30,0,42,7:00-7:10,579.87605,439.0339261904762,0.626575,0.6260178571428571,49.418835714285706,707.6563660714282,0.0,0.0,0.0,0.0,190.26095952380945,2276.0717010582007,0.0
2025-08-30,0,43,7:10-7:20,576.1453333333333,488.1756571428571,0.6045750000000001,0.6030776785714288,56.911866666666555,717.9398404761904,0.0,0.0,0.0,0.0,144.88154285714273,2115.0922089947085,0.0
2025-08-30,0,44,7:20-7:30,586.8966666666666,538.8330357142856,0.5425249999999999,0.53910625,47.7030952380951,725.8763809523807,0.0,0.0,0.0,0.0,95.7667261904761,2008.6847354497352,0.0
2025-08-30,0,45,7:30-7:40,552.4684166666666,597.6771285714286,0.48000000000000004,0.46954062499999993,54.68770238095232,727.8162619047616,0.0,0.0,0.0,0.0,28.44514404763643,1977.0790198412503,0.0
2025-08-30,0,46,7:40-7:50,552.42595,649.1462404761904,0.623575,0.6104299107142855,44.87338809523817,691.5645982142852,0.0,0.0,0.0,0.0,0.0,1977.0790198412503,0.0
2025-08-30,0,47,7:50-8:00,582.9266666666666,699.0651785714286,0.849775,0.8397549107142857,37.383273809523814,649.6654797619037,0.0,0.0,0.0,78.75523809523827,-0.0,2047.9587341269648,0.0
2025-08-30,0,48,8:00-8:10,557.5409999999999,767.0107238095239,0.8104,0.8010633928571426,41.41404285714299,763.1628607142845,0.0,0.0,0.0,9.702222222221751,0.0,2056.6907341269643,0.0
2025-08-30,0,49,8:10-8:20,533.9869833333332,821.2832642857143,0.73275,0.7203861607142859,65.50063095238113,771.021660714285,0.0,0.0,0.0,8.261252204576866,0.0,2064.1258611110948,0.0
2025-08-30,0,50,8:20-8:30,537.2149999999999,860.6491071428572,0.7237500000000001,0.7079883928571432,78.83345238095251,777.7132750000003,0.0,0.0,0.0,17.716820987653936,0.0,2080.0710000000004,0.0
2025-08-30,0,51,8:30-8:40,541.0547166666666,912.8327357142855,0.67685,0.6613428571428572,67.61666904761915,792.0639000000004,0.0,0.0,0.0,304.16134999999963,0.0,2353.8162150000003,0.0
2025-08-30,0,52,8:40-8:50,591.1822,949.0914738095237,0.6954000000000001,0.6800910714285714,74.07551428571415,782.7997892857147,0.0,0.0,0.0,283.833759523809,-0.0,2609.2665985714284,0.0
2025-08-30,0,53,8:50-9:00,657.9,972.2526785714285,0.7489750000000001,0.7328749999999999,100.00065476190468,706.545830357143,0.0,0.0,0.0,214.35202380952387,0.0,2802.183419999999,0.0
2025-08-30,0,54,9:00-9:10,656.8154666666667,1017.871469047619,0.69145,0.675877232142857,72.9972857142856,653.466726785714,0.0,0.0,0.0,-0.0,825.0075809761896,1885.5083300264548,0.0
2025-08-30,0,55,9:10-9:20,657.39645,1068.8258285714287,0.66155,0.6442772321428573,59.667261904761894,616.9574970238093,0.0,0.0,0.0,181.92421463844798,0.0,2049.240123201058,0.0
2025-08-30,0,56,9:20-9:30,682.5783333333333,1118.7714285714285,0.6674,0.6466200892857142,74.32726190476183,594.3526482142855,0.0,0.0,0.0,361.8658333333335,-0.0,2374.919373201058,0.0
2025-08-30,0,57,9:30-9:40,685.8424333333334,1178.553557142857,0.60205,0.5813816964285715,88.59498571428566,563.5400619047615,0.0,0.0,0.0,404.11613809523806,0.0,2738.6238974867724,0.0
2025-08-30,0,58,9:40-9:50,685.6935,1230.5743023809523,0.697525,0.6838473214285716,89.14932380952398,567.0663333333329,0.0,0.0,0.0,-0.0,833.3333333333333,1812.6979715608463,0.0
2025-08-30,0,59,9:50-10:00,688.5616666666666,1263.8562499999998,0.8946000000000001,0.8872526785714288,90.73761904761925,551.4281744047618,0.0,0.0,0.0,484.556964285714,0.0,2248.7992394179887,0.0
2025-08-30,0,60,10:00-10:10,677.82565,1282.144411904762,0.8799750000000001,0.8678191964285717,63.02814999999987,497.3621654761909,0.0,0.0,0.0,-0.0,534.2436190476179,1655.1952182539687,0.0
2025-08-30,0,61,10:10-10:20,661.8345333333333,1292.086233333333,0.827925,0.8172343749999998,77.93533571428577,409.6756964285719,0.0,0.0,0.0,552.3163642857139,0.0,2152.2799461111113,0.0
2025-08-30,0,62,10:20-10:30,657.1533333333333,1301.1955357142856,0.8649000000000001,0.8639169642857141,93.69505952380928,406.0820904761905,0.0,0.0,0.0,-0.0,456.2026276904767,1645.3881375661372,0.0
2025-08-30,0,63,10:30-10:40,674.4033499999999,1316.4195857142859,0.8920250000000001,0.8921214285714285,94.77828333333318,400.8493238095235,0.0,0.0,0.0,43.02887933568533,-0.0,1684.114128968254,0.0
2025-08-30,0,64,10:40-10:50,693.8293666666666,1340.7770523809522,0.6280749999999999,0.6188044642857143,100.96065714285723,435.70271607142854,0.0,0.0,0.0,-0.0,85.6437791666666,1588.9543743386243,0.0
2025-08-30,0,65,10:50-11:00,688.1783333333333,1365.292857142857,0.23695,0.21647321428571428,130.39827380952374,350.05893690476205,0.0,0.0,0.0,-0.0,73.77237857142849,1506.985064814815,0.0
2025-08-30,0,66,11:00-11:10,650.0266833333333,1378.079538095238,0.18917499999999998,0.16667146428571428,131.57142142857128,276.28655833333335,0.0,0.0,0.0,24.20668283362611,-0.0,1528.7710793650785,0.0
2025-08-30,0,67,11:10-11:20,646.85935,1398.8332261904761,0.2364,0.21371473214285716,114.28470714285724,295.8939714285706,0.0,0.0,0.0,210.48958186361006,0.0,1718.2117030423276,0.0
2025-08-30,0,68,11:20-11:30,674.9833333333333,1437.057142857143,0.21137499999999998,0.18605133928571432,121.80767857142871,466.3905327380948,0.0,0.0,0.0,104.45021310993579,0.0,1812.2168948412698,0.0
2025-08-30,0,69,11:30-11:40,665.8089833333333,1478.316283333333,0.194775,0.16498258928571435,116.41320714285746,550.9952053571428,0.0,0.0,0.0,470.7212509700154,0.0,2235.8660207142834,0.0
2025-08-30,0,70,11:40-11:50,650.3542666666666,1487.3965452380953,0.19377499999999998,0.16191742857142857,123.18099047619074,457.87552083333304,0.0,0.0,0.0,713.861288095238,0.0,2878.3411799999976,0.0
2025-08-30,0,71,11:50-12:00,675.9433333333333,1472.6571428571426,0.19920000000000002,0.1682665178571428,143.75922619047623,431.92769166666676,0.0,0.0,0.0,652.9545833333331,-0.0,3466.0003049999973,0.0
2025-08-30,0,72,12:00-12:10,745.87185,1476.2039476190475,0.20579999999999998,0.17750312500000004,146.70710476190465,437.6303922619052,0.0,0.0,0.0,583.6249928571428,0.0,3991.2627985714257,0.0
2025-08-30,0,73,12:10-12:20,733.5780500000001,1481.6750214285714,0.20439999999999997,0.17925224999999997,153.39800714285707,410.7362190476196,0.0,0.0,0.0,594.6989642857144,-0.0,4526.491866428569,0.0
2025-08-30,0,74,12:20-12:30,660.375,1476.1482142857144,0.18475,0.16135626785714283,124.16422619047589,464.9505005952386,0.0,0.0,0.0,691.6089880952385,0.0,5148.939955714283,0.0
2025-08-30,0,75,12:30-12:40,668.7973166666666,1463.2632428571428,0.173775,0.14833576785714295,150.2658380952383,416.74770297619074,0.0,0.0,0.0,644.200088095238,-0.0,5728.720034999998,0.0
2025-08-30,0,76,12:40-12:50,670.3806666666667,1439.0631714285714,0.3327,0.3074633928571428,135.83731904761905,471.50789226190386,0.0,0.0,0.0,632.8451857142857,0.0,6298.280702142855,0.0
2025-08-30,0,77,12:50-13:00,631.8283333333333,1409.2651785714288,0.57385,0.5518758928571429,88.58726190476182,553.4358761904759,0.0,0.0,0.0,688.8495833333337,0.0,6918.245327142856,0.0
2025-08-30,0,78,13:00-13:10,627.9991833333333,1386.7407785714286,0.6316499999999999,0.608361607142857,107.1199952380952,542.7325636904754,0.0,0.0,0.0,651.6216000000001,0.0,7504.704767142855,0.0
2025-08-30,0,79,13:10-13:20,701.8584333333333,1366.049752380952,0.649825,0.6254316964285715,92.68247142857149,564.6153309523806,0.0,0.0,0.0,571.5088476190472,0.0,8019.062729999998,0.0
2025-08-30,0,80,13:20-13:30,775.1016666666666,1341.1741071428573,0.664275,0.640116964285714,72.94125000000008,531.0727803571433,0.0,0.0,0.0,493.1311904761907,0.0,8462.88080142857,0.0
2025-08-30,0,81,13:30-13:40,723.1192333333333,1311.6646428571428,0.588175,0.5633517857142855,93.5759047619046,466.1267613095234,0.0,0.0,0.0,494.96950476190494,-0.0,8908.353355714284,0.0
2025-08-30,0,82,13:40-13:50,678.0023166666666,1282.2376333333336,0.679375,0.6628258928571428,101.63007619047607,457.9458630952374,0.0,0.0,0.0,502.60524047619094,-0.0,9360.698072142855,0.0
2025-08-30,0,83,13:50-14:00,695.9133333333332,1245.4017857142858,0.890625,0.8856232142857146,87.37750000000005,509.63223333333247,0.0,0.0,0.0,462.1109523809526,-0.0,9776.597929285712,0.0
2025-08-30,0,84,14:00-14:10,706.9521833333333,1191.8638380952382,0.901025,0.8944312499999997,53.54273095238108,567.8463255952371,0.0,0.0,0.0,431.3689238095238,-0.0,10164.829960714284,0.0
2025-08-30,0,85,14:10-14:20,702.8394333333333,1156.8054857142859,0.862225,0.8551633928571433,74.18846904761904,583.6048249999993,0.0,0.0,0.0,379.7775833333335,-0.0,10506.629785714284,0.0
2025-08-30,0,86,14:20-14:30,704.31,1138.1848214285712,0.913875,0.9110727678571431,107.90791666666667,590.1330559523802,0.0,0.0,0.0,325.9669047619046,-0.0,10800.0,0.0
2025-08-30,0,87,14:30-14:40,731.5869833333333,1099.5251785714283,0.9950999999999999,0.9897763392857136,73.68388333333328,568.0993970238083,0.0,0.0,0.0,-0.0,729.4082265,9989.546415,0.0
2025-08-30,0,88,14:40-14:50,755.1571,1059.2868642857143,0.803775,0.7915276785714288,64.91905952380972,525.625663690475,0.0,0.0,0.0,239.21070476190448,0.0,10204.836049285715,0.0
2025-08-30,0,89,14:50-15:00,745.1033333333332,1020.9705357142857,0.460075,0.4431366071428573,85.75732142857146,558.8629583333333,0.0,0.0,0.0,190.109880952381,0.0,10375.934942142858,0.0
2025-08-30,0,90,15:00-15:10,698.4234166666666,967.4442047619048,0.40435,0.38926874999999994,84.74487142857123,583.3944613095236,0.0,0.0,0.0,184.27591666666694,0.0,10541.783267142859,0.0
2025-08-30,0,91,15:10-15:20,669.4113,915.004111904762,0.4448,0.4312334821428572,75.5224642857143,547.4384726190474,0.0,0.0,0.0,170.07034761904777,0.0,10694.846580000001,0.0
2025-08-30,0,92,15:20-15:30,687.6183333333333,867.0562500000001,0.46315,0.4483691964285713,72.08148809523794,454.2572398809522,0.0,0.0,0.0,107.35642857142875,0.0,10791.467365714287,0.0
2025-08-30,0,93,15:30-15:40,736.3154999999999,811.1324166666665,0.53645,0.5222491071428572,65.33621190476212,386.22066249999966,0.0,0.0,0.0,9.480704761904462,0.0,10800.0,0.0
2025-08-30,0,94,15:40-15:50,770.46975,756.9064023809522,0.58005,0.5707656249999998,72.58580000000006,407.08496666666633,86.14914761904788,86.14914761904788,86.14914761904788,0.0,0.0,10800.0,0.0
2025-08-30,0,95,15:50-16:00,763.0933333333334,705.3741071428572,0.5855,0.5810656249999998,66.02458333333323,467.2168327380954,123.74380952380943,123.74380952380943,123.74380952380943,0.0,0.0,10800.0,0.0
2025-08-30,0,96,16:00-16:10,726.2154,647.5352928571428,0.6248750000000001,0.6185638392857146,62.18297619047621,583.5418922619051,140.8630833333334,140.8630833333334,140.8630833333334,0.0,-0.0,10800.0,0.0
2025-08-30,0,97,16:10-16:20,725.7045666666666,591.7961404761905,0.623225,0.6175839285714286,69.08969047619041,600.9248375000003,202.99811666666642,202.99811666666642,202.99811666666642,0.0,0.0,10800.0,0.0
2025-08-30,0,98,16:20-16:30,762.0466666666666,541.7330357142857,0.6083,0.6060598214285713,62.45999999999992,594.3999976190478,282.7736309523808,282.7736309523808,282.7736309523808,0.0,0.0,10800.0,0.0
2025-08-30,0,99,16:30-16:40,765.8619333333332,491.8442928571428,0.68555,0.6806544642857143,41.695692857142944,617.7526761904761,315.71333333333337,315.71333333333337,315.71333333333337,-0.0,0.0,10800.0,0.0
2025-08-30,0,100,16:40-16:50,705.5651166666667,437.89767142857147,0.7171500000000001,0.7111959821428572,44.19143809523817,590.1883785714286,311.8588833333333,311.8588833333333,311.8588833333333,0.0,0.0,10800.0,0.0
2025-08-30,0,101,16:50-17:00,627.48,381.1071428571429,0.6832750000000001,0.6813709821428572,60.655178571428564,554.0030142857146,307.0280357142857,307.0280357142857,307.0280357142857,0.0,0.0,10800.0,0.0
2025-08-30,0,102,17:00-17:10,618.1518333333333,327.0113071428571,0.705225,0.707795982142857,56.367876190476295,605.1169875000002,347.50840238095253,347.50840238095253,347.50840238095253,0.0,0.0,10800.0,0.0
2025-08-30,0,103,17:10-17:20,654.1872833333333,278.18763809523807,0.748,0.7516093749999999,40.876966666666476,561.467241666667,416.8766119047617,416.8766119047617,416.8766119047617,0.0,0.0,10800.0,0.0
2025-08-30,0,104,17:20-17:30,674.035,232.89910714285716,0.75565,0.7585013392857141,54.456547619047626,552.3571589285712,495.5924404761905,495.5924404761905,495.5924404761905,0.0,0.0,10800.0,0.0
2025-08-30,0,105,17:30-17:40,637.7836333333332,186.93808095238094,0.7435750000000001,0.7488678571428575,46.179061904761966,548.5432559523811,497.0246142857143,497.0246142857143,497.0246142857143,0.0,0.0,10800.0,0.0
2025-08-30,0,106,17:40-17:50,627.36875,140.27414047619044,0.9174000000000001,0.9261866071428573,47.50644999999997,589.681705952381,534.6010595238095,534.6010595238095,534.6010595238095,0.0,0.0,10800.0,0.0
2025-08-30,0,107,17:50-18:00,654.3966666666666,93.58839285714285,1.181825,1.191703571428572,33.857499999999845,574.9917809523811,594.6657738095237,594.6657738095237,594.6657738095237,0.0,-0.0,10800.0,0.0
2025-08-30,0,108,18:00-18:10,653.2315166666666,49.044838095238084,1.2208999999999999,1.2289678571428568,40.22032619047616,555.6565089285714,644.4070047619047,644.4070047619047,644.4070047619047,0.0,-0.0,10800.0,0.0
2025-08-30,0,109,18:10-18:20,651.17785,15.981721428571426,1.219425,1.2311763392857142,37.99512380952376,499.1049238095238,673.1912523809524,673.1912523809524,673.1912523809524,0.0,0.0,10800.0,0.0
2025-08-30,0,110,18:20-18:30,661.3933333333333,0.0,1.254425,1.2688959821428571,50.26946428571421,490.14950535714297,711.6627976190475,711.6627976190475,711.6627976190475,0.0,-0.0,10800.0,0.0
2025-08-30,0,111,18:30-18:40,667.2336333333333,0.0,1.233925,1.2366120535714287,29.353599999999915,526.744438095238,696.5872333333332,696.5872333333332,696.5872333333332,0.0,0.0,10800.0,0.0
2025-08-30,0,112,18:40-18:50,684.6878833333333,0.4995738095238095,1.3252000000000002,1.3263794642857143,35.88471666666669,511.3826720238095,283.1942303571441,283.1942303571441,283.1942303571441,0.0,436.8787958333321,10314.579115740742,0.0
2025-08-30,0,113,18:50-19:00,690.05,0.0,1.494,1.5067374999999998,44.22166666666669,486.98772857142853,0.0,0.0,0.0,0.0,734.2716666666666,9498.721708333334,0.0
2025-08-30,0,114,19:00-19:10,645.7140499999999,0.0,1.516275,1.531628571428571,30.596878571428533,504.0797327380951,0.0,0.0,0.0,0.0,676.3109285714285,8747.265121031745,0.0
2025-08-30,0,115,19:10-19:20,646.06045,0.03586904761904762,1.48075,1.4955683035714293,39.143923809523926,519.138531547619,0.0,0.0,0.0,0.0,685.1685047619048,7985.966782407408,0.0
2025-08-30,0,116,19:20-19:30,693.4033333333333,0.0,1.4675249999999997,1.4830758928571426,51.155000000000086,537.1069666666665,0.0,0.0,0.0,0.0,744.5583333333334,7158.67974537037,0.0
2025-08-30,0,117,19:30-19:40,692.6344166666665,0.0,1.468975,1.483722321428571,35.50663333333341,587.2211083333332,0.0,0.0,0.0,0.0,728.14105,6349.63413425926,0.0
2025-08-30,0,118,19:40-19:50,661.2466,0.002571428571428571,1.4846,1.499713392857143,18.55728809523805,584.2220398809523,0.0,0.0,0.0,0.0,679.8013166666666,5594.299337962963,0.0
2025-08-30,0,119,19:50-20:00,644.3916666666667,0.0,1.49205,1.5090383928571431,26.81666666666672,548.2545922619047,0.0,0.0,0.0,0.0,671.2083333333334,4848.512300925926,0.0
2025-08-30,0,120,20:00-20:10,668.7431333333333,0.0,1.464625,1.4825008928571433,34.31421666666665,535.4462166666665,0.0,0.0,0.0,0.0,703.0573499999999,4067.337467592593,0.0
2025-08-30,0,121,20:10-20:20,695.7833499999999,0.00013571428571428572,1.4542499999999998,1.4734861607142844,29.86137857142853,510.1682440476188,0.0,0.0,0.0,0.0,725.6445928571427,3261.065697751323,0.0
2025-08-30,0,122,20:20-20:30,698.8283333333334,0.0,1.496925,1.5168294642857145,28.20666666666682,480.52010714285666,0.0,0.0,0.0,0.0,727.0350000000002,2453.249031084656,0.0
2025-08-30,0,123,20:30-20:40,682.5809333333333,0.0,1.5356,1.5518741071428568,31.617716666666865,466.46344047619016,0.0,0.0,0.0,0.0,714.1986500000002,1659.6949755291005,0.0
2025-08-30,0,124,20:40-20:50,664.6900833333333,0.0,1.3044749999999998,1.3140598214285715,25.909899999999993,413.7254779761904,682.1919970238098,682.1919970238098,682.1919970238098,0.0,8.407986309523494,1650.3527685185188,0.0
2025-08-30,0,125,20:50-21:00,662.1483333333333,0.0,0.9432,0.9463209821428571,37.943333333333385,405.31749166666697,721.5752057613167,721.5752057613167,721.5752057613167,21.48353909465009,0.0,1669.687953703704,0.0
2025-08-30,0,126,21:00-21:10,679.3181,0.0,0.8848250000000001,0.8846366071428572,32.25026666666656,422.7191583333336,711.5683666666665,711.5683666666665,711.5683666666665,0.0,0.0,1669.687953703704,0.0
2025-08-30,0,127,21:10-21:20,686.6162666666667,0.0,0.9186750000000001,0.9167687500000001,28.653966666666634,375.84140833333345,715.2702333333333,715.2702333333333,715.2702333333333,0.0,0.0,1669.687953703704,0.0
2025-08-30,0,128,21:20-21:30,696.9483333333333,0.0,0.9184249999999999,0.9155303571428568,43.39333333333343,334.94432083333334,740.3416666666667,740.3416666666667,740.3416666666667,0.0,0.0,1669.687953703704,0.0
2025-08-30,0,129,21:30-21:40,736.7398499999999,0.0,0.9318,0.9294406249999998,30.733133333333285,317.44616666666684,644.5713583333331,644.5713583333331,644.5713583333331,0.0,122.90162500000014,1533.1305925925926,0.0
2025-08-30,0,130,21:40-21:50,690.0133999999999,0.0,0.72075,0.7204647321428571,32.0923499999999,299.81753333333336,678.2497124999999,678.2497124999999,678.2497124999999,0.0,43.85603749999996,1484.401662037037,0.0
2025-08-30,0,131,21:50-22:00,569.7716666666666,0.0,0.41050000000000003,0.4126111607142858,53.51666666666665,255.96149583333334,1456.6216666666664,1456.6216666666664,1456.6216666666664,833.3333333333333,0.0,2234.401662037037,0.0
2025-08-30,0,132,22:00-22:10,521.9427,0.0,0.403675,0.40618660714285715,35.66283333333331,249.41301249999987,1390.9388666666664,1390.9388666666664,1390.9388666666664,833.3333333333333,0.0,2984.401662037037,0.0
2025-08-30,0,133,22:10-22:20,561.2212333333333,0.0,0.47352500000000003,0.47245,30.647816666666813,245.88594583333312,591.8690500000001,591.8690500000001,591.8690500000001,0.0,0.0,2984.401662037037,0.0
2025-08-30,0,134,22:20-22:30,613.7083333333333,0.0,0.458175,0.4525651785714286,46.72000000000003,201.09154166666656,660.4283333333333,660.4283333333333,660.4283333333333,0.0,0.0,2984.401662037037,0.0
2025-08-30,0,135,22:30-22:40,596.3566999999999,0.0,0.424175,0.41929553571428574,44.67691666666667,150.28211250000012,1474.3669499999999,1474.3669499999999,1474.3669499999999,833.3333333333333,0.0,3734.401662037037,0.0
2025-08-30,0,136,22:40-22:50,599.6377166666666,0.0,0.43862500000000004,0.438734375,28.557000000000016,116.28889166666673,628.1947166666666,628.1947166666666,628.1947166666666,0.0,0.0,3734.401662037037,0.0
2025-08-30,0,137,22:50-23:00,626.7283333333332,0.0,0.4626,0.46628258928571426,37.386666666666656,128.34870416666672,664.1149999999999,664.1149999999999,664.1149999999999,0.0,0.0,3734.401662037037,0.0
2025-08-30,0,138,23:00-23:10,590.1285166666667,0.0,0.40877499999999994,0.4091495535714284,34.991033333333235,141.72902916666683,1458.4528833333331,1458.4528833333331,1458.4528833333331,833.3333333333333,0.0,4484.401662037037,0.0
2025-08-30,0,139,23:10-23:20,561.05075,0.0,0.40315,0.3997285714285714,43.51451666666674,126.38707916666667,1437.8986,1437.8986,1437.8986,833.3333333333333,0.0,5234.401662037037,0.0
2025-08-30,0,140,23:20-23:30,568.8283333333333,0.0,0.44187499999999996,0.438727232142857,30.356666666666683,137.01973333333345,616.5164866255143,616.5164866255143,616.5164866255143,17.33148662551432,0.0,5250.0,0.0
2025-08-30,0,141,23:30-23:40,581.16335,0.0,0.405375,0.40543124999999997,26.383533333333276,118.2780666666668,1440.8802166666665,1440.8802166666665,1440.8802166666665,833.3333333333333,0.0,6000.0,0.0
2025-08-30,0,142,23:40-23:50,646.8540499999999,0.0,0.43847499999999995,0.4401147321428572,40.1164,45.39966250000006,686.9704499999999,686.9704499999999,686.9704499999999,0.0,0.0,6000.0,0.0
2025-08-30,0,143,23:50-24:00,736.28,0.0,0.5364,0.5360517857142858,27.690000000000055,33.43874999999994,763.97,763.97,763.97,0.0,0.0,6000.0,0.0
2025-08-31,0,0,0:00-0:10,753.5090833333334,0.0,0.534925,0.5305616071428569,22.247500000000173,39.870491666666425,775.7565833333335,775.7565833333335,775.7565833333335,0.0,0.0,6939.638583155337,0.0
2025-08-31,0,1,0:10-0:20,734.8640166666667,0.0,0.500525,0.4955205357142857,17.356833333333384,48.64825833333333,752.22085,752.22085,752.22085,0.0,0.0,6939.638583155337,0.0
2025-08-31,0,2,0:20-0:30,729.9383333333333,0.0,0.5022,0.5015754464285715,31.406666666666524,57.548279166666674,761.3449999999998,761.3449999999998,761.3449999999998,0.0,0.0,6939.638583155337,0.0
2025-08-31,0,3,0:30-0:40,752.038,0.0,0.537075,0.5400906249999998,16.485849999999914,73.29668750000005,768.5238499999999,768.5238499999999,768.5238499999999,0.0,0.0,6939.638583155337,0.0
2025-08-31,0,4,0:40-0:50,755.4712333333333,0.0,0.546725,0.5486334821428572,43.103083333333416,61.436241666666575,798.5743166666667,798.5743166666667,798.5743166666667,0.0,0.0,6939.638583155337,0.0
2025-08-31,0,5,0:50-1:00,739.2483333333332,0.0,0.522475,0.5202723214285715,47.891666666666765,64.70868333333337,787.14,787.14,787.14,0.0,0.0,6939.638583155337,0.0
2025-08-31,0,6,1:00-1:10,741.3109333333333,0.0,0.508275,0.5041745535714285,40.16058333333331,66.62360000000021,781.4715166666666,781.4715166666666,781.4715166666666,0.0,0.0,6939.638583155337,0.0
2025-08-31,0,7,1:10-1:20,721.5317333333334,0.0,0.5075500000000001,0.502019642857143,36.66348333333326,89.86294583333353,758.1952166666666,758.1952166666666,758.1952166666666,0.0,0.0,6939.638583155337,0.0
2025-08-31,0,8,1:20-1:30,689.9899999999999,0.0,0.51435,0.5089745535714287,39.581666666666706,117.63455833333327,729.5716666666666,729.5716666666666,729.5716666666666,0.0,0.0,6939.638583155337,0.0
2025-08-31,0,9,1:30-1:40,699.9513166666667,0.0,0.5206999999999999,0.5196053571428573,15.631066666666698,68.76149166666653,715.5823833333334,715.5823833333334,715.5823833333334,0.0,0.0,6939.638583155337,0.0
2025-08-31,0,10,1:40-1:50,699.5548666666666,0.0,0.506625,0.5043749999999999,21.178666666666686,52.89924583333334,720.7335333333333,720.7335333333333,720.7335333333333,0.0,0.0,6939.638583155337,0.0
2025-08-31,0,11,1:50-2:00,692.395,0.0,0.48805,0.4808156249999999,26.43333333333328,72.17129166666666,718.8283333333333,718.8283333333333,718.8283333333333,0.0,0.0,6939.638583155337,0.0
2025-08-31,0,12,2:00-2:10,732.8613833333334,0.0,0.502175,0.4971397321428572,36.257400000000075,74.08296249999978,769.1187833333335,769.1187833333335,769.1187833333335,0.0,0.0,6939.638583155337,0.0
2025-08-31,0,13,2:10-2:20,751.7812999999999,0.0,0.5174500000000001,0.5136156250000001,37.07566666666662,84.09292916666669,788.8569666666665,788.8569666666665,788.8569666666665,0.0,0.0,6939.638583155337,0.0
2025-08-31,0,14,2:20-2:30,723.1766666666667,0.0,0.5238499999999999,0.5194955357142857,21.998333333333335,56.63458333333338,745.1750000000001,745.1750000000001,745.1750000000001,0.0,0.0,6939.638583155337,0.0
2025-08-31,0,15,2:30-2:40,689.9006666666667,0.0,0.53615,0.537071875,35.29174999999998,40.13283095238087,725.1924166666666,725.1924166666666,725.1924166666666,0.0,0.0,6939.638583155337,0.0
2025-08-31,0,16,2:40-2:50,670.0492666666667,0.0,0.515525,0.5189683035714288,41.16601666666668,65.66011428571419,711.2152833333333,711.2152833333333,711.2152833333333,0.0,0.0,6939.638583155337,0.0
2025-08-31,0,17,2:50-3:00,672.0916666666667,0.0,0.48505,0.4850093750000001,50.53500000000008,67.42002916666655,722.6266666666668,722.6266666666668,722.6266666666668,0.0,0.0,6939.638583155337,0.0
2025-08-31,0,18,3:00-3:10,693.7619833333333,0.0,0.5087999999999999,0.5049758928571427,40.67068333333327,66.90320357142866,734.4326666666666,734.4326666666666,734.4326666666666,0.0,0.0,6939.638583155337,0.0
2025-08-31,0,19,3:10-3:20,702.2240666666667,0.0,0.516625,0.5125830357142859,29.138833333333423,72.3606559523811,731.3629000000001,731.3629000000001,731.3629000000001,0.0,0.0,6939.638583155337,0.0
2025-08-31,0,20,3:20-3:30,700.62,0.0,0.49675,0.4954665178571431,30.319999999999936,116.52519523809522,730.9399999999999,730.9399999999999,730.9399999999999,0.0,0.0,6939.638583155337,0.0
2025-08-31,0,21,3:30-3:40,715.6091833333332,9.761904761904761e-05,0.5054000000000001,0.5057419642857143,36.32670000000002,118.28727857142843,751.9357857142857,751.9357857142857,751.9357857142857,0.0,0.0,6939.638583155337,0.0
2025-08-31,0,22,3:40-3:50,697.1884333333334,0.0,0.5034,0.5018848214285713,16.222183333333305,115.62682559523795,713.4106166666667,713.4106166666667,713.4106166666667,0.0,0.0,6939.638583155337,0.0
2025-08-31,0,23,3:50-4:00,658.4499999999999,0.0,0.48067499999999996,0.4759857142857141,25.5,64.90903392857132,1517.2833333333333,1517.2833333333333,1517.2833333333333,833.3333333333333,0.0,7689.638583155338,0.0
2025-08-31,0,24,4:00-4:10,664.1022333333333,0.0021095238095238094,0.4731,0.46867098214285735,33.90174999999999,63.082882142857144,1531.3352071428571,1531.3352071428571,1531.3352071428571,833.3333333333333,0.0,8439.638583155338,0.0
2025-08-31,0,25,4:10-4:20,657.8465,0.0,0.484175,0.4824486607142858,33.88879999999995,81.84285773809536,691.7352999999999,691.7352999999999,691.7352999999999,0.0,0.0,8439.638583155338,0.0
2025-08-31,0,26,4:20-4:30,631.595,0.0,0.49495,0.4945214285714285,40.16666666666663,183.48400535714262,671.7616666666667,671.7616666666667,671.7616666666667,0.0,0.0,8439.638583155338,0.0
2025-08-31,0,27,4:30-4:40,636.5846666666666,0.029378571428571434,0.48505,0.48171428571428576,28.97088571428577,328.56277023809486,665.5261738095238,665.5261738095238,665.5261738095238,0.0,0.0,8439.638583155338,0.0
2025-08-31,0,28,4:40-4:50,645.1069,0.0,0.48250000000000004,0.47861875,22.049564285714382,424.3885464285713,789.7802607797832,789.7802607797832,789.7802607797832,122.6237964940689,0.0,8550.0,0.0
2025-08-31,0,29,4:50-5:00,637.125,0.0,0.48810000000000003,0.4853013392857144,43.40999999999997,390.58408452380945,680.535,680.535,680.535,0.0,0.0,8550.0,0.0
2025-08-31,0,30,5:00-5:10,625.114,0.40920476190476185,0.47729999999999995,0.47193928571428556,38.664016666666726,332.775944642857,1496.7021452380952,1496.7021452380952,1496.7021452380952,833.3333333333333,0.0,9300.0,0.0
2025-08-31,0,31,5:10-5:20,636.34735,0.0,0.479425,0.4819611607142858,31.60593333333327,264.34251785714287,667.9532833333333,667.9532833333333,667.9532833333333,0.0,0.0,9300.0,0.0
2025-08-31,0,32,5:20-5:30,653.1133333333332,0.0,0.4577,0.4718611607142857,31.437083333333362,208.1814041666666,1517.88375,1517.88375,1517.88375,833.3333333333333,0.0,10050.0,0.0
2025-08-31,0,33,5:30-5:40,643.2189999999999,13.498157142857142,0.38639999999999997,0.3943883928571429,36.51736428571428,179.10086130952453,1499.5715404761904,1499.5715404761904,1499.5715404761904,833.3333333333333,0.0,10800.0,0.0
2025-08-31,0,34,5:40-5:50,703.80725,43.35817380952381,0.580025,0.58508125,32.588680952380855,216.56479583333405,693.037757142857,693.037757142857,693.037757142857,0.0,0.0,10800.0,0.0
2025-08-31,0,35,5:50-6:00,823.0366666666666,85.65446428571428,0.9329999999999999,0.9432352678571424,41.46523809523808,229.23915238095276,0.0,0.0,0.0,0.0,778.8474404761904,9934.613955026454,0.0
2025-08-31,0,36,6:00-6:10,876.4166833333334,132.08379285714284,0.987725,0.995015625,42.47425714285703,197.76956904761948,0.0,0.0,0.0,0.0,786.8071476190476,9060.38379100529,0.0
2025-08-31,0,37,6:10-6:20,857.9419666666665,181.68189523809522,0.8981,0.9017504464285714,42.71564285714271,255.9301244047623,0.0,0.0,0.0,0.0,718.975714285714,8261.521886243385,0.0
2025-08-31,0,38,6:20-6:30,831.0583333333334,234.39107142857142,0.8406499999999999,0.8446116071428572,61.81107142857138,292.172688095237,0.0,0.0,0.0,0.0,658.4783333333334,7529.8792936507925,0.0
2025-08-31,0,39,6:30-6:40,861.1148166666667,288.3440976190476,0.835275,0.8396294642857142,42.93114523809527,410.37614583333226,0.0,0.0,0.0,0.0,615.7018642857144,6845.76611111111,0.0
2025-08-31,0,40,6:40-6:50,872.1698666666666,338.7208690476191,0.819575,0.8223312500000002,46.08826190476191,529.6546101190465,0.0,0.0,0.0,0.0,579.5372595238094,6201.835822751322,0.0
2025-08-31,0,41,6:50-7:00,847.6499999999999,386.77321428571423,0.7856,0.7858419642857145,52.93553571428572,650.2841678571422,0.0,0.0,0.0,0.0,513.8123214285713,5630.933243386243,0.0
2025-08-31,0,42,7:00-7:10,845.1871333333333,438.2241309523809,0.7777499999999999,0.7771790178571429,49.418835714285706,719.1743315476185,0.0,0.0,0.0,0.0,456.38183809523815,5123.842312169311,0.0
2025-08-31,0,43,7:10-7:20,840.1115333333333,489.8001904761905,0.758675,0.7574049107142857,52.007376190476066,726.1541797619045,0.0,0.0,0.0,0.0,402.3187190476189,4676.821513227513,0.0
2025-08-31,0,44,7:20-7:30,816.2033333333334,543.0821428571428,0.6901,0.6858272321428573,46.04505952380953,729.1862297619043,319.1662500000001,319.1662500000001,319.1662500000001,0.0,0.0,4676.821513227513,0.0
2025-08-31,0,45,7:30-7:40,804.5481,602.2611333333333,0.6187,0.6086834821428572,54.68770238095232,738.7881505952378,753.1526114344491,753.1526114344491,753.1526114344491,496.1779423868302,0.0,5123.38166137566,0.0
2025-08-31,0,46,7:40-7:50,898.5326833333334,654.2275666666666,0.82755,0.8151732142857141,44.87338809523817,716.311196428571,0.0,0.0,0.0,0.0,289.17850476190495,4802.07221164021,0.0
2025-08-31,0,47,7:50-8:00,1055.7683333333332,703.5258928571429,1.1586499999999997,1.148191071428571,37.383273809523814,769.5678297619037,0.0,0.0,0.0,0.0,389.62571428571414,4369.154751322751,0.0
2025-08-31,0,48,8:00-8:10,1126.6193333333333,766.5339785714286,1.146875,1.1373276785714286,41.41404285714299,921.3149130952368,0.0,0.0,0.0,0.0,401.4993976190476,3923.044309523809,0.0
2025-08-31,0,49,8:10-8:20,1135.2036166666667,820.182838095238,1.0830499999999998,1.0708995535714285,65.50063095238113,944.7898630952373,0.0,0.0,0.0,0.0,380.52140952380967,3500.2427433862426,0.0
2025-08-31,0,50,8:20-8:30,1120.25,864.3348214285713,1.09785,1.082264285714286,78.83345238095251,949.8603803571425,0.0,0.0,0.0,0.0,334.7486309523813,3128.299820105819,0.0
2025-08-31,0,51,8:30-8:40,1100.3032666666666,920.2033595238096,1.0337749999999999,1.0186294642857143,67.61666904761915,939.6392047619047,0.0,0.0,0.0,0.0,247.71657619047608,2853.059179894179,0.0
2025-08-31,0,52,8:40-8:50,1130.3860333333332,963.8550833333331,0.9929499999999999,0.9778249999999996,74.07551428571415,893.7525333333333,0.0,0.0,0.0,0.0,240.6064642857143,2585.718664021163,0.0
2025-08-31,0,53,8:50-9:00,1167.2683333333332,995.8946428571427,1.0095,0.9933897321428573,100.00065476190468,870.7244017857143,0.0,0.0,0.0,0.0,271.3743452380953,2284.1916137566127,0.0
2025-08-31,0,54,9:00-9:10,1120.7049,1043.2932428571428,1.002075,0.9872816964285712,72.9972857142856,797.112153571428,0.0,0.0,0.0,0.0,150.40894285714285,2117.070566137565,0.0
2025-08-31,0,55,9:10-9:20,1132.8980333333334,1094.5606666666665,0.9735250000000001,0.9574495535714285,59.667261904761894,725.5041934523804,0.0,0.0,0.0,0.0,98.00462857142884,2008.1765343915329,0.0
2025-08-31,0,56,9:20-9:30,1170.5933333333332,1146.925892857143,0.9237000000000001,0.9039647321428576,74.32726190476183,675.3457708333325,0.0,0.0,0.0,0.0,97.99470238095205,1899.2935317460306,0.0
2025-08-31,0,57,9:30-9:40,1067.75885,1209.2463166666666,0.864725,0.8450897321428572,88.59498571428566,629.3641785714276,0.0,0.0,0.0,52.89248095238099,0.0,1946.8967646031738,0.0
2025-08-31,0,58,9:40-9:50,1053.0364666666665,1262.7062380952382,0.948275,0.9333254464285713,82.54207142857179,632.890449999999,0.0,0.0,0.0,127.1277,0.0,2061.3116946031737,0.0
2025-08-31,0,59,9:50-10:00,1155.4499999999998,1298.2446428571427,1.10555,1.0933455357142856,90.73761904761925,610.6450386904756,0.0,0.0,0.0,52.05702380952357,0.0,2108.163016031745,0.0
2025-08-31,0,60,10:00-10:10,1165.0252333333333,1322.8351833333334,1.10005,1.0821607142857141,63.02814999999987,549.3133380952374,0.0,0.0,0.0,94.7818000000002,0.0,2193.466636031745,0.0
2025-08-31,0,61,10:10-10:20,1118.4384499999999,1340.035007142857,1.0439749999999999,1.028353571428571,77.93533571428577,513.0853404761904,0.0,0.0,0.0,143.66122142857148,0.0,2322.7617353174596,0.0
2025-08-31,0,62,10:20-10:30,1098.6316666666667,1351.4571428571426,1.05365,1.0484008928571427,93.69505952380928,517.0414339285716,0.0,0.0,0.0,159.13041666666663,0.0,2465.979110317459,0.0
2025-08-31,0,63,10:30-10:40,1133.99525,1360.783326190476,1.0865,1.082220982142857,94.77828333333318,581.8180708333332,0.0,0.0,0.0,132.00979285714288,0.0,2584.7879238888877,0.0
2025-08-31,0,64,10:40-10:50,1117.1736833333332,1382.4983023809523,0.831575,0.8188299107142856,100.96065714285723,591.8476505952381,0.0,0.0,0.0,164.36396190476194,0.0,2732.7154896031734,0.0
2025-08-31,0,65,10:50-11:00,1081.0733333333333,1409.0017857142857,0.44022500000000003,0.41811875000000015,108.39690476190496,547.4276291666672,613.8017857142859,613.8017857142859,613.8017857142859,833.3333333333333,0.0,3482.7154896031734,0.0
2025-08-31,0,66,11:00-11:10,1152.9598166666665,1417.5918357142857,0.4041,0.3804620535714286,106.90294285714262,520.3948315476196,675.6042571428566,675.6042571428566,675.6042571428566,833.3333333333333,0.0,4232.715489603173,0.0
2025-08-31,0,67,11:10-11:20,1152.7419,1423.9420928571426,0.47395,0.450439732142857,102.59410476190503,535.535752380952,0.0,0.0,0.0,168.6060880952375,0.0,4384.460968888887,0.0
2025-08-31,0,68,11:20-11:30,1075.8583333333331,1444.4767857142854,0.4638,0.43783571428571444,101.29113095238085,739.5037303571428,0.0,0.0,0.0,267.3273214285714,0.0,4625.055558174601,0.0
2025-08-31,0,69,11:30-11:40,1098.2304833333333,1477.1148738095237,0.4353,0.4058991071428571,102.91106428571425,761.03015,557.3600071428571,557.3600071428571,557.3600071428571,833.3333333333333,0.0,5375.055558174601,0.0
2025-08-31,0,70,11:40-11:50,1107.72915,1484.5244690476188,0.42135,0.3896950892857142,102.26503333333373,651.8080089285711,558.8030476190481,558.8030476190481,558.8030476190481,833.3333333333333,0.0,6125.055558174601,0.0
2025-08-31,0,71,11:50-12:00,1079.9416666666666,1473.1491071428568,0.41590000000000005,0.3839915178571429,105.5095238095239,604.9442226190479,545.635416666667,545.635416666667,545.635416666667,833.3333333333333,0.0,6875.055558174601,0.0
2025-08-31,0,72,12:00-12:10,1103.5612166666665,1484.2370595238092,0.401325,0.3708013392857143,131.09095476190464,572.3972208333339,583.7484452380952,583.7484452380952,583.7484452380952,833.3333333333333,0.0,7625.055558174601,0.0
2025-08-31,0,73,12:10-12:20,1076.8907333333332,1489.8864785714281,0.425025,0.3981575892857142,115.05527380952367,529.8868976190483,535.392861904762,535.392861904762,535.392861904762,833.3333333333333,0.0,8375.055558174601,0.0
2025-08-31,0,74,12:20-12:30,1014.4833333333332,1480.3348214285716,0.44567500000000004,0.42181160714285726,119.09244047619018,545.758445833334,355.26039409171165,355.26039409171165,355.26039409171165,702.0194417107597,0.0,9006.873055714284,0.0
2025-08-31,0,75,12:30-12:40,1042.8795499999999,1473.7484904761905,0.402375,0.3768294642857141,122.22918809523807,492.4838625000003,524.6935809523807,524.6935809523807,524.6935809523807,833.3333333333333,0.0,9756.873055714284,0.0
2025-08-31,0,76,12:40-12:50,1078.5771333333332,1456.8559476190476,0.55835,0.5326241071428574,98.0322761904763,584.4649035714277,0.0,0.0,0.0,280.24653809523807,0.0,10009.094939999999,0.0
2025-08-31,0,77,12:50-13:00,1087.0866666666666,1427.7142857142856,0.834525,0.8111124999999998,85.72857142857137,585.0828434523808,0.0,0.0,0.0,254.89904761904768,0.0,10238.504082857142,0.0
2025-08-31,0,78,13:00-13:10,1120.4205499999998,1401.125761904762,0.8656250000000001,0.8421089285714286,100.08421904761903,576.3932333333328,0.0,0.0,0.0,180.62099285714316,0.0,10401.062976428571,0.0
2025-08-31,0,79,13:10-13:20,1162.86485,1380.1888547619048,0.830225,0.8067187500000005,92.68247142857149,595.4678410714282,0.0,0.0,0.0,124.64153333333343,0.0,10513.24035642857,0.0
2025-08-31,0,80,13:20-13:30,1172.4816666666666,1356.9205357142857,0.8378500000000001,0.8147870535714284,72.94125000000008,543.4943797619045,0.0,0.0,0.0,111.49761904761908,0.0,10613.588213571427,0.0
2025-08-31,0,81,13:30-13:40,1126.16275,1321.0593642857143,0.835275,0.8117879464285715,93.5759047619046,445.3891714285711,0.0,0.0,0.0,101.32070952380968,0.0,10704.776852142857,0.0
2025-08-31,0,82,13:40-13:50,1105.0313999999998,1284.272830952381,0.9468749999999999,0.9299120535714286,101.63007619047607,426.2512053571427,0.0,0.0,0.0,77.61135476190498,0.0,10774.627071428571,0.0
2025-08-31,0,83,13:50-14:00,1131.875,1247.4446428571428,1.1221750000000001,1.1143709821428571,87.37750000000005,480.6053363095236,0.0,0.0,0.0,28.1921428571427,0.0,10800.0,0.0
2025-08-31,0,84,14:00-14:10,1155.84485,1200.868680952381,1.1597,1.150914732142857,53.54273095238108,502.7928958333332,0.0,0.0,0.0,0.0,8.51890000000003,10790.534555555556,0.0
2025-08-31,0,85,14:10-14:20,1169.55245,1157.255426190476,1.1395,1.1303165178571428,67.69194523809512,481.9193369047619,0.0,0.0,0.0,0.0,79.98896904761887,10701.657923280423,0.0
2025-08-31,0,86,14:20-14:30,1179.0216666666665,1120.6017857142856,1.1732,1.1668196428571431,91.0191666666667,451.1167273809522,0.0,0.0,0.0,0.0,149.43904761904764,10535.614537037038,0.0
2025-08-31,0,87,14:30-14:40,1185.4434333333334,1081.9396047619045,1.2466,1.2377174107142856,73.68388333333328,382.2057857142856,0.0,0.0,0.0,0.0,177.18771190476218,10338.739301587302,0.0
2025-08-31,0,88,14:40-14:50,1166.3896833333333,1038.5013571428572,1.03195,1.0188120535714287,59.59528333333333,525.8295999999997,0.0,0.0,0.0,0.0,187.4836095238095,10130.42417989418,0.0
2025-08-31,0,89,14:50-15:00,1143.2883333333332,990.8473214285715,0.6715750000000001,0.6565959821428571,71.11124999999998,520.4157267857136,223.55226190476162,223.55226190476162,223.55226190476162,0.0,0.0,10130.42417989418,0.0
2025-08-31,0,90,15:00-15:10,1165.9161333333332,942.0357809523808,0.6649499999999999,0.6511375,67.33318571428555,399.20179821428525,1035.1866715461488,1035.1866715461488,1035.1866715461488,743.9731334509108,0.0,10800.0,0.0
2025-08-31,0,91,15:10-15:20,1199.0264166666666,898.1832547619048,0.7607999999999999,0.7478370535714284,71.60084761904761,318.7483678571426,372.44400952380954,372.44400952380954,372.44400952380954,0.0,0.0,10800.0,0.0
2025-08-31,0,92,15:20-15:30,1201.3983333333333,855.6821428571429,0.774725,0.7612558035714286,69.43511904761903,264.9375333333327,415.15130952380946,415.15130952380946,415.15130952380946,0.0,0.0,10800.0,0.0
2025-08-31,0,93,15:30-15:40,1165.4257333333333,804.7341761904763,0.7759250000000001,0.7630571428571429,65.33621190476212,246.4726053571419,426.02776904761913,426.02776904761913,426.02776904761913,0.0,0.0,10800.0,0.0
2025-08-31,0,94,15:40-15:50,1151.8757833333334,752.2902452380952,0.802,0.7937772321428571,57.3909285714285,216.40556904761817,456.97646666666674,456.97646666666674,456.97646666666674,0.0,0.0,10800.0,0.0
2025-08-31,0,95,15:50-16:00,1175.4066666666665,701.1455357142856,0.8406750000000001,0.8367799107142858,65.1836309523809,207.17361785714218,539.4447619047617,539.4447619047617,539.4447619047617,0.0,-0.0,10800.0,0.0
2025-08-31,0,96,16:00-16:10,1195.71735,646.7957261904762,0.85745,0.8505339285714285,58.54359047619039,267.4488172619041,607.465214285714,607.465214285714,607.465214285714,0.0,-0.0,10800.0,0.0
2025-08-31,0,97,16:10-16:20,1204.8073333333332,589.5703547619048,0.88465,0.8786049107142857,68.65932380952393,257.5049339285707,683.8963023809522,683.8963023809522,683.8963023809522,0.0,-0.0,10800.0,0.0
2025-08-31,0,98,16:20-16:30,1203.9783333333332,535.6446428571428,0.9334,0.9315598214285713,60.43827380952382,200.26507916666614,728.7719642857144,728.7719642857144,728.7719642857144,0.0,-0.0,10800.0,0.0
2025-08-31,0,99,16:30-16:40,1195.7443833333332,490.4287357142856,0.976025,0.9702892857142859,35.60932857142882,167.59790892857106,740.9249761904763,740.9249761904763,740.9249761904763,0.0,-0.0,10800.0,0.0
2025-08-31,0,100,16:40-16:50,1185.4677166666665,438.8626952380953,0.986525,0.9792022321428571,35.819428571428716,132.94434226190455,782.42445,782.42445,782.42445,0.0,-0.0,10800.0,0.0
2025-08-31,0,101,16:50-17:00,1182.3166666666666,378.1758928571428,0.993525,0.9908999999999997,56.7794642857142,124.04803154761899,860.9202380952381,860.9202380952381,860.9202380952381,0.0,0.0,10800.0,0.0
2025-08-31,0,102,17:00-17:10,1192.7803999999999,320.99837857142853,1.0509,1.052202678571428,54.31193095238109,117.63174940476148,926.0939523809525,926.0939523809525,926.0939523809525,0.0,0.0,10800.0,0.0
2025-08-31,0,103,17:10-17:20,1201.6541833333333,271.5306071428571,1.10145,1.1030308035714287,40.56485476190471,140.32108809523774,970.6884309523808,970.6884309523808,970.6884309523808,0.0,0.0,10800.0,0.0
2025-08-31,0,104,17:20-17:30,1220.6466666666665,227.00624999999997,1.1188749999999998,1.1197754464285714,48.084464285714375,118.57113273809503,1041.724880952381,1041.724880952381,1041.724880952381,0.0,0.0,10800.0,0.0
2025-08-31,0,105,17:30-17:40,1250.1714333333332,181.52854047619047,1.140225,1.1444058035714288,44.54565476190487,115.32298333333344,1113.1885476190475,1113.1885476190475,1113.1885476190475,0.0,-0.0,10800.0,0.0
2025-08-31,0,106,17:40-17:50,1128.5354166666666,135.30419999999998,1.215225,1.22314375,44.65492142857124,77.04067500000022,1037.8861380952378,1037.8861380952378,1037.8861380952378,0.0,-0.0,10800.0,0.0
2025-08-31,0,107,17:50-18:00,938.8316666666666,89.09017857142857,1.318975,1.327828125,32.541785714285766,90.24756428571425,882.2832738095237,882.2832738095237,882.2832738095237,0.0,0.0,10800.0,0.0
2025-08-31,0,108,18:00-18:10,941.3645833333333,44.91651904761904,1.3727,1.380373214285714,37.999735714285634,89.20514642857145,934.4477999999998,934.4477999999998,934.4477999999998,0.0,0.0,10800.0,0.0
2025-08-31,0,109,18:10-18:20,971.3506166666666,13.645959523809525,1.3906249999999998,1.401261607142857,37.99512380952376,43.54937738095242,995.6997809523808,995.6997809523808,995.6997809523808,0.0,0.0,10800.0,0.0
2025-08-31,0,110,18:20-18:30,953.4383333333333,0.0,1.3927749999999999,1.404563392857143,44.43797619047609,42.90353392857162,997.8763095238094,997.8763095238094,997.8763095238094,0.0,-0.0,10800.0,0.0
2025-08-31,0,111,18:30-18:40,973.5939833333333,0.0,1.4012,1.4013526785714283,28.934666666666544,83.21080297619068,1002.5286499999999,1002.5286499999999,1002.5286499999999,0.0,0.0,10800.0,0.0
2025-08-31,0,112,18:40-18:50,971.2291666666666,0.40621666666666667,1.510875,1.5084616071428574,33.50494285714274,60.039240476190685,1004.3278928571427,1004.3278928571427,1004.3278928571427,0.0,0.0,10800.0,0.0
2025-08-31,0,113,18:50-19:00,927.6416666666667,0.0,1.6543999999999999,1.6617392857142856,43.35833333333335,49.21836666666684,137.66666666666674,137.66666666666674,137.66666666666674,0.0,833.3333333333333,9874.074074074075,0.0
2025-08-31,0,114,19:00-19:10,895.1547,0.0,1.659475,1.6705111607142855,30.596878571428533,62.26841190476205,92.41824523809532,92.41824523809532,92.41824523809532,0.0,833.3333333333333,8948.148148148148,0.0
2025-08-31,0,115,19:10-19:20,887.5511833333333,0.029166666666666667,1.650475,1.6622852678571434,38.42950238095227,68.08662797619075,92.61818571428557,92.61818571428557,92.61818571428557,0.0,833.3333333333333,8022.222222222223,0.0
2025-08-31,0,116,19:20-19:30,912.5899999999999,0.0,1.672425,1.684466517857143,45.25333333333322,86.109563095238,124.50999999999988,124.50999999999988,124.50999999999988,0.0,833.3333333333333,7096.296296296297,0.0
2025-08-31,0,117,19:30-19:40,963.9341333333333,0.0,1.64885,1.6583834821428567,34.10380000000009,120.13832976190457,164.70460000000014,164.70460000000014,164.70460000000014,0.0,833.3333333333333,6170.370370370371,0.0
2025-08-31,0,118,19:40-19:50,965.1707833333332,0.0020904761904761908,1.635875,1.6449812499999994,14.943697619047612,112.31678273809516,146.77905714285714,146.77905714285714,146.77905714285714,0.0,833.3333333333333,5244.444444444445,0.0
2025-08-31,0,119,19:50-20:00,920.1299999999999,0.0,1.6482,1.6602589285714284,20.289999999999964,78.83259880952363,107.08666666666659,107.08666666666659,107.08666666666659,0.0,833.3333333333333,4318.518518518519,0.0
2025-08-31,0,120,20:00-20:10,908.1441166666666,0.0,1.639775,1.6545468749999996,27.342654761904896,83.87789047619026,102.15343809523824,102.15343809523824,102.15343809523824,0.0,833.3333333333333,3392.592592592593,0.0
2025-08-31,0,121,20:10-20:20,919.9604833333333,9.285714285714285e-05,1.6266250000000002,1.6420941964285714,28.617821428571347,58.80625892857148,717.2683910714285,717.2683910714285,717.2683910714285,0.0,231.30982083333336,3135.581680555556,0.0
2025-08-31,0,122,20:20-20:30,937.9183333333333,0.0,1.657425,1.6716200892857145,25.284999999999968,80.97729166666673,129.87,129.87,129.87,0.0,833.3333333333333,2209.65575462963,0.0
2025-08-31,0,123,20:30-20:40,956.9833833333333,0.0,1.715175,1.7269937499999997,29.86423333333323,78.60824999999988,153.5142833333333,153.5142833333333,153.5142833333333,0.0,833.3333333333333,1283.7298287037038,0.0
2025-08-31,0,124,20:40-20:50,963.7186166666667,0.0,1.477875,1.4853424107142856,25.909899999999993,72.58777916666705,989.6285166666667,989.6285166666667,989.6285166666667,0.0,0.0,1283.7298287037038,0.0
2025-08-31,0,125,20:50-21:00,950.2283333333332,0.0,1.087075,1.089397767857143,36.80666666666673,75.35684583333335,1036.8389763374487,1036.8389763374487,1036.8389763374487,49.80397633744865,0.0,1328.5534074074076,0.0
2025-08-31,0,126,21:00-21:10,928.1199166666667,0.0,1.0368,1.0360200892857143,29.161316666666607,115.69806666666693,957.2812333333333,957.2812333333333,957.2812333333333,0.0,0.0,1328.5534074074076,0.0
2025-08-31,0,127,21:10-21:20,952.0776000000001,0.0,1.0845000000000002,1.0821013392857144,26.71623333333332,83.267979166667,978.7938333333334,978.7938333333334,978.7938333333334,0.0,0.0,1328.5534074074076,0.0
2025-08-31,0,128,21:20-21:30,1002.9200000000001,0.0,1.10275,1.099745982142857,35.7016666666666,81.89628750000026,1038.6216666666667,1038.6216666666667,1038.6216666666667,0.0,0.0,1328.5534074074076,0.0
2025-08-31,0,129,21:30-21:40,988.5337333333333,0.0,1.16255,1.1603799107142856,29.54936666666663,80.2500291666667,992.1824833333333,992.1824833333333,992.1824833333333,0.0,25.90061666666668,1299.7749444444446,0.0
2025-08-31,0,130,21:40-21:50,868.1925166666666,0.0,0.9344750000000001,0.934672767857143,30.17543333333333,89.79745000000017,878.6611833333333,878.6611833333333,878.6611833333333,0.0,19.70676666666668,1277.8785370370372,0.0
2025-08-31,0,131,21:50-22:00,726.8449999999999,0.0,0.5466000000000001,0.5493700892857143,42.90166666666664,70.09068333333337,794.3351337448557,794.3351337448557,794.3351337448557,24.588467078189193,0.0,1300.0081574074075,0.0
2025-08-31,0,132,22:00-22:10,709.1819,0.0,0.49912500000000004,0.5020191964285715,33.02925000000005,90.0073416666668,1575.5444833333333,1575.5444833333333,1575.5444833333333,833.3333333333333,0.0,2050.0081574074075,0.0
2025-08-31,0,133,22:10-22:20,752.7916666666666,0.0,0.547525,0.5461906250000002,27.82411666666667,102.78750416666674,780.6157833333333,780.6157833333333,780.6157833333333,0.0,0.0,2050.0081574074075,0.0
2025-08-31,0,134,22:20-22:30,776.9633333333333,0.0,0.52785,0.5212370535714285,39.8266666666666,73.87388333333337,1650.123333333333,1650.123333333333,1650.123333333333,833.3333333333333,0.0,2800.0081574074075,0.0
2025-08-31,0,135,22:30-22:40,752.3119166666667,0.0,0.525425,0.5189620535714283,30.973549999999932,59.27809583333354,1616.6187999999997,1616.6187999999997,1616.6187999999997,833.3333333333333,0.0,3550.0081574074075,0.0
2025-08-31,0,136,22:40-22:50,715.7404333333334,0.0,0.53055,0.5285857142857142,26.937599999999975,33.35609166666674,964.8911917695473,964.8911917695473,964.8911917695473,222.21315843621394,0.0,3750.0,0.0
2025-08-31,0,137,22:50-23:00,715.9616666666667,0.0,0.520725,0.5219433035714286,34.38499999999999,60.42699166666671,1583.6799999999998,1583.6799999999998,1583.6799999999998,833.3333333333333,0.0,4500.0,0.0
2025-08-31,0,138,23:00-23:10,768.5491166666667,0.0,0.49937499999999996,0.49733035714285717,33.546466666666674,71.66493749999981,1635.4289166666667,1635.4289166666667,1635.4289166666667,833.3333333333333,0.0,5250.0,0.0
2025-08-31,0,139,23:10-23:20,779.1844166666666,0.0,0.515,0.510463392857143,33.90941666666674,79.10156666666649,1646.4271666666666,1646.4271666666666,1646.4271666666666,833.3333333333333,0.0,6000.0,0.0
2025-08-31,0,140,23:20-23:30,743.0949999999999,0.0,0.55455,0.55200625,30.356666666666683,66.73529583333337,773.4516666666666,773.4516666666666,773.4516666666666,0.0,0.0,6000.0,0.0
2025-08-31,0,141,23:30-23:40,743.9597666666666,0.0,0.556175,0.5568977678571431,23.049000000000092,70.21987916666671,767.0087666666667,767.0087666666667,767.0087666666667,0.0,0.0,6000.0,0.0
2025-08-31,0,142,23:40-23:50,752.8791666666666,0.0,0.552825,0.5537169642857142,34.221900000000005,47.79642500000014,787.1010666666666,787.1010666666666,787.1010666666666,0.0,0.0,6000.0,0.0
2025-08-31,0,143,23:50-24:00,745.6166666666666,0.0,0.55095,0.548675,25.428333333333285,25.784583333333444,771.0449999999998,771.0449999999998,771.0449999999998,0.0,0.0,6000.0,0.0
