date,issue_hour,t,interval,forecast_load_kwh,forecast_pv_kwh,forecast_price,objective_price,margin_kwh,reserve_grid_kwh,q0_kwh,previous_active_kwh,new_active_kwh,planned_charge_kwh,planned_discharge_kwh,planned_end_soc_kwh,reserve_slack_soc_kwh
2025-09-01,0,0,0:00-0:10,730.49745,0.0,0.525675,0.5201111607142858,21.981700000000046,27.91766249999995,752.47915,752.47915,752.47915,0.0,0.0,7050.822294126984,0.0
2025-09-01,0,1,0:10-0:20,710.1111166666666,0.0,0.528775,0.5230200892857143,16.52918333333332,51.10280416666649,726.6402999999999,726.6402999999999,726.6402999999999,0.0,0.0,7050.822294126984,0.0
2025-09-01,0,2,0:20-0:30,694.0916666666667,0.0,0.5542,0.5524290178571428,30.168333333333294,58.213279166666865,724.26,724.26,724.26,0.0,0.0,7050.822294126984,0.0
2025-09-01,0,3,0:30-0:40,697.4120166666667,0.0,0.5432000000000001,0.5451767857142858,15.967766666666762,91.15251666666677,713.3797833333334,713.3797833333334,713.3797833333334,0.0,0.0,7050.822294126984,0.0
2025-09-01,0,4,0:40-0:50,720.3639333333333,0.0,0.533925,0.5342133928571429,32.67791666666665,65.15408749999995,753.04185,753.04185,753.04185,0.0,0.0,7050.822294126984,0.0
2025-09-01,0,5,0:50-1:00,745.2633333333333,0.0,0.5347500000000001,0.5300995535714287,35.91166666666652,70.0568916666667,781.1749999999998,781.1749999999998,781.1749999999998,0.0,0.0,7050.822294126984,0.0
2025-09-01,0,6,1:00-1:10,745.2870833333333,0.0,0.513775,0.507917857142857,39.92780000000016,52.218929166666555,785.2148833333334,785.2148833333334,785.2148833333334,0.0,0.0,7050.822294126984,0.0
2025-09-01,0,7,1:10-1:20,715.44995,0.0,0.496675,0.4894633928571429,36.54121666666674,34.456554166666564,751.9911666666667,751.9911666666667,751.9911666666667,0.0,0.0,7050.822294126984,0.0
2025-09-01,0,8,1:20-1:30,691.8933333333332,0.0,0.502775,0.4947093750000001,31.646666666666647,71.6916166666667,723.5399999999998,723.5399999999998,723.5399999999998,0.0,0.0,7050.822294126984,0.0
2025-09-01,0,9,1:30-1:40,714.6291333333334,0.0,0.5239750000000001,0.5199642857142858,13.662483333333398,65.47220416666647,728.2916166666668,728.2916166666668,728.2916166666668,0.0,0.0,7050.822294126984,0.0
2025-09-01,0,10,1:40-1:50,702.2681666666667,0.0,0.529425,0.5252852678571428,20.12435000000005,48.69963749999994,722.3925166666668,722.3925166666668,722.3925166666668,0.0,0.0,7050.822294126984,0.0
2025-09-01,0,11,1:50-2:00,660.095,0.0,0.5125000000000001,0.5043933035714286,26.43333333333328,73.09757916666649,686.5283333333333,686.5283333333333,686.5283333333333,0.0,0.0,7050.822294126984,0.0
2025-09-01,0,12,2:00-2:10,673.7265,0.0,0.4956750000000001,0.48904196428571434,31.563916666666728,74.10471666666669,705.2904166666667,705.2904166666667,705.2904166666667,0.0,0.0,7050.822294126984,0.0
2025-09-01,0,13,2:10-2:20,684.1446333333333,0.0,0.4988,0.49262366071428554,33.46805000000006,74.03439583333326,717.6126833333334,717.6126833333334,717.6126833333334,0.0,0.0,7050.822294126984,0.0
2025-09-01,0,14,2:20-2:30,678.9033333333333,0.0,0.507875,0.5013089285714286,21.980000000000018,43.87514583333325,700.8833333333333,700.8833333333333,700.8833333333333,0.0,0.0,7050.822294126984,0.0
2025-09-01,0,15,2:30-2:40,704.1628666666667,0.0,0.49212500000000003,0.49109955357142854,28.621816666666632,53.40604166666668,732.7846833333333,732.7846833333333,732.7846833333333,0.0,0.0,7050.822294126984,0.0
2025-09-01,0,16,2:40-2:50,707.7098666666667,0.0,0.48414999999999997,0.4855660714285714,32.90999999999997,88.60931666666664,740.6198666666667,740.6198666666667,740.6198666666667,0.0,0.0,7050.822294126984,0.0
2025-09-01,0,17,2:50-3:00,686.5483333333333,0.0,0.48885,0.4872156250000001,31.838333333333367,85.16115535714277,718.3866666666667,718.3866666666667,718.3866666666667,0.0,0.0,7050.822294126984,0.0
2025-09-01,0,18,3:00-3:10,690.9474333333333,0.0,0.48085,0.4773026785714286,34.67196666666655,64.12782083333337,725.6193999999998,725.6193999999998,725.6193999999998,0.0,0.0,7050.822294126984,0.0
2025-09-01,0,19,3:10-3:20,686.9350999999999,0.0,0.4873,0.4832754464285717,28.940578571428546,61.97019523809499,715.8756785714285,715.8756785714285,715.8756785714285,0.0,0.0,7050.822294126984,0.0
2025-09-01,0,20,3:20-3:30,655.8399999999999,0.0,0.503075,0.49942812500000017,29.63666666666677,79.08433809523788,685.4766666666667,685.4766666666667,685.4766666666667,0.0,0.0,7050.822294126984,0.0
2025-09-01,0,21,3:30-3:40,624.9764333333333,5.952380952380951e-05,0.493925,0.49114017857142855,27.811323809523856,127.26808809523797,652.7876976190475,652.7876976190475,652.7876976190475,0.0,0.0,7050.822294126984,0.0
2025-09-01,0,22,3:40-3:50,652.9242999999999,0.0,0.49350000000000005,0.4895705357142858,15.89493333333337,84.8922392857143,668.8192333333333,668.8192333333333,668.8192333333333,0.0,0.0,7050.822294126984,0.0
2025-09-01,0,23,3:50-4:00,715.8616666666667,0.0,0.50275,0.49690401785714305,23.11166666666668,54.06617440476171,738.9733333333334,738.9733333333334,738.9733333333334,0.0,0.0,7050.822294126984,0.0
2025-09-01,0,24,4:00-4:10,726.9395,0.001619047619047619,0.48965000000000003,0.48507098214285704,29.939916666666704,48.10116607142848,756.8777976190476,756.8777976190476,756.8777976190476,0.0,0.0,7050.822294126984,0.0
2025-09-01,0,25,4:10-4:20,705.2192666666666,0.0,0.4867,0.48441696428571424,31.402047619047607,60.581179166666544,736.6213142857142,736.6213142857142,736.6213142857142,0.0,0.0,7050.822294126984,0.0
2025-09-01,0,26,4:20-4:30,669.4816666666666,0.0,0.4957,0.4935455357142856,40.16666666666663,97.86170357142869,709.6483333333332,709.6483333333332,709.6483333333332,0.0,0.0,7050.822294126984,0.0
2025-09-01,0,27,4:30-4:40,627.2247166666666,0.022533333333333336,0.48185,0.4768169642857144,26.371380952380946,140.62257500000004,1485.9932374779542,1485.9932374779542,1485.9932374779542,832.4196731922398,0.0,7800.0,0.0
2025-09-01,0,28,4:40-4:50,646.4535666666666,0.0,0.454725,0.4497955357142857,19.775099999999952,177.70106011904758,1499.562,1499.562,1499.562,833.3333333333333,0.0,8550.0,0.0
2025-09-01,0,29,4:50-5:00,689.0383333333332,0.0,0.443,0.439765625,43.40999999999997,134.51424226190477,1565.7816666666663,1565.7816666666663,1565.7816666666663,833.3333333333333,0.0,9300.0,0.0
2025-09-01,0,30,5:00-5:10,651.7037833333333,0.31388095238095237,0.470525,0.46501249999999994,36.269033333333255,135.76203988095236,1520.9922690476187,1520.9922690476187,1520.9922690476187,833.3333333333333,0.0,10050.0,0.0
2025-09-01,0,31,5:10-5:20,649.2993333333333,0.0,0.509225,0.5105285714285713,29.922345238095318,118.8682160714286,679.2216785714286,679.2216785714286,679.2216785714286,0.0,0.0,10050.0,0.0
2025-09-01,0,32,5:20-5:30,680.5433333333333,0.0,0.48595,0.4977611607142856,28.51904761904757,106.45686369047627,709.0623809523809,709.0623809523809,709.0623809523809,0.0,0.0,10050.0,0.0
2025-09-01,0,33,5:30-5:40,641.7795166666666,11.143761904761904,0.39215,0.39915267857142867,31.974554761904756,111.58845833333356,1495.9436428571425,1495.9436428571425,1495.9436428571425,833.3333333333333,0.0,10800.0,0.0
2025-09-01,0,34,5:40-5:50,697.0193999999999,39.36538571428571,0.5813250000000001,0.5864950892857143,32.588680952380855,148.01119404761926,690.242695238095,690.242695238095,690.242695238095,0.0,0.0,10800.0,0.0
2025-09-01,0,35,5:50-6:00,832.8,81.29821428571428,0.938475,0.9485834821428574,41.46523809523808,161.652074404762,0.0,0.0,0.0,0.0,792.9670238095238,9918.925529100528,0.0
2025-09-01,0,36,6:00-6:10,858.9216166666666,126.73677857142856,0.969325,0.9763955357142855,41.26759523809517,188.4404160714285,0.0,0.0,0.0,0.0,773.4524333333333,9059.533936507936,0.0
2025-09-01,0,37,6:10-6:20,858.7256,176.3413476190476,0.8906000000000001,0.8937879464285716,39.929478571428604,249.74131547619078,0.0,0.0,0.0,0.0,722.313730952381,8256.963124338625,0.0
2025-09-01,0,38,6:20-6:30,881.1166666666666,229.19821428571424,0.865925,0.8691589285714285,59.52571428571434,296.01746666666594,0.0,0.0,0.0,0.0,711.4441666666667,7466.469605820106,0.0
2025-09-01,0,39,6:30-6:40,878.99245,281.1185309523809,0.837725,0.8416549107142857,41.56571190476188,409.7974154761897,0.0,0.0,0.0,0.0,639.4396309523809,6755.9811269841275,0.0
2025-09-01,0,40,6:40-6:50,844.5405333333333,332.3100095238095,0.810475,0.8126263392857143,46.08826190476191,527.7104464285708,0.0,0.0,0.0,0.0,558.3187857142857,6135.626920634921,0.0
2025-09-01,0,41,6:50-7:00,808.3399999999999,382.1544642857142,0.788375,0.7880151785714288,52.93553571428572,656.1090130952377,0.0,0.0,0.0,0.0,479.12107142857144,5603.270174603174,0.0
2025-09-01,0,42,7:00-7:10,812.6728833333333,429.39124999999996,0.764675,0.7652513392857146,52.02557380952362,719.4373398809523,0.0,0.0,0.0,0.0,435.30720714285695,5119.5955,0.0
2025-09-01,0,43,7:10-7:20,836.2933333333333,478.07539285714284,0.7603,0.760501785714286,58.58488571428589,725.130120238095,396.4840154761887,396.4840154761887,396.4840154761887,0.0,20.31881071428761,5097.019043650792,0.0
2025-09-01,0,44,7:20-7:30,825.7933333333333,533.4276785714286,0.726575,0.7229718749999999,47.7030952380951,734.7396797619047,340.0687499999998,340.0687499999998,340.0687499999998,0.0,0.0,5097.019043650792,0.0
2025-09-01,0,45,7:30-7:40,773.6182333333333,596.4364619047619,0.63405,0.6259049107142857,60.74443333333329,745.9996363095237,237.92620476190461,237.92620476190461,237.92620476190461,0.0,0.0,5097.019043650792,0.0
2025-09-01,0,46,7:40-7:50,903.1444333333334,652.8158666666666,0.81315,0.8019848214285716,50.2092833333333,733.507545238095,0.0,0.0,0.0,0.0,300.53785000000016,4763.088099206348,0.0
2025-09-01,0,47,7:50-8:00,1122.5916666666667,705.3035714285716,1.14815,1.136361607142857,32.30898809523842,818.0679345238087,0.0,0.0,0.0,0.0,449.59708333333356,4263.535784391533,0.0
2025-09-01,0,48,8:00-8:10,1108.4556333333333,768.9095428571428,1.16345,1.1524870535714287,40.18017380952389,964.7407321428564,0.0,0.0,0.0,0.0,379.72626428571436,3841.6177129629614,0.0
2025-09-01,0,49,8:10-8:20,1089.84405,825.4298380952379,1.079825,1.0677433035714285,59.84654523809513,986.9818130952376,0.0,0.0,0.0,0.0,324.2607571428572,3481.3279828042314,0.0
2025-09-01,0,50,8:20-8:30,1148.01,872.1848214285712,1.0695,1.0549294642857139,78.83345238095251,986.3982446428568,0.0,0.0,0.0,0.0,354.65863095238115,3087.2628373015855,0.0
2025-09-01,0,51,8:30-8:40,1129.5613333333333,924.0072738095238,1.077725,1.0629941964285714,67.61666904761915,976.3970839285713,0.0,0.0,0.0,0.0,273.17072857142864,2783.7398055555536,0.0
2025-09-01,0,52,8:40-8:50,1099.8836,970.216457142857,1.05915,1.0449026785714286,74.07551428571415,930.5104125,0.0,0.0,0.0,0.0,203.74265714285707,2557.3590753968238,0.0
2025-09-01,0,53,8:50-9:00,1112.3966666666665,1008.5955357142857,1.0218500000000001,1.007173660714286,100.00065476190468,895.6978845238096,0.0,0.0,0.0,0.0,203.80178571428542,2330.9126468253953,0.0
2025-09-01,0,54,9:00-9:10,1144.5500333333332,1049.4154571428571,1.006175,0.9901767857142854,72.9972857142856,829.7218857142855,0.0,0.0,0.0,0.0,168.13186190476176,2144.0994669312154,0.0
2025-09-01,0,55,9:10-9:20,1151.3632499999999,1092.6731476190478,0.988475,0.9704669642857143,57.75321190476188,758.1139255952377,0.0,0.0,0.0,0.0,116.443314285714,2014.7180066137553,0.0
2025-09-01,0,56,9:20-9:30,1129.8583333333331,1140.2125,0.94665,0.9278468749999996,74.32726190476183,698.1851886904756,0.0,0.0,0.0,0.0,63.97309523809486,1943.6367896825388,0.0
2025-09-01,0,57,9:30-9:40,1114.63945,1192.9474214285713,0.9037999999999999,0.8876053571428574,90.22309999999993,652.2035964285707,0.0,0.0,0.0,0.0,11.915128571428568,1930.397757936507,0.0
2025-09-01,0,58,9:40-9:50,1103.7876666666666,1231.1419785714286,0.98285,0.9694508928571427,89.14932380952398,657.3579821428564,0.0,0.0,0.0,38.20498809523792,0.0,1964.7822472222213,0.0
2025-09-01,0,59,9:50-10:00,1097.5233333333333,1261.6035714285713,1.12325,1.1077000000000004,76.86619047619054,641.719823214285,0.0,0.0,0.0,87.2140476190475,0.0,2043.274890079364,0.0
2025-09-01,0,60,10:00-10:10,1107.1890833333332,1307.176345238095,1.1292,1.1055169642857146,60.11160476190472,568.7859988095233,0.0,0.0,0.0,139.8756571428571,0.0,2169.1629815079355,0.0
2025-09-01,0,61,10:10-10:20,1140.0808666666667,1330.0508095238097,1.09445,1.0730379464285713,77.93533571428577,513.453254166667,0.0,0.0,0.0,112.03460714285711,0.0,2269.9941279365066,0.0
2025-09-01,0,62,10:20-10:30,1170.58,1327.5026785714285,1.113475,1.1032660714285714,93.69505952380928,479.8779202380954,0.0,0.0,0.0,63.22761904761933,0.0,2326.898985079364,0.0
2025-09-01,0,63,10:30-10:40,1156.65475,1336.9110119047618,1.1387749999999999,1.130288839285714,94.77828333333318,485.37824761904767,0.0,0.0,0.0,85.47797857142882,0.0,2403.82916579365,0.0
2025-09-01,0,64,10:40-10:50,1117.7905833333332,1354.0431714285712,0.8730749999999999,0.8593839285714279,90.60197857142873,477.1887803571427,0.0,0.0,0.0,145.6506095238094,0.0,2534.9147143650785,0.0
2025-09-01,0,65,10:50-11:00,1090.925,1372.0151785714284,0.4759,0.45649866071428574,108.39690476190496,453.78386428571446,0.0,0.0,0.0,172.69327380952336,0.0,2690.3386607936495,0.0
2025-09-01,0,66,11:00-11:10,1099.6095333333333,1390.308876190476,0.432975,0.41101205357142856,106.90294285714262,519.6919375,649.5369333333331,649.5369333333331,649.5369333333331,833.3333333333333,0.0,3440.3386607936495,0.0
2025-09-01,0,67,11:10-11:20,1108.8523166666666,1401.5359833333332,0.4743,0.45193705357142855,102.59410476190503,594.1120470238088,147.16187134039154,147.16187134039154,147.16187134039154,337.251433245153,0.0,3743.8649507142873,0.0
2025-09-01,0,68,11:20-11:30,1112.1033333333332,1416.905357142857,0.4473,0.42377142857142847,101.29113095238085,659.3608815476189,629.8224404761904,629.8224404761904,629.8224404761904,833.3333333333333,0.0,4493.864950714287,0.0
2025-09-01,0,69,11:30-11:40,1127.2309666666665,1451.0841190476194,0.464575,0.43704732142857144,87.19853571428575,658.2604452380954,596.6787166666661,596.6787166666661,596.6787166666661,833.3333333333333,0.0,5243.864950714287,0.0
2025-09-01,0,70,11:40-11:50,1101.4032666666667,1454.16435,0.45830000000000004,0.4283924107142858,102.26503333333373,647.488987500001,582.8372833333337,582.8372833333337,582.8372833333337,833.3333333333333,0.0,5993.864950714287,0.0
2025-09-01,0,71,11:50-12:00,1054.92,1433.0294642857143,0.41850000000000004,0.38946116071428577,105.5095238095239,651.1699761904769,560.7333928571429,560.7333928571429,560.7333928571429,833.3333333333333,0.0,6743.864950714287,0.0
2025-09-01,0,72,12:00-12:10,1064.7015,1444.461961904762,0.4209,0.3937258928571428,131.09095476190464,599.8237339285718,584.6638261904759,584.6638261904759,584.6638261904759,833.3333333333333,0.0,7493.864950714287,0.0
2025-09-01,0,73,12:10-12:20,1071.8475666666666,1454.2123309523809,0.45675,0.4324714285714286,115.05527380952367,554.9944857142863,566.0238428571427,566.0238428571427,566.0238428571427,833.3333333333333,0.0,8243.864950714287,0.0
2025-09-01,0,74,12:20-12:30,1046.6233333333332,1450.167857142857,0.45735000000000003,0.43507276785714294,118.21238095238104,481.89572261904715,548.0011904761905,548.0011904761905,548.0011904761905,833.3333333333333,0.0,8993.864950714287,0.0
2025-09-01,0,75,12:30-12:40,1028.5058166666665,1454.1637714285712,0.399,0.37528883928571427,102.07584047619025,544.3402845238102,509.75121904761886,509.75121904761886,509.75121904761886,833.3333333333333,0.0,9743.864950714287,0.0
2025-09-01,0,76,12:40-12:50,1072.7289333333333,1442.4573119047618,0.568075,0.5442571428571429,95.43917142857156,498.4890309523818,0.0,0.0,0.0,274.28920714285687,0.0,9990.725237142859,0.0
2025-09-01,0,77,12:50-13:00,1133.1983333333333,1411.8339285714285,0.87075,0.8481245535714282,83.7097023809522,499.8130386904768,0.0,0.0,0.0,194.92589285714303,0.0,10166.158540714287,0.0
2025-09-01,0,78,13:00-13:10,1111.94925,1385.859961904762,0.906075,0.881558482142857,87.86341428571416,502.00818630952404,0.0,0.0,0.0,186.04729761904787,0.0,10333.601108571429,0.0
2025-09-01,0,79,13:10-13:20,1115.3715666666667,1365.5347119047615,0.867175,0.8421540178571431,90.87433809523768,500.6220648809522,0.0,0.0,0.0,159.2888071428572,0.0,10476.961035,0.0
2025-09-01,0,80,13:20-13:30,1156.155,1346.0723214285715,0.87485,0.8511165178571432,69.41065476190465,510.3708422619042,0.0,0.0,0.0,120.50666666666689,0.0,10585.417035,0.0
2025-09-01,0,81,13:30-13:40,1139.9403,1322.9226976190475,0.8706,0.846525892857143,91.15723333333352,486.4642059523804,0.0,0.0,0.0,91.82516428571398,0.0,10668.059682857143,0.0
2025-09-01,0,82,13:40-13:50,1124.8310499999998,1291.8123857142855,0.972625,0.952369642857143,70.38234285714293,521.4271053571422,0.0,0.0,0.0,96.59899285714278,0.0,10754.998776428572,0.0
2025-09-01,0,83,13:50-14:00,1138.2933333333333,1252.75,1.1354,1.1210607142857143,83.78613095238083,499.8376577380947,0.0,0.0,0.0,30.67053571428596,0.0,10782.602258571429,0.0
2025-09-01,0,84,14:00-14:10,1147.1237999999998,1209.9722214285716,1.170225,1.1555075892857143,43.51759761904775,495.2818541666663,0.0,0.0,0.0,19.330823809523963,0.0,10800.0,0.0
2025-09-01,0,85,14:10-14:20,1155.8089333333332,1167.604142857143,1.1548500000000002,1.1403486607142859,64.603469047619,469.0256434523807,0.0,0.0,0.0,0.0,52.808259523809284,10741.324156084656,0.0
2025-09-01,0,86,14:20-14:30,1154.9099999999999,1125.9910714285713,1.2002,1.187553571428571,80.03851190476172,432.68363273809484,0.0,0.0,0.0,0.0,108.95744047619019,10620.260333333334,0.0
2025-09-01,0,87,14:30-14:40,1129.5849833333332,1082.6348904761903,1.292,1.276928125,64.52734047619029,366.024034523809,0.0,0.0,0.0,0.0,111.47743333333324,10496.396518518519,0.0
2025-09-01,0,88,14:40-14:50,1136.8975333333333,1038.309457142857,1.0834,1.066732589285714,55.63592857142879,410.06040714285643,0.0,0.0,0.0,0.0,154.22400476190523,10325.036513227513,0.0
2025-09-01,0,89,14:50-15:00,1184.7166666666667,990.6276785714286,0.7166,0.7015946428571428,54.31767857142859,381.7908386904754,248.40666666666664,248.40666666666664,248.40666666666664,0.0,0.0,10325.036513227513,0.0
2025-09-01,0,90,15:00-15:10,1219.3180333333332,937.0344928571427,0.7062,0.6929812500000001,66.74425238095256,290.433008333333,876.7650003821287,876.7650003821287,876.7650003821287,527.7372075249857,0.0,10800.0,0.0
2025-09-01,0,91,15:10-15:20,1211.8754999999999,889.6602547619048,0.7832,0.7689638392857144,56.5384142857142,282.13118333333284,378.75365952380935,378.75365952380935,378.75365952380935,0.0,0.0,10800.0,0.0
2025-09-01,0,92,15:20-15:30,1175.2833333333333,847.9428571428571,0.7830249999999999,0.767210714285714,63.340476190476295,245.90521904761835,390.6809523809525,390.6809523809525,390.6809523809525,0.0,0.0,10800.0,0.0
2025-09-01,0,93,15:30-15:40,1152.9874166666666,799.0807738095236,0.814025,0.8014299107142858,57.72837619047647,220.70793869047574,411.6350190476194,411.6350190476194,411.6350190476194,0.0,0.0,10800.0,0.0
2025-09-01,0,94,15:40-15:50,1169.3610666666666,746.8221571428571,0.8519749999999999,0.844734375,57.3909285714285,195.75396607142835,479.929838095238,479.929838095238,479.929838095238,0.0,0.0,10800.0,0.0
2025-09-01,0,95,15:50-16:00,1192.215,696.3964285714285,0.874725,0.8696714285714284,62.94946428571416,225.7276535714283,558.7680357142856,558.7680357142856,558.7680357142856,0.0,-0.0,10800.0,0.0
2025-09-01,0,96,16:00-16:10,1168.7907333333333,647.8964523809524,0.8979250000000001,0.8896062499999998,53.48213809523804,197.68845535714257,574.3764190476189,574.3764190476189,574.3764190476189,0.0,-0.0,10800.0,0.0
2025-09-01,0,97,16:10-16:20,1166.0684166666665,592.8439904761904,0.9329,0.9272093749999998,67.71999047619045,238.68292261904736,640.9444166666667,640.9444166666667,640.9444166666667,0.0,-0.0,10800.0,0.0
2025-09-01,0,98,16:20-16:30,1198.8433333333332,534.96875,0.957025,0.95674375,59.580892857143,212.48648154761878,723.4554761904762,723.4554761904762,723.4554761904762,0.0,-0.0,10800.0,0.0
2025-09-01,0,99,16:30-16:40,1212.9452166666665,486.31246666666664,0.9431499999999999,0.9371799107142855,34.30533095238093,147.78485595238084,760.9380809523808,760.9380809523808,760.9380809523808,0.0,0.0,10800.0,0.0
2025-09-01,0,100,16:40-16:50,1209.3444666666664,435.45339285714283,0.9706250000000001,0.9616928571428571,29.645899999999898,105.2267714285712,803.5369738095236,803.5369738095236,803.5369738095236,0.0,-0.0,10800.0,0.0
2025-09-01,0,101,16:50-17:00,1209.7333333333331,377.83839285714276,1.0329000000000002,1.0287156250000005,47.82565476190487,115.05545595238067,879.7205952380953,879.7205952380953,879.7205952380953,0.0,-0.0,10800.0,0.0
2025-09-01,0,102,17:00-17:10,1221.8811333333333,321.2095928571428,1.04675,1.0459312500000002,53.64441428571428,73.69392797619031,954.3159547619048,954.3159547619048,954.3159547619048,0.0,0.0,10800.0,0.0
2025-09-01,0,103,17:10-17:20,1180.3694166666667,270.6732833333333,1.0687000000000002,1.068217410714286,38.58126428571427,86.54325714285724,948.2773976190476,948.2773976190476,948.2773976190476,0.0,0.0,10800.0,0.0
2025-09-01,0,104,17:20-17:30,1151.9266666666667,224.86071428571427,1.1071,1.106688392857143,45.97678571428571,100.25539821428585,973.0427380952381,973.0427380952381,973.0427380952381,0.0,0.0,10800.0,0.0
2025-09-01,0,105,17:30-17:40,1245.6943333333334,178.29997142857144,1.12365,1.12655,43.159847619047696,70.34942380952386,1110.5542095238097,1110.5542095238097,1110.5542095238097,0.0,0.0,10800.0,0.0
2025-09-01,0,106,17:40-17:50,1157.87395,131.71739523809524,1.22145,1.2280718749999997,44.556973809523754,53.139436904761794,1070.7135285714285,1070.7135285714285,1070.7135285714285,0.0,-0.0,10800.0,0.0
2025-09-01,0,107,17:50-18:00,922.245,85.47410714285714,1.3557000000000001,1.3636071428571428,29.599226190476315,84.42601428571416,866.3701190476191,866.3701190476191,866.3701190476191,0.0,0.0,10800.0,0.0
2025-09-01,0,108,18:00-18:10,891.39315,40.97470714285714,1.36675,1.373880357142857,35.985538095237985,66.35272678571431,886.4039809523808,886.4039809523808,886.4039809523808,0.0,0.0,10800.0,0.0
2025-09-01,0,109,18:10-18:20,929.7429333333332,11.180521428571426,1.365825,1.376404017857143,29.47711190476184,50.03238690476181,948.0395238095236,948.0395238095236,948.0395238095236,0.0,0.0,10800.0,0.0
2025-09-01,0,110,18:20-18:30,922.285,0.0,1.38,1.3918584821428566,44.356845238095275,39.4923726190477,966.6418452380952,966.6418452380952,966.6418452380952,0.0,-0.0,10800.0,0.0
2025-09-01,0,111,18:30-18:40,900.3197499999999,0.0,1.346775,1.3457437500000002,26.99799761904751,56.84191071428609,927.3177476190474,927.3177476190474,927.3177476190474,0.0,0.0,10800.0,0.0
2025-09-01,0,112,18:40-18:50,889.8729833333333,0.3048595238095238,1.448125,1.4409977678571433,32.55858809523795,53.71539523809548,922.1267119047617,922.1267119047617,922.1267119047617,0.0,0.0,10800.0,0.0
2025-09-01,0,113,18:50-19:00,899.495,0.0,1.63635,1.6363535714285715,37.430000000000064,48.99302976190489,705.5471624999983,705.5471624999983,705.5471624999983,0.0,231.3778375000018,10542.913513888887,0.0
2025-09-01,0,114,19:00-19:10,923.1610000000001,0.0,1.6642,1.6704883928571423,30.596878571428533,55.28443988095239,120.42454523809533,120.42454523809533,120.42454523809533,0.0,833.3333333333333,9616.987587962962,0.0
2025-09-01,0,115,19:10-19:20,953.9594999999999,0.021888095238095238,1.6500750000000002,1.657823214285715,38.42950238095227,63.03896249999988,159.03378095238088,159.03378095238088,159.03378095238088,0.0,833.3333333333333,8691.061662037037,0.0
2025-09-01,0,116,19:20-19:30,968.2766666666666,0.0,1.662375,1.6681196428571432,42.2166666666667,55.85488928571411,177.16000000000008,177.16000000000008,177.16000000000008,0.0,833.3333333333333,7765.135736111111,0.0
2025-09-01,0,117,19:30-19:40,944.7745833333333,0.0,1.647075,1.6509540178571431,31.658783333333417,65.58654880952338,143.1000333333335,143.1000333333335,143.1000333333335,0.0,833.3333333333333,6839.209810185185,0.0
2025-09-01,0,118,19:40-19:50,934.8885666666666,0.0015690476190476188,1.637325,1.641595982142858,14.022461904762054,86.64085416666634,115.57612619047643,115.57612619047643,115.57612619047643,0.0,833.3333333333333,5913.283884259259,0.0
2025-09-01,0,119,19:50-20:00,942.6299999999999,0.0,1.6425,1.6494803571428576,18.889999999999873,73.02436607142849,128.1866666666665,128.1866666666665,128.1866666666665,0.0,833.3333333333333,4987.357958333333,0.0
2025-09-01,0,120,20:00-20:10,928.4247499999999,0.0,1.635625,1.6455758928571431,27.342654761904896,73.62578452380919,122.43407142857154,122.43407142857154,122.43407142857154,0.0,833.3333333333333,4061.432032407407,0.0
2025-09-01,0,121,20:10-20:20,938.2908333333332,5.2380952380952384e-05,1.634125,1.6437312500000005,28.617821428571347,42.01699523809535,133.57526904761892,133.57526904761892,133.57526904761892,0.0,833.3333333333333,3135.506106481481,0.0
2025-09-01,0,122,20:20-20:30,966.0483333333333,0.0,1.6727249999999998,1.6792178571428573,17.79166666666663,78.09080416666666,150.50666666666666,150.50666666666666,150.50666666666666,0.0,833.3333333333333,2209.5801805555548,0.0
2025-09-01,0,123,20:30-20:40,955.5321166666665,0.0,1.7189,1.7233638392857145,29.505016666666734,41.86232559523782,151.7038,151.7038,151.7038,0.0,833.3333333333333,1283.654254629629,0.0
2025-09-01,0,124,20:40-20:50,945.7221833333333,0.0,1.4720499999999999,1.4747767857142857,24.408333333333417,75.28882916666609,951.6958666666674,951.6958666666674,951.6958666666674,0.0,18.434649999999397,1263.1713101851851,0.0
2025-09-01,0,125,20:50-21:00,950.385,0.0,1.0773249999999999,1.0776571428571426,36.66333333333341,56.85417916666651,1002.7681893004113,1002.7681893004113,1002.7681893004113,15.71985596707792,0.0,1277.3191805555552,0.0
2025-09-01,0,126,21:00-21:10,941.9558166666667,0.0,1.013875,1.0115129464285715,26.913033333333487,69.58726249999967,993.4046370370371,993.4046370370371,993.4046370370371,24.53578703703695,0.0,1299.4013888888885,0.0
2025-09-01,0,127,21:10-21:20,927.0223833333332,0.0,1.0573,1.0531834821428572,26.428916666666737,64.22269166666663,953.4513,953.4513,953.4513,0.0,0.0,1299.4013888888885,0.0
2025-09-01,0,128,21:20-21:30,926.0516666666667,0.0,1.080725,1.0761790178571429,29.6633333333333,86.09294166666632,955.715,955.715,955.715,0.0,0.0,1299.4013888888885,0.0
2025-09-01,0,129,21:30-21:40,941.8411666666666,0.0,1.1376,1.1334736607142857,27.778633333333346,80.37891249999981,969.6197999999999,969.6197999999999,969.6197999999999,0.0,0.0,1299.4013888888885,0.0
2025-09-01,0,130,21:40-21:50,892.2837999999999,0.0,0.91155,0.90905,26.15594999999996,89.4612499999997,906.6848333333335,906.6848333333335,906.6848333333335,0.0,11.75491666666644,1286.3403703703702,0.0
2025-09-01,0,131,21:50-22:00,786.5749999999999,0.0,0.5384,0.5383040178571428,36.780000000000086,77.70633333333313,843.314274691358,843.314274691358,843.314274691358,19.95927469135798,0.0,1304.3037175925924,0.0
2025-09-01,0,132,22:00-22:10,722.20255,0.0,0.5092500000000001,0.5103008928571429,32.053766666666775,93.87334583333308,1587.58965,1587.58965,1587.58965,833.3333333333333,0.0,2054.3037175925924,0.0
2025-09-01,0,133,22:10-22:20,700.3672833333333,0.0,0.5587500000000001,0.5561062500000001,26.119266666666817,77.36009166666662,726.4865500000001,726.4865500000001,726.4865500000001,0.0,0.0,2054.3037175925924,0.0
2025-09-01,0,134,22:20-22:30,716.7216666666666,0.0,0.5274,0.5193665178571429,36.33666666666659,63.8304500000001,1586.3916666666664,1586.3916666666664,1586.3916666666664,833.3333333333333,0.0,2804.3037175925924,0.0
2025-09-01,0,135,22:30-22:40,767.3325166666666,0.0,0.525225,0.5176901785714285,26.84140000000002,52.7031291666666,1627.5072499999999,1627.5072499999999,1627.5072499999999,833.3333333333333,0.0,3554.3037175925924,0.0
2025-09-01,0,136,22:40-22:50,775.6457333333333,0.0,0.5378,0.5335294642857142,24.74316666666664,28.12073333333342,800.3888999999999,800.3888999999999,800.3888999999999,0.0,0.0,3554.3037175925924,0.0
2025-09-01,0,137,22:50-23:00,755.1099999999999,0.0,0.544825,0.5424482142857143,34.38499999999999,63.49895416666678,789.4949999999999,789.4949999999999,789.4949999999999,0.0,0.0,3554.3037175925924,0.0
2025-09-01,0,138,23:00-23:10,784.6281,0.0,0.55025,0.5470879464285715,29.16006666666658,78.47402500000021,813.7881666666666,813.7881666666666,813.7881666666666,0.0,0.0,3554.3037175925924,0.0
2025-09-01,0,139,23:10-23:20,776.7506166666667,0.0,0.5418499999999999,0.5380544642857142,33.65274999999997,78.24439166666662,810.4033666666667,810.4033666666667,810.4033666666667,0.0,0.0,3554.3037175925924,0.0
2025-09-01,0,140,23:20-23:30,722.5633333333333,0.0,0.5279,0.5249,29.894999999999982,53.01588333333339,1585.7916666666665,1585.7916666666665,1585.7916666666665,833.3333333333333,0.0,4304.303717592593,0.0
2025-09-01,0,141,23:30-23:40,709.7487166666666,0.0,0.5316,0.5295071428571427,19.235716666666576,57.940466666666794,1562.3177666666666,1562.3177666666666,1562.3177666666666,833.3333333333333,0.0,5054.303717592593,0.0
2025-09-01,0,142,23:40-23:50,727.3195999999999,0.0,0.536075,0.5334272321428573,33.33789999999999,42.17377500000009,978.0978137860078,978.0978137860078,978.0978137860078,217.44031378600792,0.0,5250.0,0.0
2025-09-01,0,143,23:50-24:00,742.8383333333333,0.0,0.529775,0.52499375,19.13833333333332,29.15958333333336,1595.31,1595.31,1595.31,833.3333333333333,0.0,6000.0,0.0
2025-09-02,0,0,0:00-0:10,737.2925666666666,0.0,0.5193749999999999,0.5118973214285714,21.321399999999926,43.19628333333381,758.6139666666666,758.6139666666666,758.6139666666666,0.0,0.0,10163.345433915343,0.0
2025-09-02,0,1,0:10-0:20,726.4461666666666,0.0,0.5203249999999999,0.5127080357142858,14.797366666666676,62.09152500000053,741.2435333333333,741.2435333333333,741.2435333333333,0.0,0.0,10163.345433915343,0.0
2025-09-02,0,2,0:20-0:30,718.2149999999999,0.0,0.5283,0.5243075892857141,28.09166666666647,64.59013333333371,746.3066666666664,746.3066666666664,746.3066666666664,0.0,0.0,10163.345433915343,0.0
2025-09-02,0,3,0:30-0:40,707.1014,0.0,0.522575,0.5216553571428572,14.938966666666602,84.73972083333362,722.0403666666666,722.0403666666666,722.0403666666666,0.0,0.0,10163.345433915343,0.0
2025-09-02,0,4,0:40-0:50,700.12565,0.0,0.5049,0.5024647321428571,26.891299999999887,81.81287083333345,727.0169499999998,727.0169499999998,727.0169499999998,0.0,0.0,10163.345433915343,0.0
2025-09-02,0,5,0:50-1:00,712.2633333333333,0.0,0.49744999999999995,0.49048437499999986,25.5383333333333,71.50470833333341,737.8016666666666,737.8016666666666,737.8016666666666,0.0,0.0,10163.345433915343,0.0
2025-09-02,0,6,1:00-1:10,745.5218666666666,0.0,0.51875,0.5096004464285714,36.14063333333331,50.72227500000008,781.6624999999999,781.6624999999999,781.6624999999999,0.0,0.0,10163.345433915343,0.0
2025-09-02,0,7,1:10-1:20,735.4095666666667,0.0,0.5171250000000001,0.5066388392857145,35.08179999999993,22.812674999999984,770.4913666666666,770.4913666666666,770.4913666666666,0.0,0.0,10163.345433915343,0.0
2025-09-02,0,8,1:20-1:30,690.6766666666667,0.0,0.503575,0.49336160714285704,27.796666666666738,56.577499999999986,718.4733333333335,718.4733333333335,718.4733333333335,0.0,0.0,10163.345433915343,0.0
2025-09-02,0,9,1:30-1:40,681.5333666666667,0.0,0.53525,0.529041517857143,12.844799999999964,68.25540416666666,694.3781666666666,694.3781666666666,694.3781666666666,0.0,0.0,10163.345433915343,0.0
2025-09-02,0,10,1:40-1:50,667.0940833333333,0.0,0.536725,0.5303866071428571,18.15883333333329,52.85215000000022,685.2529166666666,685.2529166666666,685.2529166666666,0.0,0.0,10163.345433915343,0.0
2025-09-02,0,11,1:50-2:00,639.9383333333333,0.0,0.4977,0.487759375,21.44500000000005,68.33418750000024,661.3833333333333,661.3833333333333,661.3833333333333,0.0,0.0,10163.345433915343,0.0
2025-09-02,0,12,2:00-2:10,643.7393,0.0,0.4864,0.47751562500000017,31.43723333333321,78.73879166666677,675.1765333333332,675.1765333333332,675.1765333333332,0.0,0.0,10163.345433915343,0.0
2025-09-02,0,13,2:10-2:20,677.1441333333332,0.0,0.48929999999999996,0.47998794642857145,28.905250000000024,60.125795833333285,706.0493833333333,706.0493833333333,706.0493833333333,0.0,0.0,10163.345433915343,0.0
2025-09-02,0,14,2:20-2:30,715.6499999999999,0.0,0.5036499999999999,0.49415758928571407,15.023333333333312,57.12942499999991,730.6733333333332,730.6733333333332,730.6733333333332,0.0,0.0,10163.345433915343,0.0
2025-09-02,0,15,2:30-2:40,731.3312333333333,0.0,0.5395000000000001,0.537838392857143,27.582899999999995,58.714870833333265,656.9032428095245,656.9032428095245,656.9032428095245,0.0,102.01089052380884,10050.0,0.0
2025-09-02,0,16,2:40-2:50,726.9504,0.0,0.534375,0.5350294642857144,25.552099999999996,81.23127916666655,752.5024999999999,752.5024999999999,752.5024999999999,0.0,0.0,10050.0,0.0
2025-09-02,0,17,2:50-3:00,702.6216666666666,0.0,0.497575,0.4930147321428571,27.70166666666671,87.09586666666664,730.3233333333333,730.3233333333333,730.3233333333333,0.0,0.0,10050.0,0.0
2025-09-02,0,18,3:00-3:10,662.2353166666667,0.0,0.5005999999999999,0.4945767857142856,34.021433333333334,60.012485714285816,696.25675,696.25675,696.25675,0.0,0.0,10050.0,0.0
2025-09-02,0,19,3:10-3:20,663.4008166666666,0.0,0.5049750000000001,0.49841116071428576,27.157883333333302,63.516181547619055,690.5586999999999,690.5586999999999,690.5586999999999,0.0,0.0,10050.0,0.0
2025-09-02,0,20,3:20-3:30,705.3883333333333,0.0,0.499,0.49178750000000016,25.3216666666666,69.86259166666656,730.7099999999999,730.7099999999999,730.7099999999999,0.0,0.0,10050.0,0.0
2025-09-02,0,21,3:30-3:40,725.5414499999999,2.857142857142857e-05,0.511625,0.5062915178571428,25.167021428571502,106.23800833333311,750.7084428571429,750.7084428571429,750.7084428571429,0.0,0.0,10050.0,0.0
2025-09-02,0,22,3:40-3:50,702.81245,0.0,0.51375,0.5085330357142857,14.47267619047625,81.26277202380956,717.2851261904763,717.2851261904763,717.2851261904763,0.0,0.0,10050.0,0.0
2025-09-02,0,23,3:50-4:00,667.8216666666666,0.0,0.494975,0.48736026785714287,22.063333333333276,54.51416666666668,689.8849999999999,689.8849999999999,689.8849999999999,0.0,0.0,10050.0,0.0
2025-09-02,0,24,4:00-4:10,673.1768333333333,0.0012000000000000001,0.476275,0.4679665178571427,26.15549047619038,40.284982738095266,699.3311238095237,699.3311238095237,699.3311238095237,0.0,0.0,10050.0,0.0
2025-09-02,0,25,4:10-4:20,697.62915,6.666666666666667e-05,0.46965,0.46482232142857144,31.31488333333334,68.9680315476187,728.9439666666667,728.9439666666667,728.9439666666667,0.0,0.0,10050.0,0.0
2025-09-02,0,26,4:20-4:30,703.2466666666666,0.0,0.479425,0.4774866071428572,31.56499999999994,80.51167202380964,734.8116666666665,734.8116666666665,734.8116666666665,0.0,0.0,10050.0,0.0
2025-09-02,0,27,4:30-4:40,670.38685,0.016697619047619044,0.50205,0.4954107142857143,21.532771428571436,70.83916428571428,691.9029238095238,691.9029238095238,691.9029238095238,0.0,0.0,10050.0,0.0
2025-09-02,0,28,4:40-4:50,641.8150166666667,0.0009357142857142858,0.5218499999999999,0.5131700892857141,18.313695238095306,77.47098988095235,660.1277761904763,660.1277761904763,660.1277761904763,0.0,0.0,10050.0,0.0
2025-09-02,0,29,4:50-5:00,633.8683333333333,0.0,0.5182249999999999,0.5116566964285713,37.32333333333327,56.01653988095278,671.1916666666666,671.1916666666666,671.1916666666666,0.0,0.0,10050.0,0.0
2025-09-02,0,30,5:00-5:10,631.3952999999999,0.23260714285714282,0.4854,0.4779745535714285,35.03828095238089,85.38918273809546,666.2009738095237,666.2009738095237,666.2009738095237,0.0,0.0,10050.0,0.0
2025-09-02,0,31,5:10-5:20,657.7355666666666,0.013033333333333334,0.48105000000000003,0.4800084821428569,29.888773809523855,83.2487107142862,687.6113071428572,687.6113071428572,687.6113071428572,0.0,0.0,10050.0,0.0
2025-09-02,0,32,5:20-5:30,664.9383333333333,0.0,0.46885,0.4771459821428571,27.6599404761904,90.95389107142913,692.5982738095237,692.5982738095237,692.5982738095237,0.0,0.0,10050.0,0.0
2025-09-02,0,33,5:30-5:40,591.9918333333333,9.106866666666665,0.39964999999999995,0.40491607142857144,30.886257142857062,114.44637023809545,1447.104557142857,1447.104557142857,1447.104557142857,833.3333333333333,0.0,10800.0,0.0
2025-09-02,0,34,5:40-5:50,639.1228166666666,36.50990476190476,0.58985,0.5951678571428571,31.870469047619054,149.78080833333345,634.4833809523809,634.4833809523809,634.4833809523809,0.0,-0.0,10800.0,0.0
2025-09-02,0,35,5:50-6:00,799.37,79.50089285714284,0.926475,0.9371339285714289,41.46523809523808,162.70347678571437,0.0,0.0,0.0,0.0,761.3343452380952,9954.07294973545,0.0
2025-09-02,0,36,6:00-6:10,854.0276,125.55719285714287,0.9479,0.9555629464285713,41.26759523809517,194.62557202380938,0.0,0.0,0.0,0.0,769.7380023809524,9098.808502645503,0.0
2025-09-02,0,37,6:10-6:20,830.5065500000001,175.05831428571426,0.8728,0.8763629464285712,39.929478571428604,253.87763750000033,0.0,0.0,0.0,0.0,695.3777142857144,8326.166597883597,0.0
2025-09-02,0,38,6:20-6:30,809.9883333333333,227.98928571428567,0.8630249999999999,0.8663406249999998,55.39869047619038,299.9459261904755,0.0,0.0,0.0,0.0,637.3977380952381,7617.946888888888,0.0
2025-09-02,0,39,6:30-6:40,832.3514166666666,281.3893642857143,0.8579749999999999,0.8620312499999997,41.48712619047626,410.32798749999904,0.0,0.0,0.0,0.0,592.4491785714285,6959.670023809523,0.0
2025-09-02,0,40,6:40-6:50,820.2929,335.44475,0.8375250000000001,0.8400767857142862,46.08826190476191,528.1624327380944,0.0,0.0,0.0,0.0,530.9364119047619,6369.740677248676,0.0
2025-09-02,0,41,6:50-7:00,780.6083333333332,388.3205357142857,0.792975,0.7935191964285716,52.93553571428572,665.6034279761898,0.0,0.0,0.0,0.0,445.22333333333324,5875.048084656083,0.0
2025-09-02,0,42,7:00-7:10,798.4277666666667,437.688169047619,0.7320249999999999,0.7341464285714284,52.02557380952362,724.3617416666664,0.0,0.0,0.0,0.0,412.7651714285713,5416.420116402115,0.0
2025-09-02,0,43,7:10-7:20,821.0068666666666,490.4154714285715,0.7262250000000001,0.7274089285714288,58.58488571428589,730.054522023809,0.0,0.0,0.0,0.0,389.176280952381,4984.002026455025,0.0
2025-09-02,0,44,7:20-7:30,802.875,550.55625,0.7167749999999999,0.713197321428571,47.7030952380951,739.6640815476187,284.5995380952393,284.5995380952393,284.5995380952393,0.0,15.422307142855788,4966.8661296296295,0.0
2025-09-02,0,45,7:30-7:40,778.8382333333334,614.640569047619,0.619625,0.6123825892857144,60.74443333333329,752.9139041666663,224.94209761904767,224.94209761904767,224.94209761904767,0.0,0.0,4966.8661296296295,0.0
2025-09-02,0,46,7:40-7:50,919.8340166666667,670.4135761904762,0.8089000000000001,0.7994660714285714,50.2092833333333,741.0996499999997,0.0,0.0,0.0,0.0,299.62972380952385,4633.944214285714,0.0
2025-09-02,0,47,7:50-8:00,1133.995,720.1428571428571,1.164925,1.1539892857142857,32.30898809523842,831.2440345238092,0.0,0.0,0.0,0.0,446.1611309523812,4138.209624338624,0.0
2025-09-02,0,48,8:00-8:10,1144.3659333333333,776.57455,1.1647999999999998,1.1525950892857144,40.18017380952389,977.9168321428571,0.0,0.0,0.0,0.0,407.97155714285714,3684.9078941798934,0.0
2025-09-02,0,49,8:10-8:20,1111.1009333333332,828.4648976190475,1.098925,1.0859964285714283,57.20715000000007,1000.1579130952383,0.0,0.0,0.0,0.0,339.8431857142858,3307.304354497354,0.0
2025-09-02,0,50,8:20-8:30,1124.8816666666667,875.3294642857143,1.1134,1.0996830357142857,78.83345238095251,996.9349494047624,0.0,0.0,0.0,0.0,328.385654761905,2942.4314047619037,0.0
2025-09-02,0,51,8:30-8:40,1115.26415,927.7376738095238,1.0585,1.0429526785714285,67.61666904761915,986.9337886904771,0.0,0.0,0.0,0.0,255.14314523809526,2658.9390211640202,0.0
2025-09-02,0,52,8:40-8:50,1094.9509666666665,973.4950166666665,1.0125250000000001,0.9963535714285717,74.07551428571415,941.0471172619057,0.0,0.0,0.0,0.0,195.53146428571426,2441.6818386243376,0.0
2025-09-02,0,53,8:50-9:00,1090.8566666666666,1012.28125,1.0048000000000001,0.989154910714286,100.00065476190468,911.1566785714291,0.0,0.0,0.0,0.0,178.57607142857114,2243.2639814814806,0.0
2025-09-02,0,54,9:00-9:10,1110.9355,1056.557023809524,0.97405,0.9576504464285713,72.9972857142856,841.8992869047624,0.0,0.0,0.0,0.0,127.3757619047617,2101.7353571428566,0.0
2025-09-02,0,55,9:10-9:20,1122.9802333333332,1099.4547880952382,0.93645,0.9185138392857143,57.75321190476188,770.2913267857147,0.0,0.0,0.0,0.0,81.2786571428569,2011.4257380952376,0.0
2025-09-02,0,56,9:20-9:30,1116.26,1141.680357142857,0.9093249999999999,0.8914941964285713,74.32726190476183,713.643982738095,0.0,0.0,0.0,0.0,48.9069047619048,1957.0847328042323,0.0
2025-09-02,0,57,9:30-9:40,1107.9217833333332,1189.5854,0.9075249999999999,0.8928767857142857,90.22309999999993,667.6623904761901,0.0,0.0,0.0,0.0,8.559483333333219,1947.5741957671953,0.0
2025-09-02,0,58,9:40-9:50,1101.0566666666666,1223.281769047619,1.0065,0.9914124999999999,89.14932380952398,672.8167761904757,0.0,0.0,0.0,33.07577857142837,0.0,1977.3423964814808,0.0
2025-09-02,0,59,9:50-10:00,1097.6883333333333,1252.0964285714285,1.135375,1.1134223214285717,76.86619047619054,657.1786172619045,0.0,0.0,0.0,77.54190476190479,0.0,2047.1301107671952,0.0
2025-09-02,0,60,10:00-10:10,1099.8150333333333,1302.1953142857142,1.1298249999999999,1.09973125,63.02814999999987,584.2447928571428,0.0,0.0,0.0,139.352130952381,0.0,2172.547028624338,0.0
2025-09-02,0,61,10:10-10:20,1099.25925,1326.243830952381,1.0953,1.0680299107142859,77.93533571428577,539.3057119047625,0.0,0.0,0.0,149.04924523809495,0.0,2306.6913493386237,0.0
2025-09-02,0,62,10:20-10:30,1110.1333333333332,1321.7883928571428,1.1193250000000001,1.1019165178571433,93.69505952380928,500.8082886904773,0.0,0.0,0.0,117.96000000000026,0.0,2412.855349338624,0.0
2025-09-02,0,63,10:30-10:40,1145.8780499999998,1335.7236357142856,1.145225,1.1285678571428568,86.44038095238125,506.30861607142947,0.0,0.0,0.0,103.40520476190454,0.0,2505.920033624338,0.0
2025-09-02,0,64,10:40-10:50,1123.7707166666667,1358.1945404761905,0.907125,0.8881540178571425,86.88330952380954,489.7812464285727,0.0,0.0,0.0,147.54051428571438,0.0,2638.706496481481,0.0
2025-09-02,0,65,10:50-11:00,1072.8483333333334,1374.9357142857143,0.535625,0.5157825892857143,100.43744047619032,469.2832452380984,0.0,0.0,0.0,201.64994047619075,0.0,2820.1914429100525,0.0
2025-09-02,0,66,11:00-11:10,1109.3141166666665,1384.5005785714284,0.4556,0.43439821428571446,106.90294285714262,539.8498059523819,665.0498142857139,665.0498142857139,665.0498142857139,833.3333333333333,0.0,3570.1914429100525,0.0
2025-09-02,0,67,11:10-11:20,1157.0976,1394.7578380952382,0.486675,0.4649138392857144,102.59410476190503,615.5384720238097,7.619340417399627,7.619340417399627,7.619340417399627,142.68547375073265,0.0,3698.608369285712,0.0
2025-09-02,0,68,11:20-11:30,1166.9366666666665,1414.5589285714282,0.47975,0.456632142857143,101.29113095238085,680.7873065476197,687.0022023809524,687.0022023809524,687.0022023809524,833.3333333333333,0.0,4448.608369285712,0.0
2025-09-02,0,69,11:30-11:40,1158.6469833333333,1443.0507547619047,0.464975,0.43688348214285705,84.48718809523768,677.355707142858,633.4167499999994,633.4167499999994,633.4167499999994,833.3333333333333,0.0,5198.608369285712,0.0
2025-09-02,0,70,11:40-11:50,1124.1528166666667,1447.6752333333334,0.4404,0.4107459821428572,111.53916666666663,670.86639107143,621.3500833333333,621.3500833333333,621.3500833333333,833.3333333333333,0.0,5948.608369285712,0.0
2025-09-02,0,71,11:50-12:00,1076.8233333333333,1437.767857142857,0.408475,0.38168258928571436,105.5095238095239,679.1591869047625,577.8983333333333,577.8983333333333,577.8983333333333,833.3333333333333,0.0,6698.608369285712,0.0
2025-09-02,0,72,12:00-12:10,1054.8607333333332,1452.9959499999998,0.389725,0.36459553571428577,131.09095476190464,628.6452029761908,566.2890714285713,566.2890714285713,566.2890714285713,833.3333333333333,0.0,7448.608369285712,0.0
2025-09-02,0,73,12:10-12:20,1076.5178833333332,1457.4892238095238,0.4156,0.3926348214285714,115.05527380952367,589.9771857142865,567.4172666666664,567.4172666666664,567.4172666666664,833.3333333333333,0.0,8198.608369285712,0.0
2025-09-02,0,74,12:20-12:30,1103.485,1449.636607142857,0.440925,0.42014866071428575,118.21238095238104,524.7878494047618,605.3941071428571,605.3941071428571,605.3941071428571,833.3333333333333,0.0,8948.608369285712,0.0
2025-09-02,0,75,12:30-12:40,1082.8035166666666,1463.7533666666668,0.4163,0.3945709821428571,102.07584047619025,581.9594601190485,554.4593238095233,554.4593238095233,554.4593238095233,833.3333333333333,0.0,9698.608369285712,0.0
2025-09-02,0,76,12:40-12:50,1102.6059333333333,1464.9427095238093,0.5744750000000001,0.5508450892857144,78.80468095238092,533.471730952382,0.0,0.0,0.0,283.53209523809505,0.0,9953.787254999997,0.0
2025-09-02,0,77,12:50-13:00,1165.62,1442.4205357142857,0.840875,0.8158093750000004,80.13374999999989,518.1612482142864,0.0,0.0,0.0,196.66678571428588,0.0,10130.787362142855,0.0
2025-09-02,0,78,13:00-13:10,1180.1226,1420.822292857143,0.883925,0.8576517857142859,82.41580952380961,516.7804434523814,0.0,0.0,0.0,158.2838833333335,0.0,10273.242857142855,0.0
2025-09-02,0,79,13:10-13:20,1160.93385,1398.6770642857146,0.8524,0.8268098214285715,90.87433809523768,526.3363797619052,0.0,0.0,0.0,146.86887619047707,0.0,10405.424845714284,0.0
2025-09-02,0,80,13:20-13:30,1136.8216666666667,1372.955357142857,0.851475,0.8272781250000001,69.41065476190465,540.7024624999999,0.0,0.0,0.0,166.72303571428574,0.0,10555.475577857142,0.0
2025-09-02,0,81,13:30-13:40,1123.0453833333331,1345.221745238095,0.854575,0.8294669642857142,86.90680714285706,513.6279755952381,0.0,0.0,0.0,135.26955476190483,0.0,10677.218177142857,0.0
2025-09-02,0,82,13:40-13:50,1135.86085,1313.6979166666665,0.9707,0.9449049107142861,64.8763904761903,546.6491404761904,0.0,0.0,0.0,112.96067619047608,0.0,10778.882785714286,0.0
2025-09-02,0,83,13:50-14:00,1168.0149999999999,1275.6964285714284,1.14285,1.1175732142857144,84.21785714285716,524.0251642857138,0.0,0.0,0.0,23.463571428571413,0.0,10800.0,0.0
2025-09-02,0,84,14:00-14:10,1191.495,1230.770988095238,1.1824249999999998,1.1573571428571423,43.51759761904775,519.9010869047617,0.0,0.0,0.0,0.0,4.241609523809757,10795.2871005291,0.0
2025-09-02,0,85,14:10-14:20,1191.7314166666665,1187.136857142857,1.1773500000000001,1.1526513392857143,64.603469047619,493.6448761904761,0.0,0.0,0.0,0.0,69.1980285714285,10718.400402116402,0.0
2025-09-02,0,86,14:20-14:30,1176.7649999999999,1147.0294642857143,1.2234500000000001,1.1987732142857142,80.03851190476172,457.3028654761903,0.0,0.0,0.0,0.0,109.77404761904722,10596.429238095237,0.0
2025-09-02,0,87,14:30-14:40,1170.4243833333333,1105.1959738095236,1.28275,1.2572209821428573,64.52734047619029,388.16256845238075,0.0,0.0,0.0,0.0,129.75575000000003,10452.256182539682,0.0
2025-09-02,0,88,14:40-14:50,1182.9288333333334,1059.1312785714285,1.05705,1.0347915178571427,55.63592857142879,298.7931083333329,0.0,0.0,0.0,0.0,179.4334833333337,10252.885645502645,0.0
2025-09-02,0,89,14:50-15:00,1202.3383333333331,1009.8187499999999,0.69895,0.682455357142857,51.12309523809495,326.8063196428569,243.64267857142818,243.64267857142818,243.64267857142818,0.0,0.0,10252.885645502645,0.0
2025-09-02,0,90,15:00-15:10,1204.5447166666665,961.1264738095235,0.68965,0.6741276785714285,60.68462619047605,279.90416666666636,912.0077073780133,912.0077073780133,912.0077073780133,607.9048383303941,0.0,10800.0,0.0
2025-09-02,0,91,15:10-15:20,1191.3919333333333,917.1861428571428,0.777675,0.7605584821428572,55.24672142857162,225.46818749999935,329.4525119047621,329.4525119047621,329.4525119047621,0.0,0.0,10800.0,0.0
2025-09-02,0,92,15:20-15:30,1181.23,872.4526785714285,0.785825,0.7687566964285711,63.340476190476295,223.55131369047564,372.1177976190478,372.1177976190478,372.1177976190478,0.0,0.0,10800.0,0.0
2025-09-02,0,93,15:30-15:40,1186.52655,817.4491428571429,0.7928999999999999,0.7798794642857142,57.72837619047647,172.8741654761902,426.8057833333336,426.8057833333336,426.8057833333336,0.0,0.0,10800.0,0.0
2025-09-02,0,94,15:40-15:50,1161.4373999999998,765.1152023809524,0.8456250000000001,0.8373508928571429,57.3909285714285,181.52966785714273,453.7131261904759,453.7131261904759,453.7131261904759,0.0,-0.0,10800.0,0.0
2025-09-02,0,95,15:50-16:00,1147.2233333333334,718.0053571428572,0.9053499999999999,0.8982781249999995,62.94946428571416,158.0203934523807,492.16744047619034,492.16744047619034,492.16744047619034,0.0,-0.0,10800.0,0.0
2025-09-02,0,96,16:00-16:10,1222.4337333333333,664.50455,0.8988250000000001,0.8885272321428576,53.48213809523804,178.57122499999946,611.4113214285713,611.4113214285713,611.4113214285713,0.0,0.0,10800.0,0.0
2025-09-02,0,97,16:10-16:20,1218.1043833333333,601.1985857142856,0.90925,0.9012343750000001,67.71999047619045,138.5769869047615,684.6257880952382,684.6257880952382,684.6257880952382,0.0,-0.0,10800.0,0.0
2025-09-02,0,98,16:20-16:30,1141.04,538.1607142857142,0.9581249999999999,0.9546504464285714,58.279940476190745,129.23418214285672,661.1592261904766,661.1592261904766,661.1592261904766,0.0,-0.0,10800.0,0.0
2025-09-02,0,99,16:30-16:40,1170.18455,488.8249738095238,0.98215,0.9730308035714288,31.703126190476155,135.97127202380958,713.0627023809525,713.0627023809525,713.0627023809525,0.0,-0.0,10800.0,0.0
2025-09-02,0,100,16:40-16:50,1222.0458833333332,435.89997619047614,0.9848250000000001,0.9735602678571427,22.24207619047604,107.42131726190453,808.3879833333331,808.3879833333331,808.3879833333331,0.0,-0.0,10800.0,0.0
2025-09-02,0,101,16:50-17:00,1237.5033333333333,374.1464285714285,0.9902249999999999,0.9845888392857142,47.82565476190487,88.81325119047582,911.1825595238097,911.1825595238097,911.1825595238097,0.0,-0.0,10800.0,0.0
2025-09-02,0,102,17:00-17:10,1237.5631666666666,316.22291904761903,1.0175750000000001,1.0155517857142857,49.7190047619049,66.58258809523787,971.0592523809524,971.0592523809524,971.0592523809524,0.0,0.0,10800.0,0.0
2025-09-02,0,103,17:10-17:20,1197.5080666666665,266.6846214285714,1.0557249999999998,1.0536138392857144,36.350266666666585,76.38003273809545,967.1737119047617,967.1737119047617,967.1737119047617,0.0,0.0,10800.0,0.0
2025-09-02,0,104,17:20-17:30,1175.4133333333332,221.7883928571428,1.0846250000000002,1.0816866071428572,41.052976190476215,101.3899982142855,994.6779166666665,994.6779166666665,994.6779166666665,0.0,-0.0,10800.0,0.0
2025-09-02,0,105,17:30-17:40,1239.2184833333333,174.28883095238092,1.1075750000000002,1.1070758928571434,41.82051904761909,55.49751964285707,1106.7501714285713,1106.7501714285713,1106.7501714285713,0.0,0.0,10800.0,0.0
2025-09-02,0,106,17:40-17:50,1132.3737833333332,126.96948095238095,1.219425,1.2230870535714282,40.767376190476284,56.23658214285672,1046.1716785714286,1046.1716785714286,1046.1716785714286,0.0,0.0,10800.0,0.0
2025-09-02,0,107,17:50-18:00,903.3249999999999,81.11071428571427,1.356225,1.3628303571428568,29.599226190476315,69.89888154761874,851.813511904762,851.813511904762,851.813511904762,0.0,-0.0,10800.0,0.0
2025-09-02,0,108,18:00-18:10,876.4036333333333,37.32633333333333,1.3538999999999999,1.36070625,34.723102380952355,52.700544047618905,873.8004023809524,873.8004023809524,873.8004023809524,0.0,0.0,10800.0,0.0
2025-09-02,0,109,18:10-18:20,935.22435,9.262173809523809,1.3661500000000002,1.3741714285714284,26.885073809523988,48.93593035714278,952.8472500000001,952.8472500000001,952.8472500000001,0.0,-0.0,10800.0,0.0
2025-09-02,0,110,18:20-18:30,949.03,0.0,1.413925,1.4204763392857145,38.404047619047674,37.84361607142867,987.4340476190476,987.4340476190476,987.4340476190476,0.0,0.0,10800.0,0.0
2025-09-02,0,111,18:30-18:40,908.5051333333333,0.004397619047619048,1.384175,1.3795263392857142,26.393847619047506,46.85555416666679,934.8945833333332,934.8945833333332,934.8945833333332,0.0,0.0,10800.0,0.0
2025-09-02,0,112,18:40-18:50,886.8226500000001,0.23168095238095235,1.47065,1.458988392857142,26.86961666666673,63.611146428571374,913.4605857142858,913.4605857142858,913.4605857142858,0.0,0.0,10800.0,0.0
2025-09-02,0,113,18:50-19:00,907.7199999999999,0.0,1.64285,1.6337883928571426,37.12833333333333,48.32173571428578,111.51499999999999,111.51499999999999,111.51499999999999,0.0,833.3333333333333,9874.074074074075,0.0
2025-09-02,0,114,19:00-19:10,929.6134666666667,0.00031666666666666665,1.6578,1.6531758928571425,28.58048333333329,62.41764880952377,124.86030000000005,124.86030000000005,124.86030000000005,0.0,833.3333333333333,8948.14814814815,0.0
2025-09-02,0,115,19:10-19:20,927.3376833333333,0.01663333333333333,1.63065,1.6274647321428566,35.29048333333344,74.40982797619046,716.6215708333324,716.6215708333324,716.6215708333324,0.0,245.98996250000107,8674.825967592593,0.0
2025-09-02,0,116,19:20-19:30,923.1716666666666,0.0,1.6424750000000001,1.637250446428572,42.401666666666756,47.93246726190469,132.24000000000012,132.24000000000012,132.24000000000012,0.0,833.3333333333333,7748.900041666668,0.0
2025-09-02,0,117,19:30-19:40,957.5222999999999,0.0,1.654675,1.6469348214285713,24.327350000000024,44.66420119047618,148.51631666666663,148.51631666666663,148.51631666666663,0.0,833.3333333333333,6822.974115740742,0.0
2025-09-02,0,118,19:40-19:50,975.8482833333334,0.0011928571428571429,1.6564999999999999,1.6485401785714282,10.778449999999907,68.36220773809538,153.29220714285714,153.29220714285714,153.29220714285714,0.0,833.3333333333333,5897.0481898148155,0.0
2025-09-02,0,119,19:50-20:00,964.6683333333333,0.0,1.65735,1.6516875,18.226666666666574,66.11846726190498,149.5616666666666,149.5616666666666,149.5616666666666,0.0,833.3333333333333,4971.122263888889,0.0
2025-09-02,0,120,20:00-20:10,956.8417666666666,0.0,1.665675,1.662575446428572,23.94684285714277,51.84562619047625,147.45527619047607,147.45527619047607,147.45527619047607,0.0,833.3333333333333,4045.1963379629633,0.0
2025-09-02,0,121,20:10-20:20,913.8499333333332,2.6190476190476192e-05,1.642925,1.6403968749999998,26.782516666666652,43.87108869047623,107.29909047619037,107.29909047619037,107.29909047619037,0.0,833.3333333333333,3119.270412037037,0.0
2025-09-02,0,122,20:20-20:30,876.8816666666667,0.0,1.633975,1.6296084821428567,16.531666666666638,65.38246250000009,60.08000000000004,60.08000000000004,60.08000000000004,0.0,833.3333333333333,2193.344486111111,0.0
2025-09-02,0,123,20:30-20:40,931.0106166666666,0.0,1.6797,1.6729281249999999,28.31428333333315,42.20572440476215,125.99156666666647,125.99156666666647,125.99156666666647,0.0,833.3333333333333,1267.418560185185,0.0
2025-09-02,0,124,20:40-20:50,950.8796333333332,0.0,1.4490249999999998,1.4428258928571425,22.55681666666669,60.6767041666665,966.1001458333334,966.1001458333334,966.1001458333334,0.0,7.336304166666582,1259.267111111111,0.0
2025-09-02,0,125,20:50-21:00,919.105,0.0,1.0786250000000002,1.0745299107142858,35.178333333333285,53.340399999999846,971.546635802469,971.546635802469,971.546635802469,17.26330246913575,0.0,1274.8040833333332,0.0
2025-09-02,0,126,21:00-21:10,939.7955,0.0,1.0614,1.0560669642857141,23.684883333333346,67.32367499999981,988.732302057613,988.732302057613,988.732302057613,25.251918724279676,0.0,1297.530810185185,0.0
2025-09-02,0,127,21:10-21:20,959.9019333333333,0.0,1.0844,1.0773727678571432,23.971283333333304,70.1986749999999,983.8732166666666,983.8732166666666,983.8732166666666,0.0,0.0,1297.530810185185,0.0
2025-09-02,0,128,21:20-21:30,965.3066666666666,0.0,1.05025,1.0429910714285713,28.670000000000073,87.77772916666649,993.9766666666667,993.9766666666667,993.9766666666667,0.0,0.0,1297.530810185185,0.0
2025-09-02,0,129,21:30-21:40,982.0272666666666,0.0,1.1334,1.1265772321428573,25.253616666666744,64.19027916666658,1007.1690500000003,1007.1690500000003,1007.1690500000003,0.0,0.11183333333301561,1297.406550925926,0.0
2025-09-02,0,130,21:40-21:50,886.6852333333333,0.0,0.931575,0.9261080357142858,23.000049999999874,83.42072083333352,909.6852833333331,909.6852833333331,909.6852833333331,0.0,0.0,1297.406550925926,0.0
2025-09-02,0,131,21:50-22:00,746.3799999999999,0.0,0.545625,0.5425290178571428,29.394999999999982,87.66589583333334,775.7749999999999,775.7749999999999,775.7749999999999,0.0,0.0,1297.406550925926,0.0
2025-09-02,0,132,22:00-22:10,758.5132333333332,0.0,0.51795,0.5167607142857142,30.583566666666684,60.87594166666665,1622.4301333333333,1622.4301333333333,1622.4301333333333,833.3333333333333,0.0,2047.406550925926,0.0
2025-09-02,0,133,22:10-22:20,738.4725833333333,0.0,0.564525,0.5595839285714287,26.067916666666633,60.06143749999998,764.5405,764.5405,764.5405,0.0,0.0,2047.406550925926,0.0
2025-09-02,0,134,22:20-22:30,667.545,0.0,0.525925,0.5147308035714284,27.4466666666666,53.848295833333395,1528.3249999999998,1528.3249999999998,1528.3249999999998,833.3333333333333,0.0,2797.4065509259262,0.0
2025-09-02,0,135,22:30-22:40,715.1314666666667,0.0,0.533575,0.522752232142857,25.824666666666758,36.757845833333164,1574.2894666666666,1574.2894666666666,1574.2894666666666,833.3333333333333,0.0,3547.4065509259262,0.0
2025-09-02,0,136,22:40-22:50,753.6329666666667,0.0,0.53375,0.5259348214285715,24.441400000000044,31.407599999999945,1003.1781989711931,1003.1781989711931,1003.1781989711931,225.1038323045264,0.0,3750.0,0.0
2025-09-02,0,137,22:50-23:00,719.5316666666665,0.0,0.5095,0.5034513392857144,34.38499999999999,64.67716666666661,1587.2499999999998,1587.2499999999998,1587.2499999999998,833.3333333333333,0.0,4500.0,0.0
2025-09-02,0,138,23:00-23:10,688.2304833333333,0.0,0.512725,0.5069995535714286,26.91915000000006,83.42604583333326,1548.4829666666665,1548.4829666666665,1548.4829666666665,833.3333333333333,0.0,5250.0,0.0
2025-09-02,0,139,23:10-23:20,721.21615,0.0,0.5262249999999999,0.5199017857142857,25.422300000000064,85.07833333333335,1579.9717833333334,1579.9717833333334,1579.9717833333334,833.3333333333333,0.0,6000.0,0.0
2025-09-02,0,140,23:20-23:30,768.6033333333332,0.0,0.534975,0.5288000000000002,27.248333333333335,52.81037083333331,795.8516666666666,795.8516666666666,795.8516666666666,0.0,0.0,6000.0,0.0
2025-09-02,0,141,23:30-23:40,726.3131666666666,0.0,0.542775,0.5386732142857144,18.10699999999997,56.64253333333332,744.4201666666665,744.4201666666665,744.4201666666665,0.0,0.0,6000.0,0.0
2025-09-02,0,142,23:40-23:50,694.0805833333334,0.0,0.5449,0.5401401785714286,32.266316666666626,42.39659583333341,726.3469,726.3469,726.3469,0.0,0.0,6000.0,0.0
2025-09-02,0,143,23:50-24:00,715.0949999999999,0.0,0.53525,0.5276602678571428,19.13833333333332,29.15958333333336,734.2333333333332,734.2333333333332,734.2333333333332,0.0,0.0,6000.0,0.0
2025-09-03,0,0,0:00-0:10,733.2303333333332,0.0,0.5157750000000001,0.5066946428571428,21.321399999999926,51.757641666666956,754.5517333333331,754.5517333333331,754.5517333333331,0.0,0.0,9911.32341900132,0.0
2025-09-03,0,1,0:10-0:20,730.7315833333333,0.0,0.514825,0.5066794642857142,14.797366666666676,67.91677916666688,745.52895,745.52895,745.52895,0.0,0.0,9911.32341900132,0.0
2025-09-03,0,2,0:20-0:30,722.5266666666666,0.0,0.5315000000000001,0.5252495535714286,28.09166666666647,67.93259166666675,750.6183333333331,750.6183333333331,750.6183333333331,0.0,0.0,9911.32341900132,0.0
2025-09-03,0,3,0:30-0:40,726.9715833333332,0.0,0.53715,0.5333339285714286,14.105733333333433,82.96808749999985,741.0773166666667,741.0773166666667,741.0773166666667,0.0,0.0,9911.32341900132,0.0
2025-09-03,0,4,0:40-0:50,693.2202,0.0,0.536225,0.5315674107142857,20.179416666666725,87.12935833333341,713.3996166666667,713.3996166666667,713.3996166666667,0.0,0.0,9911.32341900132,0.0
2025-09-03,0,5,0:50-1:00,659.1199999999999,0.0,0.5357,0.5269580357142857,25.5383333333333,72.44721250000009,684.6583333333332,684.6583333333332,684.6583333333332,0.0,0.0,9911.32341900132,0.0
2025-09-03,0,6,1:00-1:10,714.2706833333333,0.0,0.53495,0.5230790178571428,32.37061666666659,54.94130833333338,746.6412999999999,746.6412999999999,746.6412999999999,0.0,0.0,9911.32341900132,0.0
2025-09-03,0,7,1:10-1:20,737.1406333333332,0.0,0.5279750000000001,0.51566875,34.63278333333335,18.64579166666664,771.7734166666665,771.7734166666665,771.7734166666665,0.0,0.0,9911.32341900132,0.0
2025-09-03,0,8,1:20-1:30,706.9183333333333,0.0,0.5178250000000001,0.5074276785714285,27.796666666666738,56.577499999999986,734.715,734.715,734.715,0.0,0.0,9911.32341900132,0.0
2025-09-03,0,9,1:30-1:40,714.59415,0.0,0.5119,0.5036705357142858,12.844799999999964,68.25540416666666,727.43895,727.43895,727.43895,0.0,0.0,9911.32341900132,0.0
2025-09-03,0,10,1:40-1:50,685.8752833333333,0.0,0.49734999999999996,0.48852633928571426,18.15883333333329,52.85215000000022,704.0341166666666,704.0341166666666,704.0341166666666,0.0,0.0,9911.32341900132,0.0
2025-09-03,0,11,1:50-2:00,644.2816666666666,0.0,0.48905,0.47829687499999995,21.44500000000005,68.33418750000024,665.7266666666667,665.7266666666667,665.7266666666667,0.0,0.0,9911.32341900132,0.0
2025-09-03,0,12,2:00-2:10,697.4453333333332,0.0,0.5121,0.5021160714285713,31.43723333333321,78.73879166666677,728.8825666666664,728.8825666666664,728.8825666666664,0.0,0.0,9911.32341900132,0.0
2025-09-03,0,13,2:10-2:20,731.5593833333334,0.0,0.50465,0.4940482142857144,28.905250000000024,60.125795833333285,760.4646333333334,760.4646333333334,760.4646333333334,0.0,0.0,9911.32341900132,0.0
2025-09-03,0,14,2:20-2:30,699.7866666666666,0.0,0.477875,0.4671044642857142,15.023333333333312,58.13449166666666,714.81,714.81,714.81,0.0,0.0,9911.32341900132,0.0
2025-09-03,0,15,2:30-2:40,669.8278833333333,0.0,0.504875,0.500026339285714,27.582899999999995,62.631520833333354,697.4107833333333,697.4107833333333,697.4107833333333,0.0,0.0,9911.32341900132,0.0
2025-09-03,0,16,2:40-2:50,670.3279166666666,0.0,0.5283,0.5249656249999999,23.426699999999983,68.92732083333348,693.7546166666666,693.7546166666666,693.7546166666666,0.0,0.0,9911.32341900132,0.0
2025-09-03,0,17,2:50-3:00,680.1516666666666,0.0,0.5240750000000001,0.5167941964285715,25.313333333333276,88.33218333333346,705.4649999999999,705.4649999999999,705.4649999999999,0.0,0.0,9911.32341900132,0.0
2025-09-03,0,18,3:00-3:10,661.2113166666666,0.0,0.522575,0.5149861607142859,34.021433333333334,60.012485714285816,695.2327499999999,695.2327499999999,695.2327499999999,0.0,0.0,9911.32341900132,0.0
2025-09-03,0,19,3:10-3:20,659.6913166666666,0.0,0.5072,0.4989825892857144,27.157883333333302,63.516181547619055,686.8491999999999,686.8491999999999,686.8491999999999,0.0,0.0,9911.32341900132,0.0
2025-09-03,0,20,3:20-3:30,685.5866666666667,0.0,0.49012500000000003,0.4807120535714287,25.3216666666666,69.86259166666656,710.9083333333333,710.9083333333333,710.9083333333333,0.0,0.0,9911.32341900132,0.0
2025-09-03,0,21,3:30-3:40,697.1944,0.0,0.5019750000000001,0.49503437499999997,25.167021428571502,106.23800833333311,722.3614214285715,722.3614214285715,722.3614214285715,0.0,0.0,9911.32341900132,0.0
2025-09-03,0,22,3:40-3:50,678.29715,0.0,0.4879,0.48130223214285717,14.47267619047625,81.26277202380956,692.7698261904762,692.7698261904762,692.7698261904762,0.0,0.0,9911.32341900132,0.0
2025-09-03,0,23,3:50-4:00,654.9066666666666,0.0,0.45775,0.44839017857142854,22.063333333333276,54.51416666666668,831.0550899985323,831.0550899985323,831.0550899985323,154.08508999853237,0.0,10050.0,0.0
2025-09-03,0,24,4:00-4:10,666.2428166666666,0.0008,0.477375,0.4676080357142859,26.15549047619038,40.284982738095266,692.397507142857,692.397507142857,692.397507142857,0.0,0.0,10050.0,0.0
2025-09-03,0,25,4:10-4:20,666.1877333333333,0.00021666666666666668,0.493425,0.48699642857142866,31.31488333333334,69.2700101190475,697.5024,697.5024,697.5024,0.0,0.0,10050.0,0.0
2025-09-03,0,26,4:20-4:30,648.9083333333333,0.0,0.48142500000000005,0.47748883928571434,31.56499999999994,75.67306250000013,680.4733333333332,680.4733333333332,680.4733333333332,0.0,0.0,10050.0,0.0
2025-09-03,0,27,4:30-4:40,652.25925,0.011128571428571429,0.47327500000000006,0.4651669642857143,26.371380952380946,73.61029345238074,678.6195023809523,678.6195023809523,678.6195023809523,0.0,0.0,10050.0,0.0
2025-09-03,0,28,4:40-4:50,643.1758,0.0030166666666666666,0.485975,0.4752316964285713,18.313695238095306,85.08072857142832,661.4864785714286,661.4864785714286,661.4864785714286,0.0,0.0,10050.0,0.0
2025-09-03,0,29,4:50-5:00,623.7533333333333,0.0,0.4961,0.4865611607142858,31.95500000000004,67.29217797619049,655.7083333333334,655.7083333333334,655.7083333333334,0.0,0.0,10050.0,0.0
2025-09-03,0,30,5:00-5:10,639.1143166666666,0.15503571428571428,0.47354999999999997,0.4647803571428571,32.04974047619055,92.81666488095232,671.0090214285714,671.0090214285714,671.0090214285714,0.0,0.0,10050.0,0.0
2025-09-03,0,31,5:10-5:20,689.7846833333333,0.04201190476190476,0.49775,0.4959727678571427,29.888773809523855,100.16419821428627,719.6314452380952,719.6314452380952,719.6314452380952,0.0,0.0,10050.0,0.0
2025-09-03,0,32,5:20-5:30,709.4983333333332,0.0,0.516375,0.5230794642857145,26.448630952380938,105.70613571428603,735.9469642857141,735.9469642857141,735.9469642857141,0.0,0.0,10050.0,0.0
2025-09-03,0,33,5:30-5:40,643.1767666666666,6.945592857142857,0.437175,0.4415803571428571,28.365190476190435,126.36677559523841,1497.9296976190474,1497.9296976190474,1497.9296976190474,833.3333333333333,0.0,10800.0,0.0
2025-09-03,0,34,5:40-5:50,688.6920333333334,33.082702380952384,0.620875,0.6258263392857143,32.588680952380855,153.01089880952406,688.1980119047619,688.1980119047619,688.1980119047619,0.0,-0.0,10800.0,0.0
2025-09-03,0,35,5:50-6:00,834.385,76.44107142857143,0.9652750000000001,0.9752379464285716,41.46523809523808,166.65177916666678,0.0,0.0,0.0,0.0,799.4091666666666,9911.767592592592,0.0
2025-09-03,0,36,6:00-6:10,861.2606666666667,122.25775,0.9757499999999999,0.9829290178571423,41.26759523809517,218.44341190476217,0.0,0.0,0.0,0.0,780.2705119047619,9044.800357142856,0.0
2025-09-03,0,37,6:10-6:20,813.0772166666667,169.57346666666666,0.8893500000000001,0.8923808035714286,31.703814285714316,272.3457238095243,0.0,0.0,0.0,0.0,675.2075642857144,8294.56973015873,0.0
2025-09-03,0,38,6:20-6:30,770.4699999999999,220.55892857142857,0.8690499999999999,0.8715866071428572,55.05404761904765,321.7431809523807,0.0,0.0,0.0,0.0,604.965119047619,7622.386264550264,0.0
2025-09-03,0,39,6:30-6:40,771.4047499999999,275.2905880952381,0.839075,0.8429290178571434,40.81960238095235,430.8980488095235,0.0,0.0,0.0,0.0,536.9337642857142,7025.793193121693,0.0
2025-09-03,0,40,6:40-6:50,809.11565,327.8053809523809,0.8188249999999999,0.8217415178571429,46.08826190476191,548.0649702380949,0.0,0.0,0.0,0.0,527.398530952381,6439.794825396825,0.0
2025-09-03,0,41,6:50-7:00,836.1016666666666,378.3553571428571,0.7996,0.8005772321428574,55.56440476190477,685.5059654761903,0.0,0.0,0.0,0.0,513.3107142857142,5869.449587301588,0.0
2025-09-03,0,42,7:00-7:10,806.67035,433.2165285714285,0.747525,0.7499602678571428,49.418835714285706,745.1280470238098,0.0,0.0,0.0,0.0,422.8726571428572,5399.59107936508,0.0
2025-09-03,0,43,7:10-7:20,796.6277833333334,491.9341214285715,0.7405750000000001,0.7420214285714289,52.007376190476066,748.2140892857146,0.0,0.0,0.0,0.0,356.70103809523795,5003.256592592594,0.0
2025-09-03,0,44,7:20-7:30,790.9183333333333,553.4508928571429,0.732225,0.7289205357142856,47.7030952380951,751.2461392857143,231.02722678571337,231.02722678571337,231.02722678571337,0.0,54.14330892857215,4943.097360449736,0.0
2025-09-03,0,45,7:30-7:40,735.4618666666667,615.754680952381,0.6389,0.6318781250000001,60.74443333333329,764.495961904762,180.45161904761892,180.45161904761892,180.45161904761892,0.0,0.0,4943.097360449736,0.0
2025-09-03,0,46,7:40-7:50,887.2097833333333,669.0242642857143,0.816825,0.8078205357142857,50.2092833333333,752.6817077380954,0.0,0.0,0.0,0.0,268.39480238095234,4644.880913359789,0.0
2025-09-03,0,47,7:50-8:00,1147.0,716.7339285714286,1.1673499999999999,1.1571401785714284,32.30898809523842,845.4737440476193,0.0,0.0,0.0,0.0,462.57505952380984,4130.908625,0.0
2025-09-03,0,48,8:00-8:10,1136.2489666666665,772.1133833333334,1.203425,1.1916187500000002,40.18017380952389,992.1465416666671,0.0,0.0,0.0,0.0,404.315757142857,3681.6688948412702,0.0
2025-09-03,0,49,8:10-8:20,1087.4122666666667,826.8300690476187,1.1394,1.1255232142857141,57.20715000000007,1014.3876226190483,0.0,0.0,0.0,0.0,317.78934761904816,3328.5696197089947,0.0
2025-09-03,0,50,8:20-8:30,1115.1083333333331,877.425892857143,1.1264750000000001,1.1110674107142857,76.58232142857133,1011.1646589285724,0.0,0.0,0.0,0.0,314.2647619047614,2979.3865509259263,0.0
2025-09-03,0,51,8:30-8:40,1104.17985,927.7553761904761,1.095525,1.0803330357142857,59.16829285714272,998.9123672619057,0.0,0.0,0.0,0.0,235.59276666666653,2717.616810185186,0.0
2025-09-03,0,52,8:40-8:50,1116.7817166666666,969.8300880952379,1.0715999999999999,1.057441517857143,74.07551428571415,944.577319642858,0.0,0.0,0.0,0.0,221.02714285714296,2472.0310958994714,0.0
2025-09-03,0,53,8:50-9:00,1146.34,1007.0910714285712,1.05515,1.041270089285714,100.00065476190468,914.6868809523814,0.0,0.0,0.0,0.0,239.24958333333348,2206.198225529101,0.0
2025-09-03,0,54,9:00-9:10,1110.44745,1051.6878619047616,1.0139,0.9984986607142856,72.9972857142856,845.4294892857147,0.0,0.0,0.0,0.0,131.756873809524,2059.8016990740743,0.0
2025-09-03,0,55,9:10-9:20,1083.7824999999998,1093.3653142857142,0.9861,0.9687580357142858,57.75321190476188,773.8215291666669,0.0,0.0,0.0,0.0,48.170397619047435,2006.2790350529106,0.0
2025-09-03,0,56,9:20-9:30,1092.545,1133.8687499999999,0.953575,0.9366964285714284,74.32726190476183,717.1741851190473,0.0,0.0,0.0,0.0,33.003511904762036,1969.6084662698415,0.0
2025-09-03,0,57,9:30-9:40,1094.7765166666666,1182.8403428571428,0.882625,0.8693013392857145,90.22309999999993,671.1925928571424,0.0,0.0,0.0,0.0,2.159273809523711,1967.2092731481484,0.0
2025-09-03,0,58,9:40-9:50,1127.6230999999998,1212.6102761904763,0.9613,0.9441258928571425,89.14932380952398,676.346978571428,0.0,0.0,0.0,0.0,4.162147619047573,1962.58466468254,0.0
2025-09-03,0,59,9:50-10:00,1149.6816666666666,1234.7758928571427,1.127725,1.098625,76.86619047619054,660.708819642857,0.0,0.0,0.0,8.228035714285625,0.0,1969.9898968253972,0.0
2025-09-03,0,60,10:00-10:10,1079.581,1285.8572833333335,1.1183,1.0807696428571432,63.02814999999987,587.774995238095,0.0,0.0,0.0,143.24813333333373,0.0,2098.9132168253977,0.0
2025-09-03,0,61,10:10-10:20,1064.7754499999999,1310.1749642857142,1.08135,1.0481080357142858,74.40513333333342,542.8359142857148,0.0,0.0,0.0,170.99438095238088,0.0,2252.8081596825405,0.0
2025-09-03,0,62,10:20-10:30,1117.28,1302.8758928571428,1.1424750000000001,1.1192848214285716,93.69505952380928,500.8082886904773,0.0,0.0,0.0,91.9008333333336,0.0,2335.5189096825407,0.0
2025-09-03,0,63,10:30-10:40,1106.6022833333332,1317.724995238095,1.2223000000000002,1.199164285714286,86.44038095238125,506.30861607142947,0.0,0.0,0.0,124.68233095238065,0.0,2447.733007539683,0.0
2025-09-03,0,64,10:40-10:50,1103.0571,1345.7341690476192,0.965525,0.9425424107142854,86.88330952380954,489.7812464285727,0.0,0.0,0.0,155.7937595238095,0.0,2587.9473911111118,0.0
2025-09-03,0,65,10:50-11:00,1135.7566666666667,1371.0776785714284,0.53295,0.51346875,100.43744047619032,465.0837327380983,544.4255773368614,544.4255773368614,544.4255773368614,679.3091487654328,0.0,3199.3256250000013,0.0
2025-09-03,0,66,11:00-11:10,1149.0108833333334,1388.5986476190476,0.47040000000000004,0.4501825892857142,106.90294285714262,539.8498059523819,700.6485119047616,700.6485119047616,700.6485119047616,833.3333333333333,0.0,3949.3256250000013,0.0
2025-09-03,0,67,11:10-11:20,1124.46765,1397.497488095238,0.5405,0.5181428571428571,102.59410476190503,615.5384720238097,0.0,0.0,0.0,170.4357333333328,0.0,4102.717785000001,0.0
2025-09-03,0,68,11:20-11:30,1109.0549999999998,1406.0375,0.54655,0.5222959821428572,101.29113095238085,680.7873065476197,0.0,0.0,0.0,195.69136904761922,0.0,4278.840017142858,0.0
2025-09-03,0,69,11:30-11:40,1157.0001,1422.6248928571426,0.526275,0.49929687500000003,84.48718809523768,677.355707142858,652.1957285714282,652.1957285714282,652.1957285714282,833.3333333333333,0.0,5028.840017142858,0.0
2025-09-03,0,70,11:40-11:50,1139.2851833333334,1425.4948928571425,0.48379999999999995,0.4569433035714284,111.53916666666663,664.5441553571445,658.6627904761908,658.6627904761908,658.6627904761908,833.3333333333333,0.0,5778.840017142858,0.0
2025-09-03,0,71,11:50-12:00,1044.955,1421.1214285714282,0.430625,0.4062513392857143,105.5095238095239,677.0517750000006,562.6764285714289,562.6764285714289,562.6764285714289,833.3333333333333,0.0,6528.840017142858,0.0
2025-09-03,0,72,12:00-12:10,1004.27175,1438.0973023809522,0.39890000000000003,0.3752977678571428,131.09095476190464,628.6452029761908,530.5987357142858,530.5987357142858,530.5987357142858,833.3333333333333,0.0,7278.840017142858,0.0
2025-09-03,0,73,12:10-12:20,1050.7890333333332,1451.509557142857,0.425775,0.4041540178571429,115.05527380952367,589.9771857142865,547.6680833333332,547.6680833333332,547.6680833333332,833.3333333333333,0.0,8028.840017142858,0.0
2025-09-03,0,74,12:20-12:30,1108.5933333333332,1456.7892857142856,0.448175,0.42879107142857137,118.21238095238104,523.711425,603.3497619047619,603.3497619047619,603.3497619047619,833.3333333333333,0.0,8778.840017142858,0.0
2025-09-03,0,75,12:30-12:40,1077.1212,1472.490719047619,0.39744999999999997,0.37621964285714266,102.07584047619025,575.980886904763,540.0396547619046,540.0396547619046,540.0396547619046,833.3333333333333,0.0,9528.840017142858,0.0
2025-09-03,0,76,12:40-12:50,1083.2955499999998,1474.585264285714,0.564475,0.5417513392857141,78.80468095238092,527.1494952380966,0.0,0.0,0.0,312.48503333333315,0.0,9810.076547142859,0.0
2025-09-03,0,77,12:50-13:00,1133.385,1459.4946428571425,0.85585,0.8329026785714289,80.13374999999989,511.83901250000093,0.0,0.0,0.0,245.97589285714253,0.0,10031.454850714286,0.0
2025-09-03,0,78,13:00-13:10,1109.1599666666666,1446.1829238095238,0.8687,0.8436709821428571,82.41580952380961,514.6730315476195,0.0,0.0,0.0,254.6071476190475,0.0,10260.601283571428,0.0
2025-09-03,0,79,13:10-13:20,1102.95975,1418.949892857143,0.8504,0.8250098214285717,90.87433809523768,533.7334821428577,0.0,0.0,0.0,225.11580476190534,0.0,10463.205507857143,0.0
2025-09-03,0,80,13:20-13:30,1143.1666666666665,1376.9767857142854,0.9089,0.885519642857143,69.41065476190465,550.699798809524,0.0,0.0,0.0,164.3994642857142,0.0,10611.165025714286,0.0
2025-09-03,0,81,13:30-13:40,1161.1342333333332,1339.0889547619045,0.91775,0.8949258928571427,86.90680714285706,527.1674059523812,0.0,0.0,0.0,91.04791428571411,0.0,10693.10814857143,0.0
2025-09-03,0,82,13:40-13:50,1172.4135833333332,1306.8305595238094,1.031475,1.0045718750000001,64.8763904761903,560.1885708333333,0.0,0.0,0.0,69.54058571428595,0.0,10755.694675714287,0.0
2025-09-03,0,83,13:50-14:00,1171.0466666666666,1270.6982142857141,1.2073749999999999,1.1749633928571426,84.21785714285716,539.2980839285713,0.0,0.0,0.0,15.43369047619035,0.0,10769.584997142858,0.0
2025-09-03,0,84,14:00-14:10,1135.3465333333334,1221.0882261904762,1.2197500000000001,1.18698125,51.94724523809502,535.174006547619,0.0,0.0,0.0,33.79444761904779,0.0,10800.0,0.0
2025-09-03,0,85,14:10-14:20,1150.3444833333333,1173.2429095238097,1.1916,1.1592995535714288,64.603469047619,517.3474434523807,0.0,0.0,0.0,0.0,41.705042857142644,10753.661063492063,0.0
2025-09-03,0,86,14:20-14:30,1196.0083333333332,1134.7732142857142,1.241825,1.207746875,77.20821428571449,481.0059898809513,0.0,0.0,0.0,0.0,138.4433333333336,10599.835137566137,0.0
2025-09-03,0,87,14:30-14:40,1167.8791333333334,1098.0127499999999,1.32155,1.2860107142857147,64.52734047619029,407.3015345238093,0.0,0.0,0.0,0.0,134.39372380952386,10450.508777777777,0.0
2025-09-03,0,88,14:40-14:50,1147.8473999999999,1050.6691285714282,1.11025,1.0818709821428572,55.63592857142879,317.9320744047614,0.0,0.0,0.0,0.0,152.81420000000048,10280.715222222221,0.0
2025-09-03,0,89,14:50-15:00,1155.6533333333332,998.2767857142858,0.7407250000000001,0.7237392857142859,51.12309523809495,332.241258928571,208.49964285714236,208.49964285714236,208.49964285714236,0.0,0.0,10280.715222222221,0.0
2025-09-03,0,90,15:00-15:10,1133.2222333333334,958.5217738095239,0.6938749999999999,0.6787218749999998,60.68462619047605,299.0431327380949,812.3681721340398,812.3681721340398,812.3681721340398,576.9830864197542,0.0,10800.0,0.0
2025-09-03,0,91,15:10-15:20,1147.5344833333334,922.518130952381,0.7698499999999999,0.7517651785714287,55.24672142857162,243.51650535714174,280.26307380952403,280.26307380952403,280.26307380952403,0.0,0.0,10800.0,0.0
2025-09-03,0,92,15:20-15:30,1196.8533333333332,877.7910714285714,0.80465,0.785995089285714,63.340476190476295,238.99884047619003,382.4027380952381,382.4027380952381,382.4027380952381,0.0,0.0,10800.0,0.0
2025-09-03,0,93,15:30-15:40,1203.3697499999998,820.9029976190477,0.83595,0.8217919642857142,57.72837619047647,190.92192619047614,440.19512857142854,440.19512857142854,440.19512857142854,0.0,0.0,10800.0,0.0
2025-09-03,0,94,15:40-15:50,1188.5279333333333,770.5256309523809,0.8609499999999999,0.8512821428571428,53.303935714285515,192.1949214285713,471.30623809523786,471.30623809523786,471.30623809523786,0.0,-0.0,10800.0,0.0
2025-09-03,0,95,15:50-16:00,1171.8316666666665,728.1821428571429,0.8697499999999999,0.860258482142857,60.25880952380953,164.59865416666625,503.9083333333331,503.9083333333331,503.9083333333331,0.0,-0.0,10800.0,0.0
2025-09-03,0,96,16:00-16:10,1156.5839333333333,676.6235595238095,0.87165,0.858745535714286,53.285785714285794,192.29649880952365,533.2461595238096,533.2461595238096,533.2461595238096,0.0,0.0,10800.0,0.0
2025-09-03,0,97,16:10-16:20,1188.754,614.4409333333333,0.9264249999999999,0.9158616071428566,67.71999047619045,152.10590833333345,642.0330571428572,642.0330571428572,642.0330571428572,0.0,-0.0,10800.0,0.0
2025-09-03,0,98,16:20-16:30,1234.44,552.8151785714285,0.989525,0.9829290178571428,46.98190476190473,142.76310357142867,728.6067261904764,728.6067261904764,728.6067261904764,0.0,-0.0,10800.0,0.0
2025-09-03,0,99,16:30-16:40,1207.0232666666666,503.4364666666666,0.956575,0.9432892857142857,31.703126190476155,139.43825059523832,735.2899261904763,735.2899261904763,735.2899261904763,0.0,0.0,10800.0,0.0
2025-09-03,0,100,16:40-16:50,1169.8270666666667,447.4950738095238,0.944375,0.930267857142857,22.24207619047604,112.3191124999999,744.5740690476189,744.5740690476189,744.5740690476189,0.0,0.0,10800.0,0.0
2025-09-03,0,101,16:50-17:00,1166.2649999999999,380.9276785714286,0.9956,0.9892995535714285,47.82565476190487,98.09494642857075,833.1629761904761,833.1629761904761,833.1629761904761,0.0,-0.0,10800.0,0.0
2025-09-03,0,102,17:00-17:10,1178.54965,319.2604119047619,1.04135,1.0374558035714285,46.74449047619032,70.0495666666666,906.0337285714284,906.0337285714284,906.0337285714284,0.0,-0.0,10800.0,0.0
2025-09-03,0,103,17:10-17:20,1179.8945666666666,266.3307142857143,1.08715,1.083274107142857,35.85780238095242,84.05268452380943,949.4216547619048,949.4216547619048,949.4216547619048,-0.0,0.0,10800.0,0.0
2025-09-03,0,104,17:20-17:30,1192.6783333333333,218.42678571428567,1.1209749999999998,1.1176839285714284,41.052976190476215,115.89006964285662,1015.304523809524,1015.304523809524,1015.304523809524,0.0,0.0,10800.0,0.0
2025-09-03,0,105,17:30-17:40,1236.13475,169.61460476190476,1.126825,1.1240049107142858,36.09725238095257,56.54424940476156,1102.6173976190478,1102.6173976190478,1102.6173976190478,0.0,0.0,10800.0,0.0
2025-09-03,0,106,17:40-17:50,1126.2586833333332,122.39865714285715,1.21485,1.21515,38.09804047619059,58.16725773809475,1041.9580666666666,1041.9580666666666,1041.9580666666666,0.0,0.0,10800.0,0.0
2025-09-03,0,107,17:50-18:00,910.5049999999999,77.03482142857142,1.3506500000000001,1.3551629464285713,29.599226190476315,72.60238392857093,863.0694047619048,863.0694047619048,863.0694047619048,0.0,0.0,10800.0,0.0
2025-09-03,0,108,18:00-18:10,847.4536666666665,33.42918571428571,1.3847749999999999,1.3899388392857142,31.56475476190485,56.84193214285688,845.5892357142857,845.5892357142857,845.5892357142857,0.0,0.0,10800.0,0.0
2025-09-03,0,109,18:10-18:20,908.3014,6.968785714285714,1.40645,1.4123205357142854,22.952911904762118,56.30559226190468,924.2855261904764,924.2855261904764,924.2855261904764,0.0,0.0,10800.0,0.0
2025-09-03,0,110,18:20-18:30,976.2616666666665,0.0,1.4258250000000001,1.4304080357142859,33.8207142857143,42.57944940476207,1010.0823809523808,1010.0823809523808,1010.0823809523808,0.0,-0.0,10800.0,0.0
2025-09-03,0,111,18:30-18:40,962.6015166666666,0.058649999999999994,1.379625,1.3745995535714286,26.393847619047506,47.05888750000017,988.9367142857142,988.9367142857142,988.9367142857142,0.0,0.0,10800.0,0.0
2025-09-03,0,112,18:40-18:50,939.2432333333333,0.1604,1.4606,1.4450642857142857,26.86961666666673,63.81447976190475,965.95245,965.95245,965.95245,0.0,0.0,10800.0,0.0
2025-09-03,0,113,18:50-19:00,934.7833333333333,0.0,1.630125,1.6114366071428574,36.924999999999955,44.89497976190478,138.375,138.375,138.375,0.0,833.3333333333333,9874.074074074075,0.0
2025-09-03,0,114,19:00-19:10,915.7405333333332,0.004211904761904762,1.643675,1.6309254464285716,28.58048333333329,62.41764880952377,110.98347142857142,110.98347142857142,110.98347142857142,0.0,833.3333333333333,8948.14814814815,0.0
2025-09-03,0,115,19:10-19:20,930.9420499999999,0.011516666666666665,1.61545,1.6049986607142857,35.29048333333344,74.40982797619046,727.6199791666655,727.6199791666655,727.6199791666655,0.0,238.60103750000107,8683.03588425926,0.0
2025-09-03,0,116,19:20-19:30,961.7316666666667,0.0,1.6271749999999998,1.612291071428571,42.401666666666756,47.93246726190469,170.80000000000018,170.80000000000018,170.80000000000018,0.0,833.3333333333333,7757.109958333334,0.0
2025-09-03,0,117,19:30-19:40,937.4332666666666,0.0002785714285714286,1.6416,1.6240026785714285,24.327350000000024,44.66420119047618,128.42700476190475,128.42700476190475,128.42700476190475,0.0,833.3333333333333,6831.184032407408,0.0
2025-09-03,0,118,19:40-19:50,930.9726833333334,0.0008261904761904761,1.6479500000000002,1.630880357142857,10.778449999999907,68.36220773809538,108.41697380952382,108.41697380952382,108.41697380952382,0.0,833.3333333333333,5905.258106481482,0.0
2025-09-03,0,119,19:50-20:00,955.7633333333333,0.0,1.6569749999999999,1.6421700892857138,18.226666666666574,66.11846726190498,140.65666666666664,140.65666666666664,140.65666666666664,0.0,833.3333333333333,4979.332180555556,0.0
2025-09-03,0,120,20:00-20:10,948.6596333333333,0.0,1.6762,1.6630571428571421,23.94684285714277,51.84562619047625,139.27314285714283,139.27314285714283,139.27314285714283,0.0,833.3333333333333,4053.40625462963,0.0
2025-09-03,0,121,20:10-20:20,925.4364,0.0,1.6523,1.6391370535714287,26.782516666666652,44.16730000000004,118.88558333333344,118.88558333333344,118.88558333333344,0.0,833.3333333333333,3127.480328703704,0.0
2025-09-03,0,122,20:20-20:30,913.4133333333332,0.0,1.643125,1.6280040178571433,16.531666666666638,65.45188750000003,96.61166666666657,96.61166666666657,96.61166666666657,0.0,833.3333333333333,2201.554402777778,0.0
2025-09-03,0,123,20:30-20:40,921.6926666666666,0.0,1.7143749999999998,1.6969428571428573,28.221716666666566,42.99070714285759,116.58104999999989,116.58104999999989,116.58104999999989,0.0,833.3333333333333,1275.628476851852,0.0
2025-09-03,0,124,20:40-20:50,925.0158499999999,0.0,1.4833500000000002,1.4698477678571427,19.999766666666574,68.0656291666667,934.7874124999997,934.7874124999997,934.7874124999997,0.0,10.228204166666728,1264.2638055555556,0.0
2025-09-03,0,125,20:50-21:00,924.475,0.0,1.0823500000000001,1.075503125,35.178333333333285,57.837425000000025,973.3531790123453,973.3531790123453,973.3531790123453,13.699845679012064,0.0,1276.5936666666664,0.0
2025-09-03,0,126,21:00-21:10,939.6906333333333,0.0,1.054425,1.0464348214285715,23.684883333333346,68.93429999999984,992.344770781893,992.344770781893,992.344770781893,28.9692541152264,0.0,1302.6659953703702,0.0
2025-09-03,0,127,21:10-21:20,928.8491833333333,0.0,1.089325,1.0788620535714286,23.971283333333304,74.82034166666668,952.8204666666666,952.8204666666666,952.8204666666666,0.0,0.0,1302.6659953703702,0.0
2025-09-03,0,128,21:20-21:30,921.0583333333334,0.0,1.0644,1.0536120535714282,24.04833333333329,92.39939583333327,945.1066666666667,945.1066666666667,945.1066666666667,0.0,0.0,1302.6659953703702,0.0
2025-09-03,0,129,21:30-21:40,970.4620166666666,0.0,1.129125,1.1176397321428575,25.253616666666744,65.16777916666655,992.2854666666668,992.2854666666668,992.2854666666668,0.0,3.4301666666665596,1298.854699074074,0.0
2025-09-03,0,130,21:40-21:50,897.2387166666667,0.0,0.9167000000000001,0.9070334821428572,23.000049999999874,84.85342916666681,920.2387666666666,920.2387666666666,920.2387666666666,0.0,0.0,1298.854699074074,0.0
2025-09-03,0,131,21:50-22:00,747.4083333333333,0.0,0.5321,0.5262758928571428,28.091666666666697,88.96922916666662,775.5,775.5,775.5,0.0,0.0,1298.854699074074,0.0
2025-09-03,0,132,22:00-22:10,755.0476666666666,0.0,0.491675,0.48696696428571434,30.583566666666684,60.87594166666665,1618.9645666666665,1618.9645666666665,1618.9645666666665,833.3333333333333,0.0,2048.8546990740742,0.0
2025-09-03,0,133,22:10-22:20,773.2329500000001,0.0,0.5480499999999999,0.5398218749999998,26.067916666666633,60.57893750000002,799.3008666666667,799.3008666666667,799.3008666666667,0.0,0.0,2048.8546990740742,0.0
2025-09-03,0,134,22:20-22:30,736.6533333333333,0.0,0.531025,0.5178691964285715,27.4466666666666,54.365795833333436,1597.4333333333332,1597.4333333333332,1597.4333333333332,833.3333333333333,0.0,2798.8546990740742,0.0
2025-09-03,0,135,22:30-22:40,730.8864166666667,0.0,0.524775,0.5109736607142855,25.824666666666758,37.275345833333205,1590.0444166666666,1590.0444166666666,1590.0444166666666,833.3333333333333,0.0,3548.8546990740742,0.0
2025-09-03,0,136,22:40-22:50,727.2913,0.0,0.531325,0.5192482142857143,23.923900000000003,33.14157500000002,1584.5485333333331,1584.5485333333331,1584.5485333333331,833.3333333333333,0.0,4298.854699074074,0.0
2025-09-03,0,137,22:50-23:00,717.1999999999999,0.0,0.5356,0.5255589285714286,32.93166666666673,66.29913333333332,750.1316666666667,750.1316666666667,750.1316666666667,0.0,0.0,4298.854699074074,0.0
2025-09-03,0,138,23:00-23:10,730.0682666666667,0.0,0.5336,0.5254749999999998,26.750516666666613,83.59467916666671,980.3135621399174,980.3135621399174,980.3135621399174,223.49477880658418,0.0,4500.0,0.0
2025-09-03,0,139,23:10-23:20,746.3806833333333,0.0,0.5376500000000001,0.5302303571428572,25.422300000000064,85.07833333333335,771.8029833333334,771.8029833333334,771.8029833333334,0.0,0.0,4500.0,0.0
2025-09-03,0,140,23:20-23:30,746.4833333333332,0.0,0.5375000000000001,0.5300790178571428,27.248333333333335,52.81037083333331,773.7316666666666,773.7316666666666,773.7316666666666,0.0,0.0,4500.0,0.0
2025-09-03,0,141,23:30-23:40,732.4541166666666,0.0,0.5161,0.5091816964285713,18.10699999999997,56.64253333333332,1583.8944499999998,1583.8944499999998,1583.8944499999998,833.3333333333333,0.0,5250.0,0.0
2025-09-03,0,142,23:40-23:50,739.8466833333333,0.0,0.532225,0.5234017857142856,32.266316666666626,42.39659583333341,1605.4463333333333,1605.4463333333333,1605.4463333333333,833.3333333333333,0.0,6000.0,0.0
2025-09-03,0,143,23:50-24:00,748.4216666666666,0.0,0.562875,0.5521781250000001,19.13833333333332,29.15958333333336,767.56,767.56,767.56,0.0,0.0,6000.0,0.0
2025-09-04,0,0,0:00-0:10,702.9794499999999,0.0,0.5264,0.5189540178571428,21.321399999999926,54.2325625000002,724.3008499999999,724.3008499999999,724.3008499999999,0.0,0.0,9780.619509980157,0.0
2025-09-04,0,1,0:10-0:20,662.2867666666666,0.0,0.507,0.5014308035714287,14.797366666666676,69.85984583333348,677.0841333333333,677.0841333333333,677.0841333333333,0.0,0.0,9780.619509980157,0.0
2025-09-04,0,2,0:20-0:30,662.3333333333333,0.0,0.5354749999999999,0.5283281249999999,26.191666666666606,74.34185833333319,688.5249999999999,688.5249999999999,688.5249999999999,0.0,0.0,9780.619509980157,0.0
2025-09-04,0,3,0:30-0:40,685.6156333333333,0.0,0.5562499999999999,0.5491705357142856,14.0626666666667,85.60291249999995,699.6783,699.6783,699.6783,0.0,0.0,9780.619509980157,0.0
2025-09-04,0,4,0:40-0:50,709.5551666666667,0.0,0.553025,0.5457169642857143,20.179416666666725,87.12935833333341,729.7345833333334,729.7345833333334,729.7345833333334,0.0,0.0,9780.619509980157,0.0
2025-09-04,0,5,0:50-1:00,733.8399999999999,0.0,0.533825,0.5240241071428574,25.5383333333333,74.63277916666661,759.3783333333332,759.3783333333332,759.3783333333332,0.0,0.0,9780.619509980157,0.0
2025-09-04,0,6,1:00-1:10,761.4916166666667,0.0,0.5142249999999999,0.5004852678571429,30.2432,59.407508333333226,791.7348166666667,791.7348166666667,791.7348166666667,0.0,0.0,9780.619509980157,0.0
2025-09-04,0,7,1:10-1:20,723.0348833333334,0.0,0.48902500000000004,0.47410491071428557,32.294000000000096,20.984574999999893,755.3288833333335,755.3288833333335,755.3288833333335,0.0,0.0,9780.619509980157,0.0
2025-09-04,0,8,1:20-1:30,667.7266666666667,0.0,0.478425,0.46557901785714273,27.796666666666738,56.577499999999986,695.5233333333334,695.5233333333334,695.5233333333334,0.0,0.0,9780.619509980157,0.0
2025-09-04,0,9,1:30-1:40,712.7863166666666,0.0,0.507925,0.4967705357142857,12.844799999999964,68.25540416666666,725.6311166666666,725.6311166666666,725.6311166666666,0.0,0.0,9780.619509980157,0.0
2025-09-04,0,10,1:40-1:50,708.9286,0.0,0.5062,0.49447366071428567,18.15883333333329,52.85215000000022,727.0874333333333,727.0874333333333,727.0874333333333,0.0,0.0,9780.619509980157,0.0
2025-09-04,0,11,1:50-2:00,668.05,0.0,0.48435,0.4715334821428572,21.44500000000005,68.33418750000024,689.495,689.495,689.495,0.0,0.0,9780.619509980157,0.0
2025-09-04,0,12,2:00-2:10,744.3053833333333,0.0,0.519825,0.5084160714285714,31.43723333333321,78.73879166666677,775.7426166666665,775.7426166666665,775.7426166666665,0.0,0.0,9780.619509980157,0.0
2025-09-04,0,13,2:10-2:20,754.8557833333332,0.0,0.531225,0.5195705357142855,28.905250000000024,60.125795833333285,783.7610333333332,783.7610333333332,783.7610333333332,0.0,0.0,9780.619509980157,0.0
2025-09-04,0,14,2:20-2:30,685.5966666666666,0.0,0.506675,0.49497455357142855,15.023333333333312,58.31598333333332,700.6199999999999,700.6199999999999,700.6199999999999,0.0,0.0,9780.619509980157,0.0
2025-09-04,0,15,2:30-2:40,708.3063,0.0,0.51335,0.5074232142857142,27.582899999999995,58.33144999999985,735.8892,735.8892,735.8892,0.0,0.0,9780.619509980157,0.0
2025-09-04,0,16,2:40-2:50,722.4520166666666,0.0,0.49565000000000003,0.491240625,22.700733333333346,64.66287083333341,745.15275,745.15275,745.15275,0.0,0.0,9780.619509980157,0.0
2025-09-04,0,17,2:50-3:00,696.975,0.0,0.46145,0.4532375000000001,25.146666666666647,88.49885000000009,1021.4333222442699,1021.4333222442699,1021.4333222442699,299.31165557760323,0.0,10050.0,0.0
2025-09-04,0,18,3:00-3:10,710.3723499999999,0.0,0.48322499999999996,0.4745044642857143,34.021433333333334,60.012485714285816,744.3937833333332,744.3937833333332,744.3937833333332,0.0,0.0,10050.0,0.0
2025-09-04,0,19,3:10-3:20,720.12885,0.0,0.513375,0.5033004464285715,27.157883333333302,63.516181547619055,747.2867333333334,747.2867333333334,747.2867333333334,0.0,0.0,10050.0,0.0
2025-09-04,0,20,3:20-3:30,702.01,0.0,0.52145,0.5098116071428571,25.3216666666666,69.86259166666656,727.3316666666666,727.3316666666666,727.3316666666666,0.0,0.0,10050.0,0.0
2025-09-04,0,21,3:30-3:40,681.3122666666666,0.0,0.520375,0.5122169642857142,25.167021428571502,106.23800833333311,706.4792880952381,706.4792880952381,706.4792880952381,0.0,0.0,10050.0,0.0
2025-09-04,0,22,3:40-3:50,679.28385,2.857142857142857e-05,0.5034,0.4957308035714285,14.47267619047625,81.26277202380956,693.7564976190478,693.7564976190478,693.7564976190478,0.0,0.0,10050.0,0.0
2025-09-04,0,23,3:50-4:00,673.1333333333333,0.0,0.48355,0.47237857142857115,22.063333333333276,54.51416666666668,695.1966666666666,695.1966666666666,695.1966666666666,0.0,0.0,10050.0,0.0
2025-09-04,0,24,4:00-4:10,631.2406833333333,0.0005309523809523809,0.48897500000000005,0.47808705357142867,26.15549047619038,40.284982738095266,657.3956428571428,657.3956428571428,657.3956428571428,0.0,0.0,10050.0,0.0
2025-09-04,0,25,4:10-4:20,649.83895,0.0006309523809523809,0.50805,0.5021334821428571,31.31488333333334,70.47966249999988,681.1532023809524,681.1532023809524,681.1532023809524,0.0,0.0,10050.0,0.0
2025-09-04,0,26,4:20-4:30,704.2266666666666,0.0,0.51325,0.5107205357142857,31.56499999999994,80.51167202380964,735.7916666666665,735.7916666666665,735.7916666666665,0.0,0.0,10050.0,0.0
2025-09-04,0,27,4:30-4:40,668.9391833333333,0.007380952380952379,0.487175,0.4794674107142857,21.532771428571436,78.44890297619025,690.4645738095238,690.4645738095238,690.4645738095238,0.0,0.0,10050.0,0.0
2025-09-04,0,28,4:40-4:50,625.63625,0.008776190476190476,0.47324999999999995,0.46254285714285714,18.313695238095306,85.08072857142832,643.9411690476192,643.9411690476192,643.9411690476192,0.0,0.0,10050.0,0.0
2025-09-04,0,29,4:50-5:00,634.8,0.0,0.48715,0.4780950892857142,31.95500000000004,68.31407619047629,666.755,666.755,666.755,0.0,0.0,10050.0,0.0
2025-09-04,0,30,5:00-5:10,671.9410499999999,0.10284761904761903,0.5062,0.4970669642857142,32.04974047619055,93.15729761904758,703.8879428571429,703.8879428571429,703.8879428571429,0.0,0.0,10050.0,0.0
2025-09-04,0,31,5:10-5:20,673.82895,0.12224047619047619,0.523075,0.5207093750000001,29.888773809523855,105.1587702380958,703.5954833333334,703.5954833333334,703.5954833333334,0.0,0.0,10050.0,0.0
2025-09-04,0,32,5:20-5:30,626.8083333333333,0.0,0.482325,0.4889620535714287,26.293154761904702,108.27934702380992,653.101488095238,653.101488095238,653.101488095238,0.0,0.0,10050.0,0.0
2025-09-04,0,33,5:30-5:40,593.8454333333333,5.1829857142857145,0.377875,0.38153080357142866,28.365190476190435,128.78451071428606,1450.3609714285712,1450.3609714285712,1450.3609714285712,833.3333333333333,0.0,10800.0,0.0
2025-09-04,0,34,5:40-5:50,700.6102166666666,30.298119047619053,0.583225,0.5866196428571427,32.588680952380855,154.5233428571431,702.9007785714284,702.9007785714284,702.9007785714284,0.0,0.0,10800.0,0.0
2025-09-04,0,35,5:50-6:00,859.7933333333333,74.4830357142857,0.958175,0.967013392857143,41.46523809523808,168.1642232142858,0.0,0.0,0.0,0.0,826.7755357142856,9881.360515873015,0.0
2025-09-04,0,36,6:00-6:10,850.09075,120.47573809523809,0.9662499999999999,0.9739745535714286,41.26759523809517,231.47593095238136,0.0,0.0,0.0,0.0,770.8826071428571,9024.824285714285,0.0
2025-09-04,0,37,6:10-6:20,818.5876,168.1778857142857,0.9055500000000001,0.9087424107142856,30.496759523809487,280.7230809523815,0.0,0.0,0.0,0.0,680.9064738095237,8268.261537037037,0.0
2025-09-04,0,38,6:20-6:30,832.155,220.08303571428567,0.9254,0.9266607142857144,54.809940476190405,335.8962261904761,0.0,0.0,0.0,0.0,666.8819047619047,7527.281642857142,0.0
2025-09-04,0,39,6:30-6:40,815.6979333333334,275.70353809523806,0.8719250000000001,0.8759330357142858,40.81960238095235,444.80698690476174,0.0,0.0,0.0,0.0,580.8139976190477,6881.932756613756,0.0
2025-09-04,0,40,6:40-6:50,821.3142333333333,330.30102619047614,0.8304,0.8332964285714285,46.08826190476191,561.9739083333332,0.0,0.0,0.0,0.0,537.101469047619,6285.153346560846,0.0
2025-09-04,0,41,6:50-7:00,839.0316666666665,383.18660714285716,0.818675,0.8179165178571427,52.93553571428572,699.4149035714286,0.0,0.0,0.0,0.0,508.7805952380951,5719.841574074074,0.0
2025-09-04,0,42,7:00-7:10,803.4783,438.6306452380952,0.7629,0.7648758928571431,49.418835714285706,756.408116071429,0.0,0.0,0.0,0.0,414.2664904761905,5259.545473544973,0.0
2025-09-04,0,43,7:10-7:20,804.8195333333333,500.0882119047618,0.741025,0.7422254464285717,52.007376190476066,759.4941583333338,0.0,0.0,0.0,0.0,356.73869761904757,4863.169142857142,0.0
2025-09-04,0,44,7:20-7:30,836.1683333333333,564.2544642857142,0.723175,0.7179611607142856,47.7030952380951,762.5262083333336,229.7422517857139,229.7422517857139,229.7422517857139,0.0,89.87471250000026,4763.308351190475,0.0
2025-09-04,0,45,7:30-7:40,819.2565833333333,623.2655976190476,0.6399,0.6309299107142855,60.74443333333329,776.5076553571431,256.73541904761896,256.73541904761896,256.73541904761896,0.0,0.0,4763.308351190475,0.0
2025-09-04,0,46,7:40-7:50,926.0505833333333,677.1553666666666,0.8279,0.8174558035714286,50.2092833333333,764.6934011904764,0.0,0.0,0.0,0.0,299.1044999999999,4430.970017857142,0.0
2025-09-04,0,47,7:50-8:00,1115.0566666666666,731.0249999999999,1.1800499999999998,1.1685249999999996,32.30898809523842,868.9544440476187,0.0,0.0,0.0,0.0,416.34065476190517,3968.3692903439137,0.0
2025-09-04,0,48,8:00-8:10,1147.9509833333332,790.0732976190475,1.212775,1.199545089285714,32.34158809523802,1015.6272416666666,0.0,0.0,0.0,0.0,390.21927380952366,3534.792319444443,0.0
2025-09-04,0,49,8:10-8:20,1105.95325,848.0658333333332,1.1174,1.1009982142857144,53.76566666666679,1033.3235845238096,0.0,0.0,0.0,0.0,311.6530833333335,3188.511115740739,0.0
2025-09-04,0,50,8:20-8:30,1079.6966666666667,901.8660714285713,1.0714750000000002,1.0528607142857143,76.58232142857133,1029.7116773809528,0.0,0.0,0.0,0.0,254.41291666666666,2905.8300972222205,0.0
2025-09-04,0,51,8:30-8:40,1076.4020166666664,953.3060690476191,1.0568,1.040309375,59.16829285714272,1017.4593857142861,0.0,0.0,0.0,0.0,182.26424047619003,2703.3142744708985,0.0
2025-09-04,0,52,8:40-8:50,1066.5576833333332,1000.1446952380952,1.03015,1.0149843749999998,74.07551428571415,963.1243380952383,0.0,0.0,0.0,0.0,140.48850238095224,2547.215938492063,0.0
2025-09-04,0,53,8:50-9:00,1076.6333333333332,1039.2883928571428,0.991275,0.9747138392857143,100.00065476190468,923.8079136904763,0.0,0.0,0.0,0.0,137.34559523809503,2394.609721560846,0.0
2025-09-04,0,54,9:00-9:10,1151.8749333333333,1070.9346357142856,0.975325,0.9576647321428572,72.9972857142856,857.7819726190476,0.0,0.0,0.0,0.0,153.93758333333335,2223.5679623015867,0.0
2025-09-04,0,55,9:10-9:20,1163.1513833333333,1106.9335500000002,0.9693749999999999,0.95203125,57.75321190476188,786.1740124999998,0.0,0.0,0.0,0.0,113.97104523809503,2096.933467592592,0.0
2025-09-04,0,56,9:20-9:30,1117.7533333333333,1148.7419642857142,0.95045,0.936168303571429,74.32726190476183,722.7915148809517,0.0,0.0,0.0,0.0,43.33863095238098,2048.7794332010576,0.0
2025-09-04,0,57,9:30-9:40,1147.0899333333332,1184.7031333333334,0.92685,0.9172401785714281,90.22309999999993,676.8099226190468,0.0,0.0,0.0,0.0,52.6098999999997,1990.3239887566133,0.0
2025-09-04,0,58,9:40-9:50,1160.9434833333332,1205.1273666666666,1.01335,0.9969526785714286,89.14932380952398,681.9643083333325,0.0,0.0,0.0,0.0,44.96544047619068,1940.3623882275126,0.0
2025-09-04,0,59,9:50-10:00,1120.73,1228.3910714285712,1.1553,1.1221549107142859,76.86619047619054,666.3261494047614,0.0,0.0,0.0,30.79488095238071,0.0,1968.0777810846553,0.0
2025-09-04,0,60,10:00-10:10,1091.5288999999998,1279.6757404761906,1.166425,1.123576785714286,63.02814999999987,605.512533928571,0.0,0.0,0.0,125.11869047619098,0.0,2080.684602513227,0.0
2025-09-04,0,61,10:10-10:20,1114.1556166666664,1304.7529142857143,1.116575,1.0790410714285716,74.40513333333342,555.2250857142859,0.0,0.0,0.0,116.1921642857144,0.0,2185.25755037037,0.0
2025-09-04,0,62,10:20-10:30,1158.1866666666665,1299.3625,1.1212,1.0939334821428572,93.69505952380928,531.7810654761906,0.0,0.0,0.0,47.48077380952418,0.0,2227.990246798942,0.0
2025-09-04,0,63,10:30-10:40,1153.1414166666666,1313.937457142857,1.179425,1.15015,86.44038095238125,537.2813928571428,0.0,0.0,0.0,74.35565952380921,0.0,2294.9103403703702,0.0
2025-09-04,0,64,10:40-10:50,1124.3387166666666,1337.7826738095237,0.934275,0.9060901785714284,86.88330952380954,520.754023214286,0.0,0.0,0.0,126.56064761904736,0.0,2408.8149232275127,0.0
2025-09-04,0,65,10:50-11:00,1124.6766666666667,1357.5455357142855,0.525875,0.5049107142857143,100.43744047619032,505.8609255952399,353.671074191651,353.671074191651,353.671074191651,486.10250276307954,0.0,2846.3071757142843,0.0
2025-09-04,0,66,11:00-11:10,1173.6892833333332,1373.4732619047618,0.48019999999999996,0.4593915178571428,103.9764452380952,580.6269988095235,737.5257999999999,737.5257999999999,737.5257999999999,833.3333333333333,0.0,3596.3071757142843,0.0
2025-09-04,0,67,11:10-11:20,1153.3271666666665,1386.8164285714286,0.5338,0.5104482142857142,102.59410476190503,653.389167261904,0.0,0.0,0.0,130.895157142857,0.0,3714.1128171428554,0.0
2025-09-04,0,68,11:20-11:30,1083.5266666666666,1403.1214285714286,0.5051749999999999,0.47977544642857123,101.29113095238085,718.6380017857141,615.0297023809521,615.0297023809521,615.0297023809521,833.3333333333333,0.0,4464.112817142855,0.0
2025-09-04,0,69,11:30-11:40,1095.1969333333332,1425.221819047619,0.4765,0.4482133928571428,84.48718809523768,715.2064023809523,587.7956357142853,587.7956357142853,587.7956357142853,833.3333333333333,0.0,5214.112817142855,0.0
2025-09-04,0,70,11:40-11:50,1080.8178166666667,1429.9972428571427,0.442875,0.41438794642857146,102.26503333333373,702.394850595239,586.418940476191,586.418940476191,586.418940476191,833.3333333333333,0.0,5964.112817142855,0.0
2025-09-04,0,71,11:50-12:00,1038.2266666666665,1425.699107142857,0.42957500000000004,0.4037633928571429,105.5095238095239,705.6283369047619,551.3704166666666,551.3704166666666,551.3704166666666,833.3333333333333,0.0,6714.112817142855,0.0
2025-09-04,0,72,12:00-12:10,1077.0048499999998,1442.8310999999999,0.48225,0.4586281250000002,127.7971071428571,657.2217648809522,595.3041904761903,595.3041904761903,595.3041904761903,833.3333333333333,0.0,7464.112817142855,0.0
2025-09-04,0,73,12:10-12:20,1091.8901833333332,1451.1563047619047,0.5109750000000001,0.48989375000000007,102.84511428571432,615.2599000000002,576.912326190476,576.912326190476,576.912326190476,833.3333333333333,0.0,8214.112817142855,0.0
2025-09-04,0,74,12:20-12:30,1049.8883333333333,1447.5035714285714,0.466075,0.4467825892857143,118.21238095238104,536.7839797619044,553.9304761904762,553.9304761904762,553.9304761904762,833.3333333333333,0.0,8964.112817142855,0.0
2025-09-04,0,75,12:30-12:40,1037.5474166666665,1458.7902428571426,0.412825,0.3918955357142858,102.07584047619025,589.0534416666674,514.1663476190474,514.1663476190474,514.1663476190474,833.3333333333333,0.0,9714.112817142855,0.0
2025-09-04,0,76,12:40-12:50,1103.5515166666667,1462.7559023809522,0.5614750000000001,0.5384232142857144,65.73212619047649,540.222050000001,0.0,0.0,0.0,293.47225952380904,0.0,9978.237850714284,0.0
2025-09-04,0,77,12:50-13:00,1176.8716666666664,1450.2705357142859,0.8179000000000001,0.7934732142857144,80.13374999999989,511.83901250000093,0.0,0.0,0.0,193.26511904761946,0.0,10152.176457857142,0.0
2025-09-04,0,78,13:00-13:10,1141.1062833333333,1433.2022642857146,0.8669749999999999,0.8407138392857141,82.41580952380961,514.6730315476195,0.0,0.0,0.0,209.6801714285716,0.0,10340.888612142857,0.0
2025-09-04,0,79,13:10-13:20,1126.65015,1404.371273809524,0.86235,0.8351937500000003,90.87433809523768,533.7334821428577,0.0,0.0,0.0,186.8467857142864,0.0,10509.050719285715,0.0
2025-09-04,0,80,13:20-13:30,1165.6583333333333,1363.716964285714,0.8844000000000001,0.8587089285714286,69.41065476190465,550.699798809524,0.0,0.0,0.0,128.64797619047613,0.0,10624.833897857143,0.0
2025-09-04,0,81,13:30-13:40,1164.68865,1324.3524904761905,0.871875,0.8484999999999998,86.90680714285706,527.1674059523812,0.0,0.0,0.0,72.75703333333331,0.0,10690.315227857143,0.0
2025-09-04,0,82,13:40-13:50,1168.8461166666666,1302.0394428571428,0.9639,0.9335258928571432,64.8763904761903,560.1885708333333,0.0,0.0,0.0,68.31693571428582,0.0,10751.80047,0.0
2025-09-04,0,83,13:50-14:00,1177.67,1281.592857142857,1.127925,1.0864924107142855,84.21785714285716,539.2980839285713,0.0,0.0,0.0,19.7049999999997,0.0,10769.53497,0.0
2025-09-04,0,84,14:00-14:10,1145.2464499999999,1231.0437285714286,1.172175,1.1315839285714286,51.94724523809502,535.174006547619,0.0,0.0,0.0,33.85003333333361,0.0,10800.0,0.0
2025-09-04,0,85,14:10-14:20,1164.8305833333334,1176.1522214285712,1.162125,1.1233549107142857,64.603469047619,517.3474434523807,0.0,0.0,0.0,0.0,53.28183095238114,10740.797965608466,0.0
2025-09-04,0,86,14:20-14:30,1208.145,1133.9187499999998,1.2026499999999998,1.161148214285714,77.20821428571449,483.1153648809516,0.0,0.0,0.0,0.0,151.43446428571474,10572.53744973545,0.0
2025-09-04,0,87,14:30-14:40,1158.7523333333334,1095.9318261904762,1.2813500000000002,1.2395794642857147,64.52734047619029,408.0046595238094,0.0,0.0,0.0,0.0,127.34784761904757,10431.039841269841,0.0
2025-09-04,0,88,14:40-14:50,1166.8332666666665,1047.108914285714,1.052825,1.0206325892857142,55.63592857142879,318.6351994047615,0.0,0.0,0.0,0.0,175.36028095238134,10236.195084656085,0.0
2025-09-04,0,89,14:50-15:00,1231.5349999999999,989.7241071428572,0.6771750000000001,0.6586316964285714,51.12309523809495,332.94438392857114,919.383894032921,919.383894032921,919.383894032921,626.4499059376834,0.0,10800.0,0.0
2025-09-04,0,90,15:00-15:10,1192.7138499999999,941.6181547619045,0.6873750000000001,0.6721544642857145,60.68462619047605,299.746257738095,311.7803214285715,311.7803214285715,311.7803214285715,0.0,0.0,10800.0,0.0
2025-09-04,0,91,15:10-15:20,1128.0273,907.1035452380953,0.769675,0.7510928571428572,55.24672142857162,245.625880357142,276.1704761904763,276.1704761904763,276.1704761904763,0.0,0.0,10800.0,0.0
2025-09-04,0,92,15:20-15:30,1115.5983333333334,870.2553571428572,0.749425,0.7293174107142856,63.340476190476295,238.99884047619003,308.6834523809524,308.6834523809524,308.6834523809524,0.0,0.0,10800.0,0.0
2025-09-04,0,93,15:30-15:40,1155.3398166666666,810.8663880952381,0.7709250000000001,0.7565303571428572,57.72837619047647,190.92192619047614,402.2018047619049,402.2018047619049,402.2018047619049,0.0,0.0,10800.0,0.0
2025-09-04,0,94,15:40-15:50,1182.9636999999998,756.8520809523811,0.82575,0.8164669642857142,53.303935714285515,192.1949214285713,479.4155547619041,479.4155547619041,479.4155547619041,0.0,-0.0,10800.0,0.0
2025-09-04,0,95,15:50-16:00,1188.3183333333332,717.7473214285715,0.8782,0.8684843749999998,60.25880952380953,164.59865416666625,530.8298214285712,530.8298214285712,530.8298214285712,0.0,-0.0,10800.0,0.0
2025-09-04,0,96,16:00-16:10,1209.1648666666665,674.5599333333333,0.9087,0.8957500000000004,53.285785714285794,192.29649880952365,587.890719047619,587.890719047619,587.890719047619,0.0,-0.0,10800.0,0.0
2025-09-04,0,97,16:10-16:20,1200.78415,617.3005714285714,0.9020999999999999,0.8910897321428569,67.71999047619045,152.10590833333345,651.2035690476191,651.2035690476191,651.2035690476191,0.0,0.0,10800.0,0.0
2025-09-04,0,98,16:20-16:30,1186.1716666666666,555.2705357142856,0.8885749999999999,0.8808964285714287,46.98190476190473,142.76310357142867,677.8830357142858,677.8830357142858,677.8830357142858,0.0,0.0,10800.0,0.0
2025-09-04,0,99,16:30-16:40,1228.8836,505.3242619047619,0.9234249999999999,0.910137946428571,31.703126190476155,139.43825059523832,755.262464285714,755.262464285714,755.262464285714,0.0,-0.0,10800.0,0.0
2025-09-04,0,100,16:40-16:50,1207.1848499999999,448.73269523809523,0.9843000000000001,0.970971875,22.24207619047604,112.38675833333326,780.6942309523808,780.6942309523808,780.6942309523808,0.0,-0.0,10800.0,0.0
2025-09-04,0,101,16:50-17:00,1153.6083333333331,380.8705357142858,1.031675,1.0256549107142858,47.82565476190487,99.29654761904706,820.5634523809522,820.5634523809522,820.5634523809522,0.0,-0.0,10800.0,0.0
2025-09-04,0,102,17:00-17:10,1221.4002833333334,317.6319214285714,1.046725,1.0423638392857142,46.74449047619032,70.0495666666666,950.5128523809524,950.5128523809524,950.5128523809524,0.0,-0.0,10800.0,0.0
2025-09-04,0,103,17:10-17:20,1249.8493833333332,264.00467142857144,1.0786,1.0741,35.85780238095242,84.9587470238096,1021.7025142857141,1021.7025142857141,1021.7025142857141,-0.0,0.0,10800.0,0.0
2025-09-04,0,104,17:20-17:30,1212.965,216.2785714285714,1.114275,1.1105040178571426,41.052976190476215,84.47102678571397,1037.7394047619046,1037.7394047619046,1037.7394047619046,0.0,0.0,10800.0,0.0
2025-09-04,0,105,17:30-17:40,1222.6214499999999,167.3485880952381,1.10825,1.1044241071428567,35.826669047619134,52.69631071428543,1091.099530952381,1091.099530952381,1091.099530952381,0.0,0.0,10800.0,0.0
2025-09-04,0,106,17:40-17:50,1094.6424499999998,119.2467761904762,1.193725,1.1923401785714283,36.85668333333342,43.38184345238042,1012.252357142857,1012.252357142857,1012.252357142857,0.0,0.0,10800.0,0.0
2025-09-04,0,107,17:50-18:00,891.3066666666666,72.92589285714286,1.3362,1.3387156250000003,29.599226190476315,73.90294345238067,847.98,847.98,847.98,0.0,0.0,10800.0,0.0
2025-09-04,0,108,18:00-18:10,891.13265,29.67663095238095,1.3597,1.3629428571428577,30.541930952380994,58.142491666666615,891.9979500000001,891.9979500000001,891.9979500000001,0.0,0.0,10800.0,0.0
2025-09-04,0,109,18:10-18:20,952.2397833333332,5.147721428571428,1.369625,1.373605357142857,22.675176190476236,58.73516011904758,969.767238095238,969.767238095238,969.767238095238,0.0,0.0,10800.0,0.0
2025-09-04,0,110,18:20-18:30,960.1783333333333,0.0,1.39485,1.3978575892857148,33.8207142857143,46.940351785714455,993.9990476190476,993.9990476190476,993.9990476190476,0.0,-0.0,10800.0,0.0
2025-09-04,0,111,18:30-18:40,942.1513833333333,0.10760476190476188,1.3723999999999998,1.3666508928571428,22.614980952380847,54.08871011904793,964.6587595238094,964.6587595238094,964.6587595238094,0.0,0.0,10800.0,0.0
2025-09-04,0,112,18:40-18:50,944.7800666666667,0.10555238095238095,1.456375,1.4382428571428565,26.0935690476191,66.43927738095249,970.7680833333334,970.7680833333334,970.7680833333334,0.0,0.0,10800.0,0.0
2025-09-04,0,113,18:50-19:00,952.5249999999999,0.0,1.612425,1.5881272321428572,36.924999999999955,45.511229761904815,750.0845910714279,750.0845910714279,750.0845910714279,0.0,239.36540892857192,10534.038434523809,0.0
2025-09-04,0,114,19:00-19:10,916.6485166666666,0.007726190476190477,1.636725,1.6191169642857142,28.58048333333329,64.92228214285723,111.88794047619047,111.88794047619047,111.88794047619047,0.0,833.3333333333333,9608.112508597884,0.0
2025-09-04,0,115,19:10-19:20,912.8292666666666,0.007578571428571428,1.622125,1.6067763392857144,35.29048333333344,76.86246904761919,114.77883809523826,114.77883809523826,114.77883809523826,0.0,833.3333333333333,8682.186582671959,0.0
2025-09-04,0,116,19:20-19:30,937.7983333333333,0.0,1.63205,1.610195089285714,39.93666666666661,48.581672023809716,144.40166666666664,144.40166666666664,144.40166666666664,0.0,833.3333333333333,7756.2606567460325,0.0
2025-09-04,0,117,19:30-19:40,919.4029999999999,0.0005309523809523809,1.63615,1.6109848214285714,24.28771666666671,44.70383452380949,110.35685238095243,110.35685238095243,110.35685238095243,0.0,833.3333333333333,6830.334730820106,0.0
2025-09-04,0,118,19:40-19:50,946.5573333333333,0.0005428571428571429,1.6510500000000001,1.6269330357142857,10.778449999999907,67.3776970238097,124.00190714285714,124.00190714285714,124.00190714285714,0.0,833.3333333333333,5904.40880489418,0.0
2025-09-04,0,119,19:50-20:00,1002.1366666666665,0.0,1.67675,1.6555008928571435,18.226666666666574,65.79029702380976,187.02999999999986,187.02999999999986,187.02999999999986,0.0,833.3333333333333,4978.482878968254,0.0
2025-09-04,0,120,20:00-20:10,969.1365666666667,0.0,1.682775,1.6634410714285714,23.94684285714277,50.53294523809535,159.7500761904762,159.7500761904762,159.7500761904762,0.0,833.3333333333333,4052.556953042328,0.0
2025-09-04,0,121,20:10-20:20,918.5371166666666,0.0,1.639775,1.6208816964285713,28.095197619047553,42.75721904761912,113.29898095238093,113.29898095238093,113.29898095238093,0.0,833.3333333333333,3126.631027116402,0.0
2025-09-04,0,122,20:20-20:30,911.0766666666666,0.0,1.6228,1.6020625000000008,16.531666666666638,65.45188750000003,94.27499999999998,94.27499999999998,94.27499999999998,0.0,833.3333333333333,2200.705101190476,0.0
2025-09-04,0,123,20:30-20:40,934.9928833333333,0.0,1.6931499999999997,1.6692165178571428,28.221716666666566,41.499669047619335,129.88126666666665,129.88126666666665,129.88126666666665,0.0,833.3333333333333,1274.77917526455,0.0
2025-09-04,0,124,20:40-20:50,927.6687499999999,0.0,1.4678,1.450039732142857,21.854138095238113,67.30125773809502,940.4223886904764,940.4223886904764,940.4223886904764,0.0,9.100499404761694,1264.6675092592593,0.0
2025-09-04,0,125,20:50-21:00,898.8633333333333,0.0,1.0726,1.0654808035714283,35.178333333333285,58.20075833333331,947.7415123456786,947.7415123456786,947.7415123456786,13.699845679012064,0.0,1276.9973703703702,0.0
2025-09-04,0,126,21:00-21:10,915.3348833333332,0.0,1.042475,1.0340004464285715,23.684883333333346,69.29763333333312,969.0095969135803,969.0095969135803,969.0095969135803,29.989830246913698,0.0,1303.9882175925925,0.0
2025-09-04,0,127,21:10-21:20,936.7534,0.0,1.0798,1.0670562500000003,23.971283333333304,76.01034166666662,960.7246833333334,960.7246833333334,960.7246833333334,0.0,0.0,1303.9882175925925,0.0
2025-09-04,0,128,21:20-21:30,956.2133333333333,0.0,1.0596,1.0459245535714286,22.85833333333335,93.58939583333321,979.0716666666666,979.0716666666666,979.0716666666666,0.0,0.0,1303.9882175925925,0.0
2025-09-04,0,129,21:30-21:40,990.5602166666665,0.0,1.1183750000000001,1.1047375000000001,25.253616666666744,65.16777916666655,1011.4569999999998,1011.4569999999998,1011.4569999999998,0.0,4.356833333333452,1299.1472916666664,0.0
2025-09-04,0,130,21:40-21:50,916.1615166666667,0.0,0.913175,0.9014334821428569,23.000049999999874,84.91926250000012,939.1615666666665,939.1615666666665,939.1615666666665,0.0,0.0,1299.1472916666664,0.0
2025-09-04,0,131,21:50-22:00,778.6883333333333,0.0,0.558025,0.5499758928571429,28.091666666666697,89.23256249999983,806.78,806.78,806.78,0.0,0.0,1299.1472916666664,0.0
2025-09-04,0,132,22:00-22:10,760.02205,0.0,0.54725,0.5419084821428571,30.583566666666684,60.94177499999995,790.6056166666667,790.6056166666667,790.6056166666667,0.0,0.0,1299.1472916666664,0.0
2025-09-04,0,133,22:10-22:20,769.9448833333332,0.0,0.5888,0.5799120535714286,26.067916666666633,60.84227083333323,796.0127999999999,796.0127999999999,796.0127999999999,0.0,0.0,1299.1472916666664,0.0
2025-09-04,0,134,22:20-22:30,726.19,0.0,0.533125,0.5180473214285714,27.183333333333394,54.629129166666644,1586.7066666666667,1586.7066666666667,1586.7066666666667,833.3333333333333,0.0,2049.147291666666,0.0
2025-09-04,0,135,22:30-22:40,657.3727333333333,0.0,0.52925,0.5147794642857143,25.824666666666758,37.275345833333205,1516.5307333333333,1516.5307333333333,1516.5307333333333,833.3333333333333,0.0,2799.147291666666,0.0
2025-09-04,0,136,22:40-22:50,711.8668333333333,0.0,0.53925,0.5271459821428571,23.923900000000003,36.68426666666676,735.7907333333333,735.7907333333333,735.7907333333333,0.0,0.0,2799.147291666666,0.0
2025-09-04,0,137,22:50-23:00,820.245,0.0,0.5353,0.5241035714285714,32.93166666666673,68.77787500000002,853.1766666666667,853.1766666666667,853.1766666666667,0.0,0.0,2799.147291666666,0.0
2025-09-04,0,138,23:00-23:10,764.3710333333333,0.0,0.5382750000000001,0.5283107142857142,26.750516666666613,93.50964583333354,791.12155,791.12155,791.12155,0.0,0.0,2799.147291666666,0.0
2025-09-04,0,139,23:10-23:20,710.7684333333333,0.0,0.523,0.51424375,15.507333333333236,94.99330000000018,1559.6090999999997,1559.6090999999997,1559.6090999999997,833.3333333333333,0.0,3549.147291666666,0.0
2025-09-04,0,140,23:20-23:30,742.1916666666666,0.0,0.50735,0.49929508928571426,27.248333333333335,52.81037083333331,1602.773333333333,1602.773333333333,1602.773333333333,833.3333333333333,0.0,4299.147291666666,0.0
2025-09-04,0,141,23:30-23:40,757.2437,0.0,0.5315,0.5233531250000001,18.10699999999997,56.64253333333332,998.5203759259264,998.5203759259264,998.5203759259264,223.16967592592644,0.0,4500.0,0.0
2025-09-04,0,142,23:40-23:50,656.69675,0.0,0.50705,0.496692410714286,32.266316666666626,42.39659583333341,1522.2963999999997,1522.2963999999997,1522.2963999999997,833.3333333333333,0.0,5250.0,0.0
2025-09-04,0,143,23:50-24:00,530.15,0.0,0.4339,0.42205178571428564,19.13833333333332,29.15958333333336,1382.6216666666664,1382.6216666666664,1382.6216666666664,833.3333333333333,0.0,6000.0,0.0
2025-09-05,0,0,0:00-0:10,561.3260499999999,0.0,0.40745000000000003,0.39863258928571427,21.321399999999926,54.2325625000002,582.6474499999998,582.6474499999998,582.6474499999998,0.0,0.0,10022.620066646827,0.0
2025-09-05,0,1,0:10-0:20,574.97845,0.0,0.42332500000000006,0.41545580357142864,14.797366666666676,69.85984583333348,0.0,0.0,0.0,0.0,589.7758166666666,9367.313603683864,0.0
2025-09-05,0,2,0:20-0:30,523.5516666666666,0.0,0.438975,0.4292321428571428,26.191666666666606,74.34185833333319,0.0,0.0,0.0,0.0,549.7433333333332,8756.487677757937,0.0
2025-09-05,0,3,0:30-0:40,536.4926333333333,0.0,0.420875,0.412619642857143,14.0626666666667,85.60291249999995,0.0,0.0,0.0,0.0,550.5553,8144.759566646826,0.0
2025-09-05,0,4,0:40-0:50,574.4724166666666,0.0,0.416375,0.40683973214285707,20.179416666666725,87.12935833333341,594.6518333333333,594.6518333333333,594.6518333333333,0.0,0.0,8144.759566646826,0.0
2025-09-05,0,5,0:50-1:00,579.375,0.0,0.43285,0.41854151785714283,25.5383333333333,74.63277916666661,0.0,0.0,0.0,0.0,604.9133333333333,7472.6336407209,0.0
2025-09-05,0,6,1:00-1:10,540.8972166666666,0.0,0.4323,0.41594910714285716,30.2432,59.407508333333226,0.0,0.0,0.0,0.0,571.1404166666666,6838.033177757937,0.0
2025-09-05,0,7,1:10-1:20,532.6854666666666,0.0,0.434875,0.41873482142857127,32.294000000000096,21.896279166666517,0.0,0.0,0.0,0.0,564.9794666666667,6210.278214794974,0.0
2025-09-05,0,8,1:20-1:30,557.48,0.0,0.442775,0.4281500000000001,27.796666666666738,57.94526666666667,0.0,0.0,0.0,0.0,585.2766666666668,5559.970807387566,0.0
2025-09-05,0,9,1:30-1:40,547.4092499999999,0.0,0.433925,0.4216700892857144,12.844799999999964,68.25540416666666,0.0,0.0,0.0,0.0,560.2540499999999,4937.466307387566,0.0
2025-09-05,0,10,1:40-1:50,518.6362166666667,0.0,0.42055,0.4081522321428571,18.15883333333329,58.659987500000085,536.79505,536.79505,536.79505,0.0,0.0,4937.466307387566,0.0
2025-09-05,0,11,1:50-2:00,510.31333333333333,0.0,0.41125,0.39657187499999996,17.654999999999973,72.01680000000013,527.9683333333332,527.9683333333332,527.9683333333332,0.0,0.0,4937.466307387566,0.0
2025-09-05,0,12,2:00-2:10,539.6929,0.0,0.4043,0.3890852678571428,27.017616666666754,78.59560833333319,566.7105166666668,566.7105166666668,566.7105166666668,0.0,0.0,4937.466307387566,0.0
2025-09-05,0,13,2:10-2:20,536.5698666666666,0.0,0.406125,0.3920611607142856,33.46805000000006,55.56299583333325,570.0379166666667,570.0379166666667,570.0379166666667,0.0,0.0,4937.466307387566,0.0
2025-09-05,0,14,2:20-2:30,500.76166666666666,0.0,0.411725,0.4004017857142856,15.023333333333312,58.13449166666666,515.785,515.785,515.785,0.0,0.0,4937.466307387566,0.0
2025-09-05,0,15,2:30-2:40,501.18446666666665,0.0,0.408875,0.40165267857142845,27.582899999999995,57.60548333333321,528.7673666666667,528.7673666666667,528.7673666666667,0.0,0.0,4937.466307387566,0.0
2025-09-05,0,16,2:40-2:50,516.1041166666666,0.0,0.412325,0.40613794642857143,23.426699999999983,63.93690416666678,539.5308166666666,539.5308166666666,539.5308166666666,0.0,0.0,4937.466307387566,0.0
2025-09-05,0,17,2:50-3:00,512.51,0.0,0.4178,0.4096151785714287,25.146666666666647,88.49885000000009,0.0,0.0,0.0,0.0,537.6566666666666,4340.07001109127,0.0
2025-09-05,0,18,3:00-3:10,484.40144999999995,0.0,0.405,0.39560758928571416,34.021433333333334,62.667485714285675,518.4228833333333,518.4228833333333,518.4228833333333,0.0,0.0,4340.07001109127,0.0
2025-09-05,0,19,3:10-3:20,481.3146,0.0,0.391025,0.37865089285714276,27.157883333333302,65.81561726190463,508.4724833333333,508.4724833333333,508.4724833333333,0.0,0.0,4340.07001109127,0.0
2025-09-05,0,20,3:20-3:30,500.1233333333333,0.0,0.38172500000000004,0.3671392857142857,22.666666666666742,71.0953345238093,522.79,522.79,522.79,0.0,0.0,4340.07001109127,0.0
2025-09-05,0,21,3:30-3:40,495.7996333333333,0.0,0.36965000000000003,0.3592816964285715,25.167021428571502,104.81575119047599,520.9666547619048,520.9666547619048,520.9666547619048,0.0,0.0,4340.07001109127,0.0
2025-09-05,0,22,3:40-3:50,517.7713,6.19047619047619e-05,0.375075,0.36705758928571425,15.89493333333337,80.83996726190475,533.6661714285715,533.6661714285715,533.6661714285715,0.0,0.0,4340.07001109127,0.0
2025-09-05,0,23,3:50-4:00,558.4133333333333,0.0,0.400225,0.3900562500000002,22.063333333333276,54.51416666666668,580.4766666666666,580.4766666666666,580.4766666666666,0.0,0.0,4340.07001109127,0.0
2025-09-05,0,24,4:00-4:10,551.4692833333334,0.00027380952380952377,0.419975,0.4091767857142857,26.15549047619038,43.256255952380485,423.2031316845231,423.2031316845231,423.2031316845231,0.0,154.42136831547677,4168.490712962963,0.0
2025-09-05,0,25,4:10-4:20,521.5656666666666,0.0010999999999999998,0.404375,0.3979165178571428,30.423740476190574,59.252713095237795,551.9883071428573,551.9883071428573,551.9883071428573,0.0,0.0,4168.490712962963,0.0
2025-09-05,0,26,4:20-4:30,512.9066666666666,0.0,0.37985,0.37625000000000014,28.458333333333485,76.79142083333309,541.3650000000001,541.3650000000001,541.3650000000001,0.0,0.0,4168.490712962963,0.0
2025-09-05,0,27,4:30-4:40,540.5541666666666,0.0038142857142857145,0.40130000000000005,0.39003749999999987,21.532771428571436,75.95531249999993,562.0831238095237,562.0831238095237,562.0831238095237,0.0,0.0,4168.490712962963,0.0
2025-09-05,0,28,4:40-4:50,523.8543666666667,0.015304761904761906,0.40895,0.39548839285714277,18.313695238095306,82.587138095238,542.1527571428572,542.1527571428572,542.1527571428572,0.0,0.0,4168.490712962963,0.0
2025-09-05,0,29,4:50-5:00,465.27166666666665,0.0,0.37370000000000003,0.3647691964285715,37.32333333333327,66.68627142857169,502.5949999999999,502.5949999999999,502.5949999999999,0.0,0.0,4168.490712962963,0.0
2025-09-05,0,30,5:00-5:10,452.8667833333333,0.05316190476190476,0.335,0.3245151785714286,29.174997619047645,96.89782619047621,1315.3219523809523,1315.3219523809523,1315.3219523809523,833.3333333333333,0.0,4918.490712962963,0.0
2025-09-05,0,31,5:10-5:20,487.62851666666666,0.21318809523809526,0.361675,0.3576616071428572,29.022988095238134,104.85121488095307,516.4383166666667,516.4383166666667,516.4383166666667,0.0,0.0,4918.490712962963,0.0
2025-09-05,0,32,5:20-5:30,514.7016666666666,0.0,0.38572500000000004,0.3928169642857144,26.293154761904702,107.88823333333376,540.9948214285713,540.9948214285713,540.9948214285713,0.0,0.0,4918.490712962963,0.0
2025-09-05,0,33,5:30-5:40,481.8835833333333,3.5105261904761904,0.31005,0.3141348214285714,28.365190476190435,128.39339702380988,1340.0715809523808,1340.0715809523808,1340.0715809523808,833.3333333333333,0.0,5668.490712962963,0.0
2025-09-05,0,34,5:40-5:50,474.32693333333333,27.054557142857142,0.47245000000000004,0.4761049107142856,32.588680952380855,154.13222916666695,0.0,0.0,0.0,0.0,479.861057142857,5135.311760582011,0.0
2025-09-05,0,35,5:50-6:00,501.41499999999996,71.43035714285715,0.7666,0.7765941964285716,41.46523809523808,167.77310952380967,0.0,0.0,0.0,0.0,471.4498809523809,4611.47855952381,0.0
2025-09-05,0,36,6:00-6:10,492.80154999999996,116.84426904761905,0.72785,0.7371933035714285,41.26759523809517,231.45113869047688,0.0,0.0,0.0,0.0,417.22487619047615,4147.895363756615,0.0
2025-09-05,0,37,6:10-6:20,497.40713333333326,163.93748095238095,0.657975,0.6606504464285713,30.496759523809487,279.67184702381024,0.0,0.0,0.0,0.0,363.9664119047618,3743.48823941799,0.0
2025-09-05,0,38,6:20-6:30,511.145,215.4919642857143,0.700375,0.698444642857143,54.809940476190405,336.3846547619049,0.0,0.0,0.0,0.0,350.46297619047607,3354.084932539683,0.0
2025-09-05,0,39,6:30-6:40,482.60868333333326,270.4006523809524,0.6936249999999999,0.6956093750000001,40.41431190476197,446.059125595238,0.0,0.0,0.0,0.0,252.62234285714288,3073.3934404761912,0.0
2025-09-05,0,40,6:40-6:50,501.82364999999993,324.5370761904762,0.677475,0.6798339285714284,46.08826190476191,562.8207565476191,0.0,0.0,0.0,0.0,223.3748357142856,2825.1991785714295,0.0
2025-09-05,0,41,6:50-7:00,571.3166666666666,379.0455357142856,0.664175,0.6628973214285715,52.93553571428572,691.8423035714286,0.0,0.0,0.0,0.0,245.2066666666667,2552.7473267195774,0.0
2025-09-05,0,42,7:00-7:10,599.35115,439.06915238095235,0.612325,0.6140062500000002,49.418835714285706,755.9759017857148,0.0,0.0,0.0,0.0,209.70083333333332,2319.7464007936514,0.0
2025-09-05,0,43,7:10-7:20,609.7499333333333,501.82126904761896,0.587875,0.58965,52.007376190476066,759.0619440476195,0.0,0.0,0.0,0.0,159.93604047619039,2142.0396891534397,0.0
2025-09-05,0,44,7:20-7:30,599.53,563.4312499999999,0.5686,0.56465625,47.7030952380951,762.0939940476194,0.0,0.0,0.0,0.0,83.80184523809521,2048.926527777778,0.0
2025-09-05,0,45,7:30-7:40,540.13425,621.343680952381,0.49782499999999996,0.4897084821428573,60.74443333333329,764.0338750000003,0.0,0.0,0.0,20.464997619048084,0.0,2067.345025634921,0.0
2025-09-05,0,46,7:40-7:50,523.5301999999999,674.6614119047618,0.6258,0.6167004464285714,50.2092833333333,734.1057482142857,0.0,0.0,0.0,100.921928571428,0.0,2158.1747613492066,0.0
2025-09-05,0,47,7:50-8:00,549.545,728.6821428571429,0.866625,0.8576848214285715,37.383273809523814,716.2739392857134,0.0,0.0,0.0,141.75386904761922,0.0,2285.753243492064,0.0
2025-09-05,0,48,8:00-8:10,533.0624833333333,790.6540928571428,0.85615,0.8452991071428576,32.34158809523802,829.7713202380942,0.0,0.0,0.0,225.25002142844514,0.0,2488.4782627776644,0.0
2025-09-05,0,49,8:10-8:20,536.7311333333333,852.7276904761904,0.765,0.7506803571428573,53.76566666666679,828.2593726190463,0.0,0.0,0.0,262.2308904762307,0.0,2724.4860642064145,0.0
2025-09-05,0,50,8:20-8:30,569.2133333333334,909.2160714285712,0.725125,0.7087236607142859,76.58232142857133,830.2774767857143,0.0,0.0,0.0,263.4204166666666,0.0,2961.5644392064146,0.0
2025-09-05,0,51,8:30-8:40,571.7312333333333,960.8415666666667,0.7034250000000001,0.6886200892857143,59.16829285714272,842.3769708333332,0.0,0.0,0.0,-0.0,749.2577470714879,2129.055831349206,0.0
2025-09-05,0,52,8:40-8:50,583.0167666666666,1009.8991214285716,0.7133750000000001,0.6981834821428572,65.86325000000011,836.1502482142854,0.0,0.0,0.0,-0.0,82.42566488095258,2037.4717592592588,0.0
2025-09-05,0,53,8:50-9:00,625.3266666666666,1057.6249999999998,0.735625,0.7178125000000001,100.00065476190468,753.7245833333328,0.0,0.0,0.0,-0.0,73.59230714285772,1955.702529100528,0.0
2025-09-05,0,54,9:00-9:10,674.7393833333333,1104.364988095238,0.7208,0.7034214285714285,72.9972857142856,680.1322761904751,0.0,0.0,0.0,356.62831904761913,-0.0,2276.668016243385,0.0
2025-09-05,0,55,9:10-9:20,692.2614333333332,1152.0946714285712,0.6849500000000001,0.6688816964285714,57.75321190476188,643.846766071428,0.0,0.0,0.0,402.0800261904761,0.0,2638.5400398148136,0.0
2025-09-05,0,56,9:20-9:30,685.0633333333333,1195.2053571428569,0.6447,0.6308495535714285,74.32726190476183,619.3278672619041,0.0,0.0,0.0,435.81476190476155,0.0,3030.7733255290996,0.0
2025-09-05,0,57,9:30-9:40,690.4650166666667,1223.9600904761903,0.6229,0.6124642857142856,90.22309999999993,588.5152809523801,0.0,0.0,0.0,0.0,833.3333333333333,2104.8473996031735,0.0
2025-09-05,0,58,9:40-9:50,671.1232,1244.5691738095238,0.723325,0.7032232142857143,92.20416428571423,593.6696666666658,0.0,0.0,0.0,481.2418095238097,-0.0,2537.965028174602,0.0
2025-09-05,0,59,9:50-10:00,630.2516666666667,1277.1580357142857,0.853025,0.8137834821428573,76.86619047619054,581.0863482142847,0.0,0.0,0.0,-0.0,691.8200324999995,1769.2761031746027,0.0
2025-09-05,0,60,10:00-10:10,617.3502166666666,1333.516369047619,0.803175,0.756115625,63.02814999999987,512.3484928571426,0.0,0.0,0.0,653.1380023809529,-0.0,2357.10030531746,0.0
2025-09-05,0,61,10:10-10:20,628.4076,1356.1670404761906,0.761125,0.7202772321428571,74.40513333333342,424.6620238095236,0.0,0.0,0.0,-0.0,674.2519224047627,1607.9315026455017,0.0
2025-09-05,0,62,10:20-10:30,654.72,1348.4080357142857,0.825725,0.7930816964285716,101.20232142857125,367.1383523809516,0.0,0.0,0.0,299.0299304526756,0.0,1877.05844005291,0.0
2025-09-05,0,63,10:30-10:40,685.2853333333334,1370.3262761904762,0.8649999999999999,0.8291424107142857,86.44038095238125,303.41124345238023,0.0,0.0,0.0,598.6005619047617,-0.0,2415.7989457671956,0.0
2025-09-05,0,64,10:40-10:50,666.7605333333333,1397.5389666666665,0.603325,0.5723816964285714,90.60197857142873,285.5380386904752,0.0,0.0,0.0,-0.0,833.3333333333333,1489.8730198412698,0.0
2025-09-05,0,65,10:50-11:00,631.1183333333333,1410.4035714285712,0.21992499999999998,0.20181116071428568,130.39827380952374,260.8857178571428,0.0,0.0,0.0,67.25289609053327,0.0,1550.4006263227498,0.0
2025-09-05,0,66,11:00-11:10,662.8657333333333,1415.0748380952377,0.19195,0.17404957142857147,130.50419761904777,315.36056369047486,0.0,0.0,0.0,122.5801491769547,0.0,1660.722760582009,0.0
2025-09-05,0,67,11:10-11:20,677.8398333333333,1414.4213999999997,0.24627500000000002,0.22462321428571436,114.28470714285724,414.6504845238081,0.0,0.0,0.0,94.98695914168162,0.0,1746.2110238095224,0.0
2025-09-05,0,68,11:20-11:30,667.13,1419.1330357142856,0.21445000000000003,0.19144196428571436,121.80767857142871,491.5899214285702,0.0,0.0,0.0,483.22216990006063,0.0,2181.110976719577,0.0
2025-09-05,0,69,11:30-11:40,703.1667666666667,1439.6691523809523,0.198175,0.17233660714285717,116.41320714285746,509.73747619047555,0.0,0.0,0.0,620.0891785714281,0.0,2739.1912374338626,0.0
2025-09-05,0,70,11:40-11:50,713.8846833333333,1451.201511904762,0.19035,0.16414017857142854,123.18099047619074,525.6641238095245,0.0,0.0,0.0,-0.0,833.3333333333333,1813.2653115079365,0.0
2025-09-05,0,71,11:50-12:00,681.6583333333333,1451.351785714286,0.171375,0.14714644642857144,143.75922619047623,551.9387803571428,0.0,0.0,0.0,625.9342261904765,0.0,2376.6061150793653,0.0
2025-09-05,0,72,12:00-12:10,663.7304666666666,1459.9299666666668,0.147875,0.1248906607142857,147.00539761904787,541.7819107142855,0.0,0.0,0.0,649.1941023809521,-0.0,2960.8808072222223,0.0
2025-09-05,0,73,12:10-12:20,650.5634333333333,1461.2577095238094,0.15705,0.1368335535714286,126.047069047619,515.8405166666669,0.0,0.0,0.0,111.47373641974798,0.0,3061.2071699999956,0.0
2025-09-05,0,74,12:20-12:30,642.4633333333334,1458.6169642857142,0.173675,0.15549871428571427,119.89327380952395,441.46680654761815,0.0,0.0,0.0,696.2603571428566,-0.0,3687.8414914285663,0.0
2025-09-05,0,75,12:30-12:40,658.5826333333333,1470.5231095238096,0.163875,0.1437612321428572,150.2658380952383,508.1503244047625,0.0,0.0,0.0,661.6746380952379,0.0,4283.34866571428,0.0
2025-09-05,0,76,12:40-12:50,683.5949166666666,1465.5769095238095,0.32397499999999996,0.30048616071428563,78.80468095238092,513.8755119047634,0.0,0.0,0.0,703.1773119047621,0.0,4916.208246428567,0.0
2025-09-05,0,77,12:50-13:00,700.7383333333333,1441.9071428571426,0.568975,0.5449839285714286,83.7097023809522,498.5650291666676,0.0,0.0,0.0,657.4591071428571,0.0,5507.921442857138,0.0
2025-09-05,0,78,13:00-13:10,704.4687,1428.0442952380954,0.5926250000000001,0.5664857142857144,87.86341428571416,504.97500059523855,0.0,0.0,0.0,635.7121809523812,0.0,6080.06240571428,0.0
2025-09-05,0,79,13:10-13:20,703.8668833333332,1405.9248857142857,0.5533999999999999,0.5256696428571426,90.87433809523768,510.3833113095236,0.0,0.0,0.0,611.1836642857147,0.0,6630.127703571424,0.0
2025-09-05,0,80,13:20-13:30,704.8233333333333,1369.5964285714283,0.5513,0.5248607142857142,69.41065476190465,527.81072797619,0.0,0.0,0.0,595.3624404761903,-0.0,7165.953899999995,0.0
2025-09-05,0,81,13:30-13:40,705.6003833333332,1334.9848499999998,0.550075,0.526252232142857,91.15723333333352,497.60435357142785,0.0,0.0,0.0,538.227233333333,-0.0,7650.358409999994,0.0
2025-09-05,0,82,13:40-13:50,700.8674166666666,1307.9556357142856,0.6696,0.6383830357142858,64.8763904761903,534.8759446428566,0.0,0.0,0.0,542.2118285714287,0.0,8138.34905571428,0.0
2025-09-05,0,83,13:50-14:00,681.3266666666666,1276.2151785714284,0.85175,0.8082848214285712,84.21785714285716,514.2928577380943,0.0,0.0,0.0,510.67065476190476,-0.0,8597.952644999996,0.0
2025-09-05,0,84,14:00-14:10,647.6934333333334,1221.9305214285712,0.892125,0.8486236607142861,51.94724523809502,510.16878035714217,0.0,0.0,0.0,522.2898428571427,-0.0,9068.013503571425,0.0
2025-09-05,0,85,14:10-14:20,650.4777833333333,1165.8899428571428,0.8756,0.8338955357142855,64.603469047619,492.3422172619039,0.0,0.0,0.0,450.8086904761906,-0.0,9473.741324999995,0.0
2025-09-05,0,86,14:20-14:30,688.2766666666666,1122.0392857142856,0.915125,0.8712276785714286,77.20821428571449,457.45472083333186,0.0,0.0,0.0,356.5544047619045,-0.0,9794.64028928571,0.0
2025-09-05,0,87,14:30-14:40,705.3435,1085.2524357142856,0.995425,0.9516285714285716,64.52734047619029,382.4735607142849,0.0,0.0,0.0,315.3815952380979,0.0,10078.483725000006,0.0
2025-09-05,0,88,14:40-14:50,688.2003333333333,1041.4105595238093,0.7987500000000001,0.7648642857142856,55.63592857142879,293.104100595237,0.0,0.0,0.0,297.57429761904723,0.0,10346.300592857147,0.0
2025-09-05,0,89,14:50-15:00,681.4549999999999,988.6196428571429,0.452275,0.4323714285714285,71.11124999999998,306.00842440476123,0.0,0.0,0.0,236.05339285714308,-0.0,10558.748646428578,0.0
2025-09-05,0,90,15:00-15:10,737.2308666666665,937.4715452380952,0.426875,0.41066919642857147,66.74425238095256,294.2033136904756,0.0,0.0,0.0,133.4964261904762,-0.0,10678.895430000006,0.0
2025-09-05,0,91,15:10-15:20,755.9636666666667,891.0583690476192,0.498,0.4801129464285716,56.5384142857142,246.0130172619038,0.0,0.0,0.0,78.5562880952383,0.0,10749.59608928572,0.0
2025-09-05,0,92,15:20-15:30,724.64,843.9848214285714,0.5090250000000001,0.4910312500000001,63.340476190476295,240.87198809523727,0.0,0.0,0.0,56.00434523808822,0.0,10800.0,0.0
2025-09-05,0,93,15:30-15:40,726.5845833333333,788.973869047619,0.5313749999999999,0.5171388392857142,57.72837619047647,193.25617380952335,0.0,0.0,0.0,-0.0,0.0,10800.0,0.0
2025-09-05,0,94,15:40-15:50,732.1372333333334,736.6407023809525,0.559525,0.5482214285714287,51.430788095238256,194.22176904761852,46.92731904761922,46.92731904761922,46.92731904761922,0.0,-0.0,10800.0,0.0
2025-09-05,0,95,15:50-16:00,718.665,692.9848214285713,0.578975,0.567234375,60.25880952380953,164.67444226190432,85.93898809523819,85.93898809523819,85.93898809523819,0.0,0.0,10800.0,0.0
2025-09-05,0,96,16:00-16:10,706.6379,652.1301833333333,0.596175,0.5829982142857142,53.285785714285794,192.29649880952365,107.79350238095242,107.79350238095242,107.79350238095242,0.0,-0.0,10800.0,0.0
2025-09-05,0,97,16:10-16:20,738.5260666666666,598.3434619047619,0.6475500000000001,0.6378558035714287,67.71999047619045,152.10590833333345,207.90259523809516,207.90259523809516,207.90259523809516,0.0,-0.0,10800.0,0.0
2025-09-05,0,98,16:20-16:30,774.89,536.4160714285713,0.704325,0.6978593749999998,46.98190476190473,142.76310357142867,285.45583333333343,285.45583333333343,285.45583333333343,-0.0,0.0,10800.0,0.0
2025-09-05,0,99,16:30-16:40,730.7874499999999,485.7194404761904,0.696375,0.6827535714285716,31.703126190476155,140.05305059523826,276.77113571428566,276.77113571428566,276.77113571428566,0.0,0.0,10800.0,0.0
2025-09-05,0,100,16:40-16:50,683.5114666666666,433.0743619047619,0.6768,0.6623718749999999,22.24207619047604,113.00155833333321,272.67918095238076,272.67918095238076,272.67918095238076,0.0,0.0,10800.0,0.0
2025-09-05,0,101,16:50-17:00,665.8366666666666,372.4508928571429,0.681875,0.6751839285714286,47.82565476190487,99.2559297619042,341.21142857142854,341.21142857142854,341.21142857142854,0.0,0.0,10800.0,0.0
2025-09-05,0,102,17:00-17:10,637.4433333333333,312.5025833333333,0.7035750000000001,0.6985366071428573,46.74449047619032,70.66436666666655,371.6852404761903,371.6852404761903,371.6852404761903,0.0,0.0,10800.0,0.0
2025-09-05,0,103,17:10-17:20,609.9051166666666,258.25699761904764,0.74755,0.7415214285714289,35.243002380952476,85.35507440476194,386.8911214285714,386.8911214285714,386.8911214285714,0.0,0.0,10800.0,0.0
2025-09-05,0,104,17:20-17:30,611.835,208.97500000000002,0.769825,0.7638491071428575,41.052976190476215,83.59713630952356,443.91297619047623,443.91297619047623,443.91297619047623,0.0,0.0,10800.0,0.0
2025-09-05,0,105,17:30-17:40,652.5107166666667,160.45836904761904,0.74395,0.7389803571428573,35.826669047619134,52.47783809523783,527.8790166666668,527.8790166666668,527.8790166666668,0.0,0.0,10800.0,0.0
2025-09-05,0,106,17:40-17:50,655.8557999999999,113.35205952380952,0.91255,0.9120147321428572,37.73057380952383,42.50795297619001,580.2343142857143,580.2343142857143,580.2343142857143,0.0,-0.0,10800.0,0.0
2025-09-05,0,107,17:50-18:00,626.0983333333334,67.77678571428571,1.1916749999999998,1.1961227678571424,29.599226190476315,73.90294345238067,587.920773809524,587.920773809524,587.920773809524,0.0,-0.0,10800.0,0.0
2025-09-05,0,108,18:00-18:10,638.6322666666666,25.75030238095238,1.2358,1.2397285714285715,30.541930952380994,58.142491666666615,643.4238952380953,643.4238952380953,643.4238952380953,0.0,-0.0,10800.0,0.0
2025-09-05,0,109,18:10-18:20,649.7411166666666,3.5778309523809533,1.220625,1.223699553571429,22.675176190476236,58.86932499999995,668.8384619047619,668.8384619047619,668.8384619047619,0.0,0.0,10800.0,0.0
2025-09-05,0,110,18:20-18:30,651.5883333333334,0.0,1.23775,1.2403281250000007,33.8207142857143,48.9703517857144,685.4090476190477,685.4090476190477,685.4090476190477,0.0,-0.0,10800.0,0.0
2025-09-05,0,111,18:30-18:40,679.2602999999999,0.17922142857142853,1.218775,1.2152812500000003,22.614980952380847,58.24985000000015,701.6960595238094,701.6960595238094,701.6960595238094,0.0,0.0,10800.0,0.0
2025-09-05,0,112,18:40-18:50,675.6566,0.06304047619047619,1.31785,1.3000040178571426,26.0935690476191,70.83274404761906,0.0,0.0,0.0,0.0,701.6871285714286,10020.347634920634,0.0
2025-09-05,0,113,18:50-19:00,633.1783333333333,0.0,1.47475,1.445155357142857,34.21833333333336,48.474304166666684,0.0,0.0,0.0,0.0,667.3966666666666,9278.795783068783,0.0
2025-09-05,0,114,19:00-19:10,611.5032,0.012869047619047617,1.457525,1.4333790178571426,28.3299333333332,67.04819880952385,0.0,0.0,0.0,0.0,639.8202642857142,8567.884378306879,0.0
2025-09-05,0,115,19:10-19:20,642.9085166666666,0.004526190476190475,1.42855,1.4068741071428579,35.29048333333344,77.53607559523789,0.0,0.0,0.0,0.0,678.1944738095239,7814.334962962963,0.0
2025-09-05,0,116,19:20-19:30,675.15,0.0,1.465075,1.4369656249999998,38.02166666666676,49.75587023809527,0.0,0.0,0.0,0.0,713.1716666666667,7021.922000000002,0.0
2025-09-05,0,117,19:30-19:40,630.5987333333333,0.0009,1.4794999999999998,1.4494678571428565,24.327350000000024,41.859527380952244,0.0,0.0,0.0,0.0,654.9251833333333,6294.227351851854,0.0
2025-09-05,0,118,19:40-19:50,630.9604166666666,0.00032380952380952385,1.471325,1.4423535714285713,13.58312380952384,64.57302321428577,0.0,0.0,0.0,0.0,644.5432166666666,5578.068222222224,0.0
2025-09-05,0,119,19:50-20:00,698.66,0.0,1.47045,1.4428214285714283,18.226666666666574,65.79029702380976,0.0,0.0,0.0,0.0,716.8866666666665,4781.527481481484,0.0
2025-09-05,0,120,20:00-20:10,729.1532333333332,2.6190476190476192e-05,1.4940499999999999,1.467741517857143,23.94684285714277,50.936695238095325,0.0,0.0,0.0,0.0,753.1000499999998,3944.7496481481508,0.0
2025-09-05,0,121,20:10-20:20,711.0690666666666,0.0,1.4882,1.4615107142857142,28.095197619047553,42.98920238095246,0.0,0.0,0.0,0.0,739.1642642857141,3123.4560211640237,0.0
2025-09-05,0,122,20:20-20:30,685.5799999999999,0.0,1.488575,1.4600125,15.99333333333334,65.99022083333332,0.0,0.0,0.0,0.0,701.5733333333333,2343.9300952380977,0.0
2025-09-05,0,123,20:30-20:40,697.4131833333332,0.0,1.5366,1.5079781249999997,28.221716666666566,49.84529702380942,0.0,0.0,0.0,0.0,725.6348999999998,1537.6690952380977,0.0
2025-09-05,0,124,20:40-20:50,697.5955999999999,0.0,1.2918500000000002,1.2712504464285719,21.854138095238113,73.77204107142839,474.06809821428317,474.06809821428317,474.06809821428317,0.0,245.38163988095482,1265.0228287037035,0.0
2025-09-05,0,125,20:50-21:00,670.0999999999999,0.0,0.893625,0.8833147321428575,34.72000000000003,58.52054583333313,720.5993055555556,720.5993055555556,720.5993055555556,15.779305555555668,0.0,1279.2242037037036,0.0
2025-09-05,0,126,21:00-21:10,650.0114833333333,0.0,0.857925,0.8469669642857145,23.684883333333346,71.30178333333316,701.211937654321,701.211937654321,701.211937654321,27.51557098765437,0.0,1303.9882175925925,0.0
2025-09-05,0,127,21:10-21:20,649.5845333333333,0.0,0.917175,0.9025794642857141,23.971283333333304,76.01034166666662,673.5558166666666,673.5558166666666,673.5558166666666,0.0,0.0,1303.9882175925925,0.0
2025-09-05,0,128,21:20-21:30,661.4649999999999,0.0,0.924125,0.908853125,22.85833333333335,93.58939583333321,684.3233333333333,684.3233333333333,684.3233333333333,0.0,0.0,1303.9882175925925,0.0
2025-09-05,0,129,21:30-21:40,664.2290166666667,0.0,0.961425,0.9469379464285714,25.253616666666744,65.16777916666655,683.7445083333337,683.7445083333337,683.7445083333337,0.0,5.738124999999786,1297.6125231481483,0.0
2025-09-05,0,130,21:40-21:50,635.51015,0.0,0.762975,0.7494732142857142,23.000049999999874,87.85127083333336,668.3591094650202,668.3591094650202,668.3591094650202,9.84890946502042,0.0,1306.4765416666667,0.0
2025-09-05,0,131,21:50-22:00,603.4383333333333,0.0,0.439825,0.42815223214285725,28.091666666666697,95.82888749999992,1464.8633333333332,1464.8633333333332,1464.8633333333332,833.3333333333333,0.0,2056.476541666667,0.0
2025-09-05,0,132,22:00-22:10,616.8021833333332,0.0,0.4093,0.40067544642857145,27.04135000000008,65.1201749999999,1477.1768666666667,1477.1768666666667,1477.1768666666667,833.3333333333333,0.0,2806.476541666667,0.0
2025-09-05,0,133,22:10-22:20,608.8961666666667,0.0,0.45207500000000006,0.4407977678571429,26.067916666666633,65.31665416666678,634.9640833333333,634.9640833333333,634.9640833333333,0.0,0.0,2806.476541666667,0.0
2025-09-05,0,134,22:20-22:30,579.4783333333332,0.0,0.43720000000000003,0.4200736607142858,27.183333333333394,59.10351250000019,1439.995,1439.995,1439.995,833.3333333333333,0.0,3556.476541666667,0.0
2025-09-05,0,135,22:30-22:40,594.3707666666667,0.0,0.45267500000000005,0.4364160714285714,23.27993333333336,30.504758333333427,617.6507,617.6507,617.6507,0.0,0.0,3556.476541666667,0.0
2025-09-05,0,136,22:40-22:50,602.8809333333334,0.0,0.45555,0.4415843749999998,21.99424999999985,37.161891666666946,624.8751833333332,624.8751833333332,624.8751833333332,0.0,0.0,3556.476541666667,0.0
2025-09-05,0,137,22:50-23:00,587.865,0.0,0.43635,0.4231785714285713,32.93166666666673,68.77787500000002,1454.13,1454.13,1454.13,833.3333333333333,0.0,4306.476541666667,0.0
2025-09-05,0,138,23:00-23:10,584.0506166666667,0.0,0.43827499999999997,0.4268986607142859,26.750516666666613,93.50964583333354,1444.1344666666664,1444.1344666666664,1444.1344666666664,833.3333333333333,0.0,5056.476541666667,0.0
2025-09-05,0,139,23:10-23:20,579.8461333333332,0.0,0.441975,0.432511607142857,15.507333333333236,94.99330000000018,810.3795314814811,810.3795314814811,810.3795314814811,215.02606481481456,0.0,5250.0,0.0
2025-09-05,0,140,23:20-23:30,576.8566666666666,0.0,0.44345,0.43517633928571425,27.248333333333335,52.81037083333331,604.1049999999999,604.1049999999999,604.1049999999999,0.0,0.0,5250.0,0.0
2025-09-05,0,141,23:30-23:40,587.5558,0.0,0.4586,0.45052455357142873,18.10699999999997,56.64253333333332,605.6628,605.6628,605.6628,0.0,0.0,5250.0,0.0
2025-09-05,0,142,23:40-23:50,569.7518833333334,0.0,0.45787500000000003,0.44739151785714276,32.266316666666626,42.39659583333341,602.0182,602.0182,602.0182,0.0,0.0,5250.0,0.0
2025-09-05,0,143,23:50-24:00,553.0333333333333,0.0,0.443325,0.4311250000000001,19.13833333333332,29.15958333333336,1405.5049999999999,1405.5049999999999,1405.5049999999999,833.3333333333333,0.0,6000.0,0.0
2025-09-06,0,0,0:00-0:10,604.9454166666667,0.0,0.44780000000000003,0.43897276785714284,21.321399999999926,52.332562500000336,0.0,0.0,0.0,0.0,626.2668166666666,9038.200123849203,0.0
2025-09-06,0,1,0:10-0:20,608.9801,0.0,0.45387500000000003,0.4447714285714287,14.797366666666676,67.95984583333362,0.0,0.0,0.0,0.0,623.7774666666667,8345.11404977513,0.0
2025-09-06,0,2,0:20-0:30,561.4933333333333,0.0,0.45072500000000004,0.4380754464285714,28.09166666666647,70.10307500000008,0.0,0.0,0.0,0.0,589.5849999999998,7690.019605330685,0.0
2025-09-06,0,3,0:30-0:40,576.3249999999999,0.0,0.4464,0.43652187499999995,14.0626666666667,84.60671666666653,0.0,0.0,0.0,0.0,590.3876666666666,7034.033309034389,0.0
2025-09-06,0,4,0:40-0:50,600.3309999999999,0.0,0.44477500000000003,0.4347526785714285,20.179416666666725,87.12935833333341,0.0,0.0,0.0,0.0,620.5104166666666,6344.577290515871,0.0
2025-09-06,0,5,0:50-1:00,590.5016666666667,0.0,0.44190000000000007,0.4267120535714288,25.5383333333333,74.57462916666668,0.0,0.0,0.0,0.0,616.04,5660.088401626982,0.0
2025-09-06,0,6,1:00-1:10,562.3346833333333,0.0,0.42812500000000003,0.41063482142857144,30.2432,57.06872499999997,592.5778833333333,592.5778833333333,592.5778833333333,0.0,0.0,5660.088401626982,0.0
2025-09-06,0,7,1:10-1:20,549.4079999999999,0.0,0.397075,0.37994241071428575,34.63278333333335,19.557495833333263,584.0407833333333,584.0407833333333,584.0407833333333,0.0,0.0,5660.088401626982,0.0
2025-09-06,0,8,1:20-1:30,557.3266666666666,0.0,0.378075,0.3628986607142857,27.796666666666738,57.94526666666667,585.1233333333333,585.1233333333333,585.1233333333333,0.0,0.0,5660.088401626982,0.0
2025-09-06,0,9,1:30-1:40,564.8139666666666,0.0,0.409775,0.3974517857142858,12.844799999999964,68.25540416666666,577.6587666666666,577.6587666666666,577.6587666666666,0.0,0.0,5660.088401626982,0.0
2025-09-06,0,10,1:40-1:50,570.4840666666666,0.0,0.43095,0.41824776785714274,18.15883333333329,58.659987500000085,551.8064563928596,551.8064563928596,551.8064563928596,0.0,36.83644360714033,5619.1590198412705,0.0
2025-09-06,0,11,1:50-2:00,573.81,0.0,0.42502500000000004,0.4098459821428571,17.654999999999973,72.01680000000013,591.4649999999999,591.4649999999999,591.4649999999999,0.0,0.0,5619.1590198412705,0.0
2025-09-06,0,12,2:00-2:10,572.3459833333333,0.0,0.43119999999999997,0.41652812499999997,27.017616666666754,78.59560833333319,599.3636,599.3636,599.3636,0.0,0.0,5619.1590198412705,0.0
2025-09-06,0,13,2:10-2:20,573.0622166666667,0.0,0.4316,0.4171089285714285,33.46805000000006,55.56299583333325,606.5302666666668,606.5302666666668,606.5302666666668,0.0,0.0,5619.1590198412705,0.0
2025-09-06,0,14,2:20-2:30,567.8916666666667,0.0,0.4205,0.4072513392857142,15.023333333333312,58.13449166666666,582.915,582.915,582.915,0.0,0.0,5619.1590198412705,0.0
2025-09-06,0,15,2:30-2:40,541.7643833333333,0.0,0.4163,0.4097691964285714,27.582899999999995,57.60548333333321,569.3472833333333,569.3472833333333,569.3472833333333,0.0,0.0,5619.1590198412705,0.0
2025-09-06,0,16,2:40-2:50,520.1931,0.0,0.424375,0.4196357142857142,23.426699999999983,64.13166666666677,0.0,0.0,0.0,0.0,543.6197999999999,5015.137019841271,0.0
2025-09-06,0,17,2:50-3:00,512.4833333333333,0.0,0.42742500000000005,0.4185687500000001,25.146666666666647,88.69361250000009,0.0,0.0,0.0,0.0,537.63,4417.770353174604,0.0
2025-09-06,0,18,3:00-3:10,504.6576666666666,0.0,0.40287500000000004,0.392734375,34.021433333333334,67.04820238095246,538.6791,538.6791,538.6791,0.0,0.0,4417.770353174604,0.0
2025-09-06,0,19,3:10-3:20,495.34209999999996,0.0,0.38327500000000003,0.3701147321428572,26.37883333333332,65.37296785714295,521.7209333333333,521.7209333333333,521.7209333333333,0.0,0.0,4417.770353174604,0.0
2025-09-06,0,20,3:20-3:30,476.5283333333333,0.0,0.38215,0.3659620535714284,19.06499999999994,76.00507916666655,495.59333333333325,495.59333333333325,495.59333333333325,0.0,0.0,4417.770353174604,0.0
2025-09-06,0,21,3:30-3:40,446.7187833333333,0.0,0.38385,0.3719790178571429,25.167021428571502,105.89469702380939,471.8858047619048,471.8858047619048,471.8858047619048,0.0,0.0,4417.770353174604,0.0
2025-09-06,0,22,3:40-3:50,466.68771666666663,9.999999999999999e-05,0.38917500000000005,0.380449107142857,15.89493333333337,82.17291785714286,482.58255,482.58255,482.58255,0.0,0.0,4417.770353174604,0.0
2025-09-06,0,23,3:50-4:00,520.1099999999999,0.0,0.386775,0.37576830357142843,22.063333333333276,54.51416666666668,542.1733333333332,542.1733333333332,542.1733333333332,0.0,0.0,4417.770353174604,0.0
2025-09-06,0,24,4:00-4:10,527.7718333333332,0.0001261904761904762,0.36535,0.35171294642857137,20.923178571428593,48.58805833333295,548.6948857142856,548.6948857142856,548.6948857142856,0.0,0.0,4417.770353174604,0.0
2025-09-06,0,25,4:10-4:20,527.7965833333333,0.0016238095238095235,0.375575,0.36719196428571427,30.324249999999893,59.352203571428475,558.1192095238093,558.1192095238093,558.1192095238093,0.0,0.0,4417.770353174604,0.0
2025-09-06,0,26,4:20-4:30,538.1366666666667,0.0,0.40207499999999996,0.3992258928571429,28.458333333333485,76.79142083333309,566.5950000000001,566.5950000000001,566.5950000000001,0.0,0.0,4417.770353174604,0.0
2025-09-06,0,27,4:30-4:40,532.3496666666666,0.0017595238095238093,0.379925,0.367994642857143,21.532771428571436,76.73922500000045,553.8806785714286,553.8806785714286,553.8806785714286,0.0,0.0,4417.770353174604,0.0
2025-09-06,0,28,4:40-4:50,508.9979833333333,0.022614285714285712,0.3712,0.3562732142857142,18.313695238095306,83.16038809523803,527.2890642857143,527.2890642857143,527.2890642857143,0.0,0.0,4417.770353174604,0.0
2025-09-06,0,29,4:50-5:00,484.47499999999997,0.0,0.38572500000000004,0.37632455357142863,37.32333333333327,61.735313690476445,521.7983333333332,521.7983333333332,521.7983333333332,0.0,0.0,4417.770353174604,0.0
2025-09-06,0,30,5:00-5:10,482.83859999999993,0.024528571428571427,0.3744,0.3626116071428571,28.601747619047615,105.48437976190539,511.415819047619,511.415819047619,511.415819047619,0.0,0.0,4417.770353174604,0.0
2025-09-06,0,31,5:10-5:20,512.92675,0.3149952380952381,0.38534999999999997,0.37945312499999984,28.1750714285713,113.12315952381009,540.7868261904761,540.7868261904761,540.7868261904761,0.0,0.0,4417.770353174604,0.0
2025-09-06,0,32,5:20-5:30,539.1733333333333,0.0,0.380575,0.3862647321428571,26.293154761904702,122.24559166666769,565.466488095238,565.466488095238,565.466488095238,0.0,0.0,4417.770353174604,0.0
2025-09-06,0,33,5:30-5:40,508.94034999999997,2.3384357142857146,0.30455,0.30729821428571424,28.365190476190435,134.48301428571466,1368.300438095238,1368.300438095238,1368.300438095238,833.3333333333333,0.0,5167.770353174604,0.0
2025-09-06,0,34,5:40-5:50,462.52716666666663,23.98470952380952,0.455675,0.4580968749999999,32.588680952380855,160.22184642857167,0.0,0.0,0.0,0.0,471.131138095238,4644.291310846562,0.0
2025-09-06,0,35,5:50-6:00,448.27666666666664,68.49375,0.7382500000000001,0.7475370535714285,41.46523809523808,173.86272678571441,0.0,0.0,0.0,0.0,421.24815476190474,4176.237805555556,0.0
2025-09-06,0,36,6:00-6:10,474.68653333333333,114.8644619047619,0.735025,0.7444620535714284,41.26759523809517,276.2139863095246,0.0,0.0,0.0,0.0,401.08966666666663,3730.5826203703714,0.0
2025-09-06,0,37,6:10-6:20,458.3809833333333,162.7726166666667,0.6668499999999999,0.6705794642857141,30.496759523809487,316.68832202381026,0.0,0.0,0.0,0.0,326.1051261904761,3368.243591269842,0.0
2025-09-06,0,38,6:20-6:30,406.14,215.11517857142854,0.6623249999999999,0.6617683035714287,54.30964285714282,402.63244523809567,0.0,0.0,0.0,0.0,245.33446428571426,3095.649742063493,0.0
2025-09-06,0,39,6:30-6:40,412.3759166666667,271.8758880952381,0.62875,0.6307821428571428,40.36272857142842,505.56732023809553,0.0,0.0,0.0,0.0,180.862757142857,2894.691123015874,0.0
2025-09-06,0,40,6:40-6:50,470.1362833333333,329.2740214285714,0.6129249999999999,0.6134075892857144,45.89914523809534,635.318335714286,0.0,0.0,0.0,0.0,186.7614071428572,2687.1784484126993,0.0
2025-09-06,0,41,6:50-7:00,543.9549999999999,386.69732142857134,0.631375,0.6271656250000002,51.21244047619041,764.8919053571435,0.0,0.0,0.0,0.0,208.470119047619,2455.5449828042338,0.0
2025-09-06,0,42,7:00-7:10,595.5929166666666,447.15878571428567,0.638525,0.6377825892857143,49.418835714285706,809.8123964285719,0.0,0.0,0.0,0.0,197.85296666666665,2235.7083531746043,0.0
2025-09-06,0,43,7:10-7:20,586.4174499999999,511.6691476190475,0.61185,0.6114254464285713,37.82776666666662,812.8984386904767,0.0,0.0,0.0,0.0,112.57606904761906,2110.623832010583,0.0
2025-09-06,0,44,7:20-7:30,545.375,577.2883928571428,0.540425,0.5339883928571428,46.04505952380953,801.7508791666671,0.0,0.0,0.0,0.0,14.131666666666774,2094.921980158731,0.0
2025-09-06,0,45,7:30-7:40,543.2492666666667,638.2078857142858,0.46525,0.45527053571428555,54.68770238095232,805.4297821428579,0.0,0.0,0.0,0.8937095826002945,0.0,2095.7263187830713,0.0
2025-09-06,0,46,7:40-7:50,549.0702833333332,691.2032523809523,0.598,0.5877504464285714,50.2092833333333,806.1536869047628,0.0,0.0,0.0,35.875580540856696,-0.0,2128.0143412698426,0.0
2025-09-06,0,47,7:50-8:00,540.305,743.6875,0.82185,0.8122200892857144,37.383273809523814,835.2129071428582,0.0,0.0,0.0,0.24419459141684519,0.0,2128.2341164021177,0.0
2025-09-06,0,48,8:00-8:10,526.24045,807.1392547619046,0.790175,0.7793357142857141,32.34158809523802,835.4107047619057,0.0,0.0,0.0,112.4048522927691,0.0,2229.39848346561,0.0
2025-09-06,0,49,8:10-8:20,505.8739833333333,869.9170761904761,0.710475,0.6965374999999999,53.76566666666679,872.7962982142866,0.0,0.0,0.0,0.0,0.0,2229.3984834656094,0.0
2025-09-06,0,50,8:20-8:30,495.8516666666667,924.3464285714286,0.6962249999999999,0.6798250000000001,76.58232142857133,926.4586351190485,0.0,0.0,0.0,30.566578483244665,-0.0,2256.90840410053,0.0
2025-09-06,0,51,8:30-8:40,521.3361333333332,973.7436166666668,0.662575,0.6467964285714285,59.16829285714272,951.217563690477,0.0,0.0,0.0,393.23919047619086,0.0,2610.823675529102,0.0
2025-09-06,0,52,8:40-8:50,560.3677666666666,1025.461838095238,0.67315,0.6560589285714283,64.716645238095,948.8655470238102,0.0,0.0,0.0,-0.0,366.903331785715,2203.1533068783074,0.0
2025-09-06,0,53,8:50-9:00,606.68,1076.3508928571428,0.710925,0.6911638392857141,87.40327380952368,902.8379761904766,0.0,0.0,0.0,-0.0,98.43088333333276,2093.78565873016,0.0
2025-09-06,0,54,9:00-9:10,665.9791499999999,1117.5141952380952,0.683775,0.6654892857142857,71.38490714285717,804.4070928571439,0.0,0.0,0.0,380.15013809523816,-0.0,2435.9207830158743,0.0
2025-09-06,0,55,9:10-9:20,684.4418999999999,1161.6756,0.6740249999999999,0.6568379464285713,56.1774476190476,756.1838440476189,0.0,0.0,0.0,-0.0,417.5091434047625,1972.0217347883604,0.0
2025-09-06,0,56,9:20-9:30,669.935,1204.0830357142854,0.673475,0.6574299107142859,74.32726190476183,694.8195613095243,0.0,0.0,0.0,-0.0,43.19731607142887,1924.024716931217,0.0
2025-09-06,0,57,9:30-9:40,678.30545,1226.4605309523809,0.6089249999999999,0.5965517857142856,90.22309999999993,651.6222452380953,0.0,0.0,0.0,-0.0,41.54436785714358,1877.8643082010576,0.0
2025-09-06,0,58,9:40-9:50,654.69265,1247.9598785714286,0.676475,0.6522888392857142,89.14932380952398,610.0778773809524,0.0,0.0,0.0,-0.0,-0.0,1877.8643082010576,0.0
2025-09-06,0,59,9:50-10:00,626.7033333333333,1285.9205357142857,0.8385750000000001,0.7924348214285714,69.64732142857133,599.4144761904763,0.0,0.0,0.0,-0.0,19.539924999999364,1856.1532804232806,0.0
2025-09-06,0,60,10:00-10:10,680.4810333333332,1336.493357142857,0.846525,0.794592857142857,52.53036428571386,590.5379523809524,0.0,0.0,0.0,-0.0,75.47413511904837,1772.2931302910047,0.0
2025-09-06,0,61,10:10-10:20,698.93955,1359.160611904762,0.8115,0.7656464285714287,70.21943571428591,515.0638172619043,0.0,0.0,0.0,590.0016261904759,0.0,2303.294593862433,0.0
2025-09-06,0,62,10:20-10:30,662.635,1358.9053571428572,0.838875,0.797861607142857,85.67422619047613,471.9281660714287,0.0,0.0,0.0,610.5961309523811,0.0,2852.8311117195763,0.0
2025-09-06,0,63,10:30-10:40,667.7083666666666,1380.2244261904757,0.869375,0.8248727678571427,70.8205309523812,442.0147505952378,0.0,0.0,0.0,0.0,833.3333333333333,1926.9051857936506,0.0
2025-09-06,0,64,10:40-10:50,676.6508166666666,1408.1007047619046,0.6051,0.5677544642857144,86.66715714285708,409.6303327380953,0.0,0.0,0.0,0.0,0.0,1926.9051857936506,0.0
2025-09-06,0,65,10:50-11:00,678.0483333333333,1425.7035714285712,0.2104,0.18839464285714283,100.43744047619032,365.227325,0.0,0.0,0.0,-0.0,0.0,1926.9051857936506,0.0
2025-09-06,0,66,11:00-11:10,697.9139666666666,1431.2332166666665,0.17725000000000002,0.1568593928571429,123.63508571428565,436.69412976190415,0.0,0.0,0.0,0.0,210.53343269047505,1692.9791494709007,0.0
2025-09-06,0,67,11:10-11:20,672.4278333333333,1428.700933333333,0.2358,0.2112736607142856,113.99653333333322,423.6900017857154,0.0,0.0,0.0,-0.0,0.0,1692.9791494709007,0.0
2025-09-06,0,68,11:20-11:30,629.9133333333333,1431.2767857142856,0.21277500000000002,0.18636071428571424,104.80809523809535,443.6812345238107,0.0,0.0,0.0,696.5553571428563,0.0,2319.8789708994714,0.0
2025-09-06,0,69,11:30-11:40,662.1617333333334,1449.8354547619047,0.20087499999999997,0.1714816964285714,87.19853571428575,572.5782083333336,0.0,0.0,0.0,-0.0,381.32948750000025,1896.1795403439155,0.0
2025-09-06,0,70,11:40-11:50,660.5870833333333,1456.2710333333334,0.18735,0.15729642857142853,111.53916666666663,626.5615863095239,0.0,0.0,0.0,36.440562904173916,0.0,1928.976046957672,0.0
2025-09-06,0,71,11:50-12:00,620.9816666666666,1449.6267857142857,0.179,0.1510035714285715,105.5095238095239,656.0784422619048,0.0,0.0,0.0,723.1355952380952,0.0,2579.7980826719577,0.0
2025-09-06,0,72,12:00-12:10,648.2672833333334,1454.6096976190477,0.207925,0.1815455357142857,131.09095476190464,607.671870238095,0.0,0.0,0.0,675.2514595238097,0.0,3187.524396243386,0.0
2025-09-06,0,73,12:10-12:20,665.3687,1451.9783119047618,0.21434999999999998,0.19045223214285714,115.05527380952367,575.9209547619043,0.0,0.0,0.0,671.5543380952381,0.0,3791.9233005291003,0.0
2025-09-06,0,74,12:20-12:30,649.0683333333333,1441.1160714285716,0.1815,0.16008530357142853,119.8409523809525,490.4484672619043,0.0,0.0,0.0,672.2067857142858,0.0,4396.9094076719575,0.0
2025-09-06,0,75,12:30-12:40,659.8369333333333,1442.8937952380952,0.176775,0.15337682142857148,125.08232380952393,556.4790714285713,0.0,0.0,0.0,657.974538095238,0.0,4989.086491957672,0.0
2025-09-06,0,76,12:40-12:50,688.7841166666667,1444.7440214285716,0.3261,0.3005098214285714,77.44865952380951,537.7283190476196,0.0,0.0,0.0,678.5112452380954,0.0,5599.746612671957,0.0
2025-09-06,0,77,12:50-13:00,712.1733333333333,1441.0107142857141,0.54575,0.5197111607142857,80.13374999999989,521.0618148809525,0.0,0.0,0.0,648.703630952381,0.0,6183.579880529101,0.0
2025-09-06,0,78,13:00-13:10,715.9660999999999,1435.9653238095239,0.6137750000000001,0.5857388392857141,82.41580952380961,523.8958339285712,0.0,0.0,0.0,637.5834142857143,-0.0,6757.4049533862435,0.0
2025-09-06,0,79,13:10-13:20,710.2769833333333,1412.285211904762,0.64195,0.6131375000000003,86.93218095238096,521.7338166666663,0.0,0.0,0.0,615.0760476190478,0.0,7310.973396243387,0.0
2025-09-06,0,80,13:20-13:30,706.2149999999999,1372.0955357142857,0.65255,0.6265125000000001,59.8795833333333,535.2190761904759,0.0,0.0,0.0,606.0009523809524,-0.0,7856.374253386244,0.0
2025-09-06,0,81,13:30-13:40,705.8093166666665,1337.7316476190476,0.57885,0.5565330357142856,91.15723333333352,494.77405595238065,0.0,0.0,0.0,540.7650976190475,0.0,8343.062841243387,0.0
2025-09-06,0,82,13:40-13:50,695.9322,1311.8356238095237,0.681575,0.6497026785714286,64.8763904761903,532.0456470238092,0.0,0.0,0.0,551.0270333333334,0.0,8838.987171243387,0.0
2025-09-06,0,83,13:50-14:00,685.7933333333333,1281.3214285714284,0.900825,0.8527714285714282,84.21785714285716,511.4625601190471,0.0,0.0,0.0,511.31023809523793,0.0,9299.1663855291,0.0
2025-09-06,0,84,14:00-14:10,695.0932666666665,1230.7538547619044,0.900825,0.8518178571428567,51.94724523809502,507.3384827380949,0.0,0.0,0.0,483.71334285714306,0.0,9734.508394100529,0.0
2025-09-06,0,85,14:10-14:20,684.3462,1176.7824166666664,0.8523499999999999,0.8058991071428573,64.603469047619,489.5119196428566,0.0,0.0,0.0,427.8327476190476,0.0,10119.557866957672,0.0
2025-09-06,0,86,14:20-14:30,670.3399999999999,1129.675,0.9044249999999999,0.8564808035714285,80.03851190476172,454.62442321428466,0.0,0.0,0.0,379.2964880952384,-0.0,10460.924706243386,0.0
2025-09-06,0,87,14:30-14:40,711.0089166666667,1085.1659523809524,0.99055,0.9430995535714287,64.52734047619029,382.4735607142849,0.0,0.0,0.0,-4.207993635897625e-12,345.095045833321,10077.485766428581,0.0
2025-09-06,0,88,14:40-14:50,745.5443666666666,1039.1168404761904,0.81425,0.7777616071428574,55.63592857142879,293.104100595237,0.0,0.0,0.0,237.9365452380951,0.0,10291.628657142866,0.0
2025-09-06,0,89,14:50-15:00,730.4266666666667,991.8410714285715,0.479625,0.45853616071428566,71.11124999999998,306.00842440476123,0.0,0.0,0.0,190.30315476190475,0.0,10462.90149642858,0.0
2025-09-06,0,90,15:00-15:10,688.6747666666666,947.1503642857143,0.4065,0.38947857142857145,66.74425238095256,294.2033136904756,0.0,0.0,0.0,191.73134523809506,0.0,10635.459707142865,0.0
2025-09-06,0,91,15:10-15:20,712.1128999999999,905.5289333333333,0.459325,0.44022187499999993,56.5384142857142,246.0130172619038,0.0,0.0,0.0,136.8776190476192,0.0,10758.649564285723,0.0
2025-09-06,0,92,15:20-15:30,765.5916666666667,860.2410714285713,0.5015999999999999,0.4822308035714284,63.340476190476295,240.87198809523727,0.0,0.0,0.0,31.308928571420484,0.0,10786.8276,0.0
2025-09-06,0,93,15:30-15:40,730.6932166666667,803.0575928571429,0.538375,0.523705357142857,57.72837619047647,193.25617380952335,0.0,0.0,0.0,14.63599999999974,0.0,10800.0,0.0
2025-09-06,0,94,15:40-15:50,723.6496166666667,744.8275642857144,0.5681499999999999,0.5575924107142856,51.430788095238256,194.22176904761852,30.2528404761905,30.2528404761905,30.2528404761905,0.0,-0.0,10800.0,0.0
2025-09-06,0,95,15:50-16:00,764.4766666666666,694.125,0.596125,0.5856526785714286,60.25880952380953,164.67444226190432,130.6104761904761,130.6104761904761,130.6104761904761,0.0,-0.0,10800.0,0.0
2025-09-06,0,96,16:00-16:10,756.7565999999999,649.3632523809524,0.62705,0.6146147321428572,53.285785714285794,192.29649880952365,160.6791333333333,160.6791333333333,160.6791333333333,0.0,0.0,10800.0,0.0
2025-09-06,0,97,16:10-16:20,760.5948833333333,597.4885357142858,0.628525,0.6180549107142858,67.71999047619045,152.10590833333345,230.82633809523793,230.82633809523793,230.82633809523793,0.0,-0.0,10800.0,0.0
2025-09-06,0,98,16:20-16:30,795.6833333333334,538.9964285714285,0.627925,0.6195517857142857,46.98190476190473,142.76310357142867,303.6688095238096,303.6688095238096,303.6688095238096,-0.0,0.0,10800.0,0.0
2025-09-06,0,99,16:30-16:40,798.6522499999999,486.05554285714277,0.6837249999999999,0.6691058035714285,31.703126190476155,140.05305059523826,344.29983333333325,344.29983333333325,344.29983333333325,0.0,0.0,10800.0,0.0
2025-09-06,0,100,16:40-16:50,704.9543,432.4570904761905,0.7088,0.6943504464285715,22.24207619047604,113.00155833333321,294.73928571428553,294.73928571428553,294.73928571428553,0.0,0.0,10800.0,0.0
2025-09-06,0,101,16:50-17:00,587.435,373.6446428571428,0.6930499999999999,0.6862183035714288,47.82565476190487,99.2559297619042,261.616011904762,261.616011904762,261.616011904762,0.0,0.0,10800.0,0.0
2025-09-06,0,102,17:00-17:10,595.1794333333332,312.81666904761903,0.71505,0.7093031249999999,46.74449047619032,70.66436666666655,329.1072547619045,329.1072547619045,329.1072547619045,0.0,0.0,10800.0,0.0
2025-09-06,0,103,17:10-17:20,638.9743833333333,258.075919047619,0.7512249999999999,0.7443098214285715,35.243002380952476,85.35507440476194,416.1414666666668,416.1414666666668,416.1414666666668,0.0,0.0,10800.0,0.0
2025-09-06,0,104,17:20-17:30,657.7116666666666,209.34553571428572,0.7569750000000001,0.7498129464285715,41.052976190476215,83.59713630952356,489.4191071428571,489.4191071428571,489.4191071428571,0.0,0.0,10800.0,0.0
2025-09-06,0,105,17:30-17:40,670.0267666666666,159.55397380952382,0.7458499999999999,0.7383651785714284,35.826669047619134,52.47783809523783,546.299461904762,546.299461904762,546.299461904762,0.0,0.0,10800.0,0.0
2025-09-06,0,106,17:40-17:50,658.8650666666666,110.84704285714287,0.9246749999999999,0.9221084821428569,37.73057380952383,42.50795297619001,585.7485976190476,585.7485976190476,585.7485976190476,0.0,-0.0,10800.0,0.0
2025-09-06,0,107,17:50-18:00,644.2966666666666,64.49553571428571,1.194425,1.1985571428571429,29.599226190476315,73.90294345238067,609.4003571428573,609.4003571428573,609.4003571428573,0.0,-0.0,10800.0,0.0
2025-09-06,0,108,18:00-18:10,670.5722333333333,22.412911904761902,1.2311999999999999,1.2341124999999995,30.541930952380994,58.142491666666615,678.7012523809524,678.7012523809524,678.7012523809524,0.0,-0.0,10800.0,0.0
2025-09-06,0,109,18:10-18:20,691.8292833333333,2.2855261904761903,1.2187249999999998,1.219191964285714,22.675176190476236,58.86932499999995,712.2189333333333,712.2189333333333,712.2189333333333,0.0,0.0,10800.0,0.0
2025-09-06,0,110,18:20-18:30,668.1366666666667,0.0,1.24425,1.2435040178571428,33.8207142857143,48.9703517857144,701.957380952381,701.957380952381,701.957380952381,0.0,-0.0,10800.0,0.0
2025-09-06,0,111,18:30-18:40,610.6116833333333,0.2907357142857142,1.226975,1.2204370535714282,22.614980952380847,59.43917738095263,632.9359285714285,632.9359285714285,632.9359285714285,0.0,0.0,10800.0,0.0
2025-09-06,0,112,18:40-18:50,613.2926666666666,0.031019047619047616,1.313125,1.2916174107142857,26.0935690476191,71.79671369047625,532.8083386904763,532.8083386904763,532.8083386904763,0.0,106.54687797619042,10681.614580026457,0.0
2025-09-06,0,113,18:50-19:00,668.5266666666666,0.0,1.47695,1.4424437500000005,34.21833333333336,48.553709523809516,0.0,0.0,0.0,0.0,702.745,9900.786802248678,0.0
2025-09-06,0,114,19:00-19:10,680.2155833333334,0.02087619047619048,1.522125,1.4931535714285715,28.012311904761873,68.26725119047632,0.0,0.0,0.0,0.0,708.207019047619,9113.89011441799,0.0
2025-09-06,0,115,19:10-19:20,684.4657166666666,0.0022261904761904762,1.4938,1.4669642857142862,34.42868571428562,78.43750654761902,0.0,0.0,0.0,0.0,718.892176190476,8315.121029761905,0.0
2025-09-06,0,116,19:20-19:30,696.5483333333333,0.0,1.4653749999999999,1.4308714285714283,38.02166666666676,49.79550357142858,0.0,0.0,0.0,0.0,734.57,7498.932140873016,0.0
2025-09-06,0,117,19:30-19:40,684.8998333333334,0.0014738095238095235,1.4646249999999998,1.4275553571428572,24.28771666666671,41.89916071428556,0.0,0.0,0.0,0.0,709.1860761904763,6710.947611772486,0.0
2025-09-06,0,118,19:40-19:50,652.8621666666666,0.00015952380952380951,1.4758,1.440256696428571,13.58312380952384,64.57302321428577,0.0,0.0,0.0,0.0,666.4451309523809,5970.453021825397,0.0
2025-09-06,0,119,19:50-20:00,643.4399999999999,0.0,1.482075,1.449090178571429,18.226666666666574,65.79029702380976,0.0,0.0,0.0,0.0,661.6666666666665,5235.2678366402115,0.0
2025-09-06,0,120,20:00-20:10,692.0968166666667,6.666666666666667e-05,1.4774,1.446697767857143,23.94684285714277,50.936695238095325,0.0,0.0,0.0,0.0,716.0435928571428,4439.663844576719,0.0
2025-09-06,0,121,20:10-20:20,689.9735000000001,0.0,1.4633749999999999,1.431885714285714,28.095197619047553,42.98920238095246,0.0,0.0,0.0,0.0,718.0686976190476,3641.809736111111,0.0
2025-09-06,0,122,20:20-20:30,654.6833333333333,0.0,1.487025,1.4528040178571424,15.99333333333334,65.99022083333332,0.0,0.0,0.0,0.0,670.6766666666666,2896.6134398148147,0.0
2025-09-06,0,123,20:30-20:40,703.5511333333334,0.0,1.55075,1.5172799107142851,28.221716666666566,60.04571845238118,0.0,0.0,0.0,0.0,731.77285,2083.5324953703703,0.0
2025-09-06,0,124,20:40-20:50,708.9226833333333,0.0,1.32785,1.3036852678571431,19.999766666666574,83.60720000000012,0.0,0.0,0.0,0.0,728.9224499999999,1273.618662037037,0.0
2025-09-06,0,125,20:50-21:00,655.7483333333332,0.0,0.946525,0.933710714285714,27.834999999999923,66.25679583333323,690.2626543209873,690.2626543209873,690.2626543209873,6.679320987654154,0.0,1279.6300509259256,0.0
2025-09-06,0,126,21:00-21:10,660.9628166666666,0.0,0.88995,0.877546875,23.684883333333346,71.66704583333319,713.113564197531,713.113564197531,713.113564197531,28.46586419753105,0.0,1305.2493287037037,0.0
2025-09-06,0,127,21:10-21:20,670.7682333333332,0.0,0.923675,0.9072620535714284,23.971283333333304,77.14534166666661,694.7395166666665,694.7395166666665,694.7395166666665,0.0,0.0,1305.2493287037037,0.0
2025-09-06,0,128,21:20-21:30,675.1883333333333,0.0,0.919125,0.9015598214285713,21.723333333333358,94.7243958333332,696.9116666666666,696.9116666666666,696.9116666666666,0.0,0.0,1305.2493287037037,0.0
2025-09-06,0,129,21:30-21:40,714.1750999999999,0.0,0.948125,0.9335000000000001,25.253616666666744,65.16777916666655,732.8001291666667,732.8001291666667,732.8001291666667,0.0,6.6285874999999574,1297.8842314814815,0.0
2025-09-06,0,130,21:40-21:50,680.4087166666666,0.0,0.74085,0.7277397321428571,23.000049999999874,88.09580833333345,713.3583088477363,713.3583088477363,713.3583088477363,9.949542181069924,0.0,1306.8388194444444,0.0
2025-09-06,0,131,21:50-22:00,582.4566666666666,0.0,0.4143,0.4010178571428571,28.091666666666697,96.15493750000005,1443.8816666666667,1443.8816666666667,1443.8816666666667,833.3333333333333,0.0,2056.838819444444,0.0
2025-09-06,0,132,22:00-22:10,548.6579999999999,0.0,0.39527500000000004,0.38413794642857146,26.715299999999957,65.44622500000003,1408.7066333333332,1408.7066333333332,1408.7066333333332,833.3333333333333,0.0,2806.838819444444,0.0
2025-09-06,0,133,22:10-22:20,571.71875,0.0,0.459225,0.4467678571428571,26.067916666666633,65.31665416666678,597.7866666666666,597.7866666666666,597.7866666666666,0.0,0.0,2806.838819444444,0.0
2025-09-06,0,134,22:20-22:30,608.49,0.0,0.447025,0.42983080357142844,27.183333333333394,59.10351250000019,635.6733333333334,635.6733333333334,635.6733333333334,0.0,0.0,2806.838819444444,0.0
2025-09-06,0,135,22:30-22:40,623.1981,0.0,0.426525,0.40772723214285705,23.27993333333336,30.504758333333427,1479.8113666666666,1479.8113666666666,1479.8113666666666,833.3333333333333,0.0,3556.838819444444,0.0
2025-09-06,0,136,22:40-22:50,610.8397,0.0,0.436175,0.41809776785714275,21.99424999999985,36.386087500000315,847.4574839506174,847.4574839506174,847.4574839506174,214.62353395061754,0.0,3750.0,0.0
2025-09-06,0,137,22:50-23:00,579.5183333333333,0.0,0.445675,0.4294169642857142,32.93166666666673,68.60527916666669,612.45,612.45,612.45,0.0,0.0,3750.0,0.0
2025-09-06,0,138,23:00-23:10,553.5321333333333,0.0,0.40522499999999995,0.3918330357142857,26.750516666666613,93.22746666666688,1413.6159833333331,1413.6159833333331,1413.6159833333331,833.3333333333333,0.0,4500.0,0.0
2025-09-06,0,139,23:10-23:20,594.7035,0.0,0.414825,0.4039799107142858,15.507333333333236,94.21925000000027,1443.5441666666666,1443.5441666666666,1443.5441666666666,833.3333333333333,0.0,5250.0,0.0
2025-09-06,0,140,23:20-23:30,646.5816666666666,0.0,0.45777500000000004,0.4485772321428571,27.248333333333335,51.86372500000007,673.8299999999999,673.8299999999999,673.8299999999999,0.0,0.0,5250.0,0.0
2025-09-06,0,141,23:30-23:40,600.3990666666666,0.0,0.42405,0.41545133928571437,19.235716666666576,55.62340000000003,1452.9681166666664,1452.9681166666664,1452.9681166666664,833.3333333333333,0.0,6000.0,0.0
2025-09-06,0,142,23:40-23:50,636.6009833333333,0.0,0.4417,0.43007767857142837,32.266316666666626,42.725345833333364,668.8672999999999,668.8672999999999,668.8672999999999,0.0,0.0,6000.0,0.0
2025-09-06,0,143,23:50-24:00,738.64,0.0,0.52215,0.5076352678571426,18.700000000000045,29.597916666666634,757.34,757.34,757.34,0.0,0.0,6000.0,0.0
2025-09-07,0,0,0:00-0:10,706.46985,0.0,0.53785,0.5266066964285716,21.321399999999926,54.29169583333362,727.7912499999999,727.7912499999999,727.7912499999999,0.0,0.0,10366.823439953705,0.0
2025-09-07,0,1,0:10-0:20,681.1599833333332,0.0,0.516425,0.505371875,14.797366666666676,69.9189791666669,695.9573499999999,695.9573499999999,695.9573499999999,0.0,0.0,10366.823439953705,0.0
2025-09-07,0,2,0:20-0:30,717.29,0.0,0.513025,0.4988464285714284,26.191666666666606,74.65347916666659,743.4816666666666,743.4816666666666,743.4816666666666,0.0,0.0,10366.823439953705,0.0
2025-09-07,0,3,0:30-0:40,721.97415,0.0,0.546875,0.5355290178571428,14.00353333333328,85.91453333333334,735.9776833333333,735.9776833333333,735.9776833333333,0.0,0.0,10366.823439953705,0.0
2025-09-07,0,4,0:40-0:50,710.42185,0.0,0.549525,0.5370584821428571,20.179416666666725,87.12935833333341,445.46017070833216,445.46017070833216,445.46017070833216,0.0,285.1410959583345,10050.0,0.0
2025-09-07,0,5,0:50-1:00,703.6416666666667,0.0,0.51235,0.4946549107142856,25.5383333333333,74.63277916666661,729.18,729.18,729.18,0.0,0.0,10050.0,0.0
2025-09-07,0,6,1:00-1:10,699.4503833333333,0.0,0.49329999999999996,0.4766772321428571,30.2432,59.407508333333226,729.6935833333333,729.6935833333333,729.6935833333333,0.0,0.0,10050.0,0.0
2025-09-07,0,7,1:10-1:20,695.7451833333332,0.0,0.490325,0.47502857142857147,32.294000000000096,25.401816666666292,728.0391833333333,728.0391833333333,728.0391833333333,0.0,0.0,10050.0,0.0
2025-09-07,0,8,1:20-1:30,696.8,0.0,0.49722500000000003,0.48130625000000027,27.796666666666738,61.07649166666661,724.5966666666667,724.5966666666667,724.5966666666667,0.0,0.0,10050.0,0.0
2025-09-07,0,9,1:30-1:40,707.40605,0.0,0.51205,0.4974986607142858,11.834850000000074,62.12216250000009,719.2409000000001,719.2409000000001,719.2409000000001,0.0,0.0,10050.0,0.0
2025-09-07,0,10,1:40-1:50,711.0109,0.0,0.5049,0.4900754464285714,12.867633333333288,52.48787500000026,723.8785333333333,723.8785333333333,723.8785333333333,0.0,0.0,10050.0,0.0
2025-09-07,0,11,1:50-2:00,708.3299999999999,0.0,0.48785,0.4708133928571428,15.934999999999945,81.57323333333349,724.2649999999999,724.2649999999999,724.2649999999999,0.0,0.0,10050.0,0.0
2025-09-07,0,12,2:00-2:10,713.7409833333332,0.0,0.5021500000000001,0.4848263392857142,27.017616666666754,84.39106666666655,740.7586,740.7586,740.7586,0.0,0.0,10050.0,0.0
2025-09-07,0,13,2:10-2:20,706.4918666666667,0.0,0.5112,0.49491964285714285,28.905250000000024,64.09705119047604,735.3971166666668,735.3971166666668,735.3971166666668,0.0,0.0,10050.0,0.0
2025-09-07,0,14,2:20-2:30,677.3933333333333,0.0,0.504925,0.4913138392857144,15.023333333333312,55.239825000000025,692.4166666666666,692.4166666666666,692.4166666666666,0.0,0.0,10050.0,0.0
2025-09-07,0,15,2:30-2:40,643.6531833333333,0.0,0.507875,0.4991602678571428,22.65226666666672,48.6884166666666,666.3054500000001,666.3054500000001,666.3054500000001,0.0,0.0,10050.0,0.0
2025-09-07,0,16,2:40-2:50,643.5706,0.0,0.5001,0.49232366071428574,20.984916666666663,67.11495833333342,664.5555166666667,664.5555166666667,664.5555166666667,0.0,0.0,10050.0,0.0
2025-09-07,0,17,2:50-3:00,672.2583333333333,0.0,0.49317500000000003,0.4826790178571428,25.146666666666647,89.23512083333341,697.405,697.405,697.405,0.0,0.0,10050.0,0.0
2025-09-07,0,18,3:00-3:10,682.6724666666667,0.0,0.5180250000000001,0.5070491071428572,34.021433333333334,72.23753333333329,716.6939,716.6939,716.6939,0.0,0.0,10050.0,0.0
2025-09-07,0,19,3:10-3:20,654.4229833333333,0.0,0.514075,0.5009044642857143,24.212800000000016,70.91786309523806,678.6357833333333,678.6357833333333,678.6357833333333,0.0,0.0,10050.0,0.0
2025-09-07,0,20,3:20-3:30,627.7349999999999,0.0,0.4833,0.467716517857143,16.63833333333332,80.4506339285712,644.3733333333332,644.3733333333332,644.3733333333332,0.0,0.0,10050.0,0.0
2025-09-07,0,21,3:30-3:40,660.3373333333333,0.0,0.4879,0.47584955357142855,24.570390476190596,107.91358511904741,684.9077238095239,684.9077238095239,684.9077238095239,0.0,0.0,10050.0,0.0
2025-09-07,0,22,3:40-3:50,670.8511833333333,0.00013571428571428572,0.491325,0.48218526785714283,14.47267619047625,83.59517499999998,685.3237238095238,685.3237238095238,685.3237238095238,0.0,0.0,10050.0,0.0
2025-09-07,0,23,3:50-4:00,646.375,0.0,0.48074999999999996,0.4702008928571427,22.063333333333276,54.51416666666668,668.4383333333333,668.4383333333333,668.4383333333333,0.0,0.0,10050.0,0.0
2025-09-07,0,24,4:00-4:10,657.0223666666666,3.095238095238095e-05,0.482975,0.47023348214285715,20.923178571428593,48.58805833333295,677.9455142857142,677.9455142857142,677.9455142857142,0.0,0.0,10050.0,0.0
2025-09-07,0,25,4:10-4:20,689.1613833333333,0.002119047619047619,0.48565,0.4771549107142857,30.324249999999893,59.352203571428475,719.4835142857141,719.4835142857141,719.4835142857141,0.0,0.0,10050.0,0.0
2025-09-07,0,26,4:20-4:30,697.0383333333332,0.0,0.479325,0.4754620535714285,28.458333333333485,79.30593690476181,725.4966666666667,725.4966666666667,725.4966666666667,0.0,0.0,10050.0,0.0
2025-09-07,0,27,4:30-4:40,651.2372166666667,0.00043333333333333337,0.470475,0.4592138392857144,20.98214285714289,82.65818690476222,672.2189261904762,672.2189261904762,672.2189261904762,0.0,0.0,10050.0,0.0
2025-09-07,0,28,4:40-4:50,624.5160833333333,0.029514285714285715,0.47515,0.4618142857142859,18.313695238095306,88.52872142857126,642.8002642857143,642.8002642857143,642.8002642857143,0.0,0.0,10050.0,0.0
2025-09-07,0,29,4:50-5:00,638.98,0.0,0.48114999999999997,0.4726473214285713,31.95500000000004,67.10364702380967,670.9350000000001,670.9350000000001,670.9350000000001,0.0,0.0,10050.0,0.0
2025-09-07,0,30,5:00-5:10,644.9450166666666,0.006045238095238095,0.4635,0.4524366071428572,28.601747619047615,105.36075119047682,673.540719047619,673.540719047619,673.540719047619,0.0,0.0,10050.0,0.0
2025-09-07,0,31,5:10-5:20,613.3195666666666,0.41111428571428565,0.46547499999999997,0.4591165178571429,28.1750714285713,126.97831845238129,641.0835238095236,641.0835238095236,641.0835238095236,0.0,0.0,10050.0,0.0
2025-09-07,0,32,5:20-5:30,578.3566666666666,0.0,0.45247499999999996,0.45640625,26.293154761904702,179.6705375000007,604.6498214285713,604.6498214285713,604.6498214285713,0.0,0.0,10050.0,0.0
2025-09-07,0,33,5:30-5:40,616.6446333333333,1.3114238095238095,0.38842499999999996,0.3907580357142857,28.365190476190435,262.0098678571434,1477.0317333333332,1477.0317333333332,1477.0317333333332,833.3333333333333,0.0,10800.0,0.0
2025-09-07,0,34,5:40-5:50,740.9601666666667,20.40550714285714,0.5882499999999999,0.5909348214285712,32.588680952380855,331.88176011904807,753.1433404761905,753.1433404761905,753.1433404761905,0.0,-0.0,10800.0,0.0
2025-09-07,0,35,5:50-6:00,862.8333333333333,63.59107142857142,0.9426749999999999,0.9513808035714284,41.46523809523808,372.9639660714289,7.374166666666611,7.374166666666611,7.374166666666611,0.0,833.3333333333333,9874.074074074075,0.0
2025-09-07,0,36,6:00-6:10,863.5358333333334,109.75245476190476,0.9894000000000001,0.9983580357142862,41.26759523809517,388.7718654761909,0.0,0.0,0.0,0.0,795.0509738095237,8990.684103174604,0.0
2025-09-07,0,37,6:10-6:20,837.3894166666666,157.21995714285714,0.9008750000000001,0.9049464285714287,30.496759523809487,425.87697976190447,0.0,0.0,0.0,0.0,710.666219047619,8201.054970899471,0.0
2025-09-07,0,38,6:20-6:30,828.9383333333333,208.0616071428571,0.85455,0.8547928571428571,55.05404761904765,527.9905720238091,0.0,0.0,0.0,0.0,675.9307738095238,7450.020777777778,0.0
2025-09-07,0,39,6:30-6:40,799.5452833333334,262.8521238095238,0.851875,0.8540258928571429,40.41431190476197,647.9223595238093,0.0,0.0,0.0,0.0,577.1074714285714,6808.790253968254,0.0
2025-09-07,0,40,6:40-6:50,791.6690166666667,320.0795547619048,0.8285,0.8283107142857143,45.53880238095229,683.4488928571427,0.0,0.0,0.0,0.0,517.1282642857143,6234.203293650793,0.0
2025-09-07,0,41,6:50-7:00,822.3383333333333,377.5276785714285,0.792025,0.7870999999999999,49.613273809523776,754.8164107142848,0.0,0.0,0.0,0.0,494.4239285714285,5684.843373015872,0.0
2025-09-07,0,42,7:00-7:10,859.1655833333332,433.98120238095237,0.8021,0.8014857142857142,49.418835714285706,821.0017083333327,0.0,0.0,0.0,0.0,474.6032166666665,5157.506465608465,0.0
2025-09-07,0,43,7:10-7:20,861.4962833333334,492.8290357142856,0.7854000000000001,0.7864852678571427,37.82776666666662,874.908391666666,106.81667440476463,106.81667440476463,106.81667440476463,0.0,299.6783398809498,4824.53053240741,0.0
2025-09-07,0,44,7:20-7:30,832.9166666666666,554.6848214285714,0.70805,0.7032647321428571,47.7030952380951,919.3550077380946,325.9349404761904,325.9349404761904,325.9349404761904,0.0,0.0,4824.53053240741,0.0
2025-09-07,0,45,7:30-7:40,831.0436833333333,615.5419166666666,0.6518999999999999,0.6409124999999999,54.68770238095232,926.1390107142852,270.189469047619,270.189469047619,270.189469047619,0.0,0.0,4824.53053240741,0.0
2025-09-07,0,46,7:40-7:50,939.4529,669.2399571428571,0.8488500000000001,0.8365897321428571,50.2092833333333,916.9809470238089,0.0,0.0,0.0,0.0,320.4222261904763,4468.505836640214,0.0
2025-09-07,0,47,7:50-8:00,1088.5983333333334,723.0821428571428,1.14815,1.1384013392857144,37.383273809523814,893.1068583333329,0.0,0.0,0.0,0.0,402.89946428571443,4020.8397652116423,0.0
2025-09-07,0,48,8:00-8:10,1114.0861166666666,791.061657142857,1.14695,1.1376986607142856,40.18017380952389,872.8890488095232,0.0,0.0,0.0,0.0,363.2046333333335,3617.2790615079384,0.0
2025-09-07,0,49,8:10-8:20,1104.6423833333333,858.6024809523808,1.096225,1.084157589285714,57.20715000000007,919.490403571428,0.0,0.0,0.0,0.0,303.2470523809527,3280.3378921957687,0.0
2025-09-07,0,50,8:20-8:30,1124.8249999999998,915.3517857142857,1.10225,1.0873120535714287,76.58232142857133,976.5942238095233,0.0,0.0,0.0,0.0,286.0555357142854,2962.498408068785,0.0
2025-09-07,0,51,8:30-8:40,1148.1315833333333,963.1760666666667,1.027075,1.0131379464285715,72.95586666666696,1001.3531523809518,0.0,0.0,0.0,0.0,257.91138333333356,2675.930204365081,0.0
2025-09-07,0,52,8:40-8:50,1142.0078666666666,1006.6492952380952,0.9996750000000001,0.9842026785714285,65.86325000000011,1012.8330130952377,0.0,0.0,0.0,0.0,201.2218214285715,2452.3504027777794,0.0
2025-09-07,0,53,8:50-9:00,1105.28,1048.7508928571428,1.033725,1.01480625,108.06041666666681,996.7013351190475,0.0,0.0,0.0,0.0,164.58952380952405,2269.4731541005303,0.0
2025-09-07,0,54,9:00-9:10,1071.2948166666665,1089.9523976190476,1.003625,0.9863629464285714,72.9972857142856,962.5258386904773,0.0,0.0,0.0,0.0,54.33970476190461,2209.0957043650806,0.0
2025-09-07,0,55,9:10-9:20,1081.0272333333332,1129.1308880952379,0.9657,0.9494499999999999,56.1774476190476,907.3341636904761,0.0,0.0,0.0,0.0,8.073792857142962,2200.1248234126997,0.0
2025-09-07,0,56,9:20-9:30,1113.26,1161.5535714285713,0.935025,0.9193928571428575,94.55541666666659,820.4392291666662,0.0,0.0,0.0,0.0,46.26184523809525,2148.7227731481494,0.0
2025-09-07,0,57,9:30-9:40,1107.1821666666665,1184.119561904762,0.8851749999999999,0.8731066964285715,90.22309999999993,772.3989315476185,0.0,0.0,0.0,0.0,13.285704761904526,2133.9608789682557,0.0
2025-09-07,0,58,9:40-9:50,1097.0139833333333,1212.6729357142856,0.9663250000000001,0.9408678571428573,82.54207142857179,769.9338249999994,0.0,0.0,0.0,33.1168809523806,0.0,2163.7660718253983,0.0
2025-09-07,0,59,9:50-10:00,1105.3116666666665,1255.955357142857,1.118625,1.0688549107142857,69.64732142857133,762.6872553571426,0.0,0.0,0.0,80.99636904761928,0.0,2236.6628039682555,0.0
2025-09-07,0,60,10:00-10:10,1119.1492666666666,1304.2854380952379,1.111625,1.055578125,49.859504761904645,738.4989744047621,0.0,0.0,0.0,135.27666666666664,0.0,2358.4118039682553,0.0
2025-09-07,0,61,10:10-10:20,1128.0886333333333,1323.982066666667,1.050325,0.9993000000000001,65.1797476190477,658.7251005952385,0.0,0.0,0.0,130.71368571428593,0.0,2476.0541211111126,0.0
2025-09-07,0,62,10:20-10:30,1121.045,1325.44375,1.056325,1.008458482142857,83.85886904761901,632.5850529761906,0.0,0.0,0.0,120.53988095238083,0.0,2584.540013968255,0.0
2025-09-07,0,63,10:30-10:40,1095.0940833333334,1352.612976190476,1.0994000000000002,1.0485303571428575,70.8205309523812,603.8421511904763,0.0,0.0,0.0,186.69836190476144,0.0,2752.5685396825406,0.0
2025-09-07,0,64,10:40-10:50,1084.7984,1384.5983547619048,0.8469,0.8052758928571428,81.73816428571408,571.457733333334,0.0,0.0,0.0,218.06179047619094,0.0,2948.8241511111123,0.0
2025-09-07,0,65,10:50-11:00,1092.7783333333332,1401.6428571428569,0.44562500000000005,0.42113928571428577,64.51904761904765,580.3655761904769,588.9878571428571,588.9878571428571,588.9878571428571,833.3333333333333,0.0,3698.8241511111123,0.0
2025-09-07,0,66,11:00-11:10,1092.0373333333332,1405.5899928571428,0.40402499999999997,0.38080044642857136,87.444980952381,620.3374255952383,607.2256547619047,607.2256547619047,607.2256547619047,833.3333333333333,0.0,4448.824151111112,0.0
2025-09-07,0,67,11:10-11:20,1100.7638666666667,1412.571095238095,0.472,0.44577544642857136,97.1908833333332,588.2570321428591,0.0,0.0,0.0,214.61634523809516,0.0,4641.978861825398,0.0
2025-09-07,0,68,11:20-11:30,1110.7833333333333,1429.6392857142857,0.4574,0.43080758928571417,93.42672619047616,591.4426148809544,0.0,0.0,0.0,225.42922619047636,0.0,4844.865165396826,0.0
2025-09-07,0,69,11:30-11:40,1091.3576166666667,1450.5592547619046,0.42057500000000003,0.3913107142857141,83.78088095238081,691.844380357144,557.9125761904761,557.9125761904761,557.9125761904761,833.3333333333333,0.0,5594.865165396826,0.0
2025-09-07,0,70,11:40-11:50,1072.5893333333333,1466.045764285714,0.413925,0.3831330357142857,101.12643095238067,740.2848904761912,541.0033333333331,541.0033333333331,541.0033333333331,833.3333333333333,0.0,6344.865165396826,0.0
2025-09-07,0,71,11:50-12:00,1069.2816666666665,1472.7741071428568,0.43037500000000006,0.4011107142857143,95.44845238095252,759.3890107142861,525.2893452380956,525.2893452380956,525.2893452380956,833.3333333333333,0.0,7094.865165396826,0.0
2025-09-07,0,72,12:00-12:10,1066.2298,1473.2887976190473,0.429125,0.4026290178571427,125.58225238095235,700.9213672619048,551.8565880952385,551.8565880952385,551.8565880952385,833.3333333333333,0.0,7844.865165396826,0.0
2025-09-07,0,73,12:10-12:20,1053.0027333333333,1467.4486047619048,0.44857499999999995,0.42451026785714274,101.52983095238096,666.8495690476192,406.3706186067012,406.3706186067012,406.3706186067012,719.2866590828918,0.0,8492.223158571429,0.0
2025-09-07,0,74,12:20-12:30,1045.5516666666667,1458.5133928571427,0.45842499999999997,0.4341799107142857,94.43113095238081,598.4072958333329,0.0,0.0,0.0,318.5305952380952,0.0,8778.900694285714,0.0
2025-09-07,0,75,12:30-12:40,1076.6913,1452.0466166666668,0.418325,0.3902781249999999,102.07584047619025,620.0614315476195,560.0538571428567,560.0538571428567,560.0538571428567,833.3333333333333,0.0,9528.900694285714,0.0
2025-09-07,0,76,12:40-12:50,1145.0212166666665,1446.446576190476,0.58575,0.5570955357142859,65.73212619047649,566.7151857142863,0.0,0.0,0.0,235.69323333333296,0.0,9741.024604285714,0.0
2025-09-07,0,77,12:50-13:00,1188.5883333333331,1442.8276785714284,0.86395,0.8372031249999997,73.7593452380952,538.3321482142862,0.0,0.0,0.0,180.48000000000002,0.0,9903.456604285715,0.0
2025-09-07,0,78,13:00-13:10,1142.3279,1441.5268190476193,0.876575,0.8472357142857144,75.77030714285706,555.4524982142862,0.0,0.0,0.0,223.4286119047622,0.0,10104.542355000001,0.0
2025-09-07,0,79,13:10-13:20,1128.6163833333333,1422.6137238095237,0.8357,0.804299107142857,86.93218095238096,572.3456285714287,0.0,0.0,0.0,207.06515952380937,0.0,10290.90099857143,0.0
2025-09-07,0,80,13:20-13:30,1157.6633333333332,1385.0375,0.850775,0.8224008928571427,59.8795833333333,578.5447166666668,0.0,0.0,0.0,167.49458333333337,0.0,10441.646123571429,0.0
2025-09-07,0,81,13:30-13:40,1124.29765,1349.0540952380952,0.83785,0.8144446428571427,86.90680714285706,560.8396630952386,0.0,0.0,0.0,137.8496380952381,0.0,10565.710797857142,0.0
2025-09-07,0,82,13:40-13:50,1097.3499166666666,1323.351845238095,0.944925,0.9096870535714283,64.8763904761903,593.8608279761906,0.0,0.0,0.0,161.12553809523797,0.0,10710.723782142857,0.0
2025-09-07,0,83,13:50-14:00,1125.8633333333332,1295.0357142857142,1.131675,1.0757138392857144,84.21785714285716,573.2777410714285,0.0,0.0,0.0,84.95452380952383,0.0,10787.182853571428,0.0
2025-09-07,0,84,14:00-14:10,1177.7772499999999,1243.9657690476188,1.1785750000000002,1.1210941964285714,51.94724523809502,569.1536636904764,0.0,0.0,0.0,14.241273809523818,0.0,10800.0,0.0
2025-09-07,0,85,14:10-14:20,1163.0476333333331,1193.5585023809524,1.1469500000000001,1.0945732142857143,64.603469047619,551.327100595238,0.0,0.0,0.0,0.0,34.09259999999972,10762.119333333334,0.0
2025-09-07,0,86,14:20-14:30,1120.4066666666665,1151.586607142857,1.1640249999999999,1.1122017857142856,77.20821428571449,523.283032142857,0.0,0.0,0.0,0.0,46.02827380952408,10710.976806878307,0.0
2025-09-07,0,87,14:30-14:40,1169.8978833333333,1104.864019047619,1.2494999999999998,1.197014732142857,64.52734047619029,443.9057255952382,0.0,0.0,0.0,0.0,129.56120476190472,10567.019912698413,0.0
2025-09-07,0,88,14:40-14:50,1193.0451666666665,1062.6069738095237,1.048225,1.0066196428571428,55.63592857142879,354.53626547619035,0.0,0.0,0.0,0.0,186.07412142857174,10360.27088888889,0.0
2025-09-07,0,89,14:50-15:00,1157.2366666666667,1023.9044642857143,0.692275,0.668092857142857,51.12309523809495,353.0216892857142,673.0431988536138,673.0431988536138,673.0431988536138,488.5879012345665,0.0,10800.0,0.0
2025-09-07,0,90,15:00-15:10,1150.6936833333332,976.6114166666666,0.695375,0.6764160714285714,60.68462619047605,335.6473238095238,234.7668928571427,234.7668928571427,234.7668928571427,0.0,0.0,10800.0,0.0
2025-09-07,0,91,15:10-15:20,1158.1634333333332,927.2181047619048,0.7883,0.7683785714285714,55.24672142857162,282.4271791666662,286.19205,286.19205,286.19205,0.0,0.0,10800.0,0.0
2025-09-07,0,92,15:20-15:30,1169.5833333333333,875.336607142857,0.7921750000000001,0.7725718750000002,63.340476190476295,268.6526124999998,357.5872023809525,357.5872023809525,357.5872023809525,0.0,0.0,10800.0,0.0
2025-09-07,0,93,15:30-15:40,1196.8467,813.2502,0.8022499999999999,0.7859540178571428,45.30816666666675,221.03679821428585,428.9046666666668,428.9046666666668,428.9046666666668,0.0,0.0,10800.0,0.0
2025-09-07,0,94,15:40-15:50,1210.5654666666665,750.5850238095237,0.8367249999999999,0.8251468750000001,51.32146428571423,201.85261369047615,511.301907142857,511.301907142857,511.301907142857,0.0,-0.0,10800.0,0.0
2025-09-07,0,95,15:50-16:00,1206.9483333333333,697.0124999999999,0.8692500000000001,0.8593933035714291,59.52958333333322,172.19596309523791,569.4654166666666,569.4654166666666,569.4654166666666,0.0,-0.0,10800.0,0.0
2025-09-07,0,96,16:00-16:10,1209.1236166666665,653.0382166666666,0.872175,0.8582513392857142,53.285785714285794,210.6831488095237,609.3711857142857,609.3711857142857,609.3711857142857,0.0,0.0,10800.0,0.0
2025-09-07,0,97,16:10-16:20,1203.8158833333332,601.0884000000001,0.8981250000000001,0.8852348214285717,49.333340476190415,170.49255833333348,652.0608238095235,652.0608238095235,652.0608238095235,0.0,-0.0,10800.0,0.0
2025-09-07,0,98,16:20-16:30,1191.5133333333333,539.7562499999999,0.9526000000000001,0.9435513392857144,46.98190476190473,142.76310357142867,698.7389880952383,698.7389880952383,698.7389880952383,0.0,-0.0,10800.0,0.0
2025-09-07,0,99,16:30-16:40,1191.8286833333332,483.7390904761904,0.985325,0.9708535714285712,31.703126190476155,140.05305059523826,739.792719047619,739.792719047619,739.792719047619,0.0,-0.0,10800.0,0.0
2025-09-07,0,100,16:40-16:50,1206.7313166666665,429.72546666666665,0.9949250000000001,0.9801683035714289,22.24207619047604,115.23036726190469,799.247926190476,799.247926190476,799.247926190476,0.0,-0.0,10800.0,0.0
2025-09-07,0,101,16:50-17:00,1208.7583333333332,372.58214285714286,1.010425,1.0021424107142856,47.82565476190487,108.34248809523768,884.0018452380953,884.0018452380953,884.0018452380953,0.0,-0.0,10800.0,0.0
2025-09-07,0,102,17:00-17:10,1169.6701833333332,312.1139571428571,1.061,1.0529129464285714,46.74449047619032,74.07891666666637,904.3007166666664,904.3007166666664,904.3007166666664,0.0,0.0,10800.0,0.0
2025-09-07,0,103,17:10-17:20,1154.4243666666666,255.89415,1.1075,1.0995593749999997,35.243002380952476,94.48878273809547,933.7732190476191,933.7732190476191,933.7732190476191,0.0,0.0,10800.0,0.0
2025-09-07,0,104,17:20-17:30,1188.7566666666667,205.32767857142858,1.12415,1.1176455357142856,41.052976190476215,93.3862624999999,1024.4819642857144,1024.4819642857144,1024.4819642857144,0.0,0.0,10800.0,0.0
2025-09-07,0,105,17:30-17:40,1210.74415,155.2783357142857,1.131375,1.1227410714285713,26.911433333333207,61.61154642857136,1082.3772476190475,1082.3772476190475,1082.3772476190475,0.0,0.0,10800.0,0.0
2025-09-07,0,106,17:40-17:50,1071.5240999999999,106.68246428571429,1.20675,1.2016857142857142,36.85668333333342,43.38184345238042,1001.698319047619,1001.698319047619,1001.698319047619,0.0,-0.0,10800.0,0.0
2025-09-07,0,107,17:50-18:00,886.0766666666666,60.34107142857142,1.327075,1.3298120535714284,29.599226190476315,73.90294345238067,855.3348214285714,855.3348214285714,855.3348214285714,0.0,0.0,10800.0,0.0
2025-09-07,0,108,18:00-18:10,925.8423833333333,19.059357142857145,1.3869,1.3898892857142857,30.541930952380994,58.142491666666615,937.3249571428571,937.3249571428571,937.3249571428571,0.0,0.0,10800.0,0.0
2025-09-07,0,109,18:10-18:20,960.7940833333333,1.196097619047619,1.4091999999999998,1.409179017857143,22.675176190476236,58.86932499999995,982.273161904762,982.273161904762,982.273161904762,0.0,-0.0,10800.0,0.0
2025-09-07,0,110,18:20-18:30,910.9200000000001,0.0,1.409975,1.4075066964285714,33.8207142857143,48.9703517857144,944.7407142857144,944.7407142857144,944.7407142857144,0.0,0.0,10800.0,0.0
2025-09-07,0,111,18:30-18:40,921.4932166666667,0.3879309523809523,1.39725,1.3901196428571432,22.614980952380847,61.17289166666694,943.7202666666666,943.7202666666666,943.7202666666666,0.0,0.0,10800.0,0.0
2025-09-07,0,112,18:40-18:50,929.2038666666667,0.007864285714285713,1.4990999999999999,1.4752723214285717,26.0935690476191,73.46089404761915,955.2895714285715,955.2895714285715,955.2895714285715,0.0,0.0,10800.0,0.0
2025-09-07,0,113,18:50-19:00,914.03,0.0,1.6538249999999999,1.6127625000000003,34.21833333333336,48.91760416666668,114.91500000000008,114.91500000000008,114.91500000000008,0.0,833.3333333333333,9874.074074074075,0.0
2025-09-07,0,114,19:00-19:10,930.8484,0.02785476190476191,1.661875,1.625592410714285,26.556733333333227,70.00096547619063,124.04394523809515,124.04394523809515,124.04394523809515,0.0,833.3333333333333,8948.14814814815,0.0
2025-09-07,0,115,19:10-19:20,942.3813833333334,0.0005642857142857142,1.6456,1.612089285714286,34.15054999999995,78.71564226190469,143.19803571428577,143.19803571428577,143.19803571428577,0.0,833.3333333333333,8022.2222222222235,0.0
2025-09-07,0,116,19:20-19:30,937.9083333333333,0.0,1.6614499999999999,1.6207665178571424,38.02166666666676,49.79550357142858,142.5966666666668,142.5966666666668,142.5966666666668,0.0,833.3333333333333,7096.296296296297,0.0
2025-09-07,0,117,19:30-19:40,943.0926666666666,0.0019738095238095235,1.64405,1.6019370535714288,24.28771666666671,41.89916071428556,134.04507619047615,134.04507619047615,134.04507619047615,0.0,833.3333333333333,6170.370370370371,0.0
2025-09-07,0,118,19:40-19:50,929.2316999999999,4.047619047619047e-05,1.633775,1.5944781250000006,13.58312380952384,64.57302321428577,109.48145,109.48145,109.48145,0.0,833.3333333333333,5244.444444444445,0.0
2025-09-07,0,119,19:50-20:00,917.4133333333332,0.0,1.64615,1.609535267857143,18.226666666666574,65.79029702380976,102.3066666666665,102.3066666666665,102.3066666666665,0.0,833.3333333333333,4318.518518518519,0.0
2025-09-07,0,120,20:00-20:10,956.3599833333333,0.00010238095238095237,1.646575,1.6103049107142855,23.94684285714277,50.936695238095325,146.9733904761904,146.9733904761904,146.9733904761904,0.0,833.3333333333333,3392.592592592593,0.0
2025-09-07,0,121,20:10-20:20,955.7832833333333,0.0,1.6159750000000002,1.5774772321428567,28.095197619047553,42.98920238095246,771.5353309523801,771.5353309523801,771.5353309523801,0.0,212.3431500000007,3156.655759259259,0.0
2025-09-07,0,122,20:20-20:30,931.1483333333333,0.0,1.6268250000000002,1.585239285714286,15.99333333333334,65.99022083333332,113.8083333333334,113.8083333333334,113.8083333333334,0.0,833.3333333333333,2230.729833333333,0.0
2025-09-07,0,123,20:30-20:40,980.8595499999999,0.0,1.7191999999999998,1.6779165178571431,28.221716666666566,74.32181130952364,175.7479333333332,175.7479333333332,175.7479333333332,0.0,833.3333333333333,1304.8039074074072,0.0
2025-09-07,0,124,20:40-20:50,977.45885,0.0,1.4834500000000002,1.453791517857143,19.999766666666574,94.32351666666654,970.6485624999999,970.6485624999999,970.6485624999999,0.0,26.81005416666662,1275.0149583333332,0.0
2025-09-07,0,125,20:50-21:00,899.6216666666666,0.0,1.05645,1.0418102678571428,26.578333333333376,67.51346249999978,935.779732510288,935.779732510288,935.779732510288,9.579732510288117,0.0,1283.6367175925925,0.0
2025-09-07,0,126,21:00-21:10,863.1483333333333,0.0,1.016,1.0020316964285712,23.684883333333346,75.27304583333324,920.7265448559671,920.7265448559671,920.7265448559671,33.89332818930042,0.0,1314.1407129629629,0.0
2025-09-07,0,127,21:10-21:20,876.2362499999999,0.0,1.079575,1.0613464285714285,23.971283333333304,77.14534166666661,900.2075333333332,900.2075333333332,900.2075333333332,0.0,0.0,1314.1407129629629,0.0
2025-09-07,0,128,21:20-21:30,929.7833333333333,0.0,1.09525,1.0765200892857143,21.723333333333358,94.7243958333332,951.5066666666667,951.5066666666667,951.5066666666667,0.0,0.0,1314.1407129629629,0.0
2025-09-07,0,129,21:30-21:40,988.0168999999999,0.0,1.152425,1.1365281250000001,25.253616666666744,70.44652916666661,1013.2705166666666,1013.2705166666666,1013.2705166666666,0.0,0.0,1314.1407129629629,0.0
2025-09-07,0,130,21:40-21:50,876.11985,0.0,0.92065,0.9053370535714285,23.000049999999874,102.7266416666667,912.1939277777776,912.1939277777776,912.1939277777776,13.07402777777775,0.0,1325.9073379629629,0.0
2025-09-07,0,131,21:50-22:00,686.0233333333333,0.0,0.534775,0.5180999999999999,21.053333333333285,113.31660416666656,707.0766666666666,707.0766666666666,707.0766666666666,0.0,0.0,1325.9073379629629,0.0
2025-09-07,0,132,22:00-22:10,698.3236666666667,0.0,0.504075,0.4889169642857144,16.540616666666665,75.56955833333313,1548.1976166666666,1548.1976166666666,1548.1976166666666,833.3333333333333,0.0,2075.9073379629626,0.0
2025-09-07,0,133,22:10-22:20,749.0507833333332,0.0,0.5522250000000001,0.5365995535714286,26.119266666666817,65.2653041666666,775.1700500000001,775.1700500000001,775.1700500000001,0.0,0.0,2075.9073379629626,0.0
2025-09-07,0,134,22:20-22:30,726.1083333333332,0.0,0.515125,0.49636250000000004,27.183333333333394,59.10351250000019,1586.625,1586.625,1586.625,833.3333333333333,0.0,2825.9073379629626,0.0
2025-09-07,0,135,22:30-22:40,690.9192333333333,0.0,0.51085,0.49082857142857134,23.27993333333336,30.504758333333427,1547.5324999999998,1547.5324999999998,1547.5324999999998,833.3333333333333,0.0,3575.9073379629626,0.0
2025-09-07,0,136,22:40-22:50,727.6178499999999,0.0,0.526425,0.506069642857143,21.99424999999985,37.51480416666692,1582.9454333333329,1582.9454333333329,1582.9454333333329,833.3333333333333,0.0,4325.907337962963,0.0
2025-09-07,0,137,22:50-23:00,786.6516666666666,0.0,0.5287,0.5099763392857141,32.93166666666673,68.88745833333334,1652.9166666666665,1652.9166666666665,1652.9166666666665,833.3333333333333,0.0,5075.907337962963,0.0
2025-09-07,0,138,23:00-23:10,745.4220999999999,0.0,0.5134,0.5003272321428572,26.750516666666613,93.50964583333354,1605.5059499999998,1605.5059499999998,1605.5059499999998,833.3333333333333,0.0,5825.907337962963,0.0
2025-09-07,0,139,23:10-23:20,731.7648333333333,0.0,0.5245500000000001,0.5138348214285716,15.507333333333236,95.06578750000023,747.2721666666665,747.2721666666665,747.2721666666665,0.0,0.0,5825.907337962963,0.0
2025-09-07,0,140,23:20-23:30,766.3416666666667,0.0,0.5537,0.54156875,27.248333333333335,52.99244166666668,793.59,793.59,793.59,0.0,0.0,5825.907337962963,0.0
2025-09-07,0,141,23:30-23:40,734.7426166666667,0.0,0.5487249999999999,0.5372433035714285,18.10699999999997,56.75211666666664,752.8496166666666,752.8496166666666,752.8496166666666,0.0,0.0,5825.907337962963,0.0
2025-09-07,0,142,23:40-23:50,666.8635666666667,0.0,0.5387,0.5248205357142854,32.266316666666626,42.725345833333364,699.1298833333333,699.1298833333333,699.1298833333333,0.0,0.0,5825.907337962963,0.0
2025-09-07,0,143,23:50-24:00,617.3149999999999,0.0,0.5294,0.5127272321428572,18.700000000000045,29.597916666666634,829.4512911522637,829.4512911522637,829.4512911522637,193.43629115226375,0.0,6000.0,0.0
2025-09-08,0,0,0:00-0:10,612.9639666666667,0.0,0.5004500000000001,0.48818794642857133,21.321399999999926,54.29169583333362,634.2853666666666,634.2853666666666,634.2853666666666,0.0,0.0,9662.496749292326,0.0
2025-09-08,0,1,0:10-0:20,623.3276833333333,0.0,0.502625,0.4904339285714286,14.797366666666676,69.9189791666669,638.12505,638.12505,638.12505,0.0,0.0,9662.496749292326,0.0
2025-09-08,0,2,0:20-0:30,618.4433333333333,0.0,0.5324749999999999,0.5153620535714284,26.191666666666606,74.65347916666659,644.6349999999999,644.6349999999999,644.6349999999999,0.0,0.0,9662.496749292326,0.0
2025-09-08,0,3,0:30-0:40,592.6149833333333,0.0,0.532525,0.5170312499999999,14.00353333333328,85.91453333333334,606.6185166666666,606.6185166666666,606.6185166666666,0.0,0.0,9662.496749292326,0.0
2025-09-08,0,4,0:40-0:50,577.3977166666666,0.0,0.51705,0.5012008928571429,20.179416666666725,87.12935833333341,597.5771333333333,597.5771333333333,597.5771333333333,0.0,0.0,9662.496749292326,0.0
2025-09-08,0,5,0:50-1:00,591.4649999999999,0.0,0.509425,0.4898218750000002,25.5383333333333,74.63277916666661,617.0033333333332,617.0033333333332,617.0033333333332,0.0,0.0,9662.496749292326,0.0
2025-09-08,0,6,1:00-1:10,622.4923666666666,0.0,0.5147999999999999,0.4960611607142855,30.2432,59.407508333333226,652.7355666666666,652.7355666666666,652.7355666666666,0.0,0.0,9662.496749292326,0.0
2025-09-08,0,7,1:10-1:20,624.6510499999999,0.0,0.506575,0.48992812499999994,32.294000000000096,25.64111666666605,656.94505,656.94505,656.94505,0.0,0.0,9662.496749292326,0.0
2025-09-08,0,8,1:20-1:30,597.5916666666667,0.0,0.49245,0.4766647321428568,27.796666666666738,60.280791666666545,625.3883333333334,625.3883333333334,625.3883333333334,0.0,0.0,9662.496749292326,0.0
2025-09-08,0,9,1:30-1:40,582.68615,0.0,0.50515,0.489828125,11.834850000000074,63.15716249999991,594.5210000000001,594.5210000000001,594.5210000000001,0.0,0.0,9662.496749292326,0.0
2025-09-08,0,10,1:40-1:50,574.5928333333333,0.0,0.5116499999999999,0.4949897321428569,12.867633333333288,53.867875000000026,587.4604666666665,587.4604666666665,587.4604666666665,0.0,0.0,9662.496749292326,0.0
2025-09-08,0,11,1:50-2:00,575.1316666666667,0.0,0.498875,0.48035,14.555000000000177,78.81477499999988,589.6866666666668,589.6866666666668,589.6866666666668,0.0,0.0,9662.496749292326,0.0
2025-09-08,0,12,2:00-2:10,594.4502666666666,0.0,0.48834999999999995,0.47052008928571426,27.017616666666754,79.82826666666651,621.4678833333334,621.4678833333334,621.4678833333334,0.0,0.0,9662.496749292326,0.0
2025-09-08,0,13,2:10-2:20,600.0459666666666,0.0,0.4922249999999999,0.475025,33.46805000000006,61.75305654761894,633.5140166666666,633.5140166666666,633.5140166666666,0.0,0.0,9662.496749292326,0.0
2025-09-08,0,14,2:20-2:30,588.49,0.0,0.49844999999999995,0.48281874999999996,15.023333333333312,55.239825000000025,603.5133333333333,603.5133333333333,603.5133333333333,0.0,0.0,9662.496749292326,0.0
2025-09-08,0,15,2:30-2:40,587.4465,0.0,0.4845,0.47449821428571426,22.65226666666672,48.6884166666666,610.0987666666667,610.0987666666667,610.0987666666667,0.0,0.0,9662.496749292326,0.0
2025-09-08,0,16,2:40-2:50,589.6785333333332,0.0,0.471925,0.46327187499999994,20.984916666666663,67.11495833333342,610.6634499999999,610.6634499999999,610.6634499999999,0.0,0.0,9662.496749292326,0.0
2025-09-08,0,17,2:50-3:00,590.7766666666666,0.0,0.47137500000000004,0.45928125,25.146666666666647,89.23512083333341,615.9233333333333,615.9233333333333,615.9233333333333,0.0,0.0,9662.496749292326,0.0
2025-09-08,0,18,3:00-3:10,598.0415833333333,0.0,0.47305,0.46003973214285737,34.021433333333334,75.19594047619054,632.0630166666666,632.0630166666666,632.0630166666666,0.0,0.0,9662.496749292326,0.0
2025-09-08,0,19,3:10-3:20,616.6950166666666,0.0,0.474325,0.45902098214285714,24.212800000000016,73.87627023809532,640.9078166666666,640.9078166666666,640.9078166666666,0.0,0.0,9662.496749292326,0.0
2025-09-08,0,20,3:20-3:30,629.6533333333333,0.0,0.47440000000000004,0.456834375,16.043333333333408,83.40904107142845,645.6966666666667,645.6966666666667,645.6966666666667,0.0,0.0,9662.496749292326,0.0
2025-09-08,0,21,3:30-3:40,611.0681,0.0,0.4738,0.460290625,22.206983333333255,110.27699226190475,633.2750833333332,633.2750833333332,633.2750833333332,0.0,0.0,9662.496749292326,0.0
2025-09-08,0,22,3:40-3:50,585.8325833333333,0.00016904761904761904,0.481325,0.47154196428571427,14.47267619047625,88.02498035714248,600.3050904761906,600.3050904761906,600.3050904761906,0.0,0.0,9662.496749292326,0.0
2025-09-08,0,23,3:50-4:00,573.2249999999999,0.0,0.482125,0.47134821428571433,22.063333333333276,54.51416666666668,595.2883333333332,595.2883333333332,595.2883333333332,0.0,0.0,9662.496749292326,0.0
2025-09-08,0,24,4:00-4:10,575.3367666666666,0.0,0.456475,0.4429642857142856,20.923178571428593,48.58805833333295,596.2599452380952,596.2599452380952,596.2599452380952,0.0,0.0,9662.496749292326,0.0
2025-09-08,0,25,4:10-4:20,598.3731833333333,0.002585714285714286,0.4619,0.4533272321428572,30.324249999999893,59.352203571428475,628.6948476190474,628.6948476190474,628.6948476190474,0.0,0.0,9662.496749292326,0.0
2025-09-08,0,26,4:20-4:30,620.3616666666667,0.0,0.4891,0.4860473214285714,28.458333333333485,83.9046869047618,648.8200000000002,648.8200000000002,648.8200000000002,0.0,0.0,9662.496749292326,0.0
2025-09-08,0,27,4:30-4:40,607.0410999999999,0.0,0.468425,0.45594821428571436,20.98214285714289,88.6732464285717,628.0232428571428,628.0232428571428,628.0232428571428,0.0,0.0,9662.496749292326,0.0
2025-09-08,0,28,4:40-4:50,591.3250833333333,0.03602142857142857,0.43489999999999995,0.41950446428571425,18.313695238095306,94.66038809523792,1040.1619245958282,1040.1619245958282,1040.1619245958282,430.55916745297105,0.0,10050.0,0.0
2025-09-08,0,29,4:50-5:00,593.405,0.0,0.4293,0.42018928571428565,25.82333333333338,73.19644464285727,619.2283333333334,619.2283333333334,619.2283333333334,0.0,0.0,10050.0,0.0
2025-09-08,0,30,5:00-5:10,603.0862333333333,0.0,0.45955,0.4487401785714286,28.601747619047615,105.20527500000058,631.6879809523809,631.6879809523809,631.6879809523809,0.0,0.0,10050.0,0.0
2025-09-08,0,31,5:10-5:20,608.0898333333333,0.5017619047619046,0.486175,0.48068839285714277,28.1750714285713,120.18085119047637,635.7631428571427,635.7631428571427,635.7631428571427,0.0,0.0,10050.0,0.0
2025-09-08,0,32,5:20-5:30,598.2866666666666,0.0,0.45589999999999997,0.46122633928571427,26.448630952380938,177.30106428571492,624.7352976190475,624.7352976190475,624.7352976190475,0.0,0.0,10050.0,0.0
2025-09-08,0,33,5:30-5:40,586.5729333333334,0.6351523809523809,0.38904999999999995,0.39256116071428554,28.365190476190435,259.7958708333338,1447.6363047619047,1447.6363047619047,1447.6363047619047,833.3333333333333,0.0,10800.0,0.0
2025-09-08,0,34,5:40-5:50,661.8742666666667,17.602364285714284,0.5882,0.5915285714285714,32.588680952380855,329.66776309523857,676.8605833333332,676.8605833333332,676.8605833333332,0.0,-0.0,10800.0,0.0
2025-09-08,0,35,5:50-6:00,779.6666666666666,59.9705357142857,0.932025,0.940808035714286,41.46523809523808,370.7499690476194,0.0,0.0,0.0,0.0,761.161369047619,9954.265145502646,0.0
2025-09-08,0,36,6:00-6:10,798.2017999999999,107.04284761904762,0.96895,0.9775098214285712,41.26759523809517,386.55786845238134,0.0,0.0,0.0,0.0,732.4265476190475,9140.457870370372,0.0
2025-09-08,0,37,6:10-6:20,792.9019833333333,155.64663095238092,0.895475,0.8997433035714286,30.496759523809487,417.0209916666663,0.0,0.0,0.0,0.0,667.7521119047619,8398.51107936508,0.0
2025-09-08,0,38,6:20-6:30,811.9649999999999,207.025,0.868825,0.8702758928571429,55.05404761904765,519.1345839285709,0.0,0.0,0.0,0.0,659.9940476190476,7665.184359788361,0.0
2025-09-08,0,39,6:30-6:40,823.9586333333333,262.0387071428571,0.8466750000000001,0.8496763392857146,40.41431190476197,639.0663714285711,0.0,0.0,0.0,0.0,602.3342380952382,6995.924095238096,0.0
2025-09-08,0,40,6:40-6:50,812.7784666666666,318.88017857142853,0.8155999999999999,0.8156857142857141,45.53880238095229,674.5929047619045,0.0,0.0,0.0,0.0,539.4370904761904,6396.549550264551,0.0
2025-09-08,0,41,6:50-7:00,791.6016666666666,377.6133928571428,0.7792250000000001,0.7739781250000001,49.613273809523776,745.9604226190465,0.0,0.0,0.0,0.0,463.60154761904755,5881.43671957672,0.0
2025-09-08,0,42,7:00-7:10,792.02405,439.5789952380952,0.7516999999999999,0.7495946428571428,49.418835714285706,812.1457202380943,0.0,0.0,0.0,0.0,401.8638904761905,5434.921285714286,0.0
2025-09-08,0,43,7:10-7:20,819.1457166666667,501.2519309523809,0.75625,0.757097767857143,37.82776666666662,866.0524035714276,0.0,0.0,0.0,0.0,355.7215523809524,5039.675116402116,0.0
2025-09-08,0,44,7:20-7:30,825.0333333333333,562.3205357142856,0.734025,0.730654910714286,47.7030952380951,910.4990196428564,0.0,0.0,0.0,0.0,310.4158928571428,4694.768568783069,0.0
2025-09-08,0,45,7:30-7:40,778.9804333333333,623.5569380952381,0.6419750000000001,0.6296053571428574,54.68770238095232,917.283022619047,185.5563148809541,185.5563148809541,185.5563148809541,0.0,24.55488273809342,4667.485365740743,0.0
2025-09-08,0,46,7:40-7:50,889.2337,673.2007333333332,0.8140000000000001,0.8001995535714286,44.87338809523817,908.1249589285707,0.0,0.0,0.0,0.0,260.90635476190494,4377.589416005293,0.0
2025-09-08,0,47,7:50-8:00,1094.1083333333331,718.2205357142857,1.1432,1.1354486607142857,38.643928571428546,878.9149749999995,0.0,0.0,0.0,0.0,414.5317261904761,3916.9986091269866,0.0
2025-09-08,0,48,8:00-8:10,1111.6371,779.0672380952379,1.161175,1.154785267857143,41.41404285714299,859.9578202380945,0.0,0.0,0.0,0.0,373.9839047619049,3501.4609371693145,0.0
2025-09-08,0,49,8:10-8:20,1091.6497,842.9911380952382,1.08445,1.0736678571428568,68.17415476190479,907.7930440476184,0.0,0.0,0.0,0.0,316.83271666666667,3149.4245853174625,0.0
2025-09-08,0,50,8:20-8:30,1118.5316666666665,900.4169642857142,1.0764,1.061645089285714,76.58232142857133,975.8638690476184,0.0,0.0,0.0,0.0,294.69702380952356,2821.983447751325,0.0
2025-09-08,0,51,8:30-8:40,1116.5273166666666,952.4777404761904,1.075925,1.063700892857143,72.95586666666696,1000.622797619047,0.0,0.0,0.0,0.0,237.00544285714307,2558.6440667989436,0.0
2025-09-08,0,52,8:40-8:50,1078.47635,996.5664357142857,1.0480500000000001,1.034117410714286,65.86325000000011,1012.1026583333329,0.0,0.0,0.0,0.0,147.7731642857143,2394.4516620370387,0.0
2025-09-08,0,53,8:50-9:00,1040.7166666666667,1035.5660714285714,1.008275,0.9892165178571427,108.06041666666681,995.9709803571427,0.0,0.0,0.0,0.0,113.21101190476202,2268.661648809525,0.0
2025-09-08,0,54,9:00-9:10,1048.0525499999999,1076.661738095238,0.9962249999999999,0.9799999999999999,73.72764047619042,961.7954839285725,0.0,0.0,0.0,0.0,45.11845238095225,2218.5300350529114,0.0
2025-09-08,0,55,9:10-9:20,1081.3503999999998,1118.011876190476,0.9832500000000001,0.968667857142857,56.1774476190476,907.244329761905,0.0,0.0,0.0,0.0,19.515971428571447,2196.8456223544986,0.0
2025-09-08,0,56,9:20-9:30,1100.9733333333334,1155.0026785714285,0.9475250000000001,0.9328406249999999,94.55541666666659,820.3205553571423,0.0,0.0,0.0,0.0,40.52607142857141,2151.8166541005303,0.0
2025-09-08,0,57,9:30-9:40,1083.2899499999999,1185.919095238095,0.9108749999999999,0.9001017857142858,90.22309999999993,772.2802577380946,0.0,0.0,0.0,12.406045238095203,0.0,2162.982094814816,0.0
2025-09-08,0,58,9:40-9:50,1082.9131166666666,1221.7723952380952,0.9670249999999999,0.9414245535714286,82.54207142857179,769.8151511904756,0.0,0.0,0.0,56.31720714285689,0.0,2213.667581243387,0.0
2025-09-08,0,59,9:50-10:00,1110.7983333333332,1262.1339285714284,1.07135,1.019463392857143,69.64732142857133,762.5685815476187,0.0,0.0,0.0,81.68827380952393,0.0,2287.1870276719583,0.0
2025-09-08,0,60,10:00-10:10,1122.4468166666666,1293.987921428571,1.0766749999999998,1.0202419642857141,49.859504761904645,738.1429529761905,0.0,0.0,0.0,121.68159999999989,0.0,2396.700467671958,0.0
2025-09-08,0,61,10:10-10:20,1105.4566666666665,1313.113745238095,1.0479500000000002,0.9966245535714284,65.1797476190477,658.7251005952385,0.0,0.0,0.0,142.47733095238073,0.0,2524.930065529101,0.0
2025-09-08,0,62,10:20-10:30,1075.5633333333333,1332.1660714285713,1.0570749999999998,1.0057866071428567,83.85886904761901,632.5850529761906,0.0,0.0,0.0,172.743869047619,0.0,2680.399547671958,0.0
2025-09-08,0,63,10:30-10:40,1060.1444999999999,1368.6181785714284,1.068525,1.0121250000000002,70.8205309523812,603.8421511904763,0.0,0.0,0.0,237.65314761904733,0.0,2894.2873805291006,0.0
2025-09-08,0,64,10:40-10:50,1055.8418166666665,1401.8376142857144,0.8276000000000001,0.7816241071428571,81.73816428571408,571.457733333334,0.0,0.0,0.0,264.25763333333384,0.0,3132.119250529101,0.0
2025-09-08,0,65,10:50-11:00,1059.7366666666667,1417.0446428571427,0.47555,0.4502691964285715,64.51904761904765,578.9053416666673,0.0,0.0,0.0,292.7889285714284,0.0,3395.6292862433866,0.0
2025-09-08,0,66,11:00-11:10,1073.2377666666666,1417.4772833333332,0.4366,0.41545000000000004,87.444980952381,616.9061125000003,576.5387976190477,576.5387976190477,576.5387976190477,833.3333333333333,0.0,4145.629286243387,0.0
2025-09-08,0,67,11:10-11:20,1082.2164166666666,1416.1579095238094,0.477,0.4537790178571428,97.1908833333332,584.8257190476212,0.0,0.0,0.0,236.75060952380954,0.0,4358.7048348148155,0.0
2025-09-08,0,68,11:20-11:30,1079.9816666666666,1425.3839285714284,0.456525,0.4325147321428572,93.42672619047616,588.0113017857165,0.0,0.0,0.0,251.9755357142858,0.0,4585.482816957673,0.0
2025-09-08,0,69,11:30-11:40,1070.2143333333333,1449.3633761904762,0.46315,0.4362308035714286,83.78088095238081,688.4130672619058,0.0,0.0,0.0,295.368161904762,0.0,4851.314162671959,0.0
2025-09-08,0,70,11:40-11:50,1052.4984333333332,1472.361526190476,0.452175,0.42360580357142863,101.12643095238067,738.8246559523815,514.596671428571,514.596671428571,514.596671428571,833.3333333333333,0.0,5601.314162671959,0.0
2025-09-08,0,71,11:50-12:00,1026.8883333333333,1483.0955357142857,0.41925,0.3919022321428572,95.44845238095252,757.9287761904764,472.5745833333333,472.5745833333333,472.5745833333333,833.3333333333333,0.0,6351.314162671959,0.0
2025-09-08,0,72,12:00-12:10,996.6187499999999,1480.4572952380952,0.42110000000000003,0.39625535714285715,125.58225238095235,699.4611327380951,475.0770404761902,475.0770404761902,475.0770404761902,833.3333333333333,0.0,7101.314162671959,0.0
2025-09-08,0,73,12:10-12:20,971.2666333333333,1466.5986523809524,0.45092499999999996,0.4298321428571428,101.52983095238096,662.4327166666669,184.57034226925578,184.57034226925578,184.57034226925578,578.3725303644941,0.0,7621.849440000004,0.0
2025-09-08,0,74,12:20-12:30,964.26,1448.4705357142857,0.4518,0.43242232142857157,94.43113095238081,600.5179273809521,0.0,0.0,0.0,389.77940476190497,0.0,7972.650904285718,0.0
2025-09-08,0,75,12:30-12:40,982.0401333333332,1435.0118357142858,0.40707499999999996,0.3834080357142856,102.07584047619025,617.8204071428577,482.4374714285709,482.4374714285709,482.4374714285709,833.3333333333333,0.0,8722.650904285718,0.0
2025-09-08,0,76,12:40-12:50,995.8877333333332,1426.7720619047618,0.57605,0.5497285714285712,65.73212619047649,562.2983333333341,0.0,0.0,0.0,365.1522023809521,0.0,9051.287886428574,0.0
2025-09-08,0,77,12:50-13:00,1011.9283333333333,1422.3517857142856,0.8639,0.8387486607142852,73.7593452380952,536.494677976191,0.0,0.0,0.0,336.6641071428571,0.0,9354.285582857145,0.0
2025-09-08,0,78,13:00-13:10,1057.3582999999999,1417.8850999999997,0.8950750000000001,0.8698825892857143,76.2450023809526,557.5631297619052,0.0,0.0,0.0,284.2817976190472,0.0,9610.139200714288,0.0
2025-09-08,0,79,13:10-13:20,1072.4071999999999,1399.554738095238,0.8565250000000001,0.82961875,90.87433809523768,574.9309553571435,0.0,0.0,0.0,236.27320000000054,0.0,9822.785080714288,0.0
2025-09-08,0,80,13:20-13:30,1052.2166666666667,1366.7035714285714,0.866275,0.8403049107142859,59.8795833333333,580.7205446428572,0.0,0.0,0.0,254.60732142857137,0.0,10051.931670000002,0.0
2025-09-08,0,81,13:30-13:40,1049.0218333333332,1334.0652809523808,0.864325,0.8436241071428573,86.90680714285706,569.5429750000003,0.0,0.0,0.0,198.13664047619045,0.0,10230.254646428573,0.0
2025-09-08,0,82,13:40-13:50,1037.38635,1314.1338142857142,0.929475,0.8965169642857144,64.8763904761903,602.5641398809526,0.0,0.0,0.0,211.87107380952398,0.0,10420.938612857144,0.0
2025-09-08,0,83,13:50-14:00,1028.23,1291.3160714285714,1.0431249999999999,0.986885714285714,84.21785714285716,581.9810529761903,0.0,0.0,0.0,178.8682142857142,0.0,10581.920005714286,0.0
2025-09-08,0,84,14:00-14:10,1060.3417333333332,1238.5038095238097,1.08705,1.0268446428571427,51.94724523809502,577.8569755952382,0.0,0.0,0.0,126.21483095238136,0.0,10695.513353571429,0.0
2025-09-08,0,85,14:10-14:20,1061.7932,1190.0830166666665,1.0826500000000001,1.026815178571429,64.603469047619,560.0304124999999,0.0,0.0,0.0,63.68634761904741,0.0,10752.831066428571,0.0
2025-09-08,0,86,14:20-14:30,1030.0116666666665,1153.6660714285713,1.1148,1.0600763392857142,77.20821428571449,532.1795136904759,0.0,0.0,0.0,46.44619047619017,0.0,10794.632637857143,0.0
2025-09-08,0,87,14:30-14:40,1035.3970833333333,1105.8881595238092,1.20405,1.1489700892857144,64.52734047619029,452.8022071428572,0.0,0.0,0.0,5.963735714285576,0.0,10800.0,0.0
2025-09-08,0,88,14:40-14:50,1051.0094333333332,1067.8188642857142,1.02685,0.9838781249999998,55.63592857142879,363.43274702380927,0.0,0.0,0.0,0.0,38.826497619047814,10756.859447089946,0.0
2025-09-08,0,89,14:50-15:00,1056.3016666666667,1039.1651785714284,0.6983,0.6737111607142859,51.12309523809495,361.9181708333332,68.25958333333324,68.25958333333324,68.25958333333324,0.0,0.0,10756.859447089946,0.0
2025-09-08,0,90,15:00-15:10,1059.6651333333332,994.9413809523809,0.681575,0.6605486607142856,51.981314285714234,344.5438053571428,164.63901434450418,164.63901434450418,164.63901434450418,47.93394767783765,0.0,10800.0,0.0
2025-09-08,0,91,15:10-15:20,1058.6987166666665,942.6286809523809,0.746,0.7246160714285714,55.24672142857162,283.00668809523756,171.31675714285723,171.31675714285723,171.31675714285723,-0.0,0.0,10800.0,0.0
2025-09-08,0,92,15:20-15:30,1062.925,886.5205357142856,0.7544,0.7356491071428574,63.340476190476295,268.6526124999998,239.74494047619055,239.74494047619055,239.74494047619055,-0.0,0.0,10800.0,0.0
2025-09-08,0,93,15:30-15:40,1083.4764166666666,822.2965857142858,0.805625,0.7890120535714288,45.30816666666675,221.03679821428585,306.4879976190475,306.4879976190475,306.4879976190475,0.0,0.0,10800.0,0.0
2025-09-08,0,94,15:40-15:50,1080.4905333333331,757.6929071428572,0.8531000000000001,0.841635714285714,51.32146428571423,201.85261369047615,374.1190904761902,374.1190904761902,374.1190904761902,0.0,0.0,10800.0,0.0
2025-09-08,0,95,15:50-16:00,1056.9366666666665,700.0839285714285,0.86055,0.853422767857143,59.52958333333322,172.19596309523791,416.38232142857123,416.38232142857123,416.38232142857123,0.0,0.0,10800.0,0.0
2025-09-08,0,96,16:00-16:10,1056.1182333333331,650.4451976190476,0.850525,0.8391321428571425,53.285785714285794,210.6831488095237,458.95882142857135,458.95882142857135,458.95882142857135,0.0,0.0,10800.0,0.0
2025-09-08,0,97,16:10-16:20,1060.8216166666666,598.6160833333333,0.8788,0.8666361607142858,49.333340476190415,170.49255833333348,511.5388738095237,511.5388738095237,511.5388738095237,0.0,0.0,10800.0,0.0
2025-09-08,0,98,16:20-16:30,1063.7183333333332,541.7758928571428,0.931825,0.9218191964285717,46.98190476190473,142.76310357142867,568.9243452380953,568.9243452380953,568.9243452380953,-0.0,0.0,10800.0,0.0
2025-09-08,0,99,16:30-16:40,1074.3222833333332,485.4270523809524,0.9471499999999999,0.9307906249999999,31.703126190476155,140.05305059523826,620.5983571428569,620.5983571428569,620.5983571428569,-0.0,0.0,10800.0,0.0
2025-09-08,0,100,16:40-16:50,1068.6869499999998,428.0934428571428,0.972275,0.9560124999999999,22.24207619047604,115.23036726190469,662.8355833333329,662.8355833333329,662.8355833333329,0.0,0.0,10800.0,0.0
2025-09-08,0,101,16:50-17:00,1052.4016666666666,368.05535714285713,1.0118,1.0036169642857147,47.82565476190487,108.34248809523768,732.1719642857144,732.1719642857144,732.1719642857144,0.0,0.0,10800.0,0.0
2025-09-08,0,102,17:00-17:10,1053.3053,306.7542571428571,1.022375,1.0160147321428574,46.74449047619032,74.07891666666637,793.2955333333332,793.2955333333332,793.2955333333332,0.0,0.0,10800.0,0.0
2025-09-08,0,103,17:10-17:20,1039.0139833333333,251.434369047619,1.0494750000000002,1.0420290178571427,35.243002380952476,98.52929702380916,822.8226166666668,822.8226166666668,822.8226166666668,0.0,0.0,10800.0,0.0
2025-09-08,0,104,17:20-17:30,1041.5083333333332,201.79999999999995,1.0912250000000001,1.0826857142857143,41.052976190476215,94.15894107142842,880.7613095238096,880.7613095238096,880.7613095238096,-0.0,0.0,10800.0,0.0
2025-09-08,0,105,17:30-17:40,1096.9642999999999,150.99131190476191,1.110475,1.1004736607142864,26.911433333333207,61.61154642857136,972.8844214285712,972.8844214285712,972.8844214285712,-0.0,0.0,10800.0,0.0
2025-09-08,0,106,17:40-17:50,957.52865,101.64885000000001,1.201775,1.196254464285714,36.85668333333342,43.96135238095181,892.7364833333334,892.7364833333334,892.7364833333334,0.0,0.0,10800.0,0.0
2025-09-08,0,107,17:50-18:00,725.4383333333333,55.82321428571427,1.3334000000000001,1.3352964285714286,29.599226190476315,74.67562202380918,699.2143452380953,699.2143452380953,699.2143452380953,0.0,0.0,10800.0,0.0
2025-09-08,0,108,18:00-18:10,764.5524833333334,16.09952857142857,1.36585,1.3674821428571426,29.76925238095248,58.91517023809513,778.2222071428573,778.2222071428573,778.2222071428573,0.0,-0.0,10800.0,0.0
2025-09-08,0,109,18:10-18:20,811.4121166666666,0.48340238095238086,1.3650250000000002,1.361868303571429,22.675176190476236,58.86932499999995,833.6038904761905,833.6038904761905,833.6038904761905,0.0,0.0,10800.0,0.0
2025-09-08,0,110,18:20-18:30,761.69,0.0,1.358125,1.3514660714285707,33.8207142857143,54.48731785714284,795.5107142857144,795.5107142857144,795.5107142857144,0.0,0.0,10800.0,0.0
2025-09-08,0,111,18:30-18:40,775.6846166666666,0.4707071428571428,1.325125,1.316661607142857,21.88115238095247,74.58425595238103,797.0950619047619,797.0950619047619,797.0950619047619,0.0,0.0,10800.0,0.0
2025-09-08,0,112,18:40-18:50,794.25675,0.0,1.4130000000000003,1.3879419642857143,26.0935690476191,77.57756607142869,820.3503190476191,820.3503190476191,820.3503190476191,0.0,-0.0,10800.0,0.0
2025-09-08,0,113,18:50-19:00,801.1866666666666,0.0,1.5723250000000002,1.5263995535714288,34.21833333333336,54.74842202380978,2.071666666666715,2.071666666666715,2.071666666666715,0.0,833.3333333333333,9874.074074074075,0.0
2025-09-08,0,114,19:00-19:10,845.2125833333332,0.03379761904761905,1.59545,1.552728571428572,26.556733333333227,82.47183452380972,38.402185714285565,38.402185714285565,38.402185714285565,0.0,833.3333333333333,8948.14814814815,0.0
2025-09-08,0,115,19:10-19:20,835.58095,0.0,1.5922749999999999,1.5529089285714286,27.413014285714212,91.47469047619043,29.660630952380984,29.660630952380984,29.660630952380984,0.0,833.3333333333333,8022.2222222222235,0.0
2025-09-08,0,116,19:20-19:30,779.4166666666666,0.0,1.60345,1.558181696428571,32.28833333333341,55.52883690476193,0.0,0.0,0.0,0.0,811.705,7120.327777777779,0.0
2025-09-08,0,117,19:30-19:40,782.3033833333334,0.0024,1.5581,1.5119290178571432,24.28771666666671,42.10582738095218,0.0,0.0,0.0,0.0,806.5887000000001,6224.118111111113,0.0
2025-09-08,0,118,19:40-19:50,809.2806333333333,0.0,1.538625,1.4941821428571427,13.58312380952384,65.39968988095225,496.67003095238,496.67003095238,496.67003095238,0.0,326.19372619047715,5861.680637566138,0.0
2025-09-08,0,119,19:50-20:00,813.3283333333334,0.0,1.5576,1.5146593750000004,17.40000000000009,66.61696369047624,0.0,0.0,0.0,0.0,830.7283333333335,4938.649156084656,0.0
2025-09-08,0,120,20:00-20:10,786.91265,0.00013333333333333334,1.5465,1.5051249999999994,23.94684285714277,50.936695238095325,0.0,0.0,0.0,0.0,810.8593595238094,4037.694312169312,0.0
2025-09-08,0,121,20:10-20:20,779.8861666666667,0.0,1.550325,1.507800892857143,28.095197619047553,42.98920238095246,0.0,0.0,0.0,0.0,807.9813642857142,3139.9372407407404,0.0
2025-09-08,0,122,20:20-20:30,802.2933333333333,0.0,1.60195,1.555933482142857,15.99333333333334,65.99022083333332,0.0,0.0,0.0,0.0,818.2866666666666,2230.729833333333,0.0
2025-09-08,0,123,20:30-20:40,815.5452499999999,0.0,1.6383,1.5920361607142859,28.221716666666566,74.32181130952364,10.433633333333205,10.433633333333205,10.433633333333205,0.0,833.3333333333333,1304.8039074074072,0.0
2025-09-08,0,124,20:40-20:50,803.7333,0.0,1.4009,1.367503125,19.999766666666574,94.32351666666654,796.9230124999999,796.9230124999999,796.9230124999999,0.0,26.81005416666662,1275.0149583333332,0.0
2025-09-08,0,125,20:50-21:00,795.2833333333333,0.0,1.036675,1.0208218750000002,26.578333333333376,67.51346249999978,831.4413991769547,831.4413991769547,831.4413991769547,9.579732510288117,0.0,1283.6367175925925,0.0
2025-09-08,0,126,21:00-21:10,827.1010166666666,0.0,0.9822,0.9682299107142854,23.684883333333346,75.27304583333324,884.6792281893004,884.6792281893004,884.6792281893004,33.89332818930042,0.0,1314.1407129629629,0.0
2025-09-08,0,127,21:10-21:20,822.4992666666667,0.0,1.029175,1.0102183035714283,23.971283333333304,77.14534166666661,846.47055,846.47055,846.47055,0.0,0.0,1314.1407129629629,0.0
2025-09-08,0,128,21:20-21:30,784.655,0.0,1.05355,1.0330245535714286,21.723333333333358,94.7243958333332,806.3783333333333,806.3783333333333,806.3783333333333,0.0,0.0,1314.1407129629629,0.0
2025-09-08,0,129,21:30-21:40,782.7861666666665,0.0,1.094775,1.0778223214285714,25.253616666666744,70.44652916666661,808.0397833333333,808.0397833333333,808.0397833333333,0.0,0.0,1314.1407129629629,0.0
2025-09-08,0,130,21:40-21:50,722.9562333333333,0.0,0.866425,0.8502111607142859,23.000049999999874,102.7266416666667,759.0303111111109,759.0303111111109,759.0303111111109,13.07402777777775,0.0,1325.9073379629629,0.0
2025-09-08,0,131,21:50-22:00,637.68,0.0,0.51275,0.494171875,21.053333333333285,113.31660416666656,658.7333333333332,658.7333333333332,658.7333333333332,0.0,0.0,1325.9073379629629,0.0
2025-09-08,0,132,22:00-22:10,662.3068166666667,0.0,0.502,0.4847888392857142,16.540616666666665,75.56955833333313,1512.1807666666666,1512.1807666666666,1512.1807666666666,833.3333333333333,0.0,2075.9073379629626,0.0
2025-09-08,0,133,22:10-22:20,675.9118666666666,0.0,0.55295,0.5363187500000001,26.119266666666817,65.2653041666666,702.0311333333334,702.0311333333334,702.0311333333334,0.0,0.0,2075.9073379629626,0.0
2025-09-08,0,134,22:20-22:30,630.98,0.0,0.5084249999999999,0.4896424107142856,27.183333333333394,59.10351250000019,1491.4966666666667,1491.4966666666667,1491.4966666666667,833.3333333333333,0.0,2825.9073379629626,0.0
2025-09-08,0,135,22:30-22:40,599.7135666666666,0.0,0.49455,0.47385267857142865,23.27993333333336,30.504758333333427,1456.326833333333,1456.326833333333,1456.326833333333,833.3333333333333,0.0,3575.9073379629626,0.0
2025-09-08,0,136,22:40-22:50,577.6603833333334,0.0,0.503075,0.4813424107142857,21.99424999999985,40.09088749999995,1432.9879666666666,1432.9879666666666,1432.9879666666666,833.3333333333333,0.0,4325.907337962963,0.0
2025-09-08,0,137,22:50-23:00,580.4416666666666,0.0,0.51375,0.4940209821428572,32.93166666666673,69.55317916666664,806.809624485597,806.809624485597,806.809624485597,193.43629115226375,0.0,4500.0,0.0
2025-09-08,0,138,23:00-23:10,632.4123666666667,0.0,0.526275,0.5131540178571429,26.72158333333323,95.52511666666632,659.1339499999999,659.1339499999999,659.1339499999999,0.0,0.0,4500.0,0.0
2025-09-08,0,139,23:10-23:20,635.6565333333333,0.0,0.5219750000000001,0.5111125000000001,14.333683333333397,97.26956249999992,649.9902166666667,649.9902166666667,649.9902166666667,0.0,0.0,4500.0,0.0
2025-09-08,0,140,23:20-23:30,594.7216666666666,0.0,0.508975,0.4955205357142858,27.248333333333335,54.36594166666649,621.9699999999999,621.9699999999999,621.9699999999999,0.0,0.0,4500.0,0.0
2025-09-08,0,141,23:30-23:40,605.1913833333333,0.0,0.5125,0.4989321428571429,17.07518333333337,58.125616666666446,622.2665666666667,622.2665666666667,622.2665666666667,0.0,0.0,4500.0,0.0
2025-09-08,0,142,23:40-23:50,598.3795666666666,0.0,0.5008999999999999,0.4845437499999999,31.924633333333418,43.06702916666657,1463.6375333333333,1463.6375333333333,1463.6375333333333,833.3333333333333,0.0,5250.0,0.0
2025-09-08,0,143,23:50-24:00,588.2516666666667,0.0,0.47595000000000004,0.45676830357142867,18.700000000000045,29.597916666666634,1440.2849999999999,1440.2849999999999,1440.2849999999999,833.3333333333333,0.0,6000.0,0.0
2025-09-09,0,0,0:00-0:10,655.3876499999999,0.0,0.47714999999999996,0.4629584821428572,21.106249999999932,54.98194583333361,676.4938999999998,676.4938999999998,676.4938999999998,0.0,0.0,6079.724959953704,0.0
2025-09-09,0,1,0:10-0:20,655.04995,0.0,0.5003,0.4869299107142857,14.322266666666678,70.3940791666669,669.3722166666666,669.3722166666666,669.3722166666666,0.0,0.0,6079.724959953704,0.0
2025-09-09,0,2,0:20-0:30,588.8149999999999,0.0,0.51975,0.5016446428571428,26.191666666666606,74.65347916666659,615.0066666666665,615.0066666666665,615.0066666666665,0.0,0.0,6079.724959953704,0.0
2025-09-09,0,3,0:30-0:40,603.8647833333333,0.0,0.510675,0.49341473214285736,14.00353333333328,85.91453333333334,617.8683166666666,617.8683166666666,617.8683166666666,0.0,0.0,6079.724959953704,0.0
2025-09-09,0,4,0:40-0:50,617.9061166666667,0.0,0.491175,0.4732017857142857,20.179416666666725,87.12935833333341,638.0855333333334,638.0855333333334,638.0855333333334,0.0,0.0,6079.724959953704,0.0
2025-09-09,0,5,0:50-1:00,584.0966666666666,0.0,0.48229999999999995,0.4606142857142857,25.5383333333333,74.63277916666661,609.6349999999999,609.6349999999999,609.6349999999999,0.0,0.0,6079.724959953704,0.0
2025-09-09,0,6,1:00-1:10,551.6733333333333,0.0,0.489875,0.4684433035714285,30.2432,59.407508333333226,581.9165333333333,581.9165333333333,581.9165333333333,0.0,0.0,6079.724959953704,0.0
2025-09-09,0,7,1:10-1:20,570.8237999999999,0.0,0.49150000000000005,0.47296071428571435,32.294000000000096,24.261116666666283,603.1178,603.1178,603.1178,0.0,0.0,6079.724959953704,0.0
2025-09-09,0,8,1:20-1:30,619.9583333333333,0.0,0.49390000000000006,0.47713526785714294,27.796666666666738,59.9357916666666,647.755,647.755,647.755,0.0,0.0,6079.724959953704,0.0
2025-09-09,0,9,1:30-1:40,627.7184,0.0,0.521375,0.5028450892857143,11.834850000000074,62.12216250000009,639.55325,639.55325,639.55325,0.0,0.0,6079.724959953704,0.0
2025-09-09,0,10,1:40-1:50,607.1647666666667,0.0,0.525275,0.5052441964285714,12.867633333333288,52.48787500000026,620.0323999999999,620.0323999999999,620.0323999999999,0.0,0.0,6079.724959953704,0.0
2025-09-09,0,11,1:50-2:00,584.4333333333333,0.0,0.494925,0.4755325892857141,15.934999999999945,77.43477500000012,600.3683333333332,600.3683333333332,600.3683333333332,0.0,0.0,6079.724959953704,0.0
2025-09-09,0,12,2:00-2:10,574.4179333333333,0.0,0.470175,0.45209955357142856,27.017616666666754,79.82826666666651,1434.7688833333332,1434.7688833333332,1434.7688833333332,833.3333333333333,0.0,6829.724959953704,0.0
2025-09-09,0,13,2:10-2:20,581.5254333333332,0.0,0.46672500000000006,0.4498566964285716,33.46805000000006,62.47555654761888,1448.3268166666667,1448.3268166666667,1448.3268166666667,833.3333333333333,0.0,7579.724959953704,0.0
2025-09-09,0,14,2:20-2:30,590.4233333333333,0.0,0.482475,0.4677517857142855,15.023333333333312,55.239825000000025,605.4466666666666,605.4466666666666,605.4466666666666,0.0,0.0,7579.724959953704,0.0
2025-09-09,0,15,2:30-2:40,582.5887333333333,0.0,0.5020249999999999,0.49138214285714266,22.65226666666672,48.6884166666666,605.241,605.241,605.241,0.0,0.0,7579.724959953704,0.0
2025-09-09,0,16,2:40-2:50,592.7647666666667,0.0,0.5027,0.4926053571428572,20.984916666666663,67.11495833333342,613.7496833333333,613.7496833333333,613.7496833333333,0.0,0.0,7579.724959953704,0.0
2025-09-09,0,17,2:50-3:00,604.8199999999999,0.0,0.4875,0.47483526785714286,25.146666666666647,89.23512083333341,629.9666666666666,629.9666666666666,629.9666666666666,0.0,0.0,7579.724959953704,0.0
2025-09-09,0,18,3:00-3:10,570.5011833333333,0.0,0.479475,0.4663906250000001,34.021433333333334,75.19594047619054,604.5226166666666,604.5226166666666,604.5226166666666,0.0,0.0,7579.724959953704,0.0
2025-09-09,0,19,3:10-3:20,565.9684833333333,0.0,0.47402500000000003,0.45790803571428584,24.212800000000016,74.3933678571425,590.1812833333333,590.1812833333333,590.1812833333333,0.0,0.0,7579.724959953704,0.0
2025-09-09,0,20,3:20-3:30,594.0833333333333,0.0,0.476475,0.4570361607142859,16.043333333333408,84.3723744047617,1443.46,1443.46,1443.46,833.3333333333333,0.0,8329.724959953703,0.0
2025-09-09,0,21,3:30-3:40,583.9606,0.0,0.495825,0.4808013392857144,22.206983333333255,111.240325595238,606.1675833333333,606.1675833333333,606.1675833333333,0.0,0.0,8329.724959953703,0.0
2025-09-09,0,22,3:40-3:50,586.6168,0.0002023809523809524,0.4899,0.4795861607142858,14.47267619047625,84.55850833333324,601.0892738095239,601.0892738095239,601.0892738095239,0.0,0.0,8329.724959953703,0.0
2025-09-09,0,23,3:50-4:00,603.9216666666666,0.0,0.4629,0.4527459821428569,21.100000000000023,55.477499999999935,1458.355,1458.355,1458.355,833.3333333333333,0.0,9079.724959953703,0.0
2025-09-09,0,24,4:00-4:10,585.5391999999999,0.0,0.4612,0.44957723214285716,20.923178571428593,48.58805833333295,1439.795711904762,1439.795711904762,1439.795711904762,833.3333333333333,0.0,9829.724959953703,0.0
2025-09-09,0,25,4:10-4:20,591.7333166666666,0.0029833333333333326,0.46465,0.4571468749999999,30.324249999999893,59.352203571428475,866.8046278292192,866.8046278292192,866.8046278292192,244.75004449588596,0.0,10050.0,0.0
2025-09-09,0,26,4:20-4:30,627.4516666666666,0.0,0.464925,0.4616169642857145,28.458333333333485,81.46271607142859,655.9100000000001,655.9100000000001,655.9100000000001,0.0,0.0,10050.0,0.0
2025-09-09,0,27,4:30-4:40,632.1710833333333,0.0,0.4776,0.4667852678571428,21.532771428571436,85.99390773809517,653.7038547619047,653.7038547619047,653.7038547619047,0.0,0.0,10050.0,0.0
2025-09-09,0,28,4:40-4:50,618.5605666666667,0.04153571428571429,0.49717500000000003,0.48411874999999993,19.775099999999952,92.62573333333324,638.2941309523809,638.2941309523809,638.2941309523809,0.0,0.0,10050.0,0.0
2025-09-09,0,29,4:50-5:00,610.7716666666666,0.0,0.504275,0.4956642857142857,25.82333333333338,70.96720892857152,636.595,636.595,636.595,0.0,0.0,10050.0,0.0
2025-09-09,0,30,5:00-5:10,617.1526833333332,0.0,0.48687500000000006,0.47552678571428586,29.174997619047645,98.00808214285767,646.3276809523809,646.3276809523809,646.3276809523809,0.0,0.0,10050.0,0.0
2025-09-09,0,31,5:10-5:20,614.8199166666666,0.5785761904761906,0.491625,0.48578169642857144,28.1750714285713,113.09656547619062,642.4164119047617,642.4164119047617,642.4164119047617,0.0,0.0,10050.0,0.0
2025-09-09,0,32,5:20-5:30,596.675,0.0,0.47657499999999997,0.48249241071428567,26.448630952380938,169.92537083333391,623.1236309523808,623.1236309523808,623.1236309523808,0.0,0.0,10050.0,0.0
2025-09-09,0,33,5:30-5:40,594.3245666666667,0.2075047619047619,0.39592499999999997,0.4009549107142857,28.365190476190435,252.42017738095285,1455.8155857142856,1455.8155857142856,1455.8155857142856,833.3333333333333,0.0,10800.0,0.0
2025-09-09,0,34,5:40-5:50,692.8892999999999,15.013561904761907,0.578825,0.5829535714285713,37.88358095238084,322.29206964285754,715.7593190476189,715.7593190476189,715.7593190476189,0.0,-0.0,10800.0,0.0
2025-09-09,0,35,5:50-6:00,825.1483333333333,55.585714285714275,0.92165,0.9297558035714283,41.587619047619114,367.01736250000033,0.0,0.0,0.0,0.0,811.1502380952381,9898.721957671958,0.0
2025-09-09,0,36,6:00-6:10,824.8486666666665,101.7099476190476,0.9587749999999999,0.9671464285714292,42.47425714285703,384.5994559523814,0.0,0.0,0.0,0.0,765.6129761904759,9048.040873015874,0.0
2025-09-09,0,37,6:10-6:20,787.6864166666666,151.29345238095237,0.876575,0.8823008928571429,30.496759523809487,401.6412535714284,0.0,0.0,0.0,0.0,666.8897238095237,8307.052291005293,0.0
2025-09-09,0,38,6:20-6:30,790.9200000000001,204.3392857142857,0.848025,0.8515522321428574,55.05404761904765,503.7548458333331,0.0,0.0,0.0,0.0,641.6347619047621,7594.12477777778,0.0
2025-09-09,0,39,6:30-6:40,816.3624833333333,259.1333785714286,0.854725,0.8578589285714285,40.41431190476197,631.9351238095235,0.0,0.0,0.0,0.0,597.6434166666667,6930.076537037039,0.0
2025-09-09,0,40,6:40-6:50,810.2220666666667,315.2587095238095,0.8433,0.8419339285714286,45.53880238095229,668.1293720238092,0.0,0.0,0.0,0.0,540.5021595238095,6329.518582010584,0.0
2025-09-09,0,41,6:50-7:00,783.6416666666667,373.7482142857142,0.7952750000000001,0.7893151785714287,49.613273809523776,720.0764416666663,0.0,0.0,0.0,0.0,459.50672619047623,5818.955552910055,0.0
2025-09-09,0,42,7:00-7:10,797.0955,435.3736738095238,0.7417,0.7411803571428572,49.418835714285706,778.7540696428562,0.0,0.0,0.0,0.0,411.14066190476194,5362.132595238098,0.0
2025-09-09,0,43,7:10-7:20,817.4675666666667,495.6862428571429,0.7397750000000001,0.7427968750000004,37.82776666666662,832.6607529761895,0.0,0.0,0.0,0.0,359.6090904761905,4962.566939153441,0.0
2025-09-09,0,44,7:20-7:30,802.4316666666666,554.3241071428571,0.72685,0.7236651785714285,47.7030952380951,888.5476928571421,186.63521190476015,186.63521190476015,186.63521190476015,0.0,109.17544285714447,4841.260891534392,0.0
2025-09-09,0,45,7:30-7:40,766.1378833333333,612.8850261904762,0.6307749999999999,0.6163129464285714,54.68770238095232,895.4275624999993,207.94055952380938,207.94055952380938,207.94055952380938,0.0,0.0,4841.260891534392,0.0
2025-09-09,0,46,7:40-7:50,877.0695666666667,660.2276857142856,0.8193250000000001,0.8036888392857141,44.87338809523817,886.269498809523,0.0,0.0,0.0,0.0,261.71526904761924,4550.466148148148,0.0
2025-09-09,0,47,7:50-8:00,1077.8133333333333,705.6169642857142,1.1684999999999999,1.1610647321428567,38.643928571428546,857.0595148809518,0.0,0.0,0.0,0.0,410.84029761904753,4093.9769285714287,0.0
2025-09-09,0,48,8:00-8:10,1125.9613833333333,770.9248690476189,1.1591999999999998,1.1538964285714288,41.41404285714299,824.4871190476184,0.0,0.0,0.0,0.0,396.4505571428573,3653.4763095238095,0.0
2025-09-09,0,49,8:10-8:20,1094.1929666666665,834.8977238095237,1.0893,1.0794455357142856,68.17415476190479,870.8705749999992,0.0,0.0,0.0,0.0,327.46939761904775,3289.621423280423,0.0
2025-09-09,0,50,8:20-8:30,1086.8883333333333,889.0651785714286,1.1108749999999998,1.0969665178571426,76.58232142857133,938.9413999999992,0.0,0.0,0.0,0.0,274.40547619047595,2984.72644973545,0.0
2025-09-09,0,51,8:30-8:40,1127.4112166666666,944.1346023809524,1.0735,1.062257589285714,72.95586666666696,963.7003285714278,0.0,0.0,0.0,0.0,256.23248095238114,2700.023693121693,0.0
2025-09-09,0,52,8:40-8:50,1121.0461166666666,992.5484904761903,1.038775,1.0245450892857142,65.86325000000011,975.1801892857137,0.0,0.0,0.0,0.0,194.36087619047646,2484.067164021164,0.0
2025-09-09,0,53,8:50-9:00,1082.5583333333334,1029.2624999999998,1.02675,1.0056366071428573,108.06041666666681,959.0485113095235,0.0,0.0,0.0,0.0,161.35625000000027,2304.7824417989414,0.0
2025-09-09,0,54,9:00-9:10,1111.5009333333333,1059.411919047619,0.981325,0.9635656250000001,74.34143095238096,924.8730148809532,0.0,0.0,0.0,0.0,126.43044523809522,2164.304169312169,0.0
2025-09-09,0,55,9:10-9:20,1100.2036333333333,1098.5159095238096,0.934775,0.9196062500000002,58.5706595238095,867.873752380952,0.0,0.0,0.0,0.0,60.25838333333331,2097.35041005291,0.0
2025-09-09,0,56,9:20-9:30,1056.7399999999998,1142.5455357142855,0.9134500000000001,0.8984580357142857,94.55541666666659,783.2687857142851,0.0,0.0,0.0,0.0,8.749880952380863,2087.62832010582,0.0
2025-09-09,0,57,9:30-9:40,1096.96895,1173.584557142857,0.921325,0.9104486607142855,90.22309999999993,735.2284880952374,0.0,0.0,0.0,0.0,13.607492857142915,2072.5088835978836,0.0
2025-09-09,0,58,9:40-9:50,1099.2771333333333,1205.7168357142857,0.985975,0.9599776785714284,89.14932380952398,730.7231351190475,0.0,0.0,0.0,17.29037857142839,0.0,2088.0702243121696,0.0
2025-09-09,0,59,9:50-10:00,1055.335,1245.2499999999998,1.063075,1.0094249999999998,76.86619047619054,732.1240642857136,0.0,0.0,0.0,113.04880952380927,0.0,2189.8141528835977,0.0
2025-09-09,0,60,10:00-10:10,1078.07295,1282.8284833333332,1.064225,1.0038799107142855,52.53036428571386,708.6446988095238,0.0,0.0,0.0,152.22516904761937,0.0,2326.816805026455,0.0
2025-09-09,0,61,10:10-10:20,1073.29855,1310.9635761904763,1.0372500000000002,0.9820700892857143,65.1797476190477,641.3066148809523,0.0,0.0,0.0,172.48527857142858,0.0,2482.0535557407406,0.0
2025-09-09,0,62,10:20-10:30,1026.815,1332.925,1.0461,0.9925888392857143,83.85886904761901,615.1665672619044,0.0,0.0,0.0,222.2511309523809,0.0,2682.0795735978836,0.0
2025-09-09,0,63,10:30-10:40,1028.8492833333332,1359.5509476190475,1.07215,1.013265625,86.44038095238125,586.4236654761901,0.0,0.0,0.0,244.26128333333304,0.0,2901.9147285978834,0.0
2025-09-09,0,64,10:40-10:50,1053.74965,1391.0653904761905,0.859475,0.8110848214285716,86.66715714285708,569.6590976190477,0.0,0.0,0.0,250.64858333333336,0.0,3127.4984535978833,0.0
2025-09-09,0,65,10:50-11:00,1072.7733333333333,1415.2535714285716,0.516975,0.490916517857143,61.388690476190845,563.0308898809523,0.0,0.0,0.0,281.09154761904733,0.0,3380.480846455026,0.0
2025-09-09,0,66,11:00-11:10,1083.3005166666667,1418.3409976190474,0.43789999999999996,0.4178410714285713,87.444980952381,636.7281934523811,585.7378333333336,585.7378333333336,585.7378333333336,833.3333333333333,0.0,4130.480846455026,0.0
2025-09-09,0,67,11:10-11:20,1078.74805,1418.6934880952379,0.46475,0.44297008928571424,97.1908833333332,696.7639583333333,0.0,0.0,0.0,242.75455476190473,0.0,4348.95994574074,0.0
2025-09-09,0,68,11:20-11:30,1072.55,1435.6133928571428,0.462075,0.43869107142857133,93.42672619047616,756.6095714285715,0.0,0.0,0.0,269.63666666666677,0.0,4591.63294574074,0.0
2025-09-09,0,69,11:30-11:40,1080.172,1471.5026095238095,0.4505,0.4241691964285715,83.78088095238081,787.4929642857144,0.0,0.0,0.0,307.54972857142866,0.0,4868.427701455026,0.0
2025-09-09,0,70,11:40-11:50,1044.3029333333334,1491.5491404761906,0.42064999999999997,0.3930437500000001,101.12643095238067,768.1030166666667,487.21355714285664,487.21355714285664,487.21355714285664,833.3333333333333,0.0,5618.427701455026,0.0
2025-09-09,0,71,11:50-12:00,987.7433333333333,1487.3982142857142,0.38715,0.3604441964285714,95.44845238095252,739.6594386904759,429.1269047619048,429.1269047619048,429.1269047619048,833.3333333333333,0.0,6368.427701455026,0.0
2025-09-09,0,72,12:00-12:10,993.0156666666667,1480.6840595238095,0.38857499999999995,0.3630178571428571,125.58225238095235,695.6794886904761,471.24719285714286,471.24719285714286,471.24719285714286,833.3333333333333,0.0,7118.427701455026,0.0
2025-09-09,0,73,12:10-12:20,991.6020333333332,1470.521307142857,0.424525,0.4034941964285715,101.52983095238096,659.2707166666667,455.9438904761903,455.9438904761903,455.9438904761903,833.3333333333333,0.0,7868.427701455026,0.0
2025-09-09,0,74,12:20-12:30,972.415,1455.7035714285714,0.437725,0.4202348214285715,94.43113095238081,661.6168220238096,121.57395631981234,121.57395631981234,121.57395631981234,510.43139679600307,0.0,8327.81595857143,0.0
2025-09-09,0,75,12:30-12:40,998.1507333333334,1439.8238904761904,0.3994,0.3761709821428571,102.07584047619025,596.0786220238082,493.7360166666665,493.7360166666665,493.7360166666665,833.3333333333333,0.0,9077.81595857143,0.0
2025-09-09,0,76,12:40-12:50,1042.0518166666666,1423.0587952380952,0.563375,0.5357562500000002,65.73212619047649,685.5171946428562,0.0,0.0,0.0,315.2748523809521,0.0,9361.563325714285,0.0
2025-09-09,0,77,12:50-13:00,1065.4433333333332,1408.9839285714288,0.8391500000000001,0.8130593750000003,80.13374999999989,637.8878869047612,0.0,0.0,0.0,263.4068452380957,0.0,9598.629486428572,0.0
2025-09-09,0,78,13:00-13:10,1053.3434499999998,1400.0698476190476,0.863025,0.8386544642857142,82.41580952380961,623.6034553571419,0.0,0.0,0.0,264.310588095238,0.0,9836.509015714286,0.0
2025-09-09,0,79,13:10-13:20,1038.2769166666667,1378.0305857142857,0.83085,0.8051486607142856,92.68247142857149,625.2927821428565,0.0,0.0,0.0,247.07119761904755,0.0,10058.873093571428,0.0
2025-09-09,0,80,13:20-13:30,1036.0749999999998,1340.4410714285711,0.852825,0.8273178571428571,59.8795833333333,577.4098499999996,0.0,0.0,0.0,244.48648809523797,0.0,10278.910932857143,0.0
2025-09-09,0,81,13:30-13:40,1036.1195833333331,1304.5203499999998,0.8551,0.8354843750000001,91.15723333333352,485.64187142857094,0.0,0.0,0.0,177.24353333333306,0.0,10438.430112857142,0.0
2025-09-09,0,82,13:40-13:50,1035.9698666666666,1280.7091595238094,0.9406000000000001,0.9081763392857144,101.63007619047607,492.7375285714284,0.0,0.0,0.0,143.10921666666673,0.0,10567.228407857143,0.0
2025-09-09,0,83,13:50-14:00,1040.0833333333333,1255.5714285714287,1.080675,1.0233281250000001,87.37750000000005,547.0916595238093,0.0,0.0,0.0,128.11059523809536,0.0,10682.52794357143,0.0
2025-09-09,0,84,14:00-14:10,1053.0454833333333,1206.4709095238095,1.1228500000000001,1.061720535714286,53.54273095238108,568.2589845238092,0.0,0.0,0.0,99.88269523809504,0.0,10772.422369285714,0.0
2025-09-09,0,85,14:10-14:20,1061.9531666666667,1160.2869238095236,1.1286,1.0725339285714282,67.69194523809512,548.4056601190476,0.0,0.0,0.0,30.64181190476188,0.0,10800.0,0.0
2025-09-09,0,86,14:20-14:30,1053.2333333333331,1122.7267857142856,1.16365,1.1084120535714286,80.03851190476172,515.9745821428568,0.0,0.0,0.0,0.0,10.545059523809186,10788.283267195768,0.0
2025-09-09,0,87,14:30-14:40,1027.8483833333332,1075.2011309523807,1.1923,1.1355924107142858,73.68388333333328,437.7827964285702,0.0,0.0,0.0,0.0,26.331135714285892,10759.02644973545,0.0
2025-09-09,0,88,14:40-14:50,1027.8422999999998,1035.8062166666666,0.995325,0.9515343750000004,59.59528333333333,418.43029821428456,0.0,0.0,0.0,0.0,51.63136666666651,10701.658264550264,0.0
2025-09-09,0,89,14:50-15:00,1058.8133333333333,1002.6973214285714,0.7052750000000001,0.6822468749999998,71.11124999999998,389.0264029761893,127.2272619047618,127.2272619047618,127.2272619047618,0.0,0.0,10701.658264550264,0.0
2025-09-09,0,90,15:00-15:10,1083.1516166666665,953.8258166666666,0.7008000000000001,0.6821133928571431,60.68462619047605,307.4041708333325,299.2790211346272,299.2790211346272,299.2790211346272,109.26859494415112,0.0,10800.0,0.0
2025-09-09,0,91,15:10-15:20,1078.600233333333,903.3864904761905,0.7676999999999999,0.7483107142857143,56.5384142857142,286.1937464285707,231.75215714285684,231.75215714285684,231.75215714285684,0.0,0.0,10800.0,0.0
2025-09-09,0,92,15:20-15:30,1061.0666666666666,855.0357142857142,0.7664000000000001,0.7490116071428574,69.43511904761903,252.40368571428476,275.46607142857147,275.46607142857147,275.46607142857147,0.0,0.0,10800.0,0.0
2025-09-09,0,93,15:30-15:40,1069.51845,796.9924595238094,0.775475,0.7594848214285715,57.72837619047647,230.57710773809444,330.254366666667,330.254366666667,330.254366666667,0.0,0.0,10800.0,0.0
2025-09-09,0,94,15:40-15:50,1098.2997999999998,735.3539714285714,0.8335,0.8217000000000001,51.430788095238256,205.71886607142798,414.3766166666667,414.3766166666667,414.3766166666667,0.0,0.0,10800.0,0.0
2025-09-09,0,95,15:50-16:00,1093.5883333333331,679.4232142857143,0.8928,0.884473660714286,60.25880952380953,232.68433809523765,474.4239285714284,474.4239285714284,474.4239285714284,0.0,-0.0,10800.0,0.0
2025-09-09,0,96,16:00-16:10,1016.42105,633.2547761904762,0.8765499999999999,0.8639031249999999,53.48213809523804,197.45956011904735,436.6484119047618,436.6484119047618,436.6484119047618,0.0,0.0,10800.0,0.0
2025-09-09,0,97,16:10-16:20,1023.6666333333333,586.2533857142857,0.882975,0.8706236607142853,62.99529999999993,238.45402738095217,500.40854761904757,500.40854761904757,500.40854761904757,0.0,0.0,10800.0,0.0
2025-09-09,0,98,16:20-16:30,1090.35,533.5571428571428,0.9319249999999999,0.9228723214285709,58.279940476190745,207.53289583333307,615.072797619048,615.072797619048,615.072797619048,0.0,-0.0,10800.0,0.0
2025-09-09,0,99,16:30-16:40,1041.9037166666667,478.756019047619,0.9472999999999999,0.9315808035714286,34.30533095238093,145.187194047619,597.4530285714286,597.4530285714286,597.4530285714286,0.0,-0.0,10800.0,0.0
2025-09-09,0,100,16:40-16:50,1022.2799499999999,421.7947071428571,0.957775,0.9419415178571429,29.645899999999898,114.40005059523787,630.1311428571428,630.1311428571428,630.1311428571428,0.0,-0.0,10800.0,0.0
2025-09-09,0,101,16:50-17:00,1077.2366666666667,363.08928571428567,0.9869000000000001,0.9795258928571428,55.90863095238092,123.11808035714259,770.0560119047619,770.0560119047619,770.0560119047619,0.0,-0.0,10800.0,0.0
2025-09-09,0,102,17:00-17:10,1098.5589499999999,304.81120952380945,1.0251249999999998,1.0194544642857142,49.66892380952379,83.95162976190448,843.4166642857143,843.4166642857143,843.4166642857143,-0.0,0.0,10800.0,0.0
2025-09-09,0,103,17:10-17:20,1084.2213833333333,250.05307380952377,1.06155,1.054150892857143,35.243002380952476,113.02064523809466,869.411311904762,869.411311904762,869.411311904762,0.0,0.0,10800.0,0.0
2025-09-09,0,104,17:20-17:30,1074.8649999999998,198.54642857142858,1.079825,1.0705191964285716,41.53416666666669,97.85358809523774,917.852738095238,917.852738095238,917.852738095238,0.0,0.0,10800.0,0.0
2025-09-09,0,105,17:30-17:40,1083.8377333333333,147.5034357142857,1.0875750000000002,1.076222321428572,35.826669047619134,60.94205416666611,972.1609666666667,972.1609666666667,972.1609666666667,0.0,0.0,10800.0,0.0
2025-09-09,0,106,17:40-17:50,969.6485666666667,98.31713333333335,1.202325,1.1953316964285716,28.293514285714423,55.94457976190424,899.6249476190478,899.6249476190478,899.6249476190478,0.0,0.0,10800.0,0.0
2025-09-09,0,107,17:50-18:00,799.51,52.51785714285715,1.3550749999999998,1.3555571428571425,26.799464285714294,68.60572380952365,773.7916071428572,773.7916071428572,773.7916071428572,0.0,-0.0,10800.0,0.0
2025-09-09,0,108,18:00-18:10,793.66315,13.8319,1.35245,1.3526437500000004,29.76925238095248,53.72478928571408,809.6005023809524,809.6005023809524,809.6005023809524,0.0,0.0,10800.0,0.0
2025-09-09,0,109,18:10-18:20,802.5861499999999,0.047850000000000004,1.3508,1.3476767857142853,21.84811428571436,59.745819047618795,824.3864142857142,824.3864142857142,824.3864142857142,0.0,0.0,10800.0,0.0
2025-09-09,0,110,18:20-18:30,772.6216666666666,0.0,1.3900000000000001,1.3850709821428566,38.404047619047674,54.70092738095221,811.0257142857142,811.0257142857142,811.0257142857142,0.0,-0.0,10800.0,0.0
2025-09-09,0,111,18:30-18:40,801.4342833333333,0.5477666666666666,1.36725,1.3589968749999997,23.536873809523968,85.28251607142866,824.4233904761905,824.4233904761905,824.4233904761905,0.0,0.0,10800.0,0.0
2025-09-09,0,112,18:40-18:50,831.0595,0.0,1.4232500000000001,1.3948687499999994,22.795019047618894,87.01694940476222,853.8545190476189,853.8545190476189,853.8545190476189,0.0,0.0,10800.0,0.0
2025-09-09,0,113,18:50-19:00,835.02,0.0,1.55215,1.5003205357142857,29.82000000000005,64.37425535714311,31.506666666666774,31.506666666666774,31.506666666666774,0.0,833.3333333333333,9874.074074074075,0.0
2025-09-09,0,114,19:00-19:10,843.0121333333333,0.03932857142857143,1.589275,1.5410991071428572,26.556733333333227,89.44183452380975,36.19620476190471,36.19620476190471,36.19620476190471,0.0,833.3333333333333,8948.14814814815,0.0
2025-09-09,0,115,19:10-19:20,822.6754333333333,0.0,1.573575,1.5287290178571429,27.413014285714212,98.44469047619046,16.755114285714285,16.755114285714285,16.755114285714285,0.0,833.3333333333333,8022.2222222222235,0.0
2025-09-09,0,116,19:20-19:30,798.6633333333332,0.0,1.561825,1.510502232142857,25.318333333333385,62.88080833333328,0.0,0.0,0.0,0.0,823.9816666666666,7106.687037037038,0.0
2025-09-09,0,117,19:30-19:40,832.3788,0.002819047619047619,1.5682,1.5178075892857141,24.28771666666671,43.909577380952186,23.33036428571438,23.33036428571438,23.33036428571438,0.0,833.3333333333333,6180.761111111112,0.0
2025-09-09,0,118,19:40-19:50,843.38905,0.0,1.576775,1.5283781250000001,13.58312380952384,72.61468988095228,23.63884047619058,23.63884047619058,23.63884047619058,0.0,833.3333333333333,5254.835185185186,0.0
2025-09-09,0,119,19:50-20:00,816.585,0.0,1.5839999999999999,1.5356183035714277,10.18500000000006,73.83196369047627,0.0,0.0,0.0,0.0,826.7700000000001,4336.201851851853,0.0
2025-09-09,0,120,20:00-20:10,811.1530333333333,0.00016428571428571428,1.59355,1.5473374999999998,23.94684285714277,50.936695238095325,1.766378571428504,1.766378571428504,1.766378571428504,0.0,833.3333333333333,3410.2759259259265,0.0
2025-09-09,0,121,20:10-20:20,781.5261999999999,0.0,1.56415,1.517312946428571,28.095197619047553,42.98920238095246,0.0,0.0,0.0,0.0,809.6213976190475,2510.696595238096,0.0
2025-09-09,0,122,20:20-20:30,755.3566666666667,0.0,1.543425,1.492095089285714,15.99333333333334,65.99022083333332,524.7129392857134,524.7129392857134,524.7129392857134,0.0,246.63706071428658,2236.6554166666665,0.0
2025-09-09,0,123,20:30-20:40,809.5165166666667,0.0,1.58535,1.5327308035714289,28.221716666666566,76.24323630952355,4.404899999999998,4.404899999999998,4.404899999999998,0.0,833.3333333333333,1310.7294907407404,0.0
2025-09-09,0,124,20:40-20:50,822.8084166666665,0.0,1.3898249999999999,1.3527156249999999,19.999766666666574,99.65654166666647,818.2944541666666,818.2944541666666,818.2944541666666,0.0,24.51372916666646,1283.4920138888888,0.0
2025-09-09,0,125,20:50-21:00,785.975,0.0,1.066775,1.0508919642857144,26.578333333333376,75.14281249999982,820.6290843621398,820.6290843621398,820.6290843621398,8.075751028806431,0.0,1290.7601898148146,0.0
2025-09-09,0,126,21:00-21:10,802.6891499999999,0.0,1.0470000000000002,1.0314531249999999,16.0555333333333,81.68417083333316,828.8042923868314,828.8042923868314,828.8042923868314,10.059609053498155,0.0,1299.813837962963,0.0
2025-09-09,0,127,21:10-21:20,784.8795166666666,0.0,1.06025,1.0393223214285712,23.971283333333304,74.62032500000001,808.8507999999999,808.8507999999999,808.8507999999999,0.0,0.0,1299.813837962963,0.0
2025-09-09,0,128,21:20-21:30,749.0566666666666,0.0,1.024675,1.004077232142857,21.723333333333358,89.83245416666654,782.8025771604939,782.8025771604939,782.8025771604939,12.022577160493913,0.0,1310.6341574074074,0.0
2025-09-09,0,129,21:30-21:40,792.5132166666667,0.0,1.090925,1.0729352678571427,27.778633333333346,64.76561249999992,820.2918500000001,820.2918500000001,820.2918500000001,0.0,0.0,1310.6341574074074,0.0
2025-09-09,0,130,21:40-21:50,731.0669666666665,0.0,0.890475,0.8728107142857142,26.15594999999996,99.5707416666666,772.4064043209871,772.4064043209871,772.4064043209871,15.183487654320642,0.0,1324.299296296296,0.0
2025-09-09,0,131,21:50-22:00,595.4583333333333,0.0,0.523575,0.504635267857143,21.053333333333285,111.86936666666645,616.5116666666665,616.5116666666665,616.5116666666665,0.0,0.0,1324.299296296296,0.0
2025-09-09,0,132,22:00-22:10,611.2853166666666,0.0,0.496025,0.47810133928571424,16.540616666666665,75.56955833333313,1461.1592666666666,1461.1592666666666,1461.1592666666666,833.3333333333333,0.0,2074.2992962962962,0.0
2025-09-09,0,133,22:10-22:20,642.9898499999999,0.0,0.540325,0.5215642857142857,26.119266666666817,63.335654166666444,669.1091166666668,669.1091166666668,669.1091166666668,0.0,0.0,2074.2992962962962,0.0
2025-09-09,0,134,22:20-22:30,629.045,0.0,0.503125,0.48150446428571436,27.183333333333394,57.17386250000004,1489.5616666666665,1489.5616666666665,1489.5616666666665,833.3333333333333,0.0,2824.2992962962962,0.0
2025-09-09,0,135,22:30-22:40,643.0696166666667,0.0,0.50315,0.4806821428571428,23.27993333333336,28.575108333333276,1499.6828833333334,1499.6828833333334,1499.6828833333334,833.3333333333333,0.0,3574.2992962962962,0.0
2025-09-09,0,136,22:40-22:50,633.1398666666666,0.0,0.4954,0.4711517857142857,23.923900000000003,37.722904166666524,1490.3971,1490.3971,1490.3971,833.3333333333333,0.0,4324.299296296296,0.0
2025-09-09,0,137,22:50-23:00,599.875,0.0,0.47285,0.44935401785714274,32.93166666666673,69.44359583333332,1466.1399999999999,1466.1399999999999,1466.1399999999999,833.3333333333333,0.0,5074.299296296296,0.0
2025-09-09,0,138,23:00-23:10,603.4012833333334,0.0,0.48805,0.4740276785714287,26.72158333333323,95.19636666666636,1463.4561999999999,1463.4561999999999,1463.4561999999999,833.3333333333333,0.0,5824.299296296296,0.0
2025-09-09,0,139,23:10-23:20,601.95165,0.0,0.5056,0.4947772321428573,14.333683333333397,96.94081249999996,616.2853333333334,616.2853333333334,616.2853333333334,0.0,0.0,5824.299296296296,0.0
2025-09-09,0,140,23:20-23:30,599.1133333333332,0.0,0.5085,0.49270848214285706,27.248333333333335,53.92760833333321,626.3616666666666,626.3616666666666,626.3616666666666,0.0,0.0,5824.299296296296,0.0
2025-09-09,0,141,23:30-23:40,634.1195833333334,0.0,0.5135,0.49702678571428566,17.07518333333337,58.01603333333313,651.1947666666667,651.1947666666667,651.1947666666667,0.0,0.0,5824.299296296296,0.0
2025-09-09,0,142,23:40-23:50,609.2231999999999,0.0,0.507575,0.4910830357142858,31.924633333333418,53.395512499999995,641.1478333333333,641.1478333333333,641.1478333333333,0.0,0.0,5824.299296296296,0.0
2025-09-09,0,143,23:50-24:00,562.6366666666667,0.0,0.50325,0.48636383928571425,19.13833333333332,32.07458333333341,776.9980041152264,776.9980041152264,776.9980041152264,195.2230041152264,0.0,6000.0,0.0
2025-09-10,0,0,0:00-0:10,632.9665,0.0,0.527075,0.5123415178571429,20.892033333333416,55.0433125000003,653.8585333333334,653.8585333333334,653.8585333333334,0.0,0.0,6667.241678293405,0.0
2025-09-10,0,1,0:10-0:20,682.8238166666666,0.0,0.5309999999999999,0.5155924107142854,14.322266666666678,70.24122916666707,697.1460833333333,697.1460833333333,697.1460833333333,0.0,0.0,6667.241678293405,0.0
2025-09-10,0,2,0:20-0:30,649.6099999999999,0.0,0.5102249999999999,0.49130446428571417,28.09166666666647,74.50062916666676,677.7016666666664,677.7016666666664,677.7016666666664,0.0,0.0,6667.241678293405,0.0
2025-09-10,0,3,0:30-0:40,608.2314333333334,0.0,0.50925,0.4903544642857143,14.00353333333328,87.66168333333337,622.2349666666667,622.2349666666667,622.2349666666667,0.0,0.0,6667.241678293405,0.0
2025-09-10,0,4,0:40-0:50,599.1944333333333,0.0,0.52015,0.5008290178571427,18.432266666666692,88.87650833333345,617.6267,617.6267,617.6267,0.0,0.0,6667.241678293405,0.0
2025-09-10,0,5,0:50-1:00,613.0433333333333,0.0,0.521525,0.49979642857142864,25.5383333333333,74.63277916666661,638.5816666666666,638.5816666666666,638.5816666666666,0.0,0.0,6667.241678293405,0.0
2025-09-10,0,6,1:00-1:10,611.1962666666666,0.0,0.5024000000000001,0.4795419642857143,30.2432,59.407508333333226,641.4394666666666,641.4394666666666,641.4394666666666,0.0,0.0,6667.241678293405,0.0
2025-09-10,0,7,1:10-1:20,597.4109166666666,0.0,0.49062500000000003,0.4695785714285714,32.294000000000096,24.639633333333194,629.7049166666667,629.7049166666667,629.7049166666667,0.0,0.0,6667.241678293405,0.0
2025-09-10,0,8,1:20-1:30,581.9066666666666,0.0,0.49155000000000004,0.47290848214285724,27.796666666666738,61.195816666666644,609.7033333333334,609.7033333333334,609.7033333333334,0.0,0.0,6667.241678293405,0.0
2025-09-10,0,9,1:30-1:40,570.3668,0.0,0.48275,0.46319374999999996,11.834850000000074,60.91426250000015,582.2016500000001,582.2016500000001,582.2016500000001,0.0,0.0,6667.241678293405,0.0
2025-09-10,0,10,1:40-1:50,568.5129499999999,0.0,0.46185,0.44193928571428576,12.867633333333288,51.98357738095257,1006.667607451772,1006.667607451772,1006.667607451772,425.28702411843875,0.0,7050.0,0.0
2025-09-10,0,11,1:50-2:00,580.8083333333333,0.0,0.4565,0.43780357142857135,16.796666666666624,77.44527083333318,1430.938333333333,1430.938333333333,1430.938333333333,833.3333333333333,0.0,7800.0,0.0
2025-09-10,0,12,2:00-2:10,603.7204666666667,0.0,0.4915,0.4726446428571429,27.766483333333326,78.7061083333333,631.48695,631.48695,631.48695,0.0,0.0,7800.0,0.0
2025-09-10,0,13,2:10-2:20,608.5823833333333,0.0,0.487225,0.46762589285714284,28.905250000000024,55.86005773809521,637.4876333333333,637.4876333333333,637.4876333333333,0.0,0.0,7800.0,0.0
2025-09-10,0,14,2:20-2:30,596.3116666666666,0.0,0.45227500000000004,0.4343200892857144,15.023333333333312,49.16897083333339,1444.668333333333,1444.668333333333,1444.668333333333,833.3333333333333,0.0,8550.0,0.0
2025-09-10,0,15,2:30-2:40,594.7520333333333,0.0,0.47482499999999994,0.4627441964285714,20.56443333333334,50.61361666666667,615.3164666666667,615.3164666666667,615.3164666666667,0.0,0.0,8550.0,0.0
2025-09-10,0,16,2:40-2:50,596.83555,0.0,0.504925,0.4956839285714284,20.984916666666663,66.4644250000002,617.8204666666667,617.8204666666667,617.8204666666667,0.0,0.0,8550.0,0.0
2025-09-10,0,17,2:50-3:00,604.5283333333333,0.0,0.5142,0.502878125,25.146666666666647,88.5845875000002,629.675,629.675,629.675,0.0,0.0,8550.0,0.0
2025-09-10,0,18,3:00-3:10,625.0889,0.0,0.519875,0.5059446428571427,34.67196666666655,56.60849047619061,659.7608666666665,659.7608666666665,659.7608666666665,0.0,0.0,8550.0,0.0
2025-09-10,0,19,3:10-3:20,616.69605,0.0,0.4961,0.47837187500000006,24.212800000000016,67.85419583333316,640.90885,640.90885,640.90885,0.0,0.0,8550.0,0.0
2025-09-10,0,20,3:20-3:30,579.0699999999999,0.0,0.463175,0.44325089285714275,15.50666666666666,83.8449464285714,594.5766666666666,594.5766666666666,594.5766666666666,0.0,0.0,8550.0,0.0
2025-09-10,0,21,3:30-3:40,560.2655166666666,0.0,0.471275,0.45547053571428575,21.96299999999985,110.40536309523802,582.2285166666665,582.2285166666665,582.2285166666665,0.0,0.0,8550.0,0.0
2025-09-10,0,22,3:40-3:50,583.4248666666666,0.0002285714285714286,0.46449999999999997,0.45280401785714286,14.47267619047625,83.22555773809512,597.8973142857143,597.8973142857143,597.8973142857143,0.0,0.0,8550.0,0.0
2025-09-10,0,23,3:50-4:00,614.65,0.0,0.443125,0.43211383928571434,21.100000000000023,55.477499999999935,1469.0833333333333,1469.0833333333333,1469.0833333333333,833.3333333333333,0.0,9300.0,0.0
2025-09-10,0,24,4:00-4:10,597.4218999999999,0.0,0.46485,0.45391294642857144,26.15549047619038,43.256255952380485,623.5773904761903,623.5773904761903,623.5773904761903,0.0,0.0,9300.0,0.0
2025-09-10,0,25,4:10-4:20,582.8453166666666,0.0032,0.487275,0.48023883928571437,30.423740476190574,59.252713095237795,613.2658571428572,613.2658571428572,613.2658571428572,0.0,0.0,9300.0,0.0
2025-09-10,0,26,4:20-4:30,586.5433333333333,0.0,0.48462500000000003,0.48006830357142877,28.458333333333485,82.01334464285713,615.0016666666668,615.0016666666668,615.0016666666668,0.0,0.0,9300.0,0.0
2025-09-10,0,27,4:30-4:40,579.3144166666666,0.0,0.4757,0.4635566964285715,20.98214285714289,86.54453630952372,600.2965595238095,600.2965595238095,600.2965595238095,0.0,0.0,9300.0,0.0
2025-09-10,0,28,4:40-4:50,601.1536666666666,0.04457380952380952,0.48357500000000003,0.47051026785714284,19.775099999999952,92.62573333333324,620.8841928571427,620.8841928571427,620.8841928571427,0.0,0.0,9300.0,0.0
2025-09-10,0,29,4:50-5:00,635.8216666666666,0.0,0.486425,0.4783897321428571,25.82333333333338,71.46146964285724,661.645,661.645,661.645,0.0,0.0,9300.0,0.0
2025-09-10,0,30,5:00-5:10,621.2990666666667,0.0,0.45225000000000004,0.439759375,29.174997619047645,89.23153809523888,1483.8073976190476,1483.8073976190476,1483.8073976190476,833.3333333333333,0.0,10050.0,0.0
2025-09-10,0,31,5:10-5:20,606.4643166666666,0.6208880952380953,0.481825,0.4752723214285714,28.1750714285713,104.590315476191,634.0184999999998,634.0184999999998,634.0184999999998,0.0,0.0,10050.0,0.0
2025-09-10,0,32,5:20-5:30,603.1183333333333,0.0,0.512975,0.5205160714285711,27.6599404761904,157.47505654761966,630.7782738095237,630.7782738095237,630.7782738095237,0.0,0.0,10050.0,0.0
2025-09-10,0,33,5:30-5:40,591.7377333333333,0.0,0.422325,0.42859017857142867,28.365190476190435,241.18117261904803,1453.436257142857,1453.436257142857,1453.436257142857,833.3333333333333,0.0,10800.0,0.0
2025-09-10,0,34,5:40-5:50,681.1379,12.887359523809524,0.601675,0.6065156250000001,37.88358095238084,311.0530648809528,706.1341214285712,706.1341214285712,706.1341214285712,0.0,-0.0,10800.0,0.0
2025-09-10,0,35,5:50-6:00,811.9533333333334,51.666071428571435,0.96445,0.9737299107142856,41.587619047619114,355.77835773809545,0.0,0.0,0.0,0.0,801.8748809523811,9909.02791005291,0.0
2025-09-10,0,36,6:00-6:10,802.7420166666667,97.09294285714284,0.995125,1.0043915178571428,41.26759523809517,373.3604511904765,0.0,0.0,0.0,0.0,746.916669047619,9079.120499999999,0.0
2025-09-10,0,37,6:10-6:20,781.07825,147.22649047619046,0.8911749999999999,0.8970924107142857,28.515069047619022,389.1955869047617,0.0,0.0,0.0,0.0,662.3668285714286,8343.157357142856,0.0
2025-09-10,0,38,6:20-6:30,803.3066666666666,201.0678571428571,0.84425,0.8474124999999997,55.05404761904765,489.32748869047583,0.0,0.0,0.0,0.0,657.2928571428572,7612.83196031746,0.0
2025-09-10,0,39,6:30-6:40,797.99965,256.0899976190476,0.8429,0.8454816964285712,40.41431190476197,617.5077666666664,0.0,0.0,0.0,0.0,582.3239642857143,6965.805333333333,0.0
2025-09-10,0,40,6:40-6:50,784.6208666666666,314.924688095238,0.828325,0.8266321428571428,45.53880238095229,653.7020148809521,0.0,0.0,0.0,0.0,515.234980952381,6393.322021164021,0.0
2025-09-10,0,41,6:50-7:00,789.0616666666666,376.92410714285717,0.7883749999999999,0.7824281249999998,49.613273809523776,705.649084523809,0.0,0.0,0.0,0.0,461.7508333333332,5880.265539682539,0.0
2025-09-10,0,42,7:00-7:10,811.6317333333333,437.5908714285714,0.760225,0.7599910714285717,49.418835714285706,764.3267124999991,0.0,0.0,0.0,0.0,423.4596976190476,5409.754764550265,0.0
2025-09-10,0,43,7:10-7:20,822.9104333333332,495.50026428571437,0.7515000000000001,0.7563776785714288,43.12524285714278,824.1905351190467,0.0,0.0,0.0,0.0,370.53541190476165,4998.048751322752,0.0
2025-09-10,0,44,7:20-7:30,804.2633333333333,551.5848214285713,0.712,0.7122839285714286,56.832976190476074,881.499391666666,0.0,0.0,0.0,0.0,309.51148809523806,4654.147097883599,0.0
2025-09-10,0,45,7:30-7:40,784.2345499999999,606.9668547619048,0.628475,0.6162669642857141,54.68770238095232,897.4132755952375,148.46014761904576,148.46014761904576,148.46014761904576,0.0,83.49525000000166,4561.374597883597,0.0
2025-09-10,0,46,7:40-7:50,897.7696666666667,657.8621952380952,0.8122,0.7973955357142859,44.87338809523817,890.3513541666658,0.0,0.0,0.0,0.0,284.7808595238097,4244.9514206349195,0.0
2025-09-10,0,47,7:50-8:00,1073.5666666666666,710.3508928571429,1.149375,1.142698660714286,38.643928571428546,861.5298071428565,0.0,0.0,0.0,0.0,401.8597023809524,3798.440640211639,0.0
2025-09-10,0,48,8:00-8:10,1092.5273499999998,775.863680952381,1.185925,1.1818446428571427,41.41404285714299,834.1506547619036,0.0,0.0,0.0,0.0,358.0777119047618,3400.576515873015,0.0
2025-09-10,0,49,8:10-8:20,1069.3157999999999,843.2049880952379,1.1235249999999999,1.1155580357142858,68.17415476190479,884.5326291666656,0.0,0.0,0.0,0.0,294.28496666666683,3073.5932195767186,0.0
2025-09-10,0,50,8:20-8:30,1075.9883333333332,904.5455357142856,1.1113750000000002,1.0994366071428572,76.58232142857133,952.6034541666656,0.0,0.0,0.0,0.0,248.0251190476189,2798.0097539682533,0.0
2025-09-10,0,51,8:30-8:40,1070.2991333333332,961.0015190476189,1.09135,1.0807736607142857,72.95586666666696,977.3623827380942,0.0,0.0,0.0,0.0,182.2534809523812,2595.5058862433852,0.0
2025-09-10,0,52,8:40-8:50,1066.6126666666667,1012.6558785714285,1.06325,1.0484276785714286,65.86325000000011,988.8422434523801,0.0,0.0,0.0,0.0,119.82003809523826,2462.3725105820095,0.0
2025-09-10,0,53,8:50-9:00,1081.1866666666665,1053.874107142857,1.0351499999999998,1.0135946428571427,108.06041666666681,977.0912261904753,0.0,0.0,0.0,0.0,135.37297619047627,2311.9580925925916,0.0
2025-09-10,0,54,9:00-9:10,1107.6141499999999,1080.794169047619,1.0073,0.990720535714286,74.34143095238096,965.168248214285,0.0,0.0,0.0,0.0,101.16141190476174,2199.556523809523,0.0
2025-09-10,0,55,9:10-9:20,1105.76065,1116.6924452380954,0.983525,0.9700209821428573,58.5706595238095,899.6008714285706,0.0,0.0,0.0,0.0,47.638864285714135,2146.6244523809514,0.0
2025-09-10,0,56,9:20-9:30,1078.185,1160.1580357142857,0.953325,0.9387000000000001,94.55541666666659,825.252660119047,0.0,0.0,0.0,0.0,12.582380952380845,2132.6440291005283,0.0
2025-09-10,0,57,9:30-9:40,1069.8418833333333,1188.9709261904763,0.916875,0.9050250000000001,90.22309999999993,770.2177642857137,0.0,0.0,0.0,28.905942857143145,0.0,2158.659377671957,0.0
2025-09-10,0,58,9:40-9:50,1089.9724166666665,1222.6593666666665,0.9704250000000001,0.942867410714286,89.14932380952398,758.530982738094,0.0,0.0,0.0,43.537626190475976,0.0,2197.8432412433854,0.0
2025-09-10,0,59,9:50-10:00,1106.5333333333333,1265.641964285714,1.0661749999999999,1.0106325892857142,76.86619047619054,787.1530565476191,0.0,0.0,0.0,82.24244047619027,0.0,2271.8614376719565,0.0
2025-09-10,0,60,10:00-10:10,1079.4756333333332,1301.7518333333333,1.0516,0.98831875,52.53036428571386,776.5820351190465,0.0,0.0,0.0,169.74583571428616,0.0,2424.632689814814,0.0
2025-09-10,0,61,10:10-10:20,1061.1511,1335.6371404761906,1.024625,0.9658995535714282,65.1797476190477,684.227694047618,0.0,0.0,0.0,209.3062928571428,0.0,2613.0083533862426,0.0
2025-09-10,0,62,10:20-10:30,1064.585,1367.9723214285714,1.073325,1.0157513392857145,83.85886904761901,652.1561285714273,0.0,0.0,0.0,219.52845238095233,0.0,2810.5839605290994,0.0
2025-09-10,0,63,10:30-10:40,1054.0008833333331,1392.4708547619048,1.1409,1.0764075892857143,86.44038095238125,623.4132267857129,0.0,0.0,0.0,252.02959047619038,0.0,3037.410591957671,0.0
2025-09-10,0,64,10:40-10:50,1048.4648166666666,1412.3919119047619,0.9120999999999999,0.8591388392857144,86.66715714285708,606.6486589285706,0.0,0.0,0.0,277.2599380952381,0.0,3286.9445362433853,0.0
2025-09-10,0,65,10:50-11:00,1057.4466666666667,1423.0526785714287,0.5315000000000001,0.50376875,61.388690476190845,641.9894434523802,0.0,0.0,0.0,304.21732142857127,0.0,3560.7401255290993,0.0
2025-09-10,0,66,11:00-11:10,1065.00235,1416.4286476190478,0.4851,0.46373928571428563,79.50212857142878,714.5210946428567,0.0,0.0,0.0,271.924169047619,0.0,3805.4718776719565,0.0
2025-09-10,0,67,11:10-11:20,1051.4666,1412.4543428571428,0.540675,0.5183245535714286,97.1908833333332,601.8360970238107,0.0,0.0,0.0,263.79685952380964,0.0,4042.889051243385,0.0
2025-09-10,0,68,11:20-11:30,1040.8249999999998,1428.985714285714,0.525125,0.5023754464285715,93.42672619047616,619.7219476190478,0.0,0.0,0.0,294.73398809523815,0.0,4308.149640529099,0.0
2025-09-10,0,69,11:30-11:40,1068.5042833333332,1466.1170642857144,0.498,0.4708763392857143,75.39631190476182,747.2877363095238,0.0,0.0,0.0,322.2164690476193,0.0,4598.144462671957,0.0
2025-09-10,0,70,11:40-11:50,1044.2775166666665,1491.0541476190476,0.47129999999999994,0.4413160714285711,99.57268333333343,789.2341654761901,178.55363036449182,178.55363036449182,178.55363036449182,525.7575779835396,0.0,5071.326282857142,0.0
2025-09-10,0,71,11:50-12:00,979.135,1495.324107142857,0.43710000000000004,0.40731294642857147,92.69696428571456,806.7845380952376,409.84119047619083,409.84119047619083,409.84119047619083,833.3333333333333,0.0,5821.326282857142,0.0
2025-09-10,0,72,12:00-12:10,980.3832,1497.260083333333,0.398475,0.3686629464285714,115.39525000000003,766.2208178571427,431.8517000000004,431.8517000000004,431.8517000000004,833.3333333333333,0.0,6571.326282857142,0.0
2025-09-10,0,73,12:10-12:20,1009.2338333333333,1492.8379285714284,0.41827500000000006,0.39189017857142866,98.92711666666659,755.42145952381,448.6563547619048,448.6563547619048,448.6563547619048,833.3333333333333,0.0,7321.326282857142,0.0
2025-09-10,0,74,12:20-12:30,1014.1983333333333,1476.392857142857,0.44475,0.42176651785714286,93.82970238095243,755.1648505952385,464.9685119047617,464.9685119047617,464.9685119047617,833.3333333333333,0.0,8071.326282857142,0.0
2025-09-10,0,75,12:30-12:40,988.0546166666666,1448.898757142857,0.39425,0.36656562500000006,81.22819285714274,676.627529166667,453.71738571428546,453.71738571428546,453.71738571428546,833.3333333333333,0.0,8821.326282857142,0.0
2025-09-10,0,76,12:40-12:50,995.7012833333333,1420.5805285714287,0.551975,0.5204513392857143,53.90694047619081,745.7080839285709,0.0,0.0,0.0,370.9723047619045,0.0,9155.201357142856,0.0
2025-09-10,0,77,12:50-13:00,1033.3333333333333,1402.04375,0.8303250000000001,0.8001406249999999,73.7593452380952,690.1336821428572,0.0,0.0,0.0,294.9510714285716,0.0,9420.65732142857,0.0
2025-09-10,0,78,13:00-13:10,1032.2486833333332,1395.587857142857,0.8368,0.8087825892857141,76.2450023809526,669.4748458333331,0.0,0.0,0.0,287.09417142857114,0.0,9679.042075714284,0.0
2025-09-10,0,79,13:10-13:20,1010.0428333333332,1378.7891666666667,0.812125,0.784163839285714,90.87433809523768,664.9933654761908,0.0,0.0,0.0,277.8719952380959,0.0,9929.12687142857,0.0
2025-09-10,0,80,13:20-13:30,1008.2466666666666,1344.9580357142854,0.874425,0.8481138392857142,58.1229166666667,612.2517458333331,0.0,0.0,0.0,278.5884523809523,0.0,10179.856478571428,0.0
2025-09-10,0,81,13:30-13:40,1045.6296,1308.4869404761905,0.907075,0.8866433035714287,86.90680714285706,499.3282041666664,0.0,0.0,0.0,175.9505333333334,0.0,10338.211958571428,0.0
2025-09-10,0,82,13:40-13:50,1048.8024166666667,1279.760307142857,0.9936,0.9583531250000001,64.8763904761903,493.94489940476205,0.0,0.0,0.0,166.08150000000023,0.0,10487.685308571428,0.0
2025-09-10,0,83,13:50-14:00,1024.3933333333332,1250.630357142857,1.1147,1.0529714285714287,84.21785714285716,511.5453446428572,0.0,0.0,0.0,142.0191666666667,0.0,10615.502558571428,0.0
2025-09-10,0,84,14:00-14:10,1044.6059166666666,1204.9219333333333,1.1407,1.0772964285714284,53.54273095238108,530.5732613095239,0.0,0.0,0.0,106.77328571428552,0.0,10711.598515714286,0.0
2025-09-10,0,85,14:10-14:20,1036.5507499999999,1162.208769047619,1.1252499999999999,1.0683964285714285,67.69194523809512,509.69970238095266,0.0,0.0,0.0,57.966073809524005,0.0,10763.767982142857,0.0
2025-09-10,0,86,14:20-14:30,1001.3233333333333,1121.6196428571427,1.15835,1.1015218749999998,80.03851190476172,478.897092857143,0.0,0.0,0.0,40.25779761904778,0.0,10800.0,0.0
2025-09-10,0,87,14:30-14:40,1017.3004333333333,1065.3387595238094,1.236675,1.177728125,75.75640714285697,397.7319660714274,0.0,0.0,0.0,0.0,27.718080952380888,10769.202132275132,0.0
2025-09-10,0,88,14:40-14:50,1030.1042499999999,1023.9520714285715,1.0500250000000002,1.0042750000000003,65.62083333333322,380.45199166666544,0.0,0.0,0.0,0.0,71.77301190476157,10689.45434126984,0.0
2025-09-10,0,89,14:50-15:00,1034.7333333333331,992.5,0.7132499999999999,0.6893544642857142,79.80940476190474,357.0736464285701,122.04273809523784,122.04273809523784,122.04273809523784,0.0,0.0,10689.45434126984,0.0
2025-09-10,0,90,15:00-15:10,1073.31955,934.5291333333332,0.676275,0.6579598214285715,60.68462619047605,284.7088440476189,322.30355255732024,322.30355255732024,322.30355255732024,122.82850970017736,0.0,10800.0,0.0
2025-09-10,0,91,15:10-15:20,1048.9711333333332,877.9521666666667,0.73295,0.7141553571428572,56.5384142857142,269.69691666666614,227.55738095238075,227.55738095238075,227.55738095238075,0.0,0.0,10800.0,0.0
2025-09-10,0,92,15:20-15:30,1002.0033333333333,832.2133928571429,0.754925,0.7376455357142857,72.08148809523794,227.93636607142741,241.8714285714284,241.8714285714284,241.8714285714284,0.0,0.0,10800.0,0.0
2025-09-10,0,93,15:30-15:40,1070.6116,777.7596476190475,0.82155,0.8057638392857142,65.33621190476212,214.8572654761896,358.1881642857146,358.1881642857146,358.1881642857146,0.0,0.0,10800.0,0.0
2025-09-10,0,94,15:40-15:50,1101.3427,719.2199166666667,0.8577999999999999,0.8457821428571426,51.430788095238256,197.60685952380882,433.55357142857156,433.55357142857156,433.55357142857156,0.0,-0.0,10800.0,0.0
2025-09-10,0,95,15:50-16:00,1056.2366666666667,663.64375,0.84305,0.8340075892857142,60.25880952380953,215.42066904761808,452.85172619047626,452.85172619047626,452.85172619047626,0.0,0.0,10800.0,0.0
2025-09-10,0,96,16:00-16:10,1051.9304333333332,613.0825714285714,0.8458,0.8334040178571429,58.54359047619039,237.283641071428,497.3914523809523,497.3914523809523,497.3914523809523,0.0,0.0,10800.0,0.0
2025-09-10,0,97,16:10-16:20,1063.87705,565.5504833333332,0.904775,0.8926526785714285,67.71999047619045,226.25181071428494,566.0465571428574,566.0465571428574,566.0465571428574,0.0,-0.0,10800.0,0.0
2025-09-10,0,98,16:20-16:30,1067.6683333333333,516.1133928571428,0.97035,0.9612147321428572,58.279940476190745,200.05536964285636,609.8348809523811,609.8348809523811,609.8348809523811,0.0,-0.0,10800.0,0.0
2025-09-10,0,99,16:30-16:40,1073.5342666666666,460.547130952381,0.957575,0.9440629464285711,35.60932857142882,137.70966785714228,648.5964642857143,648.5964642857143,648.5964642857143,0.0,0.0,10800.0,0.0
2025-09-10,0,100,16:40-16:50,1080.0221833333333,405.1006952380952,0.95425,0.9408491071428574,35.819428571428716,108.50477499999946,710.7409166666667,710.7409166666667,710.7409166666667,0.0,0.0,10800.0,0.0
2025-09-10,0,101,16:50-17:00,1079.3766666666666,351.87410714285716,0.9933250000000001,0.9867544642857142,55.90863095238092,123.27603571428537,783.4111904761903,783.4111904761903,783.4111904761903,0.0,-0.0,10800.0,0.0
2025-09-10,0,102,17:00-17:10,1068.6691,297.542719047619,1.0265749999999998,1.0227593749999995,49.66892380952379,84.00428154761875,820.7953047619047,820.7953047619047,820.7953047619047,0.0,-0.0,10800.0,0.0
2025-09-10,0,103,17:10-17:20,1075.22235,244.13686666666666,1.073075,1.0661517857142857,35.243002380952476,111.64391190476127,866.3284857142858,866.3284857142858,866.3284857142858,0.0,0.0,10800.0,0.0
2025-09-10,0,104,17:20-17:30,1112.6816666666666,192.76964285714283,1.120125,1.1085026785714285,41.052976190476215,96.97816547619018,960.9649999999999,960.9649999999999,960.9649999999999,0.0,0.0,10800.0,0.0
2025-09-10,0,105,17:30-17:40,1137.4273833333332,142.49086904761901,1.1371250000000002,1.1256584821428575,36.09725238095257,64.04202678571403,1031.0337666666667,1031.0337666666667,1031.0337666666667,0.0,-0.0,10800.0,0.0
2025-09-10,0,106,17:40-17:50,976.63845,93.49109285714286,1.214975,1.2088348214285713,36.85668333333342,59.92718095238075,920.0040404761905,920.0040404761905,920.0040404761905,0.0,-0.0,10800.0,0.0
2025-09-10,0,107,17:50-18:00,761.3466666666666,47.89642857142857,1.3328,1.332579017857143,26.799464285714294,74.28310000000008,740.2497023809523,740.2497023809523,740.2497023809523,0.0,-0.0,10800.0,0.0
2025-09-10,0,108,18:00-18:10,806.8841833333332,11.468733333333333,1.371325,1.371596428571428,19.79973333333328,60.04919761904745,815.2151833333331,815.2151833333331,815.2151833333331,0.0,-0.0,10800.0,0.0
2025-09-10,0,109,18:10-18:20,837.3354999999999,0.0,1.384725,1.3817160714285717,21.84811428571436,58.45836666666631,859.1836142857143,859.1836142857143,859.1836142857143,0.0,0.0,10800.0,0.0
2025-09-10,0,110,18:20-18:30,771.73,0.0,1.39035,1.3840174107142862,44.43797619047609,52.69113452380927,816.1679761904761,816.1679761904761,816.1679761904761,0.0,-0.0,10800.0,0.0
2025-09-10,0,111,18:30-18:40,804.3406833333333,0.564695238095238,1.36425,1.3540227678571424,23.536873809523968,89.30665178571414,827.312861904762,827.312861904762,827.312861904762,0.0,0.0,10800.0,0.0
2025-09-10,0,112,18:40-18:50,848.9683,0.0,1.4344000000000001,1.4029196428571427,22.795019047618894,87.3176065476193,871.7633190476189,871.7633190476189,871.7633190476189,0.0,0.0,10800.0,0.0
2025-09-10,0,113,18:50-19:00,844.355,0.0,1.5621749999999999,1.5051392857142853,29.82000000000005,66.32529702380964,40.84166666666681,40.84166666666681,40.84166666666681,0.0,833.3333333333333,9874.074074074075,0.0
2025-09-10,0,114,19:00-19:10,825.9045166666666,0.04054285714285714,1.5711,1.5162906250000006,26.556733333333227,94.80734880952372,19.087373809523683,19.087373809523683,19.087373809523683,0.0,833.3333333333333,8948.14814814815,0.0
2025-09-10,0,115,19:10-19:20,818.4622999999999,0.0,1.5509000000000002,1.5001026785714282,22.04750000000024,103.81020476190443,386.10829642857095,386.10829642857095,386.10829642857095,0.0,454.4015035714292,8443.25758862434,0.0
2025-09-10,0,116,19:20-19:30,803.6116666666667,0.0,1.5582,1.5028535714285713,25.318333333333385,62.88080833333328,0.0,0.0,0.0,0.0,828.9300000000001,7522.224255291006,0.0
2025-09-10,0,117,19:30-19:40,753.3289166666666,0.002907142857142857,1.557775,1.5039058035714283,24.28771666666671,43.909577380952186,0.0,0.0,0.0,0.0,777.6137261904762,6658.209003968254,0.0
2025-09-10,0,118,19:40-19:50,754.3096666666667,0.0,1.555275,1.5018160714285709,13.58312380952384,72.22272202380944,0.0,0.0,0.0,0.0,767.8927904761905,5804.994792328042,0.0
2025-09-10,0,119,19:50-20:00,808.6866666666666,0.0,1.5636,1.508855803571429,10.18500000000006,73.70130773809532,0.0,0.0,0.0,0.0,818.8716666666667,4895.137384920635,0.0
2025-09-10,0,120,20:00-20:10,822.3983833333333,0.00019047619047619048,1.5818249999999998,1.531545535714285,23.94684285714277,53.53767321428586,13.011702380952329,13.011702380952329,13.011702380952329,0.0,833.3333333333333,3969.2114589947087,0.0
2025-09-10,0,121,20:10-20:20,774.73345,0.0,1.5743999999999998,1.525726339285714,28.617821428571347,51.282125000000235,0.0,0.0,0.0,0.0,803.3512714285713,3076.598935185185,0.0
2025-09-10,0,122,20:20-20:30,742.3449999999999,0.0,1.58015,1.5268178571428568,16.531666666666638,65.45188750000003,0.0,0.0,0.0,0.0,758.8766666666666,2233.4026388888888,0.0
2025-09-10,0,123,20:30-20:40,818.81405,0.0,1.6321249999999998,1.5761370535714292,28.221716666666566,73.31573630952366,13.70243333333326,13.70243333333326,13.70243333333326,0.0,833.3333333333333,1307.476712962963,0.0
2025-09-10,0,124,20:40-20:50,861.6901666666665,0.0,1.4298,1.3894616071428565,19.999766666666574,96.72904166666657,859.2524541666663,859.2524541666663,859.2524541666663,0.0,22.437479166666797,1282.5461805555553,0.0
2025-09-10,0,125,20:50-21:00,836.2883333333332,0.0,1.082825,1.0655191964285715,26.578333333333376,74.29156249999983,870.7886111111111,870.7886111111111,870.7886111111111,7.921944444444509,0.0,1289.6759305555554,0.0
2025-09-10,0,126,21:00-21:10,838.44615,0.0,1.0279,1.0120888392857144,16.0555333333333,80.70833749999986,874.3709065843623,874.3709065843623,874.3709065843623,19.86922325102897,0.0,1307.5582314814815,0.0
2025-09-10,0,127,21:10-21:20,819.99145,0.0,1.043525,1.022289285714286,23.971283333333304,73.48532500000002,843.9627333333333,843.9627333333333,843.9627333333333,0.0,0.0,1307.5582314814815,0.0
2025-09-10,0,128,21:20-21:30,795.2749999999999,0.0,1.0347499999999998,1.0132205357142854,22.85833333333335,88.69745416666655,818.1333333333332,818.1333333333332,818.1333333333332,0.0,0.0,1307.5582314814815,0.0
2025-09-10,0,129,21:30-21:40,822.6837499999999,0.0,1.090825,1.07161875,27.778633333333346,62.689362500000016,850.4623833333333,850.4623833333333,850.4623833333333,0.0,0.0,1307.5582314814815,0.0
2025-09-10,0,130,21:40-21:50,746.5045333333334,0.0,0.876425,0.8568772321428572,26.15594999999996,96.8024083333334,787.8439709876542,787.8439709876542,787.8439709876542,15.183487654320894,0.0,1321.2233703703703,0.0
2025-09-10,0,131,21:50-22:00,611.755,0.0,0.5085249999999999,0.4873857142857142,23.821666666666488,109.10103333333325,1468.9099999999999,1468.9099999999999,1468.9099999999999,833.3333333333333,0.0,2071.2233703703705,0.0
2025-09-10,0,132,22:00-22:10,628.0070499999999,0.0,0.47795000000000004,0.4593098214285716,16.540616666666665,75.56955833333313,1477.8809999999999,1477.8809999999999,1477.8809999999999,833.3333333333333,0.0,2821.2233703703705,0.0
2025-09-10,0,133,22:10-22:20,649.3430333333333,0.0,0.5359750000000001,0.5168727678571431,26.119266666666817,63.335654166666444,675.4623000000001,675.4623000000001,675.4623000000001,0.0,0.0,2821.2233703703705,0.0
2025-09-10,0,134,22:20-22:30,613.9833333333333,0.0,0.515825,0.49326830357142853,27.183333333333394,57.17386250000004,1474.5,1474.5,1474.5,833.3333333333333,0.0,3571.2233703703705,0.0
2025-09-10,0,135,22:30-22:40,613.8885833333333,0.0,0.504975,0.4828455357142856,23.27993333333336,28.575108333333276,1470.5018499999999,1470.5018499999999,1470.5018499999999,833.3333333333333,0.0,4321.2233703703705,0.0
2025-09-10,0,136,22:40-22:50,651.5777333333333,0.0,0.514,0.4903375,23.923900000000003,33.40016666666668,1508.8349666666666,1508.8349666666666,1508.8349666666666,833.3333333333333,0.0,5071.2233703703705,0.0
2025-09-10,0,137,22:50-23:00,679.4283333333333,0.0,0.5240499999999999,0.5000245535714285,32.93166666666673,68.02790833333344,712.36,712.36,712.36,0.0,0.0,5071.2233703703705,0.0
2025-09-10,0,138,23:00-23:10,650.55405,0.0,0.5185500000000001,0.5039964285714288,26.72158333333323,93.95809166666675,677.2756333333332,677.2756333333332,677.2756333333332,0.0,0.0,5071.2233703703705,0.0
2025-09-10,0,139,23:10-23:20,621.7216,0.0,0.51765,0.5051558035714285,14.333683333333397,96.66861666666668,636.0552833333334,636.0552833333334,636.0552833333334,0.0,0.0,5071.2233703703705,0.0
2025-09-10,0,140,23:20-23:30,614.77,0.0,0.5199750000000001,0.5014227678571428,26.74666666666667,52.18820833333328,641.5166666666667,641.5166666666667,641.5166666666667,0.0,0.0,5071.2233703703705,0.0
2025-09-10,0,141,23:30-23:40,598.2357499999999,0.0,0.50655,0.4898928571428573,18.10699999999997,53.55598333333327,1449.6760833333333,1449.6760833333333,1449.6760833333333,833.3333333333333,0.0,5821.2233703703705,0.0
2025-09-10,0,142,23:40-23:50,572.3476833333333,0.0,0.509725,0.49417455357142887,31.924633333333418,49.18552916666667,802.9130162551439,802.9130162551439,802.9130162551439,198.64069958847722,0.0,6000.0,0.0
2025-09-10,0,143,23:50-24:00,555.085,0.0,0.520225,0.5024558035714285,25.428333333333285,32.095000000000056,580.5133333333333,580.5133333333333,580.5133333333333,0.0,0.0,6000.0,0.0
2025-09-11,0,0,0:00-0:10,561.7206166666666,0.0,0.49555000000000005,0.4786401785714286,20.665516666666576,42.88316250000051,582.3861333333332,582.3861333333332,582.3861333333332,0.0,0.0,6278.400925416666,0.0
2025-09-11,0,1,0:10-0:20,562.0233499999999,0.0,0.47850000000000004,0.4601549107142859,14.322266666666678,58.120745833333814,576.3456166666666,576.3456166666666,576.3456166666666,0.0,0.0,6278.400925416666,0.0
2025-09-11,0,2,0:20-0:30,558.5016666666667,0.0,0.493475,0.4723540178571429,28.09166666666647,61.16515833333355,586.5933333333331,586.5933333333331,586.5933333333331,0.0,0.0,6278.400925416666,0.0
2025-09-11,0,3,0:30-0:40,579.7403666666667,0.0,0.51845,0.5006517857142856,14.00353333333328,78.55922083333346,593.7438999999999,593.7438999999999,593.7438999999999,0.0,0.0,6278.400925416666,0.0
2025-09-11,0,4,0:40-0:50,584.2059833333333,0.0,0.5096499999999999,0.4915816964285713,20.179416666666725,86.55680416666675,604.3854,604.3854,604.3854,0.0,0.0,6278.400925416666,0.0
2025-09-11,0,5,0:50-1:00,567.9033333333333,0.0,0.47869999999999996,0.45571562499999996,35.91166666666652,69.45630833333342,603.8149999999998,603.8149999999998,603.8149999999998,0.0,0.0,6278.400925416666,0.0
2025-09-11,0,6,1:00-1:10,570.6098166666666,0.0,0.4749,0.4515562499999999,30.2432,59.606395833333295,624.8519884259268,624.8519884259268,624.8519884259268,23.998971759260208,0.0,6300.0,0.0
2025-09-11,0,7,1:10-1:20,585.0094833333333,0.0,0.4611,0.4401066964285715,32.294000000000096,47.77879583333325,1450.6368166666666,1450.6368166666666,1450.6368166666666,833.3333333333333,0.0,7050.0,0.0
2025-09-11,0,8,1:20-1:30,592.1099999999999,0.0,0.447425,0.428329017857143,31.646666666666647,76.8090791666666,1457.0899999999997,1457.0899999999997,1457.0899999999997,833.3333333333333,0.0,7800.0,0.0
2025-09-11,0,9,1:30-1:40,583.4702333333332,0.0,0.480975,0.4623535714285713,12.844799999999964,72.4395476190476,596.3150333333332,596.3150333333332,596.3150333333332,0.0,0.0,7800.0,0.0
2025-09-11,0,10,1:40-1:50,587.7019,0.0,0.48455000000000004,0.4663830357142858,18.15883333333329,51.1028511904762,605.8607333333333,605.8607333333333,605.8607333333333,0.0,0.0,7800.0,0.0
2025-09-11,0,11,1:50-2:00,589.8299999999999,0.0,0.4576,0.439507142857143,16.796666666666624,83.37529999999967,1439.9599999999998,1439.9599999999998,1439.9599999999998,833.3333333333333,0.0,8550.0,0.0
2025-09-11,0,12,2:00-2:10,554.4699333333333,0.0,0.4757,0.45569821428571433,27.017616666666754,83.84065416666655,581.48755,581.48755,581.48755,0.0,0.0,8550.0,0.0
2025-09-11,0,13,2:10-2:20,570.1637,0.0,0.48684999999999995,0.4656683035714285,25.540849999999978,52.55909345238095,595.7045499999999,595.7045499999999,595.7045499999999,0.0,0.0,8550.0,0.0
2025-09-11,0,14,2:20-2:30,624.9716666666666,0.0,0.4844,0.465399107142857,12.706666666666706,51.485637499999996,637.6783333333333,637.6783333333333,637.6783333333333,0.0,0.0,8550.0,0.0
2025-09-11,0,15,2:30-2:40,616.1158166666667,0.0,0.51085,0.4972401785714289,20.56443333333334,50.61361666666667,636.68025,636.68025,636.68025,0.0,0.0,8550.0,0.0
2025-09-11,0,16,2:40-2:50,602.3331499999999,0.0,0.49512500000000004,0.48379241071428564,20.984916666666663,66.4644250000002,623.3180666666666,623.3180666666666,623.3180666666666,0.0,0.0,8550.0,0.0
2025-09-11,0,17,2:50-3:00,608.9566666666666,0.0,0.4538,0.44106383928571413,25.146666666666647,88.5845875000002,1467.4366666666665,1467.4366666666665,1467.4366666666665,833.3333333333333,0.0,9300.0,0.0
2025-09-11,0,18,3:00-3:10,599.6280833333333,0.0,0.47795,0.4647093749999999,34.67196666666655,56.764323809523916,634.3000499999998,634.3000499999998,634.3000499999998,0.0,0.0,9300.0,0.0
2025-09-11,0,19,3:10-3:20,591.1165166666666,0.0,0.4939,0.4777075892857143,24.212800000000016,71.4096880952379,615.3293166666666,615.3293166666666,615.3293166666666,0.0,0.0,9300.0,0.0
2025-09-11,0,20,3:20-3:30,590.5683333333333,0.0,0.48545000000000005,0.46607276785714297,14.88333333333344,84.35410059523795,605.4516666666667,605.4516666666667,605.4516666666667,0.0,0.0,9300.0,0.0
2025-09-11,0,21,3:30-3:40,586.1225833333333,0.0,0.507,0.49099598214285695,21.96299999999985,110.06205178571429,608.0855833333331,608.0855833333331,608.0855833333331,0.0,0.0,9300.0,0.0
2025-09-11,0,22,3:40-3:50,584.48145,0.0002,0.498975,0.48773080357142845,15.89493333333337,83.13625119047612,600.3761833333334,600.3761833333334,600.3761833333334,0.0,0.0,9300.0,0.0
2025-09-11,0,23,3:50-4:00,589.6783333333333,0.0,0.46649999999999997,0.4563473214285715,21.100000000000023,55.477499999999935,610.7783333333333,610.7783333333333,610.7783333333333,0.0,0.0,9300.0,0.0
2025-09-11,0,24,4:00-4:10,598.4975,0.0,0.482425,0.47009062499999993,20.923178571428593,40.15998511904746,619.4206785714285,619.4206785714285,619.4206785714285,0.0,0.0,9300.0,0.0
2025-09-11,0,25,4:10-4:20,608.6666166666666,0.0030642857142857143,0.51575,0.5067928571428574,30.324249999999893,59.352203571428475,638.9878023809523,638.9878023809523,638.9878023809523,0.0,0.0,9300.0,0.0
2025-09-11,0,26,4:20-4:30,610.4716666666666,0.0,0.515675,0.5110946428571428,28.458333333333485,83.37475892857134,638.9300000000001,638.9300000000001,638.9300000000001,0.0,0.0,9300.0,0.0
2025-09-11,0,27,4:30-4:40,595.5558666666666,0.0,0.465375,0.4536513392857143,20.98214285714289,96.71466309523858,616.5380095238095,616.5380095238095,616.5380095238095,0.0,0.0,9300.0,0.0
2025-09-11,0,28,4:40-4:50,590.90005,0.04267857142857143,0.4506,0.436617857142857,19.775099999999952,135.34858571428572,1443.9658047619046,1443.9658047619046,1443.9658047619046,833.3333333333333,0.0,10050.0,0.0
2025-09-11,0,29,4:50-5:00,606.6066666666666,0.0,0.47819999999999996,0.46805714285714267,25.82333333333338,136.61069523809547,632.43,632.43,632.43,0.0,0.0,10050.0,0.0
2025-09-11,0,30,5:00-5:10,626.4163833333333,0.0,0.48005,0.4663013392857143,29.174997619047645,187.46283809523845,655.591380952381,655.591380952381,655.591380952381,0.0,0.0,10050.0,0.0
2025-09-11,0,31,5:10-5:20,632.3108166666666,0.5944761904761904,0.49895,0.49079330357142864,25.248552380952333,217.79068750000036,656.9648928571428,656.9648928571428,656.9648928571428,0.0,0.0,10050.0,0.0
2025-09-11,0,32,5:20-5:30,617.4,0.0,0.490475,0.4953915178571428,27.6599404761904,317.966170238096,645.0599404761904,645.0599404761904,645.0599404761904,0.0,0.0,10050.0,0.0
2025-09-11,0,33,5:30-5:40,603.3719,0.0,0.40442500000000003,0.41004508928571454,28.365190476190435,482.7372065476193,1465.0704238095236,1465.0704238095236,1465.0704238095236,833.3333333333333,0.0,10800.0,0.0
2025-09-11,0,34,5:40-5:50,675.0009833333334,10.75030476190476,0.6043499999999999,0.6097392857142859,37.88358095238084,542.5148827380955,702.1342595238094,702.1342595238094,702.1342595238094,0.0,-0.0,10800.0,0.0
2025-09-11,0,35,5:50-6:00,794.23,46.648214285714275,0.9679,0.9767415178571425,41.587619047619114,553.8576625000003,0.0,0.0,0.0,0.0,789.1694047619048,9923.145105820106,0.0
2025-09-11,0,36,6:00-6:10,827.5141666666666,91.36985476190475,0.98175,0.9899339285714284,40.40620476190469,593.9368505952384,0.0,0.0,0.0,0.0,776.5505166666666,9060.311198412699,0.0
2025-09-11,0,37,6:10-6:20,812.1971833333333,139.81923333333333,0.9159499999999999,0.9214517857142855,31.703814285714316,585.4436886904766,0.0,0.0,0.0,0.0,704.0817642857144,8277.998126984128,0.0
2025-09-11,0,38,6:20-6:30,805.3383333333333,191.68749999999994,0.918775,0.9223169642857141,55.39869047619038,550.5353333333338,0.0,0.0,0.0,0.0,669.0495238095236,7534.609767195769,0.0
2025-09-11,0,39,6:30-6:40,822.6921833333333,248.03836428571424,0.864,0.8661763392857144,40.81960238095235,624.0315315476195,0.0,0.0,0.0,0.0,615.4734214285714,6850.750410052911,0.0
2025-09-11,0,40,6:40-6:50,815.9777999999999,305.3625023809524,0.82165,0.8199959821428574,45.89914523809534,706.8851142857145,0.0,0.0,0.0,0.0,556.5144428571429,6232.401029100531,0.0
2025-09-11,0,41,6:50-7:00,791.0216666666666,362.32321428571424,0.809375,0.8053392857142855,51.21244047619041,778.4038452380954,0.0,0.0,0.0,0.0,479.9108928571428,5699.166703703705,0.0
2025-09-11,0,42,7:00-7:10,801.75065,419.72903095238087,0.7684,0.7704906250000002,52.02557380952362,810.7822815476197,0.0,0.0,0.0,0.0,434.0471928571427,5216.892044973546,0.0
2025-09-11,0,43,7:10-7:20,815.7916833333334,473.9317119047619,0.74885,0.7548830357142854,52.007376190476066,842.6760357142862,195.8565708333319,195.8565708333319,195.8565708333319,0.0,198.01077678571562,4996.880070767195,0.0
2025-09-11,0,44,7:20-7:30,794.0283333333333,527.8223214285713,0.722675,0.722780357142857,58.386666666666656,858.7360684523812,324.5926785714287,324.5926785714287,324.5926785714287,0.0,0.0,4996.880070767195,0.0
2025-09-11,0,45,7:30-7:40,758.1295,587.0990857142856,0.64865,0.6364102678571426,54.68770238095232,860.0445380952381,225.71811666666667,225.71811666666667,225.71811666666667,0.0,0.0,4996.880070767195,0.0
2025-09-11,0,46,7:40-7:50,896.4174666666665,638.9498095238094,0.8366499999999999,0.8228098214285712,45.809145238095084,935.3870023809523,0.0,0.0,0.0,0.0,303.2768023809522,4659.9058458994705,0.0
2025-09-11,0,47,7:50-8:00,1118.1366666666665,689.0946428571428,1.17625,1.1710526785714281,54.37446428571428,956.1200488095237,0.0,0.0,0.0,0.0,483.41648809523804,4122.776414682539,0.0
2025-09-11,0,48,8:00-8:10,1127.47685,756.1926023809524,1.209625,1.2064424107142855,50.59351190476201,951.8015964285718,0.0,0.0,0.0,0.0,421.8777595238096,3654.023348544973,0.0
2025-09-11,0,49,8:10-8:20,1083.1440499999999,818.8369785714285,1.11965,1.113484375,68.65386904761908,940.7175595238097,0.0,0.0,0.0,0.0,332.96094047619044,3284.0667480158727,0.0
2025-09-11,0,50,8:20-8:30,1089.3516666666665,871.6616071428572,1.0766499999999999,1.0678620535714287,78.83345238095251,892.9932142857148,0.0,0.0,0.0,0.0,296.5235119047619,2954.596179232804,0.0
2025-09-11,0,51,8:30-8:40,1089.6084833333332,929.6340261904761,1.064025,1.0549513392857146,75.408673809524,834.4366005952381,0.0,0.0,0.0,0.0,235.38313095238118,2693.0593670634917,0.0
2025-09-11,0,52,8:40-8:50,1072.1437166666665,984.0650738095237,1.0345499999999999,1.0209589285714282,79.24043095238079,848.369268452381,0.0,0.0,0.0,0.0,167.31907380952362,2507.14928505291,0.0
2025-09-11,0,53,8:50-9:00,1060.1183333333333,1025.930357142857,0.993575,0.9744758928571429,114.60845238095217,849.9954321428569,0.0,0.0,0.0,0.0,148.79642857142858,2341.8199199735445,0.0
2025-09-11,0,54,9:00-9:10,1083.3633499999999,1056.5169309523808,0.9848,0.9691687499999999,80.6732047619048,837.6417386904766,0.0,0.0,0.0,0.0,107.51962380952386,2222.353671296296,0.0
2025-09-11,0,55,9:10-9:20,1111.9570333333331,1093.935661904762,0.9718499999999999,0.9582669642857142,59.667261904761894,784.4645636904762,0.0,0.0,0.0,0.0,77.6886333333332,2136.0329675925923,0.0
2025-09-11,0,56,9:20-9:30,1124.1999999999998,1138.8375,0.93875,0.9249102678571425,100.4824404761905,731.695678571429,0.0,0.0,0.0,0.0,85.84494047619023,2040.6497003968252,0.0
2025-09-11,0,57,9:30-9:40,1117.4524666666666,1175.8949261904759,0.918575,0.9079200892857143,93.30766666666659,725.7602333333334,0.0,0.0,0.0,0.0,34.865207142857344,2001.910581349206,0.0
2025-09-11,0,58,9:40-9:50,1074.6248166666664,1211.7998714285714,0.972475,0.9438598214285713,92.20416428571423,721.7195232142856,0.0,0.0,0.0,44.97089047619056,0.0,2042.3843827777775,0.0
2025-09-11,0,59,9:50-10:00,1041.065,1248.2473214285715,1.069,1.0100526785714286,90.73761904761925,716.3827744047614,0.0,0.0,0.0,116.4447023809521,0.0,2147.1846149206344,0.0
2025-09-11,0,60,10:00-10:10,1086.88585,1279.6000976190476,1.101075,1.036399107142857,63.02814999999987,696.3864666666666,0.0,0.0,0.0,129.6860976190478,0.0,2263.9021027777776,0.0
2025-09-11,0,61,10:10-10:20,1120.0662166666666,1313.4938285714284,1.05825,0.9981580357142859,74.40513333333342,636.2338255952379,0.0,0.0,0.0,119.02247857142834,0.0,2371.022333492063,0.0
2025-09-11,0,62,10:20-10:30,1099.125,1352.9151785714284,1.032675,0.9706883928571427,93.69505952380928,622.654998214286,0.0,0.0,0.0,160.09511904761916,0.0,2515.10794063492,0.0
2025-09-11,0,63,10:30-10:40,1071.9944666666665,1391.293330952381,1.08725,1.0178075892857144,99.32178095238123,628.1553255952382,0.0,0.0,0.0,219.9770833333332,0.0,2713.08731563492,0.0
2025-09-11,0,64,10:40-10:50,1074.4289333333331,1416.540542857143,0.8832500000000001,0.827590625,86.88330952380954,624.5093559523813,0.0,0.0,0.0,255.22830000000022,0.0,2942.79278563492,0.0
2025-09-11,0,65,10:50-11:00,1078.4666666666667,1423.7473214285715,0.5251,0.4968991071428572,97.4755357142858,601.4091226190475,0.0,0.0,0.0,247.80511904761897,0.0,3165.817392777777,0.0
2025-09-11,0,66,11:00-11:10,1034.8274666666666,1419.4442714285715,0.4838,0.46118392857142865,87.444980952381,687.4646595238094,535.0787715167522,535.0787715167522,535.0787715167522,832.2505953262761,0.0,3914.8429285714255,0.0
2025-09-11,0,67,11:10-11:20,1041.7012666666665,1421.5005404761905,0.52905,0.504544642857143,97.1908833333332,745.5903440476188,0.0,0.0,0.0,282.60839047619083,0.0,4169.1904799999975,0.0
2025-09-11,0,68,11:20-11:30,1100.4283333333333,1438.0767857142857,0.50145,0.47738571428571414,93.42672619047616,795.9265357142856,0.0,0.0,0.0,244.22172619047637,0.0,4388.9900335714265,0.0
2025-09-11,0,69,11:30-11:40,1103.4695833333333,1462.6866595238093,0.47415,0.4473209821428572,75.39631190476182,838.7045714285715,549.5125690476191,549.5125690476191,549.5125690476191,833.3333333333333,0.0,5138.9900335714265,0.0
2025-09-11,0,70,11:40-11:50,1047.0120166666666,1480.4946571428568,0.44405000000000006,0.41466964285714303,99.57268333333343,840.8777303571429,499.42337619047635,499.42337619047635,499.42337619047635,833.3333333333333,0.0,5888.9900335714265,0.0
2025-09-11,0,71,11:50-12:00,994.5083333333333,1484.6919642857142,0.432025,0.40201473214285705,94.67660714285682,841.4265327380953,437.8263095238092,437.8263095238092,437.8263095238092,833.3333333333333,0.0,6638.9900335714265,0.0
2025-09-11,0,72,12:00-12:10,1011.5187166666666,1480.182864285714,0.47745000000000004,0.44719375,115.39525000000003,831.9413565476186,480.06443571428576,480.06443571428576,480.06443571428576,833.3333333333333,0.0,7388.9900335714265,0.0
2025-09-11,0,73,12:10-12:20,1016.8563,1477.7787547619048,0.5127250000000001,0.484585267857143,96.66948095238104,823.1602309523805,0.0,0.0,0.0,364.25297380952384,0.0,7716.8177099999975,0.0
2025-09-11,0,74,12:20-12:30,988.9766666666666,1466.074107142857,0.48057500000000003,0.4552299107142856,93.82970238095243,855.7327833333331,450.0655952380953,450.0655952380953,450.0655952380953,833.3333333333333,0.0,8466.817709999998,0.0
2025-09-11,0,75,12:30-12:40,987.1338333333333,1424.8009142857145,0.417,0.39050401785714284,102.07584047619025,831.1300898809523,497.7420928571423,497.7420928571423,497.7420928571423,833.3333333333333,0.0,9216.817709999998,0.0
2025-09-11,0,76,12:40-12:50,1007.0965166666666,1390.890669047619,0.56345,0.5338285714285714,53.90694047619081,797.7521684523803,0.0,0.0,0.0,329.88721190476167,0.0,9513.716200714283,0.0
2025-09-11,0,77,12:50-13:00,1036.565,1377.4589285714285,0.829,0.7984955357142856,73.7593452380952,824.0339267857125,0.0,0.0,0.0,267.13458333333324,0.0,9754.137325714284,0.0
2025-09-11,0,78,13:00-13:10,1065.1621666666665,1363.9062047619045,0.86875,0.841946875,82.41580952380961,820.2868434523792,0.0,0.0,0.0,216.32822857142833,0.0,9948.832731428569,0.0
2025-09-11,0,79,13:10-13:20,1057.1760833333333,1348.002738095238,0.8483750000000001,0.8228598214285715,92.68247142857149,739.4922285714268,0.0,0.0,0.0,198.14418333333333,0.0,10127.16249642857,0.0
2025-09-11,0,80,13:20-13:30,1025.9683333333332,1326.3892857142855,0.8669,0.8422276785714287,59.8795833333333,664.6522458333322,0.0,0.0,0.0,240.5413690476189,0.0,10343.649728571427,0.0
2025-09-11,0,81,13:30-13:40,1024.3037166666666,1292.9765595238096,0.866375,0.8471758928571428,91.15723333333352,568.9841208333321,0.0,0.0,0.0,177.51560952380942,0.0,10503.413777142856,0.0
2025-09-11,0,82,13:40-13:50,1040.6548666666665,1254.9998809523809,0.9469749999999999,0.9116888392857142,101.63007619047607,558.0586315476183,0.0,0.0,0.0,112.71493809523827,0.0,10604.85722142857,0.0
2025-09-11,0,83,13:50-14:00,1049.4016666666666,1215.5928571428572,1.07465,1.0113089285714285,88.4495238095238,572.5827982142857,0.0,0.0,0.0,77.74166666666679,0.0,10674.824721428571,0.0
2025-09-11,0,84,14:00-14:10,1035.0961666666667,1174.5778452380953,1.09765,1.0329339285714283,61.865845238095375,505.4689708333327,0.0,0.0,0.0,77.61583333333328,0.0,10744.678971428571,0.0
2025-09-11,0,85,14:10-14:20,1012.90965,1147.0692023809522,1.094025,1.0355276785714282,74.18846904761904,492.91852619047575,0.0,0.0,0.0,59.97108333333313,0.0,10798.65294642857,0.0
2025-09-11,0,86,14:20-14:30,1012.27,1118.7705357142856,1.1513,1.0914174107142858,105.00380952380925,468.61244047619,0.0,0.0,0.0,1.4967261904764655,0.0,10800.0,0.0
2025-09-11,0,87,14:30-14:40,1047.68995,1060.6958047619046,1.230825,1.1684785714285713,84.35801666666657,411.1818654761897,0.0,0.0,0.0,0.0,71.35216190476194,10720.71982010582,0.0
2025-09-11,0,88,14:40-14:50,1051.4772166666667,1015.8421452380951,1.014825,0.9659852678571429,69.72756190476196,395.58072559523623,0.0,0.0,0.0,0.0,105.3626333333334,10603.650227513228,0.0
2025-09-11,0,89,14:50-15:00,1025.8,988.175,0.6622,0.6359196428571429,79.80940476190474,376.30910892856963,335.6008186360959,335.6008186360959,335.6008186360959,218.16641387419116,0.0,10800.0,0.0
2025-09-11,0,90,15:00-15:10,1038.54955,938.1800357142856,0.67535,0.6559816964285714,51.981314285714234,310.9166547619042,152.35082857142856,152.35082857142856,152.35082857142856,0.0,0.0,10800.0,0.0
2025-09-11,0,91,15:10-15:20,1059.6189333333332,881.2591380952379,0.7608,0.7419080357142857,55.24672142857162,284.83907023809434,233.60651666666695,233.60651666666695,233.60651666666695,0.0,0.0,10800.0,0.0
2025-09-11,0,92,15:20-15:30,1057.2383333333332,830.3598214285713,0.7484000000000001,0.7307825892857146,72.08148809523794,244.7080988095226,298.9599999999999,298.9599999999999,298.9599999999999,0.0,0.0,10800.0,0.0
2025-09-11,0,93,15:30-15:40,1034.2638,780.9794023809523,0.7637499999999999,0.746364732142857,57.72837619047647,228.70772619047526,311.0127738095241,311.0127738095241,311.0127738095241,0.0,0.0,10800.0,0.0
2025-09-11,0,94,15:40-15:50,1034.7950833333332,726.431492857143,0.804,0.7901464285714289,51.430788095238256,204.03579345238023,359.7943785714285,359.7943785714285,359.7943785714285,0.0,-0.0,10800.0,0.0
2025-09-11,0,95,15:50-16:00,1068.9366666666665,667.8705357142857,0.8527,0.8427941964285713,60.25880952380953,225.39312083333238,461.32494047619036,461.32494047619036,461.32494047619036,0.0,-0.0,10800.0,0.0
2025-09-11,0,96,16:00-16:10,1096.14285,613.2749666666666,0.9046500000000001,0.8918058035714288,53.48213809523804,247.2560928571423,536.3500214285714,536.3500214285714,536.3500214285714,0.0,-0.0,10800.0,0.0
2025-09-11,0,97,16:10-16:20,1054.7692,564.8446404761905,0.912175,0.8993120535714285,62.99529999999993,231.1628101190469,552.9198595238092,552.9198595238092,552.9198595238092,0.0,-0.0,10800.0,0.0
2025-09-11,0,98,16:20-16:30,999.5116666666665,517.175,0.8992,0.8892638392857142,58.279940476190745,200.2416785714278,540.6166071428572,540.6166071428572,540.6166071428572,0.0,0.0,10800.0,0.0
2025-09-11,0,99,16:30-16:40,1045.0768666666665,462.43152619047623,0.94175,0.9285973214285711,35.60932857142882,138.26859464285658,618.2546690476192,618.2546690476192,618.2546690476192,0.0,-0.0,10800.0,0.0
2025-09-11,0,100,16:40-16:50,1068.9250666666667,407.01252619047614,0.9958750000000001,0.9837964285714288,35.819428571428716,109.2500107142852,697.7319690476193,697.7319690476193,697.7319690476193,0.0,-0.0,10800.0,0.0
2025-09-11,0,101,16:50-17:00,1052.465,353.5258928571428,1.02475,1.0191593750000003,55.90863095238092,124.02127142857111,754.847738095238,754.847738095238,754.847738095238,0.0,-0.0,10800.0,0.0
2025-09-11,0,102,17:00-17:10,1089.3242833333334,298.50005,1.03755,1.033375892857143,49.66892380952379,84.74951726190449,840.4931571428571,840.4931571428571,840.4931571428571,-0.0,0.0,10800.0,0.0
2025-09-11,0,103,17:10-17:20,1072.08595,243.73496904761907,1.072525,1.065059375,34.497766666666735,112.65840714285602,862.8487476190475,862.8487476190475,862.8487476190475,0.0,0.0,10800.0,0.0
2025-09-11,0,104,17:20-17:30,1033.3716666666664,190.79821428571427,1.1076,1.0959522321428574,41.052976190476215,88.7469499999996,883.6264285714285,883.6264285714285,883.6264285714285,0.0,0.0,10800.0,0.0
2025-09-11,0,105,17:30-17:40,1097.2655833333333,139.64695714285713,1.10125,1.0887508928571432,36.09725238095257,60.94026249999959,993.7158785714288,993.7158785714288,993.7158785714288,0.0,0.0,10800.0,0.0
2025-09-11,0,106,17:40-17:50,1003.2035166666666,90.41305714285716,1.192975,1.1860834821428567,36.85668333333342,56.825416666666314,949.6471428571427,949.6471428571427,949.6471428571427,0.0,0.0,10800.0,0.0
2025-09-11,0,107,17:50-18:00,800.39,45.31785714285715,1.34145,1.3418808035714285,29.599226190476315,69.20479107142822,784.6713690476191,784.6713690476191,784.6713690476191,0.0,0.0,10800.0,0.0
2025-09-11,0,108,18:00-18:10,810.3749166666666,10.263385714285713,1.357375,1.3574763392857148,27.041671428571362,55.58435773809455,827.1532023809523,827.1532023809523,827.1532023809523,0.0,0.0,10800.0,0.0
2025-09-11,0,109,18:10-18:20,823.9366833333333,0.0,1.3605,1.3552299107142858,21.84811428571436,64.80884821428523,845.7847976190477,845.7847976190477,845.7847976190477,0.0,0.0,10800.0,0.0
2025-09-11,0,110,18:20-18:30,768.0166666666667,0.0,1.388875,1.3793986607142856,38.404047619047674,62.70009166666597,806.4207142857143,806.4207142857143,806.4207142857143,0.0,-0.0,10800.0,0.0
2025-09-11,0,111,18:30-18:40,786.65325,0.5702357142857142,1.370125,1.3584290178571428,23.536873809523968,98.18098928571396,809.6198880952383,809.6198880952383,809.6198880952383,0.0,0.0,10800.0,0.0
2025-09-11,0,112,18:40-18:50,803.5249,0.0,1.42565,1.3924839285714297,22.795019047618894,98.9448607142858,826.3199190476189,826.3199190476189,826.3199190476189,0.0,-0.0,10800.0,0.0
2025-09-11,0,113,18:50-19:00,789.1233333333332,0.0,1.5429499999999998,1.4817058035714286,18.808333333333394,75.33153214285682,499.7142678571447,499.7142678571447,499.7142678571447,0.0,308.2173988095219,10457.536223544976,0.0
2025-09-11,0,114,19:00-19:10,795.9256333333333,0.04094047619047619,1.57345,1.5138388392857143,25.735950000000116,89.09572023809477,0.0,0.0,0.0,0.0,821.6206428571429,9544.62439814815,0.0
2025-09-11,0,115,19:10-19:20,788.0831666666666,0.0,1.5605,1.507063392857143,22.04750000000024,96.94828928571371,0.0,0.0,0.0,0.0,810.1306666666668,8644.479212962964,0.0
2025-09-11,0,116,19:20-19:30,782.9666666666667,0.0,1.554975,1.4984571428571425,25.318333333333385,57.78768809523774,0.0,0.0,0.0,0.0,808.2850000000001,7746.384768518519,0.0
2025-09-11,0,117,19:30-19:40,837.3146666666667,0.0029357142857142854,1.5624,1.5041723214285716,30.820128571428768,46.24538333333291,34.79852619047642,34.79852619047642,34.79852619047642,0.0,833.3333333333333,6820.458842592593,0.0
2025-09-11,0,118,19:40-19:50,864.2882999999999,0.0,1.576175,1.5176147321428564,14.022461904762054,72.76851130952346,44.97742857142873,44.97742857142873,44.97742857142873,0.0,833.3333333333333,5894.532916666667,0.0
2025-09-11,0,119,19:50-20:00,848.7433333333333,0.0,1.585725,1.527996875,10.18500000000006,74.42512321428566,25.59500000000014,25.59500000000014,25.59500000000014,0.0,833.3333333333333,4968.606990740741,0.0
2025-09-11,0,120,20:00-20:10,852.5171333333333,0.00019047619047619048,1.5780750000000001,1.5234040178571426,23.35368333333338,46.78996071428577,42.537292857142916,42.537292857142916,42.537292857142916,0.0,833.3333333333333,4042.681064814815,0.0
2025-09-11,0,121,20:10-20:20,816.9828333333332,0.0,1.540875,1.486920982142857,28.095197619047553,62.72948154761923,11.744697619047543,11.744697619047543,11.744697619047543,0.0,833.3333333333333,3116.7551388888887,0.0
2025-09-11,0,122,20:20-20:30,773.3649999999999,0.0,1.5444499999999999,1.4869169642857145,17.79166666666663,65.70125000000002,0.0,0.0,0.0,0.0,791.1566666666665,2237.6921759259258,0.0
2025-09-11,0,123,20:30-20:40,818.3190999999999,0.0,1.6302500000000002,1.5705116071428578,28.221716666666566,77.86143630952364,13.207483333333244,13.207483333333244,13.207483333333244,0.0,833.3333333333333,1311.76625,0.0
2025-09-11,0,124,20:40-20:50,832.2336499999999,0.0,1.4191999999999998,1.3771151785714282,19.999766666666574,100.5896249999999,825.9353541666663,825.9353541666663,825.9353541666663,0.0,26.298062500000103,1282.5461805555553,0.0
2025-09-11,0,125,20:50-21:00,791.2749999999999,0.0,1.0389249999999999,1.0221937499999998,26.578333333333376,74.29156249999983,827.6459362139916,827.6459362139916,827.6459362139916,9.792602880658402,0.0,1291.359523148148,0.0
2025-09-11,0,126,21:00-21:10,784.3144,0.0,1.0175999999999998,1.0011138392857144,16.0555333333333,82.22357083333318,826.4744652263377,826.4744652263377,826.4744652263377,26.104531893004403,0.0,1314.8536018518519,0.0
2025-09-11,0,127,21:10-21:20,752.13545,0.0,1.0509249999999999,1.028245982142857,23.971283333333304,71.71459166666673,776.1067333333333,776.1067333333333,776.1067333333333,0.0,0.0,1314.8536018518519,0.0
2025-09-11,0,128,21:20-21:30,728.7166666666667,0.0,1.023825,1.0019910714285714,22.85833333333335,86.92672083333326,751.575,751.575,751.575,0.0,0.0,1314.8536018518519,0.0
2025-09-11,0,129,21:30-21:40,798.4077666666667,0.0,1.089,1.0698058035714284,29.54936666666663,62.994879166666635,827.9571333333333,827.9571333333333,827.9571333333333,0.0,0.0,1314.8536018518519,0.0
2025-09-11,0,130,21:40-21:50,735.14515,0.0,0.8814249999999999,0.8607249999999999,26.15594999999996,103.36824166666665,778.0473448559669,778.0473448559669,778.0473448559669,16.74624485596698,0.0,1329.9252222222221,0.0
2025-09-11,0,131,21:50-22:00,589.0333333333333,0.0,0.5122,0.4886370535714285,21.053333333333285,116.93269999999984,610.0866666666666,610.0866666666666,610.0866666666666,0.0,0.0,1329.9252222222221,0.0
2025-09-11,0,132,22:00-22:10,637.5131833333332,0.0,0.496625,0.4759678571428571,16.540616666666665,76.83539166666648,1487.3871333333332,1487.3871333333332,1487.3871333333332,833.3333333333333,0.0,2079.925222222222,0.0
2025-09-11,0,133,22:10-22:20,658.5136833333333,0.0,0.54335,0.5219446428571429,26.119266666666817,68.39898749999983,684.6329500000002,684.6329500000002,684.6329500000002,0.0,0.0,2079.925222222222,0.0
2025-09-11,0,134,22:20-22:30,574.755,0.0,0.49529999999999996,0.4695589285714284,22.120000000000005,62.23719583333343,1430.2083333333333,1430.2083333333333,1430.2083333333333,833.3333333333333,0.0,2829.925222222222,0.0
2025-09-11,0,135,22:30-22:40,546.4751166666666,0.0,0.49617500000000003,0.4718816964285715,23.27993333333336,28.575108333333276,1403.0883833333332,1403.0883833333332,1403.0883833333332,833.3333333333333,0.0,3579.925222222222,0.0
2025-09-11,0,136,22:40-22:50,588.3088333333333,0.0,0.5216500000000001,0.49695178571428583,23.923900000000003,33.47516666666661,612.2327333333333,612.2327333333333,612.2327333333333,0.0,0.0,3579.925222222222,0.0
2025-09-11,0,137,22:50-23:00,644.0166666666667,0.0,0.5306,0.5058950892857143,32.8566666666668,67.53749166666668,676.8733333333334,676.8733333333334,676.8733333333334,0.0,0.0,3579.925222222222,0.0
2025-09-11,0,138,23:00-23:10,649.3845666666666,0.0,0.5171250000000001,0.5022276785714285,26.72158333333323,93.39267500000005,676.1061499999998,676.1061499999998,676.1061499999998,0.0,0.0,3579.925222222222,0.0
2025-09-11,0,139,23:10-23:20,633.3951166666666,0.0,0.500475,0.4871066964285715,14.333683333333397,96.11207083333329,836.700775308642,836.700775308642,836.700775308642,188.97197530864204,0.0,3750.0,0.0
2025-09-11,0,140,23:20-23:30,631.0733333333333,0.0,0.500675,0.48034285714285696,26.74666666666667,52.18820833333328,1491.1533333333332,1491.1533333333332,1491.1533333333332,833.3333333333333,0.0,4500.0,0.0
2025-09-11,0,141,23:30-23:40,641.46035,0.0,0.5165500000000001,0.49823124999999996,18.10699999999997,51.859733333333196,659.5673499999999,659.5673499999999,659.5673499999999,0.0,0.0,4500.0,0.0
2025-09-11,0,142,23:40-23:50,594.4040166666666,0.0,0.48605,0.46805446428571423,31.924633333333418,46.9238624999999,1459.6619833333334,1459.6619833333334,1459.6619833333334,833.3333333333333,0.0,5250.0,0.0
2025-09-11,0,143,23:50-24:00,501.2083333333333,0.0,0.421875,0.4006982142857142,27.690000000000055,29.833333333333286,1362.2316666666666,1362.2316666666666,1362.2316666666666,833.3333333333333,0.0,6000.0,0.0
2025-09-12,0,0,0:00-0:10,448.36421666666666,0.0,0.401225,0.3826589285714285,20.665516666666576,50.628600000000375,469.02973333333324,469.02973333333324,469.02973333333324,0.0,0.0,6741.910214781751,0.0
2025-09-12,0,1,0:10-0:20,429.64668333333327,0.0,0.4021,0.3841370535714285,14.797366666666676,57.645645833333816,444.44404999999995,444.44404999999995,444.44404999999995,0.0,0.0,6741.910214781751,0.0
2025-09-12,0,2,0:20-0:30,432.32666666666665,0.0,0.39994999999999997,0.378749107142857,28.09166666666647,65.0344583333335,460.4183333333331,460.4183333333331,460.4183333333331,0.0,0.0,6741.910214781751,0.0
2025-09-12,0,3,0:30-0:40,452.28395,0.0,0.395225,0.3742151785714286,14.00353333333328,76.01541250000014,466.2874833333333,466.2874833333333,466.2874833333333,0.0,0.0,6741.910214781751,0.0
2025-09-12,0,4,0:40-0:50,450.62556666666666,0.0,0.39492499999999997,0.3738129464285712,20.179416666666725,76.7560250000002,470.8049833333334,470.8049833333334,470.8049833333334,0.0,0.0,6741.910214781751,0.0
2025-09-12,0,5,0:50-1:00,421.0566666666667,0.0,0.39670000000000005,0.3738049107142857,35.91166666666652,66.4948708333333,456.9683333333332,456.9683333333332,456.9683333333332,0.0,0.0,6741.910214781751,0.0
2025-09-12,0,6,1:00-1:10,398.36898333333335,0.0,0.39392499999999997,0.37075625,27.336400000000026,62.3143083333332,425.7053833333334,425.7053833333334,425.7053833333334,0.0,0.0,6741.910214781751,0.0
2025-09-12,0,7,1:10-1:20,413.14241666666663,0.0,0.4028,0.3813513392857143,32.294000000000096,23.17434999999989,445.43641666666673,445.43641666666673,445.43641666666673,0.0,0.0,6741.910214781751,0.0
2025-09-12,0,8,1:20-1:30,435.01666666666665,0.0,0.418725,0.39910357142857134,27.796666666666738,76.97727916666656,0.0,0.0,0.0,0.0,462.8133333333334,6227.673177744714,0.0
2025-09-12,0,9,1:30-1:40,407.68938333333335,0.0,0.41815,0.3983272321428571,12.844799999999964,71.66242857142859,420.5341833333333,420.5341833333333,420.5341833333333,0.0,0.0,6227.673177744714,0.0
2025-09-12,0,10,1:40-1:50,404.79235,0.0,0.409225,0.3903749999999998,18.15883333333329,48.486877380952535,422.9511833333333,422.9511833333333,422.9511833333333,0.0,0.0,6227.673177744714,0.0
2025-09-12,0,11,1:50-2:00,441.57499999999993,0.0,0.40115,0.38409821428571433,17.654999999999973,78.77518749999973,459.2299999999999,459.2299999999999,459.2299999999999,0.0,0.0,6227.673177744714,0.0
2025-09-12,0,12,2:00-2:10,455.74083333333334,0.0,0.39535000000000003,0.3771464285714286,27.29774999999995,81.50573749999998,483.0385833333333,483.0385833333333,483.0385833333333,0.0,0.0,6227.673177744714,0.0
2025-09-12,0,13,2:10-2:20,441.44643333333335,0.0,0.390775,0.37062455357142843,28.07563333333337,50.16550357142853,469.5220666666667,469.5220666666667,469.5220666666667,0.0,0.0,6227.673177744714,0.0
2025-09-12,0,14,2:20-2:30,420.72166666666664,0.0,0.39485000000000003,0.37587410714285724,12.226666666666688,50.24982083333333,432.9483333333333,432.9483333333333,432.9483333333333,0.0,0.0,6227.673177744714,0.0
2025-09-12,0,15,2:30-2:40,419.98231666666663,0.0,0.4134,0.4002535714285714,20.56443333333334,48.89779999999999,0.0,0.0,0.0,0.0,440.54675,5738.176788855825,0.0
2025-09-12,0,16,2:40-2:50,432.35151666666667,0.0,0.413875,0.40276339285714285,22.700733333333346,64.74860833333352,0.0,0.0,0.0,0.0,455.05225,5232.563177744714,0.0
2025-09-12,0,17,2:50-3:00,446.60999999999996,0.0,0.39655,0.38302098214285707,25.146666666666647,88.5845875000002,471.7566666666666,471.7566666666666,471.7566666666666,0.0,0.0,5232.563177744714,0.0
2025-09-12,0,18,3:00-3:10,456.2711333333333,0.0,0.39257499999999995,0.3787709821428571,34.67196666666655,56.60849047619061,490.94309999999984,490.94309999999984,490.94309999999984,0.0,0.0,5232.563177744714,0.0
2025-09-12,0,19,3:10-3:20,457.0942166666667,0.0,0.386525,0.36975937499999983,24.212800000000016,72.26888690476208,481.3070166666667,481.3070166666667,481.3070166666667,0.0,0.0,5232.563177744714,0.0
2025-09-12,0,20,3:20-3:30,440.7733333333333,0.0,0.372525,0.35171294642857137,15.50666666666666,80.51948511904723,456.28,456.28,456.28,0.0,0.0,5232.563177744714,0.0
2025-09-12,0,21,3:30-3:40,407.72051666666664,0.0,0.36665000000000003,0.3485174107142857,21.96299999999985,82.64781845238059,429.6835166666665,429.6835166666665,429.6835166666665,0.0,0.0,5232.563177744714,0.0
2025-09-12,0,22,3:40-3:50,408.83619999999996,0.0001666666666666667,0.3828,0.3692633928571429,14.47267619047625,82.9871833333332,423.30870952380957,423.30870952380957,423.30870952380957,0.0,0.0,5232.563177744714,0.0
2025-09-12,0,23,3:50-4:00,446.05499999999995,0.0,0.40340000000000004,0.391124107142857,20.098333333333358,54.687705357142804,466.1533333333333,466.1533333333333,466.1533333333333,0.0,0.0,5232.563177744714,0.0
2025-09-12,0,24,4:00-4:10,468.1900166666667,0.0,0.39615,0.38194017857142853,19.524783333333346,41.55838035714271,487.7148,487.7148,487.7148,0.0,0.0,5232.563177744714,0.0
2025-09-12,0,25,4:10-4:20,459.15835,0.002852380952380952,0.39104999999999995,0.38144374999999986,30.324249999999893,59.352203571428475,489.4797476190475,489.4797476190475,489.4797476190475,0.0,0.0,5232.563177744714,0.0
2025-09-12,0,26,4:20-4:30,435.90999999999997,0.0,0.39585000000000004,0.39205580357142855,28.458333333333485,85.65428511904744,464.36833333333345,464.36833333333345,464.36833333333345,0.0,0.0,5232.563177744714,0.0
2025-09-12,0,27,4:30-4:40,430.30965,0.0,0.38995,0.3784999999999999,21.532771428571436,101.82000178571462,451.8424214285714,451.8424214285714,451.8424214285714,0.0,0.0,5232.563177744714,0.0
2025-09-12,0,28,4:40-4:50,439.42725,0.03972857142857143,0.388825,0.372932142857143,18.313695238095306,141.85817797619038,457.70121666666677,457.70121666666677,457.70121666666677,0.0,0.0,5232.563177744714,0.0
2025-09-12,0,29,4:50-5:00,448.3116666666666,0.0,0.3791,0.3657660714285714,20.348333333333358,142.46055654761915,468.65999999999997,468.65999999999997,468.65999999999997,0.0,0.0,5232.563177744714,0.0
2025-09-12,0,30,5:00-5:10,442.9659833333333,0.0,0.3377,0.32285580357142857,29.174997619047645,187.83769940476213,708.4924709068125,708.4924709068125,708.4924709068125,236.3514899544316,0.0,5445.279518703703,0.0
2025-09-12,0,31,5:10-5:20,425.93343333333337,0.5533761904761904,0.34985,0.34174776785714295,25.248552380952333,219.74849226190497,450.62860952380953,450.62860952380953,450.62860952380953,0.0,0.0,5445.279518703703,0.0
2025-09-12,0,32,5:20-5:30,414.60833333333335,0.0,0.37375,0.37855089285714294,27.6599404761904,326.1140702380957,442.26827380952375,442.26827380952375,442.26827380952375,0.0,0.0,5445.279518703703,0.0
2025-09-12,0,33,5:30-5:40,426.39805,0.0,0.3179,0.3252214285714286,28.365190476190435,495.33037440476187,454.76324047619045,454.76324047619045,454.76324047619045,0.0,0.0,5445.279518703703,0.0
2025-09-12,0,34,5:40-5:50,437.49606666666665,9.331485714285716,0.488625,0.4952348214285714,37.88358095238084,555.1080505952381,0.0,0.0,0.0,0.0,466.0481619047618,4927.448227698412,0.0
2025-09-12,0,35,5:50-6:00,446.96333333333337,43.14642857142857,0.7711749999999999,0.7784897321428569,41.587619047619114,563.420257142857,0.0,0.0,0.0,0.0,445.4045238095239,4432.554312354497,0.0
2025-09-12,0,36,6:00-6:10,475.51898333333327,88.38958571428572,0.7247500000000001,0.7312437499999999,40.14623095238096,602.5563154761904,0.0,0.0,0.0,0.0,427.2756285714285,3957.803613941798,0.0
2025-09-12,0,37,6:10-6:20,497.4548,137.99842857142855,0.6735500000000001,0.6787955357142855,31.703814285714316,593.8031797619049,0.0,0.0,0.0,0.0,391.1601857142857,3523.18118537037,0.0
2025-09-12,0,38,6:20-6:30,477.2166666666667,190.07589285714283,0.73255,0.7372352678571429,55.39869047619038,558.8948244047622,0.0,0.0,0.0,0.0,342.53946428571425,3142.581780608465,0.0
2025-09-12,0,39,6:30-6:40,416.70388333333335,246.04614761904762,0.691575,0.6955031249999998,40.81960238095235,625.5276190476192,0.0,0.0,0.0,0.0,211.47733809523808,2907.606960502645,0.0
2025-09-12,0,40,6:40-6:50,450.3158166666666,303.67284047619046,0.656875,0.6560468749999998,45.89914523809534,713.8999339285714,0.0,0.0,0.0,0.0,192.54212142857148,2693.6712700264543,0.0
2025-09-12,0,41,6:50-7:00,545.1966666666666,360.5517857142857,0.658425,0.6540950892857145,51.21244047619041,785.4186648809524,0.0,0.0,0.0,0.0,235.8573214285713,2431.607579550264,0.0
2025-09-12,0,42,7:00-7:10,530.3287833333333,415.68944285714275,0.608525,0.6111691964285715,52.02557380952362,817.0566250000004,0.0,0.0,0.0,0.0,166.66491428571413,2246.424341455026,0.0
2025-09-12,0,43,7:10-7:20,480.6948333333333,470.57378095238096,0.5834,0.5900660714285714,52.007376190476066,848.9503791666667,0.0,0.0,0.0,0.0,62.12842857142846,2177.392754153439,0.0
2025-09-12,0,44,7:20-7:30,471.7416666666666,527.6392857142856,0.5616749999999999,0.5615558035714284,58.386666666666656,865.0104119047621,0.0,0.0,0.0,0.0,2.48904761904771,2174.6271456878303,0.0
2025-09-12,0,45,7:30-7:40,503.21449999999993,587.4926857142857,0.47555000000000003,0.4637665178571428,54.68770238095232,852.0388494047621,0.0,0.0,0.0,29.590483333333395,0.0,2201.2585806878305,0.0
2025-09-12,0,46,7:40-7:50,526.89545,642.5870928571428,0.610425,0.5972767857142858,45.809145238095084,901.1327226190474,0.0,0.0,0.0,69.88249761904774,-0.0,2264.1528285449735,0.0
2025-09-12,0,47,7:50-8:00,526.3299999999999,694.6339285714286,0.8678499999999999,0.8623982142857142,54.37446428571428,919.8465065476187,0.0,0.0,0.0,113.92946428571446,0.0,2366.6893464021164,0.0
2025-09-12,0,48,8:00-8:10,525.7039333333332,751.8697547619047,0.8362,0.8321437500000002,50.59351190476201,914.9491702380951,0.0,0.0,0.0,175.5723095238095,0.0,2524.7044249735445,0.0
2025-09-12,0,49,8:10-8:20,538.2137166666666,804.184526190476,0.73505,0.7285281250000001,69.8594261904762,892.0933547619044,0.0,0.0,0.0,196.11138333333326,0.0,2701.204669973545,0.0
2025-09-12,0,50,8:20-8:30,543.9499999999999,853.9178571428572,0.7164499999999999,0.7079165178571427,79.59511904761922,875.1739142857145,0.0,0.0,0.0,-0.0,535.7759107142851,2105.8981025132284,0.0
2025-09-12,0,51,8:30-8:40,521.1212499999999,914.5403571428574,0.715025,0.7052223214285714,75.408673809524,815.3082922619045,0.0,0.0,0.0,17.200824514991538,0.0,2121.3788445767195,0.0
2025-09-12,0,52,8:40-8:50,554.0771,975.3612309523811,0.717875,0.7030633928571429,76.81365714285721,829.2409601190475,0.0,0.0,0.0,344.4704738095239,0.0,2431.402271005291,0.0
2025-09-12,0,53,8:50-9:00,620.4566666666666,1018.46875,0.717025,0.6970120535714285,114.60845238095217,806.2893738095236,0.0,0.0,0.0,-0.0,366.4653081904756,2024.2185952380958,0.0
2025-09-12,0,54,9:00-9:10,610.4658333333333,1036.0743547619047,0.69725,0.6802276785714287,74.34143095238096,741.7967357142862,0.0,0.0,0.0,0.0,0.0,2024.2185952380955,0.0
2025-09-12,0,55,9:10-9:20,595.6631666666666,1063.2334357142854,0.6578750000000001,0.6434053571428572,58.5706595238095,695.3085821428565,0.0,0.0,0.0,0.0,0.0,2024.2185952380955,0.0
2025-09-12,0,56,9:20-9:30,621.3466666666666,1108.9446428571428,0.619375,0.6061183035714288,94.55541666666659,630.8258732142855,0.0,0.0,0.0,177.8042925338033,0.0,2184.2424585185186,0.0
2025-09-12,0,57,9:30-9:40,654.9819666666666,1151.250742857143,0.6201000000000001,0.6101348214285714,93.30766666666659,619.1324517857138,0.0,0.0,0.0,0.0,0.0,2184.242458518519,0.0
2025-09-12,0,58,9:40-9:50,647.7589666666667,1191.191726190476,0.696425,0.6663656250000001,96.24492857142866,634.2326357142852,0.0,0.0,0.0,447.18783095238064,-0.0,2586.7115063756614,0.0
2025-09-12,0,59,9:50-10:00,611.015,1229.2803571428572,0.779625,0.7164419642857142,90.73761904761925,640.7195416666658,0.0,0.0,0.0,527.527738095238,-0.0,3061.4864706613757,0.0
2025-09-12,0,60,10:00-10:10,602.7068666666667,1262.523730952381,0.752575,0.6830031249999999,63.02814999999987,581.6571458333327,0.0,0.0,0.0,0.0,833.3333333333333,2135.56054473545,0.0
2025-09-12,0,61,10:10-10:20,613.7782,1300.0576166666665,0.7174499999999999,0.6533196428571427,77.93533571428577,515.3736315476201,0.0,0.0,0.0,608.3440809523806,0.0,2683.0702175925926,0.0
2025-09-12,0,62,10:20-10:30,621.4333333333333,1341.1223214285715,0.7479250000000001,0.682853125,101.20232142857125,488.42227321428607,0.0,0.0,0.0,-0.0,833.3333333333333,1757.144291666667,0.0
2025-09-12,0,63,10:30-10:40,612.7538166666666,1375.1013809523806,0.778875,0.7064959821428574,99.32178095238123,501.4298625000003,0.0,0.0,0.0,-0.0,3.6459696428567487,1753.093214285715,0.0
2025-09-12,0,64,10:40-10:50,599.5252333333333,1403.5471238095238,0.547475,0.4890861607142855,86.88330952380954,497.78389285714337,0.0,0.0,0.0,0.0,0.0,1753.0932142857148,0.0
2025-09-12,0,65,10:50-11:00,600.545,1421.90625,0.20045000000000002,0.17025446428571422,100.43744047619032,470.6603077380959,0.0,0.0,0.0,494.37500123457613,0.0,2198.030715396832,0.0
2025-09-12,0,66,11:00-11:10,621.45565,1423.2539547619049,0.1742,0.15081432142857137,90.20588095238108,524.8469380952381,0.0,0.0,0.0,711.5924238095238,0.0,2838.4638968254035,0.0
2025-09-12,0,67,11:10-11:20,615.0908499999999,1427.6095023809523,0.241725,0.21513125000000002,113.99653333333322,578.1280624999999,0.0,0.0,0.0,-0.0,833.3333333333333,1912.537970899471,0.0
2025-09-12,0,68,11:20-11:30,596.5283333333333,1445.1642857142854,0.23572500000000002,0.2086044642857143,104.80809523809535,641.284173809524,0.0,0.0,0.0,585.7381278071728,0.0,2439.7022859259264,0.0
2025-09-12,0,69,11:30-11:40,626.6238333333333,1467.7945499999998,0.21065,0.18221651785714288,84.48718809523768,695.443578571429,0.0,0.0,0.0,756.683528571429,0.0,3120.7174616402126,0.0
2025-09-12,0,70,11:40-11:50,649.4465666666666,1481.571261904762,0.185775,0.15581875000000006,102.26503333333373,706.7076136904764,0.0,0.0,0.0,-0.0,833.3333333333333,2194.791535714287,0.0
2025-09-12,0,71,11:50-12:00,622.8416666666667,1489.3026785714285,0.16765,0.13630269642857146,95.44845238095252,708.4587309523815,0.0,0.0,0.0,771.0125595238093,0.0,2888.702839285715,0.0
2025-09-12,0,72,12:00-12:10,565.4737666666666,1503.0064452380952,0.161,0.12885987499999998,131.09095476190464,679.584642857144,0.0,0.0,0.0,-0.0,833.3333333333333,1962.7769133597892,0.0
2025-09-12,0,73,12:10-12:20,559.5806666666666,1500.543019047619,0.168925,0.13815403571428572,115.05527380952367,686.4992220238103,0.0,0.0,0.0,67.1281915049973,0.0,2023.1922857142868,0.0
2025-09-12,0,74,12:20-12:30,600.49,1474.3999999999999,0.178925,0.1512495714285714,118.21238095238104,740.873057142858,0.0,0.0,0.0,755.6976190476188,0.0,2703.3201428571438,0.0
2025-09-12,0,75,12:30-12:40,605.3688833333333,1441.1087357142856,0.197775,0.17048841071428575,125.08232380952393,740.6530422619056,0.0,0.0,0.0,710.6575285714283,0.0,3342.911918571429,0.0
2025-09-12,0,76,12:40-12:50,587.5061166666667,1419.0844880952384,0.35864999999999997,0.32757767857142855,77.44865952380951,730.2816041666674,0.0,0.0,0.0,754.1297119047622,0.0,4021.628659285715,0.0
2025-09-12,0,77,12:50-13:00,573.4016666666666,1407.9875000000002,0.56975,0.5356205357142857,83.7097023809522,759.9841690476189,0.0,0.0,0.0,750.8761309523813,0.0,4697.417177142858,0.0
2025-09-12,0,78,13:00-13:10,572.4476833333333,1391.8702238095238,0.5841500000000001,0.5536941964285713,87.86341428571416,766.1874428571424,0.0,0.0,0.0,731.5591261904764,0.0,5355.820390714287,0.0
2025-09-12,0,79,13:10-13:20,574.2103166666666,1368.1836309523808,0.553125,0.5246924107142855,105.97213095238082,690.8404327380948,0.0,0.0,0.0,688.0011833333334,0.0,5975.021455714287,0.0
2025-09-12,0,80,13:20-13:30,582.3166666666666,1336.8580357142855,0.56535,0.5387544642857142,69.41065476190465,636.1210892857142,0.0,0.0,0.0,685.1307142857142,0.0,6591.63909857143,0.0
2025-09-12,0,81,13:30-13:40,603.4716833333333,1298.1924642857143,0.5755,0.5561924107142857,93.5759047619046,549.9840357142855,0.0,0.0,0.0,601.1448761904766,-0.0,7132.669487142859,0.0
2025-09-12,0,82,13:40-13:50,585.2832833333333,1258.0238714285715,0.65325,0.616907142857143,101.63007619047607,541.8031374999995,0.0,0.0,0.0,571.1105119047621,0.0,7646.668947857145,0.0
2025-09-12,0,83,13:50-14:00,554.4766666666667,1217.8544642857141,0.7763,0.709013392857143,88.4495238095238,564.830379761905,0.0,0.0,0.0,574.9282738095237,-0.0,8164.104394285717,0.0
2025-09-12,0,84,14:00-14:10,587.199,1177.7705738095237,0.829975,0.7609562499999999,61.865845238095375,489.73670416666664,0.0,0.0,0.0,528.7057285714284,-0.0,8639.939550000003,0.0
2025-09-12,0,85,14:10-14:20,586.8037666666667,1153.533295238095,0.8225499999999999,0.7592897321428567,74.18846904761904,479.6347946428573,0.0,0.0,0.0,492.5410595238092,0.0,9083.226503571432,0.0
2025-09-12,0,86,14:20-14:30,546.9783333333332,1128.8035714285716,0.8449500000000001,0.7791941964285714,105.00380952380925,452.27193988095246,0.0,0.0,0.0,476.82142857142907,0.0,9512.365789285717,0.0
2025-09-12,0,87,14:30-14:40,561.6200666666666,1070.1023333333333,0.9379500000000001,0.8706531249999998,84.35801666666657,394.6004517857142,0.0,0.0,0.0,424.1242500000001,0.0,9894.077614285718,0.0
2025-09-12,0,88,14:40-14:50,589.0655166666666,1017.7019976190475,0.7652999999999999,0.7143223214285719,69.72756190476196,378.0181226190464,0.0,0.0,0.0,358.9089190476189,-0.0,10217.095641428574,0.0
2025-09-12,0,89,14:50-15:00,594.6999999999999,984.8553571428572,0.4354,0.409925,85.75732142857146,358.7465059523798,0.0,0.0,0.0,304.39803571428575,0.0,10491.05387357143,0.0
2025-09-12,0,90,15:00-15:10,589.1035166666666,945.0929166666667,0.419425,0.4017736607142857,60.68462619047605,300.2831577380954,0.0,0.0,0.0,-0.0,180.47244535715583,10290.528934285701,0.0
2025-09-12,0,91,15:10-15:20,593.10655,896.4260190476189,0.492925,0.47432410714285705,56.5384142857142,276.0779053571425,0.0,0.0,0.0,246.7810547619046,0.0,10512.631883571423,0.0
2025-09-12,0,92,15:20-15:30,610.1333333333333,842.4464285714286,0.49939999999999996,0.4806165178571428,72.08148809523794,240.94736249999931,0.0,0.0,0.0,160.2316071428574,0.0,10656.840329999994,0.0
2025-09-12,0,93,15:30-15:40,624.4635166666667,786.0755999999999,0.51285,0.4957834821428571,57.72837619047647,221.23825416666602,0.0,0.0,0.0,103.88370714285684,0.0,10750.335666428566,0.0
2025-09-12,0,94,15:40-15:50,622.5789833333333,731.5013738095238,0.538175,0.5262624999999999,57.3909285714285,196.566321428571,0.0,0.0,0.0,51.531461904764,0.0,10796.713982142857,0.0
2025-09-12,0,95,15:50-16:00,609.2366666666667,678.0714285714286,0.567925,0.5592745535714285,65.1836309523809,234.13025892857053,0.0,0.0,0.0,3.6511309523809814,0.0,10800.0,0.0
2025-09-12,0,96,16:00-16:10,603.1497666666667,622.4288571428569,0.603425,0.5890727678571428,53.48213809523804,260.91805238095185,34.203047619047766,34.203047619047766,34.203047619047766,0.0,-0.0,10800.0,0.0
2025-09-12,0,97,16:10-16:20,608.4725166666666,570.6262714285714,0.650425,0.634682142857143,49.333340476190415,224.8737232142852,87.17958571428562,87.17958571428562,87.17958571428562,0.0,-0.0,10800.0,0.0
2025-09-12,0,98,16:20-16:30,617.7216666666666,520.9955357142857,0.6873750000000001,0.6756102678571431,58.279940476190745,138.82066249999934,155.00607142857166,155.00607142857166,155.00607142857166,-0.0,0.0,10800.0,0.0
2025-09-12,0,99,16:30-16:40,614.5311666666666,465.1096928571428,0.68225,0.6687178571428573,35.60932857142882,122.23241845238053,185.03080238095265,185.03080238095265,185.03080238095265,0.0,0.0,10800.0,0.0
2025-09-12,0,100,16:40-16:50,579.5559833333333,407.79905476190476,0.673925,0.6619683035714287,35.819428571428716,108.76882023809472,207.57635714285726,207.57635714285726,207.57635714285726,0.0,0.0,10800.0,0.0
2025-09-12,0,101,16:50-17:00,523.0799999999999,352.1508928571428,0.682,0.6762066964285717,55.90863095238092,123.66037857142825,226.83773809523802,226.83773809523802,226.83773809523802,0.0,0.0,10800.0,0.0
2025-09-12,0,102,17:00-17:10,481.0887,296.7849119047619,0.695075,0.6906392857142857,49.66892380952379,84.62921964285687,233.97271190476192,233.97271190476192,233.97271190476192,0.0,0.0,10800.0,0.0
2025-09-12,0,103,17:10-17:20,470.32825,243.02279523809523,0.7242500000000001,0.7166714285714285,34.497766666666735,108.27326488095144,261.80322142857153,261.80322142857153,261.80322142857153,0.0,0.0,10800.0,0.0
2025-09-12,0,104,17:20-17:30,482.0483333333333,190.59196428571425,0.7448750000000001,0.7332111607142858,41.53416666666669,87.64546309523772,332.9905357142857,332.9905357142857,332.9905357142857,0.0,0.0,10800.0,0.0
2025-09-12,0,105,17:30-17:40,493.97288333333336,137.89665714285712,0.7437,0.7310535714285714,36.09725238095257,59.22501488095202,392.1734785714288,392.1734785714288,392.1734785714288,0.0,0.0,10800.0,0.0
2025-09-12,0,106,17:40-17:50,510.496,87.36611666666667,0.9076000000000001,0.8999732142857145,36.85668333333342,51.745616666666535,459.9865666666667,459.9865666666667,459.9865666666667,0.0,-0.0,10800.0,0.0
2025-09-12,0,107,17:50-18:00,528.2883333333333,42.72232142857143,1.16065,1.1594602678571426,29.599226190476315,67.90347380952352,515.1652380952382,515.1652380952382,515.1652380952382,0.0,-0.0,10800.0,0.0
2025-09-12,0,108,18:00-18:10,532.5696499999999,9.283395238095238,1.217875,1.2157642857142856,27.041671428571362,51.98019761904749,0.0,0.0,0.0,0.0,550.3279261904761,10188.524526455027,0.0
2025-09-12,0,109,18:10-18:20,521.4407,0.0,1.2034,1.1962959821428572,22.675176190476236,59.67149702380931,80.09996607142932,80.09996607142932,80.09996607142932,0.0,464.0159101190469,9672.951292989419,0.0
2025-09-12,0,110,18:20-18:30,501.53166666666664,0.0,1.199025,1.1883776785714286,44.43797619047609,58.32188452380905,545.9696428571427,545.9696428571427,545.9696428571427,0.0,0.0,9672.951292989419,0.0
2025-09-12,0,111,18:30-18:40,490.5403166666666,0.5509190476190475,1.1783000000000001,1.16485,21.88115238095247,99.83671071428546,511.87055000000004,511.87055000000004,511.87055000000004,0.0,0.0,9672.951292989419,0.0
2025-09-12,0,112,18:40-18:50,526.5242333333333,0.0,1.2652999999999999,1.229199107142857,22.795019047618894,98.9448607142858,0.0,0.0,0.0,0.0,549.3192523809522,9062.596568121695,0.0
2025-09-12,0,113,18:50-19:00,577.1316666666667,0.0,1.4068,1.3418888392857142,18.808333333333394,75.33153214285682,0.0,0.0,0.0,0.0,595.94,8400.441012566138,0.0
2025-09-12,0,114,19:00-19:10,564.5929,0.03955238095238094,1.4090250000000002,1.3459343750000003,25.735950000000116,89.4259130952372,0.0,0.0,0.0,0.0,590.2892976190477,7744.56401521164,0.0
2025-09-12,0,115,19:10-19:20,530.558,0.0,1.375575,1.3186723214285716,22.04750000000024,96.94828928571371,0.0,0.0,0.0,0.0,552.6055000000002,7130.5579041005285,0.0
2025-09-12,0,116,19:20-19:30,531.9016666666666,0.0,1.378775,1.3183058035714286,25.318333333333385,58.960443452380616,0.0,0.0,0.0,0.0,557.22,6511.424570767195,0.0
2025-09-12,0,117,19:30-19:40,582.1822333333333,0.0028357142857142856,1.388525,1.3261651785714281,30.820128571428768,46.79544642857101,0.0,0.0,0.0,0.0,612.9995261904763,5830.31398611111,0.0
2025-09-12,0,118,19:40-19:50,588.7583333333333,0.0,1.39805,1.3360187500000003,14.022461904762054,74.57679583333302,0.0,0.0,0.0,0.0,602.7807952380954,5160.557546957671,0.0
2025-09-12,0,119,19:50-20:00,551.555,0.0,1.410875,1.349955357142857,10.18500000000006,76.49471964285712,0.0,0.0,0.0,0.0,561.74,4536.4019914021155,0.0
2025-09-12,0,120,20:00-20:10,554.8467166666667,0.00016428571428571428,1.4250249999999998,1.3656651785714282,21.153430952380972,48.46758928571438,0.0,0.0,0.0,0.0,575.9999833333334,3896.402009920634,0.0
2025-09-12,0,121,20:10-20:20,548.5190166666666,0.0,1.408575,1.350898214285714,28.617821428571347,62.20685773809544,0.0,0.0,0.0,0.0,577.136838095238,3255.1388564814806,0.0
2025-09-12,0,122,20:20-20:30,538.5383333333333,0.0,1.4133,1.3539285714285714,17.79166666666663,78.4116291666667,0.0,0.0,0.0,0.0,556.3299999999999,2636.9944120370365,0.0
2025-09-12,0,123,20:30-20:40,581.4912833333333,0.0,1.4777999999999998,1.4135178571428575,28.221716666666566,75.06038630952364,0.0,0.0,0.0,0.0,609.7129999999999,1959.5355231481476,0.0
2025-09-12,0,124,20:40-20:50,578.5173166666666,0.0,1.249475,1.2027169642857138,19.999766666666574,98.47369166666655,0.0,0.0,0.0,0.0,598.5170833333332,1294.5165416666664,0.0
2025-09-12,0,125,20:50-21:00,527.7049999999999,0.0,0.8608,0.8429218749999999,26.578333333333376,85.06488749999983,578.1680504115226,578.1680504115226,578.1680504115226,23.884717078189322,0.0,1316.0127870370368,0.0
2025-09-12,0,126,21:00-21:10,529.0462833333333,0.0,0.8286,0.8117245535714291,16.0555333333333,104.41150833333319,545.1018166666667,545.1018166666667,545.1018166666667,0.0,0.0,1316.0127870370368,0.0
2025-09-12,0,127,21:10-21:20,544.9202166666666,0.0,0.8860250000000001,0.8618062499999998,23.971283333333304,85.37948750000018,568.8915,568.8915,568.8915,0.0,0.0,1316.0127870370368,0.0
2025-09-12,0,128,21:20-21:30,547.6866666666666,0.0,0.8962749999999999,0.8723388392857139,24.04833333333329,85.73672083333332,571.7349999999999,571.7349999999999,571.7349999999999,0.0,0.0,1316.0127870370368,0.0
2025-09-12,0,129,21:30-21:40,546.5823666666666,0.0,0.95135,0.9314272321428574,29.54936666666663,62.994879166666635,575.0884666666668,575.0884666666668,575.0884666666668,0.0,1.0432666666664316,1314.8536018518519,0.0
2025-09-12,0,130,21:40-21:50,516.9678166666666,0.0,0.752,0.731815625,26.15594999999996,103.36824166666665,557.8862203703702,557.8862203703702,557.8862203703702,14.762453703703562,0.0,1328.139810185185,0.0
2025-09-12,0,131,21:50-22:00,474.505,0.0,0.41545,0.3924120535714285,21.053333333333285,115.32582916666647,1328.8916666666664,1328.8916666666664,1328.8916666666664,833.3333333333333,0.0,2078.1398101851846,0.0
2025-09-12,0,132,22:00-22:10,469.19741666666664,0.0,0.39697499999999997,0.37632812499999996,16.540616666666665,76.19920833333313,1319.0713666666666,1319.0713666666666,1319.0713666666666,833.3333333333333,0.0,2828.1398101851846,0.0
2025-09-12,0,133,22:10-22:20,490.6144333333333,0.0,0.44437499999999996,0.42268660714285705,26.119266666666817,65.85425416666644,516.7337000000001,516.7337000000001,516.7337000000001,0.0,0.0,2828.1398101851846,0.0
2025-09-12,0,134,22:20-22:30,496.74,0.0,0.413975,0.3877357142857142,22.120000000000005,59.69246250000003,1352.1933333333332,1352.1933333333332,1352.1933333333332,833.3333333333333,0.0,3578.1398101851846,0.0
2025-09-12,0,135,22:30-22:40,453.7785666666667,0.0,0.416025,0.39054464285714285,25.824666666666758,35.258666666666585,1312.9365666666667,1312.9365666666667,1312.9365666666667,833.3333333333333,0.0,4328.139810185185,0.0
2025-09-12,0,136,22:40-22:50,422.39396666666664,0.0,0.41674999999999995,0.39086696428571427,23.923900000000003,30.4731708333332,1279.6511999999998,1279.6511999999998,1279.6511999999998,833.3333333333333,0.0,5078.139810185185,0.0
2025-09-12,0,137,22:50-23:00,437.8016666666666,0.0,0.407425,0.3816808035714284,32.8566666666668,66.03248333333332,1303.9916666666668,1303.9916666666668,1303.9916666666668,833.3333333333333,0.0,5828.139810185185,0.0
2025-09-12,0,138,23:00-23:10,476.2069833333333,0.0,0.42364999999999997,0.40652008928571426,26.72158333333323,89.2325249999997,502.92856666666654,502.92856666666654,502.92856666666654,0.0,0.0,5828.139810185185,0.0
2025-09-12,0,139,23:10-23:20,478.05206666666663,0.0,0.42469999999999997,0.40974107142857136,14.333683333333397,80.47944166666645,492.38575000000003,492.38575000000003,492.38575000000003,0.0,0.0,5828.139810185185,0.0
2025-09-12,0,140,23:20-23:30,451.00666666666666,0.0,0.41517499999999996,0.3942754464285714,26.74666666666667,53.35620416666649,477.75333333333333,477.75333333333333,477.75333333333333,0.0,0.0,5828.139810185185,0.0
2025-09-12,0,141,23:30-23:40,457.67456666666664,0.0,0.439125,0.41726785714285713,17.07518333333337,55.49066249999987,474.74975,474.74975,474.74975,0.0,0.0,5828.139810185185,0.0
2025-09-12,0,142,23:40-23:50,477.81696666666664,0.0,0.44125,0.41949285714285717,27.03135000000009,43.104504166666544,504.84831666666673,504.84831666666673,504.84831666666673,0.0,0.0,5828.139810185185,0.0
2025-09-12,0,143,23:50-24:00,468.07499999999993,0.0,0.41612499999999997,0.39403080357142856,27.690000000000055,29.833333333333286,686.7207664609059,686.7207664609059,686.7207664609059,190.95576646090598,0.0,6000.0,0.0
2025-09-13,0,0,0:00-0:10,412.3354,0.0,0.415575,0.395653125,20.665516666666576,44.15571666666685,433.00091666666657,433.00091666666657,433.00091666666657,0.0,0.0,7003.4819320634915,0.0
2025-09-13,0,1,0:10-0:20,404.36175000000003,0.0,0.418825,0.39956205357142854,14.797366666666676,55.74682916666691,0.0,0.0,0.0,0.0,419.1591166666667,6537.74958021164,0.0
2025-09-13,0,2,0:20-0:30,442.13166666666666,0.0,0.41325,0.39223928571428585,30.168333333333294,58.561574999999976,472.29999999999995,472.29999999999995,472.29999999999995,0.0,0.0,6537.74958021164,0.0
2025-09-13,0,3,0:30-0:40,437.76058333333333,0.0,0.4108,0.38954866071428584,13.825683333333359,74.9740041666666,451.5862666666667,451.5862666666667,451.5862666666667,0.0,0.0,6537.74958021164,0.0
2025-09-13,0,4,0:40-0:50,448.49724999999995,0.0,0.412925,0.39053392857142866,20.179416666666725,76.7560250000002,468.6766666666667,468.6766666666667,468.6766666666667,0.0,0.0,6537.74958021164,0.0
2025-09-13,0,5,0:50-1:00,466.6716666666667,0.0,0.41995000000000005,0.39569776785714283,35.91166666666652,61.92080416666667,254.288778999999,254.288778999999,254.288778999999,0.0,248.2945543333342,6261.866742063491,0.0
2025-09-13,0,6,1:00-1:10,423.79454999999996,0.0,0.426425,0.4027575892857141,31.91046666666665,57.74024166666658,0.0,0.0,0.0,0.0,455.7050166666666,5755.5278346560835,0.0
2025-09-13,0,7,1:10-1:20,412.76801666666665,0.0,0.3977,0.37530669642857134,32.294000000000096,23.17434999999989,445.06201666666675,445.06201666666675,445.06201666666675,0.0,0.0,5755.5278346560835,0.0
2025-09-13,0,8,1:20-1:30,441.50666666666666,0.0,0.361725,0.3395852678571429,27.796666666666738,74.86692916666655,469.3033333333334,469.3033333333334,469.3033333333334,0.0,0.0,5755.5278346560835,0.0
2025-09-13,0,9,1:30-1:40,425.5558166666666,0.0,0.384525,0.36193169642857137,12.844799999999964,72.83508095238099,438.40061666666656,438.40061666666656,438.40061666666656,0.0,0.0,5755.5278346560835,0.0
2025-09-13,0,10,1:40-1:50,413.64465,0.0,0.40705,0.38628883928571434,18.15883333333329,52.004834523809734,431.8034833333333,431.8034833333333,431.8034833333333,0.0,0.0,5755.5278346560835,0.0
2025-09-13,0,11,1:50-2:00,416.65666666666664,0.0,0.400225,0.38224375000000005,17.654999999999973,76.33382916666645,434.3116666666666,434.3116666666666,434.3116666666666,0.0,0.0,5755.5278346560835,0.0
2025-09-13,0,12,2:00-2:10,399.2226833333333,0.0,0.392875,0.3741544642857142,27.29774999999995,79.93986249999995,426.52043333333324,426.52043333333324,426.52043333333324,0.0,0.0,5755.5278346560835,0.0
2025-09-13,0,13,2:10-2:20,426.09164999999996,0.0,0.39449999999999996,0.37438749999999993,28.07563333333337,51.33815595238093,454.16728333333333,454.16728333333333,454.16728333333333,0.0,0.0,5755.5278346560835,0.0
2025-09-13,0,14,2:20-2:30,474.16833333333335,0.0,0.40107499999999996,0.38234821428571414,12.226666666666688,55.063762500000024,486.39500000000004,486.39500000000004,486.39500000000004,0.0,0.0,5755.5278346560835,0.0
2025-09-13,0,15,2:30-2:40,449.76545,0.0,0.403725,0.3895642857142859,22.65226666666672,55.739766666666696,472.4177166666667,472.4177166666667,472.4177166666667,0.0,0.0,5755.5278346560835,0.0
2025-09-13,0,16,2:40-2:50,427.70073333333335,0.0,0.405875,0.39329598214285705,23.426699999999983,73.95097500000028,451.12743333333333,451.12743333333333,451.12743333333333,0.0,0.0,5755.5278346560835,0.0
2025-09-13,0,17,2:50-3:00,439.4783333333333,0.0,0.40037500000000004,0.3862147321428572,15.218333333333248,98.5129208333336,454.69666666666654,454.69666666666654,454.69666666666654,0.0,0.0,5755.5278346560835,0.0
2025-09-13,0,18,3:00-3:10,440.67611666666664,0.0,0.37795,0.36378928571428576,34.67196666666655,56.60849047619061,475.3480833333332,475.3480833333332,475.3480833333332,0.0,0.0,5755.5278346560835,0.0
2025-09-13,0,19,3:10-3:20,430.36363333333327,0.0,0.375725,0.3579839285714284,24.212800000000016,71.66290595238114,454.5764333333333,454.5764333333333,454.5764333333333,0.0,0.0,5755.5278346560835,0.0
2025-09-13,0,20,3:20-3:30,429.4783333333333,0.0,0.39332500000000004,0.3711428571428571,15.50666666666666,75.76632380952347,444.98499999999996,444.98499999999996,444.98499999999996,0.0,0.0,5755.5278346560835,0.0
2025-09-13,0,21,3:30-3:40,454.79908333333333,0.0,0.391875,0.37353080357142865,21.96299999999985,77.89465714285683,476.7620833333332,476.7620833333332,476.7620833333332,0.0,0.0,5755.5278346560835,0.0
2025-09-13,0,22,3:40-3:50,467.76351666666665,0.00012857142857142858,0.37700000000000006,0.36402232142857144,15.89493333333337,79.78684702380943,483.65832142857147,483.65832142857147,483.65832142857147,0.0,0.0,5755.5278346560835,0.0
2025-09-13,0,23,3:50-4:00,449.14166666666665,0.0,0.360825,0.3491901785714285,21.100000000000023,53.68603869047614,470.2416666666667,470.2416666666667,470.2416666666667,0.0,0.0,5755.5278346560835,0.0
2025-09-13,0,24,4:00-4:10,419.7709666666666,0.0,0.353225,0.34038571428571424,19.524783333333346,41.55838035714271,439.29574999999994,439.29574999999994,439.29574999999994,0.0,0.0,5755.5278346560835,0.0
2025-09-13,0,25,4:10-4:20,424.6977166666666,0.002509523809523809,0.37185,0.3632232142857141,30.324249999999893,59.352203571428475,455.019457142857,455.019457142857,455.019457142857,0.0,0.0,5755.5278346560835,0.0
2025-09-13,0,26,4:20-4:30,447.57833333333326,0.0,0.39655,0.3924781250000001,28.458333333333485,84.81253749999983,476.03666666666675,476.03666666666675,476.03666666666675,0.0,0.0,5755.5278346560835,0.0
2025-09-13,0,27,4:30-4:40,432.92701666666665,0.0,0.38755,0.3760080357142857,21.532771428571436,105.66011607142879,454.4597880952381,454.4597880952381,454.4597880952381,0.0,0.0,5755.5278346560835,0.0
2025-09-13,0,28,4:40-4:50,433.89418333333333,0.03493095238095238,0.38384999999999997,0.3687495535714286,18.313695238095306,143.75141785714268,452.1729476190477,452.1729476190477,452.1729476190477,0.0,0.0,5755.5278346560835,0.0
2025-09-13,0,29,4:50-5:00,460.99,0.0,0.39392499999999997,0.3816428571428571,20.348333333333358,144.76216071428576,481.33833333333337,481.33833333333337,481.33833333333337,0.0,0.0,5755.5278346560835,0.0
2025-09-13,0,30,5:00-5:10,467.5845166666666,0.0,0.38855,0.373846875,29.174997619047645,191.77631250000007,496.75951428571426,496.75951428571426,496.75951428571426,0.0,0.0,5755.5278346560835,0.0
2025-09-13,0,31,5:10-5:20,460.51576666666665,0.48656190476190464,0.3875,0.37907366071428567,28.61554285714277,223.84055297619057,488.6447476190475,488.6447476190475,488.6447476190475,0.0,0.0,5755.5278346560835,0.0
2025-09-13,0,32,5:20-5:30,458.0916666666667,0.0,0.368075,0.3728089285714286,27.6599404761904,357.5594654761903,485.7516071428571,485.7516071428571,485.7516071428571,0.0,0.0,5755.5278346560835,0.0
2025-09-13,0,33,5:30-5:40,468.1882833333333,0.0,0.318025,0.3250982142857143,28.103849999999966,548.978983928571,496.29213333333325,496.29213333333325,496.29213333333325,0.0,0.0,5755.5278346560835,0.0
2025-09-13,0,34,5:40-5:50,468.6458333333333,8.233516666666667,0.4697,0.4759861607142858,37.88358095238084,610.8087446428567,0.0,0.0,0.0,0.0,498.2958976190475,5201.8657261904755,0.0
2025-09-13,0,35,5:50-6:00,452.64166666666665,39.327678571428564,0.720775,0.7279026785714289,41.587619047619114,622.1515244047615,0.0,0.0,0.0,0.0,454.9016071428572,4696.419496031745,0.0
2025-09-13,0,36,6:00-6:10,437.3266833333333,83.50211666666665,0.7162000000000001,0.7224125,40.14623095238096,646.3906315476185,0.0,0.0,0.0,0.0,393.9707976190476,4258.674165343915,0.0
2025-09-13,0,37,6:10-6:20,443.03773333333334,132.93097857142857,0.66415,0.6696892857142858,31.703814285714316,637.637495833333,0.0,0.0,0.0,0.0,341.8105690476191,3878.8846441798937,0.0
2025-09-13,0,38,6:20-6:30,457.86833333333334,184.3455357142857,0.672375,0.6780879464285713,55.39869047619038,602.7291404761902,0.0,0.0,0.0,0.0,328.92148809523803,3513.4163240740736,0.0
2025-09-13,0,39,6:30-6:40,455.47664999999995,238.4933404761904,0.64025,0.6446982142857143,41.48712619047626,717.833710119048,0.0,0.0,0.0,0.0,258.4704357142858,3226.2269510582005,0.0
2025-09-13,0,40,6:40-6:50,480.11941666666667,293.8430047619047,0.6142749999999999,0.6140883928571428,46.08826190476191,799.8595547619047,0.0,0.0,0.0,0.0,232.36467380952388,2968.0439801587295,0.0
2025-09-13,0,41,6:50-7:00,529.9783333333332,348.70178571428573,0.624425,0.621625,51.21244047619041,871.5674023809522,0.0,0.0,0.0,0.0,232.48898809523791,2709.722882275132,0.0
2025-09-13,0,42,7:00-7:10,550.11275,401.8653571428572,0.641875,0.646074107142857,52.02557380952362,903.2053625000003,0.0,0.0,0.0,0.0,200.27296666666643,2487.197363756614,0.0
2025-09-13,0,43,7:10-7:20,531.0315166666667,452.4849738095238,0.625625,0.6344535714285714,60.91118333333344,935.0991166666669,0.0,0.0,0.0,0.0,139.45772619047625,2332.244334656085,0.0
2025-09-13,0,44,7:20-7:30,511.69333333333327,505.1928571428571,0.5509999999999999,0.5537919642857142,59.2536904761904,960.0629565476191,0.0,0.0,0.0,0.0,65.75416666666655,2259.1841494708997,0.0
2025-09-13,0,45,7:30-7:40,536.6007166666666,566.0284928571429,0.46275,0.45257455357142856,60.74443333333329,947.9584178571429,0.0,0.0,0.0,0.0,31.316657142857025,2224.387863756614,0.0
2025-09-13,0,46,7:40-7:50,531.6435666666666,625.542230952381,0.592,0.5786406250000001,45.809145238095084,921.9490773809525,0.0,0.0,0.0,0.0,34.79680535714301,2185.7247466931217,0.0
2025-09-13,0,47,7:50-8:00,500.6116666666667,681.0508928571428,0.827625,0.8212008928571428,38.643928571428546,887.1522720238095,0.0,0.0,0.0,0.0,11.86284226190409,2172.5438108465614,0.0
2025-09-13,0,48,8:00-8:10,521.2466833333333,737.5250142857144,0.8092499999999999,0.8048241071428571,41.41404285714299,848.5533732142856,0.0,0.0,0.0,0.0,-0.0,2172.543810846562,0.0
2025-09-13,0,49,8:10-8:20,538.0048333333333,788.4266761904762,0.7248500000000001,0.7188861607142858,69.8594261904762,821.7943886904765,0.0,0.0,0.0,-0.0,-0.0,2172.543810846562,0.0
2025-09-13,0,50,8:20-8:30,522.67,839.438392857143,0.7005999999999999,0.6929424107142854,79.59511904761922,874.557730357143,0.0,0.0,0.0,0.0,0.0,2172.543810846562,0.0
2025-09-13,0,51,8:30-8:40,516.6378333333333,903.8615666666666,0.681525,0.6722343750000003,72.95586666666696,875.2894297619056,0.0,0.0,0.0,-0.0,74.7187220238095,2089.5230085978847,0.0
2025-09-13,0,52,8:40-8:50,586.4089333333333,964.9600071428572,0.697925,0.6841281249999999,65.86325000000011,800.5707077380964,0.0,0.0,0.0,312.6878238095238,0.0,2370.9420500264564,0.0
2025-09-13,0,53,8:50-9:00,667.5666666666666,1006.2196428571428,0.727775,0.7095348214285714,108.06041666666681,717.4861255952393,0.0,0.0,0.0,230.59255952380943,0.0,2578.475353597884,0.0
2025-09-13,0,54,9:00-9:10,629.7862333333333,1026.164769047619,0.708425,0.6923107142857143,73.72764047619042,747.2977994047625,0.0,0.0,0.0,-0.0,522.6498616904752,1997.7532850529115,0.0
2025-09-13,0,55,9:10-9:20,616.7581333333333,1051.0152238095238,0.7117,0.6986218750000001,56.1774476190476,717.9779565476204,0.0,0.0,0.0,-0.0,46.12612857142972,1946.5020310846562,0.0
2025-09-13,0,56,9:20-9:30,650.8966666666666,1094.1955357142856,0.71555,0.704741964285714,64.95113095238062,671.8518279761907,0.0,0.0,0.0,0.0,-0.0,1946.5020310846562,0.0
2025-09-13,0,57,9:30-9:40,620.1933166666666,1147.069473809524,0.640725,0.6309723214285713,90.22309999999993,653.386667857143,0.0,0.0,0.0,0.0,6.449542857142841,1939.3358723544975,0.0
2025-09-13,0,58,9:40-9:50,632.3831333333333,1191.9136452380951,0.6805749999999999,0.6487044642857144,92.20416428571423,665.4022851190479,0.0,0.0,0.0,9.145368900645952,0.0,1947.5667043650787,0.0
2025-09-13,0,59,9:50-10:00,677.3866666666667,1223.1991071428572,0.809875,0.7449236607142856,76.86619047619054,672.810033928571,0.0,0.0,0.0,0.0,0.0,1947.5667043650785,0.0
2025-09-13,0,60,10:00-10:10,628.1211833333333,1250.4481904761906,0.79845,0.7276714285714287,52.53036428571386,599.8762095238092,0.0,0.0,0.0,195.78015026455228,0.0,2123.768839603176,0.0
2025-09-13,0,61,10:10-10:20,584.3507,1285.6507095238096,0.7447999999999999,0.6795919642857139,74.40513333333342,529.2025392857136,0.0,0.0,0.0,626.8948761904767,0.0,2687.974228174605,0.0
2025-09-13,0,62,10:20-10:30,600.9616666666666,1324.5205357142854,0.756125,0.6894776785714285,101.20232142857125,501.50760892857284,0.0,0.0,0.0,-0.0,833.3333333333333,1762.0483022486787,0.0
2025-09-13,0,63,10:30-10:40,631.5480833333334,1352.966788095238,0.7938999999999999,0.7195017857142856,99.32178095238123,505.84347202381093,0.0,0.0,0.0,-0.0,1.2153232142854904,1760.6979431216948,0.0
2025-09-13,0,64,10:40-10:50,639.9796166666666,1383.4704785714284,0.5656749999999999,0.5067223214285713,86.88330952380954,504.6281488095253,0.0,0.0,0.0,656.6075523809521,0.0,2351.6447402645517,0.0
2025-09-13,0,65,10:50-11:00,625.74,1409.0848214285716,0.20765,0.17872500000000008,100.43744047619032,485.93448511904876,0.0,0.0,0.0,-0.0,511.2081007619053,1783.6357394179902,0.0
2025-09-13,0,66,11:00-11:10,614.8464666666666,1410.443088095238,0.1728,0.14939289285714286,90.20588095238108,525.2721654761912,0.0,0.0,0.0,65.77916593180494,0.0,1842.8369887566146,0.0
2025-09-13,0,67,11:10-11:20,611.7079166666666,1421.777292857143,0.225775,0.19735269642857142,102.59410476190503,578.553289880953,0.0,0.0,0.0,83.00141828336335,0.0,1917.5382652116416,0.0
2025-09-13,0,68,11:20-11:30,612.4366666666666,1451.4169642857141,0.20950000000000002,0.18048080357142857,101.29113095238085,645.7844386904775,0.0,0.0,0.0,62.52153145208706,0.0,1973.8076435185199,0.0
2025-09-13,0,69,11:30-11:40,610.7240833333333,1472.7168642857137,0.196625,0.16775312499999998,83.78088095238081,696.426879166668,0.0,0.0,0.0,16.86763007054707,0.0,1988.9885105820122,0.0
2025-09-13,0,70,11:40-11:50,601.3604666666666,1478.2058547619047,0.15912500000000002,0.12999555357142864,101.12643095238067,710.089659523811,0.0,0.0,0.0,2.5957407407402875,0.0,1991.3246772486784,0.0
2025-09-13,0,71,11:50-12:00,593.2583333333333,1481.8044642857142,0.131675,0.10299966071428567,95.44845238095252,712.1922095238106,0.0,0.0,0.0,318.66947154614934,0.0,2278.1272016402127,0.0
2025-09-13,0,72,12:00-12:10,600.3092999999999,1500.7396333333331,0.18887500000000002,0.15589285714285722,125.58225238095235,681.2242797619062,0.0,0.0,0.0,0.0,0.0,2278.1272016402127,0.0
2025-09-13,0,73,12:10-12:20,602.0568666666666,1502.4538261904759,0.20829999999999999,0.1774486607142857,115.05527380952367,682.6301565476202,0.0,0.0,0.0,785.3416857142856,-0.0,2984.93471878307,0.0
2025-09-13,0,74,12:20-12:30,592.3499999999999,1479.1214285714286,0.15205,0.12604380357142855,119.09244047619018,737.0039916666678,0.0,0.0,0.0,767.6789880952385,0.0,3675.8458080687847,0.0
2025-09-13,0,75,12:30-12:40,584.5325833333333,1455.9055428571428,0.128775,0.1036465357142857,143.5249023809523,737.6640363095247,0.0,0.0,0.0,727.8480571428572,0.0,4330.909059497356,0.0
2025-09-13,0,76,12:40-12:50,577.8980333333333,1440.0051714285712,0.2817,0.24981785714285712,78.80468095238092,760.3589964285717,0.0,0.0,0.0,783.3024571428571,0.0,5035.881270925927,0.0
2025-09-13,0,77,12:50-13:00,571.3183333333333,1422.428571428571,0.5102,0.4781482142857144,83.7097023809522,839.7303684523808,0.0,0.0,0.0,767.4005357142856,0.0,5726.541753068785,0.0
2025-09-13,0,78,13:00-13:10,572.0072,1389.9201309523808,0.563075,0.5338968749999998,87.86341428571416,845.9336422619044,0.0,0.0,0.0,730.0495166666666,0.0,6383.586318068785,0.0
2025-09-13,0,79,13:10-13:20,604.47435,1356.5337904761905,0.58215,0.5546883928571428,92.68247142857149,770.5866321428568,0.0,0.0,0.0,659.376969047619,-0.0,6977.025590211642,0.0
2025-09-13,0,80,13:20-13:30,636.2383333333332,1325.261607142857,0.610125,0.5853946428571429,87.37678571428569,699.5344470238097,0.0,0.0,0.0,601.646488095238,0.0,7518.5074294973565,0.0
2025-09-13,0,81,13:30-13:40,606.343,1286.0901047619047,0.5649,0.5456352678571431,93.5759047619046,631.363524404762,0.0,0.0,0.0,586.1712000000003,0.0,8046.061509497356,0.0
2025-09-13,0,82,13:40-13:50,581.68905,1248.4626738095237,0.651525,0.6125508928571428,101.63007619047607,619.8922708333333,0.0,0.0,0.0,565.1435476190476,0.0,8554.690702354499,0.0
2025-09-13,0,83,13:50-14:00,585.4166666666666,1213.8160714285714,0.82125,0.7499526785714287,88.4495238095238,624.6997684523814,0.0,0.0,0.0,539.9498809523809,0.0,9040.645595211641,0.0
2025-09-13,0,84,14:00-14:10,576.6409833333332,1175.9627357142856,0.8079,0.7350138392857142,61.865845238095375,575.6809660714288,0.0,0.0,0.0,537.4559071428571,0.0,9524.355911640212,0.0
2025-09-13,0,85,14:10-14:20,564.04775,1149.1186595238094,0.779625,0.7118227678571429,64.603469047619,564.1752732142861,0.0,0.0,0.0,520.4674404761903,0.0,9992.776608068783,0.0
2025-09-13,0,86,14:20-14:30,571.345,1121.4794642857146,0.853575,0.7817379464285715,80.03851190476172,528.6312017857144,0.0,0.0,0.0,470.09595238095295,0.0,10415.862965211641,0.0
2025-09-13,0,87,14:30-14:40,607.3211166666666,1065.1053547619047,0.9354499999999999,0.8621325892857142,75.75640714285697,445.99441607142865,0.0,0.0,0.0,382.0278309523809,0.0,10759.688013068784,0.0
2025-09-13,0,88,14:40-14:50,616.9504166666666,1011.1105857142857,0.75605,0.7014491071428568,65.62083333333322,415.61311666666575,0.0,0.0,0.0,0.0,833.3333333333333,9833.762087142859,0.0
2025-09-13,0,89,14:50-15:00,598.0649999999999,972.4178571428572,0.432325,0.4060178571428571,79.80940476190474,392.2347714285704,0.0,0.0,0.0,294.54345238095254,0.0,10098.851194285717,0.0
2025-09-13,0,90,15:00-15:10,600.5206499999999,931.2221857142855,0.37245,0.3543053571428571,51.981314285714234,333.0208672619048,0.0,0.0,0.0,278.72022142857134,0.0,10349.69939357143,0.0
2025-09-13,0,91,15:10-15:20,607.8495166666667,880.3367452380953,0.44347499999999995,0.4245522321428571,56.5384142857142,300.1123029761902,0.0,0.0,0.0,215.94881428571443,0.0,10544.053326428575,0.0
2025-09-13,0,92,15:20-15:30,606.8416666666667,823.2044642857142,0.50035,0.4818486607142855,72.08148809523794,262.98030416666586,0.0,0.0,0.0,144.28130952380945,0.0,10673.906505000003,0.0
2025-09-13,0,93,15:30-15:40,609.3077166666667,768.9494523809524,0.535625,0.5180861607142857,45.30816666666675,243.75106071428513,0.0,0.0,0.0,114.333569047619,0.0,10776.806717142857,0.0
2025-09-13,0,94,15:40-15:50,641.6728499999999,718.8739523809523,0.577275,0.5633665178571429,51.430788095238256,206.47260952380896,0.0,0.0,0.0,25.770314285714107,0.0,10800.0,0.0
2025-09-13,0,95,15:50-16:00,663.5783333333333,669.7473214285715,0.615125,0.6037419642857145,59.52958333333322,233.51163333333264,53.360595238095016,53.360595238095016,53.360595238095016,0.0,0.0,10800.0,0.0
2025-09-13,0,96,16:00-16:10,611.5841166666667,617.4720761904762,0.6126750000000001,0.5966562499999998,53.48213809523804,254.64537916666626,47.59417857142853,47.59417857142853,47.59417857142853,0.0,0.0,10800.0,0.0
2025-09-13,0,97,16:10-16:20,603.521,564.3261952380951,0.610075,0.5931924107142859,49.333340476190415,218.60104999999965,88.52814523809525,88.52814523809525,88.52814523809525,-0.0,0.0,10800.0,0.0
2025-09-13,0,98,16:20-16:30,638.385,511.19642857142856,0.6345,0.6216803571428572,58.279940476190745,132.54798928571378,185.46851190476218,185.46851190476218,185.46851190476218,0.0,0.0,10800.0,0.0
2025-09-13,0,99,16:30-16:40,597.3359666666666,456.6844095238096,0.6711750000000001,0.6582633928571431,41.695692857142944,115.95974523809497,182.34724999999997,182.34724999999997,182.34724999999997,-0.0,0.0,10800.0,0.0
2025-09-13,0,100,16:40-16:50,546.4214333333333,402.1938785714286,0.6726749999999999,0.6614267857142859,35.819428571428716,108.02358452380898,180.0469833333334,180.0469833333334,180.0469833333334,0.0,0.0,10800.0,0.0
2025-09-13,0,101,16:50-17:00,520.9283333333333,347.41428571428565,0.6571750000000001,0.6501620535714289,55.90863095238092,122.91514285714251,229.42267857142855,229.42267857142855,229.42267857142855,0.0,0.0,10800.0,0.0
2025-09-13,0,102,17:00-17:10,496.10545,290.88160238095236,0.6917,0.6850272321428571,49.66892380952379,83.88398392857113,254.89277142857145,254.89277142857145,254.89277142857145,0.0,0.0,10800.0,0.0
2025-09-13,0,103,17:10-17:20,517.9768666666666,236.12380476190475,0.745525,0.7356901785714282,35.243002380952476,105.57150595237994,317.09606428571436,317.09606428571436,317.09606428571436,0.0,0.0,10800.0,0.0
2025-09-13,0,104,17:20-17:30,554.4083333333333,183.72499999999997,0.7630250000000001,0.7497133928571431,41.53416666666669,87.5472488095235,412.21750000000003,412.21750000000003,412.21750000000003,0.0,0.0,10800.0,0.0
2025-09-13,0,105,17:30-17:40,519.1170166666666,131.278369047619,0.7468,0.7335875,36.09725238095257,58.32421130952349,423.9359000000002,423.9359000000002,423.9359000000002,0.0,0.0,10800.0,0.0
2025-09-13,0,106,17:40-17:50,492.8847999999999,81.31921428571428,0.9128000000000001,0.9055446428571429,36.85668333333342,49.2396345238094,448.42226904761907,448.42226904761907,448.42226904761907,0.0,0.0,10800.0,0.0
2025-09-13,0,107,17:50-18:00,526.23,38.3625,1.178525,1.177916517857143,29.697440476190536,67.18582321428545,517.5649404761906,517.5649404761906,517.5649404761906,0.0,-0.0,10800.0,0.0
2025-09-13,0,108,18:00-18:10,583.5672833333333,8.077169047619048,1.2279750000000003,1.225825446428572,27.041671428571362,51.98019761904749,0.0,0.0,0.0,0.0,602.5317857142857,10130.520238095238,0.0
2025-09-13,0,109,18:10-18:20,581.8172833333333,0.0,1.2115,1.2041066964285712,22.675176190476236,59.05206071428546,0.0,0.0,0.0,0.0,604.4924595238095,9458.861949735448,0.0
2025-09-13,0,110,18:20-18:30,530.3499999999999,0.0,1.2212500000000002,1.2106629464285719,47.64833333333331,55.24705595238032,0.0,0.0,0.0,0.0,577.9983333333332,8816.641579365078,0.0
2025-09-13,0,111,18:30-18:40,517.3598666666667,0.477902380952381,1.2095500000000001,1.1959499999999998,23.536873809523968,99.97223928571395,540.4188380952382,540.4188380952382,540.4188380952382,0.0,0.0,8816.641579365078,0.0
2025-09-13,0,112,18:40-18:50,531.9762499999999,0.0,1.27645,1.2380580357142856,22.795019047618894,98.9448607142858,0.0,0.0,0.0,0.0,554.7712690476188,8200.229058201057,0.0
2025-09-13,0,113,18:50-19:00,530.96,0.0,1.39645,1.326862053571429,18.808333333333394,77.12172738095222,0.0,0.0,0.0,0.0,549.7683333333334,7589.375354497353,0.0
2025-09-13,0,114,19:00-19:10,487.4143333333333,0.034309523809523804,1.42705,1.359942857142857,25.735950000000116,92.20621428571337,0.0,0.0,0.0,0.0,513.1159738095239,7019.246494708993,0.0
2025-09-13,0,115,19:10-19:20,463.6295666666666,0.0,1.4146,1.3547995535714281,22.04750000000024,99.33662261904703,0.0,0.0,0.0,0.0,485.67706666666686,6479.605309523808,0.0
2025-09-13,0,116,19:20-19:30,497.82833333333326,0.0,1.40835,1.345086607142857,22.930000000000064,61.34877678571394,0.0,0.0,0.0,0.0,520.7583333333333,5900.984939153437,0.0
2025-09-13,0,117,19:30-19:40,566.42455,0.00245952380952381,1.40875,1.3434683035714288,30.820128571428768,46.79544642857101,0.0,0.0,0.0,0.0,597.2422190476192,5237.382473544972,0.0
2025-09-13,0,118,19:40-19:50,588.4176,0.0,1.406975,1.3409732142857143,14.022461904762054,74.96876369047587,0.0,0.0,0.0,0.0,602.440061904762,4568.004626984125,0.0
2025-09-13,0,119,19:50-20:00,561.755,0.0,1.4064,1.340057589285714,10.18500000000006,76.62537559523807,0.0,0.0,0.0,0.0,571.94,3932.515738095236,0.0
2025-09-13,0,120,20:00-20:10,554.9237666666667,0.0001238095238095238,1.414575,1.3495861607142852,21.153430952380972,48.990213095238175,0.0,0.0,0.0,0.0,576.0770738095239,3292.430100529098,0.0
2025-09-13,0,121,20:10-20:20,548.5979833333333,0.0,1.4016,1.339073660714286,28.095197619047553,56.250102380952484,0.0,0.0,0.0,0.0,576.6931809523809,2651.659899470897,0.0
2025-09-13,0,122,20:20-20:30,527.66,0.0,1.4041,1.3401285714285718,17.79166666666663,78.4116291666667,0.0,0.0,0.0,0.0,545.4516666666666,2045.6024920634895,0.0
2025-09-13,0,123,20:30-20:40,507.1043833333333,0.0,1.450625,1.3805892857142863,28.221716666666566,63.73221547619032,0.0,0.0,0.0,0.0,535.3260999999999,1450.7957142857117,0.0
2025-09-13,0,124,20:40-20:50,512.3148166666666,0.0,1.2545,1.2039013392857145,19.999766666666574,87.14552083333324,381.1626154761924,381.1626154761924,381.1626154761924,0.0,151.1519678571408,1282.849083333333,0.0
2025-09-13,0,125,20:50-21:00,540.605,0.0,0.924,0.9063397321428572,26.578333333333376,74.56417499999974,590.0464969135804,590.0464969135804,590.0464969135804,22.863163580247043,0.0,1303.4259305555554,0.0
2025-09-13,0,126,21:00-21:10,563.4119833333333,0.0,0.879825,0.8637656249999994,23.684883333333346,93.08333749999987,599.0205292181074,599.0205292181074,599.0205292181074,11.923662551440783,0.0,1314.157226851852,0.0
2025-09-13,0,127,21:10-21:20,570.6858333333332,0.0,0.9059750000000001,0.8821165178571428,26.428916666666737,82.92185416666675,597.11475,597.11475,597.11475,0.0,0.0,1314.157226851852,0.0
2025-09-13,0,128,21:20-21:30,569.7433333333333,0.0,0.8983,0.8746089285714286,24.04833333333329,85.73672083333332,593.7916666666666,593.7916666666666,593.7916666666666,0.0,0.0,1314.157226851852,0.0
2025-09-13,0,129,21:30-21:40,566.2620666666667,0.0,0.9335,0.9128191964285717,29.54936666666663,62.994879166666635,595.8114333333333,595.8114333333333,595.8114333333333,0.0,0.0,1314.157226851852,0.0
2025-09-13,0,130,21:40-21:50,513.8929166666667,0.0,0.728675,0.706422767857143,26.15594999999996,102.74150416666679,554.5534037037033,554.5534037037033,554.5534037037033,14.504537037036647,0.0,1327.211310185185,0.0
2025-09-13,0,131,21:50-22:00,447.5333333333333,0.0,0.39485,0.36950401785714293,21.053333333333285,114.49017916666665,1301.9199999999998,1301.9199999999998,1301.9199999999998,833.3333333333333,0.0,2077.211310185185,0.0
2025-09-13,0,132,22:00-22:10,454.5541166666667,0.0,0.364975,0.34353214285714284,17.427616666666665,75.36355833333332,1305.3150666666666,1305.3150666666666,1305.3150666666666,833.3333333333333,0.0,2827.211310185185,0.0
2025-09-13,0,133,22:10-22:20,458.69961666666666,0.0,0.42290000000000005,0.40060848214285716,26.067916666666633,65.08633749999998,484.7675333333333,484.7675333333333,484.7675333333333,0.0,0.0,2827.211310185185,0.0
2025-09-13,0,134,22:20-22:30,433.63166666666666,0.0,0.41355000000000003,0.3860165178571427,22.120000000000005,58.8731958333334,597.5786059670786,597.5786059670786,597.5786059670786,141.82693930041194,0.0,2954.855555555556,0.0
2025-09-13,0,135,22:30-22:40,430.3634333333333,0.0,0.39932500000000004,0.3740799107142857,25.824666666666758,34.64421666666661,1289.5214333333333,1289.5214333333333,1289.5214333333333,833.3333333333333,0.0,3704.855555555556,0.0
2025-09-13,0,136,22:40-22:50,442.4028333333333,0.0,0.395225,0.36960178571428565,24.74316666666664,29.711983333333222,1300.4793333333332,1300.4793333333332,1300.4793333333332,833.3333333333333,0.0,4454.855555555556,0.0
2025-09-13,0,137,22:50-23:00,460.03499999999997,0.0,0.387275,0.3603857142857144,32.8566666666668,66.03248333333332,1326.225,1326.225,1326.225,833.3333333333333,0.0,5204.855555555556,0.0
2025-09-13,0,138,23:00-23:10,478.69079999999997,0.0,0.36697499999999994,0.34981026785714275,26.72158333333323,89.40676249999967,1338.7457166666663,1338.7457166666663,1338.7457166666663,833.3333333333333,0.0,5954.855555555556,0.0
2025-09-13,0,139,23:10-23:20,467.80435,0.0,0.40069999999999995,0.3866482142857142,14.333683333333397,80.65367916666642,482.1380333333334,482.1380333333334,482.1380333333334,0.0,0.0,5954.855555555556,0.0
2025-09-13,0,140,23:20-23:30,437.32666666666665,0.0,0.4451,0.42370625000000006,26.74666666666667,53.58852083333312,464.0733333333333,464.0733333333333,464.0733333333333,0.0,0.0,5954.855555555556,0.0
2025-09-13,0,141,23:30-23:40,441.19599999999997,0.0,0.39615,0.37102812500000004,16.842866666666737,55.722979166666505,1291.3722,1291.3722,1291.3722,833.3333333333333,0.0,6704.855555555556,0.0
2025-09-13,0,142,23:40-23:50,516.7460166666666,0.0,0.41309999999999997,0.38828303571428563,27.03135000000009,43.104504166666544,543.7773666666667,543.7773666666667,543.7773666666667,0.0,0.0,6704.855555555556,0.0
2025-09-13,0,143,23:50-24:00,606.68,0.0,0.5018,0.479367857142857,27.690000000000055,29.833333333333286,0.0,0.0,0.0,0.0,634.37,6000.0,0.0
2025-09-14,0,0,0:00-0:10,608.6756166666667,0.0,0.4387,0.4189857142857143,20.892033333333416,53.03942500000001,629.5676500000001,629.5676500000001,629.5676500000001,0.0,0.0,6943.047141216936,0.0
2025-09-14,0,1,0:10-0:20,595.9162166666666,0.0,0.4059,0.3860812500000001,16.52918333333332,54.568387500000156,612.4454,612.4454,612.4454,0.0,0.0,6943.047141216935,0.0
2025-09-14,0,2,0:20-0:30,590.0683333333333,0.0,0.3855,0.3630526785714284,30.168333333333294,65.39400833333346,1453.5699999999997,1453.5699999999997,1453.5699999999997,833.3333333333333,0.0,7693.047141216935,0.0
2025-09-14,0,3,0:30-0:40,551.0749999999999,0.0,0.3572,0.33395758928571434,13.825683333333359,76.75785416666677,1398.2340166666665,1398.2340166666665,1398.2340166666665,833.3333333333333,0.0,8443.047141216935,0.0
2025-09-14,0,4,0:40-0:50,571.2968999999999,0.0,0.3664,0.34339955357142854,20.179416666666725,76.7560250000002,1424.80965,1424.80965,1424.80965,833.3333333333333,0.0,9193.047141216935,0.0
2025-09-14,0,5,0:50-1:00,635.8433333333332,0.0,0.4082,0.3843165178571429,35.91166666666652,67.71650416666685,671.7549999999998,671.7549999999998,671.7549999999998,0.0,0.0,9193.047141216935,0.0
2025-09-14,0,6,1:00-1:10,629.0153833333333,0.0,0.4285,0.4019875000000002,31.91046666666665,64.57267500000006,660.9258499999999,660.9258499999999,660.9258499999999,0.0,0.0,9193.047141216935,0.0
2025-09-14,0,7,1:10-1:20,595.7090833333333,0.0,0.4431,0.41756562499999994,25.461566666666613,30.006783333333374,621.1706499999999,621.1706499999999,621.1706499999999,0.0,0.0,9193.047141216935,0.0
2025-09-14,0,8,1:20-1:30,580.8566666666666,0.0,0.4546,0.43201517857142857,27.796666666666738,77.37640416666653,608.6533333333333,608.6533333333333,608.6533333333333,0.0,0.0,9193.047141216935,0.0
2025-09-14,0,9,1:30-1:40,587.2139333333333,0.0,0.443,0.41886160714285714,12.844799999999964,73.21487916666666,600.0587333333333,600.0587333333333,600.0587333333333,0.0,0.0,9193.047141216935,0.0
2025-09-14,0,10,1:40-1:50,614.0509166666666,0.0,0.4261,0.4036522321428571,18.15883333333329,59.76821488095237,632.2097499999999,632.2097499999999,632.2097499999999,0.0,0.0,9193.047141216935,0.0
2025-09-14,0,11,1:50-2:00,627.3183333333333,0.0,0.4179,0.3999861607142857,17.654999999999973,79.1743124999997,644.9733333333332,644.9733333333332,644.9733333333332,0.0,0.0,9193.047141216935,0.0
2025-09-14,0,12,2:00-2:10,588.2982499999999,0.0,0.4162,0.3968834821428571,27.29774999999995,82.55986249999995,615.5959999999999,615.5959999999999,615.5959999999999,0.0,0.0,9193.047141216935,0.0
2025-09-14,0,13,2:10-2:20,567.7601666666667,0.0,0.4085,0.386575,28.07563333333337,53.92594940476181,595.8358000000001,595.8358000000001,595.8358000000001,0.0,0.0,9193.047141216935,0.0
2025-09-14,0,14,2:20-2:30,585.47,0.0,0.416,0.395466517857143,9.606666666666683,59.23246249999997,595.0766666666667,595.0766666666667,595.0766666666667,0.0,0.0,9193.047141216935,0.0
2025-09-14,0,15,2:30-2:40,591.4414833333333,0.0,0.4641,0.44904776785714284,22.65226666666672,59.786983333333296,614.09375,614.09375,614.09375,0.0,0.0,9193.047141216935,0.0
2025-09-14,0,16,2:40-2:50,572.9673666666666,0.0,0.4566,0.44330178571428563,22.700733333333346,79.1052750000002,595.6681,595.6681,595.6681,0.0,0.0,9193.047141216935,0.0
2025-09-14,0,17,2:50-3:00,558.0066666666667,0.0,0.4009,0.3856080357142856,10.789999999999964,102.94125416666688,568.7966666666666,568.7966666666666,568.7966666666666,0.0,0.0,9193.047141216935,0.0
2025-09-14,0,18,3:00-3:10,583.19405,0.0,0.4018,0.38716874999999995,34.67196666666655,56.89714464285723,617.8660166666665,617.8660166666665,617.8660166666665,0.0,0.0,9193.047141216935,0.0
2025-09-14,0,19,3:10-3:20,600.4392833333333,0.0,0.4171,0.39973883928571435,24.212800000000016,74.77986547619045,624.6520833333333,624.6520833333333,624.6520833333333,0.0,0.0,9193.047141216935,0.0
2025-09-14,0,20,3:20-3:30,596.9583333333333,0.0,0.429,0.4070084821428571,15.50666666666666,83.79585773809491,612.4649999999999,612.4649999999999,612.4649999999999,0.0,0.0,9193.047141216935,0.0
2025-09-14,0,21,3:30-3:40,604.1411833333333,0.0,0.4569,0.43718839285714267,20.80838333333338,87.37551130952339,624.9495666666667,624.9495666666667,624.9495666666667,0.0,0.0,9193.047141216935,0.0
2025-09-14,0,22,3:40-3:50,604.0625,9.285714285714285e-05,0.4215,0.406174107142857,14.47267619047625,83.51043095238087,618.5350833333334,618.5350833333334,618.5350833333334,0.0,0.0,9193.047141216935,0.0
2025-09-14,0,23,3:50-4:00,594.9216666666666,0.0,0.3668,0.35332723214285705,21.100000000000023,53.0780351190474,1449.355,1449.355,1449.355,833.3333333333333,0.0,9943.047141216935,0.0
2025-09-14,0,24,4:00-4:10,598.1753666666666,0.0,0.4222,0.40875669642857143,20.923178571428593,42.11636249999984,619.0985452380952,619.0985452380952,619.0985452380952,0.0,0.0,9943.047141216935,0.0
2025-09-14,0,25,4:10-4:20,611.5930333333333,0.002152380952380952,0.4728,0.46445982142857145,30.423740476190574,67.17771309523798,63.27219433332971,63.27219433332971,63.27219433332971,0.0,578.7424270952419,9300.0,0.0
2025-09-14,0,26,4:20-4:30,617.4966666666667,0.0,0.4442,0.44075937499999984,20.533333333333303,94.12259761904772,638.03,638.03,638.03,0.0,0.0,9300.0,0.0
2025-09-14,0,27,4:30-4:40,600.58355,0.0,0.3809,0.37020357142857163,21.532771428571436,93.90356249999996,1455.4496547619046,1455.4496547619046,1455.4496547619046,833.3333333333333,0.0,10050.0,0.0
2025-09-14,0,28,4:40-4:50,590.6470166666666,0.029952380952380953,0.3842,0.36931651785714287,18.313695238095306,138.65190297619043,1442.2640928571427,1442.2640928571427,1442.2640928571427,833.3333333333333,0.0,10800.0,0.0
2025-09-14,0,29,4:50-5:00,600.8983333333333,0.0,0.449,0.4360049107142858,19.948333333333267,141.303004166667,620.8466666666666,620.8466666666666,620.8466666666666,0.0,0.0,10800.0,0.0
2025-09-14,0,30,5:00-5:10,618.3110166666667,0.0,0.481,0.46565312499999995,28.601747619047615,187.91715595238117,646.9127642857143,646.9127642857143,646.9127642857143,0.0,0.0,10800.0,0.0
2025-09-14,0,31,5:10-5:20,635.8541833333334,0.4172071428571429,0.5022,0.4924397321428572,25.248552380952333,219.40814642857163,0.0,0.0,0.0,0.0,660.6855285714286,10065.904968253968,0.0
2025-09-14,0,32,5:20-5:30,628.2133333333334,0.0,0.474,0.47660401785714285,27.6599404761904,331.0480202380955,641.5588023809526,641.5588023809526,641.5588023809526,0.0,14.314471428571231,10050.0,0.0
2025-09-14,0,33,5:30-5:40,588.4905,0.0,0.3739,0.38036562499999993,28.103849999999966,522.4675386904762,1449.9276833333333,1449.9276833333333,1449.9276833333333,833.3333333333333,0.0,10800.0,0.0
2025-09-14,0,34,5:40-5:50,654.5576166666666,7.124659523809525,0.5792,0.585691517857143,37.88358095238084,585.5183851190476,685.3165380952379,685.3165380952379,685.3165380952379,0.0,-0.0,10800.0,0.0
2025-09-14,0,35,5:50-6:00,790.1533333333333,35.47053571428572,0.9552,0.962115625,41.587619047619114,599.1522952380951,0.0,0.0,0.0,0.0,796.2704166666667,9915.255092592593,0.0
2025-09-14,0,36,6:00-6:10,811.9212833333332,78.58274285714285,0.9635,0.9703660714285717,40.14623095238096,621.0499249999998,0.0,0.0,0.0,0.0,773.4847714285713,9055.82756878307,0.0
2025-09-14,0,37,6:10-6:20,787.5176499999999,127.36464523809522,0.888,0.8954116071428573,33.265861904761834,612.2967892857143,0.0,0.0,0.0,0.0,693.4188666666665,8285.362161375662,0.0
2025-09-14,0,38,6:20-6:30,786.1166666666666,177.0875,0.9028,0.9103098214285718,55.39869047619038,578.950481547619,0.0,0.0,0.0,0.0,664.427857142857,7547.108986772488,0.0
2025-09-14,0,39,6:30-6:40,806.3638666666667,228.5770523809524,0.8882,0.8926508928571429,42.862240476190465,711.7338940476195,0.0,0.0,0.0,0.0,620.6490547619047,6857.498925925927,0.0
2025-09-14,0,40,6:40-6:50,820.0427,282.8390166666667,0.8397,0.8395316964285715,45.89914523809534,785.6904351190476,0.0,0.0,0.0,0.0,583.1028285714286,6209.606894179896,0.0
2025-09-14,0,41,6:50-7:00,816.9766666666666,339.32678571428573,0.7905,0.7891834821428573,51.21244047619041,857.2091660714286,0.0,0.0,0.0,0.0,528.8623214285712,5621.982092592594,0.0
2025-09-14,0,42,7:00-7:10,811.6449666666667,395.82644047619044,0.7715,0.7764120535714285,52.02557380952362,889.5876023809528,0.0,0.0,0.0,0.0,467.8440999999999,5102.155314814817,0.0
2025-09-14,0,43,7:10-7:20,818.6454999999999,449.8850761904762,0.7803,0.7892834821428568,60.91118333333344,921.4813565476193,0.0,0.0,0.0,0.0,429.67160714285706,4624.742417989421,0.0
2025-09-14,0,44,7:20-7:30,800.565,505.43125,0.7342,0.7380651785714287,59.2536904761904,946.4451964285716,277.6216023809504,277.6216023809504,277.6216023809504,0.0,76.76583809524008,4539.447042328043,0.0
2025-09-14,0,45,7:30-7:40,737.6144666666667,568.6257904761903,0.6011,0.5930522321428573,60.74443333333329,934.3406577380955,1063.0664428571429,1063.0664428571429,1063.0664428571429,833.3333333333333,0.0,5289.447042328043,0.0
2025-09-14,0,46,7:40-7:50,870.8419,629.321819047619,0.8084,0.7976102678571425,45.809145238095084,908.331317261905,0.0,0.0,0.0,0.0,287.3292261904761,4970.192346560847,0.0
2025-09-14,0,47,7:50-8:00,1125.6499999999999,683.6973214285714,1.2261,1.2216683035714284,54.37446428571428,873.534511904762,0.0,0.0,0.0,0.0,496.3271428571428,4418.7177433862435,0.0
2025-09-14,0,48,8:00-8:10,1164.8485666666666,736.4272047619047,1.2577,1.254007142857143,50.59351190476201,850.6661488095237,0.0,0.0,0.0,0.0,479.0148738095238,3886.4789947089944,0.0
2025-09-14,0,49,8:10-8:20,1120.3266666666666,784.714769047619,1.1236,1.118858482142857,69.8594261904762,857.5025029761905,0.0,0.0,0.0,0.0,405.4713238095237,3435.955301587301,0.0
2025-09-14,0,50,8:20-8:30,1103.4066666666665,833.5651785714286,1.0576,1.0522995535714288,79.59511904761922,910.2658446428571,0.0,0.0,0.0,0.0,349.43660714285704,3047.6924047619045,0.0
2025-09-14,0,51,8:30-8:40,1090.9684,893.9925857142857,1.0685,1.0600160714285711,72.95586666666696,905.6456678571435,0.0,0.0,0.0,0.0,269.93168095238116,2747.7683148148144,0.0
2025-09-14,0,52,8:40-8:50,1089.3835666666666,961.4801499999999,1.0606,1.0471116071428568,64.716645238095,830.9269458333343,0.0,0.0,0.0,0.0,192.62006190476177,2533.7460238095236,0.0
2025-09-14,0,53,8:50-9:00,1094.625,1017.7919642857142,1.015,0.997869196428571,108.06041666666681,875.0652964285716,0.0,0.0,0.0,0.0,184.89345238095245,2328.3088544973543,0.0
2025-09-14,0,54,9:00-9:10,1086.2691666666665,1047.064719047619,0.9945,0.9780299107142855,73.72764047619042,936.2014422619051,0.0,0.0,0.0,0.0,112.93208809523776,2202.828756613757,0.0
2025-09-14,0,55,9:10-9:20,1057.1942666666666,1080.4510476190476,0.9837,0.9688790178571429,56.1774476190476,878.7383803571423,0.0,0.0,0.0,0.0,32.92066666666665,2166.2502380952383,0.0
2025-09-14,0,56,9:20-9:30,1039.2399999999998,1129.3526785714284,0.9677,0.9554089285714282,64.95113095238062,869.6252142857145,0.0,0.0,0.0,25.16154761904795,0.0,2188.8956309523815,0.0
2025-09-14,0,57,9:30-9:40,1072.9859,1175.8111738095236,0.948,0.9376718750000002,88.59498571428566,825.9123065476185,0.0,0.0,0.0,14.230288095237938,0.0,2201.7028902380957,0.0
2025-09-14,0,58,9:40-9:50,1095.2699333333333,1211.3017595238096,0.9095,0.8765727678571424,89.14932380952398,817.1589154761899,0.0,0.0,0.0,26.882502380952246,0.0,2225.8971423809526,0.0
2025-09-14,0,59,9:50-10:00,1084.6983333333333,1239.7267857142856,0.8899,0.8222705357142859,76.86619047619054,808.7673261904755,0.0,0.0,0.0,78.16226190476186,0.0,2296.2431780952384,0.0
2025-09-14,0,60,10:00-10:10,1079.2143666666666,1271.9779619047617,0.9354,0.8613276785714287,52.53036428571386,768.024516071428,0.0,0.0,0.0,140.2332309523813,0.0,2422.4530859523816,0.0
2025-09-14,0,61,10:10-10:20,1081.8147666666666,1307.9453619047617,0.9073,0.8389383928571428,63.02355952380958,697.3740892857134,0.0,0.0,0.0,163.10703571428553,0.0,2569.2494180952385,0.0
2025-09-14,0,62,10:20-10:30,1087.7633333333333,1342.9848214285712,0.8203,0.7501218749999998,93.69505952380928,672.4136880952377,0.0,0.0,0.0,161.5264285714286,0.0,2714.623203809524,0.0
2025-09-14,0,63,10:30-10:40,1090.8262833333333,1372.9991261904756,0.803,0.7235928571428569,99.32178095238123,677.91401547619,0.0,0.0,0.0,182.85106190476108,0.0,2879.189159523809,0.0
2025-09-14,0,64,10:40-10:50,1073.6660666666667,1402.3260095238095,0.6515,0.5885834821428569,86.88330952380954,674.2680458333331,0.0,0.0,0.0,241.77663333333317,0.0,3096.788129523809,0.0
2025-09-14,0,65,10:50-11:00,1059.245,1426.9464285714284,0.4278,0.39806517857142854,97.4755357142858,657.9062714285706,563.1074404761905,563.1074404761905,563.1074404761905,833.3333333333333,0.0,3846.788129523809,0.0
2025-09-14,0,66,11:00-11:10,1082.0073333333332,1438.3324357142858,0.4307,0.4068303571428572,79.50212857142878,744.2487803571419,556.5103595238095,556.5103595238095,556.5103595238095,833.3333333333333,0.0,4596.788129523809,0.0
2025-09-14,0,67,11:10-11:20,1056.3668166666666,1451.2762952380954,0.5047,0.475600892857143,90.40529523809516,794.1446404761897,0.0,0.0,0.0,304.50418333333346,0.0,4870.841894523809,0.0
2025-09-14,0,68,11:20-11:30,1012.3649999999999,1473.3214285714284,0.5032,0.47203437499999995,88.94125000000001,852.9906208333327,0.0,0.0,0.0,372.0151785714286,0.0,5205.655555238095,0.0
2025-09-14,0,69,11:30-11:40,1061.3974666666666,1495.2451499999997,0.4353,0.4028973214285715,74.80776904761888,891.2831803571426,474.29341904761895,474.29341904761895,474.29341904761895,833.3333333333333,0.0,5955.655555238095,0.0
2025-09-14,0,70,11:40-11:50,1063.86855,1495.2129833333333,0.4214,0.3900866071428573,87.18255714285723,895.9728488095234,489.171457142857,489.171457142857,489.171457142857,833.3333333333333,0.0,6705.655555238094,0.0
2025-09-14,0,71,11:50-12:00,998.4683333333334,1486.516964285714,0.4438,0.41306026785714284,92.69696428571456,884.1315249999996,110.6893314814809,110.6893314814809,110.6893314814809,506.0409981481469,0.0,7161.092453571427,0.0
2025-09-14,0,72,12:00-12:10,988.5302666666666,1501.891557142857,0.3916,0.35676651785714286,94.21039523809543,865.7007089285714,414.18243809523824,414.18243809523824,414.18243809523824,833.3333333333333,0.0,7911.092453571427,0.0
2025-09-14,0,73,12:10-12:20,1006.7629833333333,1501.343461904762,0.427,0.395391517857143,101.52983095238096,834.4693654761904,440.28268571428544,440.28268571428544,440.28268571428544,833.3333333333333,0.0,8661.092453571428,0.0
2025-09-14,0,74,12:20-12:30,1017.1149999999999,1472.694642857143,0.5203,0.49630937499999994,94.43113095238081,871.902267857143,0.0,0.0,0.0,361.14851190476224,0.0,8986.126114285713,0.0
2025-09-14,0,75,12:30-12:40,1016.9867833333333,1445.389461904762,0.4891,0.4615763392857143,93.09122857142842,847.9010029761904,0.0,0.0,0.0,335.31145000000015,0.0,9287.906419285713,0.0
2025-09-14,0,76,12:40-12:50,1014.0279,1428.9708404761905,0.574,0.5413999999999998,53.90694047619081,826.8559815476178,0.0,0.0,0.0,361.0359999999996,0.0,9612.838819285713,0.0
2025-09-14,0,77,12:50-13:00,1019.3233333333333,1410.98125,0.7802,0.7478982142857143,73.7593452380952,881.3296130952372,0.0,0.0,0.0,317.8985714285716,0.0,9898.947533571427,0.0
2025-09-14,0,78,13:00-13:10,1038.3751166666666,1372.6121738095237,0.8491,0.819747321428571,82.41580952380961,877.5825297619035,0.0,0.0,0.0,251.82124761904743,0.0,10125.58665642857,0.0
2025-09-14,0,79,13:10-13:20,1050.66235,1334.6473357142859,0.8424,0.814369642857143,92.68247142857149,796.3071839285706,0.0,0.0,0.0,191.30251428571432,0.0,10297.758919285714,0.0
2025-09-14,0,80,13:20-13:30,1055.53,1303.75,0.8349,0.8096227678571432,69.41065476190465,717.0249059523804,0.0,0.0,0.0,178.80934523809537,0.0,10458.68733,0.0
2025-09-14,0,81,13:30-13:40,1067.3873666666666,1267.8874904761904,0.8331,0.8140531249999997,91.15723333333352,630.8878523809517,0.0,0.0,0.0,109.34289047619018,0.0,10557.095931428572,0.0
2025-09-14,0,82,13:40-13:50,1057.3589833333333,1236.2266238095237,0.8552,0.8154290178571431,101.63007619047607,616.6341880952377,0.0,0.0,0.0,77.23756428571437,0.0,10626.609739285714,0.0
2025-09-14,0,83,13:50-14:00,1030.905,1204.9160714285713,0.8777,0.8040482142857142,88.4495238095238,629.412510714286,0.0,0.0,0.0,85.56154761904759,0.0,10703.615132142857,0.0
2025-09-14,0,84,14:00-14:10,1026.44455,1161.48585,0.8587,0.7849102678571428,61.865845238095375,572.2832083333333,0.0,0.0,0.0,73.1754547619048,0.0,10769.473041428571,0.0
2025-09-14,0,85,14:10-14:20,1032.8833,1131.4056119047616,0.8617,0.7926883928571431,64.603469047619,559.7327636904763,0.0,0.0,0.0,33.918842857142636,0.0,10800.0,0.0
2025-09-14,0,86,14:20-14:30,1036.195,1106.1205357142858,0.9211,0.8457633928571431,80.03851190476172,525.8416779761905,0.0,0.0,0.0,0.0,10.11297619047582,10788.76335978836,0.0
2025-09-14,0,87,14:30-14:40,1036.9317833333332,1050.2361095238095,0.9814,0.9050674107142858,75.75640714285697,445.9010583333332,0.0,0.0,0.0,0.0,62.452080952380584,10719.372158730159,0.0
2025-09-14,0,88,14:40-14:50,1052.4656499999999,994.4505214285714,0.8641,0.8079696428571431,65.62083333333322,418.2963535714273,0.0,0.0,0.0,0.0,123.63596190476164,10581.998867724868,0.0
2025-09-14,0,89,14:50-15:00,1065.3616666666667,954.550892857143,0.6446,0.6178566964285711,71.11124999999998,394.918008333332,181.92202380952358,181.92202380952358,181.92202380952358,0.0,0.0,10581.998867724868,0.0
2025-09-14,0,90,15:00-15:10,1037.6157333333333,915.4318999999998,0.5961,0.578499107142857,50.46226666666689,324.2293547619046,414.86958030570315,414.86958030570315,414.86958030570315,242.22348030570274,0.0,10800.0,0.0
2025-09-14,0,91,15:10-15:20,1003.37095,866.4825047619047,0.6469,0.62805625,51.541052380952294,296.63272261904734,188.42949761904765,188.42949761904765,188.42949761904765,0.0,0.0,10800.0,0.0
2025-09-14,0,92,15:20-15:30,988.2399999999999,807.7955357142856,0.6938,0.6743013392857141,72.08148809523794,244.04094821428487,252.52595238095216,252.52595238095216,252.52595238095216,-0.0,0.0,10800.0,0.0
2025-09-14,0,93,15:30-15:40,995.0427166666666,748.9640238095237,0.7144,0.6965714285714285,45.30816666666675,234.15937142857084,291.38685952380956,291.38685952380956,291.38685952380956,-0.0,0.0,10800.0,0.0
2025-09-14,0,94,15:40-15:50,1040.7125999999998,699.9516595238094,0.7763,0.7629669642857143,51.430788095238256,196.78518928571373,392.1917285714287,392.1917285714287,392.1917285714287,-0.0,0.0,10800.0,0.0
2025-09-14,0,95,15:50-16:00,1084.7166666666667,654.5151785714286,0.8656,0.8550522321428572,59.52958333333322,210.37894940476113,489.73107142857134,489.73107142857134,489.73107142857134,0.0,0.0,10800.0,0.0
2025-09-14,0,96,16:00-16:10,1062.0078166666667,597.5059738095238,0.8912,0.8764477678571426,58.54359047619039,231.9480642857138,523.0454333333332,523.0454333333332,523.0454333333332,0.0,0.0,10800.0,0.0
2025-09-14,0,97,16:10-16:20,1050.4173,542.2359333333334,0.8662,0.8506357142857145,62.99529999999993,200.96518749999953,571.1766666666667,571.1766666666667,571.1766666666667,0.0,0.0,10800.0,0.0
2025-09-14,0,98,16:20-16:30,1067.8999999999999,493.13750000000005,0.8367,0.8251267857142855,58.279940476190745,163.40938988095184,633.0424404761904,633.0424404761904,633.0424404761904,-0.0,0.0,10800.0,0.0
2025-09-14,0,99,16:30-16:40,1056.4705666666666,441.1948119047618,0.8457,0.8345959821428572,45.38025952380974,145.60394285714236,660.6560142857145,660.6560142857145,660.6560142857145,0.0,0.0,10800.0,0.0
2025-09-14,0,100,16:40-16:50,1038.5362499999999,388.12023571428574,0.8948,0.8847022321428571,35.819428571428716,138.49285059523794,686.2354428571429,686.2354428571429,686.2354428571429,0.0,0.0,10800.0,0.0
2025-09-14,0,101,16:50-17:00,1036.6233333333332,334.64374999999995,0.9651,0.9581928571428573,55.90863095238092,122.11869047619015,757.8882142857142,757.8882142857142,757.8882142857142,0.0,0.0,10800.0,0.0
2025-09-14,0,102,17:00-17:10,1045.8376166666667,279.37761666666665,1.0275,1.0220593750000002,49.7190047619049,96.3703809523808,816.1790047619049,816.1790047619049,816.1790047619049,0.0,-0.0,10800.0,0.0
2025-09-14,0,103,17:10-17:20,1038.8855333333331,227.5058452380952,1.0559,1.046802232142857,36.350266666666585,114.58149107142799,847.7299547619045,847.7299547619045,847.7299547619045,0.0,0.0,10800.0,0.0
2025-09-14,0,104,17:20-17:30,1054.405,178.48660714285714,1.0504,1.0356004464285713,41.052976190476215,94.07557499999967,916.971369047619,916.971369047619,916.971369047619,-0.0,0.0,10800.0,0.0
2025-09-14,0,105,17:30-17:40,1126.9814,126.78721428571427,1.0525,1.0377642857142857,36.09725238095257,60.33992321428539,1036.2914380952382,1036.2914380952382,1036.2914380952382,0.0,0.0,10800.0,0.0
2025-09-14,0,106,17:40-17:50,1007.2681166666666,76.55861428571428,1.1617,1.1539125000000001,36.85668333333342,55.2867702380951,967.5661857142858,967.5661857142858,967.5661857142858,0.0,0.0,10800.0,0.0
2025-09-14,0,107,17:50-18:00,771.7833333333333,34.52410714285714,1.3135,1.3122196428571427,29.697440476190536,72.56541845238092,0.0,0.0,0.0,0.0,766.9566666666667,9947.825925925927,0.0
2025-09-14,0,108,18:00-18:10,756.6035666666667,6.974283333333333,1.3247,1.3199383928571427,18.97882380952376,61.267102380952025,0.0,0.0,0.0,0.0,768.6081071428571,9093.81691798942,0.0
2025-09-14,0,109,18:10-18:20,758.1825833333334,0.0,1.2514,1.2414227678571432,22.675176190476236,59.43547559523799,780.8577595238096,780.8577595238096,780.8577595238096,0.0,0.0,9093.81691798942,0.0
2025-09-14,0,110,18:20-18:30,721.9283333333333,0.0,1.2213,1.2099388392857144,47.64833333333331,56.623961309523594,769.5766666666666,769.5766666666666,769.5766666666666,0.0,0.0,9093.81691798942,0.0
2025-09-14,0,111,18:30-18:40,803.3929499999999,0.4089261904761905,1.3095,1.2946651785714285,23.536873809523968,98.6618535714284,0.0,0.0,0.0,0.0,826.5208976190477,8175.460365079366,0.0
2025-09-14,0,112,18:40-18:50,853.521,0.0,1.3485,1.30685,22.795019047618894,98.9448607142858,42.982685714285594,42.982685714285594,42.982685714285594,0.0,833.3333333333333,7249.53443915344,0.0
2025-09-14,0,113,18:50-19:00,819.8683333333333,0.0,1.3037,1.2294200892857143,18.808333333333394,78.31803511904755,838.6766666666667,838.6766666666667,838.6766666666667,0.0,0.0,7249.53443915344,0.0
2025-09-14,0,114,19:00-19:10,801.0695999999999,0.02935714285714286,1.3025,1.23113125,25.735950000000116,96.99144523809468,826.7761928571429,826.7761928571429,826.7761928571429,0.0,0.0,7249.53443915344,0.0
2025-09-14,0,115,19:10-19:20,797.1614500000001,0.0,1.3441,1.2795638392857147,27.413014285714212,104.12185357142835,400.40396547619014,400.40396547619014,400.40396547619014,0.0,424.17049880952413,6778.233884920635,0.0
2025-09-14,0,116,19:20-19:30,799.9899999999999,0.0,1.3781,1.3092410714285716,19.311666666666838,69.76135892857104,0.0,0.0,0.0,0.0,819.3016666666667,5867.8986997354505,0.0
2025-09-14,0,117,19:30-19:40,812.8534666666666,0.002104761904761905,1.3635,1.294388839285714,24.28771666666671,53.32785833333307,3.8057452380952554,3.8057452380952554,3.8057452380952554,0.0,833.3333333333333,4941.972773809524,0.0
2025-09-14,0,118,19:40-19:50,812.6968333333332,0.0,1.3571,1.2875718749999996,14.022461904762054,74.96876369047587,0.0,0.0,0.0,0.0,826.7192952380952,4023.395779100529,0.0
2025-09-14,0,119,19:50-20:00,801.7066666666666,0.0,1.3704,1.2989325892857144,10.18500000000006,76.62537559523807,0.0,0.0,0.0,0.0,811.8916666666667,3121.2939272486774,0.0
2025-09-14,0,120,20:00-20:10,804.4999666666665,8.80952380952381e-05,1.3553,1.2853901785714281,21.153430952380972,48.990213095238175,0.0,0.0,0.0,0.0,825.6533095238094,2203.9013611111113,0.0
2025-09-14,0,121,20:10-20:20,807.8537166666666,0.0,1.3109,1.2438950892857144,28.095197619047553,59.11182738095252,835.9489142857142,835.9489142857142,835.9489142857142,0.0,0.0,2203.9013611111113,0.0
2025-09-14,0,122,20:20-20:30,801.6183333333333,0.0,1.3079,1.239596428571428,17.79166666666663,78.4116291666667,819.41,819.41,819.41,0.0,0.0,2203.9013611111113,0.0
2025-09-14,0,123,20:30-20:40,790.1442666666667,0.0,1.3878,1.3144691964285713,28.221716666666566,61.60057797619061,0.0,0.0,0.0,0.0,818.3659833333332,1294.6058240740742,0.0
2025-09-14,0,124,20:40-20:50,784.2864666666666,0.0,1.2581,1.2047495535714285,22.55681666666669,85.14524166666675,806.8432833333333,806.8432833333333,806.8432833333333,0.0,0.0,1294.6058240740742,0.0
2025-09-14,0,125,20:50-21:00,797.44,0.0,1.008,0.9875665178571428,27.834999999999923,78.99822083333328,841.3708436213989,841.3708436213989,841.3708436213989,16.095843621398874,0.0,1309.0920833333332,0.0
2025-09-14,0,126,21:00-21:10,829.2753333333333,0.0,1.0263,1.0083455357142856,16.0555333333333,98.182875,845.3308666666666,845.3308666666666,845.3308666666666,0.0,0.0,1309.0920833333332,0.0
2025-09-14,0,127,21:10-21:20,824.1245333333333,0.0,1.0488,1.0244955357142858,26.428916666666737,81.99357500000013,850.55345,850.55345,850.55345,0.0,0.0,1309.0920833333332,0.0
2025-09-14,0,128,21:20-21:30,798.5183333333332,0.0,0.9944,0.9708767857142859,24.04833333333329,85.55748333333327,823.0595833333335,823.0595833333335,823.0595833333335,0.4929166666670426,0.0,1309.5357083333336,0.0
2025-09-14,0,129,21:30-21:40,805.8427333333334,0.0,1.0079,0.9861977678571427,29.54936666666663,60.679645833333325,835.3921,835.3921,835.3921,0.0,0.0,1309.5357083333336,0.0
2025-09-14,0,130,21:40-21:50,713.1200333333333,0.0,0.7587,0.7355500000000001,26.39493333333337,98.58213750000021,753.5266436213992,753.5266436213992,753.5266436213992,14.011676954732541,0.0,1322.1462175925928,0.0
2025-09-14,0,131,21:50-22:00,576.3266666666666,0.0,0.3751,0.35068705357142865,23.821666666666488,109.93159583333352,1433.4816666666663,1433.4816666666663,1433.4816666666663,833.3333333333333,0.0,2072.146217592593,0.0
2025-09-14,0,132,22:00-22:10,594.8699666666666,0.0,0.3684,0.3484111607142858,18.96368333333328,73.57330833333339,1447.166983333333,1447.166983333333,1447.166983333333,833.3333333333333,0.0,2822.146217592593,0.0
2025-09-14,0,133,22:10-22:20,605.2854666666666,0.0,0.4664,0.4431995535714286,26.067916666666633,61.875170833333385,631.3533833333332,631.3533833333332,631.3533833333332,0.0,0.0,2822.146217592593,0.0
2025-09-14,0,134,22:20-22:30,563.8933333333333,0.0,0.4684,0.43754598214285706,22.120000000000005,57.71455416666666,586.0133333333333,586.0133333333333,586.0133333333333,0.0,0.0,2822.146217592593,0.0
2025-09-14,0,135,22:30-22:40,589.0869666666666,0.0,0.444,0.41751160714285707,26.84140000000002,31.981658333333343,813.5436804526744,813.5436804526744,813.5436804526744,197.61531378600768,0.0,3000.0,0.0
2025-09-14,0,136,22:40-22:50,599.9391499999999,0.0,0.4438,0.4190174107142855,26.937599999999975,29.841883333333556,626.8767499999999,626.8767499999999,626.8767499999999,0.0,0.0,3000.0,0.0
2025-09-14,0,137,22:50-23:00,572.38,0.0,0.4542,0.42790758928571426,32.8566666666668,66.62456666666668,605.2366666666668,605.2366666666668,605.2366666666668,0.0,0.0,3000.0,0.0
2025-09-14,0,138,23:00-23:10,574.0962333333333,0.0,0.4326,0.41522142857142874,26.72158333333323,91.9549041666667,1434.1511499999997,1434.1511499999997,1434.1511499999997,833.3333333333333,0.0,3750.0,0.0
2025-09-14,0,139,23:10-23:20,603.1623833333333,0.0,0.4453,0.43007321428571416,14.333683333333397,84.7851125,617.4960666666667,617.4960666666667,617.4960666666667,0.0,0.0,3750.0,0.0
2025-09-14,0,140,23:20-23:30,627.185,0.0,0.4766,0.4533794642857142,24.378333333333217,56.544554166666614,651.5633333333332,651.5633333333332,651.5633333333332,0.0,0.0,3750.0,0.0
2025-09-14,0,141,23:30-23:40,618.4672833333333,0.0,0.4409,0.41414151785714287,16.842866666666737,56.37752916666659,1468.6434833333333,1468.6434833333333,1468.6434833333333,833.3333333333333,0.0,4500.0,0.0
2025-09-14,0,142,23:40-23:50,613.47605,0.0,0.4083,0.3819741071428569,26.942216666666695,38.654404166666666,1473.7516,1473.7516,1473.7516,833.3333333333333,0.0,5250.0,0.0
2025-09-14,0,143,23:50-24:00,617.285,0.0,0.4135,0.38940892857142845,25.428333333333285,32.095000000000056,1476.0466666666666,1476.0466666666666,1476.0466666666666,833.3333333333333,0.0,6000.0,0.0
2025-09-15,0,0,0:00-0:10,600.6841333333333,0.0,0.424,0.4040107142857142,21.106249999999932,59.652183333333525,621.7903833333332,621.7903833333332,621.7903833333332,0.0,0.0,6283.574993177214,0.0
2025-09-15,0,1,0:10-0:20,586.1536666666666,0.0,0.4392,0.41971339285714293,16.52918333333332,66.51102083333349,602.6828499999999,602.6828499999999,602.6828499999999,0.0,0.0,6283.574993177214,0.0
2025-09-15,0,2,0:20-0:30,577.0316666666666,0.0,0.4386,0.41738839285714285,30.168333333333294,77.3366416666668,607.1999999999999,607.1999999999999,607.1999999999999,0.0,0.0,6283.574993177214,0.0
2025-09-15,0,3,0:30-0:40,558.07295,0.0,0.402,0.38099508928571424,14.00353333333328,88.70048750000011,1405.4098166666665,1405.4098166666665,1405.4098166666665,833.3333333333333,0.0,7033.574993177214,0.0
2025-09-15,0,4,0:40-0:50,567.8488166666666,0.0,0.4187,0.39657098214285724,18.432266666666692,88.87650833333345,586.2810833333333,586.2810833333333,586.2810833333333,0.0,0.0,7033.574993177214,0.0
2025-09-15,0,5,0:50-1:00,608.6833333333333,0.0,0.4713,0.44649866071428573,25.5383333333333,78.08983750000007,634.2216666666666,634.2216666666666,634.2216666666666,0.0,0.0,7033.574993177214,0.0
2025-09-15,0,6,1:00-1:10,634.8131166666667,0.0,0.4547,0.42935178571428567,31.91046666666665,64.57267500000006,666.7235833333334,666.7235833333334,666.7235833333334,0.0,0.0,7033.574993177214,0.0
2025-09-15,0,7,1:10-1:20,610.9842333333333,0.0,0.4499,0.42554776785714293,25.461566666666613,33.23505833333351,636.4458,636.4458,636.4458,0.0,0.0,7033.574993177214,0.0
2025-09-15,0,8,1:20-1:30,564.7616666666667,0.0,0.4547,0.4309973214285715,27.796666666666738,84.23347916666657,592.5583333333334,592.5583333333334,592.5583333333334,0.0,0.0,7033.574993177214,0.0
2025-09-15,0,9,1:30-1:40,561.9780833333333,0.0,0.3921,0.36805803571428575,12.844799999999964,78.50607916666667,1408.1562166666665,1408.1562166666665,1408.1562166666665,833.3333333333333,0.0,7783.574993177215,0.0
2025-09-15,0,10,1:40-1:50,583.1891166666667,0.0,0.3998,0.3792986607142856,12.867633333333288,66.76580119047645,1429.3900833333332,1429.3900833333332,1429.3900833333332,833.3333333333333,0.0,8533.574993177215,0.0
2025-09-15,0,11,1:50-2:00,591.9283333333333,0.0,0.4605,0.44448973214285725,17.654999999999973,80.74018749999973,609.5833333333333,609.5833333333333,609.5833333333333,0.0,0.0,8533.574993177215,0.0
2025-09-15,0,12,2:00-2:10,573.7156333333332,0.0,0.4217,0.40293526785714295,27.29774999999995,84.12573749999999,601.0133833333332,601.0133833333332,601.0133833333332,0.0,0.0,8533.574993177215,0.0
2025-09-15,0,13,2:10-2:20,578.9721666666667,0.0,0.423,0.4014464285714285,28.07563333333337,55.261034523809485,607.0478,607.0478,607.0478,0.0,0.0,8533.574993177215,0.0
2025-09-15,0,14,2:20-2:30,600.7166666666667,0.0,0.4707,0.4504575892857141,9.606666666666683,60.935504166666675,610.3233333333334,610.3233333333334,610.3233333333334,0.0,0.0,8533.574993177215,0.0
2025-09-15,0,15,2:30-2:40,582.5477833333333,0.0,0.4272,0.409653125,20.56443333333334,59.83106666666666,603.1122166666667,603.1122166666667,603.1122166666667,0.0,0.0,8533.574993177215,0.0
2025-09-15,0,16,2:40-2:50,563.29,0.0,0.4067,0.39116785714285723,22.700733333333346,79.1052750000002,585.9907333333333,585.9907333333333,585.9907333333333,0.0,0.0,8533.574993177215,0.0
2025-09-15,0,17,2:50-3:00,574.8383333333334,0.0,0.4568,0.4425651785714285,10.789999999999964,102.94125416666688,585.6283333333333,585.6283333333333,585.6283333333333,0.0,0.0,8533.574993177215,0.0
2025-09-15,0,18,3:00-3:10,607.6102666666666,0.0,0.4958,0.4825830357142856,34.67196666666655,56.89714464285723,0.0,0.0,0.0,0.0,642.2822333333331,7819.92806725129,0.0
2025-09-15,0,19,3:10-3:20,614.9139666666666,0.0,0.458,0.4415191964285717,24.212800000000016,74.19087857142864,639.1267666666666,639.1267666666666,639.1267666666666,0.0,0.0,7819.92806725129,0.0
2025-09-15,0,20,3:20-3:30,600.8016666666666,0.0,0.3886,0.367665625,15.50666666666666,83.90789226190465,1449.6416666666664,1449.6416666666664,1449.6416666666664,833.3333333333333,0.0,8569.92806725129,0.0
2025-09-15,0,21,3:30-3:40,609.42985,0.0,0.3973,0.37861517857142857,20.80838333333338,86.03622559523801,1463.5715666666665,1463.5715666666665,1463.5715666666665,833.3333333333333,0.0,9319.92806725129,0.0
2025-09-15,0,22,3:40-3:50,608.7157166666666,5.9523809523809524e-05,0.4326,0.4172526785714286,11.220169047618924,85.23234047619063,619.935826190476,619.935826190476,619.935826190476,0.0,0.0,9319.92806725129,0.0
2025-09-15,0,23,3:50-4:00,593.3233333333333,0.0,0.4529,0.4384772321428572,21.100000000000023,48.485444047618984,614.4233333333333,614.4233333333333,614.4233333333333,0.0,0.0,9319.92806725129,0.0
2025-09-15,0,24,4:00-4:10,593.6713166666666,0.0,0.463,0.4495656250000001,26.15549047619038,36.790014880952356,619.826807142857,619.826807142857,619.826807142857,0.0,0.0,9319.92806725129,0.0
2025-09-15,0,25,4:10-4:20,598.61355,0.0017833333333333334,0.4457,0.43709553571428567,31.31488333333334,66.8015702380952,629.92665,629.92665,629.92665,0.0,0.0,9319.92806725129,0.0
2025-09-15,0,26,4:20-4:30,614.9266666666666,0.0,0.4335,0.42877723214285696,20.018333333333317,93.11306011904773,634.9449999999999,634.9449999999999,634.9449999999999,0.0,0.0,9319.92806725129,0.0
2025-09-15,0,27,4:30-4:40,655.0989999999999,0.0,0.4731,0.4628428571428569,21.532771428571436,92.88210595238121,676.6317714285714,676.6317714285714,676.6317714285714,0.0,0.0,9319.92806725129,0.0
2025-09-15,0,28,4:40-4:50,644.4512,0.024797619047619048,0.4547,0.44101651785714285,19.775099999999952,138.28677619047616,664.2015023809523,664.2015023809523,664.2015023809523,0.0,0.0,9319.92806725129,0.0
2025-09-15,0,29,4:50-5:00,606.395,0.0,0.3897,0.3768566964285714,20.348333333333358,143.12323273809534,1460.0766666666666,1460.0766666666666,1460.0766666666666,833.3333333333333,0.0,10069.92806725129,0.0
2025-09-15,0,30,5:00-5:10,636.3860333333333,0.0,0.4038,0.3885602678571428,28.601747619047615,190.13738452380966,1476.1788173398359,1476.1788173398359,1476.1788173398359,811.191036387455,0.0,10800.0,0.0
2025-09-15,0,31,5:10-5:20,642.4671666666666,0.3454,0.4375,0.42749151785714296,23.901083333333304,221.47492738095247,666.0228499999998,666.0228499999998,666.0228499999998,-0.0,0.0,10800.0,0.0
2025-09-15,0,32,5:20-5:30,603.0466666666666,0.0,0.432,0.43380758928571433,27.6599404761904,331.5320559523807,630.706607142857,630.706607142857,630.706607142857,-0.0,0.0,10800.0,0.0
2025-09-15,0,33,5:30-5:40,605.2051666666666,0.0,0.428,0.4345888392857142,28.103849999999966,516.2529136904755,633.3090166666666,633.3090166666666,633.3090166666666,0.0,0.0,10800.0,0.0
2025-09-15,0,34,5:40-5:50,692.65085,5.9656595238095225,0.6497,0.6565843749999999,37.88358095238084,579.303760119047,724.5687714285713,724.5687714285713,724.5687714285713,0.0,-0.0,10800.0,0.0
2025-09-15,0,35,5:50-6:00,808.14,31.182142857142857,0.9629,0.969772767857143,41.587619047619114,590.6465398809517,0.0,0.0,0.0,0.0,818.5454761904763,9890.505026455026,0.0
2025-09-15,0,36,6:00-6:10,839.1555666666666,72.46651666666665,0.9835,0.9911142857142855,40.14623095238096,615.0695065476184,0.0,0.0,0.0,0.0,806.8352809523809,8994.021380952381,0.0
2025-09-15,0,37,6:10-6:20,807.6317333333333,120.56605476190472,0.9309,0.938986607142857,33.265861904761834,606.3163708333328,0.0,0.0,0.0,0.0,720.3315404761904,8193.653002645502,0.0
2025-09-15,0,38,6:20-6:30,777.3766666666667,170.1330357142857,0.9181,0.9249883928571426,55.05404761904765,572.9700630952375,0.0,0.0,0.0,0.0,662.2976785714286,7457.766693121693,0.0
2025-09-15,0,39,6:30-6:40,793.3159166666666,221.53580952380952,0.8449,0.8481758928571427,41.48712619047626,669.6059505952376,0.0,0.0,0.0,0.0,613.2672333333333,6776.358656084656,0.0
2025-09-15,0,40,6:40-6:50,799.1365000000001,274.73946190476187,0.8037,0.8026566964285713,45.89914523809534,753.1270571428565,0.0,0.0,0.0,0.0,570.2961833333336,6142.69623015873,0.0
2025-09-15,0,41,6:50-7:00,791.2333333333332,330.1607142857143,0.8233,0.8216763392857144,51.21244047619041,824.6457880952375,0.0,0.0,0.0,0.0,512.2850595238094,5573.490608465609,0.0
2025-09-15,0,42,7:00-7:10,818.7199499999999,387.4363309523809,0.8296,0.8343156250000001,52.02557380952362,857.0242244047618,0.0,0.0,0.0,0.0,483.30919285714265,5036.480394179895,0.0
2025-09-15,0,43,7:10-7:20,831.2196,441.05652619047623,0.7937,0.8017745535714288,52.007376190476066,888.9179785714282,0.0,0.0,0.0,0.0,442.17044999999985,4545.179894179895,0.0
2025-09-15,0,44,7:20-7:30,798.7216666666666,494.20625,0.7001,0.7029455357142854,58.386666666666656,904.9780113095233,362.9020833333332,362.9020833333332,362.9020833333332,0.0,0.0,4545.179894179895,0.0
2025-09-15,0,45,7:30-7:40,765.2147666666666,555.8852238095237,0.6016,0.5946165178571429,60.74443333333329,892.0064488095234,1015.3901490299808,1015.3901490299808,1015.3901490299808,745.3161728395046,0.0,5215.964449735449,0.0
2025-09-15,0,46,7:40-7:50,876.0065166666666,618.6625642857143,0.8031,0.7933316964285717,50.2092833333333,865.9971083333328,0.0,0.0,0.0,0.0,307.5532357142856,4874.238632275132,0.0
2025-09-15,0,47,7:50-8:00,1067.1283333333333,676.8678571428571,1.173,1.1676915178571428,54.37446428571428,835.600441071428,0.0,0.0,0.0,0.0,444.63494047619054,4380.199809523809,0.0
2025-09-15,0,48,8:00-8:10,1114.6829666666665,730.4253642857143,1.2365,1.232726785714286,50.59351190476201,812.7320779761899,0.0,0.0,0.0,0.0,434.8511142857142,3897.031904761904,0.0
2025-09-15,0,49,8:10-8:20,1088.9793666666665,778.0285999999999,1.1376,1.1337691964285714,69.8594261904762,803.1589124999991,0.0,0.0,0.0,0.0,380.81019285714274,3473.9094682539676,0.0
2025-09-15,0,50,8:20-8:30,1080.105,824.8678571428572,1.051,1.0463674107142853,79.59511904761922,855.9222541666658,0.0,0.0,0.0,0.0,334.83226190476194,3101.873621693121,0.0
2025-09-15,0,51,8:30-8:40,1106.3924,880.5763452380952,1.0096,1.0016553571428575,75.408673809524,851.3020773809524,0.0,0.0,0.0,0.0,301.22472857142884,2767.179478835978,0.0
2025-09-15,0,52,8:40-8:50,1125.9505833333333,944.5601904761904,0.9976,0.9854098214285715,65.86325000000011,779.0361624999999,0.0,0.0,0.0,0.0,247.25364285714295,2492.453208994708,0.0
2025-09-15,0,53,8:50-9:00,1114.6216666666664,1001.8071428571427,0.9949,0.9800674107142855,108.06041666666681,785.3923160714285,0.0,0.0,0.0,0.0,220.87494047619043,2247.0366084656075,0.0
2025-09-15,0,54,9:00-9:10,1085.6038166666667,1036.0097571428573,0.9883,0.9740138392857142,74.34143095238096,839.0656940476194,0.0,0.0,0.0,0.0,123.93549047619035,2109.3305079365073,0.0
2025-09-15,0,55,9:10-9:20,1071.18975,1071.7515452380953,0.97,0.9568736607142857,58.5706595238095,818.3974571428564,0.0,0.0,0.0,0.0,58.00886428571425,2044.8762142857136,0.0
2025-09-15,0,56,9:20-9:30,1070.55,1119.5651785714285,0.9466,0.9352625000000004,73.88267857142864,754.5850071428576,0.0,0.0,0.0,0.0,24.867500000000064,2017.2456587301579,0.0
2025-09-15,0,57,9:30-9:40,1057.693083333333,1165.9041857142856,0.9407,0.9300111607142859,88.59498571428566,722.4717672619053,0.0,0.0,0.0,19.616116666666812,0.0,2034.9001637301578,0.0
2025-09-15,0,58,9:40-9:50,1054.8150166666665,1199.1856833333331,0.9817,0.9488977678571429,92.20416428571423,721.1842755952384,0.0,0.0,0.0,52.16650238095235,0.0,2081.850015873015,0.0
2025-09-15,0,59,9:50-10:00,1066.23,1223.7785714285712,1.0117,0.9451383928571426,90.73761904761925,720.6228976190474,0.0,0.0,0.0,66.8109523809519,0.0,2141.979873015872,0.0
2025-09-15,0,60,10:00-10:10,1071.0284666666666,1254.630280952381,0.9382,0.8630508928571429,63.02814999999987,705.4930625000006,0.0,0.0,0.0,120.57366428571459,0.0,2250.4961708730148,0.0
2025-09-15,0,61,10:10-10:20,1068.9654666666665,1288.486869047619,0.8811,0.81143125,74.40513333333342,663.4176559523808,0.0,0.0,0.0,145.11626904761897,0.0,2381.100813015872,0.0
2025-09-15,0,62,10:20-10:30,1069.7333333333331,1323.186607142857,0.9082,0.839164732142857,93.69505952380928,649.838828571429,0.0,0.0,0.0,159.75821428571453,0.0,2524.883205873015,0.0
2025-09-15,0,63,10:30-10:40,1078.1286333333333,1360.6876738095234,0.9339,0.8564982142857145,99.32178095238123,655.3391559523811,0.0,0.0,0.0,183.23725952380892,0.0,2689.796739444443,0.0
2025-09-15,0,64,10:40-10:50,1064.0650333333333,1396.1047547619048,0.7021,0.641553125,86.88330952380954,651.6931863095243,0.0,0.0,0.0,245.15641190476185,0.0,2910.437510158729,0.0
2025-09-15,0,65,10:50-11:00,1044.4499999999998,1420.842857142857,0.3897,0.36181696428571414,97.4755357142858,624.5696011904768,554.416011904762,554.416011904762,554.416011904762,833.3333333333333,0.0,3660.437510158729,0.0
2025-09-15,0,66,11:00-11:10,1068.0034666666666,1430.8386023809521,0.4436,0.4183017857142858,79.50212857142878,684.2642375000001,28.530353791889127,28.530353791889127,28.530353791889127,311.8633609347459,0.0,3941.1145349999997,0.0
2025-09-15,0,67,11:10-11:20,1089.7113833333333,1446.952023809524,0.5109,0.47799196428571433,84.44855238095208,726.8416095238097,0.0,0.0,0.0,272.79208809523857,0.0,4186.627414285715,0.0
2025-09-15,0,68,11:20-11:30,1087.5949999999998,1474.8401785714282,0.4331,0.3984058035714284,88.94125000000001,779.0902720238098,535.029404761905,535.029404761905,535.029404761905,833.3333333333333,0.0,4936.627414285715,0.0
2025-09-15,0,69,11:30-11:40,1076.3552833333333,1496.734569047619,0.4062,0.37175446428571435,72.35198571428566,816.4280398809528,485.30603333333306,485.30603333333306,485.30603333333306,833.3333333333333,0.0,5686.627414285715,0.0
2025-09-15,0,70,11:40-11:50,1031.8931666666667,1488.9727785714285,0.4478,0.41601875000000005,74.15940238095254,818.6619250000005,450.413123809524,450.413123809524,450.413123809524,833.3333333333333,0.0,6436.627414285715,0.0
2025-09-15,0,71,11:50-12:00,983.7616666666665,1471.880357142857,0.4767,0.44643169642857133,94.67660714285682,793.7974464285719,0.0,0.0,0.0,393.4420833333338,0.0,6790.725289285715,0.0
2025-09-15,0,72,12:00-12:10,996.2929333333333,1487.8689190476189,0.4196,0.38520223214285726,115.39525000000003,775.4245482142862,457.1525976190476,457.1525976190476,457.1525976190476,833.3333333333333,0.0,7540.725289285715,0.0
2025-09-15,0,73,12:10-12:20,1019.2724833333333,1489.2536476190473,0.4253,0.3932397321428572,102.84511428571432,765.3780595238097,466.1972833333334,466.1972833333334,466.1972833333334,833.3333333333333,0.0,8290.725289285716,0.0
2025-09-15,0,74,12:20-12:30,1014.4316666666666,1461.3374999999999,0.457,0.4310968750000001,99.05250000000001,806.0479702380956,0.0,0.0,0.0,347.85333333333324,0.0,8603.793289285715,0.0
2025-09-15,0,75,12:30-12:40,993.3084333333333,1438.1394238095238,0.3635,0.3327316964285715,113.78910952380966,786.6680744047621,502.29145238095225,502.29145238095225,502.29145238095225,833.3333333333333,0.0,9353.793289285715,0.0
2025-09-15,0,76,12:40-12:50,999.3322666666666,1424.1013928571429,0.4777,0.4427535714285713,77.44865952380951,781.534833928571,0.0,0.0,0.0,347.3204666666668,0.0,9666.381709285715,0.0
2025-09-15,0,77,12:50-13:00,1033.4633333333331,1406.432142857143,0.7698,0.7370821428571432,83.7097023809522,857.6596976190469,0.0,0.0,0.0,289.2591071428576,0.0,9926.714905714287,0.0
2025-09-15,0,78,13:00-13:10,1055.2064999999998,1371.7555928571428,0.8573,0.8270419642857142,87.86341428571416,863.8629714285703,0.0,0.0,0.0,228.68567857142898,0.0,10132.532016428573,0.0
2025-09-15,0,79,13:10-13:20,1058.2271333333333,1339.9866738095238,0.8835,0.8535857142857142,92.68247142857149,782.6457565476185,0.0,0.0,0.0,189.07706904761903,0.0,10302.70137857143,0.0
2025-09-15,0,80,13:20-13:30,1045.915,1310.7187499999998,0.9254,0.897928125,69.41065476190465,703.3634785714282,0.0,0.0,0.0,195.39309523809516,0.0,10478.555164285715,0.0
2025-09-15,0,81,13:30-13:40,1027.8930833333334,1265.0464047619046,0.9021,0.8807352678571433,91.15723333333352,617.2264249999995,0.0,0.0,0.0,145.9960880952376,0.0,10609.951643571429,0.0
2025-09-15,0,82,13:40-13:50,1034.04185,1223.8137499999998,0.9075,0.866784375,101.63007619047607,603.9275523809524,0.0,0.0,0.0,88.14182380952366,0.0,10689.279285,0.0
2025-09-15,0,83,13:50-14:00,1050.7033333333334,1189.9499999999998,0.9625,0.889942857142857,88.4495238095238,623.468765476191,0.0,0.0,0.0,50.79714285714272,0.0,10734.996713571429,0.0
2025-09-15,0,84,14:00-14:10,1035.5694666666666,1147.215807142857,0.9906,0.9181174107142862,64.42814523809523,563.4750880952381,0.0,0.0,0.0,47.21819523809518,0.0,10777.493089285714,0.0
2025-09-15,0,85,14:10-14:20,1024.40735,1114.0184976190476,1.0008,0.9327008928571429,64.603469047619,553.486943452381,0.0,0.0,0.0,25.00767857142864,0.0,10800.0,0.0
2025-09-15,0,86,14:20-14:30,1034.1999999999998,1086.9848214285714,1.0197,0.945033035714286,80.03851190476172,519.5958577380951,0.0,0.0,0.0,0.0,27.25369047619006,10769.718121693122,0.0
2025-09-15,0,87,14:30-14:40,1047.1970833333332,1041.2283547619045,1.0392,0.9629924107142853,75.75640714285697,442.08189166666625,0.0,0.0,0.0,0.0,81.72513571428567,10678.912415343915,0.0
2025-09-15,0,88,14:40-14:50,1061.4720666666667,988.444430952381,0.9423,0.8859392857142858,65.62083333333322,405.0253244047606,138.64846904761885,138.64846904761885,138.64846904761885,0.0,0.0,10678.912415343915,0.0
2025-09-15,0,89,14:50-15:00,1066.045,941.3339285714285,0.785,0.7587959821428575,71.11124999999998,381.64697916666523,195.8223214285715,195.8223214285715,195.8223214285715,0.0,0.0,10678.912415343915,0.0
2025-09-15,0,90,15:00-15:10,1049.0444166666666,900.8285047619048,0.7572,0.7421705357142858,50.46226666666689,320.41018809523763,333.21993930041185,333.21993930041185,333.21993930041185,134.54176072898312,0.0,10800.0,0.0
2025-09-15,0,91,15:10-15:20,1046.45085,855.0921023809524,0.7863,0.7696758928571429,51.541052380952294,292.8135559523804,242.8997999999999,242.8997999999999,242.8997999999999,0.0,0.0,10800.0,0.0
2025-09-15,0,92,15:20-15:30,1053.4333333333334,798.2428571428572,0.8003,0.7808281249999997,75.90065476190489,229.32177797618994,331.09113095238104,331.09113095238104,331.09113095238104,0.0,0.0,10800.0,0.0
2025-09-15,0,93,15:30-15:40,1034.0780666666665,736.5744833333333,0.8008,0.7830660714285717,45.30816666666675,230.0161767857138,342.81174999999985,342.81174999999985,342.81174999999985,0.0,0.0,10800.0,0.0
2025-09-15,0,94,15:40-15:50,1036.5272,687.7520880952382,0.8064,0.79346875,51.430788095238256,192.64199464285673,400.20590000000016,400.20590000000016,400.20590000000016,0.0,0.0,10800.0,0.0
2025-09-15,0,95,15:50-16:00,1055.4299999999998,646.7214285714285,0.8246,0.8134111607142854,59.52958333333322,195.52271190476165,468.2381547619045,468.2381547619045,468.2381547619045,0.0,0.0,10800.0,0.0
2025-09-15,0,96,16:00-16:10,1037.8847666666666,591.4949119047619,0.8501,0.8333049107142855,58.54359047619039,222.13340892857133,504.9334452380949,504.9334452380949,504.9334452380949,0.0,0.0,10800.0,0.0
2025-09-15,0,97,16:10-16:20,1038.3751166666666,533.6392071428571,0.8837,0.8673410714285715,62.99529999999993,191.15053214285706,567.7312095238095,567.7312095238095,567.7312095238095,0.0,0.0,10800.0,0.0
2025-09-15,0,98,16:20-16:30,1076.1516666666666,480.5767857142856,0.9217,0.9122946428571429,58.279940476190745,146.8366113095238,653.8548214285719,653.8548214285719,653.8548214285719,0.0,0.0,10800.0,0.0
2025-09-15,0,99,16:30-16:40,1111.0537666666667,428.0968023809524,0.9577,0.9492941964285712,45.38025952380974,129.0311642857143,728.337223809524,728.337223809524,728.337223809524,0.0,-0.0,10800.0,0.0
2025-09-15,0,100,16:40-16:50,1118.0133999999998,376.58415238095245,1.0015,0.9930433035714284,43.381376190475976,121.55917916666704,784.8106238095233,784.8106238095233,784.8106238095233,0.0,-0.0,10800.0,0.0
2025-09-15,0,101,16:50-17:00,1101.9033333333332,324.9553571428571,1.0408,1.0341999999999998,56.7794642857142,112.74696666666651,833.7274404761904,833.7274404761904,833.7274404761904,0.0,0.0,10800.0,0.0
2025-09-15,0,102,17:00-17:10,1085.29385,271.25887619047614,1.0486,1.0425665178571428,53.64441428571428,88.11008571428567,867.6793880952381,867.6793880952381,867.6793880952381,0.0,0.0,10800.0,0.0
2025-09-15,0,103,17:10-17:20,1062.0456166666665,220.77034285714285,1.0463,1.0376308035714286,40.56485476190471,113.42382440476112,881.8401285714283,881.8401285714283,881.8401285714283,0.0,0.0,10800.0,0.0
2025-09-15,0,104,17:20-17:30,1073.3049999999998,173.0321428571428,1.0527,1.0398183035714283,41.53416666666669,99.0983446428566,941.8070238095238,941.8070238095238,941.8070238095238,0.0,0.0,10800.0,0.0
2025-09-15,0,105,17:30-17:40,1143.71945,122.36969999999998,1.0819,1.0680410714285713,36.09725238095257,67.29354940476145,1057.4470023809527,1057.4470023809527,1057.4470023809527,0.0,0.0,10800.0,0.0
2025-09-15,0,106,17:40-17:50,1029.4477333333332,72.58244285714287,1.182,1.1747357142857144,28.293514285714423,59.620437499999724,985.1588047619047,985.1588047619047,985.1588047619047,0.0,0.0,10800.0,0.0
2025-09-15,0,107,17:50-18:00,793.8199999999999,31.29642857142857,1.2986,1.2985642857142854,29.599226190476315,76.9423696428569,0.0,0.0,0.0,0.0,792.1227976190477,9919.863558201057,0.0
2025-09-15,0,108,18:00-18:10,761.1530833333333,6.031811904761906,1.3175,1.3131776785714282,18.97882380952376,80.03349642857123,0.0,0.0,0.0,0.0,774.1000952380952,9059.752341269841,0.0
2025-09-15,0,109,18:10-18:20,805.75195,0.0,1.3278,1.3187316964285714,26.885073809523988,57.74161309523777,0.0,0.0,0.0,0.0,832.637023809524,8134.600092592592,0.0
2025-09-15,0,110,18:20-18:30,813.2083333333333,0.0,1.358,1.3486227678571427,50.26946428571421,59.16327678571403,30.144464285714207,30.144464285714207,30.144464285714207,0.0,833.3333333333333,7208.674166666666,0.0
2025-09-15,0,111,18:30-18:40,799.3209833333333,0.3498428571428571,1.345,1.3302294642857144,23.536873809523968,98.6618535714284,0.0,0.0,0.0,0.0,822.5080142857144,6294.776373015872,0.0
2025-09-15,0,112,18:40-18:50,788.509,0.0,1.312,1.2695785714285712,22.795019047618894,98.9448607142858,0.0,0.0,0.0,0.0,811.3040190476189,5393.327462962962,0.0
2025-09-15,0,113,18:50-19:00,792.98,0.0,1.2982,1.2245325892857142,18.808333333333394,78.31803511904755,811.7883333333334,811.7883333333334,811.7883333333334,0.0,0.0,5393.327462962962,0.0
2025-09-15,0,114,19:00-19:10,806.1489499999999,0.025114285714285714,1.3193,1.2489008928571426,25.735950000000116,96.2692845238094,0.0,0.0,0.0,0.0,831.8597857142857,4469.038812169311,0.0
2025-09-15,0,115,19:10-19:20,799.7271833333332,0.0,1.3284,1.263160267857143,27.413014285714212,104.12185357142835,0.0,0.0,0.0,0.0,827.1401976190474,3549.9941481481474,0.0
2025-09-15,0,116,19:20-19:30,777.0666666666666,0.0,1.3169,1.2454821428571423,19.311666666666838,68.39566904761895,336.45110773809614,336.45110773809614,336.45110773809614,0.0,459.9272255952373,3038.9638974867726,0.0
2025-09-15,0,117,19:30-19:40,769.0378166666666,0.0018,1.3192,1.248490625,24.28771666666671,51.52410833333306,0.0,0.0,0.0,0.0,793.3237333333333,2157.493082671958,0.0
2025-09-15,0,118,19:40-19:50,769.3096833333334,0.0,1.3241,1.255387946428571,14.022461904762054,68.73827440476151,0.0,0.0,0.0,0.0,783.3321452380954,1287.1240324074074,0.0
2025-09-15,0,119,19:50-20:00,771.435,0.0,1.3135,1.2439754464285715,17.40000000000009,69.73854583333326,788.835,788.835,788.835,0.0,0.0,1287.1240324074074,0.0
2025-09-15,0,120,20:00-20:10,779.31655,5.714285714285715e-05,1.2828,1.2130723214285715,21.153430952380972,50.30289404761908,800.4699238095238,800.4699238095238,800.4699238095238,0.0,0.0,1287.1240324074074,0.0
2025-09-15,0,121,20:10-20:20,798.6323166666666,0.0,1.2642,1.1964968749999998,26.782516666666652,55.24337083333333,825.4148333333333,825.4148333333333,825.4148333333333,0.0,0.0,1287.1240324074074,0.0
2025-09-15,0,122,20:20-20:30,806.5949999999999,0.0,1.2826,1.2142642857142856,17.79166666666663,78.4116291666667,824.3866666666665,824.3866666666665,824.3866666666665,0.0,0.0,1287.1240324074074,0.0
2025-09-15,0,123,20:30-20:40,777.4095833333333,0.0,1.3117,1.2379227678571436,28.221716666666566,52.636915476190325,796.6127916666661,796.6127916666661,796.6127916666661,0.0,9.018508333333784,1277.103467592592,0.0
2025-09-15,0,124,20:40-20:50,784.2024666666666,0.0,1.1959,1.142522767857143,24.408333333333417,69.39312083333294,808.6108,808.6108,808.6108,0.0,0.0,1277.103467592592,0.0
2025-09-15,0,125,20:50-21:00,828.175,0.0,0.9944,0.9745593750000001,32.89166666666665,65.99895833333298,896.6095730452679,896.6095730452679,896.6095730452679,35.54290637860125,0.0,1309.0920833333332,0.0
2025-09-15,0,126,21:00-21:10,834.2086999999999,0.0,0.9392,0.9200026785714286,16.0555333333333,98.182875,851.2750563786007,851.2750563786007,851.2750563786007,1.0108230452674938,0.0,1310.001824074074,0.0
2025-09-15,0,127,21:10-21:20,810.5771333333333,0.0,0.9679,0.9420741071428572,26.428916666666737,80.92425833333331,837.0060500000001,837.0060500000001,837.0060500000001,0.0,0.0,1310.001824074074,0.0
2025-09-15,0,128,21:20-21:30,805.3,0.0,1.0147,0.9909250000000002,22.85833333333335,85.22699166666658,828.1583333333333,828.1583333333333,828.1583333333333,0.0,0.0,1310.001824074074,0.0
2025-09-15,0,129,21:30-21:40,838.43455,0.0,1.0381,1.0151816964285714,28.234483333333287,76.05349583333327,866.6690333333332,866.6690333333332,866.6690333333332,0.0,0.0,1310.001824074074,0.0
2025-09-15,0,130,21:40-21:50,757.9196166666667,0.0,0.8204,0.7966785714285718,30.17543333333333,99.00164166666661,788.6057341563783,788.6057341563783,788.6057341563783,0.5106841563782736,0.0,1310.4614398148144,0.0
2025-09-15,0,131,21:50-22:00,620.1033333333332,0.0,0.4892,0.4665102678571428,26.535000000000082,99.41529583333306,646.6383333333333,646.6383333333333,646.6383333333333,0.0,0.0,1310.4614398148144,0.0
2025-09-15,0,132,22:00-22:10,636.7767333333334,0.0,0.4184,0.3997808035714285,26.715299999999957,87.20396666666653,1496.8253666666665,1496.8253666666665,1496.8253666666665,833.3333333333333,0.0,2060.461439814814,0.0
2025-09-15,0,133,22:10-22:20,643.91005,0.0,0.4178,0.3944120535714285,26.119266666666817,75.77290833333322,1503.36265,1503.36265,1503.36265,833.3333333333333,0.0,2810.461439814814,0.0
2025-09-15,0,134,22:20-22:30,584.2966666666666,0.0,0.389,0.35722812500000006,22.120000000000005,57.71455416666666,1439.75,1439.75,1439.75,833.3333333333333,0.0,3560.461439814814,0.0
2025-09-15,0,135,22:30-22:40,573.8967166666666,0.0,0.4221,0.39532589285714304,26.84140000000002,31.981658333333343,1434.07145,1434.07145,1434.07145,833.3333333333333,0.0,4310.461439814814,0.0
2025-09-15,0,136,22:40-22:50,606.8649,0.0,0.4213,0.3966959821428571,26.937599999999975,24.580754166666765,1467.1358333333333,1467.1358333333333,1467.1358333333333,833.3333333333333,0.0,5060.461439814814,0.0
2025-09-15,0,137,22:50-23:00,637.8833333333333,0.0,0.4192,0.3925004464285714,32.93166666666673,62.71802083333327,1504.1483333333333,1504.1483333333333,1504.1483333333333,833.3333333333333,0.0,5810.461439814814,0.0
2025-09-15,0,138,23:00-23:10,629.7638,0.0,0.5317,0.5128803571428573,26.72158333333323,77.71999583333314,0.0,0.0,0.0,0.0,656.4853833333332,5081.03323611111,0.0
2025-09-15,0,139,23:10-23:20,604.30295,0.0,0.5127,0.4962339285714285,25.422300000000064,68.17982916666656,106.79533750000064,106.79533750000064,106.79533750000064,0.0,522.9299124999994,4500.0,0.0
2025-09-15,0,140,23:20-23:30,582.8516666666667,0.0,0.3736,0.3501991071428573,29.894999999999982,51.02788749999985,1446.08,1446.08,1446.08,833.3333333333333,0.0,5250.0,0.0
2025-09-15,0,141,23:30-23:40,577.9866499999999,0.0,0.3871,0.3601022321428572,16.842866666666737,56.37752916666659,1428.16285,1428.16285,1428.16285,833.3333333333333,0.0,6000.0,0.0
2025-09-15,0,142,23:40-23:50,624.1839666666666,0.0,0.4757,0.4488598214285716,26.942216666666695,38.654404166666666,651.1261833333333,651.1261833333333,651.1261833333333,0.0,0.0,6000.0,0.0
2025-09-15,0,143,23:50-24:00,668.9733333333334,0.0,0.5142,0.4900892857142856,25.428333333333285,32.095000000000056,694.4016666666666,694.4016666666666,694.4016666666666,0.0,0.0,6000.0,0.0
2025-09-16,0,0,0:00-0:10,619.1488166666666,0.0,0.4592,0.44025535714285713,21.981700000000046,48.77859583333348,641.1305166666666,641.1305166666666,641.1305166666666,0.0,0.0,6827.80722821429,0.0
2025-09-16,0,1,0:10-0:20,583.3244166666666,0.0,0.416,0.3969848214285715,16.52918333333332,52.531629166666534,599.8535999999999,599.8535999999999,599.8535999999999,0.0,0.0,6827.80722821429,0.0
2025-09-16,0,2,0:20-0:30,594.3416666666667,0.0,0.4204,0.39843125000000007,30.168333333333294,59.12530416666695,624.51,624.51,624.51,0.0,0.0,6827.80722821429,0.0
2025-09-16,0,3,0:30-0:40,583.4334666666666,0.0,0.4197,0.3991361607142858,14.0626666666667,70.48915000000027,597.4961333333333,597.4961333333333,597.4961333333333,0.0,0.0,6827.80722821429,0.0
2025-09-16,0,4,0:40-0:50,581.84615,0.0,0.4312,0.4100388392857142,26.891299999999887,70.04414166666703,608.7374499999999,608.7374499999999,608.7374499999999,0.0,0.0,6827.80722821429,0.0
2025-09-16,0,5,0:50-1:00,589.6283333333333,0.0,0.4359,0.4116200892857143,35.91166666666652,67.71650416666685,625.5399999999998,625.5399999999998,625.5399999999998,0.0,0.0,6827.80722821429,0.0
2025-09-16,0,6,1:00-1:10,570.3706833333333,0.0,0.3926,0.3689124999999999,31.91046666666665,64.57267500000006,1435.6144833333333,1435.6144833333333,1435.6144833333333,833.3333333333333,0.0,7577.80722821429,0.0
2025-09-16,0,7,1:10-1:20,569.3903166666666,0.0,0.3885,0.3651834821428571,25.461566666666613,39.50121250000021,1428.1852166666665,1428.1852166666665,1428.1852166666665,833.3333333333333,0.0,8327.80722821429,0.0
2025-09-16,0,8,1:20-1:30,588.4666666666667,0.0,0.4343,0.4102419642857144,24.258333333333326,89.45402916666657,612.725,612.725,612.725,0.0,0.0,8327.80722821429,0.0
2025-09-16,0,9,1:30-1:40,584.5156833333333,0.0,0.4569,0.4346741071428572,13.662483333333398,72.39719583333323,598.1781666666667,598.1781666666667,598.1781666666667,0.0,0.0,8327.80722821429,0.0
2025-09-16,0,10,1:40-1:50,591.08485,0.0,0.4795,0.4610522321428573,18.15883333333329,64.7153845238098,609.2436833333333,609.2436833333333,609.2436833333333,0.0,0.0,8327.80722821429,0.0
2025-09-16,0,11,1:50-2:00,608.7233333333334,0.0,0.4771,0.4606433035714286,16.796666666666624,81.51870416666651,625.52,625.52,625.52,0.0,0.0,8327.80722821429,0.0
2025-09-16,0,12,2:00-2:10,602.1844166666666,0.0,0.3998,0.38012276785714294,27.29774999999995,80.45117440476201,1462.8154999999997,1462.8154999999997,1462.8154999999997,833.3333333333333,0.0,9077.80722821429,0.0
2025-09-16,0,13,2:10-2:20,602.4228333333333,0.0,0.3831,0.36049107142857134,24.751549999999952,58.95886250000004,1460.5077166666665,1460.5077166666665,1460.5077166666665,833.3333333333333,0.0,9827.80722821429,0.0
2025-09-16,0,14,2:20-2:30,610.2233333333334,0.0,0.4305,0.40897723214285714,8.126666666666665,65.144375,618.35,618.35,618.35,0.0,0.0,9827.80722821429,0.0
2025-09-16,0,15,2:30-2:40,596.3852666666667,0.0,0.4192,0.4017406250000001,17.55453333333344,64.55678333333324,613.9398000000001,613.9398000000001,613.9398000000001,0.0,0.0,9827.80722821429,0.0
2025-09-16,0,16,2:40-2:50,598.5169666666666,0.0,0.4316,0.4171910714285715,20.984916666666663,80.82109166666689,619.5018833333332,619.5018833333332,619.5018833333332,0.0,0.0,9827.80722821429,0.0
2025-09-16,0,17,2:50-3:00,615.6099999999999,0.0,0.4689,0.45553303571428566,10.789999999999964,102.94125416666688,626.3999999999999,626.3999999999999,626.3999999999999,0.0,0.0,9827.80722821429,0.0
2025-09-16,0,18,3:00-3:10,608.00665,0.0,0.4431,0.4302062499999999,34.67196666666655,56.89714464285723,642.6786166666666,642.6786166666666,642.6786166666666,0.0,0.0,9827.80722821429,0.0
2025-09-16,0,19,3:10-3:20,602.6478833333333,0.0,0.4442,0.4282906250000001,24.212800000000016,74.19087857142864,626.8606833333333,626.8606833333333,626.8606833333333,0.0,0.0,9827.80722821429,0.0
2025-09-16,0,20,3:20-3:30,594.6116666666667,0.0,0.4805,0.4609602678571427,15.50666666666666,86.77081547619036,610.1183333333333,610.1183333333333,610.1183333333333,0.0,0.0,9827.80722821429,0.0
2025-09-16,0,21,3:30-3:40,555.2212333333333,0.0,0.4625,0.44530982142857145,20.80838333333338,89.7953702380951,576.0296166666667,576.0296166666667,576.0296166666667,0.0,0.0,9827.80722821429,0.0
2025-09-16,0,22,3:40-3:50,553.5336166666666,2.6190476190476192e-05,0.421,0.40614196428571436,11.220169047618924,86.48538869047633,564.7537595238093,564.7537595238093,564.7537595238093,0.0,0.0,9827.80722821429,0.0
2025-09-16,0,23,3:50-4:00,598.2116666666666,0.0,0.418,0.40252366071428575,21.100000000000023,48.485444047618984,619.3116666666666,619.3116666666666,619.3116666666666,0.0,0.0,9827.80722821429,0.0
2025-09-16,0,24,4:00-4:10,625.9331666666667,0.0,0.4757,0.4602977678571429,26.15549047619038,36.790014880952356,652.0886571428571,652.0886571428571,652.0886571428571,0.0,0.0,9827.80722821429,0.0
2025-09-16,0,25,4:10-4:20,627.3419833333332,0.0013761904761904762,0.4661,0.4558776785714286,31.31488333333334,66.26027142857134,658.6554904761904,658.6554904761904,658.6554904761904,0.0,0.0,9827.80722821429,0.0
2025-09-16,0,26,4:20-4:30,617.4399999999999,0.0,0.402,0.39662723214285717,20.018333333333317,94.97446488095247,884.3391908730117,884.3391908730117,884.3391908730117,246.8808575396785,0.0,10050.0,0.0
2025-09-16,0,27,4:30-4:40,615.8643166666666,0.0,0.4208,0.4102803571428572,21.532771428571436,93.90356249999996,637.397088095238,637.397088095238,637.397088095238,0.0,0.0,10050.0,0.0
2025-09-16,0,28,4:40-4:50,620.6281166666666,0.019133333333333332,0.4478,0.4345843750000001,18.313695238095306,135.90661428571428,638.9226785714286,638.9226785714286,638.9226785714286,0.0,0.0,10050.0,0.0
2025-09-16,0,29,4:50-5:00,613.96,0.0,0.4273,0.41534776785714284,19.948333333333267,141.64475714285737,633.9083333333333,633.9083333333333,633.9083333333333,0.0,0.0,10050.0,0.0
2025-09-16,0,30,5:00-5:10,587.9707833333333,0.0,0.3935,0.37761383928571446,28.601747619047615,188.25890892857157,1449.9058642857142,1449.9058642857142,1449.9058642857142,833.3333333333333,0.0,10800.0,0.0
2025-09-16,0,31,5:10-5:20,609.9372,0.26649285714285714,0.4367,0.42526116071428566,23.901083333333304,219.5964517857144,633.5717904761904,633.5717904761904,633.5717904761904,0.0,0.0,10800.0,0.0
2025-09-16,0,32,5:20-5:30,642.2716666666666,0.0,0.4847,0.48558973214285706,27.6599404761904,314.56578928571423,669.931607142857,669.931607142857,669.931607142857,0.0,0.0,10800.0,0.0
2025-09-16,0,33,5:30-5:40,593.4416166666666,0.0,0.4135,0.4190370535714285,24.95306190476191,499.28664702380894,618.3946785714286,618.3946785714286,618.3946785714286,-0.0,0.0,10800.0,0.0
2025-09-16,0,34,5:40-5:50,640.2079333333334,4.705376190476191,0.573,0.5792629464285713,37.88358095238084,559.1867053571423,673.386138095238,673.386138095238,673.386138095238,0.0,-0.0,10800.0,0.0
2025-09-16,0,35,5:50-6:00,777.48,26.828571428571426,0.9107,0.9180763392857142,41.587619047619114,567.4989119047613,0.0,0.0,0.0,0.0,792.2390476190477,9919.734391534392,0.0
2025-09-16,0,36,6:00-6:10,809.5255666666667,66.98121904761905,0.9897,0.9981517857142855,40.14623095238096,593.9422607142852,0.0,0.0,0.0,0.0,782.6905785714287,9050.078193121693,0.0
2025-09-16,0,37,6:10-6:20,778.3449499999999,114.32112142857142,0.9247,0.9329687499999998,33.265861904761834,585.1891249999996,0.0,0.0,0.0,0.0,697.2896904761903,8275.311870370371,0.0
2025-09-16,0,38,6:20-6:30,768.9933333333333,162.6044642857143,0.8657,0.8725098214285714,55.05404761904765,551.8428172619043,0.0,0.0,0.0,0.0,661.4429166666666,7540.375296296297,0.0
2025-09-16,0,39,6:30-6:40,813.3113833333333,212.84224047619045,0.8373,0.8421062500000004,42.862240476190465,645.4481315476186,0.0,0.0,0.0,0.0,643.3313833333333,6825.562648148149,0.0
2025-09-16,0,40,6:40-6:50,812.7295833333333,263.96959285714286,0.8002,0.8011513392857144,49.86968809523796,730.3443523809518,20.983852380952612,20.983852380952612,20.983852380952612,0.0,577.6458261904758,6183.733952380953,0.0
2025-09-16,0,41,6:50-7:00,771.2666666666667,316.4348214285714,0.7586,0.757372767857143,51.21244047619041,805.8336261904753,506.04428571428565,506.04428571428565,506.04428571428565,0.0,0.0,6183.733952380953,0.0
2025-09-16,0,42,7:00-7:10,791.2812999999999,371.0149595238095,0.764,0.7675959821428572,52.02557380952362,838.2120624999995,472.291914285714,472.291914285714,472.291914285714,0.0,0.0,6183.733952380953,0.0
2025-09-16,0,43,7:10-7:20,829.0537166666666,421.85023333333334,0.8213,0.8282388392857144,59.905659523809504,870.1058166666661,0.0,0.0,0.0,0.0,467.10914285714273,5664.7237936507945,0.0
2025-09-16,0,44,7:20-7:30,813.8799999999999,473.21785714285716,0.8168,0.8196258928571429,59.2536904761904,894.0641327380946,0.0,0.0,0.0,0.0,399.9158333333331,5220.372867724869,0.0
2025-09-16,0,45,7:30-7:40,744.6715666666666,536.3019428571429,0.6702,0.6639129464285715,67.51219047619054,881.9595940476183,275.8818142857143,275.8818142857143,275.8818142857143,0.0,0.0,5220.372867724869,0.0
2025-09-16,0,46,7:40-7:50,840.5305166666667,602.8648261904762,0.828,0.8192727678571429,50.2092833333333,862.7180107142851,0.0,0.0,0.0,0.0,287.8749738095239,4900.511785714287,0.0
2025-09-16,0,47,7:50-8:00,1052.5466666666666,664.8812499999999,1.1872,1.1829843750000002,54.37446428571428,832.3213434523802,0.0,0.0,0.0,0.0,442.03988095238105,4409.356362433863,0.0
2025-09-16,0,48,8:00-8:10,1102.7561666666666,720.4991857142855,1.1747,1.1713767857142852,50.59351190476201,809.4529803571421,0.0,0.0,0.0,0.0,432.85049285714297,3928.411370370371,0.0
2025-09-16,0,49,8:10-8:20,1084.5593833333332,771.7412976190476,1.0582,1.0527370535714284,69.8594261904762,799.8798148809515,0.0,0.0,0.0,0.0,382.6775119047618,3503.214134920636,0.0
2025-09-16,0,50,8:20-8:30,1092.7233333333334,820.9187499999999,1.0338,1.0262906250000003,78.83345238095251,852.643156547618,0.0,0.0,0.0,0.0,350.63803571428605,3113.616317460318,0.0
2025-09-16,0,51,8:30-8:40,1117.2051833333333,871.2184047619046,1.0224,1.0145785714285716,75.408673809524,847.2613130952379,0.0,0.0,0.0,0.0,321.39545238095275,2756.5102592592593,0.0
2025-09-16,0,52,8:40-8:50,1111.5599499999998,931.0558880952381,0.9983,0.9891901785714283,65.86325000000011,774.9953982142855,0.0,0.0,0.0,0.0,246.3673119047619,2482.768801587302,0.0
2025-09-16,0,53,8:50-9:00,1083.725,992.7294642857142,0.9567,0.9450316964285715,108.06041666666681,793.4228821428569,0.0,0.0,0.0,0.0,199.05595238095236,2261.595521164021,0.0
2025-09-16,0,54,9:00-9:10,1083.6594166666666,1038.6293428571428,0.9104,0.8974620535714285,74.34143095238096,854.5590279761905,0.0,0.0,0.0,0.0,119.37150476190482,2128.960515873016,0.0
2025-09-16,0,55,9:10-9:20,1081.75795,1080.8538523809523,0.9176,0.9043504464285715,58.5706595238095,817.8608904761893,0.0,0.0,0.0,0.0,59.47475714285724,2062.8774523809525,0.0
2025-09-16,0,56,9:20-9:30,1075.6999999999998,1130.3589285714284,0.9306,0.9187464285714286,73.88267857142864,776.5897071428574,0.0,0.0,0.0,0.0,19.22375000000011,2041.51773015873,0.0
2025-09-16,0,57,9:30-9:40,1092.1417,1185.81555,0.8458,0.8343754464285713,88.59498571428566,744.476467261905,0.0,0.0,0.0,5.078864285714417,0.0,2046.088708015873,0.0
2025-09-16,0,58,9:40-9:50,1085.3033833333334,1232.3514404761904,0.7995,0.7656316964285714,96.24492857142866,736.6630101190474,0.0,0.0,0.0,50.80312857142826,0.0,2091.8115237301586,0.0
2025-09-16,0,59,9:50-10:00,1061.4083333333333,1264.3767857142857,0.8275,0.7599901785714287,90.73761904761925,735.3670255952376,0.0,0.0,0.0,112.23083333333307,0.0,2192.8192737301583,0.0
2025-09-16,0,60,10:00-10:10,1073.3937666666666,1289.6567166666666,0.8293,0.7543241071428571,63.02814999999987,715.711752380952,0.0,0.0,0.0,153.23480000000018,0.0,2330.7305937301585,0.0
2025-09-16,0,61,10:10-10:20,1080.65015,1318.9241952380953,0.8057,0.7362044642857141,74.40513333333342,655.5591113095234,0.0,0.0,0.0,163.86891190476194,0.0,2478.212614444444,0.0
2025-09-16,0,62,10:20-10:30,1067.2983333333332,1359.7857142857142,0.788,0.717809375,93.69505952380928,641.9802839285717,0.0,0.0,0.0,198.79232142857177,0.0,2657.125703730159,0.0
2025-09-16,0,63,10:30-10:40,1061.2766833333333,1409.7831785714284,0.7758,0.696669642857143,99.32178095238123,647.4806113095239,0.0,0.0,0.0,249.18471428571388,0.0,2881.3919465873014,0.0
2025-09-16,0,64,10:40-10:50,1069.8957833333334,1442.3530380952382,0.6382,0.5770013392857144,86.88330952380954,643.834641666667,0.0,0.0,0.0,285.5739452380951,0.0,3138.408497301587,0.0
2025-09-16,0,65,10:50-11:00,1087.3733333333332,1452.9696428571426,0.4475,0.41990982142857136,97.4755357142858,616.7110565476196,0.0,0.0,0.0,268.1207738095236,0.0,3379.717193730158,0.0
2025-09-16,0,66,11:00-11:10,1096.7138333333332,1461.737538095238,0.4226,0.3957696428571428,79.50212857142878,710.3097017857143,0.0,0.0,0.0,285.521576190476,0.0,3636.6866123015866,0.0
2025-09-16,0,67,11:10-11:20,1068.3537833333332,1475.037319047619,0.4353,0.3994526785714285,84.44855238095208,752.8870738095238,0.0,0.0,0.0,322.2349833333335,0.0,3926.6980973015866,0.0
2025-09-16,0,68,11:20-11:30,1030.8766666666666,1492.0580357142856,0.4303,0.393689732142857,88.94125000000001,803.8295571428572,457.83876649030185,457.83876649030185,457.83876649030185,830.0788855379208,0.0,4673.769094285715,0.0
2025-09-16,0,69,11:30-11:40,1041.3101833333333,1507.332057142857,0.4713,0.43691160714285715,72.35198571428566,841.1673250000002,0.0,0.0,0.0,393.66988809523787,0.0,5028.07199357143,0.0
2025-09-16,0,70,11:40-11:50,1029.7388666666666,1511.2566142857142,0.4521,0.41877053571428574,74.15940238095254,843.4012101190478,0.0,0.0,0.0,407.3583452380951,0.0,5394.694504285715,0.0
2025-09-16,0,71,11:50-12:00,987.3583333333332,1508.7294642857141,0.361,0.32595312499999995,94.67660714285682,818.5367315476193,406.6388095238092,406.6388095238092,406.6388095238092,833.3333333333333,0.0,6144.694504285715,0.0
2025-09-16,0,72,12:00-12:10,978.3077499999999,1512.2906666666668,0.3025,0.26471830357142856,115.39525000000003,801.0859464285717,414.74566666666647,414.74566666666647,414.74566666666647,833.3333333333333,0.0,6894.694504285715,0.0
2025-09-16,0,73,12:10-12:20,985.3727999999999,1503.9587547619049,0.2911,0.25641473214285726,102.84511428571432,791.0394577380954,417.5924928571426,417.5924928571426,417.5924928571426,833.3333333333333,0.0,7644.694504285715,0.0
2025-09-16,0,74,12:20-12:30,991.5899999999999,1478.3044642857144,0.2815,0.2518950892857143,118.21238095238104,831.7093684523811,464.8312499999997,464.8312499999997,464.8312499999997,833.3333333333333,0.0,8394.694504285715,0.0
2025-09-16,0,75,12:30-12:40,1001.6941833333333,1450.3317499999998,0.2568,0.22364062499999998,102.07584047619025,831.4893535714286,486.77160714285696,486.77160714285696,486.77160714285696,833.3333333333333,0.0,9144.694504285715,0.0
2025-09-16,0,76,12:40-12:50,1020.1140666666666,1434.3382666666666,0.4426,0.40701964285714276,53.90694047619081,813.4906458333321,0.0,0.0,0.0,360.3172595238093,0.0,9468.980037857144,0.0
2025-09-16,0,77,12:50-13:00,1036.5949999999998,1420.8419642857143,0.7306,0.6974875,73.7593452380952,866.0737904761894,0.0,0.0,0.0,310.4876190476193,0.0,9748.418895,0.0
2025-09-16,0,78,13:00-13:10,1035.73345,1387.8801357142856,0.7632,0.7313830357142855,87.86341428571416,862.3267071428559,0.0,0.0,0.0,264.2832714285714,0.0,9986.273839285715,0.0
2025-09-16,0,79,13:10-13:20,1037.7290333333333,1355.7929357142857,0.755,0.7228624999999999,92.68247142857149,781.1094922619039,0.0,0.0,0.0,225.38143095238092,0.0,10189.117127142857,0.0
2025-09-16,0,80,13:20-13:30,1042.7549999999999,1326.3580357142855,0.819,0.7898924107142858,69.41065476190465,701.8272142857138,0.0,0.0,0.0,214.19238095238097,0.0,10381.89027,0.0
2025-09-16,0,81,13:30-13:40,1030.3430666666666,1281.6813023809523,0.852,0.8299245535714288,91.15723333333352,615.6901607142851,0.0,0.0,0.0,160.18100238095212,0.0,10526.053172142856,0.0
2025-09-16,0,82,13:40-13:50,1013.7152833333332,1241.47125,0.8787,0.8373665178571429,101.63007619047607,602.7753541666665,0.0,0.0,0.0,126.12589047619076,0.0,10639.566473571427,0.0
2025-09-16,0,83,13:50-14:00,1012.925,1205.7964285714284,0.9092,0.8354660714285715,88.4495238095238,623.0846994047624,0.0,0.0,0.0,104.42190476190467,0.0,10733.546187857142,0.0
2025-09-16,0,84,14:00-14:10,1034.5057666666667,1156.9163166666667,0.9154,0.8416316964285713,64.42814523809523,561.9388238095236,0.0,0.0,0.0,57.982404761904945,0.0,10785.730352142857,0.0
2025-09-16,0,85,14:10-14:20,1041.0702833333332,1121.5289166666664,0.9156,0.8457830357142857,64.603469047619,551.9506791666664,0.0,0.0,0.0,15.855164285714181,0.0,10800.0,0.0
2025-09-16,0,86,14:20-14:30,1041.4933333333333,1097.275,0.9558,0.8788241071428569,80.03851190476172,518.0595934523806,0.0,0.0,0.0,0.0,24.25684523809491,10773.04794973545,0.0
2025-09-16,0,87,14:30-14:40,1076.1221833333334,1052.4343404761903,1.0295,0.9513227678571432,75.75640714285697,440.54562738095177,0.0,0.0,0.0,0.0,99.44425000000001,10662.554338624339,0.0
2025-09-16,0,88,14:40-14:50,1085.2352333333333,999.3828380952378,0.8796,0.8217696428571432,65.62083333333322,402.14037797618926,0.0,0.0,0.0,0.0,151.47322857142865,10494.250751322752,0.0
2025-09-16,0,89,14:50-15:00,1050.0316666666665,952.4544642857142,0.6307,0.6033727678571429,71.11124999999998,378.7620327380939,508.4098398001168,508.4098398001168,508.4098398001168,339.7213874191645,0.0,10800.0,0.0
2025-09-16,0,90,15:00-15:10,1017.0069333333332,912.5145809523808,0.6805,0.6648794642857144,51.981314285714234,318.87392380952315,156.47366666666653,156.47366666666653,156.47366666666653,0.0,0.0,10800.0,0.0
2025-09-16,0,91,15:10-15:20,1025.4662166666667,865.1688428571429,0.7535,0.7362187499999999,55.24672142857162,292.79633928571326,215.54409523809545,215.54409523809545,215.54409523809545,0.0,0.0,10800.0,0.0
2025-09-16,0,92,15:20-15:30,1064.2316666666666,805.3035714285713,0.74,0.7192066964285715,75.90065476190489,233.01023035714212,334.8287500000001,334.8287500000001,334.8287500000001,0.0,0.0,10800.0,0.0
2025-09-16,0,93,15:30-15:40,1081.3970833333333,742.2062285714285,0.801,0.7816750000000001,45.30816666666675,233.704629166666,384.4990214285715,384.4990214285715,384.4990214285715,0.0,-0.0,10800.0,0.0
2025-09-16,0,94,15:40-15:50,1056.2821,689.9750738095237,0.8316,0.8179348214285717,51.430788095238256,196.33044702380892,417.73781428571453,417.73781428571453,417.73781428571453,0.0,-0.0,10800.0,0.0
2025-09-16,0,95,15:50-16:00,1029.3899999999999,644.8973214285713,0.8275,0.8165272321428569,55.841130952381036,199.21116428571383,440.3338095238096,440.3338095238096,440.3338095238096,0.0,0.0,10800.0,0.0
2025-09-16,0,96,16:00-16:10,1062.8465833333332,590.6233928571428,0.8941,0.8767263392857144,58.54359047619039,222.13340892857133,530.7667809523809,530.7667809523809,530.7667809523809,0.0,-0.0,10800.0,0.0
2025-09-16,0,97,16:10-16:20,1096.5148666666666,535.2625833333333,0.9019,0.8840607142857145,62.99529999999993,191.15053214285706,624.2475833333332,624.2475833333332,624.2475833333332,0.0,-0.0,10800.0,0.0
2025-09-16,0,98,16:20-16:30,1099.355,482.375,0.8665,0.8559446428571428,58.279940476190745,146.8366113095238,675.2599404761909,675.2599404761909,675.2599404761909,0.0,0.0,10800.0,0.0
2025-09-16,0,99,16:30-16:40,1095.2185166666666,427.19606190476185,0.9404,0.9319995535714284,45.38025952380974,129.0311642857143,713.4027142857144,713.4027142857144,713.4027142857144,0.0,-0.0,10800.0,0.0
2025-09-16,0,100,16:40-16:50,1086.5889833333333,374.7399833333334,1.0065,0.9974647321428567,43.381376190475976,121.9200720238099,755.2303761904759,755.2303761904759,755.2303761904759,0.0,-0.0,10800.0,0.0
2025-09-16,0,101,16:50-17:00,1070.8716666666664,323.3142857142857,1.0089,0.9998642857142854,56.7794642857142,113.31079702380944,804.3368452380951,804.3368452380951,804.3368452380951,0.0,-0.0,10800.0,0.0
2025-09-16,0,102,17:00-17:10,1049.4403499999999,266.2481619047619,1.0097,1.001184375,53.64441428571428,88.29802916666665,836.8366023809522,836.8366023809522,836.8366023809522,0.0,0.0,10800.0,0.0
2025-09-16,0,103,17:10-17:20,1036.5011166666666,213.48090952380952,1.0191,1.0090861607142856,40.56485476190471,106.93149999999946,863.5850619047617,863.5850619047617,863.5850619047617,0.0,0.0,10800.0,0.0
2025-09-16,0,104,17:20-17:30,1064.5133333333333,166.47142857142853,1.0414,1.028004017857143,41.052976190476215,97.50532916666648,939.0948809523811,939.0948809523811,939.0948809523811,0.0,0.0,10800.0,0.0
2025-09-16,0,105,17:30-17:40,1127.4926333333333,116.77989285714284,1.0947,1.080035714285714,35.826669047619134,65.62979821428561,1046.5394095238096,1046.5394095238096,1046.5394095238096,0.0,0.0,10800.0,0.0
2025-09-16,0,106,17:40-17:50,1019.9531999999999,67.43045476190477,1.2113,1.2032267857142858,28.293514285714423,57.275648214285695,980.8162595238097,980.8162595238097,980.8162595238097,0.0,-0.0,10800.0,0.0
2025-09-16,0,107,17:50-18:00,816.1266666666667,27.17589285714286,1.3344,1.3341178571428571,31.328333333333205,74.3923529761905,0.0,0.0,0.0,0.0,820.279107142857,9888.57876984127,0.0
2025-09-16,0,108,18:00-18:10,808.0662333333332,4.839409523809524,1.3604,1.3558169642857147,19.79973333333328,79.21258690476171,0.0,0.0,0.0,0.0,823.026557142857,8974.104817460317,0.0
2025-09-16,0,109,18:10-18:20,847.0006333333333,0.0,1.3669,1.3568102678571425,26.885073809523988,54.659427380952195,40.552373809524056,40.552373809524056,40.552373809524056,0.0,833.3333333333333,8048.1788915343905,0.0
2025-09-16,0,110,18:20-18:30,827.805,0.0,1.377,1.3662459821428572,50.26946428571421,55.845249999999965,44.7411309523809,44.7411309523809,44.7411309523809,0.0,833.3333333333333,7122.252965608464,0.0
2025-09-16,0,111,18:30-18:40,798.7725333333333,0.27519047619047615,1.3377,1.323016964285714,23.536873809523968,98.6618535714284,0.0,0.0,0.0,0.0,822.0342166666668,6208.881613756612,0.0
2025-09-16,0,112,18:40-18:50,790.6675833333334,0.0,1.2931,1.2522357142857141,22.795019047618894,98.9448607142858,481.0264101190489,481.0264101190489,481.0264101190489,0.0,332.4361922619034,5839.508066798941,0.0
2025-09-16,0,113,18:50-19:00,798.6433333333332,0.0,1.2851,1.2130290178571428,18.808333333333394,75.81239642857125,817.4516666666666,817.4516666666666,817.4516666666666,0.0,0.0,5839.508066798941,0.0
2025-09-16,0,114,19:00-19:10,797.6786166666667,0.0197547619047619,1.3134,1.2433705357142861,25.735950000000116,89.73687261904735,823.394811904762,823.394811904762,823.394811904762,0.0,0.0,5839.508066798941,0.0
2025-09-16,0,115,19:10-19:20,799.6047666666666,0.0,1.3235,1.2578549107142858,27.413014285714212,96.89851488095212,0.0,0.0,0.0,0.0,827.0177809523808,4920.599421296296,0.0
2025-09-16,0,116,19:20-19:30,815.685,0.0,1.3164,1.244591071428572,19.311666666666838,63.10342797619012,834.9966666666668,834.9966666666668,834.9966666666668,0.0,0.0,4920.599421296296,0.0
2025-09-16,0,117,19:30-19:40,835.6885166666666,0.0014166666666666668,1.3314,1.260256696428571,30.820128571428768,58.468593452380645,33.1738952380955,33.1738952380955,33.1738952380955,0.0,833.3333333333333,3994.67349537037,0.0
2025-09-16,0,118,19:40-19:50,808.2568333333334,0.0,1.2915,1.2235629464285718,14.943697619047612,66.99037202380947,823.200530952381,823.200530952381,823.200530952381,0.0,0.0,3994.67349537037,0.0
2025-09-16,0,119,19:50-20:00,772.5799999999999,0.0,1.2397,1.1721915178571425,18.226666666666574,68.91187916666678,790.8066666666665,790.8066666666665,790.8066666666665,0.0,0.0,3994.67349537037,0.0
2025-09-16,0,120,20:00-20:10,818.7355333333333,2.6190476190476192e-05,1.3049,1.235674107142857,21.153430952380972,50.30289404761908,839.888938095238,839.888938095238,839.888938095238,0.0,0.0,3994.67349537037,0.0
2025-09-16,0,121,20:10-20:20,842.43295,0.0,1.3632,1.294821875,26.782516666666652,55.808220833333195,35.8821333333334,35.8821333333334,35.8821333333334,0.0,833.3333333333333,3068.7475694444443,0.0
2025-09-16,0,122,20:20-20:30,802.5233333333333,0.0,1.368,1.2996428571428573,17.79166666666663,78.59991249999999,0.0,0.0,0.0,0.0,820.3149999999999,2157.286458333333,0.0
2025-09-16,0,123,20:30-20:40,764.9119833333332,0.0,1.3602,1.2873049107142855,27.468583333333413,50.73784464285686,0.0,0.0,0.0,0.0,792.3805666666666,1276.8636064814812,0.0
2025-09-16,0,124,20:40-20:50,770.1355833333333,0.0,1.1781,1.125385267857143,24.408333333333417,69.17724583333305,794.5439166666667,794.5439166666667,794.5439166666667,0.0,0.0,1276.8636064814812,0.0
2025-09-16,0,125,20:50-21:00,800.5533333333333,0.0,0.9395,0.9198450892857144,32.89166666666665,65.52059583333312,869.25441872428,869.25441872428,869.25441872428,35.80941872428007,0.0,1309.0920833333332,0.0
2025-09-16,0,126,21:00-21:10,805.8646333333332,0.0,0.9533,0.9353473214285712,16.0555333333333,98.182875,821.9201666666665,821.9201666666665,821.9201666666665,0.0,0.0,1309.0920833333332,0.0
2025-09-16,0,127,21:10-21:20,806.1195333333333,0.0,0.9776,0.952695535714286,26.428916666666737,78.27205416666669,832.54845,832.54845,832.54845,0.0,0.0,1309.0920833333332,0.0
2025-09-16,0,128,21:20-21:30,807.8649999999999,0.0,0.9492,0.9246196428571433,22.85833333333335,85.22699166666658,830.7233333333332,830.7233333333332,830.7233333333332,0.0,0.0,1309.0920833333332,0.0
2025-09-16,0,129,21:30-21:40,784.6169,0.0,1.0007,0.9768316964285716,28.234483333333287,74.43432916666663,806.9377541666668,806.9377541666668,806.9377541666668,0.0,5.91362916666651,1302.5213842592593,0.0
2025-09-16,0,130,21:40-21:50,707.6121166666667,0.0,0.793,0.7684535714285718,30.17543333333333,92.26924583333334,735.4369125,735.4369125,735.4369125,0.0,2.350637500000107,1299.9095648148148,0.0
2025-09-16,0,131,21:50-22:00,621.9933333333333,0.0,0.4456,0.4216245535714287,28.091666666666697,89.91860833333328,1483.4183333333333,1483.4183333333333,1483.4183333333333,833.3333333333333,0.0,2049.909564814815,0.0
2025-09-16,0,132,22:00-22:10,609.4357166666666,0.0,0.4478,0.4277986607142858,26.715299999999957,81.2509291666666,636.1510166666666,636.1510166666666,636.1510166666666,0.0,0.0,2049.909564814815,0.0
2025-09-16,0,133,22:10-22:20,605.0206833333333,0.0,0.4689,0.44602098214285707,26.119266666666817,69.7914125,631.1399500000001,631.1399500000001,631.1399500000001,0.0,0.0,2049.909564814815,0.0
2025-09-16,0,134,22:20-22:30,592.5183333333333,0.0,0.3948,0.36587276785714273,27.039999999999964,51.76151666666672,1452.8916666666664,1452.8916666666664,1452.8916666666664,833.3333333333333,0.0,2799.909564814815,0.0
2025-09-16,0,135,22:30-22:40,617.9579333333334,0.0,0.4482,0.42370267857142857,30.973549999999932,27.849508333333432,1482.2648166666665,1482.2648166666665,1482.2648166666665,833.3333333333333,0.0,3549.909564814815,0.0
2025-09-16,0,136,22:40-22:50,634.3490166666666,0.0,0.4929,0.4696549107142856,26.937599999999975,24.580754166666765,661.2866166666665,661.2866166666665,661.2866166666665,0.0,0.0,3549.909564814815,0.0
2025-09-16,0,137,22:50-23:00,628.5383333333333,0.0,0.4816,0.4556040178571429,32.93166666666673,62.49184583333326,661.47,661.47,661.47,0.0,0.0,3549.909564814815,0.0
2025-09-16,0,138,23:00-23:10,627.4427166666667,0.0,0.5009,0.4810124999999999,26.72158333333323,79.3885958333332,654.1642999999999,654.1642999999999,654.1642999999999,0.0,0.0,3549.909564814815,0.0
2025-09-16,0,139,23:10-23:20,589.9553833333333,0.0,0.4512,0.43496428571428564,25.422300000000064,69.73301249999994,615.3776833333334,615.3776833333334,615.3776833333334,0.0,0.0,3549.909564814815,0.0
2025-09-16,0,140,23:20-23:30,544.935,0.0,0.3706,0.3500580357142857,30.356666666666683,52.39932499999989,1408.625,1408.625,1408.625,833.3333333333333,0.0,4299.909564814815,0.0
2025-09-16,0,141,23:30-23:40,573.7318166666666,0.0,0.4131,0.3865736607142858,15.29421666666667,59.063995833333365,1422.3593666666666,1422.3593666666666,1422.3593666666666,833.3333333333333,0.0,5049.909564814815,0.0
2025-09-16,0,142,23:40-23:50,618.8458833333333,0.0,0.4554,0.4260223214285714,25.804399999999987,39.792220833333374,866.97298909465,866.97298909465,866.97298909465,222.32270576131668,0.0,5250.0,0.0
2025-09-16,0,143,23:50-24:00,623.96,0.0,0.4428,0.41652678571428575,25.428333333333285,32.095000000000056,1482.7216666666666,1482.7216666666666,1482.7216666666666,833.3333333333333,0.0,6000.0,0.0
2025-09-17,0,0,0:00-0:10,587.49415,0.0,0.4366,0.41868750000000005,22.247500000000173,64.66763749999971,609.7416500000002,609.7416500000002,609.7416500000002,0.0,0.0,6670.087583915347,0.0
2025-09-17,0,1,0:10-0:20,576.2294666666667,0.0,0.4073,0.38945267857142857,16.52918333333332,66.01578333333347,1426.0919833333332,1426.0919833333332,1426.0919833333332,833.3333333333333,0.0,7420.087583915347,0.0
2025-09-17,0,2,0:20-0:30,601.855,0.0,0.3985,0.3751901785714285,30.168333333333294,61.42983749999979,1465.3566666666666,1465.3566666666666,1465.3566666666666,833.3333333333333,0.0,8170.087583915347,0.0
2025-09-17,0,3,0:30-0:40,619.5752666666666,0.0,0.4895,0.46809151785714276,14.0626666666667,89.72809166666659,633.6379333333333,633.6379333333333,633.6379333333333,0.0,0.0,8170.087583915347,0.0
2025-09-17,0,4,0:40-0:50,643.7186999999999,0.0,0.521,0.49896919642857135,20.179416666666725,87.40602500000006,256.84429114285376,256.84429114285376,256.84429114285376,0.0,407.05382552381286,7717.805555555555,0.0
2025-09-17,0,5,0:50-1:00,657.5999999999999,0.0,0.4646,0.43840401785714284,25.261666666666656,76.83358333333325,682.8616666666666,682.8616666666666,682.8616666666666,0.0,0.0,7717.805555555555,0.0
2025-09-17,0,6,1:00-1:10,623.7786166666666,0.0,0.4467,0.42236250000000014,27.336400000000026,72.08090833333324,651.1150166666666,651.1150166666666,651.1150166666666,0.0,0.0,7717.805555555555,0.0
2025-09-17,0,7,1:10-1:20,605.2630333333333,0.0,0.4493,0.42608348214285713,22.527400000000057,43.46685833333342,627.7904333333333,627.7904333333333,627.7904333333333,0.0,0.0,7717.805555555555,0.0
2025-09-17,0,8,1:20-1:30,625.5283333333333,0.0,0.4595,0.4348883928571427,24.258333333333326,90.15812083333324,649.7866666666666,649.7866666666666,649.7866666666666,0.0,0.0,7717.805555555555,0.0
2025-09-17,0,9,1:30-1:40,642.6302666666666,0.0,0.4897,0.4668437500000001,13.662483333333398,76.97296249999982,656.29275,656.29275,656.29275,0.0,0.0,7717.805555555555,0.0
2025-09-17,0,10,1:40-1:50,616.5582833333333,0.0,0.4843,0.4651754464285714,13.583066666666696,67.47110535714316,630.14135,630.14135,630.14135,0.0,0.0,7717.805555555555,0.0
2025-09-17,0,11,1:50-2:00,576.3233333333333,0.0,0.4448,0.42777008928571414,16.796666666666624,80.2281458333332,593.1199999999999,593.1199999999999,593.1199999999999,0.0,0.0,7717.805555555555,0.0
2025-09-17,0,12,2:00-2:10,589.80315,0.0,0.4309,0.4119174107142857,27.29774999999995,74.9910369047623,617.1008999999999,617.1008999999999,617.1008999999999,0.0,0.0,7717.805555555555,0.0
2025-09-17,0,13,2:10-2:20,610.8321333333333,0.0,0.4361,0.4158446428571429,24.751549999999952,58.316501190476316,635.5836833333333,635.5836833333333,635.5836833333333,0.0,0.0,7717.805555555555,0.0
2025-09-17,0,14,2:20-2:30,604.4383333333333,0.0,0.4269,0.40858437500000006,8.126666666666665,62.41550416666669,612.5649999999999,612.5649999999999,612.5649999999999,0.0,0.0,7717.805555555555,0.0
2025-09-17,0,15,2:30-2:40,581.3789333333333,0.0,0.3861,0.3711084821428571,20.56443333333334,59.39455000000001,1435.2767,1435.2767,1435.2767,833.3333333333333,0.0,8467.805555555555,0.0
2025-09-17,0,16,2:40-2:50,572.3571333333333,0.0,0.3952,0.3815803571428572,23.137249999999995,78.66875833333356,1428.8277166666667,1428.8277166666667,1428.8277166666667,833.3333333333333,0.0,9217.805555555555,0.0
2025-09-17,0,17,2:50-3:00,585.9633333333334,0.0,0.4565,0.4428937500000001,10.789999999999964,102.94125416666688,596.7533333333333,596.7533333333333,596.7533333333333,0.0,0.0,9217.805555555555,0.0
2025-09-17,0,18,3:00-3:10,602.6468833333333,0.0,0.487,0.47459017857142866,34.67196666666655,56.60849047619061,637.3188499999999,637.3188499999999,637.3188499999999,0.0,0.0,9217.805555555555,0.0
2025-09-17,0,19,3:10-3:20,598.7417166666667,0.0,0.478,0.46202633928571435,24.212800000000016,82.16219107142861,622.9545166666667,622.9545166666667,622.9545166666667,0.0,0.0,9217.805555555555,0.0
2025-09-17,0,20,3:20-3:30,591.4583333333333,0.0,0.446,0.42472098214285714,15.50666666666666,89.20444642857153,606.9649999999999,606.9649999999999,606.9649999999999,0.0,0.0,9217.805555555555,0.0
2025-09-17,0,21,3:30-3:40,615.0549333333333,0.0,0.4163,0.3978223214285715,21.96299999999985,101.33216309523804,1470.3512666666666,1470.3512666666666,1470.3512666666666,833.3333333333333,0.0,9967.805555555555,0.0
2025-09-17,0,22,3:40-3:50,609.5149666666666,0.0,0.4235,0.40868125,11.220169047618924,88.66430416666685,620.7351357142855,620.7351357142855,620.7351357142855,0.0,0.0,9967.805555555555,0.0
2025-09-17,0,23,3:50-4:00,581.4516666666666,0.0,0.45,0.43491830357142863,22.063333333333276,52.55640416666668,603.5149999999999,603.5149999999999,603.5149999999999,0.0,0.0,9967.805555555555,0.0
2025-09-17,0,24,4:00-4:10,596.6095166666667,0.0,0.449,0.43285133928571434,21.997199999999907,36.70627142857131,618.6067166666666,618.6067166666666,618.6067166666666,0.0,0.0,9967.805555555555,0.0
2025-09-17,0,25,4:10-4:20,598.2774,0.0010095238095238095,0.471,0.4597508928571429,30.423740476190574,67.69271309523796,628.700130952381,628.700130952381,628.700130952381,0.0,0.0,9967.805555555555,0.0
2025-09-17,0,26,4:20-4:30,581.0066666666667,0.0,0.5042,0.49922544642857153,20.018333333333317,98.9144970238095,0.0,0.0,0.0,0.0,601.025,9300.0,0.0
2025-09-17,0,27,4:30-4:40,596.8871666666666,0.0,0.4784,0.4697000000000001,21.532771428571436,104.85265892857153,618.4199380952381,618.4199380952381,618.4199380952381,0.0,0.0,9300.0,0.0
2025-09-17,0,28,4:40-4:50,599.6131333333333,0.01413095238095238,0.4355,0.4226986607142857,18.313695238095306,143.83063333333308,617.9126976190477,617.9126976190477,617.9126976190477,0.0,0.0,9300.0,0.0
2025-09-17,0,29,4:50-5:00,584.2633333333333,0.0,0.4182,0.40468526785714276,16.601666666666688,155.14634761904762,600.865,600.865,600.865,0.0,0.0,9300.0,0.0
2025-09-17,0,30,5:00-5:10,594.2472166666666,0.0,0.4281,0.4128352678571428,26.22828571428579,198.4138327380952,620.4755023809524,620.4755023809524,620.4755023809524,0.0,0.0,9300.0,0.0
2025-09-17,0,31,5:10-5:20,599.8873666666666,0.19684047619047618,0.4186,0.4078415178571429,23.901083333333304,227.37791369047625,623.5916095238094,623.5916095238094,623.5916095238094,0.0,0.0,9300.0,0.0
2025-09-17,0,32,5:20-5:30,579.0416666666666,0.0,0.3718,0.37070580357142857,27.6599404761904,323.3813511904758,1440.0349404761903,1440.0349404761903,1440.0349404761903,833.3333333333333,0.0,10050.0,0.0
2025-09-17,0,33,5:30-5:40,562.7969166666667,0.0,0.3604,0.36434598214285707,22.811199999999985,508.1022089285705,1418.9414499999998,1418.9414499999998,1418.9414499999998,833.3333333333333,0.0,10800.0,0.0
2025-09-17,0,34,5:40-5:50,678.5829333333334,3.5964333333333336,0.6356,0.641148660714286,32.588680952380855,565.860405357142,707.5751809523808,707.5751809523808,707.5751809523808,0.0,-0.0,10800.0,0.0
2025-09-17,0,35,5:50-6:00,840.9283333333333,23.080357142857142,1.0052,1.0121370535714285,41.587619047619114,571.9082851190468,26.10226190476203,26.10226190476203,26.10226190476203,0.0,833.3333333333333,9874.074074074075,0.0
2025-09-17,0,36,6:00-6:10,827.1178666666666,62.53751904761905,0.9882,0.9974946428571424,40.14623095238096,596.3312517857134,0.0,0.0,0.0,0.0,804.7265785714285,8979.933431216932,0.0
2025-09-17,0,37,6:10-6:20,803.3403166666667,109.6848238095238,0.8876,0.89683125,33.265861904761834,587.578116071428,0.0,0.0,0.0,0.0,726.9213547619047,8172.243037037038,0.0
2025-09-17,0,38,6:20-6:30,833.0983333333334,157.28482142857143,0.8784,0.8854508928571432,55.05404761904765,554.2318083333327,0.0,0.0,0.0,0.0,730.8675595238096,7360.1679708994725,0.0
2025-09-17,0,39,6:30-6:40,814.4376666666667,206.71878095238094,0.8478,0.8537616071428572,42.862240476190465,657.786735119047,0.0,0.0,0.0,0.0,650.5811261904762,6637.300052910055,0.0
2025-09-17,0,40,6:40-6:50,791.3584833333332,256.33664999999996,0.8462,0.8482816964285714,45.89914523809534,737.1809815476183,0.0,0.0,0.0,0.0,580.9209785714286,5991.8322989418,0.0
2025-09-17,0,41,6:50-7:00,794.9066666666665,307.19107142857143,0.8592,0.8583709821428572,51.21244047619041,807.7700452380946,0.0,0.0,0.0,0.0,538.9280357142854,5393.023370370372,0.0
2025-09-17,0,42,7:00-7:10,805.7369,361.7881904761905,0.807,0.8120852678571431,52.02557380952362,840.9354755952379,0.0,0.0,0.0,0.0,495.9742833333331,4841.940833333335,0.0
2025-09-17,0,43,7:10-7:20,809.4774666666667,414.68851190476187,0.7767,0.7835602678571425,59.905659523809504,872.8292297619043,454.69461428571435,454.69461428571435,454.69461428571435,0.0,0.0,4841.940833333335,0.0
2025-09-17,0,44,7:20-7:30,790.51,469.72053571428575,0.7448,0.7447098214285716,59.2536904761904,896.7875458333328,380.04315476190465,380.04315476190465,380.04315476190465,0.0,0.0,4841.940833333335,0.0
2025-09-17,0,45,7:30-7:40,765.58005,536.0832785714285,0.6442,0.6370325892857139,67.51219047619054,884.6830071428567,1001.5517815696647,1001.5517815696647,1001.5517815696647,704.5428196649027,0.0,5476.029371031747,0.0
2025-09-17,0,46,7:40-7:50,882.4332666666666,599.9893333333333,0.8247,0.8167191964285714,52.80102619047625,865.4414238095234,0.0,0.0,0.0,0.0,335.2449595238095,5103.534971560848,0.0
2025-09-17,0,47,7:50-8:00,1078.4733333333334,657.836607142857,1.1761,1.1714593749999997,54.37446428571428,837.6364994047615,0.0,0.0,0.0,0.0,475.0111904761907,4575.744759920636,0.0
2025-09-17,0,48,8:00-8:10,1125.6785666666665,717.0630238095238,1.2107,1.2062589285714285,50.59351190476201,814.7681363095232,0.0,0.0,0.0,0.0,459.20905476190467,4065.5124768518535,0.0
2025-09-17,0,49,8:10-8:20,1103.5568666666666,765.8372928571428,1.1832,1.1786816964285711,69.8594261904762,809.0181458333332,0.0,0.0,0.0,0.0,407.57899999999995,3612.646921296298,0.0
2025-09-17,0,50,8:20-8:30,1096.7516666666666,805.4133928571429,1.2034,1.199267410714286,78.83345238095251,861.7814874999997,0.0,0.0,0.0,0.0,370.1717261904763,3201.34500330688,0.0
2025-09-17,0,51,8:30-8:40,1107.0745833333333,852.4620357142855,1.1188,1.112682142857143,75.408673809524,856.3996440476196,0.0,0.0,0.0,0.0,330.02122142857183,2834.6547572751333,0.0
2025-09-17,0,52,8:40-8:50,1104.3444333333332,912.3963880952381,1.067,1.0581830357142854,65.86325000000011,784.1337291666672,0.0,0.0,0.0,0.0,257.8112952380952,2548.1977625661384,0.0
2025-09-17,0,53,8:50-9:00,1088.9716666666666,973.7758928571429,1.0757,1.0645156250000003,108.06041666666681,773.4415416666669,0.0,0.0,0.0,0.0,223.25619047619057,2300.1353287037045,0.0
2025-09-17,0,54,9:00-9:10,1088.43075,1019.1199404761905,1.0378,1.0243781250000001,74.34143095238096,829.7263327380962,0.0,0.0,0.0,0.0,143.6522404761904,2140.521728174604,0.0
2025-09-17,0,55,9:10-9:20,1088.2563499999999,1061.7761857142855,1.0429,1.0289290178571429,58.5706595238095,820.299832738095,0.0,0.0,0.0,0.0,85.05082380952399,2046.0208128306886,0.0
2025-09-17,0,56,9:20-9:30,1083.37,1114.442857142857,1.0714,1.060019642857143,73.88267857142864,751.2145273809533,0.0,0.0,0.0,0.0,42.80982142857147,1998.4543445767204,0.0
2025-09-17,0,57,9:30-9:40,1085.5219499999998,1175.4963642857142,0.9998,0.9899147321428573,88.59498571428566,718.6089101190485,0.0,0.0,0.0,1.3794285714286616,0.0,1999.6958302910061,0.0
2025-09-17,0,58,9:40-9:50,1092.1246666666666,1221.2248142857143,0.9275,0.8951227678571427,92.20416428571423,710.3372398809527,0.0,0.0,0.0,36.895983333333334,0.0,2032.902215291006,0.0
2025-09-17,0,59,9:50-10:00,1085.2866666666666,1248.9803571428572,0.9143,0.8474437499999999,90.73761904761925,705.0004910714285,0.0,0.0,0.0,72.95607142857125,0.0,2098.5626795767203,0.0
2025-09-17,0,60,10:00-10:10,1055.7115,1278.1100595238095,0.9213,0.8464973214285715,63.02814999999987,698.4065630952381,0.0,0.0,0.0,159.3704095238097,0.0,2241.996048148149,0.0
2025-09-17,0,61,10:10-10:20,1069.6763333333333,1310.1033738095236,0.9072,0.8376937499999998,65.1797476190477,638.2539220238094,0.0,0.0,0.0,175.2472928571426,0.0,2399.7186117195774,0.0
2025-09-17,0,62,10:20-10:30,1103.4333333333334,1344.721428571428,0.8697,0.7998075892857142,93.69505952380928,668.1565410714289,0.0,0.0,0.0,147.5930357142854,0.0,2532.552343862434,0.0
2025-09-17,0,63,10:30-10:40,1069.0554666666667,1382.6700142857144,0.8223,0.7444142857142858,102.87890714285693,701.951358333334,0.0,0.0,0.0,210.73564047619084,0.0,2722.214420291006,0.0
2025-09-17,0,64,10:40-10:50,1053.06475,1416.3446761904763,0.696,0.635490625,90.60197857142873,700.7311517857146,0.0,0.0,0.0,272.6779476190475,0.0,2967.6245731481486,0.0
2025-09-17,0,65,10:50-11:00,1072.7483333333332,1436.4848214285714,0.541,0.5127580357142858,94.32755952380938,682.2080839285717,0.0,0.0,0.0,269.40892857142876,0.0,3210.0926088624346,0.0
2025-09-17,0,66,11:00-11:10,1059.3456833333332,1440.6300785714284,0.4937,0.46714464285714297,79.50212857142878,703.1150845238096,0.0,0.0,0.0,301.7822666666664,0.0,3481.6966488624344,0.0
2025-09-17,0,67,11:10-11:20,1053.5674166666665,1450.7369666666666,0.4806,0.44690625000000017,90.40529523809516,724.4179059523811,0.0,0.0,0.0,306.764254761905,0.0,3757.784478148149,0.0
2025-09-17,0,68,11:20-11:30,1067.42,1472.8991071428572,0.4591,0.4254040178571427,93.42672619047616,783.4383035714286,521.2809523809522,521.2809523809522,521.2809523809522,833.3333333333333,0.0,4507.784478148149,0.0
2025-09-17,0,69,11:30-11:40,1062.6081,1490.1755976190475,0.4566,0.4240830357142858,74.80776904761888,825.2615476190479,480.57360476190456,480.57360476190456,480.57360476190456,833.3333333333333,0.0,5257.784478148149,0.0
2025-09-17,0,70,11:40-11:50,1030.0893166666665,1482.9341761904761,0.4405,0.4093758928571428,87.18255714285723,845.2125125000006,467.67103095238076,467.67103095238076,467.67103095238076,833.3333333333333,0.0,6007.784478148149,0.0
2025-09-17,0,71,11:50-12:00,995.1333333333333,1467.473214285714,0.4168,0.38576562500000006,95.44845238095252,848.8519279761906,456.4419047619051,456.4419047619051,456.4419047619051,833.3333333333333,0.0,6757.784478148149,0.0
2025-09-17,0,72,12:00-12:10,990.8689166666666,1476.940569047619,0.4253,0.39190223214285724,115.39525000000003,846.917493452381,462.6569309523809,462.6569309523809,462.6569309523809,833.3333333333333,0.0,7507.784478148149,0.0
2025-09-17,0,73,12:10-12:20,979.1508999999999,1468.8250476190474,0.4254,0.3951825892857144,101.52983095238096,836.8710047619047,445.1890166666667,445.1890166666667,445.1890166666667,833.3333333333333,0.0,8257.784478148149,0.0
2025-09-17,0,74,12:20-12:30,966.6233333333332,1435.705357142857,0.4194,0.394416517857143,118.21238095238104,876.225632142857,482.4636904761903,482.4636904761903,482.4636904761903,833.3333333333333,0.0,9007.784478148149,0.0
2025-09-17,0,75,12:30-12:40,998.0061999999999,1416.0003571428572,0.4732,0.44380491071428574,102.07584047619025,876.0056172619047,41.44729650205619,41.44729650205619,41.44729650205619,357.3656131687231,0.0,9329.41353,0.0
2025-09-17,0,76,12:40-12:50,1021.8029499999999,1413.1340238095236,0.6451,0.6119178571428571,67.35545000000008,850.5673267857134,0.0,0.0,0.0,323.97562380952354,0.0,9620.99159142857,0.0
2025-09-17,0,77,12:50-13:00,1031.605,1404.38125,0.8542,0.8228303571428571,73.7593452380952,916.5989809523799,0.0,0.0,0.0,299.0169047619047,0.0,9890.106805714286,0.0
2025-09-17,0,78,13:00-13:10,1066.1612,1365.277607142857,0.9353,0.9059080357142859,87.86341428571416,912.8518976190464,0.0,0.0,0.0,211.252992857143,0.0,10080.234499285714,0.0
2025-09-17,0,79,13:10-13:20,1069.0907333333332,1329.825592857143,0.9317,0.9012589285714284,86.93218095238096,833.8145815476182,0.0,0.0,0.0,173.80267857142871,0.0,10236.65691,0.0
2025-09-17,0,80,13:20-13:30,1040.7533333333333,1306.2071428571426,0.9149,0.8853924107142858,59.8795833333333,748.7820130952375,0.0,0.0,0.0,205.57422619047588,0.0,10421.673713571428,0.0
2025-09-17,0,81,13:30-13:40,1041.5870833333333,1271.0403904761904,0.9235,0.9005691964285718,81.09023333333357,653.1138880952374,0.0,0.0,0.0,148.36307380952348,0.0,10555.20048,0.0
2025-09-17,0,82,13:40-13:50,1048.2629499999998,1236.2755976190476,0.9656,0.9249236607142857,66.32971666666685,632.4473184523804,0.0,0.0,0.0,121.68293095238096,0.0,10664.715117857142,0.0
2025-09-17,0,83,13:50-14:00,1040.2033333333334,1202.6571428571428,1.006,0.9338857142857145,88.4495238095238,621.3314714285721,0.0,0.0,0.0,74.00428571428574,0.0,10731.318975,0.0
2025-09-17,0,84,14:00-14:10,1028.0429333333332,1158.272857142857,0.993,0.918570982142857,64.42814523809523,553.9705369047621,0.0,0.0,0.0,65.80177857142871,0.0,10790.540575714285,0.0
2025-09-17,0,85,14:10-14:20,1046.2175333333332,1121.3314738095237,0.9533,0.8820741071428574,64.603469047619,543.982392261905,0.0,0.0,0.0,10.510471428571464,0.0,10800.0,0.0
2025-09-17,0,86,14:20-14:30,1073.3683333333333,1090.6294642857144,0.9559,0.8789973214285716,80.03851190476172,510.0913065476192,0.0,0.0,0.0,0.0,62.777380952380554,10730.247354497355,0.0
2025-09-17,0,87,14:30-14:40,1052.9089166666665,1045.2850809523807,1.0194,0.9411566964285717,75.75640714285697,431.64662023809507,0.0,0.0,0.0,0.0,83.38024285714278,10637.60264021164,0.0
2025-09-17,0,88,14:40-14:50,1031.3637166666667,994.1469285714285,0.8902,0.8322428571428572,65.62083333333322,396.18542797618954,0.0,0.0,0.0,0.0,102.83762142857142,10523.338616402116,0.0
2025-09-17,0,89,14:50-15:00,1038.9966666666664,948.6267857142857,0.6602,0.6336620535714289,71.11124999999998,372.8070827380942,468.8826682833631,468.8826682833631,468.8826682833631,307.4015373309824,0.0,10800.0,0.0
2025-09-17,0,90,15:00-15:10,1059.2734833333334,910.7440357142856,0.688,0.6737151785714283,60.68462619047605,309.97491666666645,209.21407380952394,209.21407380952394,209.21407380952394,0.0,0.0,10800.0,0.0
2025-09-17,0,91,15:10-15:20,1060.61755,866.1037785714285,0.7575,0.7406330357142857,57.2792023809524,291.3761202380945,251.79297380952391,251.79297380952391,251.79297380952391,0.0,0.0,10800.0,0.0
2025-09-17,0,92,15:20-15:30,1037.6399999999999,807.2624999999999,0.7526,0.7313031249999998,75.90065476190489,236.261492857142,306.27815476190483,306.27815476190483,306.27815476190483,0.0,0.0,10800.0,0.0
2025-09-17,0,93,15:30-15:40,1017.4186833333333,741.5471023809523,0.7754,0.7571357142857142,45.30816666666675,235.29824345238032,321.1797476190477,321.1797476190477,321.1797476190477,0.0,0.0,10800.0,0.0
2025-09-17,0,94,15:40-15:50,1035.9660333333331,690.1885928571428,0.8041,0.7923330357142854,51.430788095238256,197.9240613095232,397.20822857142866,397.20822857142866,397.20822857142866,0.0,-0.0,10800.0,0.0
2025-09-17,0,95,15:50-16:00,1062.5783333333334,650.8151785714285,0.8206,0.8109808035714285,55.841130952381036,204.92272738095204,467.6042857142859,467.6042857142859,467.6042857142859,0.0,-0.0,10800.0,0.0
2025-09-17,0,96,16:00-16:10,1037.533,600.6294595238094,0.8435,0.8279816964285711,58.54359047619039,225.56380892857155,495.4471309523808,495.4471309523808,495.4471309523808,0.0,-0.0,10800.0,0.0
2025-09-17,0,97,16:10-16:20,1053.4020666666665,542.8254142857143,0.891,0.875364285714286,62.99529999999993,194.58093214285728,573.5719523809523,573.5719523809523,573.5719523809523,0.0,-0.0,10800.0,0.0
2025-09-17,0,98,16:20-16:30,1102.045,484.25267857142853,0.9358,0.9263053571428567,55.830892857142885,153.21106845238103,673.6232142857143,673.6232142857143,673.6232142857143,0.0,-0.0,10800.0,0.0
2025-09-17,0,99,16:30-16:40,1079.8201333333332,427.906169047619,0.9361,0.9264013392857144,45.38025952380974,132.9565738095237,697.294223809524,697.294223809524,697.294223809524,0.0,-0.0,10800.0,0.0
2025-09-17,0,100,16:40-16:50,1055.6603666666665,373.8227761904762,0.9651,0.9544379464285713,43.381376190475976,125.84548154761927,725.2189666666663,725.2189666666663,725.2189666666663,0.0,-0.0,10800.0,0.0
2025-09-17,0,101,16:50-17:00,1061.6766666666667,319.2232142857142,1.0132,1.003867857142857,56.7794642857142,117.23620654761882,799.2329166666668,799.2329166666668,799.2329166666668,0.0,-0.0,10800.0,0.0
2025-09-17,0,102,17:00-17:10,1063.7766,261.76849285714286,1.0074,0.9983361607142861,49.7190047619049,92.22343869047603,851.727111904762,851.727111904762,851.727111904762,0.0,0.0,10800.0,0.0
2025-09-17,0,103,17:10-17:20,1086.77615,208.90742857142857,1.0608,1.0509611607142855,40.56485476190471,98.61673214285673,918.433576190476,918.433576190476,918.433576190476,0.0,0.0,10800.0,0.0
2025-09-17,0,104,17:20-17:30,1119.375,161.05357142857142,1.1401,1.1280254464285715,41.052976190476215,97.50532916666648,999.3744047619049,999.3744047619049,999.3744047619049,0.0,-0.0,10800.0,0.0
2025-09-17,0,105,17:30-17:40,1096.9774333333332,111.39249761904763,1.1089,1.0938178571428572,35.826669047619134,65.62979821428561,1021.4116047619048,1021.4116047619048,1021.4116047619048,0.0,0.0,10800.0,0.0
2025-09-17,0,106,17:40-17:50,955.6142833333333,62.406671428571435,1.185,1.17585,28.293514285714423,57.275648214285695,921.5011261904763,921.5011261904763,921.5011261904763,0.0,0.0,10800.0,0.0
2025-09-17,0,107,17:50-18:00,787.9333333333334,23.264285714285712,1.3483,1.3480285714285716,31.328333333333205,74.3923529761905,0.0,0.0,0.0,0.0,795.9973809523808,9915.558465608467,0.0
2025-09-17,0,108,18:00-18:10,764.0168333333332,3.7230880952380954,1.3451,1.3400330357142853,19.79973333333328,79.21258690476171,0.0,0.0,0.0,0.0,780.0934785714285,9048.787933862435,0.0
2025-09-17,0,109,18:10-18:20,748.5515333333333,0.0,1.2929,1.2814424107142854,26.885073809523988,54.659427380952195,0.0,0.0,0.0,0.0,775.4366071428573,8187.191703703705,0.0
2025-09-17,0,110,18:20-18:30,720.0266666666666,0.0,1.295,1.2831549107142854,50.26946428571421,50.809856547619205,0.0,0.0,0.0,0.0,770.2961309523808,7331.307113756615,0.0
2025-09-17,0,111,18:30-18:40,790.4058499999999,0.20544285714285715,1.3316,1.3175223214285714,26.393847619047506,89.25468452380954,0.0,0.0,0.0,0.0,816.5942547619045,6423.980164021165,0.0
2025-09-17,0,112,18:40-18:50,843.2322666666666,0.0,1.339,1.300330357142857,24.307649999999853,97.15924702380954,34.20658333333324,34.20658333333324,34.20658333333324,0.0,833.3333333333333,5498.054238095239,0.0
2025-09-17,0,113,18:50-19:00,819.7666666666667,0.0,1.3073,1.238068303571428,18.808333333333394,70.7748321428569,838.575,838.575,838.575,0.0,0.0,5498.054238095239,0.0
2025-09-17,0,114,19:00-19:10,779.1828999999999,0.014747619047619046,1.2889,1.2215348214285713,25.735950000000116,83.02012023809488,804.9041023809524,804.9041023809524,804.9041023809524,0.0,0.0,5498.054238095239,0.0
2025-09-17,0,115,19:10-19:20,781.5087,0.0,1.3283,1.2638745535714284,34.12976666666668,90.87268928571382,0.0,0.0,0.0,0.0,815.6384666666667,4591.789275132276,0.0
2025-09-17,0,116,19:20-19:30,815.7616666666665,0.0,1.3717,1.2993982142857134,19.311666666666838,63.79435476190429,1.7400000000001228,1.7400000000001228,1.7400000000001228,0.0,833.3333333333333,3665.86334920635,0.0
2025-09-17,0,117,19:30-19:40,815.9659333333334,0.00105,1.3211,1.2493941964285715,30.820128571428768,48.535889880952084,322.17181488095173,322.17181488095173,322.17181488095173,0.0,524.6131970238105,3082.9597969576716,0.0
2025-09-17,0,118,19:40-19:50,777.68135,0.0,1.2821,1.2142433035714286,14.022461904762054,61.41942678571422,791.703811904762,791.703811904762,791.703811904762,0.0,0.0,3082.9597969576716,0.0
2025-09-17,0,119,19:50-20:00,752.55,0.0,1.302,1.2347415178571421,18.226666666666574,52.989902380952486,770.7766666666665,770.7766666666665,770.7766666666665,0.0,0.0,3082.9597969576716,0.0
2025-09-17,0,120,20:00-20:10,797.9161999999999,0.0,1.3239,1.254202678571429,20.41142142857143,51.04490357142862,0.0,0.0,0.0,0.0,818.3276214285713,2173.706884259259,0.0
2025-09-17,0,121,20:10-20:20,836.9747833333332,0.0,1.3159,1.2462433035714287,26.782516666666652,54.1171958333334,863.7572999999999,863.7572999999999,863.7572999999999,0.0,0.0,2173.706884259259,0.0
2025-09-17,0,122,20:20-20:30,821.7399999999999,0.0,1.3188,1.2492553571428568,17.79166666666663,78.4116291666667,839.5316666666665,839.5316666666665,839.5316666666665,0.0,0.0,2173.706884259259,0.0
2025-09-17,0,123,20:30-20:40,780.4388,0.0,1.3708,1.2980781250000004,28.221716666666566,63.82241964285734,0.0,0.0,0.0,0.0,808.6605166666666,1275.1951990740738,0.0
2025-09-17,0,124,20:40-20:50,790.2870666666665,0.0,1.252,1.200558482142857,25.909899999999993,67.67567916666647,816.1969666666665,816.1969666666665,816.1969666666665,0.0,0.0,1275.1951990740738,0.0
2025-09-17,0,125,20:50-21:00,833.6116666666667,0.0,1.025,1.0060986607142859,32.89166666666665,65.52059583333312,904.1665380658438,904.1665380658438,904.1665380658438,37.66320473251047,0.0,1309.0920833333332,0.0
2025-09-17,0,126,21:00-21:10,820.2440833333333,0.0,0.9844,0.9653151785714289,16.0555333333333,98.182875,836.2996166666666,836.2996166666666,836.2996166666666,0.0,0.0,1309.0920833333332,0.0
2025-09-17,0,127,21:10-21:20,794.8398166666666,0.0,0.9735,0.9481955357142858,26.428916666666737,78.75381666666672,821.2687333333333,821.2687333333333,821.2687333333333,0.0,0.0,1309.0920833333332,0.0
2025-09-17,0,128,21:20-21:30,814.6433333333332,0.0,0.967,0.9448321428571429,22.85833333333335,82.47442083333331,837.5016666666666,837.5016666666666,837.5016666666666,0.0,0.0,1309.0920833333332,0.0
2025-09-17,0,129,21:30-21:40,868.3754666666666,0.0,1.0566,1.0353941964285718,29.54936666666663,72.44536666666676,895.308529166667,895.308529166667,895.308529166667,0.0,2.6163041666663047,1306.185078703704,0.0
2025-09-17,0,130,21:40-21:50,772.8994666666667,0.0,0.8355,0.8120625000000002,32.0923499999999,95.56657083333357,803.3349916666664,803.3349916666664,803.3349916666664,0.0,1.6568250000002989,1304.344162037037,0.0
2025-09-17,0,131,21:50-22:00,600.1616666666666,0.0,0.4322,0.40801562500000005,28.091666666666697,93.90974583333332,628.2533333333333,628.2533333333333,628.2533333333333,0.0,0.0,1304.344162037037,0.0
2025-09-17,0,132,22:00-22:10,609.4405666666667,0.0,0.4106,0.3904843749999999,26.715299999999957,57.90225833333341,1469.4892,1469.4892,1469.4892,833.3333333333333,0.0,2054.3441620370368,0.0
2025-09-17,0,133,22:10-22:20,627.3169333333333,0.0,0.4409,0.41767991071428573,26.067916666666633,60.856362500000046,653.3848499999999,653.3848499999999,653.3848499999999,0.0,0.0,2054.3441620370368,0.0
2025-09-17,0,134,22:20-22:30,577.8633333333332,0.0,0.3758,0.34524776785714284,22.120000000000005,51.45857083333337,1433.3166666666666,1433.3166666666666,1433.3166666666666,833.3333333333333,0.0,2804.3441620370368,0.0
2025-09-17,0,135,22:30-22:40,570.3127833333333,0.0,0.4101,0.38295625000000005,26.84140000000002,31.981658333333343,1430.4875166666666,1430.4875166666666,1430.4875166666666,833.3333333333333,0.0,3554.3441620370368,0.0
2025-09-17,0,136,22:40-22:50,616.9326833333333,0.0,0.4611,0.4368995535714288,26.937599999999975,24.580754166666765,643.8702833333333,643.8702833333333,643.8702833333333,0.0,0.0,3554.3441620370368,0.0
2025-09-17,0,137,22:50-23:00,661.3033333333333,0.0,0.4726,0.4478183035714286,32.93166666666673,63.21047499999969,694.235,694.235,694.235,0.0,0.0,3554.3441620370368,0.0
2025-09-17,0,138,23:00-23:10,635.57215,0.0,0.4758,0.45527857142857137,25.04350000000011,77.96760833333289,660.6156500000001,660.6156500000001,660.6156500000001,0.0,0.0,3554.3441620370368,0.0
2025-09-17,0,139,23:10-23:20,592.7795166666666,0.0,0.4523,0.4354267857142856,25.05863333333332,75.30082499999986,617.8381499999999,617.8381499999999,617.8381499999999,0.0,0.0,3554.3441620370368,0.0
2025-09-17,0,140,23:20-23:30,571.74,0.0,0.4196,0.4004616071428572,31.163333333333412,52.052958333333066,820.298708847737,820.298708847737,820.298708847737,217.39537551440358,0.0,3750.0,0.0
2025-09-17,0,141,23:30-23:40,568.0709666666667,0.0,0.4214,0.39470937500000003,16.842866666666737,56.94992916666661,1418.2471666666665,1418.2471666666665,1418.2471666666665,833.3333333333333,0.0,4500.0,0.0
2025-09-17,0,142,23:40-23:50,583.69065,0.0,0.4097,0.37895982142857143,25.804399999999987,38.0959708333333,1442.8283833333332,1442.8283833333332,1442.8283833333332,833.3333333333333,0.0,5250.0,0.0
2025-09-17,0,143,23:50-24:00,609.855,0.0,0.4086,0.3821357142857142,27.690000000000055,29.833333333333286,1470.8783333333333,1470.8783333333333,1470.8783333333333,833.3333333333333,0.0,6000.0,0.0
2025-09-18,0,0,0:00-0:10,623.36185,0.0,0.4845,0.46773035714285716,24.70133333333331,64.0421374999999,648.0631833333333,648.0631833333333,648.0631833333333,0.0,0.0,6799.602514543651,0.0
2025-09-18,0,1,0:10-0:20,596.6047333333333,0.0,0.4967,0.4804544642857143,17.356833333333384,62.792337500000286,613.9615666666667,613.9615666666667,613.9615666666667,0.0,0.0,6799.602514543651,0.0
2025-09-18,0,2,0:20-0:30,557.9866666666667,0.0,0.4177,0.3946366071428572,28.09166666666647,62.294599999999974,864.2977616181659,864.2977616181659,864.2977616181659,278.21942828483265,0.0,7050.0,0.0
2025-09-18,0,3,0:30-0:40,566.8440333333333,0.0,0.3662,0.3420629464285715,14.105733333333433,86.64128750000006,1414.2831,1414.2831,1414.2831,833.3333333333333,0.0,7800.0,0.0
2025-09-18,0,4,0:40-0:50,580.5518,0.0,0.3811,0.35702098214285705,26.891299999999887,81.48580833333352,1440.776433333333,1440.776433333333,1440.776433333333,833.3333333333333,0.0,8550.0,0.0
2025-09-18,0,5,0:50-1:00,580.15,0.0,0.4335,0.408409375,24.470000000000027,87.73217499999987,604.62,604.62,604.62,0.0,0.0,8550.0,0.0
2025-09-18,0,6,1:00-1:10,588.9846333333332,0.0,0.4635,0.43965357142857175,18.69735000000003,86.59145833333321,607.6819833333333,607.6819833333333,607.6819833333333,0.0,0.0,8550.0,0.0
2025-09-18,0,7,1:10-1:20,600.2506166666667,0.0,0.4665,0.4434959821428571,16.655900000000088,49.33835833333339,616.9065166666668,616.9065166666668,616.9065166666668,0.0,0.0,8550.0,0.0
2025-09-18,0,8,1:20-1:30,593.3866666666667,0.0,0.4555,0.43174375000000015,24.258333333333326,89.94103333333325,617.645,617.645,617.645,0.0,0.0,8550.0,0.0
2025-09-18,0,9,1:30-1:40,563.3697,0.0,0.4452,0.42108660714285717,13.662483333333398,76.97296249999982,577.0321833333334,577.0321833333334,577.0321833333334,0.0,0.0,8550.0,0.0
2025-09-18,0,10,1:40-1:50,584.4703833333333,0.0,0.4434,0.42197187500000005,13.583066666666696,67.36408273809553,598.05345,598.05345,598.05345,0.0,0.0,8550.0,0.0
2025-09-18,0,11,1:50-2:00,624.7016666666666,0.0,0.4423,0.4246200892857144,16.796666666666624,80.1557833333332,641.4983333333332,641.4983333333332,641.4983333333332,0.0,0.0,8550.0,0.0
2025-09-18,0,12,2:00-2:10,581.7676833333333,0.0,0.4314,0.4136924107142856,27.29774999999995,74.66996904761942,609.0654333333332,609.0654333333332,609.0654333333332,0.0,0.0,8550.0,0.0
2025-09-18,0,13,2:10-2:20,570.2977333333333,0.0,0.4439,0.42504821428571443,24.751549999999952,58.20947857142869,595.0492833333333,595.0492833333333,595.0492833333333,0.0,0.0,8550.0,0.0
2025-09-18,0,14,2:20-2:30,614.6283333333333,0.0,0.4692,0.45124330357142844,8.126666666666665,62.41550416666669,622.755,622.755,622.755,0.0,0.0,8550.0,0.0
2025-09-18,0,15,2:30-2:40,620.2176,0.0,0.4612,0.4468334821428571,20.56443333333334,59.10510000000002,640.7820333333333,640.7820333333333,640.7820333333333,0.0,0.0,8550.0,0.0
2025-09-18,0,16,2:40-2:50,600.0934,0.0,0.4504,0.43861785714285706,23.426699999999983,72.2904666666667,623.5201,623.5201,623.5201,0.0,0.0,8550.0,0.0
2025-09-18,0,17,2:50-3:00,583.0933333333332,0.0,0.4471,0.43549196428571424,10.789999999999964,64.81789999999995,593.8833333333332,593.8833333333332,593.8833333333332,0.0,0.0,8550.0,0.0
2025-09-18,0,18,3:00-3:10,582.3643666666667,0.0,0.4308,0.4180758928571429,34.021433333333334,45.30600357142862,616.3858,616.3858,616.3858,0.0,0.0,8550.0,0.0
2025-09-18,0,19,3:10-3:20,598.21985,0.0,0.4178,0.4009174107142856,23.870307142857087,81.0236529761906,622.090157142857,622.090157142857,622.090157142857,0.0,0.0,8550.0,0.0
2025-09-18,0,20,3:20-3:30,609.355,0.0,0.4255,0.40452633928571424,16.63833333333332,87.7234154761906,625.9933333333333,625.9933333333333,625.9933333333333,0.0,0.0,8550.0,0.0
2025-09-18,0,21,3:30-3:40,590.5536999999999,0.0,0.4536,0.4346473214285713,21.96299999999985,100.28407023809523,612.5166999999998,612.5166999999998,612.5166999999998,0.0,0.0,8550.0,0.0
2025-09-18,0,22,3:40-3:50,574.0770666666666,0.0,0.4658,0.4503008928571428,11.220169047618924,88.66430416666685,585.2972357142855,585.2972357142855,585.2972357142855,0.0,0.0,8550.0,0.0
2025-09-18,0,23,3:50-4:00,582.3133333333333,0.0,0.4402,0.42553616071428574,22.063333333333276,52.55640416666668,604.3766666666666,604.3766666666666,604.3766666666666,0.0,0.0,8550.0,0.0
2025-09-18,0,24,4:00-4:10,608.5352499999999,0.0,0.398,0.38231919642857143,21.997199999999907,36.70627142857131,1463.8657833333332,1463.8657833333332,1463.8657833333332,833.3333333333333,0.0,9300.0,0.0
2025-09-18,0,25,4:10-4:20,627.8076833333333,0.0007309523809523809,0.4311,0.41867410714285713,30.423740476190574,67.69271309523796,658.2306928571429,658.2306928571429,658.2306928571429,0.0,0.0,9300.0,0.0
2025-09-18,0,26,4:20-4:30,621.6133333333332,0.0,0.4835,0.47560580357142845,20.018333333333317,98.9144970238095,641.6316666666665,641.6316666666665,641.6316666666665,0.0,0.0,9300.0,0.0
2025-09-18,0,27,4:30-4:40,592.9461166666666,0.0002023809523809524,0.4105,0.39950892857142845,21.532771428571436,117.61041607142846,614.4786857142857,614.4786857142857,614.4786857142857,0.0,0.0,9300.0,0.0
2025-09-18,0,28,4:40-4:50,586.0042,0.010266666666666667,0.3662,0.3529808035714286,18.313695238095306,152.01913630952353,1437.6409619047618,1437.6409619047618,1437.6409619047618,833.3333333333333,0.0,10050.0,0.0
2025-09-18,0,29,4:50-5:00,608.8566666666666,0.0,0.399,0.3864120535714286,16.601666666666688,161.7284541666666,1458.7916666666665,1458.7916666666665,1458.7916666666665,833.3333333333333,0.0,10800.0,0.0
2025-09-18,0,30,5:00-5:10,627.3305833333333,0.002826190476190476,0.4113,0.3968477678571428,26.22828571428579,204.48832023809518,653.5560428571429,653.5560428571429,653.5560428571429,-0.0,0.0,10800.0,0.0
2025-09-18,0,31,5:10-5:20,624.4034333333333,0.14302380952380953,0.4461,0.4358379464285713,23.901083333333304,231.86945773809524,648.1614928571428,648.1614928571428,648.1614928571428,-0.0,0.0,10800.0,0.0
2025-09-18,0,32,5:20-5:30,607.615,0.0,0.479,0.47811473214285716,27.6599404761904,346.6765107142852,635.2749404761904,635.2749404761904,635.2749404761904,0.0,0.0,10800.0,0.0
2025-09-18,0,33,5:30-5:40,609.0510333333333,0.03937857142857142,0.4621,0.46535312500000015,24.95306190476191,515.8928148809514,633.9647166666667,633.9647166666667,633.9647166666667,-0.0,0.0,10800.0,0.0
2025-09-18,0,34,5:40-5:50,676.1289333333333,2.6742095238095236,0.6509,0.6562379464285716,32.588680952380855,574.5717874999991,706.0434047619046,706.0434047619046,706.0434047619046,0.0,-0.0,10800.0,0.0
2025-09-18,0,35,5:50-6:00,773.685,19.706249999999997,0.9529,0.9613209821428571,41.587619047619114,577.5890940476181,0.0,0.0,0.0,0.0,795.5663690476191,9916.037367724868,0.0
2025-09-18,0,36,6:00-6:10,809.85545,58.50990238095238,0.9869,0.9980678571428572,40.14623095238096,613.8919017857133,0.0,0.0,0.0,0.0,791.4917785714285,9036.602058201059,0.0
2025-09-18,0,37,6:10-6:20,809.7681333333333,106.68346904761906,0.9092,0.9188955357142857,33.265861904761834,605.1387660714279,0.0,0.0,0.0,0.0,736.350526190476,8218.434806878307,0.0
2025-09-18,0,38,6:20-6:30,806.1133333333333,155.02767857142857,0.8668,0.8730741071428572,54.30964285714282,571.7924583333325,0.0,0.0,0.0,0.0,705.3952976190476,7434.662253968255,0.0
2025-09-18,0,39,6:30-6:40,806.6506166666666,203.02919047619048,0.855,0.8614169642857142,42.862240476190465,611.1050964285706,0.0,0.0,0.0,0.0,646.4836666666665,6716.3470687830695,0.0
2025-09-18,0,40,6:40-6:50,809.7410499999999,251.85195238095235,0.8548,0.8571602678571433,45.89914523809534,717.1975190476181,0.0,0.0,0.0,0.0,603.7882428571429,6045.471243386244,0.0
2025-09-18,0,41,6:50-7:00,806.9516666666666,304.1517857142857,0.8272,0.8242959821428573,49.613273809523776,787.2587202380944,0.0,0.0,0.0,0.0,552.4131547619047,5431.67884920635,0.0
2025-09-18,0,42,7:00-7:10,794.7663333333333,361.41342619047623,0.749,0.7509281249999998,51.51989285714279,818.0379898809518,484.87279999999987,484.87279999999987,484.87279999999987,0.0,0.0,5431.67884920635,0.0
2025-09-18,0,43,7:10-7:20,805.06095,416.3094595238095,0.7232,0.7285406249999999,52.007376190476066,849.4260630952374,440.7588666666666,440.7588666666666,440.7588666666666,0.0,0.0,5431.67884920635,0.0
2025-09-18,0,44,7:20-7:30,809.2733333333333,471.2723214285714,0.7231,0.7242562499999999,59.2536904761904,865.4860958333325,397.2547023809523,397.2547023809523,397.2547023809523,0.0,0.0,5431.67884920635,0.0
2025-09-18,0,45,7:30-7:40,771.4229166666667,535.8910642857143,0.6616,0.6563183035714287,67.51219047619054,853.3815571428564,410.87735781893105,410.87735781893105,410.87735781893105,107.83331496178815,0.0,5528.728832671959,0.0
2025-09-18,0,46,7:40-7:50,889.38635,600.8276571428571,0.8366,0.8290959821428573,52.80102619047625,834.1399738095231,0.0,0.0,0.0,0.0,341.35971904761914,5149.440255952382,0.0
2025-09-18,0,47,7:50-8:00,1105.87,659.8232142857141,1.1559,1.150145089285714,38.643928571428546,806.3350494047613,0.0,0.0,0.0,0.0,484.6907142857144,4610.895017857144,0.0
2025-09-18,0,48,8:00-8:10,1146.9991666666665,713.7800476190474,1.1949,1.1893928571428574,41.41404285714299,767.7361505952374,0.0,0.0,0.0,0.0,474.633161904762,4083.524837962964,0.0
2025-09-18,0,49,8:10-8:20,1124.7906166666667,760.7422333333334,1.1467,1.1408834821428573,69.8594261904762,709.3503410714276,0.0,0.0,0.0,0.0,433.9078095238094,3601.4050496031755,0.0
2025-09-18,0,50,8:20-8:30,1129.0049999999999,804.0258928571429,1.1511,1.144926339285714,79.59511904761922,762.113682738094,0.0,0.0,0.0,0.0,404.5742261904761,3151.8781316137574,0.0
2025-09-18,0,51,8:30-8:40,1128.7016166666667,851.8977976190474,1.1379,1.1302267857142858,75.408673809524,757.4935059523806,0.0,0.0,0.0,0.0,352.2124928571434,2760.5309173280425,0.0
2025-09-18,0,52,8:40-8:50,1101.1039666666666,907.7730642857142,1.0486,1.0389812499999997,65.86325000000011,685.2275910714284,0.0,0.0,0.0,0.0,259.19415238095246,2472.5374146825397,0.0
2025-09-18,0,53,8:50-9:00,1077.6483333333333,965.6267857142857,0.954,0.9424870535714284,110.09089285714305,680.6110142857137,0.0,0.0,0.0,0.0,222.1124404761906,2225.745814153439,0.0
2025-09-18,0,54,9:00-9:10,1105.6376166666666,1015.4359285714283,0.9801,0.9666316964285715,80.6732047619048,704.7457428571431,0.0,0.0,0.0,0.0,170.8748928571431,2035.8848220899465,0.0
2025-09-18,0,55,9:10-9:20,1097.9691833333331,1063.6947333333333,0.988,0.972429017857143,59.667261904761894,703.8864166666663,0.0,0.0,0.0,0.0,93.94171190476186,1931.5051421957667,0.0
2025-09-18,0,56,9:20-9:30,1057.2316666666666,1118.1258928571428,0.9451,0.9307625000000003,94.55541666666659,630.7339964285715,0.0,0.0,0.0,0.0,33.66119047619031,1894.103819444444,0.0
2025-09-18,0,57,9:30-9:40,1072.3400166666665,1177.4991785714287,0.9445,0.9344308035714287,90.22309999999993,624.6934374999997,0.0,0.0,0.0,14.936061904762255,0.0,1907.5462751587302,0.0
2025-09-18,0,58,9:40-9:50,1085.1197833333333,1218.0651023809523,0.8951,0.8646513392857145,96.24492857142866,629.8623303571416,0.0,0.0,0.0,36.70039047619048,0.0,1940.5766265873017,0.0
2025-09-18,0,59,9:50-10:00,1067.7366666666667,1240.7383928571426,0.8271,0.761136607142857,95.90148809523816,621.3197761904751,0.0,0.0,0.0,77.10023809523773,0.0,2009.9668408730156,0.0
2025-09-18,0,60,10:00-10:10,1056.5581666666667,1270.0724928571426,0.8714,0.795636607142857,88.16244523809505,618.6556363095231,0.0,0.0,0.0,125.35188095238095,0.0,2122.7835337301585,0.0
2025-09-18,0,61,10:10-10:20,1069.4035333333331,1304.400788095238,0.8917,0.8218169642857144,85.69655000000034,583.6372904761895,0.0,0.0,0.0,149.30070476190463,0.0,2257.1541680158725,0.0
2025-09-18,0,62,10:20-10:30,1085.445,1341.3026785714283,0.867,0.7989129464285714,101.20232142857125,625.271760119047,0.0,0.0,0.0,154.65535714285716,0.0,2396.343989444444,0.0
2025-09-18,0,63,10:30-10:40,1070.6277333333333,1381.6646238095238,0.8794,0.803307142857143,102.40292142857169,667.4521726190475,0.0,0.0,0.0,208.63396904761885,0.0,2584.114561587301,0.0
2025-09-18,0,64,10:40-10:50,1068.3101833333333,1415.2633761904758,0.7036,0.6440245535714286,92.71342857142861,665.7559803571428,0.0,0.0,0.0,254.23976428571405,0.0,2812.9303494444443,0.0
2025-09-18,0,65,10:50-11:00,1079.945,1433.4982142857143,0.4286,0.40059732142857146,97.4755357142858,648.4660291666664,0.0,0.0,0.0,256.0776785714286,0.0,3043.40026015873,0.0
2025-09-18,0,66,11:00-11:10,1064.80975,1436.3349666666666,0.4004,0.3732267857142855,79.50212857142878,659.8487226190474,541.3102452380954,541.3102452380954,541.3102452380954,833.3333333333333,0.0,3793.40026015873,0.0
2025-09-18,0,67,11:10-11:20,1058.2630666666666,1439.7414999999996,0.4303,0.3958955357142859,90.40529523809516,689.8038571428568,0.0,0.0,0.0,291.07313809523794,0.0,4055.366084444444,0.0
2025-09-18,0,68,11:20-11:30,1076.2916666666665,1454.6535714285715,0.4245,0.3909486607142858,101.29113095238085,747.3697071428571,471.5984053791916,471.5984053791916,471.5984053791916,748.6691791887157,0.0,4729.168345714288,0.0
2025-09-18,0,69,11:30-11:40,1086.8268166666667,1476.8001428571426,0.4663,0.4346419642857143,74.80776904761888,797.0573559523809,0.0,0.0,0.0,315.1655571428571,0.0,5012.817347142859,0.0
2025-09-18,0,70,11:40-11:50,1027.0430666666666,1478.8626214285714,0.4235,0.39209374999999996,88.4511261904762,814.5526851190479,0.0,0.0,0.0,363.36842857142847,0.0,5339.848932857145,0.0
2025-09-18,0,71,11:50-12:00,944.8783333333333,1469.8455357142857,0.3124,0.28008348214285717,95.44845238095252,819.4880005952378,403.81458333333353,403.81458333333353,403.81458333333353,833.3333333333333,0.0,6089.848932857145,0.0
2025-09-18,0,72,12:00-12:10,959.5121333333333,1482.4690547619048,0.301,0.2691825892857143,125.58225238095235,819.1368249999998,435.9586642857141,435.9586642857141,435.9586642857141,833.3333333333333,0.0,6839.848932857145,0.0
2025-09-18,0,73,12:10-12:20,1004.9809666666666,1478.6353714285715,0.346,0.31946116071428576,101.52983095238096,819.2773386904757,461.20875952380925,461.20875952380925,461.20875952380925,833.3333333333333,0.0,7589.848932857145,0.0
2025-09-18,0,74,12:20-12:30,1012.8599999999999,1453.5982142857142,0.3531,0.33000401785714306,118.21238095238104,858.6319660714282,510.8074999999999,510.8074999999999,510.8074999999999,833.3333333333333,0.0,8339.848932857145,0.0
2025-09-18,0,75,12:30-12:40,983.0016666666667,1443.5207214285715,0.3017,0.27024598214285706,113.78910952380966,858.411951190476,486.60338809523796,486.60338809523796,486.60338809523796,833.3333333333333,0.0,9089.848932857145,0.0
2025-09-18,0,76,12:40-12:50,1002.4976499999999,1442.0839428571426,0.4342,0.39905357142857145,67.35545000000008,836.8682815476183,0.0,0.0,0.0,372.23084285714253,0.0,9424.856691428573,0.0
2025-09-18,0,77,12:50-13:00,1057.2716666666665,1430.6401785714288,0.6796,0.6490392857142858,73.7593452380952,902.8999357142847,0.0,0.0,0.0,299.6091666666671,0.0,9694.504941428573,0.0
2025-09-18,0,78,13:00-13:10,1051.6335333333332,1397.4007285714283,0.7137,0.6835348214285715,87.86341428571416,899.1528523809512,0.0,0.0,0.0,257.9037809523811,0.0,9926.618344285716,0.0
2025-09-18,0,79,13:10-13:20,1049.2610166666666,1361.554623809524,0.7094,0.6767839285714284,86.93218095238096,820.1155363095232,0.0,0.0,0.0,225.36142619047632,0.0,10129.443627857145,0.0
2025-09-18,0,80,13:20-13:30,1061.655,1326.6964285714282,0.7746,0.7437102678571428,58.1229166666667,735.0829678571424,0.0,0.0,0.0,206.91851190476154,0.0,10315.67028857143,0.0
2025-09-18,0,81,13:30-13:40,1034.5885666666666,1281.8259952380952,0.8325,0.808395982142857,81.09023333333357,637.6581761904757,0.0,0.0,0.0,166.14719523809504,0.0,10465.202764285716,0.0
2025-09-18,0,82,13:40-13:50,1021.4785666666667,1249.353869047619,0.8442,0.8020754464285716,71.36056428571442,615.7497279761906,0.0,0.0,0.0,156.51473809523782,0.0,10606.06602857143,0.0
2025-09-18,0,83,13:50-14:00,1037.6016666666665,1223.5285714285712,0.8356,0.7617982142857145,88.4495238095238,606.0748375000005,0.0,0.0,0.0,97.47738095238105,0.0,10693.795671428572,0.0
2025-09-18,0,84,14:00-14:10,1040.6719166666667,1176.1459,0.8558,0.7798209821428571,64.42814523809523,543.545672619048,0.0,0.0,0.0,71.0458380952382,0.0,10757.736925714285,0.0
2025-09-18,0,85,14:10-14:20,1023.0668833333334,1134.6293238095238,0.8401,0.7687026785714283,64.603469047619,533.557527976191,0.0,0.0,0.0,46.95897142857143,0.0,10800.0,0.0
2025-09-18,0,86,14:20-14:30,1000.3399999999999,1103.25,0.8468,0.7706473214285718,105.00380952380925,499.6664422619051,2.0938095238091137,2.0938095238091137,2.0938095238091137,0.0,-0.0,10800.0,0.0
2025-09-18,0,87,14:30-14:40,997.1620833333333,1057.585507142857,0.9741,0.8946227678571427,73.68388333333328,446.1870535714285,0.0,0.0,0.0,0.0,13.260459523809459,10785.266156084655,0.0
2025-09-18,0,88,14:40-14:50,1018.7145499999999,1007.7971714285715,0.8941,0.8350446428571425,59.59528333333333,406.5063714285709,0.0,0.0,0.0,0.0,70.51266190476179,10706.918753968253,0.0
2025-09-18,0,89,14:50-15:00,1046.4183333333333,961.8357142857144,0.6562,0.630788839285714,71.11124999999998,377.10247619047567,259.11747574955945,259.11747574955945,259.11747574955945,103.42360670194061,0.0,10800.0,0.0
2025-09-18,0,90,15:00-15:10,1051.0011,916.1517166666664,0.6529,0.6390348214285714,60.68462619047605,316.41727619047634,195.5340095238097,195.5340095238097,195.5340095238097,0.0,0.0,10800.0,0.0
2025-09-18,0,91,15:10-15:20,1036.1247833333332,866.3393309523809,0.7138,0.6963026785714285,57.2792023809524,297.8184797619043,227.06465476190476,227.06465476190476,227.06465476190476,-0.0,0.0,10800.0,0.0
2025-09-18,0,92,15:20-15:30,1031.1833333333334,809.5232142857142,0.7237,0.7022620535714283,75.90065476190489,242.7038523809519,297.5607738095241,297.5607738095241,297.5607738095241,-0.0,0.0,10800.0,0.0
2025-09-18,0,93,15:30-15:40,1063.7351166666667,747.5769309523808,0.7522,0.7347517857142857,45.30816666666675,241.74060297619022,361.46635238095257,361.46635238095257,361.46635238095257,-0.0,0.0,10800.0,0.0
2025-09-18,0,94,15:40-15:50,1086.8528,694.1138666666667,0.8054,0.7939544642857141,51.32146428571423,204.3664208333331,444.0603976190474,444.0603976190474,444.0603976190474,-0.0,0.0,10800.0,0.0
2025-09-18,0,95,15:50-16:00,1080.9216666666666,648.0848214285713,0.8433,0.8334558035714286,49.508095238095166,211.2557630952379,482.34494047619046,482.34494047619046,482.34494047619046,0.0,0.0,10800.0,0.0
2025-09-18,0,96,16:00-16:10,1067.96975,594.828538095238,0.8281,0.8146495535714282,58.54359047619039,225.56380892857155,531.6848023809525,531.6848023809525,531.6848023809525,0.0,0.0,10800.0,0.0
2025-09-18,0,97,16:10-16:20,1052.4724666666666,535.5687928571429,0.8363,0.8228857142857142,62.99529999999993,194.58093214285728,579.8989738095238,579.8989738095238,579.8989738095238,0.0,0.0,10800.0,0.0
2025-09-18,0,98,16:20-16:30,1042.4783333333332,476.0232142857143,0.8884,0.8787214285714285,55.830892857142885,153.21106845238103,622.286011904762,622.286011904762,622.286011904762,0.0,0.0,10800.0,0.0
2025-09-18,0,99,16:30-16:40,1049.2403666666667,420.4357523809523,0.9339,0.9235816964285714,45.38025952380974,132.9565738095237,674.184873809524,674.184873809524,674.184873809524,0.0,0.0,10800.0,0.0
2025-09-18,0,100,16:40-16:50,1062.7128833333331,365.94667857142855,0.9773,0.9657218749999997,43.381376190475976,125.84548154761927,740.1475809523806,740.1475809523806,740.1475809523806,0.0,0.0,10800.0,0.0
2025-09-18,0,101,16:50-17:00,1061.885,310.38928571428573,1.0,0.9890285714285715,56.7794642857142,117.03326904761875,808.2751785714283,808.2751785714283,808.2751785714283,0.0,-0.0,10800.0,0.0
2025-09-18,0,102,17:00-17:10,1038.3500833333333,254.8677619047619,0.9746,0.9642254464285714,49.7190047619049,92.15579285714267,833.2013261904763,833.2013261904763,833.2013261904763,0.0,0.0,10800.0,0.0
2025-09-18,0,103,17:10-17:20,1052.61935,203.4353142857143,0.9868,0.9751861607142854,40.56485476190471,102.35691666666665,889.7488904761905,889.7488904761905,889.7488904761905,0.0,0.0,10800.0,0.0
2025-09-18,0,104,17:20-17:30,1098.5766666666666,155.30089285714286,1.0358,1.0216290178571428,41.052976190476215,95.29071726190466,984.3287499999999,984.3287499999999,984.3287499999999,0.0,0.0,10800.0,0.0
2025-09-18,0,105,17:30-17:40,1085.7541999999999,105.83166666666666,1.0532,1.0384285714285713,36.09725238095257,64.71120535714272,1016.0197857142857,1016.0197857142857,1016.0197857142857,0.0,-0.0,10800.0,0.0
2025-09-18,0,106,17:40-17:50,931.0531833333332,57.473400000000005,1.152,1.143155357142857,28.293514285714423,57.275648214285695,901.8732976190477,901.8732976190477,901.8732976190477,0.0,-0.0,10800.0,0.0
2025-09-18,0,107,17:50-18:00,761.2549999999999,19.69910714285714,1.2981,1.2960607142857143,31.328333333333205,71.80031488095264,0.0,0.0,0.0,0.0,772.8842261904759,9941.23974867725,0.0
2025-09-18,0,108,18:00-18:10,802.09255,2.7834309523809524,1.324,1.3185508928571432,19.79973333333328,76.62054880952385,0.0,0.0,0.0,0.0,819.1088523809523,9031.118801587303,0.0
2025-09-18,0,109,18:10-18:20,855.72745,0.03598333333333333,1.3004,1.290103125,29.47711190476184,52.06738928571434,51.83524523809524,51.83524523809524,51.83524523809524,0.0,833.3333333333333,8105.192875661377,0.0
2025-09-18,0,110,18:20-18:30,822.8616666666667,0.0,1.3037,1.292812053571429,50.26946428571421,52.20328750000027,39.79779761904763,39.79779761904763,39.79779761904763,0.0,833.3333333333333,7179.266949735451,0.0
2025-09-18,0,111,18:30-18:40,790.2668999999999,0.15094761904761905,1.3371,1.3235901785714286,26.393847619047506,90.31017202380974,0.0,0.0,0.0,0.0,816.5097999999997,6272.03383862434,0.0
2025-09-18,0,112,18:40-18:50,763.4283499999999,0.0025833333333333333,1.3385,1.3003517857142852,24.307649999999853,96.816642261905,0.0,0.0,0.0,0.0,787.7334166666665,5396.774486772489,0.0
2025-09-18,0,113,18:50-19:00,754.155,0.0,1.3262,1.257536160714286,18.808333333333394,76.37508869047633,368.47463392857014,368.47463392857014,368.47463392857014,0.0,404.4886994047632,4947.342598544974,0.0
2025-09-18,0,114,19:00-19:10,783.5019,0.010835714285714285,1.368,1.3008062500000004,26.556733333333227,90.95984880952386,0.0,0.0,0.0,0.0,810.0477976190475,4047.2894900793654,0.0
2025-09-18,0,115,19:10-19:20,796.3860833333333,0.0001857142857142857,1.3545,1.289640625,31.901666666666642,99.96270476190458,0.0,0.0,0.0,0.0,828.2875642857142,3126.9699742063494,0.0
2025-09-18,0,116,19:20-19:30,776.2833333333333,0.0,1.2886,1.2154749999999999,19.311666666666838,68.5055035714285,795.5950000000001,795.5950000000001,795.5950000000001,0.0,0.0,3126.9699742063494,0.0
2025-09-18,0,117,19:30-19:40,764.7892333333332,0.0007690476190476191,1.2904,1.2178281250000003,24.28771666666671,54.99180654761901,789.0761809523808,789.0761809523808,789.0761809523808,0.0,0.0,3126.9699742063494,0.0
2025-09-18,0,118,19:40-19:50,800.7225,0.0,1.3189,1.2495040178571433,13.58312380952384,59.60992916666666,814.3056238095238,814.3056238095238,814.3056238095238,0.0,0.0,3126.9699742063494,0.0
2025-09-18,0,119,19:50-20:00,839.405,0.0,1.3357,1.2667486607142862,20.289999999999964,50.184559523809554,26.36166666666668,26.36166666666668,26.36166666666668,0.0,833.3333333333333,2201.0440482804233,0.0
2025-09-18,0,120,20:00-20:10,801.3745833333334,0.0,1.3391,1.2699830357142858,21.153430952380972,50.30289404761908,0.0,0.0,0.0,0.0,822.5280142857143,1287.1240324074074,0.0
2025-09-18,0,121,20:10-20:20,790.9590833333333,0.0,1.2996,1.2309058035714286,26.782516666666652,60.31884583333331,817.7416,817.7416,817.7416,0.0,0.0,1287.1240324074074,0.0
2025-09-18,0,122,20:20-20:30,828.7816666666665,0.0,1.2745,1.204219642857143,17.79166666666663,78.4116291666667,846.5733333333332,846.5733333333332,846.5733333333332,0.0,0.0,1287.1240324074074,0.0
2025-09-18,0,123,20:30-20:40,830.1080333333332,0.0,1.3271,1.2537781250000002,28.221716666666566,56.48029166666646,843.4161124999997,843.4161124999997,843.4161124999997,0.0,14.913637500000071,1270.553324074074,0.0
2025-09-18,0,124,20:40-20:50,810.6304666666666,0.0,1.1892,1.136865625,24.408333333333417,63.49799166666651,835.0388,835.0388,835.0388,0.0,0.0,1270.553324074074,0.0
2025-09-18,0,125,20:50-21:00,804.2916666666666,0.0,0.9474,0.9269629464285716,27.834999999999923,63.41049583333319,877.0594032921811,877.0594032921811,877.0594032921811,44.93273662551448,0.0,1310.992787037037,0.0
2025-09-18,0,126,21:00-21:10,822.7554499999999,0.0,0.9701,0.9511580357142861,14.344900000000052,99.89350833333324,837.1003499999999,837.1003499999999,837.1003499999999,0.0,0.0,1310.992787037037,0.0
2025-09-18,0,127,21:10-21:20,824.3075166666665,0.0,1.0107,0.9868919642857141,26.428916666666737,77.70509583333339,850.7364333333333,850.7364333333333,850.7364333333333,0.0,0.0,1310.992787037037,0.0
2025-09-18,0,128,21:20-21:30,812.5466666666666,0.0,0.9891,0.9680732142857141,22.85833333333335,82.47442083333331,835.405,835.405,835.405,0.0,0.0,1310.992787037037,0.0
2025-09-18,0,129,21:30-21:40,813.6390166666666,0.0,1.0337,1.0128566964285715,29.54936666666663,72.83453333333341,839.7703708333335,839.7703708333335,839.7703708333335,0.0,3.4180124999997585,1307.1949953703706,0.0
2025-09-18,0,130,21:40-21:50,718.8303833333332,0.0,0.8289,0.8059696428571429,32.0923499999999,96.47549583333353,747.6084249999994,747.6084249999994,747.6084249999994,0.0,3.3143083333336105,1303.5124305555555,0.0
2025-09-18,0,131,21:50-22:00,591.4749999999999,0.0,0.4809,0.45796205357142866,26.535000000000082,93.16118750000004,618.01,618.01,618.01,0.0,0.0,1303.5124305555555,0.0
2025-09-18,0,132,22:00-22:10,615.2830666666666,0.0,0.4494,0.43045937500000003,26.715299999999957,57.90225833333341,641.9983666666666,641.9983666666666,641.9983666666666,0.0,0.0,1303.5124305555555,0.0
2025-09-18,0,133,22:10-22:20,637.6656499999999,0.0,0.4797,0.4577370535714286,26.067916666666633,56.12362083333343,663.7335666666665,663.7335666666665,663.7335666666665,0.0,0.0,1303.5124305555555,0.0
2025-09-18,0,134,22:20-22:30,606.3516666666667,0.0,0.4449,0.41622455357142857,22.120000000000005,55.56137083333334,1461.8049999999998,1461.8049999999998,1461.8049999999998,833.3333333333333,0.0,2053.5124305555555,0.0
2025-09-18,0,135,22:30-22:40,614.7735,0.0,0.4738,0.44888482142857156,30.973549999999932,38.183237500000075,645.74705,645.74705,645.74705,0.0,0.0,2053.5124305555555,0.0
2025-09-18,0,136,22:40-22:50,597.6151333333332,0.0,0.476,0.45327098214285716,28.557000000000016,27.406216666666694,626.1721333333332,626.1721333333332,626.1721333333332,0.0,0.0,2053.5124305555555,0.0
2025-09-18,0,137,22:50-23:00,563.49,0.0,0.4174,0.39303437500000016,32.93166666666673,62.20150833333335,1429.755,1429.755,1429.755,833.3333333333333,0.0,2803.5124305555555,0.0
2025-09-18,0,138,23:00-23:10,595.5645,0.0,0.3794,0.35952321428571427,26.72158333333323,79.72116249999993,1455.6194166666664,1455.6194166666664,1455.6194166666664,833.3333333333333,0.0,3553.5124305555555,0.0
2025-09-18,0,139,23:10-23:20,616.6807833333332,0.0,0.4403,0.42390714285714287,25.05863333333332,75.12658749999989,860.0589382716048,860.0589382716048,860.0589382716048,218.3195216049383,0.0,3750.0,0.0
2025-09-18,0,140,23:20-23:30,602.4033333333333,0.0,0.5137,0.49460625,31.163333333333412,56.06305833333326,633.5666666666667,633.5666666666667,633.5666666666667,0.0,0.0,3750.0,0.0
2025-09-18,0,141,23:30-23:40,596.9107333333333,0.0,0.4345,0.40886473214285707,17.07518333333337,59.829195833333415,1447.31925,1447.31925,1447.31925,833.3333333333333,0.0,4500.0,0.0
2025-09-18,0,142,23:40-23:50,546.3607333333333,0.0,0.3637,0.3342401785714285,23.258233333333237,42.338387500000124,1402.9523,1402.9523,1402.9523,833.3333333333333,0.0,5250.0,0.0
2025-09-18,0,143,23:50-24:00,458.28999999999996,0.0,0.3585,0.33209464285714285,25.428333333333285,32.095000000000056,1317.0516666666665,1317.0516666666665,1317.0516666666665,833.3333333333333,0.0,6000.0,0.0
2025-09-19,0,0,0:00-0:10,413.19851666666665,0.0,0.3276,0.3099017857142857,26.41375000000005,57.97647916666649,439.6122666666667,439.6122666666667,439.6122666666667,0.0,0.0,6621.135593895499,0.0
2025-09-19,0,1,0:10-0:20,433.46329999999995,0.0,0.3293,0.31209374999999984,18.541450000000054,62.706470833333526,452.00475,452.00475,452.00475,0.0,0.0,6621.135593895499,0.0
2025-09-19,0,2,0:20-0:30,473.53499999999997,0.0,0.3668,0.3436294642857143,26.191666666666606,63.92751666666652,499.7266666666666,499.7266666666666,499.7266666666666,0.0,0.0,6621.135593895499,0.0
2025-09-19,0,3,0:30-0:40,463.04746666666665,0.0,0.3678,0.34450758928571423,14.105733333333433,82.9475708333334,477.1532000000001,477.1532000000001,477.1532000000001,0.0,0.0,6621.135593895499,0.0
2025-09-19,0,4,0:40-0:50,440.4304666666667,0.0,0.3375,0.3137924107142858,26.891299999999887,80.41747500000025,467.3217666666666,467.3217666666666,467.3217666666666,0.0,0.0,6621.135593895499,0.0
2025-09-19,0,5,0:50-1:00,433.2416666666666,0.0,0.3123,0.286571875,25.5383333333333,85.1959666666666,458.7799999999999,458.7799999999999,458.7799999999999,0.0,0.0,6621.135593895499,0.0
2025-09-19,0,6,1:00-1:10,430.27945,0.0,0.325,0.3012410714285714,18.69735000000003,79.62557499999991,448.9768,448.9768,448.9768,0.0,0.0,6621.135593895499,0.0
2025-09-19,0,7,1:10-1:20,420.6605,0.0,0.3537,0.3309174107142857,22.527400000000057,35.17558333333329,443.18790000000007,443.18790000000007,443.18790000000007,0.0,0.0,6621.135593895499,0.0
2025-09-19,0,8,1:20-1:30,411.4333333333333,0.0,0.358,0.3338669642857142,24.258333333333326,81.23432499999984,435.6916666666666,435.6916666666666,435.6916666666666,0.0,0.0,6621.135593895499,0.0
2025-09-19,0,9,1:30-1:40,417.2763,0.0,0.3169,0.29312410714285714,21.297149999999988,64.76252916666664,438.57345,438.57345,438.57345,0.0,0.0,6621.135593895499,0.0
2025-09-19,0,10,1:40-1:50,415.5081,0.0,0.3021,0.28052187500000003,18.15883333333329,63.811701190476384,1267.0002666666664,1267.0002666666664,1267.0002666666664,833.3333333333333,0.0,7371.135593895499,0.0
2025-09-19,0,11,1:50-2:00,415.57,0.0,0.3213,0.30177723214285707,17.654999999999973,82.56999166666631,433.22499999999997,433.22499999999997,433.22499999999997,0.0,0.0,7371.135593895499,0.0
2025-09-19,0,12,2:00-2:10,447.39076666666665,0.0,0.3205,0.3008209821428571,27.29774999999995,80.94514107142842,474.6885166666666,474.6885166666666,474.6885166666666,0.0,0.0,7371.135593895499,0.0
2025-09-19,0,13,2:10-2:20,459.2066333333333,0.0,0.3468,0.3265535714285713,22.231483333333472,61.47892916666652,481.43811666666676,481.43811666666676,481.43811666666676,0.0,0.0,7371.135593895499,0.0
2025-09-19,0,14,2:20-2:30,446.0333333333333,0.0,0.3906,0.37154508928571434,8.126666666666665,64.67292916666662,0.0,0.0,0.0,0.0,454.15999999999997,6866.513371673277,0.0
2025-09-19,0,15,2:30-2:40,453.28794999999997,0.0,0.3879,0.37261741071428583,17.55453333333344,62.114999999999924,0.0,0.0,0.0,0.0,470.8424833333334,6343.355056858462,0.0
2025-09-19,0,16,2:40-2:50,458.55241666666666,0.0,0.3838,0.3725125,23.426699999999983,74.09011666666672,0.0,0.0,0.0,0.0,481.97911666666664,5807.82270500661,0.0
2025-09-19,0,17,2:50-3:00,449.0233333333333,0.0,0.3838,0.37393482142857126,10.789999999999964,72.11446785714307,0.0,0.0,0.0,0.0,459.8133333333333,5296.9190013029065,0.0
2025-09-19,0,18,3:00-3:10,438.12365,0.0,0.3452,0.33258303571428577,26.82283333333328,53.99208452380947,464.9464833333333,464.9464833333333,464.9464833333333,0.0,0.0,5296.9190013029065,0.0
2025-09-19,0,19,3:10-3:20,434.39761666666664,0.0,0.301,0.28356026785714283,22.382826190476294,75.32454404761876,1028.7399468474455,1028.7399468474455,1028.7399468474455,571.9595039903026,0.0,5811.682554894179,0.0
2025-09-19,0,20,3:20-3:30,433.1116666666667,0.0,0.282,0.26189419642857137,16.63833333333332,80.92307559523795,1283.0833333333333,1283.0833333333333,1283.0833333333333,833.3333333333333,0.0,6561.682554894179,0.0
2025-09-19,0,21,3:30-3:40,428.5289,0.0,0.292,0.2746491071428571,21.96299999999985,93.26139821428538,1283.825233333333,1283.825233333333,1283.825233333333,833.3333333333333,0.0,7311.682554894179,0.0
2025-09-19,0,22,3:40-3:50,455.0160333333333,0.0,0.3132,0.2987044642857143,14.47267619047625,81.8463803571428,469.4887095238096,469.4887095238096,469.4887095238096,0.0,0.0,7311.682554894179,0.0
2025-09-19,0,23,3:50-4:00,490.76666666666665,0.0,0.3329,0.31843973214285715,25.5,47.78453869047607,516.2666666666667,516.2666666666667,516.2666666666667,0.0,0.0,7311.682554894179,0.0
2025-09-19,0,24,4:00-4:10,475.0951166666667,3.571428571428572e-05,0.3509,0.3358495535714284,21.997199999999907,36.70627142857131,497.09228095238086,497.09228095238086,497.09228095238086,0.0,0.0,7311.682554894179,0.0
2025-09-19,0,25,4:10-4:20,454.93075,0.00047380952380952375,0.3765,0.36440267857142855,30.423740476190574,67.17771309523798,0.0,0.0,0.0,0.0,485.3540166666668,6772.400314153438,0.0
2025-09-19,0,26,4:20-4:30,455.23499999999996,0.0,0.3819,0.3732843750000002,20.533333333333303,92.65737142857135,0.0,0.0,0.0,0.0,475.76833333333326,6243.768832671956,0.0
2025-09-19,0,27,4:30-4:40,455.2597166666667,0.0006857142857142857,0.336,0.32473214285714297,24.950066666666714,114.3111928571428,480.20909761904767,480.20909761904767,480.20909761904767,0.0,0.0,6243.768832671956,0.0
2025-09-19,0,28,4:40-4:50,450.2868833333333,0.0066880952380952395,0.3458,0.3342790178571427,22.049564285714382,152.13720833333315,472.3297595238096,472.3297595238096,472.3297595238096,0.0,0.0,6243.768832671956,0.0
2025-09-19,0,29,4:50-5:00,450.75166666666667,0.0,0.3792,0.36945491071428577,16.601666666666688,163.07708630952374,0.0,0.0,0.0,0.0,467.35333333333335,5724.487351190475,0.0
2025-09-19,0,30,5:00-5:10,465.14,0.009547619047619048,0.3093,0.2955513392857143,22.17401666666666,205.8369523809523,487.304469047619,487.304469047619,487.304469047619,0.0,0.0,5724.487351190475,0.0
2025-09-19,0,31,5:10-5:20,454.24055,0.09317619047619047,0.3148,0.30396294642857147,22.311197619047675,229.16382083333323,476.4585714285715,476.4585714285715,476.4585714285715,0.0,0.0,5724.487351190475,0.0
2025-09-19,0,32,5:20-5:30,423.7266666666667,0.0,0.3627,0.360964732142857,31.437083333333362,317.58657261904733,0.0,0.0,0.0,0.0,455.16375000000005,5218.749851190475,0.0
2025-09-19,0,33,5:30-5:40,421.46349999999995,0.13300714285714282,0.2801,0.27996562500000005,24.95306190476191,486.5256892857136,1279.616888095238,1279.616888095238,1279.616888095238,833.3333333333333,0.0,5968.749851190475,0.0
2025-09-19,0,34,5:40-5:50,436.4349666666667,1.8046357142857143,0.4657,0.4682933035714288,32.588680952380855,535.1042511904755,0.0,0.0,0.0,0.0,467.2190119047618,5449.61761574074,0.0
2025-09-19,0,35,5:50-6:00,443.49499999999995,15.936607142857142,0.7921,0.8017174107142857,42.74077380952383,538.1215577380945,0.0,0.0,0.0,0.0,470.2991666666666,4927.06298611111,0.0
2025-09-19,0,36,6:00-6:10,431.9634166666666,53.53957380952381,0.713,0.7265607142857143,40.14623095238096,569.1185702380944,0.0,0.0,0.0,0.0,418.57007380952376,4461.98512632275,0.0
2025-09-19,0,37,6:10-6:20,441.4001666666666,100.80875714285713,0.6696,0.6798758928571429,33.265861904761834,572.0345702380948,0.0,0.0,0.0,0.0,373.8572714285713,4046.588158068782,0.0
2025-09-19,0,38,6:20-6:30,461.13166666666666,148.24910714285713,0.7701,0.7749937500000001,47.799999999999955,538.6882624999994,0.0,0.0,0.0,0.0,360.68255952380946,3645.8297585978826,0.0
2025-09-19,0,39,6:30-6:40,448.5362333333333,196.30468809523808,0.6786,0.684552678571429,42.862240476190465,537.2177541666658,0.0,0.0,0.0,0.0,295.09378571428573,3317.9477744708984,0.0
2025-09-19,0,40,6:40-6:50,478.92125,244.5000119047619,0.6176,0.6206638392857142,49.86968809523796,648.1510720238086,0.0,0.0,0.0,0.0,284.29092619047606,3002.0689675925914,0.0
2025-09-19,0,41,6:50-7:00,534.93,295.8696428571429,0.6609,0.6587924107142858,49.613273809523776,717.916162499999,0.0,0.0,0.0,0.0,288.67363095238085,2681.320488756613,0.0
2025-09-19,0,42,7:00-7:10,519.1780833333332,353.6118261904762,0.6434,0.6462763392857143,51.51989285714279,747.9549559523803,0.0,0.0,0.0,0.0,217.08614999999986,2440.11365542328,0.0
2025-09-19,0,43,7:10-7:20,502.17650000000003,406.95245,0.619,0.6256352678571429,52.007376190476066,779.3430291666659,0.0,0.0,0.0,0.0,147.2314261904761,2276.5231818783063,0.0
2025-09-19,0,44,7:20-7:30,521.805,459.3633928571428,0.5997,0.6022848214285713,59.2536904761904,795.403061904761,0.0,0.0,0.0,0.0,121.69529761904755,2141.306184523809,0.0
2025-09-19,0,45,7:30-7:40,540.876,525.2695642857143,0.5573,0.5529379464285713,67.51219047619054,783.2985232142848,0.0,0.0,0.0,0.0,83.11862619047622,2048.9521554232797,0.0
2025-09-19,0,46,7:40-7:50,527.9324833333333,592.2574761904762,0.6866,0.6792977678571426,52.80102619047625,764.0569398809515,0.0,0.0,0.0,11.523966666663451,0.0,2059.32372542328,0.0
2025-09-19,0,47,7:50-8:00,503.37166666666667,651.8187499999999,0.8912,0.8853450892857143,38.643928571428546,736.2520154761897,0.0,0.0,0.0,0.0,75.7382362142874,1975.1701296296274,0.0
2025-09-19,0,48,8:00-8:10,514.6426666666666,706.2338095238093,0.8586,0.8535071428571427,41.41404285714299,697.6531166666658,0.0,0.0,0.0,150.17709999999977,0.0,2110.329519629631,0.0
2025-09-19,0,49,8:10-8:20,521.1804666666667,757.628638095238,0.7919,0.7874924107142859,69.8594261904762,636.1270982142851,0.0,0.0,0.0,166.58874523809519,0.0,2260.2593903439033,0.0
2025-09-19,0,50,8:20-8:30,508.2366666666667,806.3982142857142,0.7711,0.7666781249999998,79.59511904761922,645.4668505952375,0.0,0.0,0.0,218.56642857142833,0.0,2456.9691760581886,0.0
2025-09-19,0,51,8:30-8:40,509.6927833333333,852.2731666666666,0.6868,0.679860714285714,75.408673809524,650.2522523809519,0.0,0.0,0.0,-0.0,546.8611114285608,1849.3457189153437,0.0
2025-09-19,0,52,8:40-8:50,557.7708333333333,898.5624261904761,0.6826,0.6747633928571428,65.86325000000011,584.4111470238095,0.0,0.0,0.0,-0.0,82.31491488095197,1757.8847023809526,0.0
2025-09-19,0,53,8:50-9:00,621.88,948.1508928571427,0.7476,0.740058482142857,110.09089285714305,502.0962321428572,0.0,0.0,0.0,-0.0,36.83711309523819,1716.9545767195768,0.0
2025-09-19,0,54,9:00-9:10,634.8393,1000.8807142857141,0.7203,0.7096799107142859,80.6732047619048,465.25911904761915,0.0,0.0,0.0,285.36820952380936,0.0,1973.7859652910056,0.0
2025-09-19,0,55,9:10-9:20,629.2070166666666,1050.3433476190476,0.7106,0.6962754464285715,86.3660023809523,441.4129571428569,0.0,0.0,0.0,334.77032857142854,-0.0,2275.0792610052913,0.0
2025-09-19,0,56,9:20-9:30,632.0916666666667,1101.7080357142856,0.7236,0.7103357142857145,99.9611904761905,474.18131845238054,0.0,0.0,0.0,369.6551785714277,0.0,2607.7689217195757,0.0
2025-09-19,0,57,9:30-9:40,639.3636166666666,1162.5420357142857,0.6498,0.6413397321428574,103.69031428571436,490.7159547619044,0.0,0.0,0.0,419.4881047619047,-0.0,2985.308216005289,0.0
2025-09-19,0,58,9:40-9:50,646.0956,1199.5301595238095,0.6144,0.5867031249999999,102.34891190476196,519.6875291666664,0.0,0.0,0.0,451.08564761904756,0.0,3391.285298862432,0.0
2025-09-19,0,59,9:50-10:00,645.1666666666666,1215.1392857142855,0.6424,0.5801437500000001,106.70273809523823,521.2165678571423,0.0,0.0,0.0,0.0,833.3333333333342,2465.3593729365048,0.0
2025-09-19,0,60,10:00-10:10,632.6043166666666,1247.219783333333,0.6291,0.5564633928571429,98.08222857142862,474.53669940476186,0.0,0.0,0.0,-0.0,685.3713856428517,1703.835611111113,0.0
2025-09-19,0,61,10:10-10:20,625.6548499999999,1290.7666904761904,0.5947,0.5258937500000002,85.69655000000034,453.4520500000016,0.0,0.0,0.0,579.4152904761913,-0.0,2225.3093725396852,0.0
2025-09-19,0,62,10:20-10:30,630.5666666666666,1334.0660714285714,0.5996,0.5304861607142859,101.20232142857125,443.53627976190575,0.0,0.0,0.0,0.0,452.5383608809533,1722.4889715608483,0.0
2025-09-19,0,63,10:30-10:40,638.8356833333332,1371.2043738095238,0.6436,0.5660857142857142,102.87890714285693,470.2400744047636,0.0,0.0,0.0,629.4897833333335,0.0,2289.0297765608484,0.0
2025-09-19,0,64,10:40-10:50,647.8447666666666,1401.330183333333,0.477,0.4165370535714287,109.78004285714292,469.0198678571441,0.0,0.0,0.0,4.52234934583224e-13,0.0,2289.0297765608493,0.0
2025-09-19,0,65,10:50-11:00,647.1583333333333,1422.7267857142856,0.2084,0.17988482142857148,100.43744047619032,480.54713214285863,0.0,0.0,0.0,0.0,445.1084358095256,1794.4648478835984,0.0
2025-09-19,0,66,11:00-11:10,626.55995,1433.690280952381,0.2046,0.17684821428571432,111.16290476190474,498.6177470238102,0.0,0.0,0.0,-0.0,0.0,1794.4648478835984,0.0
2025-09-19,0,67,11:10-11:20,613.1030166666667,1440.9751333333334,0.1938,0.16041876785714287,123.97405000000015,535.0183630952384,0.0,0.0,0.0,703.8980666666664,0.0,2427.973107883598,0.0
2025-09-19,0,68,11:20-11:30,609.4766666666667,1455.3348214285716,0.112,0.08497246428571427,124.16452380952396,627.6462845238102,0.0,0.0,0.0,-0.0,405.0922357857131,1977.87062367725,0.0
2025-09-19,0,69,11:30-11:40,595.7736833333333,1479.6939785714285,0.1684,0.13715624999999998,83.78088095238081,700.083561309525,0.0,0.0,0.0,800.1394142857138,0.0,2697.9960965343926,0.0
2025-09-19,0,70,11:40-11:50,595.0016499999999,1480.247945238095,0.1904,0.15836160714285716,101.12643095238067,728.5384434523827,0.0,0.0,0.0,-0.0,602.047423190476,2029.0545152116415,0.0
2025-09-19,0,71,11:50-12:00,599.3433333333332,1460.223214285714,0.144,0.11324207142857147,121.20613095238082,746.1490636904773,0.0,0.0,0.0,31.89337154614855,0.0,2057.758549603175,0.0
2025-09-19,0,72,12:00-12:10,580.3175,1456.802745238095,0.1761,0.14611924999999998,127.7971071428571,771.982694642858,0.0,0.0,0.0,4.530641534391553,0.0,2061.8361269841275,0.0
2025-09-19,0,73,12:10-12:20,590.7171833333333,1458.334530952381,0.2075,0.1824736607142857,115.05527380952367,775.6525142857148,0.0,0.0,0.0,752.5620738095241,0.0,2739.141993412699,0.0
2025-09-19,0,74,12:20-12:30,618.355,1446.7017857142855,0.1715,0.14842369642857148,119.89327380952395,730.5848291666675,0.0,0.0,0.0,708.4535119047615,0.0,3376.7501541269844,0.0
2025-09-19,0,75,12:30-12:40,599.0804333333333,1417.5046523809524,0.1189,0.09259076785714289,114.35156666666666,691.487814285714,0.0,0.0,0.0,704.0726523809524,0.0,4010.4155412698415,0.0
2025-09-19,0,76,12:40-12:50,599.8070666666666,1394.8620666666666,0.2694,0.2352232142857142,78.80468095238092,818.359569642857,0.0,0.0,0.0,716.2503190476191,0.0,4655.040828412699,0.0
2025-09-19,0,77,12:50-13:00,627.39,1379.4473214285713,0.5265,0.49816785714285716,83.7097023809522,895.8404547619041,0.0,0.0,0.0,668.3476190476191,0.0,5256.5536855555565,0.0
2025-09-19,0,78,13:00-13:10,620.6929,1351.316630952381,0.5638,0.536250892857143,100.08421904761903,902.0437285714278,0.0,0.0,0.0,630.539511904762,-0.0,5824.039246269842,0.0
2025-09-19,0,79,13:10-13:20,618.8535166666666,1328.6744666666668,0.5552,0.5233214285714286,86.93218095238096,835.8803422619046,0.0,0.0,0.0,622.8887690476193,0.0,6384.639138412699,0.0
2025-09-19,0,80,13:20-13:30,622.7666666666667,1307.5249999999999,0.5958,0.563045982142857,56.925059523809296,750.8477738095238,0.0,0.0,0.0,627.8332738095238,-0.0,6949.68908484127,0.0
2025-09-19,0,81,13:30-13:40,590.34005,1265.9134904761904,0.5958,0.5698370535714286,79.62093333333323,652.2251249999997,0.0,0.0,0.0,595.9525071428573,-0.0,7486.046341269842,0.0
2025-09-19,0,82,13:40-13:50,562.9597833333332,1236.1724023809522,0.5589,0.5158183035714285,67.19320238095224,626.7214422619047,0.0,0.0,0.0,606.0194166666668,0.0,8031.463816269842,0.0
2025-09-19,0,83,13:50-14:00,559.4449999999999,1215.2455357142858,0.5323,0.4581982142857142,88.4495238095238,608.1919041666667,0.0,0.0,0.0,567.3510119047619,-0.0,8542.079726984128,0.0
2025-09-19,0,84,14:00-14:10,560.8589666666667,1167.7348166666666,0.559,0.4836745535714288,68.6140761904763,552.0405428571428,0.0,0.0,0.0,538.2617738095237,0.0,9026.5153234127,0.0
2025-09-19,0,85,14:10-14:20,572.8290333333333,1124.307707142857,0.5944,0.5247116071428571,64.603469047619,546.2383291666667,0.0,0.0,0.0,486.87520476190474,-0.0,9464.703007698414,0.0
2025-09-19,0,86,14:20-14:30,585.1533333333333,1091.3160714285714,0.6272,0.5526401785714286,105.00380952380925,512.347243452381,0.0,0.0,0.0,401.1589285714287,0.0,9825.746043412699,0.0
2025-09-19,0,87,14:30-14:40,579.3334,1043.5405809523809,0.6659,0.5857727678571428,73.68388333333328,458.6501464285711,0.0,0.0,0.0,390.5232976190475,0.0,10177.217011269842,0.0
2025-09-19,0,88,14:40-14:50,591.4693666666667,994.185430952381,0.5835,0.5230696428571427,55.63592857142879,417.70221249999906,0.0,0.0,0.0,347.08013571428546,-0.0,10489.589133412699,0.0
2025-09-19,0,89,14:50-15:00,625.23,948.6017857142857,0.4401,0.4142799107142857,71.11124999999998,384.3389624999994,0.0,0.0,0.0,-0.0,195.86634028571973,10271.959866428566,0.0
2025-09-19,0,90,15:00-15:10,643.8356333333334,898.30635,0.4369,0.42210625,60.68462619047605,324.92101428571436,0.0,0.0,0.0,193.78609047618895,0.0,10446.367347857145,0.0
2025-09-19,0,91,15:10-15:20,635.1180499999999,850.4960214285713,0.4626,0.4440723214285714,55.24672142857162,306.3222178571424,0.0,0.0,0.0,160.13124999999872,0.0,10590.485472857144,0.0
2025-09-19,0,92,15:20-15:30,618.4549999999999,802.0098214285714,0.4685,0.44701562500000014,76.39571428571412,249.82823452380916,0.0,0.0,0.0,107.15910714285735,0.0,10686.928669285717,0.0
2025-09-19,0,93,15:30-15:40,621.1949666666667,742.4370880952381,0.5203,0.5032017857142858,45.30816666666675,248.92462797619004,0.0,0.0,0.0,75.93395476190472,0.0,10755.26922857143,0.0
2025-09-19,0,94,15:40-15:50,605.7290166666667,689.273838095238,0.569,0.5569330357142854,51.32146428571423,211.55044583333293,0.0,0.0,0.0,32.2233571428563,0.0,10784.27025,0.0
2025-09-19,0,95,15:50-16:00,579.2666666666667,644.54375,0.5845,0.5731611607142858,47.799583333333274,219.0929130952377,0.0,0.0,0.0,17.477500000000077,0.0,10800.0,0.0
2025-09-19,0,96,16:00-16:10,590.8899666666666,592.0378523809524,0.5852,0.5715477678571429,53.285785714285794,231.03932202380946,52.13790000000006,52.13790000000006,52.13790000000006,0.0,0.0,10800.0,0.0
2025-09-19,0,97,16:10-16:20,613.0709833333333,533.0780595238094,0.5887,0.5753803571428572,62.99529999999993,194.7986404761906,142.9882238095238,142.9882238095238,142.9882238095238,0.0,0.0,10800.0,0.0
2025-09-19,0,98,16:20-16:30,626.3299999999999,474.2839285714286,0.6236,0.6131357142857142,55.830892857142885,154.0819017857143,207.87696428571422,207.87696428571422,207.87696428571422,0.0,0.0,10800.0,0.0
2025-09-19,0,99,16:30-16:40,627.2472833333334,420.6113261904762,0.6977,0.6872013392857143,45.38025952380974,133.82740714285697,252.01621666666693,252.01621666666693,252.01621666666693,0.0,-0.0,10800.0,0.0
2025-09-19,0,100,16:40-16:50,569.5759499999999,367.8452476190476,0.6925,0.6798986607142855,43.381376190475976,126.71631488095255,245.1120785714283,245.1120785714283,245.1120785714283,0.0,0.0,10800.0,0.0
2025-09-19,0,101,16:50-17:00,496.8733333333333,312.87946428571433,0.624,0.6106607142857143,55.90863095238092,117.90410238095203,239.9024999999998,239.9024999999998,239.9024999999998,0.0,0.0,10800.0,0.0
2025-09-19,0,102,17:00-17:10,505.97201666666666,256.8609952380952,0.6301,0.6195897321428571,49.7190047619049,92.15579285714267,298.8300261904763,298.8300261904763,298.8300261904763,0.0,0.0,10800.0,0.0
2025-09-19,0,103,17:10-17:20,508.3748833333333,204.09124285714284,0.6742,0.6636486607142859,40.56485476190471,91.86504404761871,344.84849523809515,344.84849523809515,344.84849523809515,0.0,0.0,10800.0,0.0
2025-09-19,0,104,17:20-17:30,478.2266666666667,154.54285714285714,0.6943,0.6804058035714285,41.052976190476215,89.07233749999969,364.73678571428576,364.73678571428576,364.73678571428576,0.0,0.0,10800.0,0.0
2025-09-19,0,105,17:30-17:40,484.39685,104.32740714285714,0.7028,0.6888535714285714,36.09725238095257,58.08237083333299,416.1666952380954,416.1666952380954,416.1666952380954,0.0,0.0,10800.0,0.0
2025-09-19,0,106,17:40-17:50,532.3175666666666,54.77565238095238,0.9109,0.9019303571428574,36.85668333333342,48.31768452380945,514.3985976190477,514.3985976190477,514.3985976190477,0.0,0.0,10800.0,0.0
2025-09-19,0,107,17:50-18:00,564.6816666666666,16.40625,1.1933,1.190155357142857,29.599226190476315,74.35033154761905,0.0,0.0,0.0,0.0,577.8746428571429,10157.917063492063,0.0
2025-09-19,0,108,18:00-18:10,522.4145166666666,1.8951261904761902,1.1938,1.1904705357142855,18.97882380952376,77.44145833333337,0.0,0.0,0.0,0.0,539.4982142857142,9558.474603174604,0.0
2025-09-19,0,109,18:10-18:20,515.5581333333333,0.1303285714285714,1.1623,1.1537584821428575,29.47711190476184,52.06738928571434,0.0,0.0,0.0,0.0,544.9049166666666,8953.024695767195,0.0
2025-09-19,0,110,18:20-18:30,549.18,0.0,1.1988,1.1858995535714292,50.26946428571421,51.18478869047641,0.0,0.0,0.0,0.0,599.4494642857142,8286.969735449735,0.0
2025-09-19,0,111,18:30-18:40,524.0134499999999,0.09864761904761905,1.1548,1.1402419642857142,26.393847619047506,90.93598809523832,0.0,0.0,0.0,0.0,550.3086499999998,7675.515679894179,0.0
2025-09-19,0,112,18:40-18:50,510.32488333333333,0.009357142857142856,1.1094,1.0717571428571426,24.307649999999853,95.72495833333352,0.0,0.0,0.0,0.0,534.623176190476,7081.489928571428,0.0
2025-09-19,0,113,18:50-19:00,527.9266666666666,0.0,1.1161,1.0476468750000003,18.808333333333394,71.88704523809523,323.33904880952366,323.33904880952366,323.33904880952366,0.0,223.39595119047635,6833.272205026455,0.0
2025-09-19,0,114,19:00-19:10,522.6891499999999,0.007080952380952382,1.1476,1.0804151785714287,28.012311904761873,85.26185833333324,0.0,0.0,0.0,0.0,550.6943809523808,6221.389559523809,0.0
2025-09-19,0,115,19:10-19:20,520.7743666666667,0.0006714285714285715,1.1935,1.1284138392857141,31.901666666666642,95.39078928571394,0.0,0.0,0.0,0.0,552.6753619047619,5607.305824074074,0.0
2025-09-19,0,116,19:20-19:30,528.855,0.0,1.219,1.1453767857142856,17.02166666666676,66.08435476190436,0.0,0.0,0.0,0.0,545.8766666666668,5000.776194444444,0.0
2025-09-19,0,117,19:30-19:40,521.3112833333332,0.0005,1.1814,1.1083995535714286,30.820128571428768,53.408823809523454,0.0,0.0,0.0,0.0,552.130911904762,4387.297403439153,0.0
2025-09-19,0,118,19:40-19:50,505.6883,3.571428571428572e-05,1.1227,1.0524933035714288,14.022461904762054,60.57801964285704,0.0,0.0,0.0,0.0,519.7107261904764,3809.84104100529,0.0
2025-09-19,0,119,19:50-20:00,496.765,0.0,1.095,1.0247861607142854,18.226666666666574,52.24789285714294,514.9916666666666,514.9916666666666,514.9916666666666,0.0,0.0,3809.84104100529,0.0
2025-09-19,0,120,20:00-20:10,505.39038333333326,0.0,1.1177,1.0480598214285715,21.153430952380972,48.990213095238175,0.0,0.0,0.0,0.0,526.5438142857142,3224.792358465608,0.0
2025-09-19,0,121,20:10-20:20,532.3001333333333,0.0,1.1311,1.0628683035714281,28.095197619047553,59.00616488095241,0.0,0.0,0.0,0.0,560.3953309523808,2602.130879629629,0.0
2025-09-19,0,122,20:20-20:30,566.4499999999999,0.0,1.1519,1.0827250000000002,17.79166666666663,78.4116291666667,0.0,0.0,0.0,0.0,584.2416666666666,1952.9734722222217,0.0
2025-09-19,0,123,20:30-20:40,583.2223166666666,0.0,1.2133,1.1416084821428574,28.221716666666566,56.48029166666646,0.0,0.0,0.0,0.0,611.4440333333332,1273.5912129629626,0.0
2025-09-19,0,124,20:40-20:50,545.3707833333333,0.0,1.0497,0.9991191964285717,24.408333333333417,66.23209166666629,569.6916208333333,569.6916208333333,569.6916208333333,0.0,0.08749583333337796,1273.49399537037,0.0
2025-09-19,0,125,20:50-21:00,517.0716666666666,0.0,0.7937,0.7744933035714283,27.834999999999923,66.14459583333297,586.7372942386835,586.7372942386835,586.7372942386835,41.830627572016965,0.0,1311.1415601851852,0.0
2025-09-19,0,126,21:00-21:10,597.1159833333334,0.0,0.8581,0.8395955357142856,14.344900000000052,99.89350833333324,611.4608833333334,611.4608833333334,611.4608833333334,0.0,0.0,1311.1415601851852,0.0
2025-09-19,0,127,21:10-21:20,614.6483333333333,0.0,0.8977,0.8753133928571428,26.428916666666737,77.72863749999999,641.07725,641.07725,641.07725,0.0,0.0,1311.1415601851852,0.0
2025-09-19,0,128,21:20-21:30,553.3483333333334,0.0,0.8354,0.8173482142857146,22.85833333333335,79.13737916666656,576.2066666666667,576.2066666666667,576.2066666666667,0.0,0.0,1311.1415601851852,0.0
2025-09-19,0,129,21:30-21:40,558.2778166666667,0.0,0.8976,0.8782781249999998,30.733133333333285,80.52289999999996,589.01095,589.01095,589.01095,0.0,0.0,1311.1415601851852,0.0
2025-09-19,0,130,21:40-21:50,534.3571166666666,0.0,0.6976,0.6732999999999999,34.963383333333354,100.0274041666666,570.3501913580244,570.3501913580244,570.3501913580244,1.0296913580244411,0.0,1312.0682824074072,0.0
2025-09-19,0,131,21:50-22:00,476.6433333333333,0.0,0.3259,0.30005669642857147,26.535000000000082,100.86145416666653,1336.5116666666668,1336.5116666666668,1336.5116666666668,833.3333333333333,0.0,2062.068282407407,0.0
2025-09-19,0,132,22:00-22:10,486.6250333333333,0.0,0.3072,0.286671875,18.96368333333328,65.6025249999999,1338.92205,1338.92205,1338.92205,833.3333333333333,0.0,2812.068282407407,0.0
2025-09-19,0,133,22:10-22:20,485.79509999999993,0.0,0.3749,0.35244419642857144,26.119266666666817,56.07227083333325,511.91436666666675,511.91436666666675,511.91436666666675,0.0,0.0,2812.068282407407,0.0
2025-09-19,0,134,22:20-22:30,457.56833333333327,0.0,0.3701,0.34080491071428576,22.120000000000005,55.56137083333334,688.5013528806588,688.5013528806588,688.5013528806588,208.81301954732558,0.0,3000.0,0.0
2025-09-19,0,135,22:30-22:40,465.4079,0.0,0.3986,0.3733669642857143,30.973549999999932,38.183237500000075,496.3814499999999,496.3814499999999,496.3814499999999,0.0,0.0,3000.0,0.0
2025-09-19,0,136,22:40-22:50,461.95256666666666,0.0,0.3859,0.36295133928571427,28.557000000000016,25.16845416666672,490.5095666666667,490.5095666666667,490.5095666666667,0.0,0.0,3000.0,0.0
2025-09-19,0,137,22:50-23:00,447.705,0.0,0.3535,0.3292308035714285,34.38499999999999,61.05665416666653,1315.4233333333332,1315.4233333333332,1315.4233333333332,833.3333333333333,0.0,3750.0,0.0
2025-09-19,0,138,23:00-23:10,473.5099,0.0,0.4095,0.3911160714285714,25.04350000000011,76.091145833333,498.5534000000001,498.5534000000001,498.5534000000001,0.0,0.0,3750.0,0.0
2025-09-19,0,139,23:10-23:20,486.88811666666663,0.0,0.4341,0.4180303571428571,25.05863333333332,74.25272500000003,511.94674999999995,511.94674999999995,511.94674999999995,0.0,0.0,3750.0,0.0
2025-09-19,0,140,23:20-23:30,462.4133333333333,0.0,0.3738,0.35348303571428585,31.26333333333332,49.551008333333215,493.6766666666666,493.6766666666666,493.6766666666666,0.0,0.0,3750.0,0.0
2025-09-19,0,141,23:30-23:40,427.05405,0.0,0.2984,0.27525937500000003,18.10699999999997,54.547979166666664,1278.4943833333332,1278.4943833333332,1278.4943833333332,833.3333333333333,0.0,4500.0,0.0
2025-09-19,0,142,23:40-23:50,402.5645833333333,0.0,0.2702,0.24418125000000002,26.942216666666695,36.95815416666659,1262.8401333333331,1262.8401333333331,1262.8401333333331,833.3333333333333,0.0,5250.0,0.0
2025-09-19,0,143,23:50-24:00,411.435,0.0,0.3058,0.279807142857143,27.690000000000055,29.833333333333286,1272.4583333333333,1272.4583333333333,1272.4583333333333,833.3333333333333,0.0,6000.0,0.0
2025-09-20,0,0,0:00-0:10,457.1633333333333,0.0,0.3676,0.3500928571428571,24.70133333333331,54.30712916666671,481.8646666666666,481.8646666666666,481.8646666666666,0.0,0.0,7134.986358300268,0.0
2025-09-20,0,1,0:10-0:20,461.06561666666664,0.0,0.3731,0.3561901785714286,18.541450000000054,65.00918750000001,479.6070666666667,479.6070666666667,479.6070666666667,0.0,0.0,7134.986358300268,0.0
2025-09-20,0,2,0:20-0:30,421.8216666666666,0.0,0.3263,0.3026151785714286,21.096666666666692,66.83424166666641,442.9183333333333,442.9183333333333,442.9183333333333,0.0,0.0,7134.986358300268,0.0
2025-09-20,0,3,0:30-0:40,414.39345000000003,0.0,0.3097,0.2859504464285714,14.105733333333433,78.90595000000009,1261.8325166666668,1261.8325166666668,1261.8325166666668,833.3333333333333,0.0,7884.986358300268,0.0
2025-09-20,0,4,0:40-0:50,427.1922666666667,0.0,0.3252,0.30130312500000006,26.891299999999887,80.41747500000025,454.08356666666657,454.08356666666657,454.08356666666657,0.0,0.0,7884.986358300268,0.0
2025-09-20,0,5,0:50-1:00,427.58,0.0,0.3367,0.3112540178571428,25.5383333333333,77.40188750000002,453.1183333333333,453.1183333333333,453.1183333333333,0.0,0.0,7884.986358300268,0.0
2025-09-20,0,6,1:00-1:10,403.04751666666664,0.0,0.3177,0.29555714285714296,31.91046666666665,64.57267500000006,434.9579833333333,434.9579833333333,434.9579833333333,0.0,0.0,7884.986358300268,0.0
2025-09-20,0,7,1:10-1:20,411.1812666666666,0.0,0.3433,0.3225191964285714,25.461566666666613,50.348170833333114,436.6428333333332,436.6428333333332,436.6428333333332,0.0,0.0,7884.986358300268,0.0
2025-09-20,0,8,1:20-1:30,441.465,0.0,0.3779,0.3551866071428571,24.258333333333326,100.35534583333315,465.7233333333333,465.7233333333333,465.7233333333333,0.0,0.0,7884.986358300268,0.0
2025-09-20,0,9,1:30-1:40,427.5597,0.0,0.3123,0.29015446428571423,21.316350000000057,84.623913690476,625.6249640579003,625.6249640579003,625.6249640579003,176.74891405790024,0.0,8044.060380952378,0.0
2025-09-20,0,10,1:40-1:50,419.36761666666666,0.0,0.284,0.26428616071428573,20.12435000000005,72.22787023809514,1272.8253,1272.8253,1272.8253,833.3333333333333,0.0,8794.060380952378,0.0
2025-09-20,0,11,1:50-2:00,430.80333333333334,0.0,0.3254,0.3072022321428572,21.44500000000005,78.96223749999962,452.2483333333334,452.2483333333334,452.2483333333334,0.0,0.0,8794.060380952378,0.0
2025-09-20,0,12,2:00-2:10,424.7769166666667,0.0,0.3353,0.315628125,27.29774999999995,83.28287440476197,452.07466666666664,452.07466666666664,452.07466666666664,0.0,0.0,8794.060380952378,0.0
2025-09-20,0,13,2:10-2:20,422.59871666666663,0.0,0.3484,0.32678214285714285,22.231483333333472,61.34726249999986,444.8302000000001,444.8302000000001,444.8302000000001,0.0,0.0,8794.060380952378,0.0
2025-09-20,0,14,2:20-2:30,425.93999999999994,0.0,0.363,0.3421683035714285,8.653333333333308,64.89766666666671,434.59333333333325,434.59333333333325,434.59333333333325,0.0,0.0,8794.060380952378,0.0
2025-09-20,0,15,2:30-2:40,413.8716333333333,0.0,0.3374,0.32134776785714286,14.718883333333338,61.62940000000006,428.59051666666664,428.59051666666664,428.59051666666664,0.0,0.0,8794.060380952378,0.0
2025-09-20,0,16,2:40-2:50,413.3322666666666,0.0,0.3534,0.3414696428571428,23.426699999999983,69.66178333333343,436.7589666666666,436.7589666666666,436.7589666666666,0.0,0.0,8794.060380952378,0.0
2025-09-20,0,17,2:50-3:00,427.48333333333335,0.0,0.3997,0.3884062499999999,15.218333333333248,69.30566666666687,0.0,0.0,0.0,0.0,442.7016666666666,8302.169640211638,0.0
2025-09-20,0,18,3:00-3:10,430.42366666666663,0.0,0.3791,0.36560267857142864,26.82283333333328,54.996844047619106,0.0,0.0,0.0,0.0,457.2464999999999,7794.117973544971,0.0
2025-09-20,0,19,3:10-3:20,424.63436666666666,0.0,0.3467,0.3297495535714286,21.378066666666655,80.52093154761837,446.0124333333333,446.0124333333333,446.0124333333333,0.0,0.0,7794.117973544971,0.0
2025-09-20,0,20,3:20-3:30,422.78666666666663,0.0,0.3381,0.3191477678571429,16.63833333333332,84.99801249999975,439.42499999999995,439.42499999999995,439.42499999999995,0.0,0.0,7794.117973544971,0.0
2025-09-20,0,21,3:30-3:40,431.5219833333333,0.0,0.3321,0.3148491071428571,20.80838333333338,96.67196130952318,452.3303666666667,452.3303666666667,452.3303666666667,0.0,0.0,7794.117973544971,0.0
2025-09-20,0,22,3:40-3:50,424.7706333333333,0.0,0.3215,0.3065633928571429,11.220169047618924,85.22072619047627,435.99080238095223,435.99080238095223,435.99080238095223,0.0,0.0,7794.117973544971,0.0
2025-09-20,0,23,3:50-4:00,418.28,0.0,0.325,0.3099933035714287,25.5,50.991954761904665,443.78,443.78,443.78,0.0,0.0,7794.117973544971,0.0
2025-09-20,0,24,4:00-4:10,453.39533333333327,8.333333333333333e-05,0.3645,0.3473638392857143,20.923178571428593,37.780292857142626,474.3184285714285,474.3184285714285,474.3184285714285,0.0,0.0,7794.117973544971,0.0
2025-09-20,0,25,4:10-4:20,476.10699999999997,0.0002928571428571428,0.3869,0.37291339285714287,30.423740476190574,66.59104642857122,0.0,0.0,0.0,0.0,506.53044761904766,7231.306365079363,0.0
2025-09-20,0,26,4:20-4:30,461.5183333333333,0.0,0.3818,0.37304330357142873,21.12000000000006,96.06300178571419,0.0,0.0,0.0,0.0,482.6383333333334,6695.041550264548,0.0
2025-09-20,0,27,4:30-4:40,440.4216833333333,0.0013404761904761905,0.387,0.37535357142857134,26.371380952380946,102.85432202380929,0.0,0.0,0.0,0.0,466.7917238095238,6176.384079365078,0.0
2025-09-20,0,28,4:40-4:50,449.99851666666666,0.004176190476190476,0.3884,0.3757665178571428,18.313695238095306,152.50705654761882,0.0,0.0,0.0,0.0,468.3080357142858,5656.0418174603155,0.0
2025-09-20,0,29,4:50-5:00,474.72,0.0,0.379,0.36818705357142856,16.601666666666688,153.60184404761884,0.0,0.0,0.0,0.0,491.3216666666667,5110.128854497352,0.0
2025-09-20,0,30,5:00-5:10,466.10839999999996,0.018680952380952378,0.3681,0.35388526785714286,18.15904523809536,196.36171011904742,484.24876428571434,484.24876428571434,484.24876428571434,0.0,0.0,5110.128854497352,0.0
2025-09-20,0,31,5:10-5:20,457.05538333333334,0.05818333333333334,0.3469,0.3366593750000001,19.61519999999996,215.67360714285704,476.6124,476.6124,476.6124,0.0,0.0,5110.128854497352,0.0
2025-09-20,0,32,5:20-5:30,462.4083333333333,0.0,0.3027,0.30249687500000005,33.99571428571437,281.87337499999967,496.4040476190477,496.4040476190477,496.4040476190477,0.0,0.0,5110.128854497352,0.0
2025-09-20,0,33,5:30-5:40,461.2582666666666,0.26021666666666665,0.2711,0.27257812500000006,26.572440476190536,453.371122619047,1320.9038238095236,1320.9038238095236,1320.9038238095236,833.3333333333333,0.0,5860.128854497352,0.0
2025-09-20,0,34,5:40-5:50,446.32169999999996,1.1865309523809522,0.46,0.4642218749999999,32.588680952380855,503.5690630952374,0.0,0.0,0.0,0.0,477.72384999999986,5329.324576719575,0.0
2025-09-20,0,35,5:50-6:00,431.0483333333333,12.897321428571427,0.7339,0.7454620535714284,42.74077380952383,506.5863696428564,0.0,0.0,0.0,0.0,460.8917857142857,4817.22259259259,0.0
2025-09-20,0,36,6:00-6:10,436.7666,50.1339119047619,0.7256,0.7411464285714285,40.14623095238096,537.5833821428564,0.0,0.0,0.0,0.0,426.77891904761907,4343.023793650792,0.0
2025-09-20,0,37,6:10-6:20,449.04689999999994,97.29233809523811,0.6765,0.6877026785714285,39.929478571428604,540.4993821428568,0.0,0.0,0.0,0.0,391.68404047619043,3907.8193042328026,0.0
2025-09-20,0,38,6:20-6:30,451.64,144.71428571428567,0.6974,0.7022491071428574,47.799999999999955,513.8166910714283,0.0,0.0,0.0,0.0,354.7257142857143,3513.6796216931198,0.0
2025-09-20,0,39,6:30-6:40,444.75873333333334,194.23223809523807,0.6626,0.6695866071428569,42.862240476190465,503.10746488095197,0.0,0.0,0.0,0.0,293.3887357142857,3187.692137566136,0.0
2025-09-20,0,40,6:40-6:50,463.14301666666665,243.50316666666666,0.6467,0.6508888392857143,49.86968809523796,618.3973553571423,0.0,0.0,0.0,0.0,269.509538095238,2888.237095238094,0.0
2025-09-20,0,41,6:50-7:00,502.34,295.65178571428567,0.6653,0.6631370535714289,49.613273809523776,684.8609148809517,0.0,0.0,0.0,0.0,256.30148809523814,2603.4576640211626,0.0
2025-09-20,0,42,7:00-7:10,521.6680333333334,355.6732404761905,0.6486,0.6516049107142857,51.51989285714279,717.4342255952374,0.0,0.0,0.0,0.0,217.51468571428575,2361.7746798941785,0.0
2025-09-20,0,43,7:10-7:20,525.9314666666667,410.3240095238094,0.6284,0.6350566964285715,52.007376190476066,748.8222988095232,0.0,0.0,0.0,0.0,167.6148333333333,2175.5359761904747,0.0
2025-09-20,0,44,7:20-7:30,518.73,461.7544642857143,0.5794,0.5816401785714288,59.2536904761904,764.8823315476183,0.0,0.0,0.0,0.0,116.22922619047614,2046.39239153439,0.0
2025-09-20,0,45,7:30-7:40,499.3560666666666,525.1158,0.4805,0.4769236607142857,60.74443333333329,752.777792857142,0.0,0.0,0.0,0.0,34.98469999999986,2007.5205026455014,0.0
2025-09-20,0,46,7:40-7:50,500.73325,587.9797785714285,0.6412,0.6349299107142857,52.80102619047625,726.7684523809514,0.0,0.0,0.0,34.445502380951964,0.0,2038.521454788358,0.0
2025-09-20,0,47,7:50-8:00,529.2316666666666,642.7205357142857,0.9268,0.9211986607142857,54.37446428571428,698.9635279761898,0.0,0.0,0.0,59.11440476190455,-0.0,2091.724419074072,0.0
2025-09-20,0,48,8:00-8:10,554.79445,693.8716047619047,0.8737,0.8692982142857143,50.59351190476201,676.0951648809515,0.0,0.0,0.0,88.48364285714237,-0.0,2171.3596976455005,0.0
2025-09-20,0,49,8:10-8:20,544.0601833333333,746.5320380952381,0.7964,0.7929620535714287,69.8594261904762,623.7486154761897,0.0,0.0,0.0,132.6124285713835,-0.0,2290.710883359776,0.0
2025-09-20,0,50,8:20-8:30,508.3416666666667,796.6473214285713,0.8199,0.8161906249999998,79.59511904761922,569.2955053571426,0.0,0.0,0.0,208.7105357142854,-0.0,2478.5503655026328,0.0
2025-09-20,0,51,8:30-8:40,500.5676833333333,836.7837499999998,0.7575,0.7514910714285717,78.64476666666661,574.0809071428571,0.0,0.0,0.0,-0.0,607.9891771666588,1803.00683531746,0.0
2025-09-20,0,52,8:40-8:50,555.9324333333333,881.9256761904762,0.7254,0.7181312500000001,65.86325000000011,542.7061517857139,0.0,0.0,0.0,-0.0,98.84985833333326,1693.173659391534,0.0
2025-09-20,0,53,8:50-9:00,619.6016666666667,936.3580357142855,0.7393,0.7319227678571429,110.09089285714305,443.85629345238056,0.0,0.0,0.0,206.6654761904763,-0.0,1879.1725879629616,0.0
2025-09-20,0,54,9:00-9:10,600.6721,989.8261166666667,0.6798,0.6704888392857142,80.6732047619048,366.94226428571426,0.0,0.0,0.0,308.4808119047594,-0.0,2156.805318677245,0.0
2025-09-20,0,55,9:10-9:20,598.7599,1039.7380904761906,0.6079,0.5951022321428571,89.85923333333342,315.71968809523787,0.0,0.0,0.0,351.11895714285566,3.284738554127264e-12,2472.8123801058114,0.0
2025-09-20,0,56,9:20-9:30,634.6466666666666,1090.2178571428572,0.5802,0.5678196428571429,99.9611904761905,349.09128809523804,0.0,0.0,0.0,355.61,-0.0,2792.8613801058136,0.0
2025-09-20,0,57,9:30-9:40,630.8327666666667,1143.7262857142857,0.5954,0.5888183035714286,103.69031428571436,378.85655595238086,0.0,0.0,0.0,409.20320476190454,-0.0,3161.1442643915298,0.0
2025-09-20,0,58,9:40-9:50,623.9555666666666,1179.0240714285715,0.6255,0.6002602678571428,102.34891190476196,358.02157142857163,0.0,0.0,0.0,-0.0,833.3333333333329,2235.218338465603,0.0
2025-09-20,0,59,9:50-10:00,627.4316666666666,1201.4473214285715,0.6147,0.5540616071428571,106.70273809523823,347.9744398809526,0.0,0.0,0.0,467.31291666666664,-0.0,2655.7999634656035,0.0
2025-09-20,0,60,10:00-10:10,617.1812833333333,1239.2258166666666,0.5292,0.45707232142857146,114.70361904761887,395.4318011904767,0.0,0.0,0.0,507.34091428571423,-0.0,3112.4067863227465,0.0
2025-09-20,0,61,10:10-10:20,628.9995833333332,1282.5140238095237,0.5036,0.4347562500000001,90.83749047619062,359.42080119047677,0.0,0.0,0.0,-0.0,833.3333333333333,2186.4808603968204,0.0
2025-09-20,0,62,10:20-10:30,651.4683333333332,1324.2133928571427,0.5527,0.48363616071428556,98.96857142857152,275.8561708333341,0.0,0.0,0.0,573.7764880952378,-0.0,2702.8796996825345,0.0
2025-09-20,0,63,10:30-10:40,632.7400333333333,1365.3326857142856,0.5348,0.45769464285714284,102.87890714285693,241.48916369047703,0.0,0.0,0.0,629.7137452380952,-0.0,3269.62207039682,0.0
2025-09-20,0,64,10:40-10:50,608.8271833333333,1389.9220523809522,0.3418,0.2829013392857142,122.98616666666635,202.74416250000002,0.0,0.0,0.0,-0.0,811.7271002618999,2367.70307010582,0.0
2025-09-20,0,65,10:50-11:00,604.55,1402.8196428571428,0.1071,0.08259025000000002,132.35136904761896,183.0158190476188,0.0,0.0,0.0,-0.0,833.3333333333333,1441.777144179894,0.0
2025-09-20,0,66,11:00-11:10,613.0100666666666,1423.4549190476187,0.0904,0.07235060714285713,160.99178095238094,217.59942976190476,0.0,0.0,0.0,90.68735155790701,-0.0,1523.3957605820103,0.0
2025-09-20,0,67,11:10-11:20,634.2861666666666,1430.6903333333332,0.1366,0.10897641071428568,160.31348571428575,291.05618452380935,0.0,0.0,0.0,152.19600896531475,-0.0,1660.3721686507938,0.0
2025-09-20,0,68,11:20-11:30,635.6233333333332,1432.3964285714285,0.1183,0.09442067857142857,128.47964285714272,414.33495178571445,0.0,0.0,0.0,94.75604423868307,-0.0,1745.6526084656086,0.0
2025-09-20,0,69,11:30-11:40,584.63805,1456.9112809523808,0.0589,0.047178000000000005,149.275630952381,491.0873476190478,0.0,0.0,0.0,97.7253461199298,-0.0,1833.6054199735454,0.0
2025-09-20,0,70,11:40-11:50,583.8882666666666,1459.479454761905,0.0436,0.034195535714285706,159.44904047619056,570.2448779761909,0.0,0.0,0.0,92.75496840094162,-0.0,1917.0848915343927,0.0
2025-09-20,0,71,11:50-12:00,625.7066666666666,1439.017857142857,0.0606,0.04710700000000002,170.5486309523808,645.3764023809534,0.0,0.0,0.0,92.2827197236927,9.208633855450898e-13,2000.139339285715,0.0
2025-09-20,0,72,12:00-12:10,603.9871166666667,1441.563133333333,0.0376,0.03969689285714285,147.00539761904787,720.1254053571436,0.0,0.0,0.0,26.621801146384012,-0.0,2024.098960317461,0.0
2025-09-20,0,73,12:10-12:20,591.9085166666666,1452.301,0.0983,0.08342025,126.047069047619,741.689064285715,0.0,0.0,0.0,734.3454142857141,0.0,2685.009833174604,0.0
2025-09-20,0,74,12:20-12:30,610.3466666666666,1444.749107142857,0.1787,0.15785760714285707,119.8409523809525,706.4320017857152,0.0,0.0,0.0,714.5614880952378,0.0,3328.1151724603164,0.0
2025-09-20,0,75,12:30-12:40,602.5458666666666,1408.926488095238,0.1113,0.08964301785714286,114.35156666666666,660.5859654761907,0.0,0.0,0.0,692.0290547619047,0.0,3950.9413217460306,0.0
2025-09-20,0,76,12:40-12:50,594.4670666666666,1381.9765880952377,0.2457,0.2136928571428571,78.80468095238092,787.4577208333336,0.0,0.0,0.0,708.7048404761902,0.0,4588.775678174602,0.0
2025-09-20,0,77,12:50-13:00,597.4416666666666,1368.1723214285714,0.5318,0.5018392857142857,83.7097023809522,864.938605952381,0.0,0.0,0.0,687.0209523809526,0.0,5207.094535317459,0.0
2025-09-20,0,78,13:00-13:10,591.6065166666666,1340.6522571428573,0.5515,0.5234758928571429,100.08421904761903,871.1418797619043,0.0,0.0,0.0,648.9615214285716,0.0,5791.159904603174,0.0
2025-09-20,0,79,13:10-13:20,578.5177666666666,1324.3137904761904,0.5259,0.4937107142857143,86.93218095238096,801.0076482142861,0.0,0.0,0.0,658.8638428571428,-0.0,6384.137363174603,0.0
2025-09-20,0,80,13:20-13:30,579.6816666666666,1309.1553571428572,0.5803,0.5453066964285711,56.925059523809296,715.9750797619052,0.0,0.0,0.0,672.5486309523812,0.0,6989.431131031746,0.0
2025-09-20,0,81,13:30-13:40,610.7790666666666,1258.3438523809523,0.6022,0.5752281249999999,79.62093333333323,617.3524309523813,0.0,0.0,0.0,567.9438523809524,-0.0,7500.5805981746025,0.0
2025-09-20,0,82,13:40-13:50,610.99205,1218.2907142857143,0.5754,0.5336897321428573,96.83426904761905,594.0809815476194,0.0,0.0,0.0,510.4643952380953,-0.0,7959.998553888888,0.0
2025-09-20,0,83,13:50-14:00,581.7533333333333,1194.3107142857143,0.5601,0.4882250000000002,83.78613095238083,613.0916553571434,0.0,0.0,0.0,528.7712500000001,0.0,8435.89267888889,0.0
2025-09-20,0,84,14:00-14:10,582.3435833333333,1147.2479642857143,0.6219,0.5478299107142856,64.42814523809523,542.0366833333338,0.0,0.0,0.0,500.4762357142857,-0.0,8886.321291031747,0.0
2025-09-20,0,85,14:10-14:20,579.8538833333333,1107.7718809523808,0.6562,0.5888223214285713,64.603469047619,532.0485386904767,0.0,0.0,0.0,463.31452857142875,-0.0,9303.304366746033,0.0
2025-09-20,0,86,14:20-14:30,575.3133333333333,1078.1098214285712,0.6744,0.6042901785714286,105.00380952380925,498.1574529761908,0.0,0.0,0.0,397.7926785714287,-0.0,9661.31777746032,0.0
2025-09-20,0,87,14:30-14:40,603.3370333333332,1027.9952738095237,0.7542,0.6769245535714283,73.68388333333328,446.17769523809517,0.0,0.0,0.0,350.9743571428573,0.0,9977.19469888889,0.0
2025-09-20,0,88,14:40-14:50,605.2485333333333,981.8897214285714,0.626,0.5659089285714284,55.63592857142879,405.2297613095232,0.0,0.0,0.0,321.0052595238079,-0.0,10266.099432460313,0.0
2025-09-20,0,89,14:50-15:00,586.91,941.2589285714286,0.3851,0.3591281249999999,71.11124999999998,371.8665113095235,0.0,0.0,0.0,-0.0,88.05934249999802,10168.255718571429,0.0
2025-09-20,0,90,15:00-15:10,608.8117,882.9422047619047,0.4173,0.40414196428571414,60.68462619047605,312.44856309523846,0.0,0.0,0.0,213.4458785714287,0.0,10360.357009285715,0.0
2025-09-20,0,91,15:10-15:20,600.3858833333334,832.4190690476191,0.4679,0.45213125000000004,57.20933809523814,296.21211190476174,0.0,0.0,0.0,174.82384761904768,0.0,10517.698472142858,0.0
2025-09-20,0,92,15:20-15:30,557.8766666666667,791.0526785714285,0.4365,0.4168174107142858,76.39571428571412,237.2507982142858,0.0,0.0,0.0,156.7802976190477,0.0,10658.80074,0.0
2025-09-20,0,93,15:30-15:40,559.1524833333333,734.7698690476191,0.4891,0.4720803571428573,45.30816666666675,239.590501785714,0.0,0.0,0.0,130.30921904761908,0.0,10776.079037142857,0.0
2025-09-20,0,94,15:40-15:50,605.3339833333333,683.2342952380952,0.5826,0.571074107142857,51.32146428571423,202.2163196428569,0.0,0.0,0.0,26.57884761904768,0.0,10800.0,0.0
2025-09-20,0,95,15:50-16:00,653.3583333333333,638.8232142857142,0.6423,0.6332058035714283,49.508095238095166,203.30582857142832,64.04321428571427,64.04321428571427,64.04321428571427,0.0,-0.0,10800.0,0.0
2025-09-20,0,96,16:00-16:10,650.0002333333333,582.4356666666667,0.6383,0.626217410714286,58.54359047619039,219.87018988095244,126.10815714285695,126.10815714285695,126.10815714285695,0.0,0.0,10800.0,0.0
2025-09-20,0,97,16:10-16:20,599.0629666666666,523.1370642857141,0.6247,0.6124607142857145,67.71999047619045,188.88731309523817,143.64589285714294,143.64589285714294,143.64589285714294,-0.0,0.0,10800.0,0.0
2025-09-20,0,98,16:20-16:30,566.9283333333333,467.8910714285715,0.6439,0.6344767857142856,55.830892857142885,149.33535416666666,154.8681547619047,154.8681547619047,154.8681547619047,0.0,0.0,10800.0,0.0
2025-09-20,0,99,16:30-16:40,615.03305,414.2084785714286,0.6903,0.6791352678571428,45.38025952380974,129.08085952380932,246.20483095238114,246.20483095238114,246.20483095238114,-0.0,0.0,10800.0,0.0
2025-09-20,0,100,16:40-16:50,601.6141166666666,359.69765238095243,0.6969,0.6838986607142854,43.381376190475976,121.9697672619049,285.2978404761902,285.2978404761902,285.2978404761902,0.0,0.0,10800.0,0.0
2025-09-20,0,101,16:50-17:00,534.1433333333333,303.86160714285717,0.6876,0.6762374999999999,60.655178571428564,107.86060833333303,290.9369047619047,290.9369047619047,290.9369047619047,0.0,0.0,10800.0,0.0
2025-09-20,0,102,17:00-17:10,554.3999833333332,248.4520238095238,0.7435,0.735520089285714,49.7190047619049,90.39014404761889,355.66696428571436,355.66696428571436,355.66696428571436,0.0,0.0,10800.0,0.0
2025-09-20,0,103,17:10-17:20,546.2323666666666,196.94672380952377,0.7561,0.7465915178571426,40.56485476190471,87.68897738095184,389.8504976190476,389.8504976190476,389.8504976190476,0.0,0.0,10800.0,0.0
2025-09-20,0,104,17:20-17:30,488.1066666666666,148.6107142857143,0.6887,0.6740718750000002,41.052976190476215,81.39406011904742,380.54892857142863,380.54892857142863,380.54892857142863,0.0,0.0,10800.0,0.0
2025-09-20,0,105,17:30-17:40,487.4921,99.3315238095238,0.6529,0.6380446428571431,43.159847619047696,51.469830952380704,431.32042380952385,431.32042380952385,431.32042380952385,0.0,0.0,10800.0,0.0
2025-09-20,0,106,17:40-17:50,522.8381833333333,50.368623809523804,0.8574,0.8476285714285716,36.85668333333342,49.66785059523798,509.3262428571429,509.3262428571429,509.3262428571429,0.0,0.0,10800.0,0.0
2025-09-20,0,107,17:50-18:00,542.8083333333333,13.06964285714286,1.1515,1.1479017857142861,29.599226190476315,74.18470476190475,0.0,0.0,0.0,0.0,559.3379166666667,10178.513425925927,0.0
2025-09-20,0,108,18:00-18:10,520.55745,1.2169547619047618,1.158,1.1557526785714285,19.79973333333328,77.27583154761908,0.0,0.0,0.0,0.0,539.1402285714286,9579.468727513227,0.0
2025-09-20,0,109,18:10-18:20,507.9152833333333,0.24226666666666666,1.1139,1.1058120535714282,29.47711190476184,52.06738928571434,0.0,0.0,0.0,0.0,537.1501285714285,8982.635251322752,0.0
2025-09-20,0,110,18:20-18:30,523.4216666666666,0.0,1.1562,1.1419924107142858,47.64833333333331,54.78850654761882,0.0,0.0,0.0,0.0,571.0699999999999,8348.11302910053,0.0
2025-09-20,0,111,18:30-18:40,534.595,0.060149999999999995,1.1833,1.16888125,23.536873809523968,92.98447142857128,0.0,0.0,0.0,0.0,558.071723809524,7728.0333359788365,0.0
2025-09-20,0,112,18:40-18:50,518.0813666666666,0.01739285714285714,1.169,1.1320839285714286,25.116140476190424,94.91646785714295,0.0,0.0,0.0,0.0,543.180114285714,7124.499875661377,0.0
2025-09-20,0,113,18:50-19:00,489.00166666666667,0.0,1.1443,1.0756343750000006,18.808333333333394,71.88704523809523,0.0,0.0,0.0,0.0,507.81000000000006,6560.266542328043,0.0
2025-09-20,0,114,19:00-19:10,485.7374666666666,0.004316666666666667,1.1498,1.0831866071428569,28.012311904761873,85.26185833333324,0.0,0.0,0.0,0.0,513.7454619047618,5989.438251322753,0.0
2025-09-20,0,115,19:10-19:20,497.7593333333333,0.0012476190476190475,1.1306,1.0655477678571428,31.901666666666642,93.89014523809473,173.2425023809513,173.2425023809513,173.2425023809513,0.0,356.41725000000105,5593.419084656085,0.0
2025-09-20,0,116,19:20-19:30,513.1133333333332,0.0,1.114,1.0385375000000001,17.02166666666676,66.08435476190436,530.135,530.135,530.135,0.0,0.0,5593.419084656085,0.0
2025-09-20,0,117,19:30-19:40,525.9881666666666,0.0003023809523809524,1.1814,1.106935267857143,30.820128571428768,52.89299047619011,0.0,0.0,0.0,0.0,556.8079928571431,4974.743537037037,0.0
2025-09-20,0,118,19:40-19:50,512.9306833333333,7.619047619047617e-05,1.2079,1.1381415178571426,14.022461904762054,56.86449702380935,0.0,0.0,0.0,0.0,526.9530690476191,4389.240126984127,0.0
2025-09-20,0,119,19:50-20:00,504.3316666666666,0.0,1.162,1.093670089285714,20.289999999999964,47.98430714285715,0.0,0.0,0.0,0.0,524.6216666666666,3806.327164021164,0.0
2025-09-20,0,120,20:00-20:10,552.8655166666666,0.0,1.1359,1.067575892857143,23.35368333333338,46.78996071428577,0.0,0.0,0.0,0.0,576.2192,3166.0836084656084,0.0
2025-09-20,0,121,20:10-20:20,571.3068333333333,0.0,1.1342,1.0657986607142858,28.095197619047553,59.00616488095241,0.0,0.0,0.0,0.0,599.4020309523809,2500.0813518518517,0.0
2025-09-20,0,122,20:20-20:30,538.6333333333333,0.0,1.1814,1.1114017857142857,17.79166666666663,78.4116291666667,0.0,0.0,0.0,0.0,556.425,1881.8313518518517,0.0
2025-09-20,0,123,20:30-20:40,524.1019666666666,0.0,1.2673,1.1960013392857145,28.221716666666566,56.40131547619035,0.0,0.0,0.0,0.0,552.3236833333332,1268.1383703703702,0.0
2025-09-20,0,124,20:40-20:50,548.9644166666667,0.0,1.0912,1.0422674107142857,24.408333333333417,61.1882916666664,573.3727500000001,573.3727500000001,573.3727500000001,0.0,0.0,1268.1383703703702,0.0
2025-09-20,0,125,20:50-21:00,579.39,0.0,0.7816,0.7638129464285716,27.834999999999923,61.32453333333325,654.8410185185186,654.8410185185186,654.8410185185186,47.61601851851866,0.0,1310.992787037037,0.0
2025-09-20,0,126,21:00-21:10,561.5957,0.0,0.7884,0.7697544642857144,14.344900000000052,99.89350833333324,575.9406,575.9406,575.9406,0.0,0.0,1310.992787037037,0.0
2025-09-20,0,127,21:10-21:20,529.4050333333332,0.0,0.8507,0.8279205357142857,26.428916666666737,76.93519583333335,555.83395,555.83395,555.83395,0.0,0.0,1310.992787037037,0.0
2025-09-20,0,128,21:20-21:30,529.165,0.0,0.8396,0.8217678571428572,22.85833333333335,80.32114583333322,552.0233333333333,552.0233333333333,552.0233333333333,0.0,0.0,1310.992787037037,0.0
2025-09-20,0,129,21:30-21:40,569.3725833333333,0.0,0.8553,0.8350352678571429,29.54936666666663,81.15500000000003,596.7009625000002,596.7009625000002,596.7009625000002,0.0,2.220987499999751,1308.5250231481484,0.0
2025-09-20,0,130,21:40-21:50,552.3437166666666,0.0,0.6735,0.6485125000000002,34.963383333333354,97.6725208333335,587.5130516460905,587.5130516460905,587.5130516460905,0.2059516460904989,0.0,1308.7103796296299,0.0
2025-09-20,0,131,21:50-22:00,487.31833333333327,0.0,0.3876,0.3623709821428572,23.821666666666488,97.83934166666683,511.13999999999976,511.13999999999976,511.13999999999976,0.0,0.0,1308.7103796296299,0.0
2025-09-20,0,132,22:00-22:10,473.51779999999997,0.0,0.3484,0.3272897321428573,18.96368333333328,64.37252499999991,492.48148333333324,492.48148333333324,492.48148333333324,0.0,0.0,1308.7103796296299,0.0
2025-09-20,0,133,22:10-22:20,442.2767833333333,0.0,0.3393,0.3163459821428572,26.119266666666817,45.86949166666645,1301.7293833333333,1301.7293833333333,1301.7293833333333,833.3333333333333,0.0,2058.7103796296296,0.0
2025-09-20,0,134,22:20-22:30,409.62833333333333,0.0,0.2964,0.26793169642857134,27.039999999999964,49.21582916666668,1270.0016666666666,1270.0016666666666,1270.0016666666666,833.3333333333333,0.0,2808.7103796296296,0.0
2025-09-20,0,135,22:30-22:40,465.3252,0.0,0.3697,0.34413303571428566,36.675716666666744,32.48107083333326,502.00091666666674,502.00091666666674,502.00091666666674,0.0,0.0,2808.7103796296296,0.0
2025-09-20,0,136,22:40-22:50,487.7656333333333,0.0,0.38,0.357047767857143,28.557000000000016,24.94247083333343,516.3226333333333,516.3226333333333,516.3226333333333,0.0,0.0,2808.7103796296296,0.0
2025-09-20,0,137,22:50-23:00,444.63166666666666,0.0,0.3126,0.2895022321428572,34.38499999999999,60.74817500000009,1312.35,1312.35,1312.35,833.3333333333333,0.0,3558.7103796296296,0.0
2025-09-20,0,138,23:00-23:10,425.50281666666666,0.0,0.3346,0.3147446428571429,26.72158333333323,79.68025833333321,1285.557733333333,1285.557733333333,1285.557733333333,833.3333333333333,0.0,4308.71037962963,0.0
2025-09-20,0,139,23:10-23:20,432.75236666666666,0.0,0.3473,0.3286642857142858,25.422300000000064,73.88905833333328,458.1746666666667,458.1746666666667,458.1746666666667,0.0,0.0,4308.71037962963,0.0
2025-09-20,0,140,23:20-23:30,430.0333333333333,0.0,0.3098,0.2889419642857143,31.26333333333332,54.45560833333339,1294.6299999999999,1294.6299999999999,1294.6299999999999,833.3333333333333,0.0,5058.71037962963,0.0
2025-09-20,0,141,23:30-23:40,399.46529999999996,0.0,0.299,0.27658437500000005,18.10699999999997,57.179079166666696,1250.9056333333333,1250.9056333333333,1250.9056333333333,833.3333333333333,0.0,5808.71037962963,0.0
2025-09-20,0,142,23:40-23:50,451.6256333333333,0.0,0.3507,0.32578303571428574,25.804399999999987,41.91207916666666,1310.7633666666666,1310.7633666666666,1310.7633666666666,833.3333333333333,0.0,6558.71037962963,0.0
2025-09-20,0,143,23:50-24:00,575.2666666666667,0.0,0.4278,0.4029964285714288,21.319999999999993,36.20333333333335,93.74732499999993,93.74732499999993,93.74732499999993,0.0,502.83934166666666,6000.0,0.0
2025-09-21,0,0,0:00-0:10,633.37695,0.0,0.4516,0.43530892857142867,24.70133333333331,61.09299999999995,658.0782833333333,658.0782833333333,658.0782833333333,0.0,0.0,6961.214820006613,0.0
2025-09-21,0,1,0:10-0:20,605.0722166666667,0.0,0.4221,0.40632410714285727,16.52918333333332,70.34818750000014,621.6014,621.6014,621.6014,0.0,0.0,6961.214820006613,0.0
2025-09-21,0,2,0:20-0:30,562.755,0.0,0.4034,0.3806669642857142,21.096666666666692,69.02144999999976,1417.185,1417.185,1417.185,833.3333333333333,0.0,7711.214820006613,0.0
2025-09-21,0,3,0:30-0:40,591.8320333333334,0.0,0.4571,0.43400401785714277,14.0626666666667,81.8992083333334,605.8947000000001,605.8947000000001,605.8947000000001,0.0,0.0,7711.214820006613,0.0
2025-09-21,0,4,0:40-0:50,586.2377666666666,0.0,0.4681,0.44399062499999997,26.891299999999887,81.48580833333352,613.1290666666665,613.1290666666665,613.1290666666665,0.0,0.0,7711.214820006613,0.0
2025-09-21,0,5,0:50-1:00,545.0716666666666,0.0,0.4342,0.4081379464285714,24.470000000000027,85.71967499999982,569.5416666666666,569.5416666666666,569.5416666666666,0.0,0.0,7711.214820006613,0.0
2025-09-21,0,6,1:00-1:10,571.1632666666667,0.0,0.4597,0.4383410714285713,27.336400000000026,72.08090833333324,598.4996666666667,598.4996666666667,598.4996666666667,0.0,0.0,7711.214820006613,0.0
2025-09-21,0,7,1:10-1:20,573.4346666666667,0.0,0.4491,0.42867455357142853,22.527400000000057,56.29883333333319,595.9620666666667,595.9620666666667,595.9620666666667,0.0,0.0,7711.214820006613,0.0
2025-09-21,0,8,1:20-1:30,548.3933333333333,0.0,0.4146,0.39064375,24.258333333333326,100.2677291666666,671.3018666593188,671.3018666593188,671.3018666593188,98.65019999265213,0.0,7800.0,0.0
2025-09-21,0,9,1:30-1:40,585.8396666666666,0.0,0.4681,0.44609375,21.297149999999988,84.0073803571427,607.1368166666666,607.1368166666666,607.1368166666666,0.0,0.0,7800.0,0.0
2025-09-21,0,10,1:40-1:50,602.5450166666667,0.0,0.4909,0.4717415178571428,21.178666666666686,73.77984107142831,623.7236833333334,623.7236833333334,623.7236833333334,0.0,0.0,7800.0,0.0
2025-09-21,0,11,1:50-2:00,579.8333333333333,0.0,0.4479,0.4290397321428571,17.654999999999973,84.43674999999973,597.4883333333332,597.4883333333332,597.4883333333332,0.0,0.0,7800.0,0.0
2025-09-21,0,12,2:00-2:10,584.9273166666667,0.0,0.4257,0.4059406250000001,25.68559999999991,82.0991619047617,610.6129166666666,610.6129166666666,610.6129166666666,0.0,0.0,7800.0,0.0
2025-09-21,0,13,2:10-2:20,592.5117166666666,0.0,0.4251,0.4042232142857144,22.231483333333472,61.34726249999986,614.7432000000001,614.7432000000001,614.7432000000001,0.0,0.0,7800.0,0.0
2025-09-21,0,14,2:20-2:30,579.3533333333332,0.0,0.415,0.39466116071428575,8.653333333333308,64.89766666666671,588.0066666666665,588.0066666666665,588.0066666666665,0.0,0.0,7800.0,0.0
2025-09-21,0,15,2:30-2:40,556.8948666666666,0.0,0.3785,0.3618263392857142,14.718883333333338,61.91885000000005,1404.9470833333332,1404.9470833333332,1404.9470833333332,833.3333333333333,0.0,8550.0,0.0
2025-09-21,0,16,2:40-2:50,567.0265499999999,0.0,0.3833,0.369175,23.137249999999995,69.95123333333342,1423.4971333333333,1423.4971333333333,1423.4971333333333,833.3333333333333,0.0,9300.0,0.0
2025-09-21,0,17,2:50-3:00,600.1733333333333,0.0,0.4413,0.427750892857143,15.218333333333248,66.94084702380957,615.3916666666665,615.3916666666665,615.3916666666665,0.0,0.0,9300.0,0.0
2025-09-21,0,18,3:00-3:10,604.5921,0.0,0.4891,0.4763544642857143,26.82283333333328,62.69171190476179,631.4149333333332,631.4149333333332,631.4149333333332,0.0,0.0,9300.0,0.0
2025-09-21,0,19,3:10-3:20,594.7988,0.0,0.476,0.4600745535714284,22.382826190476294,78.73607380952322,617.1816261904763,617.1816261904763,617.1816261904763,0.0,0.0,9300.0,0.0
2025-09-21,0,20,3:20-3:30,597.5933333333332,0.0,0.4428,0.4229084821428571,18.786666666666747,89.32884226190424,616.38,616.38,616.38,0.0,0.0,9300.0,0.0
2025-09-21,0,21,3:30-3:40,619.0306499999999,0.0,0.4689,0.4523044642857141,20.80838333333338,106.11050892857097,639.8390333333333,639.8390333333333,639.8390333333333,0.0,0.0,9300.0,0.0
2025-09-21,0,22,3:40-3:50,606.1454666666666,0.0,0.4472,0.43275089285714285,14.47267619047625,84.50321904761896,620.6181428571429,620.6181428571429,620.6181428571429,0.0,0.0,9300.0,0.0
2025-09-21,0,23,3:50-4:00,588.02,0.0,0.3932,0.37643080357142844,23.11166666666668,50.88229761904719,1444.465,1444.465,1444.465,833.3333333333333,0.0,10050.0,0.0
2025-09-21,0,24,4:00-4:10,639.9982833333333,0.00014047619047619046,0.4316,0.4135852678571427,20.923178571428593,37.780292857142626,660.9213214285714,660.9213214285714,660.9213214285714,0.0,0.0,10050.0,0.0
2025-09-21,0,25,4:10-4:20,643.0301,0.00015476190476190478,0.4516,0.4368758928571429,30.423740476190574,67.17771309523798,673.4536857142857,673.4536857142857,673.4536857142857,0.0,0.0,10050.0,0.0
2025-09-21,0,26,4:20-4:30,600.2116666666666,0.0,0.4367,0.4256718750000001,20.533333333333303,96.64966845238095,620.7449999999999,620.7449999999999,620.7449999999999,0.0,0.0,10050.0,0.0
2025-09-21,0,27,4:30-4:40,631.0801333333333,0.0021476190476190475,0.4762,0.46235178571428565,26.371380952380946,110.61215059523802,657.4493666666666,657.4493666666666,657.4493666666666,0.0,0.0,10050.0,0.0
2025-09-21,0,28,4:40-4:50,639.1820499999999,0.002254761904761905,0.4673,0.45305044642857134,18.313695238095306,148.75345416666644,657.4934904761905,657.4934904761905,657.4934904761905,0.0,0.0,10050.0,0.0
2025-09-21,0,29,4:50-5:00,596.8149999999999,0.0,0.4197,0.40754419642857137,16.601666666666688,159.86042738095227,613.4166666666666,613.4166666666666,613.4166666666666,0.0,0.0,10050.0,0.0
2025-09-21,0,30,5:00-5:10,585.1415833333333,0.029923809523809523,0.4516,0.43657812500000004,18.15904523809536,211.664259523809,603.2707047619049,603.2707047619049,603.2707047619049,0.0,0.0,10050.0,0.0
2025-09-21,0,31,5:10-5:20,619.6395666666666,0.03141904761904761,0.4717,0.46198080357142846,19.61519999999996,308.250426190476,639.2233476190476,639.2233476190476,639.2233476190476,0.0,0.0,10050.0,0.0
2025-09-21,0,32,5:20-5:30,638.8916666666667,0.0,0.4213,0.4221165178571429,32.19148809523813,422.88369583333315,671.0831547619048,671.0831547619048,671.0831547619048,0.0,0.0,10050.0,0.0
2025-09-21,0,33,5:30-5:40,584.9460166666667,0.41679761904761903,0.3795,0.3797656250000001,24.95306190476191,496.993333333333,1442.8156142857142,1442.8156142857142,1442.8156142857142,833.3333333333333,0.0,10800.0,0.0
2025-09-21,0,34,5:40-5:50,638.5024166666667,0.6959690476190477,0.6091,0.6122915178571428,26.829340476190453,529.8334220238091,664.6357880952381,664.6357880952381,664.6357880952381,0.0,-0.0,10800.0,0.0
2025-09-21,0,35,5:50-6:00,776.0566666666666,9.850892857142856,0.9649,0.9775638392857141,41.587619047619114,524.1152874999997,0.0,0.0,0.0,0.0,807.7933928571429,9902.451785714286,0.0
2025-09-21,0,36,6:00-6:10,789.8556333333332,46.30466428571428,1.0069,1.0221482142857146,40.14623095238096,530.4052726190473,0.0,0.0,0.0,0.0,783.6972,9031.67711904762,0.0
2025-09-21,0,37,6:10-6:20,786.87585,93.0444880952381,0.9197,0.929524107142857,33.265861904761834,568.2716392857143,0.0,0.0,0.0,0.0,727.0972238095238,8223.791314814815,0.0
2025-09-21,0,38,6:20-6:30,811.4416666666666,140.25267857142853,0.8676,0.872049107142857,36.01303571428576,595.8986874999999,0.0,0.0,0.0,0.0,707.2020238095238,7438.0112883597885,0.0
2025-09-21,0,39,6:30-6:40,793.8021999999999,190.67791190476186,0.8341,0.8414401785714285,42.862240476190465,575.5582261904761,0.0,0.0,0.0,0.0,645.9865285714284,6720.248478835979,0.0
2025-09-21,0,40,6:40-6:50,781.7387,240.28851428571426,0.8039,0.8087245535714285,49.55339999999998,673.6154291666664,0.0,0.0,0.0,0.0,591.0035857142857,6063.577828042328,0.0
2025-09-21,0,41,6:50-7:00,782.73,290.4633928571428,0.7783,0.7772924107142858,51.21244047619041,730.5755732142854,0.0,0.0,0.0,0.0,543.4790476190476,5459.71221957672,0.0
2025-09-21,0,42,7:00-7:10,757.5380499999999,346.31517142857143,0.768,0.7731924107142855,52.02557380952362,709.3440988095238,353.12763988095264,353.12763988095264,353.12763988095264,0.0,110.12081249999946,5337.355761243387,0.0
2025-09-21,0,43,7:10-7:20,761.0415833333333,399.42972857142854,0.7647,0.7722513392857143,59.905659523809504,700.2256190476191,421.51751428571424,421.51751428571424,421.51751428571424,0.0,0.0,5337.355761243387,0.0
2025-09-21,0,44,7:20-7:30,779.2049999999999,451.3866071428571,0.7138,0.7149669642857139,65.41297619047607,724.1839351190476,393.23136904761895,393.23136904761895,393.23136904761895,0.0,0.0,5337.355761243387,0.0
2025-09-21,0,45,7:30-7:40,764.6651499999999,512.8636952380953,0.6145,0.6115718750000001,67.51219047619054,718.2386821428571,1152.6469785714285,1152.6469785714285,1152.6469785714285,833.3333333333333,0.0,6087.355761243387,0.0
2025-09-21,0,46,7:40-7:50,896.4074,577.1870571428572,0.8212,0.8155727678571428,53.31222142857132,698.9970988095239,0.0,0.0,0.0,0.0,372.5325642857142,5673.430689814815,0.0
2025-09-21,0,47,7:50-8:00,1109.6399999999999,634.9160714285715,1.1977,1.1906558035714283,54.37446428571428,671.7033696428571,0.0,0.0,0.0,0.0,529.0983928571427,5085.543586640212,0.0
2025-09-21,0,48,8:00-8:10,1134.6867499999998,681.833138095238,1.2213,1.2164214285714288,66.28570476190468,648.835006547619,0.0,0.0,0.0,0.0,519.1393166666666,4508.722123677249,0.0
2025-09-21,0,49,8:10-8:20,1083.7315333333331,727.2729428571429,1.1308,1.127879910714286,71.46972857142873,612.1806499999998,0.0,0.0,0.0,0.0,427.92831904761897,4033.2462136243394,0.0
2025-09-21,0,50,8:20-8:30,1073.1716666666666,773.399107142857,1.123,1.1198763392857145,80.69797619047625,648.5856422619042,0.0,0.0,0.0,0.0,380.4705357142859,3610.5011739417996,0.0
2025-09-21,0,51,8:30-8:40,1104.0005333333334,815.1253571428571,1.1465,1.142158928571428,80.91542380952387,645.0683226190478,0.0,0.0,0.0,0.0,369.79060000000015,3199.622729497355,0.0
2025-09-21,0,52,8:40-8:50,1098.725,860.1581714285713,1.119,1.1125919642857143,76.81365714285721,578.3091577380953,0.0,0.0,0.0,0.0,315.3804857142858,2849.199967592593,0.0
2025-09-21,0,53,8:50-9:00,1072.1716666666666,911.1312499999999,1.0615,1.053740625,110.09089285714305,577.9131541666666,0.0,0.0,0.0,0.0,271.1313095238097,2547.942957010582,0.0
2025-09-21,0,54,9:00-9:10,1101.98725,962.1854761904762,1.0615,1.0547495535714286,91.39029761904749,608.920575595239,0.0,0.0,0.0,0.0,231.19207142857124,2291.062877645503,0.0
2025-09-21,0,55,9:10-9:20,1080.9455666666665,1007.6499166666667,1.0424,1.0342629464285715,89.85923333333342,620.8501613095234,0.0,0.0,0.0,0.0,163.15488333333315,2109.7796739417995,0.0
2025-09-21,0,56,9:20-9:30,1023.995,1055.9241071428573,0.984,0.9757071428571429,100.4824404761905,588.8817613095243,0.0,0.0,0.0,0.0,68.55333333333328,2033.609303571429,0.0
2025-09-21,0,57,9:30-9:40,1062.0960666666665,1118.486638095238,0.9543,0.9514218749999998,103.69031428571436,577.3077797619051,0.0,0.0,0.0,0.0,47.299742857142746,1981.0540337301593,0.0
2025-09-21,0,58,9:40-9:50,1114.8101666666666,1164.9196690476188,0.9763,0.9536174107142855,98.72694523809514,602.1060672619047,0.0,0.0,0.0,0.0,48.61744285714303,1927.034652777778,0.0
2025-09-21,0,59,9:50-10:00,1115.1999999999998,1188.5812500000002,1.0089,0.9493258928571429,100.93904761904741,620.0386833333331,0.0,0.0,0.0,0.0,27.55779761904705,1896.4148776455036,0.0
2025-09-21,0,60,10:00-10:10,1075.5752166666666,1214.034188095238,0.9824,0.9115848214285717,96.33378809523781,626.7733898809531,0.0,0.0,0.0,42.12518333333355,0.0,1934.3275426455039,0.0
2025-09-21,0,61,10:10-10:20,1050.1533,1252.5329714285713,0.9204,0.8540633928571427,90.83749047619062,657.7186196428577,0.0,0.0,0.0,111.5421809523807,0.0,2034.7155055026465,0.0
2025-09-21,0,62,10:20-10:30,1052.355,1299.9089285714285,0.8812,0.815539732142857,98.96857142857152,661.5743250000004,0.0,0.0,0.0,148.585357142857,0.0,2168.442326931218,0.0
2025-09-21,0,63,10:30-10:40,1056.1376833333334,1341.5797857142857,0.8796,0.8057267857142861,102.40292142857169,679.3313952380951,0.0,0.0,0.0,183.03918095238055,0.0,2333.1775897883604,0.0
2025-09-21,0,64,10:40-10:50,1077.36225,1368.6173238095237,0.7264,0.6693638392857141,109.78004285714292,665.7911333333332,0.0,0.0,0.0,181.47503095238085,0.0,2496.505117645503,0.0
2025-09-21,0,65,10:50-11:00,1089.7116666666666,1383.5607142857143,0.4728,0.4475491071428571,97.4755357142858,656.6690422619051,636.9598214285713,636.9598214285713,636.9598214285713,833.3333333333333,0.0,3246.505117645503,0.0
2025-09-21,0,66,11:00-11:10,1049.27565,1395.3984738095237,0.3874,0.36275357142857156,79.50212857142878,683.1991696428574,566.7126380952384,566.7126380952384,566.7126380952384,833.3333333333333,0.0,3996.505117645503,0.0
2025-09-21,0,67,11:10-11:20,1049.0566999999999,1399.8471571428572,0.4412,0.4096044642857143,90.40529523809516,712.1305767857145,572.948171428571,572.948171428571,572.948171428571,833.3333333333333,0.0,4746.505117645504,0.0
2025-09-21,0,68,11:20-11:30,1090.6,1403.5482142857145,0.5143,0.4854468749999998,101.29113095238085,771.1684404761907,0.0,0.0,0.0,211.65708333333373,0.0,4936.996492645504,0.0
2025-09-21,0,69,11:30-11:40,1078.0457166666665,1417.694883333333,0.5122,0.48810625,83.78088095238081,820.7323244047622,0.0,0.0,0.0,255.86828571428578,0.0,5167.277949788361,0.0
2025-09-21,0,70,11:40-11:50,1030.96725,1416.0826809523808,0.4894,0.46317767857142844,101.12643095238067,850.7049220238105,549.344333333333,549.344333333333,549.344333333333,833.3333333333333,0.0,5917.277949788361,0.0
2025-09-21,0,71,11:50-12:00,998.5433333333333,1404.0178571428569,0.4727,0.4421013392857142,105.5095238095239,868.288211309524,533.3683333333336,533.3683333333336,533.3683333333336,833.3333333333333,0.0,6667.277949788361,0.0
2025-09-21,0,72,12:00-12:10,1008.6786333333332,1415.2950952380952,0.4455,0.420516517857143,125.58225238095235,877.9981071428573,552.2991238095235,552.2991238095235,552.2991238095235,833.3333333333333,0.0,7417.277949788361,0.0
2025-09-21,0,73,12:10-12:20,1009.2271833333332,1433.7494666666664,0.4726,0.4521325892857143,102.84511428571432,878.1386208333331,511.65616428571434,511.65616428571434,511.65616428571434,833.3333333333333,0.0,8167.277949788361,0.0
2025-09-21,0,74,12:20-12:30,984.5450000000001,1433.8705357142856,0.4884,0.4647183035714284,93.82970238095243,819.6796035714287,473.9138796002328,473.9138796002328,473.9138796002328,829.409712933566,0.0,8913.74669142857,0.0
2025-09-21,0,75,12:30-12:40,974.8200499999999,1405.1340714285716,0.3939,0.3636656249999999,102.07584047619025,774.6339011904747,505.09515238095196,505.09515238095196,505.09515238095196,833.3333333333333,0.0,9663.74669142857,0.0
2025-09-21,0,76,12:40-12:50,1014.5868499999999,1380.8361714285713,0.5384,0.5048214285714285,67.35545000000008,888.496697023808,0.0,0.0,0.0,298.8938714285714,0.0,9932.751175714286,0.0
2025-09-21,0,77,12:50-13:00,1069.2199999999998,1365.5124999999998,0.8537,0.8220964285714288,73.7593452380952,954.5283511904745,0.0,0.0,0.0,222.53315476190483,0.0,10133.031015,0.0
2025-09-21,0,78,13:00-13:10,1064.7602499999998,1335.5256857142858,0.8911,0.8628419642857145,82.41580952380961,950.7812678571411,0.0,0.0,0.0,188.34962619047633,0.0,10302.545678571429,0.0
2025-09-21,0,79,13:10-13:20,1037.6117166666666,1311.621559523809,0.797,0.7651196428571431,76.20370238095241,861.5121601190464,0.0,0.0,0.0,197.8061404761902,0.0,10480.571205,0.0
2025-09-21,0,80,13:20-13:30,1034.215,1289.0241071428572,0.7645,0.7292441964285713,58.1229166666667,765.7511130952372,0.0,0.0,0.0,196.68619047619063,0.0,10657.588776428573,0.0
2025-09-21,0,81,13:30-13:40,1067.6539166666666,1240.716338095238,0.839,0.8123995535714285,79.62093333333323,668.3263214285705,0.0,0.0,0.0,93.44148809523813,0.0,10741.686115714287,0.0
2025-09-21,0,82,13:40-13:50,1092.1370333333332,1197.3372047619048,0.9105,0.8702147321428572,74.7460642857144,646.0114273809515,0.0,0.0,0.0,30.45410714285731,0.0,10769.094812142857,0.0
2025-09-21,0,83,13:50-14:00,1078.8466666666666,1168.067857142857,0.9343,0.8639321428571433,88.4495238095238,644.902873809523,0.0,0.0,0.0,0.7716666666667606,0.0,10769.789312142857,0.0
2025-09-21,0,84,14:00-14:10,1041.101133333333,1133.2674904761902,0.9551,0.8811245535714285,64.42814523809523,575.2154428571421,0.0,0.0,0.0,27.73821190476201,0.0,10794.753702857142,0.0
2025-09-21,0,85,14:10-14:20,1031.6950166666666,1102.1277047619049,0.9627,0.8944973214285717,64.603469047619,565.227298214285,0.0,0.0,0.0,5.82921904761929,0.0,10800.0,0.0
2025-09-21,0,86,14:20-14:30,1042.3783333333333,1068.7955357142855,0.9777,0.9064741071428573,77.20821428571449,531.3362124999992,0.0,0.0,0.0,0.0,50.7910119047624,10743.565542328042,0.0
2025-09-21,0,87,14:30-14:40,1023.3950499999999,1016.0283142857143,1.0118,0.932470982142857,73.68388333333328,452.2940928571422,0.0,0.0,0.0,0.0,81.05061904761897,10653.509298941799,0.0
2025-09-21,0,88,14:40-14:50,1036.5927499999998,969.9331999999999,0.8782,0.8173,55.63592857142879,410.98324464285594,0.0,0.0,0.0,0.0,122.2954785714287,10517.625433862433,0.0
2025-09-21,0,89,14:50-15:00,1066.8866666666665,929.1008928571428,0.6654,0.6412977678571428,59.331845238095184,377.6199946428563,510.8671369782489,510.8671369782489,510.8671369782489,313.7495179306299,0.0,10800.0,0.0
2025-09-21,0,90,15:00-15:10,1038.8875333333333,867.1435499999999,0.6747,0.663538392857143,51.981314285714234,306.78555595238066,223.72529761904764,223.72529761904764,223.72529761904764,0.0,0.0,10800.0,0.0
2025-09-21,0,91,15:10-15:20,1051.29695,810.7433952380952,0.7576,0.7430151785714285,57.20933809523814,283.07031666666603,297.7628928571428,297.7628928571428,297.7628928571428,0.0,0.0,10800.0,0.0
2025-09-21,0,92,15:20-15:30,1085.395,767.8089285714284,0.7785,0.7596924107142856,76.39571428571412,224.48407023809486,393.9817857142857,393.9817857142857,393.9817857142857,0.0,0.0,10800.0,0.0
2025-09-21,0,93,15:30-15:40,1030.0805333333333,720.2748619047618,0.7542,0.7379642857142859,57.72837619047647,226.32773511904688,367.5340476190479,367.5340476190479,367.5340476190479,0.0,0.0,10800.0,0.0
2025-09-21,0,94,15:40-15:50,1043.0318333333332,675.4053523809523,0.7934,0.7819812499999997,51.430788095238256,201.3737624999995,419.05726904761923,419.05726904761923,419.05726904761923,0.0,0.0,10800.0,0.0
2025-09-21,0,95,15:50-16:00,1120.7833333333333,632.6589285714285,0.8732,0.8632861607142851,49.508095238095166,200.37289523809483,537.6324999999999,537.6324999999999,537.6324999999999,0.0,-0.0,10800.0,0.0
2025-09-21,0,96,16:00-16:10,1095.2864333333332,580.9179904761904,0.8693,0.8563888392857145,58.54359047619039,216.93725654761894,572.912033333333,572.912033333333,572.912033333333,0.0,0.0,10800.0,0.0
2025-09-21,0,97,16:10-16:20,1056.2104333333332,524.60795,0.8593,0.8467214285714285,67.71999047619045,185.95437976190468,599.3224738095238,599.3224738095238,599.3224738095238,0.0,0.0,10800.0,0.0
2025-09-21,0,98,16:20-16:30,1059.4066666666665,469.20714285714286,0.8938,0.8844196428571428,58.279940476190745,146.40242083333317,648.4794642857144,648.4794642857144,648.4794642857144,0.0,-0.0,10800.0,0.0
2025-09-21,0,99,16:30-16:40,1066.7638666666667,415.74545238095243,0.9443,0.933260267857143,45.864145238095375,128.5969738095237,696.8825595238095,696.8825595238095,696.8825595238095,0.0,-0.0,10800.0,0.0
2025-09-21,0,100,16:40-16:50,1067.9330333333332,359.69710714285713,0.9855,0.972961160714286,43.381376190475976,121.60887440476205,751.6173023809521,751.6173023809521,751.6173023809521,0.0,-0.0,10800.0,0.0
2025-09-21,0,101,16:50-17:00,1072.1666666666665,301.3169642857143,1.0164,1.0058553571428568,60.655178571428564,107.49971547619018,831.504880952381,831.504880952381,831.504880952381,0.0,-0.0,10800.0,0.0
2025-09-21,0,102,17:00-17:10,1088.3845999999999,245.78555714285713,1.0502,1.0426361607142858,49.7190047619049,90.26984642857127,892.3180476190477,892.3180476190477,892.3180476190477,0.0,0.0,10800.0,0.0
2025-09-21,0,103,17:10-17:20,1081.0598166666666,193.43383809523806,1.065,1.0557218750000001,40.56485476190471,86.77733988095235,928.1908333333331,928.1908333333331,928.1908333333331,0.0,0.0,10800.0,0.0
2025-09-21,0,104,17:20-17:30,1073.895,143.1848214285714,1.0585,1.044739732142857,41.53416666666669,87.9341297619045,972.2443452380953,972.2443452380953,972.2443452380953,0.0,0.0,10800.0,0.0
2025-09-21,0,105,17:30-17:40,1103.0665833333333,93.98982619047621,1.0698,1.0567178571428573,43.159847619047696,58.975841071428306,1052.2366047619048,1052.2366047619048,1052.2366047619048,0.0,-0.0,10800.0,0.0
2025-09-21,0,106,17:40-17:50,985.93625,45.89255238095238,1.186,1.1774035714285709,28.293514285714423,56.68911071428553,968.3372119047621,968.3372119047621,968.3372119047621,0.0,0.0,10800.0,0.0
2025-09-21,0,107,17:50-18:00,783.8716666666666,9.82857142857143,1.3403,1.336794642857143,29.599226190476315,72.12882619047616,0.0,0.0,0.0,0.0,803.6423214285714,9907.064087301587,0.0
2025-09-21,0,108,18:00-18:10,763.1734166666666,0.698995238095238,1.3642,1.363175892857143,21.855611904761872,75.21995297619048,0.0,0.0,0.0,0.0,784.3300333333333,9035.586272486773,0.0
2025-09-21,0,109,18:10-18:20,816.25085,0.39505476190476196,1.3398,1.3332584821428572,29.47711190476184,52.06738928571434,11.999573809523781,11.999573809523781,11.999573809523781,0.0,833.3333333333333,8109.660346560847,0.0
2025-09-21,0,110,18:20-18:30,836.8883333333333,0.0,1.3196,1.3051566964285715,47.64833333333331,43.817179166666534,51.203333333333376,51.203333333333376,51.203333333333376,0.0,833.3333333333333,7183.734420634921,0.0
2025-09-21,0,111,18:30-18:40,821.1259166666666,0.03193095238095238,1.2814,1.265129464285714,23.536873809523968,78.9355232142855,11.297526190476333,11.297526190476333,11.297526190476333,0.0,833.3333333333333,6257.808494708995,0.0
2025-09-21,0,112,18:40-18:50,782.7864333333333,0.02836190476190476,1.2796,1.2429125000000005,25.116140476190424,78.31391726190472,807.8742119047619,807.8742119047619,807.8742119047619,0.0,0.0,6257.808494708995,0.0
2025-09-21,0,113,18:50-19:00,768.9916666666666,0.0,1.3161,1.2505075892857145,34.21833333333336,59.237160714285636,803.2099999999999,803.2099999999999,803.2099999999999,0.0,0.0,6257.808494708995,0.0
2025-09-21,0,114,19:00-19:10,817.9143,0.0022904761904761904,1.3305,1.2643205357142857,29.49231428571443,83.78185595238068,14.070990476190673,14.070990476190673,14.070990476190673,0.0,833.3333333333333,5331.882568783069,0.0
2025-09-21,0,115,19:10-19:20,818.4880333333333,0.0020357142857142857,1.305,1.2392674107142858,31.901666666666642,92.17265952380922,850.3876642857142,850.3876642857142,850.3876642857142,0.0,0.0,5331.882568783069,0.0
2025-09-21,0,116,19:20-19:30,764.9649999999999,0.0,1.2711,1.1966089285714285,17.02166666666676,65.3934279761902,781.9866666666667,781.9866666666667,781.9866666666667,0.0,0.0,5331.882568783069,0.0
2025-09-21,0,117,19:30-19:40,764.2959999999999,0.00015714285714285713,1.2819,1.207165625,30.820128571428768,51.706338095237896,795.1159714285716,795.1159714285716,795.1159714285716,0.0,0.0,5331.882568783069,0.0
2025-09-21,0,118,19:40-19:50,802.3447333333334,0.00013333333333333329,1.3265,1.2556433035714287,14.943697619047612,56.71836785714302,466.0752541666673,466.0752541666673,466.0752541666673,0.0,351.2130434523803,4941.645853835979,0.0
2025-09-21,0,119,19:50-20:00,831.9316666666666,0.0,1.3713,1.302989732142857,21.351666666666574,46.92264047619054,19.949999999999932,19.949999999999932,19.949999999999932,0.0,833.3333333333333,4015.7199279100532,0.0
2025-09-21,0,120,20:00-20:10,820.1012166666666,0.0,1.3811,1.3135669642857142,23.35368333333338,46.78996071428577,10.121566666666695,10.121566666666695,10.121566666666695,0.0,833.3333333333333,3089.794001984127,0.0
2025-09-21,0,121,20:10-20:20,794.7817666666666,0.0,1.3413,1.2730790178571432,28.095197619047553,59.571014880952276,0.0,0.0,0.0,0.0,822.8769642857142,2175.486263888889,0.0
2025-09-21,0,122,20:20-20:30,780.6133333333333,0.0,1.31,1.239082142857143,17.79166666666663,78.59991249999999,798.405,798.405,798.405,0.0,0.0,2175.486263888889,0.0
2025-09-21,0,123,20:30-20:40,786.88825,0.0,1.344,1.2721834821428575,27.468583333333413,57.23342499999961,0.0,0.0,0.0,0.0,814.3568333333334,1270.6453379629627,0.0
2025-09-21,0,124,20:40-20:50,832.1804833333333,0.0,1.2387,1.191103125,24.408333333333417,63.58080416666641,856.5888166666667,856.5888166666667,856.5888166666667,0.0,0.0,1270.6453379629627,0.0
2025-09-21,0,125,20:50-21:00,859.8266666666666,0.0,1.0238,1.0084004464285714,27.834999999999923,63.49330833333309,932.4921656378602,932.4921656378602,932.4921656378602,44.83049897119372,0.0,1310.992787037037,0.0
2025-09-21,0,126,21:00-21:10,789.3782666666666,0.0,0.9493,0.9307687500000001,14.344900000000052,99.89350833333324,803.7231666666667,803.7231666666667,803.7231666666667,0.0,0.0,1310.992787037037,0.0
2025-09-21,0,127,21:10-21:20,750.5223666666667,0.0,0.9516,0.926366964285714,26.428916666666737,77.73270000000002,776.9512833333334,776.9512833333334,776.9512833333334,0.0,0.0,1310.992787037037,0.0
2025-09-21,0,128,21:20-21:30,795.0933333333334,0.0,0.9808,0.9602,22.85833333333335,80.32114583333322,817.9516666666667,817.9516666666667,817.9516666666667,0.0,0.0,1310.992787037037,0.0
2025-09-21,0,129,21:30-21:40,834.0772166666667,0.0,1.0167,0.9956745535714285,29.54936666666663,81.11916666666667,862.0956000000001,862.0956000000001,862.0956000000001,0.0,1.530983333333188,1309.2916944444446,0.0
2025-09-21,0,130,21:40-21:50,748.818,0.0,0.7939,0.7702178571428571,34.963383333333354,98.36252500000009,783.9652465020575,783.9652465020575,783.9652465020575,0.18386316872415084,0.0,1309.4571712962963,0.0
2025-09-21,0,131,21:50-22:00,614.5983333333334,0.0,0.4466,0.42288526785714275,23.821666666666488,98.51145416666674,638.4199999999998,638.4199999999998,638.4199999999998,0.0,0.0,1309.4571712962963,0.0
2025-09-21,0,132,22:00-22:10,626.1157,0.0,0.4081,0.38684330357142865,18.96368333333328,64.33669166666655,1478.4127166666665,1478.4127166666665,1478.4127166666665,833.3333333333333,0.0,2059.457171296296,0.0
2025-09-21,0,133,22:10-22:20,661.1521666666666,0.0,0.472,0.44905133928571433,26.119266666666817,48.64012083333316,687.2714333333334,687.2714333333334,687.2714333333334,0.0,0.0,2059.457171296296,0.0
2025-09-21,0,134,22:20-22:30,631.02,0.0,0.4715,0.4441799107142857,27.183333333333394,49.90583333333328,658.2033333333334,658.2033333333334,658.2033333333334,0.0,0.0,2059.457171296296,0.0
2025-09-21,0,135,22:30-22:40,574.2250333333333,0.0,0.445,0.4185366071428573,34.961766666666676,34.59987083333334,609.1868,609.1868,609.1868,0.0,0.0,2059.457171296296,0.0
2025-09-21,0,136,22:40-22:50,573.7008666666666,0.0,0.4357,0.41051383928571417,26.937599999999975,32.996620833333395,1433.9717999999998,1433.9717999999998,1433.9717999999998,833.3333333333333,0.0,2809.457171296296,0.0
2025-09-21,0,137,22:50-23:00,619.3233333333333,0.0,0.4419,0.4173772321428572,34.38499999999999,68.51027499999998,865.4225874485599,865.4225874485599,865.4225874485599,211.71425411522654,0.0,3000.0,0.0
2025-09-21,0,138,23:00-23:10,629.6754166666666,0.0,0.4375,0.4167285714285713,24.041433333333316,91.35691249999982,1487.0501833333333,1487.0501833333333,1487.0501833333333,833.3333333333333,0.0,3750.0,0.0
2025-09-21,0,139,23:10-23:20,646.1125333333333,0.0,0.4664,0.44720892857142847,14.333683333333397,84.97767499999995,660.4462166666667,660.4462166666667,660.4462166666667,0.0,0.0,3750.0,0.0
2025-09-21,0,140,23:20-23:30,658.5133333333333,0.0,0.4896,0.46897410714285714,31.26333333333332,52.90487500000003,689.7766666666666,689.7766666666666,689.7766666666666,0.0,0.0,3750.0,0.0
2025-09-21,0,141,23:30-23:40,609.0389,0.0,0.42,0.3989647321428572,18.10699999999997,55.72756250000003,1460.4792333333332,1460.4792333333332,1460.4792333333332,833.3333333333333,0.0,4500.0,0.0
2025-09-21,0,142,23:40-23:50,578.66495,0.0,0.3774,0.3539866071428571,26.942216666666695,40.3613458333333,1438.9405,1438.9405,1438.9405,833.3333333333333,0.0,5250.0,0.0
2025-09-21,0,143,23:50-24:00,603.9466666666666,0.0,0.4168,0.39253571428571427,22.97166666666658,34.55166666666676,1460.2516666666666,1460.2516666666666,1460.2516666666666,833.3333333333333,0.0,6000.0,0.0
2025-09-22,0,0,0:00-0:10,633.5503333333334,0.0,0.4724,0.4559446428571428,24.70133333333331,58.05121250000009,658.2516666666667,658.2516666666667,658.2516666666667,0.0,0.0,6947.566941904767,0.0
2025-09-22,0,1,0:10-0:20,590.9096833333333,0.0,0.4671,0.4511205357142858,14.797366666666676,68.24296250000023,605.70705,605.70705,605.70705,0.0,0.0,6947.566941904767,0.0
2025-09-22,0,2,0:20-0:30,534.2833333333333,0.0,0.4252,0.4027741071428571,21.096666666666692,51.23110416666677,1388.7133333333331,1388.7133333333331,1388.7133333333331,833.3333333333333,0.0,7697.566941904767,0.0
2025-09-22,0,3,0:30-0:40,594.0681666666667,0.0,0.4368,0.4145986607142857,14.0626666666667,66.79652083333349,608.1308333333334,608.1308333333334,608.1308333333334,0.0,0.0,7697.566941904767,0.0
2025-09-22,0,4,0:40-0:50,634.6648,0.0,0.4478,0.4244316964285713,26.891299999999887,73.49080000000008,661.5560999999999,661.5560999999999,661.5560999999999,0.0,0.0,7697.566941904767,0.0
2025-09-22,0,5,0:50-1:00,599.5016666666667,0.0,0.4413,0.41500223214285725,25.5383333333333,71.20950416666653,625.04,625.04,625.04,0.0,0.0,7697.566941904767,0.0
2025-09-22,0,6,1:00-1:10,565.5406499999999,0.0,0.4588,0.43624999999999997,27.336400000000026,77.9190041666665,592.8770499999999,592.8770499999999,592.8770499999999,0.0,0.0,7697.566941904767,0.0
2025-09-22,0,7,1:10-1:20,555.55455,0.0,0.4796,0.45825491071428565,16.655900000000088,42.65183333333337,572.21045,572.21045,572.21045,0.0,0.0,7697.566941904767,0.0
2025-09-22,0,8,1:20-1:30,576.015,0.0,0.4758,0.4519901785714286,24.258333333333326,82.87517499999987,600.2733333333333,600.2733333333333,600.2733333333333,0.0,0.0,7697.566941904767,0.0
2025-09-22,0,9,1:30-1:40,618.7072499999999,0.0,0.4451,0.423486607142857,15.631066666666698,87.84251011904746,634.3383166666666,634.3383166666666,634.3383166666666,0.0,0.0,7697.566941904767,0.0
2025-09-22,0,10,1:40-1:50,624.6411833333333,0.0,0.4427,0.4238611607142858,21.178666666666686,68.39231785714279,645.81985,645.81985,645.81985,0.0,0.0,7697.566941904767,0.0
2025-09-22,0,11,1:50-2:00,599.9366666666666,0.0,0.4642,0.4453450892857142,17.654999999999973,80.68498333333318,617.5916666666666,617.5916666666666,617.5916666666666,0.0,0.0,7697.566941904767,0.0
2025-09-22,0,12,2:00-2:10,603.47075,0.0,0.4557,0.43500491071428576,25.68559999999991,75.81830535714283,629.1563499999999,629.1563499999999,629.1563499999999,0.0,0.0,7697.566941904767,0.0
2025-09-22,0,13,2:10-2:20,596.6320499999999,0.0,0.4572,0.43535714285714294,21.810133333333283,60.357485119047595,618.4421833333332,618.4421833333332,618.4421833333332,0.0,0.0,7697.566941904767,0.0
2025-09-22,0,14,2:20-2:30,575.8316666666666,0.0,0.4667,0.44694151785714287,12.226666666666688,60.5729291666666,588.0583333333333,588.0583333333333,588.0583333333333,0.0,0.0,7697.566941904767,0.0
2025-09-22,0,15,2:30-2:40,579.8300666666667,0.0,0.4405,0.42628883928571426,17.55453333333344,59.519716666666596,597.3846000000001,597.3846000000001,597.3846000000001,0.0,0.0,7697.566941904767,0.0
2025-09-22,0,16,2:40-2:50,577.6303666666666,0.0,0.4324,0.41976250000000004,22.700733333333346,69.77936250000005,600.3311,600.3311,600.3311,0.0,0.0,7697.566941904767,0.0
2025-09-22,0,17,2:50-3:00,562.0483333333333,0.0,0.4508,0.43626874999999987,15.218333333333248,65.00293630952396,577.2666666666665,577.2666666666665,577.2666666666665,0.0,0.0,7697.566941904767,0.0
2025-09-22,0,18,3:00-3:10,562.6837666666667,0.0,0.4497,0.43660803571428575,29.25638333333336,59.30776428571427,591.94015,591.94015,591.94015,0.0,0.0,7697.566941904767,0.0
2025-09-22,0,19,3:10-3:20,587.5720166666666,0.0,0.4441,0.42906026785714274,23.870307142857087,72.96070714285717,611.4423238095237,611.4423238095237,611.4423238095237,0.0,0.0,7697.566941904767,0.0
2025-09-22,0,20,3:20-3:30,615.1266666666667,0.0,0.4512,0.4319156249999999,16.63833333333332,61.03827857142858,631.765,631.765,631.765,0.0,0.0,7697.566941904767,0.0
2025-09-22,0,21,3:30-3:40,612.6985999999999,0.0,0.4663,0.4490723214285714,20.80838333333338,73.85275357142835,633.5069833333333,633.5069833333333,633.5069833333333,0.0,0.0,7697.566941904767,0.0
2025-09-22,0,22,3:40-3:50,598.03905,0.0,0.4535,0.43850446428571405,14.47267619047625,59.48219523809523,612.5117261904762,612.5117261904762,612.5117261904762,0.0,0.0,7697.566941904767,0.0
2025-09-22,0,23,3:50-4:00,592.0133333333333,0.0,0.4167,0.4005397321428572,23.11166666666668,38.30082916666635,1448.4583333333333,1448.4583333333333,1448.4583333333333,833.3333333333333,0.0,8447.566941904766,0.0
2025-09-22,0,24,4:00-4:10,600.3882,0.00019761904761904763,0.3984,0.38093348214285694,19.524783333333346,36.091638095237954,1453.246119047619,1453.246119047619,1453.246119047619,833.3333333333333,0.0,9197.566941904766,0.0
2025-09-22,0,25,4:10-4:20,608.0981166666666,5.714285714285714e-05,0.4039,0.3896973214285713,30.423740476190574,60.66938571428557,1471.8551333333332,1471.8551333333332,1471.8551333333332,833.3333333333333,0.0,9947.566941904766,0.0
2025-09-22,0,26,4:20-4:30,608.005,0.0,0.437,0.4267272321428571,24.040000000000077,83.2070553571427,632.0450000000001,632.0450000000001,632.0450000000001,0.0,0.0,9947.566941904766,0.0
2025-09-22,0,27,4:30-4:40,606.3580833333333,0.002954761904761905,0.4921,0.4783267857142858,24.950066666666714,114.63869940476194,631.3051952380953,631.3051952380953,631.3051952380953,0.0,0.0,9947.566941904766,0.0
2025-09-22,0,28,4:40-4:50,609.8493166666666,0.0009023809523809524,0.4945,0.4796058035714285,16.125814285714284,120.63867083333336,625.9742285714284,625.9742285714284,625.9742285714284,0.0,0.0,9947.566941904766,0.0
2025-09-22,0,29,4:50-5:00,602.5483333333333,0.0,0.4439,0.43070312500000013,16.444999999999936,115.80447797619036,618.9933333333332,618.9933333333332,618.9933333333332,0.0,0.0,9947.566941904766,0.0
2025-09-22,0,30,5:00-5:10,567.9260999999999,0.04118333333333332,0.4199,0.4033084821428571,18.15904523809536,142.22648690476169,1419.377295238095,1419.377295238095,1419.377295238095,833.3333333333333,0.0,10697.566941904766,0.0
2025-09-22,0,31,5:10-5:20,573.1699,0.012578571428571427,0.4502,0.43876294642857133,19.61519999999996,163.48770059523798,592.7725214285714,592.7725214285714,592.7725214285714,0.0,0.0,10697.566941904766,0.0
2025-09-22,0,32,5:20-5:30,609.9833333333333,0.0,0.4632,0.4630308035714285,31.437083333333362,250.6787720238093,641.4204166666667,641.4204166666667,641.4204166666667,0.0,0.0,10697.566941904766,0.0
2025-09-22,0,33,5:30-5:40,618.0956666666666,0.5736071428571428,0.4057,0.40642098214285716,24.95306190476191,445.27255178571374,756.2896304232755,756.2896304232755,756.2896304232755,113.81450899470413,0.0,10800.0,0.0
2025-09-22,0,34,5:40-5:50,707.3171833333333,0.3373738095238095,0.6169,0.6210129464285714,26.829340476190453,523.4987702380946,733.80915,733.80915,733.80915,0.0,-0.0,10800.0,0.0
2025-09-22,0,35,5:50-6:00,833.8983333333333,7.253571428571426,0.9806,0.9933227678571429,41.587619047619114,541.2076958333328,34.89904761904779,34.89904761904779,34.89904761904779,0.0,833.3333333333333,9874.074074074075,0.0
2025-09-22,0,36,6:00-6:10,828.5038666666666,43.012792857142855,1.013,1.0274357142857142,40.14623095238096,579.9356327380947,0.0,0.0,0.0,0.0,825.6373047619047,8956.699291005292,0.0
2025-09-22,0,37,6:10-6:20,802.9502166666666,88.99403571428572,0.9658,0.974949107142857,33.265861904761834,628.6573976190472,0.0,0.0,0.0,0.0,747.2220428571427,8126.452576719578,0.0
2025-09-22,0,38,6:20-6:30,826.0516666666667,134.96428571428572,0.9772,0.9819616071428569,35.91315476190479,656.2844458333328,0.0,0.0,0.0,0.0,727.0005357142859,7318.674203703705,0.0
2025-09-22,0,39,6:30-6:40,849.5424333333333,184.83224761904762,0.9249,0.9334169642857141,42.862240476190465,635.844103571428,0.0,0.0,0.0,0.0,707.5724261904761,6532.48261904762,0.0
2025-09-22,0,40,6:40-6:50,822.2471999999999,235.44833095238096,0.8561,0.8629549107142859,49.55339999999998,733.5443172619044,0.0,0.0,0.0,0.0,636.352269047619,5825.424542328043,0.0
2025-09-22,0,41,6:50-7:00,775.0949999999999,286.6258928571428,0.8091,0.8100495535714286,51.21244047619041,791.7621958333327,539.6815476190475,539.6815476190475,539.6815476190475,0.0,0.0,5825.424542328043,0.0
2025-09-22,0,42,7:00-7:10,789.3856000000001,341.41319761904765,0.7752,0.7803459821428572,51.51989285714279,770.8853351190471,499.49229523809527,499.49229523809527,499.49229523809527,0.0,0.0,5825.424542328043,0.0
2025-09-22,0,43,7:10-7:20,822.3595333333333,396.45679047619046,0.7745,0.7817066964285714,52.007376190476066,756.9384065476187,477.9101190476189,477.9101190476189,477.9101190476189,0.0,0.0,5825.424542328043,0.0
2025-09-22,0,44,7:20-7:30,815.495,452.8973214285714,0.7549,0.7565812499999999,65.41297619047607,772.9984392857137,428.01065476190473,428.01065476190473,428.01065476190473,0.0,0.0,5825.424542328043,0.0
2025-09-22,0,45,7:30-7:40,777.97965,515.1443404761905,0.6804,0.676159375,60.74443333333329,767.0531863095232,504.1668364785437,504.1668364785437,504.1668364785437,180.58709362140084,0.0,5987.952926587303,0.0
2025-09-22,0,46,7:40-7:50,910.5207333333333,576.3373404761904,0.8764,0.8690281249999998,52.80102619047625,741.0438458333327,0.0,0.0,0.0,0.0,386.9844190476191,5557.970238756616,0.0
2025-09-22,0,47,7:50-8:00,1126.5866666666666,632.375,1.2123,1.2049933035714289,53.31595238095247,713.2389214285708,0.0,0.0,0.0,0.0,547.527619047619,4949.6062175925945,0.0
2025-09-22,0,48,8:00-8:10,1121.9872,685.2350190476188,1.1959,1.190360714285714,50.59351190476201,689.312046428571,0.0,0.0,0.0,0.0,487.34569285714315,4408.11100330688,0.0
2025-09-22,0,49,8:10-8:20,1055.2532999999999,738.314480952381,1.0686,1.0641352678571427,69.8594261904762,636.9654970238091,0.0,0.0,0.0,0.0,386.798245238095,3978.3351752645517,0.0
2025-09-22,0,50,8:20-8:30,1058.4583333333333,788.0303571428572,1.0408,1.0355870535714284,79.59511904761922,647.96894047619,0.0,0.0,0.0,0.0,350.02309523809527,3589.4206250000016,0.0
2025-09-22,0,51,8:30-8:40,1106.5977666666665,829.3778857142858,1.0882,1.0809357142857148,78.64476666666661,652.7543422619046,0.0,0.0,0.0,0.0,355.86464761904733,3194.015460978838,0.0
2025-09-22,0,52,8:40-8:50,1132.1325499999998,879.6944571428571,1.1315,1.1221758928571428,65.86325000000011,586.9268,0.0,0.0,0.0,0.0,318.3013428571428,2840.347302248679,0.0
2025-09-22,0,53,8:50-9:00,1115.4333333333334,937.8062500000001,1.1045,1.0938584821428572,108.06041666666681,551.0496803571434,0.0,0.0,0.0,0.0,285.6875,2522.9167466931235,0.0
2025-09-22,0,54,9:00-9:10,1095.5512999999999,984.4581595238094,1.0039,0.9928691964285715,80.6732047619048,554.3452494047633,0.0,0.0,0.0,0.0,191.76634523809525,2309.8430297619066,0.0
2025-09-22,0,55,9:10-9:20,1115.3636666666666,1024.9078452380952,0.969,0.9588772321428571,86.3660023809523,555.5577422619052,0.0,0.0,0.0,0.0,176.82182380952372,2113.3743366402136,0.0
2025-09-22,0,56,9:20-9:30,1146.8249999999998,1073.7946428571427,0.9835,0.9768624999999996,100.4824404761905,527.7647857142865,0.0,0.0,0.0,0.0,173.51279761904766,1920.5823392857164,0.0
2025-09-22,0,57,9:30-9:40,1121.9627999999998,1137.5473857142856,0.9072,0.9032718749999997,103.69031428571436,528.1050565476186,0.0,0.0,0.0,0.0,88.10572857142847,1822.6870853174626,0.0
2025-09-22,0,58,9:40-9:50,1095.2473,1179.7750428571428,0.8586,0.8330227678571427,98.72694523809514,546.7266565476187,14.199202380952329,14.199202380952329,14.199202380952329,0.0,0.0,1822.6870853174626,0.0
2025-09-22,0,59,9:50-10:00,1087.4216666666666,1198.2392857142854,0.8696,0.8089723214285713,106.70273809523823,551.2530333333337,0.0,0.0,0.0,4.114880952380645,0.0,1826.390478174605,0.0
2025-09-22,0,60,10:00-10:10,1071.4023,1227.415538095238,0.8509,0.7801598214285715,96.33378809523781,563.7514303571445,0.0,0.0,0.0,59.67945000000009,0.0,1880.101983174605,0.0
2025-09-22,0,61,10:10-10:20,1085.7055833333334,1268.8638023809522,0.8366,0.7702973214285714,90.83749047619062,594.696660119049,0.0,0.0,0.0,92.32072857142816,0.0,1963.1906388888904,0.0
2025-09-22,0,62,10:20-10:30,1104.6016666666665,1310.680357142857,0.8224,0.7562522321428574,98.96857142857152,598.5523654761917,0.0,0.0,0.0,107.11011904761904,0.0,2059.5897460317474,0.0
2025-09-22,0,63,10:30-10:40,1058.1815333333334,1339.8737095238093,0.7382,0.663548214285714,102.87890714285693,616.3094357142863,0.0,0.0,0.0,178.8132690476191,0.0,2220.5216881746046,0.0
2025-09-22,0,64,10:40-10:50,1022.0565833333333,1358.1301904761906,0.5443,0.4869441964285715,117.22845714285722,603.2451595238099,0.0,0.0,0.0,218.8451500000001,0.0,2417.4823231746045,0.0
2025-09-22,0,65,10:50-11:00,1036.0683333333332,1372.280357142857,0.3618,0.3377008928571429,97.4755357142858,601.5714827380962,594.5968452380953,594.5968452380953,594.5968452380953,833.3333333333333,0.0,3167.4823231746045,0.0
2025-09-22,0,66,11:00-11:10,1066.5861499999999,1386.57834047619,0.373,0.3515196428571428,103.29939047619035,628.1016101190484,616.6405333333335,616.6405333333335,616.6405333333335,833.3333333333333,0.0,3917.4823231746045,0.0
2025-09-22,0,67,11:10-11:20,1080.0774166666665,1390.152411904762,0.4024,0.3740973214285713,97.1908833333332,681.2100410714288,0.0,0.0,0.0,212.88411190476222,0.0,4109.07802388889,0.0
2025-09-22,0,68,11:20-11:30,1085.0283333333332,1388.1339285714284,0.3795,0.35293973214285723,101.29113095238085,747.0334928571431,631.5188690476189,631.5188690476189,631.5188690476189,833.3333333333333,0.0,4859.07802388889,0.0
2025-09-22,0,69,11:30-11:40,1103.2698166666667,1396.789069047619,0.389,0.367850892857143,84.48718809523768,796.5973767857146,0.0,0.0,0.0,209.0320642857148,0.0,5047.206881746033,0.0
2025-09-22,0,70,11:40-11:50,1051.5535833333333,1399.066995238095,0.3595,0.3350151785714285,122.71997857142856,827.2762815476195,608.5399000000002,608.5399000000002,608.5399000000002,833.3333333333333,0.0,5797.206881746033,0.0
2025-09-22,0,71,11:50-12:00,963.4333333333334,1399.9571428571428,0.3138,0.2823709821428572,105.5095238095239,866.4531184523811,502.31904761904775,502.31904761904775,502.31904761904775,833.3333333333333,0.0,6547.206881746033,0.0
2025-09-22,0,72,12:00-12:10,966.4170833333333,1423.4952642857143,0.3572,0.33157544642857145,127.7971071428571,876.1630142857143,504.0522595238094,504.0522595238094,504.0522595238094,833.3333333333333,0.0,7297.206881746033,0.0
2025-09-22,0,73,12:10-12:20,992.4623499999999,1447.9018690476191,0.384,0.3621933035714286,102.84511428571432,878.5183827380949,337.8460321869485,337.8460321869485,337.8460321869485,690.4404369488535,0.0,7918.603275000001,0.0
2025-09-22,0,74,12:20-12:30,985.1633333333332,1447.5214285714285,0.3425,0.31616116071428585,93.82970238095243,820.0593654761906,464.8049404761905,464.8049404761905,464.8049404761905,833.3333333333333,0.0,8668.603275000001,0.0
2025-09-22,0,75,12:30-12:40,963.4321499999999,1416.5344904761905,0.3178,0.28701562500000005,102.07584047619025,776.1529488095221,482.30683333333286,482.30683333333286,482.30683333333286,833.3333333333333,0.0,9418.603275000001,0.0
2025-09-22,0,76,12:40-12:50,994.8934666666667,1394.5716857142854,0.4976,0.4646285714285712,67.35545000000008,890.7489779761887,0.0,0.0,0.0,332.32276904761875,0.0,9717.693767142859,0.0
2025-09-22,0,77,12:50-13:00,1064.185,1381.6098214285712,0.7582,0.7259017857142858,73.7593452380952,956.7806321428552,0.0,0.0,0.0,243.66547619047606,0.0,9936.992695714287,0.0
2025-09-22,0,78,13:00-13:10,1083.3674666666666,1343.0994738095237,0.7781,0.7485062500000002,82.41580952380961,953.0335488095218,0.0,0.0,0.0,177.31619761904744,0.0,10096.577273571429,0.0
2025-09-22,0,79,13:10-13:20,1053.1631333333332,1308.3127714285713,0.7764,0.7445767857142858,76.20370238095241,865.2309077380938,0.0,0.0,0.0,178.94593571428572,0.0,10257.628615714286,0.0
2025-09-22,0,80,13:20-13:30,1021.1216666666666,1282.2883928571428,0.8406,0.8076745535714285,58.1229166666667,769.4698607142847,0.0,0.0,0.0,203.0438095238096,0.0,10440.368044285715,0.0
2025-09-22,0,81,13:30-13:40,1031.4102166666667,1240.4491928571429,0.8374,0.8134977678571429,79.62093333333323,672.045069047618,0.0,0.0,0.0,129.41804285714306,0.0,10556.844282857144,0.0
2025-09-22,0,82,13:40-13:50,1024.1349166666666,1201.7308666666665,0.8274,0.787371875,74.7460642857144,649.3504130952372,0.0,0.0,0.0,102.84988571428562,0.0,10649.40918,0.0
2025-09-22,0,83,13:50-14:00,1003.3166666666666,1173.2410714285713,0.8597,0.7867196428571427,88.4495238095238,647.4264690476188,0.0,0.0,0.0,81.474880952381,0.0,10722.736572857144,0.0
2025-09-22,0,84,14:00-14:10,1028.2329833333333,1142.6284976190475,0.913,0.8366995535714287,64.42814523809523,579.3045095238087,0.0,0.0,0.0,49.96736904761906,0.0,10767.707205,0.0
2025-09-22,0,85,14:10-14:20,1023.1821666666666,1111.8111619047618,0.9395,0.8698080357142856,64.603469047619,569.3163648809517,0.0,0.0,0.0,24.025526190476285,0.0,10789.330178571428,0.0
2025-09-22,0,86,14:20-14:30,985.8399999999999,1074.9035714285715,0.9561,0.8829794642857144,77.20821428571449,535.4252791666659,0.0,0.0,0.0,11.855357142856974,0.0,10800.0,0.0
2025-09-22,0,87,14:30-14:40,996.7580666666665,1022.3064904761906,1.0014,0.919372767857143,73.68388333333328,455.6499261904754,0.0,0.0,0.0,0.0,48.135459523809345,10746.516156084655,0.0
2025-09-22,0,88,14:40-14:50,1035.9674833333333,974.7989666666665,0.9278,0.8645696428571429,55.63592857142879,414.7019922619034,116.8044452380957,116.8044452380957,116.8044452380957,0.0,0.0,10746.516156084655,0.0
2025-09-22,0,89,14:50-15:00,1066.9616666666666,932.0374999999999,0.7687,0.7433138392857145,59.331845238095184,381.33874226190375,194.25601190476186,194.25601190476186,194.25601190476186,0.0,0.0,10746.516156084655,0.0
2025-09-22,0,90,15:00-15:10,1069.9899833333334,874.758657142857,0.7247,0.7121973214285714,50.46226666666689,310.1413892857139,305.120086096415,305.120086096415,305.120086096415,59.42649323927172,0.0,10800.0,0.0
2025-09-22,0,91,15:10-15:20,1053.2399,822.3010380952379,0.7507,0.7354651785714287,57.20933809523814,283.682578571428,288.1482000000002,288.1482000000002,288.1482000000002,0.0,0.0,10800.0,0.0
2025-09-22,0,92,15:20-15:30,1032.5966666666666,778.9991071428572,0.7672,0.7493031250000001,76.39571428571412,224.72126488095205,329.99327380952354,329.99327380952354,329.99327380952354,0.0,0.0,10800.0,0.0
2025-09-22,0,93,15:30-15:40,1023.6644666666666,729.276695238095,0.7498,0.7347875,57.72837619047647,227.06096845238025,352.116147619048,352.116147619048,352.116147619048,-0.0,0.0,10800.0,0.0
2025-09-22,0,94,15:40-15:50,1036.1510166666667,677.5049047619048,0.7758,0.7642794642857144,51.430788095238256,202.10699583333286,410.07690000000025,410.07690000000025,410.07690000000025,0.0,0.0,10800.0,0.0
2025-09-22,0,95,15:50-16:00,1044.4116666666666,626.5660714285714,0.8391,0.8280575892857146,49.508095238095166,203.30582857142832,467.3536904761904,467.3536904761904,467.3536904761904,0.0,0.0,10800.0,0.0
2025-09-22,0,96,16:00-16:10,1015.6962166666667,573.50655,0.8548,0.8422424107142857,58.54359047619039,219.87018988095244,500.73325714285704,500.73325714285704,500.73325714285704,0.0,0.0,10800.0,0.0
2025-09-22,0,97,16:10-16:20,1020.0422333333332,519.051938095238,0.8544,0.842394642857143,67.71999047619045,188.88731309523817,568.7102857142856,568.7102857142856,568.7102857142856,0.0,0.0,10800.0,0.0
2025-09-22,0,98,16:20-16:30,1056.48,465.4482142857142,0.8739,0.8640910714285714,55.830892857142885,149.33535416666666,646.8626785714287,646.8626785714287,646.8626785714287,0.0,0.0,10800.0,0.0
2025-09-22,0,99,16:30-16:40,1052.7260333333334,413.6134404761905,0.9153,0.9052316964285714,45.38025952380974,129.08085952380932,684.4928523809527,684.4928523809527,684.4928523809527,0.0,0.0,10800.0,0.0
2025-09-22,0,100,16:40-16:50,1037.8685999999998,357.42973809523806,0.947,0.9360147321428569,43.381376190475976,121.60887440476205,723.8202380952378,723.8202380952378,723.8202380952378,0.0,-0.0,10800.0,0.0
2025-09-22,0,101,16:50-17:00,1029.215,297.6910714285714,0.9544,0.9440678571428577,60.655178571428564,107.49971547619018,792.179107142857,792.179107142857,792.179107142857,0.0,-0.0,10800.0,0.0
2025-09-22,0,102,17:00-17:10,1015.8058666666667,241.86928333333333,0.9559,0.9477772321428573,49.7190047619049,90.26984642857127,823.6555880952384,823.6555880952384,823.6555880952384,0.0,-0.0,10800.0,0.0
2025-09-22,0,103,17:10-17:20,1025.1385,189.48798095238092,0.998,0.9891629464285713,40.56485476190471,86.77733988095235,876.215373809524,876.215373809524,876.215373809524,-0.0,0.0,10800.0,0.0
2025-09-22,0,104,17:20-17:30,1066.5516666666667,139.05,1.0595,1.047246875,41.53416666666669,87.9341297619045,969.0358333333336,969.0358333333336,969.0358333333336,0.0,0.0,10800.0,0.0
2025-09-22,0,105,17:30-17:40,1099.22165,90.04495714285714,1.0908,1.077580357142857,43.159847619047696,58.975841071428306,1052.3365404761905,1052.3365404761905,1052.3365404761905,0.0,0.0,10800.0,0.0
2025-09-22,0,106,17:40-17:50,1003.0264999999999,42.17703809523809,1.2134,1.2032678571428568,28.293514285714423,56.68911071428553,989.1429761904764,989.1429761904764,989.1429761904764,0.0,0.0,10800.0,0.0
2025-09-22,0,107,17:50-18:00,833.5749999999999,6.884821428571429,1.361,1.3561964285714285,29.599226190476315,72.12882619047616,22.95607142857159,22.95607142857159,22.95607142857159,0.0,833.3333333333333,9874.074074074075,0.0
2025-09-22,0,108,18:00-18:10,778.1757333333333,0.2599785714285714,1.3301,1.3283616071428568,21.855611904761872,75.21995297619048,0.0,0.0,0.0,0.0,799.7713666666666,8985.439222222223,0.0
2025-09-22,0,109,18:10-18:20,773.4265499999999,0.55635,1.283,1.2767459821428573,29.47711190476184,50.54916011904736,0.0,0.0,0.0,0.0,802.3473119047618,8093.94220899471,0.0
2025-09-22,0,110,18:20-18:30,770.0816666666666,0.0,1.2985,1.2849995535714285,47.64833333333331,38.90978630952381,0.0,0.0,0.0,0.0,817.7299999999999,7185.353320105822,0.0
2025-09-22,0,111,18:30-18:40,787.1023,0.008238095238095237,1.304,1.287784821428571,21.88115238095247,72.35158095238086,0.0,0.0,0.0,0.0,808.9752142857144,6286.491970899472,0.0
2025-09-22,0,112,18:40-18:50,801.7375166666667,0.039942857142857134,1.3278,1.29055,25.116140476190424,74.71516726190472,0.0,0.0,0.0,0.0,826.8137142857144,5367.810066137567,0.0
2025-09-22,0,113,18:50-19:00,811.31,0.0,1.3666,1.300677232142857,36.34000000000003,57.11549404761897,14.31666666666672,14.31666666666672,14.31666666666672,0.0,833.3333333333333,4441.884140211641,0.0
2025-09-22,0,114,19:00-19:10,826.7267499999999,0.0005904761904761905,1.3656,1.2991705357142858,29.49231428571443,77.24453154761889,22.8851404761906,22.8851404761906,22.8851404761906,0.0,833.3333333333333,3515.9582142857153,0.0
2025-09-22,0,115,19:10-19:20,792.8421,0.0028666666666666667,1.3044,1.2388799107142854,31.901666666666642,85.42567142857126,824.7408999999999,824.7408999999999,824.7408999999999,0.0,0.0,3515.9582142857153,0.0
2025-09-22,0,116,19:20-19:30,753.4166666666666,0.0,1.2451,1.1714571428571432,22.930000000000064,59.20124999999993,776.3466666666667,776.3466666666667,776.3466666666667,0.0,0.0,3515.9582142857153,0.0
2025-09-22,0,117,19:30-19:40,809.4291833333333,3.571428571428572e-05,1.2818,1.207615625,31.658783333333417,50.86768333333325,841.087930952381,841.087930952381,841.087930952381,0.0,0.0,3515.9582142857153,0.0
2025-09-22,0,118,19:40-19:50,834.5051,0.00019285714285714284,1.3444,1.2728093749999998,14.943697619047612,56.71836785714302,469.7767994047604,469.7767994047604,469.7767994047604,0.0,379.67180535714425,3094.100652777777,0.0
2025-09-22,0,119,19:50-20:00,799.5583333333334,0.0,1.3607,1.290754017857143,21.351666666666574,46.92264047619054,0.0,0.0,0.0,0.0,820.91,2181.978430555555,0.0
2025-09-22,0,120,20:00-20:10,799.6869333333334,0.0,1.3174,1.2491991071428572,23.35368333333338,46.78996071428577,823.0406166666668,823.0406166666668,823.0406166666668,0.0,0.0,2181.978430555555,0.0
2025-09-22,0,121,20:10-20:20,806.8545999999999,0.0,1.2795,1.2110272321428575,28.095197619047553,57.4382773809526,834.9497976190474,834.9497976190474,834.9497976190474,0.0,0.0,2181.978430555555,0.0
2025-09-22,0,122,20:20-20:30,799.7833333333333,0.0,1.3019,1.2303732142857147,17.79166666666663,78.38848750000005,817.5749999999999,817.5749999999999,817.5749999999999,0.0,0.0,2181.978430555555,0.0
2025-09-22,0,123,20:30-20:40,794.9424999999999,0.0,1.3583,1.286812053571428,28.31428333333315,54.716290476190636,0.0,0.0,0.0,0.0,823.256783333333,1267.2486712962962,0.0
2025-09-22,0,124,20:40-20:50,802.1362166666665,0.0,1.2306,1.184088839285714,24.408333333333417,60.523804166666594,826.54455,826.54455,826.54455,0.0,0.0,1267.2486712962962,0.0
2025-09-22,0,125,20:50-21:00,814.1316666666667,0.0,0.9968,0.9823325892857141,27.834999999999923,60.319320833333364,888.1046347736627,888.1046347736627,888.1046347736627,46.13796810699619,0.0,1308.7728425925927,0.0
2025-09-22,0,126,21:00-21:10,811.1715999999999,0.0,0.9625,0.9446026785714283,16.0555333333333,97.89555833333341,827.3672156378601,827.3672156378601,827.3672156378601,0.14008230452696402,0.0,1308.898916666667,0.0
2025-09-22,0,127,21:10-21:20,785.0390833333332,0.0,0.976,0.9510991071428567,26.71623333333332,77.05337083333347,811.7553166666665,811.7553166666665,811.7553166666665,0.0,0.0,1308.898916666667,0.0
2025-09-22,0,128,21:20-21:30,773.3433333333334,0.0,0.9768,0.9565392857142857,22.85833333333335,80.32114583333322,796.2016666666667,796.2016666666667,796.2016666666667,0.0,0.0,1308.898916666667,0.0
2025-09-22,0,129,21:30-21:40,805.4538833333332,0.0,1.019,0.9989174107142855,29.54936666666663,81.13200416666672,835.0032499999999,835.0032499999999,835.0032499999999,0.0,0.0,1308.898916666667,0.0
2025-09-22,0,130,21:40-21:50,718.3501166666666,0.0,0.8008,0.7781017857142853,34.963383333333354,98.00902500000026,753.5194516460905,753.5194516460905,753.5194516460905,0.2059516460904989,0.0,1309.0842731481484,0.0
2025-09-22,0,131,21:50-22:00,566.0783333333333,0.0,0.4377,0.41437276785714267,23.821666666666488,98.1758458333336,1423.2333333333331,1423.2333333333331,1423.2333333333331,833.3333333333333,0.0,2059.0842731481484,0.0
2025-09-22,0,132,22:00-22:10,576.2467833333333,0.0,0.3864,0.36517187500000015,18.96368333333328,64.38804166666674,1428.5438,1428.5438,1428.5438,833.3333333333333,0.0,2809.0842731481484,0.0
2025-09-22,0,133,22:10-22:20,615.0310833333333,0.0,0.4402,0.4161549107142858,26.067916666666633,47.0720708333333,1474.4323333333332,1474.4323333333332,1474.4323333333332,833.3333333333333,0.0,3559.0842731481484,0.0
2025-09-22,0,134,22:20-22:30,611.3366666666666,0.0,0.4558,0.42615669642857146,27.183333333333394,49.50098333333327,638.52,638.52,638.52,0.0,0.0,3559.0842731481484,0.0
2025-09-22,0,135,22:30-22:40,626.1202333333333,0.0,0.4927,0.46454910714285713,34.961766666666676,34.19502083333333,661.082,661.082,661.082,0.0,0.0,3559.0842731481484,0.0
2025-09-22,0,136,22:40-22:50,626.6666333333333,0.0,0.4878,0.4619674107142856,28.557000000000016,34.05599166666654,655.2236333333333,655.2236333333333,655.2236333333333,0.0,0.0,3559.0842731481484,0.0
2025-09-22,0,137,22:50-23:00,604.0616666666666,0.0,0.4418,0.4171700892857145,32.93166666666673,69.96360833333324,849.1219187242796,849.1219187242796,849.1219187242796,212.12858539094617,0.0,3750.0,0.0
2025-09-22,0,138,23:00-23:10,593.4368333333333,0.0,0.4355,0.4148732142857144,24.041433333333316,92.59566249999976,1450.8116,1450.8116,1450.8116,833.3333333333333,0.0,4500.0,0.0
2025-09-22,0,139,23:10-23:20,608.7535,0.0,0.4815,0.4615196428571428,14.333683333333397,84.97767499999995,623.0871833333334,623.0871833333334,623.0871833333334,0.0,0.0,4500.0,0.0
2025-09-22,0,140,23:20-23:30,621.305,0.0,0.5037,0.4813991071428572,31.26333333333332,53.31779166666668,652.5683333333333,652.5683333333333,652.5683333333333,0.0,0.0,4500.0,0.0
2025-09-22,0,141,23:30-23:40,590.2539333333333,0.0,0.4194,0.3981843749999999,18.10699999999997,56.04126249999999,1441.6942666666664,1441.6942666666664,1441.6942666666664,833.3333333333333,0.0,5250.0,0.0
2025-09-22,0,142,23:40-23:50,571.6126666666667,0.0,0.3886,0.36603303571428564,26.942216666666695,40.77426249999995,1431.8882166666667,1431.8882166666667,1431.8882166666667,833.3333333333333,0.0,6000.0,0.0
2025-09-22,0,143,23:50-24:00,601.0066666666667,0.0,0.4564,0.4319446428571428,21.319999999999993,36.20333333333335,622.3266666666666,622.3266666666666,622.3266666666666,0.0,0.0,6000.0,0.0
2025-09-23,0,0,0:00-0:10,656.1909666666666,0.0,0.5097,0.4913232142857145,22.247500000000173,58.77322916666658,0.0,0.0,0.0,0.0,678.4384666666667,5776.307157696457,0.0
2025-09-23,0,1,0:10-0:20,666.7336166666666,0.0,0.5116,0.49411339285714295,16.52918333333332,66.46807916666685,0.0,0.0,0.0,0.0,683.2628,5017.126268807569,0.0
2025-09-23,0,2,0:20-0:30,625.2266666666667,0.0,0.4667,0.44483125000000007,21.096666666666692,51.188037500000036,646.3233333333334,646.3233333333334,646.3233333333334,0.0,0.0,5017.126268807569,0.0
2025-09-23,0,3,0:30-0:40,588.6305166666666,0.0,0.4065,0.3854325892857143,14.105733333333433,66.75345416666676,1436.0695833333334,1436.0695833333334,1436.0695833333334,833.3333333333333,0.0,5767.126268807569,0.0
2025-09-23,0,4,0:40-0:50,572.78095,0.0,0.3877,0.3654959821428572,26.891299999999887,70.77816250000008,1433.005583333333,1433.005583333333,1433.005583333333,833.3333333333333,0.0,6517.126268807569,0.0
2025-09-23,0,5,0:50-1:00,575.7566666666667,0.0,0.4064,0.38114508928571433,25.5383333333333,67.52875416666669,1434.628333333333,1434.628333333333,1434.628333333333,833.3333333333333,0.0,7267.126268807569,0.0
2025-09-23,0,6,1:00-1:10,586.2062999999999,0.0,0.4056,0.3832714285714287,27.336400000000026,72.08090833333324,1446.8760333333332,1446.8760333333332,1446.8760333333332,833.3333333333333,0.0,8017.126268807569,0.0
2025-09-23,0,7,1:10-1:20,582.92165,0.0,0.3825,0.36173526785714294,22.527400000000057,36.275333333333464,1438.7823833333332,1438.7823833333332,1438.7823833333332,833.3333333333333,0.0,8767.12626880757,0.0
2025-09-23,0,8,1:20-1:30,570.4566666666666,0.0,0.3741,0.3517044642857142,24.258333333333326,82.04278749999995,1428.0483333333332,1428.0483333333332,1428.0483333333332,833.3333333333333,0.0,9517.12626880757,0.0
2025-09-23,0,9,1:30-1:40,576.1825666666666,0.0,0.4163,0.39480446428571414,14.430733333333364,87.22001785714266,590.6133,590.6133,590.6133,0.0,0.0,9517.12626880757,0.0
2025-09-23,0,10,1:40-1:50,604.6679166666667,0.0,0.4448,0.4251897321428571,20.12435000000005,64.80635416666686,624.7922666666667,624.7922666666667,624.7922666666667,0.0,0.0,9517.12626880757,0.0
2025-09-23,0,11,1:50-2:00,621.295,0.0,0.4326,0.413589732142857,17.654999999999973,79.65597083333321,638.9499999999999,638.9499999999999,638.9499999999999,0.0,0.0,9517.12626880757,0.0
2025-09-23,0,12,2:00-2:10,586.7885666666666,0.0,0.4137,0.39356919642857147,25.68559999999991,70.14341249999998,612.4741666666665,612.4741666666665,612.4741666666665,0.0,0.0,9517.12626880757,0.0
2025-09-23,0,13,2:10-2:20,572.6755833333333,0.0,0.4162,0.39539285714285705,21.810133333333283,57.48034285714283,594.4857166666666,594.4857166666666,594.4857166666666,0.0,0.0,9517.12626880757,0.0
2025-09-23,0,14,2:20-2:30,604.0916666666667,0.0,0.4404,0.42165580357142873,12.226666666666688,53.31448749999993,616.3183333333334,616.3183333333334,616.3183333333334,0.0,0.0,9517.12626880757,0.0
2025-09-23,0,15,2:30-2:40,633.2806666666667,0.0,0.461,0.44710133928571427,21.23406666666665,51.20033333333319,654.5147333333333,654.5147333333333,654.5147333333333,0.0,0.0,9517.12626880757,0.0
2025-09-23,0,16,2:40-2:50,621.6542166666666,0.0,0.4537,0.4407250000000001,23.137249999999995,59.4145125,644.7914666666666,644.7914666666666,644.7914666666666,0.0,0.0,9517.12626880757,0.0
2025-09-23,0,17,2:50-3:00,599.9,0.0,0.4452,0.43012410714285726,25.146666666666647,56.190213690476156,625.0466666666666,625.0466666666666,625.0466666666666,0.0,0.0,9517.12626880757,0.0
2025-09-23,0,18,3:00-3:10,627.80635,0.0,0.4756,0.46204732142857136,29.25638333333336,61.057328571428414,657.0627333333333,657.0627333333333,657.0627333333333,0.0,0.0,9517.12626880757,0.0
2025-09-23,0,19,3:10-3:20,622.0962999999999,0.0,0.4445,0.42932633928571434,22.382826190476294,74.71027142857132,644.4791261904762,644.4791261904762,644.4791261904762,0.0,0.0,9517.12626880757,0.0
2025-09-23,0,20,3:20-3:30,581.1933333333333,0.0,0.3782,0.359615625,16.63833333333332,61.30036190476193,1431.165,1431.165,1431.165,833.3333333333333,0.0,10267.12626880757,0.0
2025-09-23,0,21,3:30-3:40,590.3947,0.0,0.4082,0.39299196428571426,20.80838333333338,74.90108690476175,611.2030833333333,611.2030833333333,611.2030833333333,0.0,0.0,10267.12626880757,0.0
2025-09-23,0,22,3:40-3:50,611.9051499999999,0.0,0.4405,0.42717589285714286,14.47267619047625,60.53052857142863,626.3778261904762,626.3778261904762,626.3778261904762,0.0,0.0,10267.12626880757,0.0
2025-09-23,0,23,3:50-4:00,625.6416666666667,0.0,0.4389,0.42293794642857135,22.063333333333276,39.34916249999975,647.7049999999999,647.7049999999999,647.7049999999999,0.0,0.0,10267.12626880757,0.0
2025-09-23,0,24,4:00-4:10,647.9303666666666,0.0002476190476190476,0.4575,0.440390625,19.524783333333346,36.091638095237954,667.4549023809524,667.4549023809524,667.4549023809524,0.0,0.0,10267.12626880757,0.0
2025-09-23,0,25,4:10-4:20,644.1480166666666,0.0,0.4505,0.43730625000000006,30.423740476190574,57.1352470238094,674.5717571428572,674.5717571428572,674.5717571428572,0.0,0.0,10267.12626880757,0.0
2025-09-23,0,26,4:20-4:30,624.42,0.0,0.4374,0.4279093749999999,24.040000000000077,81.48951249999992,648.46,648.46,648.46,0.0,0.0,10267.12626880757,0.0
2025-09-23,0,27,4:30-4:40,633.3117833333333,0.0036452380952380955,0.4811,0.4667875,26.371380952380946,111.37206785714284,659.679519047619,659.679519047619,659.679519047619,0.0,0.0,10267.12626880757,0.0
2025-09-23,0,28,4:40-4:50,623.90075,0.00011666666666666667,0.4603,0.44384151785714276,16.125814285714284,118.48823690476183,640.0264476190476,640.0264476190476,640.0264476190476,0.0,0.0,10267.12626880757,0.0
2025-09-23,0,29,4:50-5:00,591.3616666666667,0.0,0.4072,0.392953125,13.730000000000018,117.33280416666635,1141.5359064983504,1141.5359064983504,1141.5359064983504,536.4442398316836,0.0,10749.926084656085,0.0
2025-09-23,0,30,5:00-5:10,585.0822833333333,0.05080238095238094,0.477,0.46133883928571423,22.17401666666666,141.03981309523775,607.2054976190476,607.2054976190476,607.2054976190476,0.0,0.0,10749.926084656085,0.0
2025-09-23,0,31,5:10-5:20,607.6239166666667,0.001638095238095238,0.5218,0.511814732142857,22.311197619047675,167.89894166666627,0.0,0.0,0.0,0.0,629.9334761904762,10050.0,0.0
2025-09-23,0,32,5:20-5:30,620.6733333333333,0.0,0.4527,0.4530058035714285,31.437083333333362,301.12032440476133,652.1104166666667,652.1104166666667,652.1104166666667,0.0,0.0,10050.0,0.0
2025-09-23,0,33,5:30-5:40,597.0425499999999,0.7075928571428571,0.3778,0.37914241071428567,24.95306190476191,496.23535416666584,1454.621352380952,1454.621352380952,1454.621352380952,833.3333333333333,0.0,10800.0,0.0
2025-09-23,0,34,5:40-5:50,659.6616666666666,0.09831904761904761,0.6221,0.6269022321428571,26.829340476190453,584.5619833333326,686.3926880952381,686.3926880952381,686.3926880952381,0.0,-0.0,10800.0,0.0
2025-09-23,0,35,5:50-6:00,783.415,4.913392857142857,1.012,1.024733482142857,41.587619047619114,602.2709089285706,0.0,0.0,0.0,0.0,820.0892261904762,9888.789748677249,0.0
2025-09-23,0,36,6:00-6:10,810.2949333333332,39.138523809523804,1.0241,1.0378196428571427,40.14623095238096,649.0997833333327,0.0,0.0,0.0,0.0,811.3026404761904,8987.34237037037,0.0
2025-09-23,0,37,6:10-6:20,792.0891166666667,84.38348571428571,0.9268,0.9344741071428573,31.703814285714316,697.8215482142851,0.0,0.0,0.0,0.0,739.4094452380953,8165.77632010582,0.0
2025-09-23,0,38,6:20-6:30,785.2883333333332,130.6285714285714,0.9155,0.9181741071428574,35.91315476190479,723.8865488095232,0.0,0.0,0.0,0.0,690.5729166666666,7398.473079365079,0.0
2025-09-23,0,39,6:30-6:40,791.64315,181.61994523809523,0.9143,0.920788392857143,42.862240476190465,703.4462065476185,0.0,0.0,0.0,0.0,652.8854452380951,6673.044806878306,0.0
2025-09-23,0,40,6:40-6:50,793.81895,233.31248571428569,0.8761,0.882153125,49.55339999999998,798.6283345238087,0.0,0.0,0.0,0.0,610.0598642857143,5995.200513227513,0.0
2025-09-23,0,41,6:50-7:00,786.6700000000001,285.74196428571423,0.8264,0.8280102678571427,51.21244047619041,853.8576154761896,552.1404761904762,552.1404761904762,552.1404761904762,0.0,0.0,5995.200513227513,0.0
2025-09-23,0,42,7:00-7:10,783.7639999999999,342.9072,0.8241,0.829890625,51.51989285714279,832.6261410714282,304.1811022380956,304.1811022380956,304.1811022380956,0.0,188.19559061904718,5786.094301428571,0.0
2025-09-23,0,43,7:10-7:20,805.6249833333333,400.14323333333334,0.8109,0.818133482142857,52.007376190476066,836.8805607142854,457.489126190476,457.489126190476,457.489126190476,0.0,0.0,5786.094301428571,0.0
2025-09-23,0,44,7:20-7:30,823.2566666666667,457.20625,0.7524,0.7540901785714287,65.41297619047607,852.9405934523805,431.46339285714276,431.46339285714276,431.46339285714276,0.0,0.0,5786.094301428571,0.0
2025-09-23,0,45,7:30-7:40,804.7937499999999,517.8530214285714,0.7089,0.7055040178571428,60.74443333333329,846.99534047619,347.6851619047618,347.6851619047618,347.6851619047618,0.0,0.0,5786.094301428571,0.0
2025-09-23,0,46,7:40-7:50,901.0201,575.5498333333333,0.8871,0.8801138392857143,52.80102619047625,820.9859999999994,0.0,0.0,0.0,0.0,378.27129285714295,5365.792864920635,0.0
2025-09-23,0,47,7:50-8:00,1077.0916666666667,628.5857142857143,1.1561,1.1478379464285715,53.31595238095247,793.1810755952375,0.0,0.0,0.0,0.0,501.8219047619049,4808.21297074074,0.0
2025-09-23,0,48,8:00-8:10,1129.8349833333332,681.4742714285715,1.1574,1.1513392857142855,41.41404285714299,769.2542005952375,0.0,0.0,0.0,0.0,489.77475476190466,4264.018798783069,0.0
2025-09-23,0,49,8:10-8:20,1108.21465,733.7114095238095,1.1053,1.1014977678571427,68.17415476190479,707.7281821428568,0.0,0.0,0.0,0.0,442.6773952380953,3772.1550262962965,0.0
2025-09-23,0,50,8:20-8:30,1082.415,782.5,1.1084,1.103985267857143,78.83345238095251,754.7769470238087,0.0,0.0,0.0,0.0,378.7484523809526,3351.3234125396825,0.0
2025-09-23,0,51,8:30-8:40,1072.1440333333333,827.0848738095239,1.0608,1.0526267857142861,75.408673809524,749.3951035714284,0.0,0.0,0.0,0.0,320.4678333333335,2995.248042169312,0.0
2025-09-23,0,52,8:40-8:50,1073.0296833333332,878.0102857142857,1.0071,0.9957794642857143,64.8767595238096,677.1291886904762,0.0,0.0,0.0,0.0,259.8961571428571,2706.474534232804,0.0
2025-09-23,0,53,8:50-9:00,1083.6983333333333,932.8535714285714,0.9827,0.9708191964285715,108.06041666666681,659.1773660714287,0.0,0.0,0.0,0.0,258.90517857142856,2418.802113597884,0.0
2025-09-23,0,54,9:00-9:10,1103.3373499999998,977.7998547619047,0.976,0.965222767857143,74.34143095238096,658.6291845238096,0.0,0.0,0.0,0.0,199.87892619047602,2196.714417830688,0.0
2025-09-23,0,55,9:10-9:20,1100.6318833333332,1016.8561285714286,0.9831,0.9733397321428573,59.667261904761894,609.0895434523811,0.0,0.0,0.0,0.0,143.4430166666666,2037.3332882010586,0.0
2025-09-23,0,56,9:20-9:30,1067.8883333333333,1062.7928571428572,0.9729,0.9660428571428571,99.9611904761905,624.8352511904756,0.0,0.0,0.0,0.0,105.05666666666662,1920.6036585714292,0.0
2025-09-23,0,57,9:30-9:40,1033.42455,1122.0408642857142,0.9145,0.9115718749999998,90.22309999999993,609.2986952380943,0.0,0.0,0.0,0.0,1.6067857142857065,1918.8183411111117,0.0
2025-09-23,0,58,9:40-9:50,1041.5923333333333,1160.9818999999998,0.8914,0.8675870535714285,98.72694523809514,620.8999934523811,0.0,0.0,0.0,20.662621428571356,0.0,1937.414700396826,0.0
2025-09-23,0,59,9:50-10:00,1080.1366666666665,1177.9535714285712,0.9098,0.8500651785714285,95.90148809523816,638.8326095238095,0.0,0.0,0.0,1.9154166666664878,0.0,1939.138575396826,0.0
2025-09-23,0,60,10:00-10:10,1092.8445,1205.4781023809524,0.8912,0.8199830357142855,88.16244523809505,665.2247178571434,0.0,0.0,0.0,24.471157142857464,0.0,1961.1626168253977,0.0
2025-09-23,0,61,10:10-10:20,1088.3769499999999,1244.4859333333332,0.8456,0.7781616071428569,85.69655000000034,683.2777880952385,0.0,0.0,0.0,70.41243333333296,0.0,2024.5338068253973,0.0
2025-09-23,0,62,10:20-10:30,1083.6883333333333,1281.269642857143,0.8373,0.7705058035714286,93.69505952380928,679.4220827380958,0.0,0.0,0.0,103.88625000000047,0.0,2118.0314318253977,0.0
2025-09-23,0,63,10:30-10:40,1083.5624166666666,1301.9403166666666,0.8851,0.8109982142857142,102.40292142857169,697.7500255952386,0.0,0.0,0.0,115.97497857142821,0.0,2222.408912539683,0.0
2025-09-23,0,64,10:40-10:50,1079.1169666666665,1316.6852095238096,0.723,0.6671727678571429,109.78004285714292,696.0538333333341,0.0,0.0,0.0,127.78820000000019,0.0,2337.418292539683,0.0
2025-09-23,0,65,10:50-11:00,1073.2749999999999,1334.7071428571426,0.4574,0.43491875,97.4755357142858,678.0374309523813,669.3767261904763,669.3767261904763,669.3767261904763,833.3333333333333,0.0,3087.418292539683,0.0
2025-09-23,0,66,11:00-11:10,1078.8649333333333,1354.047157142857,0.477,0.45640892857142873,79.50212857142878,690.9855458333338,637.6532380952383,637.6532380952383,637.6532380952383,833.3333333333333,0.0,3837.418292539683,0.0
2025-09-23,0,67,11:10-11:20,1087.8939999999998,1357.6347666666666,0.5364,0.5089741071428572,97.1908833333332,685.9858988095245,0.0,0.0,0.0,172.54988333333358,0.0,3992.7131875396835,0.0
2025-09-23,0,68,11:20-11:30,1088.5183333333332,1353.036607142857,0.497,0.47157544642857147,101.29113095238085,690.0014005952386,21.34965432098832,21.34965432098832,21.34965432098832,184.57679717813133,0.0,4158.832305000002,0.0
2025-09-23,0,69,11:30-11:40,1072.8699499999998,1363.900157142857,0.4697,0.4487151785714287,84.48718809523768,828.9745238095244,626.7903142857137,626.7903142857137,626.7903142857137,833.3333333333333,0.0,4908.832305000002,0.0
2025-09-23,0,70,11:40-11:50,1043.0022166666665,1366.6880857142855,0.4799,0.45664910714285717,111.53916666666663,896.6433571428574,621.1866309523809,621.1866309523809,621.1866309523809,833.3333333333333,0.0,5658.832305000002,0.0
2025-09-23,0,71,11:50-12:00,1005.6949999999999,1367.6392857142857,0.4849,0.45648705357142855,103.93660714285693,924.6393821428571,575.3256547619044,575.3256547619044,575.3256547619044,833.3333333333333,0.0,6408.832305000002,0.0
2025-09-23,0,72,12:00-12:10,976.1704666666666,1398.5506166666667,0.4354,0.4106397321428572,115.39525000000003,932.7763613095234,526.3484333333331,526.3484333333331,526.3484333333331,833.3333333333333,0.0,7158.832305000002,0.0
2025-09-23,0,73,12:10-12:20,991.4196666666667,1426.8272571428572,0.4273,0.40540758928571424,101.52983095238096,921.6115494047614,499.4555738095237,499.4555738095237,499.4555738095237,833.3333333333333,0.0,7908.832305000002,0.0
2025-09-23,0,74,12:20-12:30,1026.76,1424.0598214285715,0.4537,0.4288379464285716,93.82970238095243,861.8372488095234,529.8632142857143,529.8632142857143,529.8632142857143,833.3333333333333,0.0,8658.832305000002,0.0
2025-09-23,0,75,12:30-12:40,1019.67155,1393.2613880952379,0.4406,0.4114049107142857,93.09122857142842,822.1428749999981,552.8347238095239,552.8347238095239,552.8347238095239,833.3333333333333,0.0,9408.832305000002,0.0
2025-09-23,0,76,12:40-12:50,1021.6520499999999,1377.5610976190476,0.5886,0.5562750000000001,53.90694047619081,927.7542922619027,0.0,0.0,0.0,302.00210714285686,0.0,9680.634201428573,0.0
2025-09-23,0,77,12:50-13:00,1045.2616666666665,1370.755357142857,0.8303,0.7980035714285714,66.26488095238119,980.3374369047602,0.0,0.0,0.0,259.22880952380933,0.0,9913.94013,0.0
2025-09-23,0,78,13:00-13:10,1044.5670833333334,1329.1583928571426,0.8731,0.8438812499999998,76.2450023809526,969.0958892857126,0.0,0.0,0.0,208.34630714285663,0.0,10101.451806428571,0.0
2025-09-23,0,79,13:10-13:20,1014.05495,1293.3656833333334,0.8669,0.8359142857142857,71.92822619047593,875.1224410714278,0.0,0.0,0.0,207.38250714285755,0.0,10288.096062857143,0.0
2025-09-23,0,80,13:20-13:30,997.2083333333333,1272.7892857142856,0.8883,0.8563691964285713,58.1229166666667,775.085917857142,0.0,0.0,0.0,217.45803571428564,0.0,10483.808295,0.0
2025-09-23,0,81,13:30-13:40,1041.6591166666667,1235.616269047619,0.8634,0.8407031249999999,79.62093333333323,677.6611261904753,0.0,0.0,0.0,114.33621904761912,0.0,10586.710892142857,0.0
2025-09-23,0,82,13:40-13:50,1062.9396333333334,1196.1621499999999,0.8652,0.8262611607142857,74.7460642857144,655.525256547618,0.0,0.0,0.0,58.47645238095197,0.0,10639.339699285714,0.0
2025-09-23,0,83,13:50-14:00,1031.2749999999999,1167.530357142857,0.9035,0.8305839285714287,88.4495238095238,654.9762398809519,0.0,0.0,0.0,47.80583333333334,0.0,10682.364949285715,0.0
2025-09-23,0,84,14:00-14:10,1000.7743333333333,1146.7746785714285,0.911,0.8328816964285712,64.42814523809523,584.9205666666662,0.0,0.0,0.0,81.57220000000007,0.0,10755.779929285714,0.0
2025-09-23,0,85,14:10-14:20,1006.6453166666666,1120.3821976190475,0.9163,0.8445312499999998,64.603469047619,574.9324220238091,0.0,0.0,0.0,49.13341190476194,0.0,10800.0,0.0
2025-09-23,0,86,14:20-14:30,1035.3933333333332,1079.841964285714,0.9703,0.8965062500000004,77.20821428571449,541.0413363095232,0.0,0.0,0.0,0.0,32.759583333333694,10763.600462962962,0.0
2025-09-23,0,87,14:30-14:40,1043.5381,1027.958695238095,1.0575,0.975297767857143,64.52734047619029,461.2659833333328,0.0,0.0,0.0,0.0,80.1067452380953,10674.592968253968,0.0
2025-09-23,0,88,14:40-14:50,1039.1322499999999,981.7813452380952,0.9262,0.8615214285714285,54.703121428571535,411.1615065476179,0.0,0.0,0.0,0.0,112.05402619047607,10550.088494708994,0.0
2025-09-23,0,89,14:50-15:00,1030.8866666666665,938.4142857142857,0.6846,0.6564013392857146,59.331845238095184,376.8654494047609,429.48367651381557,429.48367651381557,429.48367651381557,277.67945032333955,0.0,10800.0,0.0
2025-09-23,0,90,15:00-15:10,1024.69835,880.3940214285714,0.7043,0.6900258928571427,50.46226666666689,305.66809642857106,194.76659523809542,194.76659523809542,194.76659523809542,0.0,0.0,10800.0,0.0
2025-09-23,0,91,15:10-15:20,1062.3220666666666,824.7656452380953,0.7503,0.734402678571428,57.20933809523814,279.20928571428516,294.7657595238094,294.7657595238094,294.7657595238094,0.0,0.0,10800.0,0.0
2025-09-23,0,92,15:20-15:30,1110.9633333333331,776.6910714285711,0.7367,0.7188495535714285,76.39571428571412,237.76058452380846,410.6679761904761,410.6679761904761,410.6679761904761,0.0,0.0,10800.0,0.0
2025-09-23,0,93,15:30-15:40,1087.0565166666665,724.453238095238,0.8127,0.7995142857142857,57.72837619047647,221.7813101190468,420.33165476190493,420.33165476190493,420.33165476190493,0.0,0.0,10800.0,0.0
2025-09-23,0,94,15:40-15:50,1037.8845833333332,671.6663642857143,0.8523,0.8423830357142854,51.430788095238256,200.00806666666622,417.6490071428573,417.6490071428573,417.6490071428573,0.0,-0.0,10800.0,0.0
2025-09-23,0,95,15:50-16:00,1028.8983333333333,620.9133928571428,0.8366,0.8252433035714279,49.508095238095166,206.55202023809505,457.4930357142857,457.4930357142857,457.4930357142857,0.0,0.0,10800.0,0.0
2025-09-23,0,96,16:00-16:10,1079.5205166666665,569.2798357142857,0.8804,0.8676745535714285,63.016883333333226,218.91376547619046,573.257564285714,573.257564285714,573.257564285714,0.0,-0.0,10800.0,0.0
2025-09-23,0,97,16:10-16:20,1092.01325,512.6133928571428,0.92,0.9093392857142858,67.71999047619045,191.28585833333332,647.1198476190477,647.1198476190477,647.1198476190477,0.0,-0.0,10800.0,0.0
2025-09-23,0,98,16:20-16:30,1055.4899999999998,455.21249999999986,0.9152,0.9069642857142856,55.830892857142885,152.8322928571427,656.1083928571427,656.1083928571427,656.1083928571427,0.0,0.0,10800.0,0.0
2025-09-23,0,99,16:30-16:40,1053.4061499999998,405.0098857142857,0.9005,0.8893727678571427,45.38025952380974,164.5890696428567,693.776523809524,693.776523809524,693.776523809524,0.0,0.0,10800.0,0.0
2025-09-23,0,100,16:40-16:50,1082.0534666666667,350.33612380952377,0.9281,0.9160790178571429,43.381376190475976,128.2508755952379,775.0987190476189,775.0987190476189,775.0987190476189,0.0,-0.0,10800.0,0.0
2025-09-23,0,101,16:50-17:00,1099.9783333333332,289.9419642857142,0.9928,0.9843553571428568,61.52309523809538,112.34343988095188,871.5594642857145,871.5594642857145,871.5594642857145,0.0,-0.0,10800.0,0.0
2025-09-23,0,102,17:00-17:10,1074.0366833333333,234.88491666666664,1.0407,1.0351361607142862,49.7190047619049,103.22480059523761,888.8707714285715,888.8707714285715,888.8707714285715,0.0,0.0,10800.0,0.0
2025-09-23,0,103,17:10-17:20,1060.8777166666666,183.87570476190479,1.0656,1.0591111607142856,40.56485476190471,93.83993511904748,917.5668666666664,917.5668666666664,917.5668666666664,0.0,0.0,10800.0,0.0
2025-09-23,0,104,17:20-17:30,1090.5133333333333,134.45089285714286,1.0681,1.0578825892857142,41.53416666666669,95.75569999999965,997.5966071428572,997.5966071428572,997.5966071428572,0.0,0.0,10800.0,0.0
2025-09-23,0,105,17:30-17:40,1117.1051666666667,86.1912833333333,1.0679,1.0554214285714285,36.09725238095257,66.03843630952343,1067.011135714286,1067.011135714286,1067.011135714286,0.0,0.0,10800.0,0.0
2025-09-23,0,106,17:40-17:50,998.7632333333332,39.04516190476191,1.1769,1.166842857142857,28.293514285714423,57.448085714285554,988.0115857142857,988.0115857142857,988.0115857142857,0.0,0.0,10800.0,0.0
2025-09-23,0,107,17:50-18:00,805.8466666666666,4.819642857142857,1.3248,1.3201,29.599226190476315,73.14079285714286,0.0,0.0,0.0,0.0,830.62625,9877.081944444444,0.0
2025-09-23,0,108,18:00-18:10,764.1748666666667,0.0887142857142857,1.3204,1.3181205357142858,21.855611904761872,76.23191964285718,0.0,0.0,0.0,0.0,785.9417642857143,9003.813317460317,0.0
2025-09-23,0,109,18:10-18:20,783.3493333333332,0.7036071428571429,1.302,1.2955138392857146,28.465145238095147,51.56112678571405,0.0,0.0,0.0,0.0,811.1108714285713,8102.579015873016,0.0
2025-09-23,0,110,18:20-18:30,801.0899999999999,0.0,1.3348,1.3218459821428572,47.64833333333331,38.90978630952381,15.404999999999973,15.404999999999973,15.404999999999973,0.0,833.3333333333333,7176.65308994709,0.0
2025-09-23,0,111,18:30-18:40,838.19785,0.0014333333333333333,1.3458,1.329302678571429,21.88115238095247,70.53960595238081,26.744235714285878,26.744235714285878,26.744235714285878,0.0,833.3333333333333,6250.727164021164,0.0
2025-09-23,0,112,18:40-18:50,814.9752333333332,0.05051428571428571,1.342,1.3050625,25.116140476190424,73.16364166666662,6.707526190476187,6.707526190476187,6.707526190476187,0.0,833.3333333333333,5324.801238095238,0.0
2025-09-23,0,113,18:50-19:00,767.1333333333333,0.0,1.3489,1.2851522321428577,36.34000000000003,57.11549404761897,0.0,0.0,0.0,0.0,803.4733333333334,4432.05308994709,0.0
2025-09-23,0,114,19:00-19:10,813.1525166666667,0.00010238095238095237,1.3713,1.3068491071428572,29.49231428571443,77.24453154761889,9.311395238095429,9.311395238095429,9.311395238095429,0.0,833.3333333333333,3506.1271640211635,0.0
2025-09-23,0,115,19:10-19:20,841.5716,0.003626190476190476,1.3479,1.283965625,31.901666666666642,80.9742571428568,40.13630714285716,40.13630714285716,40.13630714285716,0.0,833.3333333333333,2580.2012380952374,0.0
2025-09-23,0,116,19:20-19:30,817.0316666666665,0.0,1.2973,1.2254964285714283,22.930000000000064,59.20124999999993,839.9616666666666,839.9616666666666,839.9616666666666,0.0,0.0,2580.2012380952374,0.0
2025-09-23,0,117,19:30-19:40,815.3069833333334,0.0,1.3023,1.2295370535714283,31.658783333333417,49.17476666666653,846.9657666666668,846.9657666666668,846.9657666666668,0.0,0.0,2580.2012380952374,0.0
2025-09-23,0,118,19:40-19:50,817.2126166666667,0.0002476190476190476,1.316,1.2443736607142857,14.943697619047612,49.94670119047615,832.1560666666667,832.1560666666667,832.1560666666667,0.0,0.0,2580.2012380952374,0.0
2025-09-23,0,119,19:50-20:00,803.1133333333333,0.0,1.3178,1.2473540178571427,28.12333333333345,39.67474047619035,831.2366666666668,831.2366666666668,831.2366666666668,0.0,0.0,2580.2012380952374,0.0
2025-09-23,0,120,20:00-20:10,782.7836666666667,0.0,1.3307,1.264600892857143,23.82991666666669,47.62640833333336,463.89316488095284,463.89316488095284,463.89316488095284,0.0,342.72041845238056,2199.400773148148,0.0
2025-09-23,0,121,20:10-20:20,783.34075,0.0,1.32,1.2533522321428574,26.782516666666652,59.69345833333341,810.1232666666666,810.1232666666666,810.1232666666666,0.0,0.0,2199.400773148148,0.0
2025-09-23,0,122,20:20-20:30,808.7033333333334,0.0,1.3141,1.2416125,17.79166666666663,78.38848750000005,826.495,826.495,826.495,0.0,0.0,2199.400773148148,0.0
2025-09-23,0,123,20:30-20:40,832.6574999999999,0.0,1.3525,1.2809441964285715,28.31428333333315,55.60381964285709,27.638449999999807,27.638449999999807,27.638449999999807,0.0,833.3333333333333,1273.4748472222223,0.0
2025-09-23,0,124,20:40-20:50,820.2962833333332,0.0,1.2229,1.1772245535714283,24.408333333333417,61.78047083333314,844.7046166666667,844.7046166666667,844.7046166666667,0.0,0.0,1273.4748472222223,0.0
2025-09-23,0,125,20:50-21:00,798.3233333333333,0.0,0.993,0.9786718750000002,26.578333333333376,66.12736249999998,881.6349434156377,881.6349434156377,881.6349434156377,56.73327674897109,0.0,1324.5347962962962,0.0
2025-09-23,0,126,21:00-21:10,820.2095333333333,0.0,0.9633,0.9455205357142857,16.0555333333333,112.08131666666671,836.2650666666666,836.2650666666666,836.2650666666666,0.0,0.0,1324.5347962962962,0.0
2025-09-23,0,127,21:10-21:20,799.1934333333334,0.0,0.9991,0.9743741071428568,26.71623333333332,85.00658749999961,825.9096666666667,825.9096666666667,825.9096666666667,0.0,0.0,1324.5347962962962,0.0
2025-09-23,0,128,21:20-21:30,763.7166666666667,0.0,1.0389,1.018835714285714,22.85833333333335,79.77020833333319,786.575,786.575,786.575,0.0,0.0,1324.5347962962962,0.0
2025-09-23,0,129,21:30-21:40,818.0142999999999,0.0,1.1088,1.089517410714286,29.54936666666663,80.2119291666666,832.0148249999997,832.0148249999997,832.0148249999997,0.0,15.548841666666794,1307.2583055555554,0.0
2025-09-23,0,130,21:40-21:50,776.9880833333333,0.0,0.8678,0.845742857142857,35.69796666666673,96.53247499999989,813.798894650206,813.798894650206,813.798894650206,1.112844650205918,0.0,1308.2598657407407,0.0
2025-09-23,0,131,21:50-22:00,639.2716666666666,0.0,0.4674,0.4439852678571428,26.535000000000082,97.4338791666666,665.8066666666667,665.8066666666667,665.8066666666667,0.0,0.0,1308.2598657407407,0.0
2025-09-23,0,132,22:00-22:10,599.7292166666666,0.0,0.4348,0.41368437499999994,17.427616666666665,66.35940833333333,1450.4901666666665,1450.4901666666665,1450.4901666666665,833.3333333333333,0.0,2058.2598657407407,0.0
2025-09-23,0,133,22:10-22:20,609.7264833333334,0.0,0.4709,0.4468638392857143,25.63261666666665,47.50737083333328,635.3591,635.3591,635.3591,0.0,0.0,2058.2598657407407,0.0
2025-09-23,0,134,22:20-22:30,613.2483333333332,0.0,0.4254,0.39479598214285716,27.183333333333394,49.50098333333327,1473.7649999999999,1473.7649999999999,1473.7649999999999,833.3333333333333,0.0,2808.2598657407407,0.0
2025-09-23,0,135,22:30-22:40,612.6178833333333,0.0,0.4529,0.42317589285714285,34.961766666666676,34.19502083333333,1480.9129833333332,1480.9129833333332,1480.9129833333332,833.3333333333333,0.0,3558.2598657407407,0.0
2025-09-23,0,136,22:40-22:50,617.3649666666666,0.0,0.4843,0.4592549107142858,28.557000000000016,31.71390416666641,645.9219666666667,645.9219666666667,645.9219666666667,0.0,0.0,3558.2598657407407,0.0
2025-09-23,0,137,22:50-23:00,619.0216666666666,0.0,0.4709,0.44958616071428575,34.38499999999999,67.53320833333316,653.4066666666666,653.4066666666666,653.4066666666666,0.0,0.0,3558.2598657407407,0.0
2025-09-23,0,138,23:00-23:10,604.4078166666666,0.0,0.4436,0.42326249999999993,25.04350000000011,91.6685958333329,1462.78465,1462.78465,1462.78465,833.3333333333333,0.0,4308.259865740741,0.0
2025-09-23,0,139,23:10-23:20,615.0140166666666,0.0,0.4301,0.4072,14.333683333333397,76.70940416666654,1462.6810333333333,1462.6810333333333,1462.6810333333333,833.3333333333333,0.0,5058.259865740741,0.0
2025-09-23,0,140,23:20-23:30,633.3716666666667,0.0,0.4358,0.4106169642857142,31.163333333333412,53.41779166666659,1497.8683333333333,1497.8683333333333,1497.8683333333333,833.3333333333333,0.0,5808.259865740741,0.0
2025-09-23,0,141,23:30-23:40,605.4943499999999,0.0,0.4482,0.4257861607142857,18.10699999999997,56.04126249999999,836.6459436213992,836.6459436213992,836.6459436213992,213.04459362139923,0.0,6000.0,0.0
2025-09-23,0,142,23:40-23:50,616.7699,0.0,0.4624,0.43959910714285716,26.942216666666695,40.77426249999995,643.7121166666667,643.7121166666667,643.7121166666667,0.0,0.0,6000.0,0.0
2025-09-23,0,143,23:50-24:00,653.885,0.0,0.4693,0.4441374999999999,21.319999999999993,36.20333333333335,675.2049999999999,675.2049999999999,675.2049999999999,0.0,0.0,6000.0,0.0
2025-09-24,0,0,0:00-0:10,617.9920833333333,0.0,0.4588,0.4388678571428571,22.247500000000173,58.77322916666658,640.2395833333335,640.2395833333335,640.2395833333335,0.0,0.0,6868.263629933861,0.0
2025-09-24,0,1,0:10-0:20,599.7917666666666,0.0,0.443,0.42371696428571426,16.52918333333332,66.89307916666681,616.3209499999999,616.3209499999999,616.3209499999999,0.0,0.0,6868.263629933861,0.0
2025-09-24,0,2,0:20-0:30,609.285,0.0,0.4237,0.40114196428571425,20.671666666666738,51.61303749999999,629.9566666666667,629.9566666666667,629.9566666666667,0.0,0.0,6868.263629933861,0.0
2025-09-24,0,3,0:30-0:40,569.9721666666667,0.0,0.4029,0.3834397321428571,14.105733333333433,66.75345416666676,1417.4112333333333,1417.4112333333333,1417.4112333333333,833.3333333333333,0.0,7618.263629933861,0.0
2025-09-24,0,4,0:40-0:50,571.9011499999999,0.0,0.4406,0.4206602678571429,26.891299999999887,72.80041250000006,598.7924499999998,598.7924499999998,598.7924499999998,0.0,0.0,7618.263629933861,0.0
2025-09-24,0,5,0:50-1:00,618.4549999999999,0.0,0.4946,0.47071473214285703,25.5383333333333,67.52875416666669,643.9933333333332,643.9933333333332,643.9933333333332,0.0,0.0,7618.263629933861,0.0
2025-09-24,0,6,1:00-1:10,615.7982333333333,0.0,0.4595,0.4388321428571427,27.336400000000026,72.08090833333324,643.1346333333333,643.1346333333333,643.1346333333333,0.0,0.0,7618.263629933861,0.0
2025-09-24,0,7,1:10-1:20,598.2117999999999,0.0,0.4367,0.4181066964285714,22.527400000000057,41.441333333333006,620.7392,620.7392,620.7392,0.0,0.0,7618.263629933861,0.0
2025-09-24,0,8,1:20-1:30,589.9616666666666,0.0,0.4462,0.42545625000000004,21.220000000000027,68.50538392857092,611.1816666666666,611.1816666666666,611.1816666666666,0.0,0.0,7618.263629933861,0.0
2025-09-24,0,9,1:30-1:40,576.0774666666666,0.0,0.4082,0.3866312500000001,15.631066666666698,88.00391130952355,1415.5455083039412,1415.5455083039412,1415.5455083039412,823.8369749706079,0.0,8359.716907407408,0.0
2025-09-24,0,10,1:40-1:50,559.06855,0.0,0.3795,0.35825044642857146,20.12435000000005,66.90997559523768,1412.5262333333333,1412.5262333333333,1412.5262333333333,833.3333333333333,0.0,9109.716907407408,0.0
2025-09-24,0,11,1:50-2:00,558.7149999999999,0.0,0.4121,0.3912040178571429,16.796666666666624,65.86787916666654,575.5116666666665,575.5116666666665,575.5116666666665,0.0,0.0,9109.716907407408,0.0
2025-09-24,0,12,2:00-2:10,589.0452,0.0,0.4903,0.46939955357142876,25.5542333333334,72.42331309523775,614.5994333333334,614.5994333333334,614.5994333333334,0.0,0.0,9109.716907407408,0.0
2025-09-24,0,13,2:10-2:20,594.7271333333333,0.0,0.4955,0.47430892857142865,22.231483333333472,58.90113214285694,616.9586166666668,616.9586166666668,616.9586166666668,0.0,0.0,9109.716907407408,0.0
2025-09-24,0,14,2:20-2:30,578.9,0.0,0.4391,0.41909330357142854,12.226666666666688,57.321408333333125,591.1266666666667,591.1266666666667,591.1266666666667,0.0,0.0,9109.716907407408,0.0
2025-09-24,0,15,2:30-2:40,596.0978166666666,0.0,0.4489,0.43312276785714293,17.55453333333344,45.96397916666652,613.6523500000001,613.6523500000001,613.6523500000001,0.0,0.0,9109.716907407408,0.0
2025-09-24,0,16,2:40-2:50,604.8680333333333,0.0,0.4958,0.4819839285714288,22.700733333333346,59.85102916666665,0.0,0.0,0.0,0.0,627.5687666666666,8412.418277777779,0.0
2025-09-24,0,17,2:50-3:00,589.5633333333333,0.0,0.5193,0.5048455357142856,25.146666666666647,56.190213690476156,0.0,0.0,0.0,0.0,614.7099999999999,7729.407166666667,0.0
2025-09-24,0,18,3:00-3:10,582.2100666666666,0.0,0.4937,0.4801419642857144,29.25638333333336,61.870455357142745,0.0,0.0,0.0,0.0,611.46645,7050.0,0.0
2025-09-24,0,19,3:10-3:20,601.25675,0.0,0.4894,0.4739549107142857,22.382826190476294,77.62227142857137,623.6395761904763,623.6395761904763,623.6395761904763,0.0,0.0,7050.0,0.0
2025-09-24,0,20,3:20-3:30,621.9133333333333,0.0,0.4832,0.4649995535714286,16.63833333333332,62.11348869047626,638.5516666666666,638.5516666666666,638.5516666666666,0.0,0.0,7050.0,0.0
2025-09-24,0,21,3:30-3:40,603.3189666666666,0.0,0.4,0.3848991071428571,20.80838333333338,78.15359404761908,1457.4606833333332,1457.4606833333332,1457.4606833333332,833.3333333333333,0.0,7800.0,0.0
2025-09-24,0,22,3:40-3:50,594.5952,0.0,0.4121,0.39878125,11.220169047618924,63.78303571428596,605.8153690476189,605.8153690476189,605.8153690476189,0.0,0.0,7800.0,0.0
2025-09-24,0,23,3:50-4:00,602.1583333333333,0.0,0.4917,0.4759236607142857,22.063333333333276,39.34916249999975,624.2216666666666,624.2216666666666,624.2216666666666,0.0,0.0,7800.0,0.0
2025-09-24,0,24,4:00-4:10,586.0359666666666,0.00029285714285714283,0.4341,0.4166316964285714,19.524783333333346,36.091638095237954,605.560457142857,605.560457142857,605.560457142857,0.0,0.0,7800.0,0.0
2025-09-24,0,25,4:10-4:20,581.0748833333333,0.0,0.3738,0.36052767857142864,30.423740476190574,50.417384523809346,1444.8319571428572,1444.8319571428572,1444.8319571428572,833.3333333333333,0.0,8550.0,0.0
2025-09-24,0,26,4:20-4:30,592.4949999999999,0.0,0.3841,0.3751290178571428,24.040000000000077,73.54592976190463,1449.8683333333333,1449.8683333333333,1449.8683333333333,833.3333333333333,0.0,9300.0,0.0
2025-09-24,0,27,4:30-4:40,590.5858333333333,0.0042833333333333334,0.4015,0.38663035714285715,26.371380952380946,102.84977857142857,1450.2862642857142,1450.2862642857142,1450.2862642857142,833.3333333333333,0.0,10050.0,0.0
2025-09-24,0,28,4:40-4:50,599.9555166666667,0.0,0.4114,0.39433437499999985,18.313695238095306,109.96594761904757,618.269211904762,618.269211904762,618.269211904762,0.0,0.0,10050.0,0.0
2025-09-24,0,29,4:50-5:00,609.9333333333333,0.0,0.4198,0.4058977678571427,16.444999999999936,113.97705476190464,626.3783333333332,626.3783333333332,626.3783333333332,0.0,0.0,10050.0,0.0
2025-09-24,0,30,5:00-5:10,588.6429499999999,0.05968571428571427,0.4382,0.4222013392857143,26.22828571428579,140.39906369047594,614.81155,614.81155,614.81155,0.0,0.0,10050.0,0.0
2025-09-24,0,31,5:10-5:20,610.9923166666666,0.0,0.4701,0.4598879464285712,22.311197619047675,171.3124613095236,633.3035142857143,633.3035142857143,633.3035142857143,0.0,0.0,10050.0,0.0
2025-09-24,0,32,5:20-5:30,642.9916666666666,0.0,0.4563,0.4571200892857143,31.437083333333362,313.0349601190474,674.4287499999999,674.4287499999999,674.4287499999999,0.0,0.0,10050.0,0.0
2025-09-24,0,33,5:30-5:40,594.7523,0.8313095238095238,0.3796,0.3802709821428572,22.811199999999985,508.1499898809519,1450.0655238095237,1450.0655238095237,1450.0655238095237,833.3333333333333,0.0,10800.0,0.0
2025-09-24,0,34,5:40-5:50,682.0191833333333,0.0,0.6058,0.6101808035714285,26.829340476190453,584.2343464285708,708.8485238095238,708.8485238095238,708.8485238095238,0.0,-0.0,10800.0,0.0
2025-09-24,0,35,5:50-6:00,849.975,2.875,1.0013,1.0151566964285714,41.587619047619114,601.943272023809,55.35428571428588,55.35428571428588,55.35428571428588,0.0,833.3333333333333,9874.074074074075,0.0
2025-09-24,0,36,6:00-6:10,814.3226666666666,34.86975238095238,1.0304,1.0445178571428568,40.14623095238096,651.3108964285711,0.0,0.0,0.0,0.0,819.5991452380952,8963.408357142858,0.0
2025-09-24,0,37,6:10-6:20,757.7532666666666,78.89039285714284,0.9202,0.9279866071428574,33.265861904761834,700.0326613095235,0.0,0.0,0.0,0.0,712.1287357142855,8172.154206349208,0.0
2025-09-24,0,38,6:20-6:30,779.6983333333333,125.26785714285714,0.8658,0.8695187500000001,35.91315476190479,727.6597095238092,0.0,0.0,0.0,0.0,690.343630952381,7405.105727513229,0.0
2025-09-24,0,39,6:30-6:40,794.9991333333334,176.6045976190476,0.8386,0.8461758928571427,42.862240476190465,707.2193672619044,0.0,0.0,0.0,0.0,661.2567761904762,6670.375976190478,0.0
2025-09-24,0,40,6:40-6:50,795.48105,227.945469047619,0.8302,0.836924553571429,49.55339999999998,813.4947892857138,0.0,0.0,0.0,0.0,617.088980952381,5984.721552910054,0.0
2025-09-24,0,41,6:50-7:00,794.4933333333333,280.1946428571428,0.8193,0.8212745535714286,51.21244047619041,868.7302869047613,565.5111309523809,565.5111309523809,565.5111309523809,0.0,0.0,5984.721552910054,0.0
2025-09-24,0,42,7:00-7:10,800.2560333333332,338.53371428571427,0.7834,0.7894781249999998,51.51989285714279,847.4988124999996,513.2422119047617,513.2422119047617,513.2422119047617,0.0,0.0,5984.721552910054,0.0
2025-09-24,0,43,7:10-7:20,800.6249166666666,394.1974523809524,0.774,0.7821816964285713,52.007376190476066,844.1915714285713,458.4348404761903,458.4348404761903,458.4348404761903,0.0,0.0,5984.721552910054,0.0
2025-09-24,0,44,7:20-7:30,785.2816666666665,447.69107142857143,0.7542,0.7572312499999999,65.41297619047607,860.2516041666665,403.0035714285712,403.0035714285712,403.0035714285712,0.0,0.0,5984.721552910054,0.0
2025-09-24,0,45,7:30-7:40,779.6579333333334,508.23880952380944,0.6762,0.6727040178571427,60.74443333333329,854.3063511904759,619.9268882716028,619.9268882716028,619.9268882716028,287.76333112874556,0.0,6243.708550925925,0.0
2025-09-24,0,46,7:40-7:50,914.0335166666666,568.7837547619048,0.8541,0.8462709821428571,52.80102619047625,828.2970107142854,0.0,0.0,0.0,0.0,398.0507880952381,5801.429897486772,0.0
2025-09-24,0,47,7:50-8:00,1106.3583333333331,623.0392857142856,1.1749,1.1666825892857149,53.31595238095247,800.4920863095234,0.0,0.0,0.0,0.0,536.635,5205.168786375661,0.0
2025-09-24,0,48,8:00-8:10,1127.6770333333334,671.6056976190475,1.1887,1.1833535714285712,41.41404285714299,776.5652113095235,0.0,0.0,0.0,0.0,497.4853785714288,4652.407254629628,0.0
2025-09-24,0,49,8:10-8:20,1108.5537666666667,722.2418428571428,1.1601,1.155224553571428,68.17415476190479,729.185098214285,0.0,0.0,0.0,0.0,454.4860785714285,4147.422722883597,0.0
2025-09-24,0,50,8:20-8:30,1119.105,773.925,1.1867,1.179394196428571,67.49863095238084,780.2631684523801,0.0,0.0,0.0,0.0,412.6786309523809,3688.8909107142854,0.0
2025-09-24,0,51,8:30-8:40,1098.90735,819.729907142857,1.1032,1.0947875000000005,75.408673809524,763.5465035714282,0.0,0.0,0.0,0.0,354.58611666666707,3294.9063366402106,0.0
2025-09-24,0,52,8:40-8:50,1075.7503833333333,870.4827452380952,1.0823,1.0720848214285714,64.8767595238096,691.280588690476,0.0,0.0,0.0,0.0,270.1443976190477,2994.7458948412686,0.0
2025-09-24,0,53,8:50-9:00,1068.8616666666667,925.5392857142856,1.1403,1.1281745535714287,108.06041666666681,684.3162607142855,0.0,0.0,0.0,0.0,251.38279761904778,2715.431675264549,0.0
2025-09-24,0,54,9:00-9:10,1069.1498833333333,971.7746857142857,1.1027,1.0918656250000003,74.34143095238096,680.5429869047615,0.0,0.0,0.0,0.0,171.7166285714285,2524.635421296295,0.0
2025-09-24,0,55,9:10-9:20,1082.4630833333333,1010.4849357142857,1.0125,1.0032325892857143,59.667261904761894,618.0498184523808,0.0,0.0,0.0,0.0,131.64540952380958,2378.362744047618,0.0
2025-09-24,0,56,9:20-9:30,1096.6883333333333,1052.3919642857143,0.9614,0.9550250000000002,99.9611904761905,596.1887678571425,0.0,0.0,0.0,0.0,144.2575595238095,2218.076566798941,0.0
2025-09-24,0,57,9:30-9:40,1089.8279333333332,1104.7902428571429,0.9962,0.9936522321428571,103.69031428571436,592.8393285714284,0.0,0.0,0.0,0.0,88.72800476190469,2119.489894841269,0.0
2025-09-24,0,58,9:40-9:50,1087.071683333333,1140.1224166666666,1.0204,0.996176339285714,98.72694523809514,612.4228494047609,0.0,0.0,0.0,0.0,45.67621190476166,2068.7385482804225,0.0
2025-09-24,0,59,9:50-10:00,1092.0566666666666,1154.7348214285712,1.0058,0.9451705357142857,92.51648809523802,680.377042857143,0.0,0.0,0.0,0.0,29.838333333333367,2035.5848445767188,0.0
2025-09-24,0,60,10:00-10:10,1085.1481833333332,1174.3417,1.0021,0.9314562500000003,88.16244523809505,734.8084577380948,0.0,0.0,0.0,1.0310714285717495,0.0,2036.5128088624333,0.0
2025-09-24,0,61,10:10-10:20,1086.5007999999998,1210.6905166666666,0.96,0.8934044642857141,74.40513333333342,752.86152797619,0.0,0.0,0.0,49.78458333333333,0.0,2081.3189338624334,0.0
2025-09-24,0,62,10:20-10:30,1092.67,1255.2160714285712,0.9061,0.8387343750000004,83.85886904761901,737.7144059523804,0.0,0.0,0.0,78.68720238095216,0.0,2152.13741600529,0.0
2025-09-24,0,63,10:30-10:40,1078.0562833333333,1287.079619047619,0.9008,0.8258571428571432,99.32178095238123,751.055457142857,0.0,0.0,0.0,109.70155476190439,0.0,2250.868815291004,0.0
2025-09-24,0,64,10:40-10:50,1063.2094333333332,1302.8258642857145,0.7446,0.689158482142857,109.7551761904765,743.9016446428566,0.0,0.0,0.0,129.86125476190477,0.0,2367.743944576718,0.0
2025-09-24,0,65,10:50-11:00,1060.2766666666666,1317.8598214285712,0.5019,0.48039375000000006,97.4755357142858,722.374813690476,196.32461634332606,196.32461634332606,196.32461634332606,356.4322353909448,0.0,2688.5329564285685,0.0
2025-09-24,0,66,11:00-11:10,1058.4000333333333,1349.009788095238,0.4624,0.44029107142857143,79.50212857142878,719.0271077380952,622.2257071428573,622.2257071428573,622.2257071428573,833.3333333333333,0.0,3438.5329564285685,0.0
2025-09-24,0,67,11:10-11:20,1038.0423,1363.429488095238,0.5034,0.4723973214285713,90.40529523809516,716.6626880952383,598.3514404761906,598.3514404761906,598.3514404761906,833.3333333333333,0.0,4188.5329564285685,0.0
2025-09-24,0,68,11:20-11:30,1025.2849999999999,1360.4303571428572,0.5335,0.5049700892857144,93.42672619047616,709.8648696428575,0.0,0.0,0.0,241.71863095238132,0.0,4406.079724285712,0.0
2025-09-24,0,69,11:30-11:40,1059.1206833333333,1371.8935904761902,0.5648,0.5423241071428572,84.48718809523768,849.7666505952386,0.0,0.0,0.0,228.2857190476193,0.0,4611.536871428569,0.0
2025-09-24,0,70,11:40-11:50,1045.7641333333331,1382.1691261904764,0.4803,0.45491875,111.53916666666663,917.4354839285717,608.4675071428567,608.4675071428567,608.4675071428567,833.3333333333333,0.0,5361.536871428569,0.0
2025-09-24,0,71,11:50-12:00,990.5666666666666,1388.829464285714,0.3613,0.329103125,95.44845238095252,945.4315089285714,530.5189880952382,530.5189880952382,530.5189880952382,833.3333333333333,0.0,6111.536871428569,0.0
2025-09-24,0,72,12:00-12:10,993.9371666666666,1408.1834023809524,0.4197,0.3927415178571429,102.08970476190495,942.5749613095237,521.1768023809525,521.1768023809525,521.1768023809525,833.3333333333333,0.0,6861.536871428569,0.0
2025-09-24,0,73,12:10-12:20,1007.1474333333333,1429.0305119047619,0.469,0.44595401785714284,95.21683809523824,917.5927047619045,506.66709285714296,506.66709285714296,506.66709285714296,833.3333333333333,0.0,7611.536871428569,0.0
2025-09-24,0,74,12:20-12:30,989.2933333333333,1431.4982142857143,0.4001,0.3731058035714286,72.74690476190506,851.505411309524,463.8753571428572,463.8753571428572,463.8753571428572,833.3333333333333,0.0,8361.536871428569,0.0
2025-09-24,0,75,12:30-12:40,958.4087833333333,1405.6800642857143,0.3228,0.29103705357142867,102.07584047619025,751.6652773809531,488.13789285714256,488.13789285714256,488.13789285714256,833.3333333333333,0.0,9111.536871428569,0.0
2025-09-24,0,76,12:40-12:50,978.049,1385.5501261904765,0.485,0.4513589285714287,67.35545000000008,842.4742446428563,493.1876571428568,493.1876571428568,493.1876571428568,833.3333333333333,0.0,9861.536871428569,0.0
2025-09-24,0,77,12:50-13:00,1032.6066666666666,1369.7,0.7734,0.7413732142857142,66.26488095238119,908.7877785714276,0.0,0.0,0.0,270.8284523809523,0.0,10105.282478571426,0.0
2025-09-24,0,78,13:00-13:10,1045.9828833333331,1327.2352285714283,0.8218,0.792420535714286,69.09348571428575,897.54623095238,0.0,0.0,0.0,212.1588595238095,0.0,10296.225452142855,0.0
2025-09-24,0,79,13:10-13:20,1057.5490166666666,1292.7359333333334,0.816,0.7843053571428572,67.35565952380915,797.1270589285709,0.0,0.0,0.0,167.83125714285757,0.0,10447.273583571427,0.0
2025-09-24,0,80,13:20-13:30,1075.3899999999999,1270.8330357142854,0.8837,0.8516263392857146,58.1229166666667,692.5179690476183,0.0,0.0,0.0,137.32011904761885,0.0,10570.861690714284,0.0
2025-09-24,0,81,13:30-13:40,1060.9434166666665,1231.6046166666665,0.9477,0.9257370535714288,79.62093333333323,595.0931773809516,0.0,0.0,0.0,91.04026666666687,0.0,10652.797930714285,0.0
2025-09-24,0,82,13:40-13:50,1033.56385,1193.352188095238,0.9215,0.8826629464285712,74.7460642857144,572.9573077380943,0.0,0.0,0.0,85.04227380952352,0.0,10729.335977142857,0.0
2025-09-24,0,83,13:50-14:00,1026.2483333333332,1167.0464285714284,0.8673,0.7932232142857144,88.4495238095238,575.8053244047614,0.0,0.0,0.0,52.348571428571404,0.0,10776.449691428572,0.0
2025-09-24,0,84,14:00-14:10,1052.8753166666665,1143.4704714285713,0.9253,0.8468102678571426,64.42814523809523,500.34620595238067,0.0,0.0,0.0,26.16700952380961,0.0,10800.0,0.0
2025-09-24,0,85,14:10-14:20,1059.6477666666665,1112.491352380952,0.9623,0.8913937500000003,74.18846904761904,490.3580613095236,0.0,0.0,0.0,0.0,21.344883333333428,10776.283462962963,0.0
2025-09-24,0,86,14:20-14:30,1038.735,1069.1723214285714,0.9645,0.8918651785714283,105.00380952380925,466.05197559523776,0.0,0.0,0.0,0.0,74.56648809523767,10693.43180952381,0.0
2025-09-24,0,87,14:30-14:40,1031.2027333333333,1016.5521714285715,1.0172,0.9359013392857144,73.68388333333328,413.98740476190414,0.0,0.0,0.0,0.0,88.33444523809521,10595.282425925927,0.0
2025-09-24,0,88,14:40-14:50,1023.5157999999999,968.0955500000001,0.8633,0.8006196428571428,65.62083333333322,374.8453261904748,0.0,0.0,0.0,0.0,121.04108333333295,10460.792333333335,0.0
2025-09-24,0,89,14:50-15:00,1017.1116666666667,925.0276785714284,0.6037,0.5785316964285714,71.11124999999998,351.46698095237946,540.0926455026441,540.0926455026441,540.0926455026441,376.8974074074059,0.0,10800.0,0.0
2025-09-24,0,90,15:00-15:10,1030.5911666666666,876.4347119047618,0.6323,0.6188883928571427,51.981314285714234,290.24317738095186,206.13776904761903,206.13776904761903,206.13776904761903,-0.0,0.0,10800.0,0.0
2025-09-24,0,91,15:10-15:20,1035.6900333333333,822.2028166666665,0.7398,0.7238526785714285,57.20933809523814,266.52793809523723,270.69655476190485,270.69655476190485,270.69655476190485,-0.0,0.0,10800.0,0.0
2025-09-24,0,92,15:20-15:30,1031.6033333333332,769.6687499999999,0.7652,0.748126339285714,76.39571428571412,228.54828630952238,338.3302976190474,338.3302976190474,338.3302976190474,0.0,0.0,10800.0,0.0
2025-09-24,0,93,15:30-15:40,1048.1844166666665,724.7018928571429,0.7571,0.7434785714285711,57.72837619047647,210.6644869047608,381.21090000000004,381.21090000000004,381.21090000000004,0.0,0.0,10800.0,0.0
2025-09-24,0,94,15:40-15:50,1078.7795333333333,670.0029190476191,0.7839,0.7729473214285717,51.430788095238256,188.02379404761822,460.20740238095254,460.20740238095254,460.20740238095254,0.0,0.0,10800.0,0.0
2025-09-24,0,95,15:50-16:00,1081.0149999999999,606.3857142857142,0.848,0.8362522321428572,59.52958333333322,195.68963630952294,534.1588690476189,534.1588690476189,534.1588690476189,0.0,0.0,10800.0,0.0
2025-09-24,0,96,16:00-16:10,1025.5342166666665,551.8789595238094,0.8928,0.879415625,65.06448095238113,216.46436964285655,538.7197380952381,538.7197380952381,538.7197380952381,0.0,0.0,10800.0,0.0
2025-09-24,0,97,16:10-16:20,1032.5273333333332,498.13845476190477,0.9004,0.8891857142857145,67.71999047619045,190.88406011904732,602.1088690476188,602.1088690476188,602.1088690476188,0.0,0.0,10800.0,0.0
2025-09-24,0,98,16:20-16:30,1097.0183333333332,443.40982142857143,0.9104,0.9024750000000002,58.279940476190745,156.64134285714255,711.8884523809525,711.8884523809525,711.8884523809525,0.0,-0.0,10800.0,0.0
2025-09-24,0,99,16:30-16:40,1094.3123999999998,394.54467142857135,0.973,0.962422767857143,45.864145238095375,170.84716726190442,745.6318738095238,745.6318738095238,745.6318738095238,0.0,-0.0,10800.0,0.0
2025-09-24,0,100,16:40-16:50,1069.7247333333332,339.76482857142855,0.9972,0.9842647321428565,42.2538571428571,134.99285892857122,772.2137619047617,772.2137619047617,772.2137619047617,0.0,-0.0,10800.0,0.0
2025-09-24,0,101,16:50-17:00,1056.5383333333332,279.12767857142853,0.9705,0.9605482142857145,55.90863095238092,117.95790416666634,833.3192857142856,833.3192857142856,833.3192857142856,0.0,0.0,10800.0,0.0
2025-09-24,0,102,17:00-17:10,1042.4458666666665,225.4314857142857,0.9753,0.971859375,49.7190047619049,103.22480059523761,866.7333857142856,866.7333857142856,866.7333857142856,-0.0,0.0,10800.0,0.0
2025-09-24,0,103,17:10-17:20,1056.5888,176.02389285714287,1.0163,1.0123843749999997,40.56485476190471,98.71727619047567,921.129761904762,921.129761904762,921.129761904762,-0.0,0.0,10800.0,0.0
2025-09-24,0,104,17:20-17:30,1105.2633333333333,127.59107142857144,1.0532,1.042895089285714,41.53416666666669,95.00544999999968,1019.2064285714287,1019.2064285714287,1019.2064285714287,0.0,0.0,10800.0,0.0
2025-09-24,0,105,17:30-17:40,1129.5181666666667,80.26553095238096,1.0588,1.0475875,36.09725238095257,66.58453392857103,1085.3498880952384,1085.3498880952384,1085.3498880952384,0.0,0.0,10800.0,0.0
2025-09-24,0,106,17:40-17:50,959.1968666666667,34.891045238095245,1.1492,1.1407392857142855,28.293514285714423,56.69783571428559,952.5993357142859,952.5993357142859,952.5993357142859,0.0,0.0,10800.0,0.0
2025-09-24,0,107,17:50-18:00,726.1266666666667,2.963392857142857,1.2829,1.2778571428571437,29.599226190476315,72.14045952380957,0.0,0.0,0.0,0.0,752.7625000000002,9963.597222222223,0.0
2025-09-24,0,108,18:00-18:10,749.2313833333333,0.0,1.2942,1.2917223214285714,21.843978571428465,75.23158630952389,0.0,0.0,0.0,0.0,771.0753619047617,9106.84682010582,0.0
2025-09-24,0,109,18:10-18:20,790.7036666666665,0.8089261904761904,1.2911,1.2857281249999999,29.47711190476184,52.06738928571434,0.0,0.0,0.0,0.0,819.3718523809522,8196.433650793651,0.0
2025-09-24,0,110,18:20-18:30,755.1083333333332,0.0,1.3228,1.311522767857143,47.64833333333331,52.86702678571436,0.0,0.0,0.0,0.0,802.7566666666665,7304.4817989418,0.0
2025-09-24,0,111,18:30-18:40,781.3599166666665,0.0,1.3284,1.312252678571428,21.88115238095247,90.33053392857155,0.0,0.0,0.0,0.0,803.241069047619,6411.991722222223,0.0
2025-09-24,0,112,18:40-18:50,808.6662166666666,0.058076190476190476,1.322,1.2826571428571427,24.307649999999853,69.70432321428578,0.0,0.0,0.0,0.0,832.9157904761903,5486.529732804233,0.0
2025-09-24,0,113,18:50-19:00,804.9416666666666,0.0,1.3199,1.2517254464285712,18.808333333333394,68.10912916666675,823.75,823.75,823.75,0.0,0.0,5486.529732804233,0.0
2025-09-24,0,114,19:00-19:10,808.6604666666667,0.0,1.3218,1.2541294642857141,28.012311904761873,78.72453392857145,836.6727785714286,836.6727785714286,836.6727785714286,0.0,0.0,5486.529732804233,0.0
2025-09-24,0,115,19:10-19:20,813.4116666666666,0.004169047619047618,1.3336,1.269374553571429,31.901666666666642,80.29641964285699,11.975830952380988,11.975830952380988,11.975830952380988,0.0,833.3333333333333,4560.603806878307,0.0
2025-09-24,0,116,19:20-19:30,799.4016666666666,0.0,1.3385,1.267985714285714,22.930000000000064,59.20124999999993,0.0,0.0,0.0,0.0,822.3316666666667,3646.901955026455,0.0
2025-09-24,0,117,19:30-19:40,760.7288,0.0,1.3086,1.235403125,31.658783333333417,49.17476666666653,792.3875833333334,792.3875833333334,792.3875833333334,0.0,0.0,3646.901955026455,0.0
2025-09-24,0,118,19:40-19:50,749.9835666666665,0.00028571428571428574,1.2685,1.1959986607142856,14.943697619047612,49.94670119047615,764.9269785714284,764.9269785714284,764.9269785714284,0.0,0.0,3646.901955026455,0.0
2025-09-24,0,119,19:50-20:00,786.0016666666667,0.0,1.2743,1.2043647321428572,28.12333333333345,41.86983571428567,814.1250000000001,814.1250000000001,814.1250000000001,0.0,0.0,3646.901955026455,0.0
2025-09-24,0,120,20:00-20:10,831.2790333333334,0.0,1.3529,1.286861607142857,23.94684285714277,43.92269107142863,21.89254285714287,21.89254285714287,21.89254285714287,0.0,833.3333333333333,2720.9760291005296,0.0
2025-09-24,0,121,20:10-20:20,820.6923333333334,0.0,1.3545,1.2877504464285716,28.617821428571347,46.75074523809522,15.976821428571498,15.976821428571498,15.976821428571498,0.0,833.3333333333333,1795.0501031746037,0.0
2025-09-24,0,122,20:20-20:30,777.6833333333334,0.0,1.3029,1.230994642857143,25.284999999999968,71.10657916666665,802.9683333333334,802.9683333333334,802.9683333333334,0.0,0.0,1795.0501031746037,0.0
2025-09-24,0,123,20:30-20:40,784.4203,0.0,1.3364,1.2651459821428575,27.468583333333413,48.49171964285695,336.8567821428568,336.8567821428568,336.8567821428568,0.0,475.0321011904766,1267.2366574074074,0.0
2025-09-24,0,124,20:40-20:50,782.5072333333333,0.0,1.2004,1.1547638392857142,22.55681666666669,60.512991666666636,805.06405,805.06405,805.06405,0.0,0.0,1267.2366574074074,0.0
2025-09-24,0,125,20:50-21:00,774.785,0.0,0.9687,0.9548129464285717,27.834999999999923,58.31387916666665,858.1897633744854,858.1897633744854,858.1897633744854,55.56976337448557,0.0,1317.2494444444444,0.0
2025-09-24,0,126,21:00-21:10,822.6224166666666,0.0,0.9897,0.9728258928571424,22.314850000000092,105.52449999999993,844.9372666666667,844.9372666666667,844.9372666666667,0.0,0.0,1317.2494444444444,0.0
2025-09-24,0,127,21:10-21:20,837.4872,0.0,1.0113,0.9866562499999999,26.71623333333332,82.63453750000016,864.2034333333334,864.2034333333334,864.2034333333334,0.0,0.0,1317.2494444444444,0.0
2025-09-24,0,128,21:20-21:30,821.3316666666666,0.0,0.9812,0.9596142857142854,24.04833333333329,78.58020833333325,845.3799999999999,845.3799999999999,845.3799999999999,0.0,0.0,1317.2494444444444,0.0
2025-09-24,0,129,21:30-21:40,846.1977666666667,0.0,1.0579,1.037020982142857,29.54936666666663,79.10859583333327,862.341775,862.341775,862.341775,0.0,13.40535833333331,1302.3546018518518,0.0
2025-09-24,0,130,21:40-21:50,759.5119833333333,0.0,0.8489,0.8278232142857141,35.69796666666673,92.1191416666666,796.3227946502058,796.3227946502058,796.3227946502058,1.1128446502056653,0.0,1303.356162037037,0.0
2025-09-24,0,131,21:50-22:00,604.75,0.0,0.4578,0.43710133928571426,26.535000000000082,93.0205458333333,631.2850000000001,631.2850000000001,631.2850000000001,0.0,0.0,1303.356162037037,0.0
2025-09-24,0,132,22:00-22:10,591.95745,0.0,0.4183,0.3963165178571429,17.427616666666665,65.25607500000001,1442.7184,1442.7184,1442.7184,833.3333333333333,0.0,2053.356162037037,0.0
2025-09-24,0,133,22:10-22:20,591.3099,0.0,0.4503,0.42487098214285723,25.63261666666665,43.094037499999985,835.4356699588478,835.4356699588478,835.4356699588478,218.49315329218118,0.0,2250.0,0.0
2025-09-24,0,134,22:20-22:30,574.8333333333333,0.0,0.4242,0.3953691964285714,31.596666666666692,45.08764999999997,1439.7633333333333,1439.7633333333333,1439.7633333333333,833.3333333333333,0.0,3000.0,0.0
2025-09-24,0,135,22:30-22:40,646.89345,0.0,0.4946,0.46596517857142855,34.961766666666676,34.19502083333333,681.8552166666667,681.8552166666667,681.8552166666667,0.0,0.0,3000.0,0.0
2025-09-24,0,136,22:40-22:50,688.17805,0.0,0.5164,0.4914513392857142,28.557000000000016,31.71390416666641,716.73505,716.73505,716.73505,0.0,0.0,3000.0,0.0
2025-09-24,0,137,22:50-23:00,643.8466666666666,0.0,0.4561,0.4355379464285713,34.38499999999999,67.53320833333316,678.2316666666666,678.2316666666666,678.2316666666666,0.0,0.0,3000.0,0.0
2025-09-24,0,138,23:00-23:10,584.1982166666667,0.0,0.4352,0.41579999999999995,25.04350000000011,91.6685958333329,1442.57505,1442.57505,1442.57505,833.3333333333333,0.0,3750.0,0.0
2025-09-24,0,139,23:10-23:20,585.7167333333333,0.0,0.4387,0.41603035714285713,14.333683333333397,76.70940416666654,1433.38375,1433.38375,1433.38375,833.3333333333333,0.0,4500.0,0.0
2025-09-24,0,140,23:20-23:30,623.3316666666666,0.0,0.4489,0.4231276785714286,31.163333333333412,53.41779166666659,1487.8283333333334,1487.8283333333334,1487.8283333333334,833.3333333333333,0.0,5250.0,0.0
2025-09-24,0,141,23:30-23:40,609.1421833333333,0.0,0.4703,0.44744687499999997,18.10699999999997,56.04126249999999,627.2491833333332,627.2491833333332,627.2491833333332,0.0,0.0,5250.0,0.0
2025-09-24,0,142,23:40-23:50,606.9488833333332,0.0,0.4631,0.44026875000000004,26.942216666666695,40.77426249999995,633.8910999999999,633.8910999999999,633.8910999999999,0.0,0.0,5250.0,0.0
2025-09-24,0,143,23:50-24:00,628.6533333333333,0.0,0.4233,0.3980410714285715,21.319999999999993,36.20333333333335,1483.3066666666666,1483.3066666666666,1483.3066666666666,833.3333333333333,0.0,6000.0,0.0
2025-09-25,0,0,0:00-0:10,611.9645666666667,0.0,0.3905,0.3699357142857143,22.247500000000173,55.641129166666545,1467.5454,1467.5454,1467.5454,833.3333333333333,0.0,7809.795160939157,0.0
2025-09-25,0,1,0:10-0:20,562.9349333333332,0.0,0.3903,0.37051339285714274,19.66128333333336,67.31431250000017,1415.9295499999998,1415.9295499999998,1415.9295499999998,833.3333333333333,0.0,8559.795160939157,0.0
2025-09-25,0,2,0:20-0:30,536.26,0.0,0.4153,0.3931508928571427,20.671666666666738,54.27803750000004,556.9316666666667,556.9316666666667,556.9316666666667,0.0,0.0,8559.795160939157,0.0
2025-09-25,0,3,0:30-0:40,580.8780666666667,0.0,0.4331,0.4144325892857144,14.105733333333433,67.6417875000001,594.9838000000001,594.9838000000001,594.9838000000001,0.0,0.0,8559.795160939157,0.0
2025-09-25,0,4,0:40-0:50,605.0319999999999,0.0,0.4266,0.4056709821428572,26.891299999999887,71.09844583333354,631.9232999999998,631.9232999999998,631.9232999999998,0.0,0.0,8559.795160939157,0.0
2025-09-25,0,5,0:50-1:00,585.3333333333333,0.0,0.4138,0.38684508928571415,21.9849999999999,71.08208750000009,607.3183333333332,607.3183333333332,607.3183333333332,0.0,0.0,8559.795160939157,0.0
2025-09-25,0,6,1:00-1:10,582.7371666666666,0.0,0.4281,0.40562499999999985,27.336400000000026,70.78539999999987,610.0735666666666,610.0735666666666,610.0735666666666,0.0,0.0,8559.795160939157,0.0
2025-09-25,0,7,1:10-1:20,581.4399666666666,0.0,0.444,0.42491205357142864,22.527400000000057,35.66801666666652,603.9673666666666,603.9673666666666,603.9673666666666,0.0,0.0,8559.795160939157,0.0
2025-09-25,0,8,1:20-1:30,576.6966666666666,0.0,0.441,0.41990446428571426,21.50666666666666,59.076058333333236,598.2033333333333,598.2033333333333,598.2033333333333,0.0,0.0,8559.795160939157,0.0
2025-09-25,0,9,1:30-1:40,584.66685,0.0,0.4192,0.3981151785714284,21.297149999999988,79.40364107142844,605.9639999999999,605.9639999999999,605.9639999999999,0.0,0.0,8559.795160939157,0.0
2025-09-25,0,10,1:40-1:50,581.3780666666667,0.0,0.382,0.3615879464285715,21.178666666666686,65.90265000000016,1435.8900666666666,1435.8900666666666,1435.8900666666666,833.3333333333333,0.0,9309.795160939157,0.0
2025-09-25,0,11,1:50-2:00,573.6099999999999,0.0,0.3772,0.356459375,16.796666666666624,67.12329583333332,1423.7399999999998,1423.7399999999998,1423.7399999999998,833.3333333333333,0.0,10059.795160939157,0.0
2025-09-25,0,12,2:00-2:10,590.9083833333333,0.0,0.4517,0.430140625,24.287983333333273,67.08943154761889,615.1963666666666,615.1963666666666,615.1963666666666,0.0,0.0,10059.795160939157,0.0
2025-09-25,0,13,2:10-2:20,592.1078666666666,0.0,0.4791,0.45736428571428567,22.231483333333472,56.704699404761726,614.3393500000001,614.3393500000001,614.3393500000001,0.0,0.0,10059.795160939157,0.0
2025-09-25,0,14,2:20-2:30,580.3499999999999,0.0,0.4387,0.41873973214285715,12.270000000000095,56.48491249999981,592.62,592.62,592.62,0.0,0.0,10059.795160939157,0.0
2025-09-25,0,15,2:30-2:40,599.8278333333333,0.0,0.432,0.4158245535714285,17.55453333333344,45.69959166666655,617.3823666666667,617.3823666666667,617.3823666666667,0.0,0.0,10059.795160939157,0.0
2025-09-25,0,16,2:40-2:50,610.94245,0.0,0.4525,0.4371982142857142,22.700733333333346,59.58664166666668,633.6431833333334,633.6431833333334,633.6431833333334,0.0,0.0,10059.795160939157,0.0
2025-09-25,0,17,2:50-3:00,592.2533333333333,0.0,0.4619,0.4452758928571427,25.146666666666647,55.11545119047642,617.4,617.4,617.4,0.0,0.0,10059.795160939157,0.0
2025-09-25,0,18,3:00-3:10,568.0191666666666,0.0,0.4368,0.4214205357142856,30.31393333333324,58.89169345238098,598.3330999999998,598.3330999999998,598.3330999999998,0.0,0.0,10059.795160939157,0.0
2025-09-25,0,19,3:10-3:20,583.0704333333333,0.0,0.4229,0.4054602678571429,22.382826190476294,73.37834999999984,605.4532595238096,605.4532595238096,605.4532595238096,0.0,0.0,10059.795160939157,0.0
2025-09-25,0,20,3:20-3:30,617.4466666666666,0.0,0.433,0.4128513392857142,15.50666666666666,60.17506428571451,632.9533333333333,632.9533333333333,632.9533333333333,0.0,0.0,10059.795160939157,0.0
2025-09-25,0,21,3:30-3:40,609.42005,0.0,0.4371,0.4222901785714286,21.96299999999985,69.44237976190482,631.3830499999998,631.3830499999998,631.3830499999998,0.0,0.0,10059.795160939157,0.0
2025-09-25,0,22,3:40-3:50,605.3888666666667,0.0,0.4359,0.4231258928571428,18.882066666666674,56.12113809523821,624.2709333333333,624.2709333333333,624.2709333333333,0.0,0.0,10059.795160939157,0.0
2025-09-25,0,23,3:50-4:00,616.04,0.0,0.4486,0.43170937499999995,22.063333333333276,38.598419642856925,638.1033333333332,638.1033333333332,638.1033333333332,0.0,0.0,10059.795160939157,0.0
2025-09-25,0,24,4:00-4:10,604.94855,0.00033571428571428565,0.482,0.46416562499999997,19.384383333333403,35.34089523809513,615.5169527738067,615.5169527738067,615.5169527738067,0.0,8.815644845240968,10050.0,0.0
2025-09-25,0,25,4:10-4:20,599.3379666666666,0.0,0.4596,0.44722767857142864,31.31488333333334,49.52624166666658,630.65285,630.65285,630.65285,0.0,0.0,10050.0,0.0
2025-09-25,0,26,4:20-4:30,599.1233333333332,0.0,0.3924,0.3844647321428572,24.040000000000077,73.54592976190463,623.1633333333333,623.1633333333333,623.1633333333333,0.0,0.0,10050.0,0.0
2025-09-25,0,27,4:30-4:40,579.7937333333333,0.004666666666666666,0.3817,0.3673035714285714,26.371380952380946,104.23720892857152,1439.4937809523808,1439.4937809523808,1439.4937809523808,833.3333333333333,0.0,10800.0,0.0
2025-09-25,0,28,4:40-4:50,591.2184833333333,0.0,0.4536,0.43702723214285716,18.313695238095306,112.14374583333316,609.5321785714286,609.5321785714286,609.5321785714286,0.0,0.0,10800.0,0.0
2025-09-25,0,29,4:50-5:00,620.6783333333333,0.0,0.5124,0.4994745535714286,16.444999999999936,119.23073750000005,0.0,0.0,0.0,0.0,637.1233333333332,10092.085185185186,0.0
2025-09-25,0,30,5:00-5:10,609.7835333333333,0.06501190476190474,0.4438,0.4285584821428571,26.22828571428579,146.98475535714283,635.9468071428571,635.9468071428571,635.9468071428571,0.0,0.0,10092.085185185186,0.0
2025-09-25,0,31,5:10-5:20,637.3291333333333,0.0,0.4519,0.4425075892857143,22.311197619047675,179.826741666667,659.640330952381,659.640330952381,659.640330952381,0.0,0.0,10092.085185185186,0.0
2025-09-25,0,32,5:20-5:30,662.66,0.0,0.4905,0.49254151785714273,31.437083333333362,327.49623154761935,656.2204166666661,656.2204166666661,656.2204166666661,0.0,37.876666666667184,10050.0,0.0
2025-09-25,0,33,5:30-5:40,580.7785833333332,0.9054761904761905,0.364,0.36552098214285705,19.27296904761897,522.6112613095238,1432.4794095238094,1432.4794095238094,1432.4794095238094,833.3333333333333,0.0,10800.0,0.0
2025-09-25,0,34,5:40-5:50,632.87455,0.0,0.5671,0.5714558035714286,26.829340476190453,595.1573869047617,659.7038904761905,659.7038904761905,659.7038904761905,0.0,-0.0,10800.0,0.0
2025-09-25,0,35,5:50-6:00,806.7083333333333,1.5875,0.9959,1.009113839285714,41.587619047619114,612.8663124999998,13.375119047619137,13.375119047619137,13.375119047619137,0.0,833.3333333333333,9874.074074074075,0.0
2025-09-25,0,36,6:00-6:10,836.4591833333334,31.86010714285715,1.0098,1.0234892857142854,40.14623095238096,662.233936904762,11.411973809523943,11.411973809523943,11.411973809523943,0.0,833.3333333333333,8948.14814814815,0.0
2025-09-25,0,37,6:10-6:20,804.8281,74.44091904761905,0.9075,0.9151830357142855,34.954185714285586,710.9557017857144,0.0,0.0,0.0,0.0,765.3413666666665,8097.7688518518535,0.0
2025-09-25,0,38,6:20-6:30,797.7033333333334,119.97500000000002,0.9017,0.9055026785714286,36.01303571428576,740.2710738095238,0.0,0.0,0.0,0.0,713.7413690476191,7304.722886243388,0.0
2025-09-25,0,39,6:30-6:40,807.9937666666666,170.7267214285714,0.8965,0.9046544642857144,42.862240476190465,719.9306125,0.0,0.0,0.0,0.0,680.1292857142856,6549.023679894181,0.0
2025-09-25,0,40,6:40-6:50,808.4838333333333,222.16934285714285,0.8798,0.8879977678571429,49.55339999999998,823.3831803571426,0.0,0.0,0.0,0.0,635.8678904761905,5842.503801587303,0.0
2025-09-25,0,41,6:50-7:00,790.6783333333333,274.7794642857143,0.8512,0.8559888392857143,52.93553571428572,878.61867797619,0.0,0.0,0.0,0.0,568.8344047619047,5210.465574074076,0.0
2025-09-25,0,42,7:00-7:10,773.8254666666667,332.6772071428571,0.8093,0.819370982142857,51.51989285714279,859.1102988095239,492.6681523809524,492.6681523809524,492.6681523809524,0.0,0.0,5210.465574074076,0.0
2025-09-25,0,43,7:10-7:20,793.3343833333333,387.6544476190476,0.797,0.807040625,43.12524285714278,855.8030577380953,448.80517857142854,448.80517857142854,448.80517857142854,0.0,0.0,5210.465574074076,0.0
2025-09-25,0,44,7:20-7:30,805.1133333333333,439.51071428571424,0.7663,0.7677366071428572,60.01857142857153,862.9809571428572,425.6211904761907,425.6211904761907,425.6211904761907,0.0,0.0,5210.465574074076,0.0
2025-09-25,0,45,7:30-7:40,755.9132,496.13402857142853,0.6695,0.6651415178571429,60.743007142856925,851.6412994047622,1153.8555119047614,1153.8555119047614,1153.8555119047614,833.3333333333333,0.0,5960.465574074076,0.0
2025-09-25,0,46,7:40-7:50,873.2245166666667,553.315830952381,0.8464,0.8391995535714287,52.80102619047625,825.6305327380953,234.33252380952095,234.33252380952095,234.33252380952095,0.0,138.37718809524094,5806.713142857142,0.0
2025-09-25,0,47,7:50-8:00,1096.3383333333331,608.4633928571427,1.1875,1.1798879464285716,53.31595238095247,797.8256083333334,0.0,0.0,0.0,0.0,541.1908928571429,5205.389928571428,0.0
2025-09-25,0,48,8:00-8:10,1120.7117333333333,663.2522047619047,1.2141,1.2089124999999998,41.41404285714299,773.8987333333334,0.0,0.0,0.0,0.0,498.8735714285715,4651.0859603174595,0.0
2025-09-25,0,49,8:10-8:20,1095.7760166666667,717.3097166666666,1.1503,1.1453441964285715,68.17415476190479,718.0500577380948,0.0,0.0,0.0,0.0,446.64045476190495,4154.8187883597875,0.0
2025-09-25,0,50,8:20-8:30,1108.9283333333333,768.1008928571429,1.14,1.1327549107142856,66.49863095238084,769.12812797619,0.0,0.0,0.0,0.0,407.32607142857125,3702.234264550264,0.0
2025-09-25,0,51,8:30-8:40,1094.2766499999998,814.8882309523808,1.0994,1.0911303571428563,75.408673809524,751.411463095238,0.0,0.0,0.0,0.0,354.79709285714307,3308.0152724867717,0.0
2025-09-25,0,52,8:40-8:50,1088.2794666666666,869.6926976190476,1.0814,1.069979464285714,64.716645238095,679.1455482142858,0.0,0.0,0.0,0.0,283.303414285714,2993.2337010582005,0.0
2025-09-25,0,53,8:50-9:00,1100.4266666666667,928.9919642857142,1.0796,1.065113839285714,102.73238095238088,671.0249898809518,0.0,0.0,0.0,0.0,274.1670833333335,2688.6036084656075,0.0
2025-09-25,0,54,9:00-9:10,1098.4128666666666,975.4698428571429,1.0283,1.0171209821428573,80.6732047619048,659.2315839285708,0.0,0.0,0.0,0.0,203.61622857142845,2462.3633544973536,0.0
2025-09-25,0,55,9:10-9:20,1099.3392,1011.8556976190476,1.0043,0.9956665178571429,59.667261904761894,599.0879380952373,0.0,0.0,0.0,0.0,147.15076428571422,2298.8625052910043,0.0
2025-09-25,0,56,9:20-9:30,1098.5383333333332,1051.0848214285713,0.9998,0.9928017857142856,99.9611904761905,583.9012351190468,0.0,0.0,0.0,0.0,147.41470238095235,2135.0683915343907,0.0
2025-09-25,0,57,9:30-9:40,1075.2538,1103.0802238095239,0.9376,0.9337593749999998,103.69031428571436,580.2197571428563,0.0,0.0,0.0,0.0,75.86389047619036,2050.775179894179,0.0
2025-09-25,0,58,9:40-9:50,1079.7195499999998,1146.6169952380951,0.9367,0.9107120535714284,98.72694523809514,600.7993940476176,0.0,0.0,0.0,0.0,31.829499999999825,2015.409068783068,0.0
2025-09-25,0,59,9:50-10:00,1099.9783333333332,1172.0821428571426,0.9938,0.9312794642857142,92.51648809523802,648.251748214285,0.0,0.0,0.0,0.0,20.412678571428614,1992.728314814814,0.0
2025-09-25,0,60,10:00-10:10,1076.1058666666665,1191.2622285714288,0.9745,0.9030044642857148,88.16244523809505,713.4554833333325,0.0,0.0,0.0,26.993916666667246,0.0,2017.0228398148145,0.0
2025-09-25,0,61,10:10-10:20,1073.7339166666666,1222.6954976190475,0.9108,0.8435651785714287,85.69655000000034,733.7400488095227,0.0,0.0,0.0,63.265030952380584,0.0,2073.961367671957,0.0
2025-09-25,0,62,10:20-10:30,1103.0249999999999,1262.9267857142854,0.8785,0.8097308035714288,83.85886904761901,729.88434345238,0.0,0.0,0.0,76.04291666666654,0.0,2142.3999926719566,0.0
2025-09-25,0,63,10:30-10:40,1104.02585,1290.2945619047618,0.8908,0.8144928571428569,99.32178095238123,723.7196714285706,0.0,0.0,0.0,86.94693095238063,0.0,2220.652230529099,0.0
2025-09-25,0,64,10:40-10:50,1086.8218,1304.696661904762,0.7252,0.668603125,109.7551761904765,716.5658589285702,0.0,0.0,0.0,108.11968571428565,0.0,2317.9599476719563,0.0
2025-09-25,0,65,10:50-11:00,1069.46,1323.3848214285715,0.4624,0.43966696428571445,97.4755357142858,699.4531440476186,136.55673274544665,136.55673274544665,136.55673274544665,293.00601845973233,0.0,2581.6653642857154,0.0
2025-09-25,0,66,11:00-11:10,1058.3104166666667,1361.568076190476,0.4267,0.4033482142857143,79.50212857142878,708.0923928571424,609.5778023809528,609.5778023809528,609.5778023809528,833.3333333333333,0.0,3331.6653642857154,0.0
2025-09-25,0,67,11:10-11:20,1055.1537333333333,1381.3727261904762,0.4755,0.4434098214285714,90.40529523809516,689.3269023809519,0.0,0.0,0.0,235.81369761904784,0.0,3543.8976921428584,0.0
2025-09-25,0,68,11:20-11:30,1062.36,1375.0392857142854,0.4624,0.43277366071428547,94.75488095238128,683.3994999999995,615.408928571429,615.408928571429,615.408928571429,833.3333333333333,0.0,4293.897692142858,0.0
2025-09-25,0,69,11:30-11:40,1073.1633499999998,1370.8917190476188,0.3894,0.36556517857142845,84.48718809523768,824.6294357142857,620.092152380952,620.092152380952,620.092152380952,833.3333333333333,0.0,5043.897692142858,0.0
2025-09-25,0,70,11:40-11:50,1041.3425333333332,1368.1918904761906,0.3778,0.35292946428571426,111.53916666666663,892.2982690476191,618.0231428571426,618.0231428571426,618.0231428571426,833.3333333333333,0.0,5793.897692142858,0.0
2025-09-25,0,71,11:50-12:00,992.0799999999999,1373.4330357142858,0.4304,0.4007995535714285,95.44845238095252,920.2942940476187,547.4287499999998,547.4287499999998,547.4287499999998,833.3333333333333,0.0,6543.897692142858,0.0
2025-09-25,0,72,12:00-12:10,997.2622166666666,1397.506738095238,0.4328,0.40626116071428564,102.08970476190495,917.437746428571,535.1785166666668,535.1785166666668,535.1785166666668,833.3333333333333,0.0,7293.897692142858,0.0
2025-09-25,0,73,12:10-12:20,994.0094666666666,1410.2728166666666,0.3935,0.3692040178571428,95.21683809523824,892.9673892857139,512.2868214285716,512.2868214285716,512.2868214285716,833.3333333333333,0.0,8043.897692142858,0.0
2025-09-25,0,74,12:20-12:30,965.8366666666667,1400.1794642857144,0.3582,0.33147544642857135,93.82970238095243,826.8800958333334,492.820238095238,492.820238095238,492.820238095238,833.3333333333333,0.0,8793.897692142858,0.0
2025-09-25,0,75,12:30-12:40,965.7534,1383.8377714285712,0.3912,0.3621031249999999,107.00067380952407,748.1227595238096,522.2496357142861,522.2496357142861,522.2496357142861,833.3333333333333,0.0,9543.897692142858,0.0
2025-09-25,0,76,12:40-12:50,999.8204999999999,1373.5110476190478,0.5985,0.5667035714285714,67.35545000000008,848.003506547618,0.0,0.0,0.0,306.3350976190477,0.0,9819.599280000002,0.0
2025-09-25,0,77,12:50-13:00,1038.4983333333332,1358.3133928571428,0.8638,0.8311160714285714,66.26488095238119,914.3170404761893,0.0,0.0,0.0,253.55017857142843,0.0,10047.794440714288,0.0
2025-09-25,0,78,13:00-13:10,1044.2712166666665,1318.857938095238,0.9222,0.8932687500000002,69.09348571428575,903.0754928571417,0.0,0.0,0.0,205.4932357142859,0.0,10232.738352857144,0.0
2025-09-25,0,79,13:10-13:20,1038.9182333333333,1287.1111976190475,0.8449,0.8146928571428572,67.35565952380915,801.0478208333328,0.0,0.0,0.0,180.837304761905,0.0,10395.491927142859,0.0
2025-09-25,0,80,13:20-13:30,1043.4833333333331,1271.3357142857142,0.7786,0.7472299107142861,58.1229166666667,696.4387309523802,0.0,0.0,0.0,169.72946428571436,0.0,10548.248445000001,0.0
2025-09-25,0,81,13:30-13:40,1058.4797833333332,1247.9094214285712,0.8143,0.7923763392857145,79.62093333333323,599.0139392857135,0.0,0.0,0.0,109.80870476190489,0.0,10647.076279285715,0.0
2025-09-25,0,82,13:40-13:50,1066.1453666666666,1213.159642857143,0.8691,0.8295593749999998,74.7460642857144,576.8780696428562,0.0,0.0,0.0,72.26821190476176,0.0,10712.11767,0.0
2025-09-25,0,83,13:50-14:00,1058.0216666666665,1177.0598214285712,0.89,0.8149053571428573,88.4495238095238,578.343770833333,0.0,0.0,0.0,30.58863095238098,0.0,10739.647437857142,0.0
2025-09-25,0,84,14:00-14:10,1040.0481333333332,1150.5294476190475,0.896,0.8177102678571426,64.42814523809523,505.3393011904758,0.0,0.0,0.0,46.05316904761912,0.0,10781.09529,0.0
2025-09-25,0,85,14:10-14:20,1020.8707999999999,1116.0645023809523,0.9023,0.8328151785714286,74.18846904761904,495.3511565476187,0.0,0.0,0.0,21.005233333333308,0.0,10800.0,0.0
2025-09-25,0,86,14:20-14:30,1007.62,1067.4035714285712,0.9339,0.8627366071428568,105.00380952380925,471.04507083333294,0.0,0.0,0.0,0.0,45.220238095238074,10749.755291005291,0.0
2025-09-25,0,87,14:30-14:40,1004.5178999999999,1015.757038095238,0.982,0.9012477678571427,73.68388333333328,419.5166666666659,0.0,0.0,0.0,0.0,62.44474523809515,10680.37224074074,0.0
2025-09-25,0,88,14:40-14:50,1011.79675,968.130242857143,0.8727,0.8102124999999998,65.62083333333322,378.963714880951,0.0,0.0,0.0,0.0,109.28734047619014,10558.941862433863,0.0
2025-09-25,0,89,14:50-15:00,1016.7950000000001,922.6464285714284,0.6739,0.6490995535714287,71.11124999999998,355.5853696428556,165.25982142857163,165.25982142857163,165.25982142857163,0.0,0.0,10558.941862433863,0.0
2025-09-25,0,90,15:00-15:10,1007.6665666666665,872.2891476190475,0.6515,0.6378491071428571,50.46226666666689,295.77243928571363,453.6820607877712,453.6820607877712,453.6820607877712,267.8423750734853,0.0,10800.0,0.0
2025-09-25,0,91,15:10-15:20,1020.6929333333333,819.9057,0.7296,0.7132473214285715,55.24672142857162,270.53815238095166,256.03395476190485,256.03395476190485,256.03395476190485,0.0,0.0,10800.0,0.0
2025-09-25,0,92,15:20-15:30,1040.405,768.8392857142856,0.7873,0.7699888392857144,76.39571428571412,227.65182678571324,347.96142857142854,347.96142857142854,347.96142857142854,0.0,0.0,10800.0,0.0
2025-09-25,0,93,15:30-15:40,1018.31785,719.0544999999998,0.7812,0.7667625000000002,57.72837619047647,211.73073214285637,356.9917261904767,356.9917261904767,356.9917261904767,0.0,0.0,10800.0,0.0
2025-09-25,0,94,15:40-15:50,1025.6214499999999,665.5472238095238,0.7996,0.7891651785714282,51.430788095238256,189.5352249999995,411.5050142857144,411.5050142857144,411.5050142857144,0.0,-0.0,10800.0,0.0
2025-09-25,0,95,15:50-16:00,1075.0516666666667,609.6044642857142,0.8491,0.8392486607142858,59.52958333333322,195.14738154761864,524.9767857142857,524.9767857142857,524.9767857142857,0.0,-0.0,10800.0,0.0
2025-09-25,0,96,16:00-16:10,1100.1746166666667,556.6364214285713,0.8538,0.8392888392857143,63.016883333333226,217.5306148809521,606.5550785714286,606.5550785714286,606.5550785714286,0.0,-0.0,10800.0,0.0
2025-09-25,0,97,16:10-16:20,1076.146,499.10635,0.8606,0.8475821428571431,67.71999047619045,189.902707738095,644.7596404761903,644.7596404761903,644.7596404761903,0.0,-0.0,10800.0,0.0
2025-09-25,0,98,16:20-16:30,1034.2766666666666,439.8803571428572,0.8882,0.880657142857143,58.279940476190745,152.71593333333317,652.6762500000003,652.6762500000003,652.6762500000003,0.0,-0.0,10800.0,0.0
2025-09-25,0,99,16:30-16:40,1035.6741166666666,389.4576238095238,0.9048,0.893633482142857,45.864145238095375,166.92175773809504,692.0806380952381,692.0806380952381,692.0806380952381,0.0,-0.0,10800.0,0.0
2025-09-25,0,100,16:40-16:50,1079.5935666666664,334.7526904761905,0.9167,0.9031147321428569,42.2538571428571,131.06744940476185,787.0947333333331,787.0947333333331,787.0947333333331,0.0,-0.0,10800.0,0.0
2025-09-25,0,101,16:50-17:00,1105.5783333333334,274.1866071428571,0.9352,0.9261553571428575,55.90863095238092,114.03249464285696,887.3003571428571,887.3003571428571,887.3003571428571,0.0,0.0,10800.0,0.0
2025-09-25,0,102,17:00-17:10,1054.39935,220.17815,0.9633,0.9602611607142858,53.64441428571428,99.29939107142823,887.8656142857142,887.8656142857142,887.8656142857142,0.0,0.0,10800.0,0.0
2025-09-25,0,103,17:10-17:20,1041.0199333333333,171.0123904761905,0.9891,0.9854986607142856,40.56485476190471,99.41908511904711,910.5723976190474,910.5723976190474,910.5723976190474,0.0,0.0,10800.0,0.0
2025-09-25,0,104,17:20-17:30,1093.725,123.27410714285715,1.0126,1.003564732142857,41.53416666666669,96.53863392857107,1011.9850595238096,1011.9850595238096,1011.9850595238096,0.0,0.0,10800.0,0.0
2025-09-25,0,105,17:30-17:40,1103.58575,76.1877380952381,1.0581,1.0479696428571426,36.09725238095257,66.4403124999996,1063.4952642857145,1063.4952642857145,1063.4952642857145,0.0,-0.0,10800.0,0.0
2025-09-25,0,106,17:40-17:50,946.8083333333334,31.81659761904762,1.1816,1.173417857142857,28.293514285714423,56.26517142857131,943.2852500000002,943.2852500000002,943.2852500000002,0.0,-0.0,10800.0,0.0
2025-09-25,0,107,17:50-18:00,751.2066666666666,1.6517857142857144,1.3309,1.3253428571428572,29.599226190476315,73.52942202380953,0.0,0.0,0.0,0.0,779.1541071428572,9934.273214285715,0.0
2025-09-25,0,108,18:00-18:10,782.5642833333333,0.0,1.3756,1.3720651785714288,19.79973333333328,76.62054880952385,0.0,0.0,0.0,0.0,802.3640166666665,9042.757640211641,0.0
2025-09-25,0,109,18:10-18:20,850.7207833333333,0.8809071428571428,1.3378,1.3320263392857146,29.47711190476184,52.06738928571434,45.983654761904745,45.983654761904745,45.983654761904745,0.0,833.3333333333333,8116.831714285715,0.0
2025-09-25,0,110,18:20-18:30,824.5733333333333,0.0,1.2903,1.2791263392857144,50.26946428571421,51.75852678571442,41.509464285714216,41.509464285714216,41.509464285714216,0.0,833.3333333333333,7190.905788359789,0.0
2025-09-25,0,111,18:30-18:40,760.32035,0.0,1.2941,1.2761473214285715,21.88115238095247,90.9397672619049,0.0,0.0,0.0,0.0,782.2015023809524,6321.793007936509,0.0
2025-09-25,0,112,18:40-18:50,755.2884999999999,0.0632452380952381,1.3168,1.2752589285714289,22.795019047618894,70.31355654761913,0.0,0.0,0.0,0.0,778.0202738095236,5457.326037037038,0.0
2025-09-25,0,113,18:50-19:00,807.2566666666667,0.0,1.3358,1.2675968750000002,18.808333333333394,68.10912916666675,389.574558333333,389.574558333333,389.574558333333,0.0,436.49044166666704,4972.336657407408,0.0
2025-09-25,0,114,19:00-19:10,825.8902833333333,0.0,1.3503,1.2841794642857145,28.012311904761873,78.72453392857145,20.569261904761902,20.569261904761902,20.569261904761902,0.0,833.3333333333333,4046.410731481482,0.0
2025-09-25,0,115,19:10-19:20,801.7741166666666,0.00454047619047619,1.3205,1.2568174107142855,31.901666666666642,79.39302202380938,833.6712428571427,833.6712428571427,833.6712428571427,0.0,0.0,4046.410731481482,0.0
2025-09-25,0,116,19:20-19:30,787.4649999999999,0.0,1.2837,1.2120821428571422,22.930000000000064,59.20124999999993,810.395,810.395,810.395,0.0,0.0,4046.410731481482,0.0
2025-09-25,0,117,19:30-19:40,833.1831333333332,0.0,1.318,1.2452852678571429,31.658783333333417,45.56117619047609,864.8419166666666,864.8419166666666,864.8419166666666,0.0,0.0,4046.410731481482,0.0
2025-09-25,0,118,19:40-19:50,824.8349666666666,0.00032619047619047623,1.3195,1.249454017857143,18.55728809523805,49.12268750000001,843.3919285714284,843.3919285714284,843.3919285714284,0.0,0.0,4046.410731481482,0.0
2025-09-25,0,119,19:50-20:00,771.9516666666666,0.0,1.2819,1.2137772321428575,28.12333333333345,41.86983571428567,800.075,800.075,800.075,0.0,0.0,4046.410731481482,0.0
2025-09-25,0,120,20:00-20:10,798.13985,0.0,1.3048,1.2374276785714287,23.94684285714277,43.92269107142863,822.0866928571428,822.0866928571428,822.0866928571428,0.0,0.0,4046.410731481482,0.0
2025-09-25,0,121,20:10-20:20,826.8907999999999,0.0,1.342,1.274187946428572,28.617821428571347,47.69324523809513,22.17528809523799,22.17528809523799,22.17528809523799,0.0,833.3333333333333,3120.484805555556,0.0
2025-09-25,0,122,20:20-20:30,824.9016666666666,0.0,1.3804,1.3100839285714287,25.284999999999968,71.10657916666665,16.853333333333353,16.853333333333353,16.853333333333353,0.0,833.3333333333333,2194.5588796296297,0.0
2025-09-25,0,123,20:30-20:40,835.7967333333332,0.0,1.4221,1.3508031249999994,27.468583333333413,49.31989880952348,29.931983333333392,29.931983333333392,29.931983333333392,0.0,833.3333333333333,1268.6329537037036,0.0
2025-09-25,0,124,20:40-20:50,832.6847666666665,0.0,1.2608,1.2134924107142855,22.55681666666669,61.76965833333318,855.2415833333332,855.2415833333332,855.2415833333332,0.0,0.0,1268.6329537037036,0.0
2025-09-25,0,125,20:50-21:00,814.9133333333332,0.0,0.9993,0.984141517857143,26.578333333333376,59.5705458333332,895.5099897119342,895.5099897119342,895.5099897119342,54.01832304526756,0.0,1317.2494444444444,0.0
2025-09-25,0,126,21:00-21:10,811.6645333333332,0.0,0.9703,0.9522651785714292,22.314850000000092,105.52449999999993,833.9793833333333,833.9793833333333,833.9793833333333,0.0,0.0,1317.2494444444444,0.0
2025-09-25,0,127,21:10-21:20,795.5145833333332,0.0,0.9886,0.9632098214285714,26.71623333333332,82.63453750000016,822.2308166666666,822.2308166666666,822.2308166666666,0.0,0.0,1317.2494444444444,0.0
2025-09-25,0,128,21:20-21:30,808.6766666666667,0.0,1.0017,0.9796839285714288,24.04833333333329,78.58020833333325,832.725,832.725,832.725,0.0,0.0,1317.2494444444444,0.0
2025-09-25,0,129,21:30-21:40,893.9894166666666,0.0,1.0896,1.0672941964285714,29.54936666666663,79.10859583333327,909.7049374999998,909.7049374999998,909.7049374999998,0.0,13.833845833333362,1301.8785046296296,0.0
2025-09-25,0,130,21:40-21:50,779.2041166666666,0.0,0.8282,0.8059214285714285,35.69796666666673,91.69065416666658,816.014927983539,816.014927983539,816.014927983539,1.1128446502056653,0.0,1302.8800648148147,0.0
2025-09-25,0,131,21:50-22:00,556.89,0.0,0.3975,0.377135267857143,26.535000000000082,92.59205833333328,1416.7583333333332,1416.7583333333332,1416.7583333333332,833.3333333333333,0.0,2052.8800648148144,0.0
2025-09-25,0,132,22:00-22:10,603.3885666666666,0.0,0.4376,0.4163004464285714,17.427616666666665,65.25607500000001,620.8161833333334,620.8161833333334,620.8161833333334,0.0,0.0,2052.8800648148144,0.0
2025-09-25,0,133,22:10-22:20,664.62085,0.0,0.5226,0.49768169642857163,25.63261666666665,41.79947499999989,690.2534666666667,690.2534666666667,690.2534666666667,0.0,0.0,2052.8800648148144,0.0
2025-09-25,0,134,22:20-22:30,609.615,0.0,0.4401,0.41137455357142866,31.596666666666692,44.65916249999995,860.2338168724284,860.2338168724284,860.2338168724284,219.02215020576173,0.0,2250.0,0.0
2025-09-25,0,135,22:30-22:40,568.2608499999999,0.0,0.4079,0.37826875,36.675716666666744,32.48107083333326,1438.2698999999998,1438.2698999999998,1438.2698999999998,833.3333333333333,0.0,3000.0,0.0
2025-09-25,0,136,22:40-22:50,570.6015166666666,0.0,0.4106,0.3841995535714287,28.557000000000016,31.71390416666641,1432.4918499999999,1432.4918499999999,1432.4918499999999,833.3333333333333,0.0,3750.0,0.0
2025-09-25,0,137,22:50-23:00,597.9833333333333,0.0,0.4228,0.4012790178571427,34.38499999999999,67.53320833333316,1465.7016666666666,1465.7016666666666,1465.7016666666666,833.3333333333333,0.0,4500.0,0.0
2025-09-25,0,138,23:00-23:10,614.1458666666666,0.0,0.4565,0.43664642857142855,25.04350000000011,91.6685958333329,639.1893666666667,639.1893666666667,639.1893666666667,0.0,0.0,4500.0,0.0
2025-09-25,0,139,23:10-23:20,597.4531666666667,0.0,0.4652,0.44261428571428574,14.333683333333397,76.70940416666654,611.7868500000001,611.7868500000001,611.7868500000001,0.0,0.0,4500.0,0.0
2025-09-25,0,140,23:20-23:30,590.7683333333333,0.0,0.4532,0.42794017857142874,31.163333333333412,53.41779166666659,621.9316666666667,621.9316666666667,621.9316666666667,0.0,0.0,4500.0,0.0
2025-09-25,0,141,23:30-23:40,640.9178833333333,0.0,0.4619,0.43957723214285715,18.10699999999997,56.04126249999999,659.0248833333333,659.0248833333333,659.0248833333333,0.0,0.0,4500.0,0.0
2025-09-25,0,142,23:40-23:50,578.9284833333334,0.0,0.4224,0.40044910714285714,26.942216666666695,40.77426249999995,1439.2040333333334,1439.2040333333334,1439.2040333333334,833.3333333333333,0.0,5250.0,0.0
2025-09-25,0,143,23:50-24:00,427.18999999999994,0.0,0.355,0.331442857142857,21.319999999999993,36.20333333333335,1281.8433333333332,1281.8433333333332,1281.8433333333332,833.3333333333333,0.0,6000.0,0.0
2025-09-26,0,0,0:00-0:10,391.6960333333333,0.0,0.359,0.3406178571428572,22.247500000000173,55.641129166666545,413.94353333333345,413.94353333333345,413.94353333333345,0.0,0.0,7029.407350548943,0.0
2025-09-26,0,1,0:10-0:20,429.61175000000003,0.0,0.3809,0.36230089285714284,19.66128333333336,61.11494583333365,0.0,0.0,0.0,0.0,449.2730333333334,6530.215091289684,0.0
2025-09-26,0,2,0:20-0:30,448.525,0.0,0.3706,0.3483919642857144,21.096666666666692,61.056558333333214,469.62166666666667,469.62166666666667,469.62166666666667,0.0,0.0,6530.215091289684,0.0
2025-09-26,0,3,0:30-0:40,407.0414666666666,0.0,0.3335,0.3156558035714286,21.91526666666664,59.8322541666669,428.95673333333326,428.95673333333326,428.95673333333326,0.0,0.0,6530.215091289684,0.0
2025-09-26,0,4,0:40-0:50,401.5736,0.0,0.3249,0.30530133928571423,26.891299999999887,68.89782083333363,428.4648999999999,428.4648999999999,428.4648999999999,0.0,0.0,6530.215091289684,0.0
2025-09-26,0,5,0:50-1:00,450.58500000000004,0.0,0.3648,0.33840937499999996,21.9849999999999,70.34854583333345,472.56999999999994,472.56999999999994,472.56999999999994,0.0,0.0,6530.215091289684,0.0
2025-09-26,0,6,1:00-1:10,474.3467166666667,0.0,0.4122,0.3897982142857143,27.336400000000026,67.85123333333331,0.0,0.0,0.0,0.0,501.6831166666667,5972.789406104499,0.0
2025-09-26,0,7,1:10-1:20,451.53164999999996,0.0,0.3796,0.36024241071428564,25.461566666666613,32.76635000000002,362.38588926785496,362.38588926785496,362.38588926785496,0.0,114.60732739881159,5845.447931216931,0.0
2025-09-26,0,8,1:20-1:30,427.705,0.0,0.3096,0.28808839285714294,21.50666666666666,59.076058333333236,1282.5449999999998,1282.5449999999998,1282.5449999999998,833.3333333333333,0.0,6595.447931216931,0.0
2025-09-26,0,9,1:30-1:40,465.35091666666665,0.0,0.3343,0.3133473214285713,21.297149999999988,77.96493333333325,486.64806666666664,486.64806666666664,486.64806666666664,0.0,0.0,6595.447931216931,0.0
2025-09-26,0,10,1:40-1:50,493.1146,0.0,0.3815,0.36223973214285704,21.178666666666686,65.90265000000016,0.0,0.0,0.0,0.0,514.2932666666667,6024.010968253968,0.0
2025-09-26,0,11,1:50-2:00,467.4883333333333,0.0,0.3621,0.34305223214285707,16.796666666666624,62.31235000000021,484.2849999999999,484.2849999999999,484.2849999999999,0.0,0.0,6024.010968253968,0.0
2025-09-26,0,12,2:00-2:10,415.87328333333335,0.0,0.2652,0.24436026785714296,24.287983333333273,45.10277083333327,1273.4946,1273.4946,1273.4946,833.3333333333333,0.0,6774.010968253968,0.0
2025-09-26,0,13,2:10-2:20,398.96906666666666,0.0,0.2464,0.22367500000000007,22.231483333333472,39.88969583333312,1254.5338833333335,1254.5338833333335,1254.5338833333335,833.3333333333333,0.0,7524.010968253968,0.0
2025-09-26,0,14,2:20-2:30,419.91666666666663,0.0,0.3172,0.2957486607142856,12.226666666666688,47.89035416666661,432.1433333333333,432.1433333333333,432.1433333333333,0.0,0.0,7524.010968253968,0.0
2025-09-26,0,15,2:30-2:40,432.89205,0.0,0.3434,0.327640625,17.55453333333344,45.09640833333327,450.4465833333334,450.4465833333334,450.4465833333334,0.0,0.0,7524.010968253968,0.0
2025-09-26,0,16,2:40-2:50,455.0893,0.0,0.3462,0.33128214285714275,23.137249999999995,58.05658333333338,478.22655,478.22655,478.22655,0.0,0.0,7524.010968253968,0.0
2025-09-26,0,17,2:50-3:00,476.15166666666664,0.0,0.3409,0.32328124999999985,25.313333333333276,50.29456666666664,501.4649999999999,501.4649999999999,501.4649999999999,0.0,0.0,7524.010968253968,0.0
2025-09-26,0,18,3:00-3:10,459.4327166666667,0.0,0.3124,0.2978544642857143,34.021433333333334,53.69671250000009,493.45415,493.45415,493.45415,0.0,0.0,7524.010968253968,0.0
2025-09-26,0,19,3:10-3:20,437.8047833333333,0.0,0.3086,0.29239776785714283,23.870307142857087,73.00925952380979,461.6750904761904,461.6750904761904,461.6750904761904,0.0,0.0,7524.010968253968,0.0
2025-09-26,0,20,3:20-3:30,429.925,0.0,0.3381,0.31709419642857145,15.50666666666666,60.17506428571451,445.4316666666667,445.4316666666667,445.4316666666667,0.0,0.0,7524.010968253968,0.0
2025-09-26,0,21,3:30-3:40,427.02085,0.0,0.362,0.34562410714285713,21.96299999999985,69.44237976190482,448.98384999999985,448.98384999999985,448.98384999999985,0.0,0.0,7524.010968253968,0.0
2025-09-26,0,22,3:40-3:50,437.5744666666667,0.0,0.3752,0.3616044642857143,18.882066666666674,56.12113809523821,0.0,0.0,0.0,0.0,456.45653333333337,7016.837042328042,0.0
2025-09-26,0,23,3:50-4:00,444.23499999999996,0.0,0.3702,0.3534218749999999,22.063333333333276,38.93270892857129,466.29833333333323,466.29833333333323,466.29833333333323,0.0,0.0,7016.837042328042,0.0
2025-09-26,0,24,4:00-4:10,421.9894333333333,0.0003309523809523809,0.3427,0.3249049107142857,19.384383333333403,36.2320380952379,441.3734857142857,441.3734857142857,441.3734857142857,0.0,0.0,7016.837042328042,0.0
2025-09-26,0,25,4:10-4:20,433.36041666666665,0.0,0.3422,0.3291312500000001,30.423740476190574,39.899476785714256,463.7841571428572,463.7841571428572,463.7841571428572,0.0,0.0,7016.837042328042,0.0
2025-09-26,0,26,4:20-4:30,476.355,0.0,0.3659,0.3572254464285714,20.533333333333303,72.42945178571446,496.8883333333333,496.8883333333333,496.8883333333333,0.0,0.0,7016.837042328042,0.0
2025-09-26,0,27,4:30-4:40,484.6115,0.004614285714285714,0.3626,0.3489964285714285,28.51594999999986,91.57460892857164,513.1228357142855,513.1228357142855,513.1228357142855,0.0,0.0,7016.837042328042,0.0
2025-09-26,0,28,4:40-4:50,479.54921666666667,0.0,0.351,0.33494687500000003,24.538983333333363,101.62571488095219,504.08820000000003,504.08820000000003,504.08820000000003,0.0,0.0,7016.837042328042,0.0
2025-09-26,0,29,4:50-5:00,467.1966666666666,0.0,0.3379,0.32426741071428566,16.444999999999936,115.00126547619048,483.64166666666654,483.64166666666654,483.64166666666654,0.0,0.0,7016.837042328042,0.0
2025-09-26,0,30,5:00-5:10,433.45795,0.06428571428571428,0.3186,0.3044120535714285,30.5210285714287,142.7552833333333,463.914692857143,463.914692857143,463.914692857143,0.0,0.0,7016.837042328042,0.0
2025-09-26,0,31,5:10-5:20,433.36704999999995,0.0,0.357,0.34880758928571426,22.311197619047675,176.3784803571429,455.6782476190476,455.6782476190476,455.6782476190476,0.0,0.0,7016.837042328042,0.0
2025-09-26,0,32,5:20-5:30,459.35999999999996,0.0,0.3865,0.3883361607142858,31.437083333333362,327.74931488095274,0.0,0.0,0.0,0.0,490.7970833333333,6471.50694973545,0.0
2025-09-26,0,33,5:30-5:40,448.7934,0.8953571428571429,0.3106,0.31351741071428574,19.27296904761897,522.8643446428572,467.1710119047618,467.1710119047618,467.1710119047618,0.0,0.0,6471.50694973545,0.0
2025-09-26,0,34,5:40-5:50,438.0001833333333,0.0,0.4789,0.4846897321428573,26.829340476190453,605.5108809523811,0.0,0.0,0.0,0.0,464.8295238095238,5955.029701058201,0.0
2025-09-26,0,35,5:50-6:00,445.46333333333337,0.6241071428571427,0.8029,0.8152852678571428,41.587619047619114,623.2198065476191,0.0,0.0,0.0,0.0,486.4268452380953,5414.555428571428,0.0
2025-09-26,0,36,6:00-6:10,452.7512,28.05479047619048,0.8155,0.8281232142857142,40.14623095238096,670.0486809523811,0.0,0.0,0.0,0.0,464.84264047619047,4898.063605820105,0.0
2025-09-26,0,37,6:10-6:20,466.53838333333334,68.8772738095238,0.733,0.7410955357142855,34.954185714285586,718.7704458333336,0.0,0.0,0.0,0.0,432.61529523809514,4417.379944444445,0.0
2025-09-26,0,38,6:20-6:30,474.3066666666667,114.17142857142855,0.71,0.7150241071428571,36.051250000000095,748.085817857143,0.0,0.0,0.0,0.0,396.18648809523825,3977.1727354497352,0.0
2025-09-26,0,39,6:30-6:40,458.72271666666666,164.08547857142855,0.684,0.6917758928571428,42.93114523809527,727.7835708333336,0.0,0.0,0.0,0.0,337.5683833333334,3602.0967539682533,0.0
2025-09-26,0,40,6:40-6:50,482.7305833333333,215.75219285714286,0.6756,0.6834031250000001,49.86968809523796,825.9064065476191,0.0,0.0,0.0,0.0,316.84807857142835,3250.043333333333,0.0
2025-09-26,0,41,6:50-7:00,532.9333333333333,269.5330357142857,0.672,0.6778245535714286,52.93553571428572,881.4519755952381,0.0,0.0,0.0,0.0,316.3358333333333,2898.559074074074,0.0
2025-09-26,0,42,7:00-7:10,528.4332833333333,327.44946190476185,0.6292,0.639320982142857,51.51989285714279,861.9435964285717,0.0,0.0,0.0,0.0,252.5037142857143,2617.9993915343916,0.0
2025-09-26,0,43,7:10-7:20,504.02235,382.20832142857137,0.6024,0.6123745535714284,52.007376190476066,866.198016071429,0.0,0.0,0.0,0.0,173.82140476190477,2424.8644973544974,0.0
2025-09-26,0,44,7:20-7:30,499.6833333333333,433.4544642857143,0.5957,0.598086607142857,60.01857142857153,882.2580488095241,0.0,0.0,0.0,0.0,126.24744047619055,2284.5895634920635,0.0
2025-09-26,0,45,7:30-7:40,523.0292333333333,487.73527619047616,0.584,0.5797272321428572,60.743007142856925,870.918391071429,0.0,0.0,0.0,0.0,96.03696428571413,2177.8818253968257,0.0
2025-09-26,0,46,7:40-7:50,551.3715333333333,542.2040071428571,0.7187,0.7120066964285714,53.31222142857132,844.907624404762,0.0,0.0,0.0,0.0,62.479747619047544,2108.459883597884,0.0
2025-09-26,0,47,7:50-8:00,554.7416666666666,597.0723214285713,0.9171,0.9111165178571428,53.31595238095247,817.6138952380954,0.0,0.0,0.0,0.0,23.926875000001733,2081.874466931215,0.0
2025-09-26,0,48,8:00-8:10,521.5689333333332,655.7811452380952,0.9124,0.9066357142857145,40.18017380952389,793.6870202380954,0.0,0.0,0.0,94.03203809523797,0.0,2166.5033012169283,0.0
2025-09-26,0,49,8:10-8:20,510.51396666666665,712.8301642857142,0.8138,0.806153125,65.67844285714284,735.5132363095237,0.0,0.0,0.0,136.63775476190472,0.0,2289.4772805026428,0.0
2025-09-26,0,50,8:20-8:30,523.4433333333333,764.4901785714285,0.7498,0.7401995535714285,60.15839285714293,784.0955946428569,0.0,0.0,0.0,-0.0,220.49086078571162,2044.4874351851854,0.0
2025-09-26,0,51,8:30-8:40,517.7334,813.5141476190475,0.7472,0.7383982142857147,75.408673809524,760.038691666667,0.0,0.0,0.0,-0.0,72.26591488095218,1964.1919742063496,0.0
2025-09-26,0,52,8:40-8:50,564.7685166666666,871.5868642857142,0.7415,0.7305758928571428,64.716645238095,687.7727767857148,0.0,0.0,0.0,242.1017023809526,0.0,2182.0835063492073,0.0
2025-09-26,0,53,8:50-9:00,641.5333333333333,935.9982142857143,0.7198,0.7053513392857141,102.73238095238088,659.0466077380952,0.0,0.0,0.0,-0.0,263.1217450000002,1889.7260119047626,0.0
2025-09-26,0,54,9:00-9:10,642.5689166666666,990.417388095238,0.7245,0.7123959821428574,80.6732047619048,620.753410714286,0.0,0.0,0.0,-0.0,71.44446488095168,1810.3432731481496,0.0
2025-09-26,0,55,9:10-9:20,624.6877833333333,1030.8580142857143,0.7266,0.7157415178571427,59.667261904761894,549.3089458333327,0.0,0.0,0.0,346.5029690476185,0.0,2122.195945291005,0.0
2025-09-26,0,56,9:20-9:30,622.2616666666667,1067.8562499999998,0.7131,0.7031571428571425,99.9611904761905,556.7861940476193,0.0,0.0,0.0,345.6333928571428,-0.0,2433.2659988624337,0.0
2025-09-26,0,57,9:30-9:40,615.3777833333334,1115.7310166666666,0.701,0.6949772321428572,90.22309999999993,561.8185672619045,0.0,0.0,0.0,0.0,519.6435983809529,1855.884222883597,0.0
2025-09-26,0,58,9:40-9:50,623.10065,1159.3636976190478,0.6866,0.6578781249999999,98.72694523809514,560.4192958333329,0.0,0.0,0.0,-0.0,0.0,1855.884222883597,0.0
2025-09-26,0,59,9:50-10:00,644.06,1186.3508928571428,0.6713,0.6051169642857144,95.90148809523816,590.2958005952372,0.0,0.0,0.0,93.86292192827794,0.0,1940.3608526190474,0.0
2025-09-26,0,60,10:00-10:10,648.7617333333333,1199.4252452380952,0.6642,0.5914419642857144,88.16244523809505,583.5025303571438,0.0,0.0,0.0,462.50106666666693,-0.0,2356.6118126190477,0.0
2025-09-26,0,61,10:10-10:20,620.7853833333334,1220.1703095238095,0.662,0.5954776785714285,85.69655000000034,606.2764172619056,0.0,0.0,0.0,513.6883761904758,0.0,2818.9313511904757,0.0
2025-09-26,0,62,10:20-10:30,593.3566666666666,1254.292857142857,0.6617,0.5933486607142857,85.28898809523784,604.9911821428581,0.0,0.0,0.0,-0.0,833.3333333333333,1893.00542526455,0.0
2025-09-26,0,63,10:30-10:40,616.1207833333333,1287.678907142857,0.6399,0.5631392857142857,99.32178095238123,623.704882738095,0.0,0.0,0.0,572.2363428571425,0.0,2408.0181338359785,0.0
2025-09-26,0,64,10:40-10:50,624.2820333333333,1309.571819047619,0.4892,0.431372767857143,109.78004285714292,605.4248613095239,0.0,0.0,0.0,575.5097428571429,0.0,2925.9769024074076,0.0
2025-09-26,0,65,10:50-11:00,615.7266666666667,1326.899107142857,0.2941,0.2703991071428571,97.4755357142858,602.7962041666672,0.0,0.0,0.0,613.6969047619045,-0.0,3478.3041166931216,0.0
2025-09-26,0,66,11:00-11:10,646.3061833333334,1354.2949190476188,0.2636,0.24104464285714283,79.50212857142878,584.7246005952387,0.0,0.0,0.0,-0.0,646.3623883571412,2760.1236851851863,0.0
2025-09-26,0,67,11:10-11:20,641.3971333333333,1371.493626190476,0.2612,0.22954910714285706,97.1908833333332,568.2097392857152,0.0,0.0,0.0,-0.0,833.3333333333333,1834.1977592592602,0.0
2025-09-26,0,68,11:20-11:30,603.2316666666666,1366.4482142857141,0.2432,0.21218258928571423,101.29113095238085,570.7779833333341,0.0,0.0,0.0,152.06740740740742,0.0,1971.058425925927,0.0
2025-09-26,0,69,11:30-11:40,609.1803666666666,1348.662669047619,0.291,0.26665625,98.63949761904746,693.9525833333342,0.0,0.0,0.0,102.93179453262806,0.0,2063.6970410052922,0.0
2025-09-26,0,70,11:40-11:50,599.79445,1344.4158833333333,0.2689,0.24443482142857148,122.71997857142856,777.327336904763,0.0,0.0,0.0,621.9014547619048,0.0,2623.4083502910066,0.0
2025-09-26,0,71,11:50-12:00,583.925,1362.963392857143,0.2031,0.1737584821428572,105.5095238095239,816.5041738095246,0.0,0.0,0.0,-0.0,457.35881764285756,2115.231886243387,0.0
2025-09-26,0,72,12:00-12:10,630.406,1389.6493357142856,0.2558,0.22998258928571422,127.7971071428571,823.7086976190484,0.0,0.0,0.0,631.4462285714285,0.0,2683.5334919576726,0.0
2025-09-26,0,73,12:10-12:20,638.9047333333333,1399.308476190476,0.2727,0.24938258928571422,101.52983095238096,824.9457428571434,0.0,0.0,0.0,658.8739119047618,-0.0,3276.5200126719583,0.0
2025-09-26,0,74,12:20-12:30,597.0866666666666,1387.603571428571,0.2096,0.1836111607142857,119.09244047619018,765.1714422619056,0.0,0.0,0.0,595.7527033803584,0.0,3812.697445714281,0.0
2025-09-26,0,75,12:30-12:40,593.3601,1372.8435214285714,0.2021,0.17357276785714285,114.35156666666666,711.6768440476197,0.0,0.0,0.0,665.1318547619048,-0.0,4411.316114999995,0.0
2025-09-26,0,76,12:40-12:50,595.259,1369.8398238095242,0.3327,0.30092499999999994,77.44865952380951,823.4779041666662,0.0,0.0,0.0,0.0,0.0,4411.316114999995,0.0
2025-09-26,0,77,12:50-13:00,581.2683333333333,1365.3196428571428,0.5028,0.46963928571428565,73.7593452380952,899.8846476190469,0.0,0.0,0.0,710.2919642857142,0.0,5050.5788828571385,0.0
2025-09-26,0,78,13:00-13:10,571.9775833333333,1332.2360142857142,0.5273,0.4985526785714286,76.2450023809526,896.1375642857132,0.0,0.0,0.0,684.0134285714282,0.0,5666.190968571424,0.0
2025-09-26,0,79,13:10-13:20,584.5655999999999,1295.299969047619,0.531,0.5020125,71.92822619047593,798.5598422619046,0.0,0.0,0.0,638.8061428571432,0.0,6241.116497142852,0.0
2025-09-26,0,80,13:20-13:30,603.6466666666666,1270.5098214285713,0.5681,0.5384316964285712,59.8795833333333,698.5233190476188,0.0,0.0,0.0,606.9835714285714,0.0,6787.401711428566,0.0
2025-09-26,0,81,13:30-13:40,596.62905,1249.593957142857,0.5756,0.5550263392857143,79.62093333333323,602.8551940476189,0.0,0.0,0.0,573.3439738095238,0.0,7303.411287857138,0.0
2025-09-26,0,82,13:40-13:50,585.8024166666667,1216.1055261904762,0.616,0.5774861607142857,74.7460642857144,580.7193244047614,0.0,0.0,0.0,555.5570452380952,-0.0,7803.412628571424,0.0
2025-09-26,0,83,13:50-14:00,578.6383333333333,1177.0651785714285,0.6608,0.5866875000000003,88.4495238095238,581.9216827380953,0.0,0.0,0.0,509.9773214285715,0.0,8262.39221785714,0.0
2025-09-26,0,84,14:00-14:10,561.9192666666667,1152.9059976190474,0.6184,0.5408424107142856,64.42814523809523,510.90640833333345,0.0,0.0,0.0,526.5585857142855,-0.0,8736.294944999996,0.0
2025-09-26,0,85,14:10-14:20,554.1289999999999,1117.9563523809525,0.6319,0.5628383928571428,64.603469047619,500.9182636904763,0.0,0.0,0.0,499.2238833333336,0.0,9185.596439999996,0.0
2025-09-26,0,86,14:20-14:30,557.6733333333333,1064.9053571428572,0.7337,0.6627401785714288,108.20696428571424,467.0271779761905,0.0,0.0,0.0,399.0250595238096,-0.0,9544.718993571425,0.0
2025-09-26,0,87,14:30-14:40,562.10105,1013.0444904761905,0.7815,0.7008674107142856,64.52734047619029,420.0527119047618,0.0,0.0,0.0,386.41610000000026,0.0,9892.493483571425,0.0
2025-09-26,0,88,14:40-14:50,599.75015,967.2073833333334,0.629,0.5669803571428571,65.62083333333322,366.53358154761844,0.0,0.0,0.0,301.8364000000001,-1.6370904631912707e-12,10164.146243571427,0.0
2025-09-26,0,89,14:50-15:00,644.1766666666666,923.5321428571428,0.4159,0.39232098214285704,79.80940476190474,343.15523630952305,0.0,0.0,0.0,199.5460714285715,0.0,10343.737707857143,0.0
2025-09-26,0,90,15:00-15:10,629.3077833333333,874.9494238095238,0.4414,0.42947946428571415,50.46226666666689,295.85009642857125,0.0,0.0,0.0,195.17937380952355,0.0,10519.399144285713,0.0
2025-09-26,0,91,15:10-15:20,606.96595,820.6809285714286,0.5095,0.49369553571428565,55.24672142857162,271.26628571428535,0.0,0.0,0.0,158.46825714285694,0.0,10662.020575714285,0.0
2025-09-26,0,92,15:20-15:30,600.6216666666667,764.3607142857143,0.5057,0.487172767857143,81.55678571428564,224.65284821428523,0.0,0.0,0.0,82.18226190476196,0.0,10735.98461142857,0.0
2025-09-26,0,93,15:30-15:40,588.5581999999999,710.1067476190475,0.5111,0.4958321428571427,51.51393333333317,216.59439166666638,0.0,0.0,0.0,70.03461428571438,0.0,10799.015764285714,0.0
2025-09-26,0,94,15:40-15:50,600.6823499999999,653.2067333333332,0.5549,0.5444741071428572,51.430788095238256,188.18444166666626,0.0,0.0,0.0,1.0935952380950766,0.0,10800.0,0.0
2025-09-26,0,95,15:50-16:00,635.0433333333333,595.4357142857142,0.6032,0.5937415178571428,59.52958333333322,189.74424821428556,99.13720238095232,99.13720238095232,99.13720238095232,0.0,-0.0,10800.0,0.0
2025-09-26,0,96,16:00-16:10,652.2444833333333,543.2133904761904,0.6062,0.592840625,63.016883333333226,212.12748154761903,172.0479761904761,172.0479761904761,172.0479761904761,0.0,0.0,10800.0,0.0
2025-09-26,0,97,16:10-16:20,644.9174166666667,487.29605476190477,0.6394,0.6286910714285715,67.71999047619045,184.49957440476192,225.34135238095234,225.34135238095234,225.34135238095234,-0.0,0.0,10800.0,0.0
2025-09-26,0,98,16:20-16:30,618.3533333333332,429.4446428571428,0.6911,0.6863875,59.580892857143,147.3128000000001,248.48958333333343,248.48958333333343,248.48958333333343,0.0,0.0,10800.0,0.0
2025-09-26,0,99,16:30-16:40,584.9008333333334,380.18407619047616,0.6771,0.6676102678571432,49.966326190476195,162.81957678571422,254.68308333333334,254.68308333333334,254.68308333333334,-0.0,0.0,10800.0,0.0
2025-09-26,0,100,16:40-16:50,566.7696333333333,325.8420904761905,0.6905,0.6779379464285712,42.2538571428571,131.06744940476185,283.18139999999994,283.18139999999994,283.18139999999994,0.0,0.0,10800.0,0.0
2025-09-26,0,101,16:50-17:00,548.67,265.01339285714283,0.7362,0.7286696428571428,55.90863095238092,114.18163035714272,339.56523809523804,339.56523809523804,339.56523809523804,0.0,0.0,10800.0,0.0
2025-09-26,0,102,17:00-17:10,497.2238333333333,210.9464357142857,0.7237,0.7222825892857144,53.64441428571428,99.48733452380921,339.92181190476185,339.92181190476185,339.92181190476185,0.0,0.0,10800.0,0.0
2025-09-26,0,103,17:10-17:20,464.4658,161.70461666666665,0.7134,0.7103665178571431,40.56485476190471,94.15943214285717,343.32603809523806,343.32603809523806,343.32603809523806,0.0,0.0,10800.0,0.0
2025-09-26,0,104,17:20-17:30,480.77,114.19732142857141,0.7084,0.6981325892857143,41.052976190476215,95.5613005952381,407.6256547619048,407.6256547619048,407.6256547619048,0.0,0.0,10800.0,0.0
2025-09-26,0,105,17:30-17:40,522.5916666666667,68.65081904761904,0.682,0.669632142857143,35.826669047619134,64.98178869047615,489.7675166666668,489.7675166666668,489.7675166666668,0.0,0.0,10800.0,0.0
2025-09-26,0,106,17:40-17:50,528.3283166666666,27.485035714285715,0.856,0.8473410714285713,28.293514285714423,54.53606428571442,529.1367952380954,529.1367952380954,529.1367952380954,0.0,0.0,10800.0,0.0
2025-09-26,0,107,17:50-18:00,513.9783333333332,0.6285714285714286,1.1661,1.1613428571428572,31.328333333333205,71.80031488095264,0.0,0.0,0.0,0.0,544.678095238095,10194.802116402117,0.0
2025-09-26,0,108,18:00-18:10,545.1881666666666,0.0,1.2857,1.2789937500000002,19.79973333333328,76.62054880952385,0.0,0.0,0.0,0.0,564.9878999999999,9567.037783068785,0.0
2025-09-26,0,109,18:10-18:20,544.6765166666667,0.8663190476190474,1.2337,1.2252370535714283,29.47711190476184,48.72396190476192,0.0,0.0,0.0,0.0,573.2873095238094,8930.051883597886,0.0
2025-09-26,0,110,18:20-18:30,512.9416666666666,0.0,1.1472,1.1379281249999995,50.26946428571421,37.63418095238117,0.0,0.0,0.0,0.0,563.2111309523808,8304.26173809524,0.0
2025-09-26,0,111,18:30-18:40,529.4500499999999,0.0,1.1409,1.1235883928571428,21.88115238095247,73.40810059523827,0.0,0.0,0.0,0.0,551.3312023809524,7691.671513227515,0.0
2025-09-26,0,112,18:40-18:50,535.4879166666666,0.06219761904761904,1.1342,1.092475,22.795019047618894,77.7237327380954,0.0,0.0,0.0,0.0,558.2207380952378,7071.42624867725,0.0
2025-09-26,0,113,18:50-19:00,523.0116666666667,0.0,1.1152,1.048316517857143,36.34000000000003,50.57746250000011,0.0,0.0,0.0,0.0,559.3516666666667,6449.924396825399,0.0
2025-09-26,0,114,19:00-19:10,540.7543166666667,0.0,1.1506,1.0849098214285715,28.012311904761873,78.72453392857145,0.0,0.0,0.0,0.0,568.7666285714286,5817.961476190478,0.0
2025-09-26,0,115,19:10-19:20,523.4881666666666,0.0044666666666666665,1.1561,1.0926049107142857,31.901666666666642,79.39302202380938,0.0,0.0,0.0,0.0,555.3853666666666,5200.866624338626,0.0
2025-09-26,0,116,19:20-19:30,486.31499999999994,0.0,1.1249,1.0539410714285713,22.930000000000064,59.20124999999993,0.0,0.0,0.0,0.0,509.245,4635.0388465608485,0.0
2025-09-26,0,117,19:30-19:40,513.4017666666666,0.0,1.1396,1.0656691964285716,31.658783333333417,45.56117619047609,0.0,0.0,0.0,0.0,545.06055,4029.4160132275147,0.0
2025-09-26,0,118,19:40-19:50,530.3291333333333,0.00031904761904761903,1.1746,1.1033308035714284,18.55728809523805,49.12268750000001,0.0,0.0,0.0,0.0,548.8861023809523,3419.5425661375675,0.0
2025-09-26,0,119,19:50-20:00,518.1166666666666,0.0,1.1873,1.120132589285714,28.12333333333345,44.71256428571422,0.0,0.0,0.0,0.0,546.24,2812.609232804234,0.0
2025-09-26,0,120,20:00-20:10,529.2203,0.0,1.1573,1.091025892857143,23.94684285714277,47.712995833333366,0.0,0.0,0.0,0.0,553.1671428571427,2197.9790740740755,0.0
2025-09-26,0,121,20:10-20:20,519.7986666666666,0.0,1.1084,1.040352232142857,26.782516666666652,47.338925000000216,236.67586249999857,236.67586249999857,236.67586249999857,0.0,309.90532083333466,1853.6398287037036,0.0
2025-09-26,0,122,20:20-20:30,491.9666666666667,0.0,1.1019,1.0300642857142859,23.329999999999927,72.97322083333339,515.2966666666666,515.2966666666666,515.2966666666666,0.0,0.0,1853.6398287037036,0.0
2025-09-26,0,123,20:30-20:40,499.3014333333333,0.0,1.1598,1.0867049107142857,23.876166666666563,43.078732142857305,0.0,0.0,0.0,0.0,523.1775999999999,1272.3313842592593,0.0
2025-09-26,0,124,20:40-20:50,517.9422333333333,0.0,1.0544,1.0058299107142856,22.0542999999999,54.7262666666667,539.9965333333332,539.9965333333332,539.9965333333332,0.0,0.0,1272.3313842592593,0.0
2025-09-26,0,125,20:50-21:00,528.18,0.0,0.835,0.8196343749999999,32.89166666666665,65.09824583333341,606.8969598765432,606.8969598765432,606.8969598765432,45.82529320987659,0.0,1313.5741481481482,0.0
2025-09-26,0,126,21:00-21:10,538.0552,0.0,0.7981,0.7810294642857142,23.684883333333346,102.21673333333337,561.7400833333334,561.7400833333334,561.7400833333334,0.0,0.0,1313.5741481481482,0.0
2025-09-26,0,127,21:10-21:20,567.2144,0.0,0.8743,0.8497312499999997,28.653966666666634,80.69680416666685,595.8683666666666,595.8683666666666,595.8683666666666,0.0,0.0,1313.5741481481482,0.0
2025-09-26,0,128,21:20-21:30,587.3666666666666,0.0,0.9407,0.9182767857142858,24.04833333333329,78.58020833333325,598.0289208333331,598.0289208333331,598.0289208333331,0.0,13.386079166666695,1298.7007268518519,0.0
2025-09-26,0,129,21:30-21:40,545.7558166666666,0.0,0.9069,0.8837406250000003,29.54936666666663,78.3935958333333,575.3051833333333,575.3051833333333,575.3051833333333,0.0,0.0,1298.7007268518519,0.0
2025-09-26,0,130,21:40-21:50,492.0292666666667,0.0,0.6553,0.633214285714286,35.69796666666673,88.83065416666668,528.8400779835393,528.8400779835393,528.8400779835393,1.112844650205918,0.0,1299.7022870370372,0.0
2025-09-26,0,131,21:50-22:00,455.955,0.0,0.3383,0.31927098214285715,29.394999999999982,89.73205833333338,1318.6833333333332,1318.6833333333332,1318.6833333333332,833.3333333333333,0.0,2049.7022870370374,0.0
2025-09-26,0,132,22:00-22:10,431.46738333333326,0.0,0.2773,0.2565379464285715,17.427616666666665,65.25607500000001,1282.2283333333332,1282.2283333333332,1282.2283333333332,833.3333333333333,0.0,2799.7022870370374,0.0
2025-09-26,0,133,22:10-22:20,450.70411666666666,0.0,0.3611,0.3363299107142856,25.63261666666665,41.79947499999989,698.8897477366253,698.8897477366253,698.8897477366253,222.553014403292,0.0,3000.0,0.0
2025-09-26,0,134,22:20-22:30,496.57666666666665,0.0,0.4259,0.39762276785714273,31.596666666666692,44.65916249999995,528.1733333333334,528.1733333333334,528.1733333333334,0.0,0.0,3000.0,0.0
2025-09-26,0,135,22:30-22:40,507.1147166666666,0.0,0.4041,0.3741741071428571,36.675716666666744,37.385229166666676,543.7904333333333,543.7904333333333,543.7904333333333,0.0,0.0,3000.0,0.0
2025-09-26,0,136,22:40-22:50,478.9351833333333,0.0,0.3736,0.3479816964285713,28.557000000000016,41.80035416666669,507.49218333333334,507.49218333333334,507.49218333333334,0.0,0.0,3000.0,0.0
2025-09-26,0,137,22:50-23:00,446.3,0.0,0.3684,0.34930758928571437,34.49333333333334,67.1890833333332,480.79333333333335,480.79333333333335,480.79333333333335,0.0,0.0,3000.0,0.0
2025-09-26,0,138,23:00-23:10,445.09051666666664,0.0,0.3565,0.3371232142857144,25.04350000000011,91.13890416666646,470.13401666666675,470.13401666666675,470.13401666666675,0.0,0.0,3000.0,0.0
2025-09-26,0,139,23:10-23:20,431.03863333333334,0.0,0.3585,0.33585714285714297,15.176849999999945,76.41266666666678,1279.5488166666664,1279.5488166666664,1279.5488166666664,833.3333333333333,0.0,3750.0,0.0
2025-09-26,0,140,23:20-23:30,402.37833333333333,0.0,0.3504,0.32631160714285706,31.26333333333332,55.07450833333334,1266.975,1266.975,1266.975,833.3333333333333,0.0,4500.0,0.0
2025-09-26,0,141,23:30-23:40,403.62901666666664,0.0,0.2912,0.26835223214285725,17.07518333333337,39.78796250000002,1254.0375333333332,1254.0375333333332,1254.0375333333332,833.3333333333333,0.0,5250.0,0.0
2025-09-26,0,142,23:40-23:50,414.79363333333333,0.0,0.3014,0.27750803571428573,25.804399999999987,39.91943750000016,1273.9313666666667,1273.9313666666667,1273.9313666666667,833.3333333333333,0.0,6000.0,0.0
2025-09-26,0,143,23:50-24:00,432.755,0.0,0.3762,0.3515839285714284,22.97166666666658,34.55166666666676,455.7266666666666,455.7266666666666,455.7266666666666,0.0,0.0,6000.0,0.0
2025-09-27,0,0,0:00-0:10,468.6350666666666,0.0,0.3845,0.36668571428571434,22.247500000000173,55.641129166666545,0.0,0.0,0.0,0.0,490.8825666666668,6673.856610583563,0.0
2025-09-27,0,1,0:10-0:20,459.61646666666667,0.0,0.3531,0.3348848214285716,19.66128333333336,59.6331541666669,0.0,0.0,0.0,0.0,479.27775,6141.325777250231,0.0
2025-09-27,0,2,0:20-0:30,412.7383333333333,0.0,0.3263,0.3030491071428571,21.096666666666692,59.91304166666656,433.835,433.835,433.835,0.0,0.0,6141.325777250231,0.0
2025-09-27,0,3,0:30-0:40,405.0748166666666,0.0,0.3234,0.304809375,21.91526666666664,59.8322541666669,426.99008333333325,426.99008333333325,426.99008333333325,0.0,0.0,6141.325777250231,0.0
2025-09-27,0,4,0:40-0:50,437.81759999999997,0.0,0.3552,0.33595848214285723,26.891299999999887,66.11352083333367,0.0,0.0,0.0,0.0,464.70889999999986,5624.982555028009,0.0
2025-09-27,0,5,0:50-1:00,465.4583333333333,0.0,0.3794,0.35319687499999997,21.9849999999999,69.20502916666679,0.0,0.0,0.0,0.0,487.4433333333332,5083.378851324305,0.0
2025-09-27,0,6,1:00-1:10,441.8156833333333,0.0,0.3378,0.3132571428571428,31.91046666666665,63.27716666666669,473.72614999999996,473.72614999999996,473.72614999999996,0.0,0.0,5083.378851324305,0.0
2025-09-27,0,7,1:10-1:20,422.50548333333336,0.0,0.3104,0.2885941964285714,25.461566666666613,31.107950000000216,447.96705,447.96705,447.96705,0.0,0.0,5083.378851324305,0.0
2025-09-27,0,8,1:20-1:30,431.3433333333333,0.0,0.323,0.3005026785714285,21.50666666666666,59.076058333333236,452.84999999999997,452.84999999999997,452.84999999999997,0.0,0.0,5083.378851324305,0.0
2025-09-27,0,9,1:30-1:40,440.57219999999995,0.0,0.3273,0.30437767857142856,21.297149999999988,78.47679166666663,461.86934999999994,461.86934999999994,461.86934999999994,0.0,0.0,5083.378851324305,0.0
2025-09-27,0,10,1:40-1:50,446.05285000000003,0.0,0.3367,0.31459687499999994,21.178666666666686,57.33746250000016,467.2315166666667,467.2315166666667,467.2315166666667,0.0,0.0,5083.378851324305,0.0
2025-09-27,0,11,1:50-2:00,444.145,0.0,0.3359,0.31471651785714283,15.934999999999945,56.237737500000236,460.0799999999999,460.0799999999999,460.0799999999999,0.0,0.0,5083.378851324305,0.0
2025-09-27,0,12,2:00-2:10,431.2486833333333,0.0,0.2915,0.2697959821428571,24.287983333333273,43.509162500000116,1288.87,1288.87,1288.87,833.3333333333333,0.0,5833.378851324305,0.0
2025-09-27,0,13,2:10-2:20,427.2139666666667,0.0,0.2741,0.25255357142857143,24.751549999999952,37.36962916666664,1285.29885,1285.29885,1285.29885,833.3333333333333,0.0,6583.378851324305,0.0
2025-09-27,0,14,2:20-2:30,438.21000000000004,0.0,0.3015,0.2821700892857143,12.226666666666688,48.85889583333329,450.4366666666667,450.4366666666667,450.4366666666667,0.0,0.0,6583.378851324305,0.0
2025-09-27,0,15,2:30-2:40,447.05535,0.0,0.3197,0.3037084821428571,17.55453333333344,45.2630749999999,464.6098833333334,464.6098833333334,464.6098833333334,0.0,0.0,6583.378851324305,0.0
2025-09-27,0,16,2:40-2:50,424.55226666666664,0.0,0.3098,0.2948321428571428,23.137249999999995,59.15012500000003,447.68951666666663,447.68951666666663,447.68951666666663,0.0,0.0,6583.378851324305,0.0
2025-09-27,0,17,2:50-3:00,405.755,0.0,0.3208,0.3050080357142857,25.146666666666647,53.15109047619083,430.90166666666664,430.90166666666664,430.90166666666664,0.0,0.0,6583.378851324305,0.0
2025-09-27,0,18,3:00-3:10,454.33981666666665,0.0,0.4049,0.38944017857142865,30.31393333333324,57.36212916666683,0.0,0.0,0.0,0.0,484.6537499999999,6044.874684657639,0.0
2025-09-27,0,19,3:10-3:20,484.3530166666667,0.0,0.4043,0.38615491071428576,23.870307142857087,72.08332619047646,0.0,0.0,0.0,0.0,508.2233238095238,5480.182102647057,0.0
2025-09-27,0,20,3:20-3:30,463.705,0.0,0.3241,0.30372633928571435,16.63833333333332,59.284230952381165,480.3433333333333,480.3433333333333,480.3433333333333,0.0,0.0,5480.182102647057,0.0
2025-09-27,0,21,3:30-3:40,444.09418333333326,0.0,0.3257,0.3111508928571428,21.96299999999985,70.30041309523811,466.0571833333331,466.0571833333331,466.0571833333331,0.0,0.0,5480.182102647057,0.0
2025-09-27,0,22,3:40-3:50,443.6527,0.0,0.3349,0.32130624999999996,18.882066666666674,57.08447142857146,462.53476666666666,462.53476666666666,462.53476666666666,0.0,0.0,5480.182102647057,0.0
2025-09-27,0,23,3:50-4:00,455.53,0.0,0.3329,0.31436294642857127,21.100000000000023,34.779136309523736,476.63,476.63,476.63,0.0,0.0,5480.182102647057,0.0
2025-09-27,0,24,4:00-4:10,460.05521666666664,0.00031428571428571427,0.374,0.356915625,19.524783333333346,36.091638095237954,0.0,0.0,0.0,0.0,479.5796857142857,4947.31578518674,0.0
2025-09-27,0,25,4:10-4:20,448.8157166666666,0.0,0.3463,0.3343383928571429,30.423740476190574,39.54606071428577,440.70579273669557,440.70579273669557,440.70579273669557,0.0,38.53366440616164,4904.500602513227,0.0
2025-09-27,0,26,4:20-4:30,421.3833333333333,0.0,0.272,0.2620058035714285,20.533333333333303,67.36591845238101,1275.25,1275.25,1275.25,833.3333333333333,0.0,5654.500602513227,0.0
2025-09-27,0,27,4:30-4:40,393.9835333333333,0.004399999999999999,0.2936,0.27896428571428566,28.51594999999986,100.32101250000024,422.4950833333332,422.4950833333332,422.4950833333332,0.0,0.0,5654.500602513227,0.0
2025-09-27,0,28,4:40-4:50,424.81315,0.0,0.3315,0.31545223214285717,24.538983333333363,110.37211845238079,449.35213333333337,449.35213333333337,449.35213333333337,0.0,0.0,5654.500602513227,0.0
2025-09-27,0,29,4:50-5:00,476.755,0.0,0.3338,0.32061562499999996,13.730000000000018,121.25653392857151,490.485,490.485,490.485,0.0,0.0,5654.500602513227,0.0
2025-09-27,0,30,5:00-5:10,451.58168333333333,0.06127857142857142,0.3312,0.3179959821428572,26.22828571428579,144.45592380952385,477.7486904761906,477.7486904761906,477.7486904761906,0.0,0.0,5654.500602513227,0.0
2025-09-27,0,31,5:10-5:20,425.6975333333333,0.0,0.3411,0.3330200892857143,19.992983333333314,171.10710476190488,445.6905166666666,445.6905166666666,445.6905166666666,0.0,0.0,5654.500602513227,0.0
2025-09-27,0,32,5:20-5:30,430.81666666666666,0.0,0.3216,0.32223080357142864,31.437083333333362,270.6922148809528,462.25375,462.25375,462.25375,0.0,0.0,5654.500602513227,0.0
2025-09-27,0,33,5:30-5:40,424.55943333333335,0.8534738095238095,0.2605,0.2629852678571429,19.27296904761897,465.2859946428573,1276.3122619047617,1276.3122619047617,1276.3122619047617,833.3333333333333,0.0,6404.500602513227,0.0
2025-09-27,0,34,5:40-5:50,424.8945,0.0,0.4634,0.46847901785714274,26.829340476190453,537.8321202380952,0.0,0.0,0.0,0.0,451.72384047619045,5902.585224206348,0.0
2025-09-27,0,35,5:50-6:00,435.8833333333333,0.13392857142857142,0.7959,0.8065709821428573,41.587619047619114,555.5410458333333,0.0,0.0,0.0,0.0,477.3370238095239,5372.210753306877,0.0
2025-09-27,0,36,6:00-6:10,438.68223333333333,25.263185714285715,0.7909,0.8035553571428572,40.14623095238096,595.8752755952383,0.0,0.0,0.0,0.0,453.56527857142856,4868.249332671957,0.0
2025-09-27,0,37,6:10-6:20,441.8769,64.90747619047619,0.7201,0.7291437499999996,34.954185714285586,644.5970404761908,0.0,0.0,0.0,0.0,411.9236095238094,4410.556433201057,0.0
2025-09-27,0,38,6:20-6:30,441.64666666666665,110.52410714285713,0.7232,0.7281598214285715,36.051250000000095,673.9124125000002,0.0,0.0,0.0,0.0,367.1738095238096,4002.585533730158,0.0
2025-09-27,0,39,6:30-6:40,432.8127666666667,159.96320714285713,0.6748,0.6821330357142855,42.93114523809527,653.6101654761908,0.0,0.0,0.0,0.0,315.7807047619048,3651.7180839947086,0.0
2025-09-27,0,40,6:40-6:50,478.3258833333333,211.06464999999997,0.6724,0.6800459821428572,49.86968809523796,760.7535357142858,0.0,0.0,0.0,0.0,317.1309214285713,3299.3503935185186,0.0
2025-09-27,0,41,6:50-7:00,548.9449999999999,263.79821428571427,0.7136,0.7198799107142857,52.93553571428572,816.2991047619047,0.0,0.0,0.0,0.0,338.0823214285714,2923.7033697089946,0.0
2025-09-27,0,42,7:00-7:10,545.8201666666666,319.3118476190476,0.6806,0.6917299107142858,51.51989285714279,795.1642392857148,0.0,0.0,0.0,0.0,278.02821190476186,2614.783134259259,0.0
2025-09-27,0,43,7:10-7:20,526.8992666666666,374.8517095238095,0.63,0.6398674107142857,52.007376190476066,782.823603571429,0.0,0.0,0.0,0.0,204.0549333333331,2388.0554305555556,0.0
2025-09-27,0,44,7:20-7:30,533.1116666666667,431.15714285714284,0.5929,0.593575892857143,62.56488095238109,798.8836363095241,0.0,0.0,0.0,0.0,164.51940476190498,2205.256091931217,0.0
2025-09-27,0,45,7:30-7:40,546.2867833333332,490.5981238095238,0.5649,0.559734375,60.743007142856925,790.0902880952386,0.0,0.0,0.0,0.0,116.43166666666627,2075.8875734126987,0.0
2025-09-27,0,46,7:40-7:50,542.92845,544.7276476190475,0.6736,0.6666174107142858,53.31222142857132,764.0795214285716,0.0,0.0,0.0,0.0,51.513023809523816,2018.6508802910057,0.0
2025-09-27,0,47,7:50-8:00,530.5083333333333,596.7187499999999,0.8518,0.8448147321428572,53.31595238095247,736.785792261905,0.0,0.0,0.0,0.0,23.92687499999886,1992.0654636243403,0.0
2025-09-27,0,48,8:00-8:10,535.2880333333333,657.185630952381,0.8873,0.8801482142857141,40.18017380952389,712.8589172619049,0.0,0.0,0.0,81.71742380952378,0.0,2065.6111450529115,0.0
2025-09-27,0,49,8:10-8:20,533.2258999999999,709.9576095238094,0.8931,0.8847852678571433,65.67844285714284,677.5849797619048,0.0,0.0,0.0,-0.0,111.50771566666789,1941.7136832010583,0.0
2025-09-27,0,50,8:20-8:30,514.8833333333333,753.5107142857142,0.8907,0.8818388392857143,66.49863095238084,667.5423148809525,0.0,0.0,0.0,-0.0,8.390443452380941,1932.3909682539684,0.0
2025-09-27,0,51,8:30-8:40,506.96325,803.6944547619047,0.7954,0.7885214285714285,78.64476666666661,659.1518714285717,0.0,0.0,0.0,-0.0,42.42999107142868,1885.2465337301587,0.0
2025-09-27,0,52,8:40-8:50,565.8307666666666,859.7528976190475,0.7897,0.7824633928571426,64.8767595238096,616.7218803571427,0.0,0.0,0.0,229.04537142857134,0.0,2091.387368015873,0.0
2025-09-27,0,53,8:50-9:00,645.8533333333332,914.3607142857145,0.8523,0.8428656249999998,110.09089285714305,550.3372130952384,0.0,0.0,0.0,96.43146866548987,0.0,2178.175689814814,0.0
2025-09-27,0,54,9:00-9:10,642.3082833333333,960.814592857143,0.7823,0.7738995535714286,91.39029761904749,473.22085892857194,0.0,0.0,0.0,227.11601190476233,-0.0,2382.5801005291005,0.0
2025-09-27,0,55,9:10-9:20,644.6633333333333,1003.6027714285715,0.7373,0.7282629464285714,86.3660023809523,436.54308690476205,0.0,0.0,0.0,0.0,0.0,2382.5801005291,0.0
2025-09-27,0,56,9:20-9:30,658.0833333333333,1049.5026785714285,0.7505,0.7420375,100.4824404761905,447.0961148809526,0.0,0.0,0.0,290.9369047619051,0.0,2644.423314814815,0.0
2025-09-27,0,57,9:30-9:40,604.3459499999999,1100.5665619047618,0.6936,0.6904950892857142,103.69031428571436,490.681107142857,0.0,0.0,0.0,-0.0,833.3333333333333,1718.4973888888899,0.0
2025-09-27,0,58,9:40-9:50,600.6518166666666,1142.579457142857,0.6541,0.628658482142857,102.34891190476196,466.64765000000006,0.0,0.0,0.0,439.57872857142803,0.0,2114.118244603175,0.0
2025-09-27,0,59,9:50-10:00,650.1216666666667,1168.7071428571426,0.6459,0.5812151785714288,100.93904761904741,500.7855511904762,0.0,0.0,0.0,-0.0,288.96127847619124,1793.050157407407,0.0
2025-09-27,0,60,10:00-10:10,637.5771333333332,1187.2307166666665,0.5939,0.5206169642857142,96.33378809523781,513.3462374999997,0.0,0.0,0.0,0.0,0.0,1793.050157407407,0.0
2025-09-27,0,61,10:10-10:20,628.4033833333333,1219.871530952381,0.5831,0.5171098214285715,85.69655000000034,511.9985172619055,0.0,0.0,0.0,0.0,0.0,1793.050157407407,0.0
2025-09-27,0,62,10:20-10:30,646.79,1263.05,0.6366,0.571804017857143,85.28898809523784,510.7132821428579,0.0,0.0,0.0,-0.0,0.0,1793.050157407407,0.0
2025-09-27,0,63,10:30-10:40,642.2865833333333,1291.561961904762,0.6512,0.5783089285714286,99.32178095238123,533.7451416666663,0.0,0.0,0.0,-0.0,18.280021428571217,1772.7390224867722,0.0
2025-09-27,0,64,10:40-10:50,619.0083,1307.9370571428572,0.448,0.3916459821428573,109.78004285714292,515.4651202380951,0.0,0.0,0.0,427.1749213697836,0.0,2157.1964517195775,0.0
2025-09-27,0,65,10:50-11:00,608.2466666666667,1324.0214285714283,0.1829,0.15764196428571434,113.24630952380943,509.14024107142944,0.0,0.0,0.0,602.528452380952,0.0,2699.472058862434,0.0
2025-09-27,0,66,11:00-11:10,629.7315,1347.7526261904761,0.2008,0.17555180357142858,103.29939047619035,510.082704761905,0.0,0.0,0.0,-0.0,833.3333333333333,1773.546132936508,0.0
2025-09-27,0,67,11:10-11:20,611.7476666666666,1363.6193119047616,0.207,0.174349125,107.70590714285731,516.1915196428572,0.0,0.0,0.0,644.1657380952378,0.0,2353.295297222222,0.0
2025-09-27,0,68,11:20-11:30,574.8716666666667,1360.7660714285714,0.1428,0.11323442857142861,140.60642857142852,528.4426375000002,0.0,0.0,0.0,-0.0,267.9766377380946,2055.543477513228,0.0
2025-09-27,0,69,11:30-11:40,609.9193666666666,1345.0428714285713,0.2322,0.20653660714285718,98.63949761904746,686.6143761904766,0.0,0.0,0.0,-0.0,0.0,2055.543477513228,0.0
2025-09-27,0,70,11:40-11:50,632.3602999999999,1345.637376190476,0.2481,0.2232169642857143,122.71997857142856,769.9891297619054,0.0,0.0,0.0,590.5570976190476,0.0,2587.0448653703706,0.0
2025-09-27,0,71,11:50-12:00,623.125,1367.4205357142857,0.1684,0.14156921428571428,105.5095238095239,809.1659666666669,0.0,0.0,0.0,-0.0,431.96988835714296,2107.078322751323,0.0
2025-09-27,0,72,12:00-12:10,641.8100999999999,1386.7927904761902,0.2064,0.182134375,127.7971071428571,816.3704904761908,0.0,0.0,0.0,617.1855833333332,0.0,2662.545347751323,0.0
2025-09-27,0,73,12:10-12:20,625.0102166666666,1387.2888214285713,0.2328,0.20916294642857142,101.52983095238096,817.6075357142857,0.0,0.0,0.0,660.7487738095236,-0.0,3257.2192441798943,0.0
2025-09-27,0,74,12:20-12:30,581.8133333333333,1374.4669642857143,0.1665,0.14027905357142853,119.8409523809525,757.8332351190479,0.0,0.0,0.0,672.8126785714285,0.0,3862.75065489418,0.0
2025-09-27,0,75,12:30-12:40,591.27765,1368.7129119047618,0.0958,0.07687833928571428,125.08232380952393,705.0871488095244,0.0,0.0,0.0,652.3529380952378,-0.0,4449.868299179894,0.0
2025-09-27,0,76,12:40-12:50,597.8731833333333,1369.699338095238,0.2254,0.1964589464285714,78.80468095238092,825.1225160714278,0.0,0.0,0.0,693.021473809524,0.0,5073.587625608467,0.0
2025-09-27,0,77,12:50-13:00,587.855,1363.005357142857,0.4829,0.4533625,73.7593452380952,902.88528095238,0.0,0.0,0.0,701.3910119047619,0.0,5704.839536322752,0.0
2025-09-27,0,78,13:00-13:10,602.2493999999999,1332.5220333333332,0.5833,0.5557758928571429,76.2450023809526,899.1381976190463,0.0,0.0,0.0,654.0276309523806,0.0,6293.464404179894,0.0
2025-09-27,0,79,13:10-13:20,597.9084666666666,1290.3201333333334,0.6052,0.5771642857142857,67.35565952380915,801.5604755952377,0.0,0.0,0.0,625.0560071428577,0.0,6856.014810608466,0.0
2025-09-27,0,80,13:20-13:30,579.4383333333333,1258.924107142857,0.6226,0.5960459821428571,58.1229166666667,696.9513857142852,0.0,0.0,0.0,621.3628571428571,0.0,7415.2413820370375,0.0
2025-09-27,0,81,13:30-13:40,596.55535,1250.0356714285713,0.6227,0.6046513392857144,79.62093333333323,599.5265940476186,0.0,0.0,0.0,573.859388095238,0.0,7931.714831322752,0.0
2025-09-27,0,82,13:40-13:50,603.40415,1221.2937238095237,0.6371,0.5995736607142854,74.7460642857144,577.3907244047612,0.0,0.0,0.0,543.1435095238094,0.0,8420.54398989418,0.0
2025-09-27,0,83,13:50-14:00,587.3566666666666,1173.224107142857,0.6686,0.5949035714285716,88.4495238095238,578.5930827380951,0.0,0.0,0.0,497.4179166666666,0.0,8868.22011489418,0.0
2025-09-27,0,84,14:00-14:10,586.4578833333333,1145.4712571428572,0.685,0.607953125,64.42814523809523,507.57780833333317,0.0,0.0,0.0,494.58522857142873,0.0,9313.346820608467,0.0
2025-09-27,0,85,14:10-14:20,608.4990333333333,1109.9568833333333,0.6807,0.6109187499999998,67.93206904761928,497.589663690476,0.0,0.0,0.0,433.52578095238067,0.0,9703.52002346561,0.0
2025-09-27,0,86,14:20-14:30,621.1283333333333,1056.5223214285713,0.6819,0.6089205357142856,108.20696428571424,467.0271779761905,0.0,0.0,0.0,327.1870238095238,-0.0,9997.98834489418,0.0
2025-09-27,0,87,14:30-14:40,587.8706166666666,1005.5540619047617,0.7028,0.622045982142857,64.52734047619029,420.0527119047618,0.0,0.0,0.0,353.1561047619049,0.0,10315.828839179894,0.0
2025-09-27,0,88,14:40-14:50,579.1618666666666,957.9412142857143,0.6196,0.5593214285714286,65.62083333333322,373.2200083333329,0.0,0.0,0.0,313.15851428571455,-0.0,10597.671502037037,0.0
2025-09-27,0,89,14:50-15:00,593.1216666666667,913.9508928571429,0.4655,0.4435834821428572,79.80940476190474,349.84166309523755,0.0,0.0,0.0,-0.0,294.1912156190465,10270.79237357143,0.0
2025-09-27,0,90,15:00-15:10,563.1851999999999,874.1103857142857,0.4182,0.4069848214285714,50.46226666666689,295.85009642857125,0.0,0.0,0.0,260.4629190476189,0.0,10505.209000714285,0.0
2025-09-27,0,91,15:10-15:20,557.9001333333333,822.4183261904761,0.466,0.4501401785714284,55.24672142857162,271.26628571428535,0.0,0.0,0.0,209.2714714285712,0.0,10693.553324999999,0.0
2025-09-27,0,92,15:20-15:30,595.8233333333333,761.4205357142857,0.5269,0.5081174107142857,81.55678571428564,224.65284821428523,0.0,0.0,0.0,84.04041666666683,0.0,10769.1897,0.0
2025-09-27,0,93,15:30-15:40,623.22685,708.9744499999999,0.5376,0.522144642857143,51.51393333333317,216.59439166666638,0.0,0.0,0.0,34.23366666666675,0.0,10800.0,0.0
2025-09-27,0,94,15:40-15:50,636.1226333333333,653.9936904761905,0.5832,0.5726383928571429,51.430788095238256,188.18444166666626,33.55973095238096,33.55973095238096,33.55973095238096,0.0,-0.0,10800.0,0.0
2025-09-27,0,95,15:50-16:00,631.015,594.5366071428572,0.6376,0.6278433035714285,59.52958333333322,189.74424821428556,96.00797619047603,96.00797619047603,96.00797619047603,0.0,-0.0,10800.0,0.0
2025-09-27,0,96,16:00-16:10,603.8302333333334,540.6803166666666,0.5913,0.5773620535714284,63.016883333333226,212.12748154761903,126.16679999999997,126.16679999999997,126.16679999999997,0.0,0.0,10800.0,0.0
2025-09-27,0,97,16:10-16:20,598.0073166666666,484.6312761904761,0.5904,0.5795500000000001,67.71999047619045,184.49957440476192,181.09603095238094,181.09603095238094,181.09603095238094,0.0,0.0,10800.0,0.0
2025-09-27,0,98,16:20-16:30,630.8716666666667,427.05178571428576,0.6839,0.6803142857142858,59.580892857143,147.3128000000001,263.4007738095239,263.4007738095239,263.4007738095239,0.0,0.0,10800.0,0.0
2025-09-27,0,99,16:30-16:40,666.0089833333333,376.48777142857136,0.7608,0.753435267857143,49.966326190476195,162.81957678571422,339.48753809523816,339.48753809523816,339.48753809523816,-0.0,0.0,10800.0,0.0
2025-09-27,0,100,16:40-16:50,611.2629333333333,321.3116523809524,0.7281,0.7163825892857142,42.2538571428571,131.06744940476185,332.205138095238,332.205138095238,332.205138095238,0.0,0.0,10800.0,0.0
2025-09-27,0,101,16:50-17:00,513.0183333333333,261.02142857142854,0.6616,0.6523571428571426,55.90863095238092,119.89986666666667,307.9055357142857,307.9055357142857,307.9055357142857,0.0,0.0,10800.0,0.0
2025-09-27,0,102,17:00-17:10,512.7203999999999,207.60049999999995,0.7226,0.7191022321428573,53.64441428571428,101.71614345238069,358.7643142857142,358.7643142857142,358.7643142857142,0.0,0.0,10800.0,0.0
2025-09-27,0,103,17:10-17:20,527.7426666666667,157.91784047619043,0.7711,0.7681593749999996,40.56485476190471,103.0746678571431,410.3896809523809,410.3896809523809,410.3896809523809,0.0,0.0,10800.0,0.0
2025-09-27,0,104,17:20-17:30,506.8833333333333,109.34107142857142,0.7399,0.7317825892857143,41.052976190476215,104.47653630952402,438.59523809523813,438.59523809523813,438.59523809523813,0.0,0.0,10800.0,0.0
2025-09-27,0,105,17:30-17:40,488.88588333333337,63.89459047619049,0.7302,0.7187946428571428,26.911433333333207,73.89702440476208,451.9027261904761,451.9027261904761,451.9027261904761,0.0,0.0,10800.0,0.0
2025-09-27,0,106,17:40-17:50,513.1347333333333,24.63680238095238,0.9075,0.8989482142857144,28.293514285714423,54.53606428571442,516.7914452380953,516.7914452380953,516.7914452380953,0.0,0.0,10800.0,0.0
2025-09-27,0,107,17:50-18:00,557.0833333333333,0.13214285714285712,1.166,1.1612267857142857,31.328333333333205,71.80031488095264,0.0,0.0,0.0,0.0,588.2795238095235,10146.356084656085,0.0
2025-09-27,0,108,18:00-18:10,555.8756666666666,0.0,1.2154,1.2066276785714287,19.79973333333328,76.62054880952385,0.0,0.0,0.0,0.0,575.6753999999999,9506.716751322752,0.0
2025-09-27,0,109,18:10-18:20,520.1145166666666,0.8280119047619048,1.1603,1.1501531249999999,29.47711190476184,48.61969047619036,0.0,0.0,0.0,0.0,548.7636166666666,8896.9793994709,0.0
2025-09-27,0,110,18:20-18:30,485.6033333333333,0.0,1.1062,1.0971245535714285,50.26946428571421,39.88348571428574,0.0,0.0,0.0,0.0,535.8727976190476,8301.56517989418,0.0
2025-09-27,0,111,18:30-18:40,484.8267333333333,0.0,1.074,1.0550758928571429,21.587473809523885,72.74365535714287,506.4142071428572,506.4142071428572,506.4142071428572,0.0,0.0,8301.56517989418,0.0
2025-09-27,0,112,18:40-18:50,513.82645,0.05944761904761904,1.1427,1.0996285714285714,20.83939285714291,77.88713869047635,0.0,0.0,0.0,0.0,534.6063952380953,7707.558074074074,0.0
2025-09-27,0,113,18:50-19:00,547.8683333333333,0.0,1.2342,1.1685004464285715,36.34000000000003,48.78621250000012,0.0,0.0,0.0,0.0,584.2083333333334,7058.437703703704,0.0
2025-09-27,0,114,19:00-19:10,553.6612666666666,0.0,1.1802,1.1147937499999998,28.012311904761873,76.33620059523813,0.0,0.0,0.0,0.0,581.6735785714285,6412.133727513228,0.0
2025-09-27,0,115,19:10-19:20,512.9190166666666,0.004269047619047619,1.1331,1.0696638392857143,31.901666666666642,77.00468869047606,389.03803988095194,389.03803988095194,389.03803988095194,0.0,155.7783744047623,6239.04664484127,0.0
2025-09-27,0,116,19:20-19:30,475.4133333333333,0.0,1.1509,1.0815964285714288,25.318333333333385,56.81291666666661,0.0,0.0,0.0,0.0,500.7316666666667,5682.678126322751,0.0
2025-09-27,0,117,19:30-19:40,516.3089166666666,0.0,1.144,1.0717691964285716,31.658783333333417,45.56117619047609,0.0,0.0,0.0,0.0,547.9677,5073.825126322751,0.0
2025-09-27,0,118,19:40-19:50,558.5064,0.0003047619047619048,1.1388,1.0682522321428571,18.55728809523805,49.12268750000001,577.0633833333333,577.0633833333333,577.0633833333333,0.0,0.0,5073.825126322751,0.0
2025-09-27,0,119,19:50-20:00,551.6683333333333,0.0,1.1546,1.0871915178571425,30.225000000000023,46.76464761904762,0.0,0.0,0.0,0.0,581.8933333333333,4427.276978174603,0.0
2025-09-27,0,120,20:00-20:10,522.55485,0.0,1.1705,1.103554464285714,23.94684285714277,53.251329166666665,0.0,0.0,0.0,0.0,546.5016928571428,3820.052875,0.0
2025-09-27,0,121,20:10-20:20,539.4304999999999,0.0,1.1573,1.0891933035714285,26.782516666666652,53.28250833333345,0.0,0.0,0.0,0.0,566.2130166666666,3190.927300925926,0.0
2025-09-27,0,122,20:20-20:30,572.0883333333334,0.0,1.1634,1.0920410714285713,17.79166666666663,78.6466375,0.0,0.0,0.0,0.0,589.88,2535.5050787037035,0.0
2025-09-27,0,123,20:30-20:40,536.5220333333333,0.0,1.2367,1.1628495535714285,23.335833333333312,40.215071428571775,0.0,0.0,0.0,0.0,559.8578666666666,1913.4407824074074,0.0
2025-09-27,0,124,20:40-20:50,556.5071666666666,0.0,1.1237,1.073837053571429,22.0542999999999,54.7262666666667,0.0,0.0,0.0,0.0,578.5614666666665,1270.5947083333335,0.0
2025-09-27,0,125,20:50-21:00,592.125,0.0,0.8573,0.841732589285714,32.89166666666665,63.53523750000009,672.7715997942385,672.7715997942385,672.7715997942385,47.75493312757185,0.0,1313.5741481481482,0.0
2025-09-27,0,126,21:00-21:10,483.01728333333335,0.0,0.7473,0.7310169642857146,23.684883333333346,102.21673333333337,506.7021666666667,506.7021666666667,506.7021666666667,0.0,0.0,1313.5741481481482,0.0
2025-09-27,0,127,21:10-21:20,442.1703,0.0,0.7623,0.737545535714286,28.653966666666634,80.69680416666685,470.82426666666663,470.82426666666663,470.82426666666663,0.0,0.0,1313.5741481481482,0.0
2025-09-27,0,128,21:20-21:30,500.53499999999997,0.0,0.8144,0.7901035714285716,24.04833333333329,75.42237499999987,524.5833333333333,524.5833333333333,524.5833333333333,0.0,0.0,1313.5741481481482,0.0
2025-09-27,0,129,21:30-21:40,478.9320333333333,0.0,0.8237,0.799445982142857,29.54936666666663,74.97906250000005,488.8432875,488.8432875,488.8432875,0.0,19.638112499999966,1291.7540231481482,0.0
2025-09-27,0,130,21:40-21:50,463.03734999999995,0.0,0.625,0.6035214285714285,38.16666666666663,82.57862083333342,505.36463909464993,505.36463909464993,505.36463909464993,4.160622427983374,0.0,1295.4985833333333,0.0
2025-09-27,0,131,21:50-22:00,479.4816666666666,0.0,0.3558,0.3383674107142857,33.17833333333334,85.94872500000002,512.66,512.66,512.66,0.0,0.0,1295.4985833333333,0.0
2025-09-27,0,132,22:00-22:10,457.8764,0.0,0.3436,0.3242343750000001,17.427616666666665,65.25607500000001,1308.63735,1308.63735,1308.63735,833.3333333333333,0.0,2045.4985833333333,0.0
2025-09-27,0,133,22:10-22:20,449.7167666666667,0.0,0.3837,0.3587316964285715,25.63261666666665,41.79947499999989,475.3493833333333,475.3493833333333,475.3493833333333,0.0,0.0,2045.4985833333333,0.0
2025-09-27,0,134,22:20-22:30,463.6533333333333,0.0,0.3482,0.3182549107142858,31.596666666666692,44.65916249999995,1328.5833333333333,1328.5833333333333,1328.5833333333333,833.3333333333333,0.0,2795.498583333333,0.0
2025-09-27,0,135,22:30-22:40,450.07634999999993,0.0,0.3132,0.28221339285714286,36.675716666666744,37.385229166666676,1320.0854,1320.0854,1320.0854,833.3333333333333,0.0,3545.498583333333,0.0
2025-09-27,0,136,22:40-22:50,424.9276666666666,0.0,0.3196,0.29277812500000006,28.557000000000016,29.86180416666673,1286.8179999999998,1286.8179999999998,1286.8179999999998,833.3333333333333,0.0,4295.498583333333,0.0
2025-09-27,0,137,22:50-23:00,414.3233333333333,0.0,0.3538,0.33276651785714284,34.38499999999999,63.896708333333464,609.5247222222225,609.5247222222225,609.5247222222225,160.81638888888924,0.0,4440.233333333334,0.0
2025-09-27,0,138,23:00-23:10,424.6923166666666,0.0,0.367,0.3471946428571427,24.648683333333338,89.85774583333321,449.34099999999995,449.34099999999995,449.34099999999995,0.0,0.0,4440.233333333334,0.0
2025-09-27,0,139,23:10-23:20,414.42758333333336,0.0,0.3456,0.32331607142857155,15.176849999999945,74.4624875000001,1262.9377666666664,1262.9377666666664,1262.9377666666664,833.3333333333333,0.0,5190.233333333334,0.0
2025-09-27,0,140,23:20-23:30,388.51166666666666,0.0,0.3152,0.2911901785714286,31.328333333333376,52.83987499999998,1253.1733333333332,1253.1733333333332,1253.1733333333332,833.3333333333333,0.0,5940.233333333334,0.0
2025-09-27,0,141,23:30-23:40,405.7111,0.0,0.3242,0.30262366071428565,18.10699999999997,45.18359166666663,1257.1514333333332,1257.1514333333332,1257.1514333333332,833.3333333333333,0.0,6690.233333333334,0.0
2025-09-27,0,142,23:40-23:50,501.2098166666666,0.0,0.3891,0.3667294642857143,26.942216666666695,38.78162083333345,528.1520333333333,528.1520333333333,528.1520333333333,0.0,0.0,6690.233333333334,0.0
2025-09-27,0,143,23:50-24:00,598.2383333333332,0.0,0.4536,0.42891964285714285,22.97166666666658,34.55166666666676,0.0,0.0,0.0,0.0,621.2099999999998,6000.0,0.0
2025-09-28,0,0,0:00-0:10,574.64585,0.0,0.4351,0.4156196428571429,22.247500000000173,60.47142916666651,596.8933500000002,596.8933500000002,596.8933500000002,0.0,0.0,6464.628238941148,0.0
2025-09-28,0,1,0:10-0:20,543.5574666666666,0.0,0.3996,0.3794741071428572,14.830983333333393,67.29955416666674,1391.7217833333334,1391.7217833333334,1391.7217833333334,833.3333333333333,0.0,7214.628238941148,0.0
2025-09-28,0,2,0:20-0:30,567.5783333333333,0.0,0.4124,0.3884651785714285,20.671666666666738,60.94081666666649,1421.5833333333333,1421.5833333333333,1421.5833333333333,833.3333333333333,0.0,7964.628238941148,0.0
2025-09-28,0,3,0:30-0:40,600.7013166666666,0.0,0.47,0.45231830357142855,21.91526666666664,62.24335416666682,622.6165833333332,622.6165833333332,622.6165833333332,0.0,0.0,7964.628238941148,0.0
2025-09-28,0,4,0:40-0:50,605.84375,0.0,0.4552,0.43738169642857117,24.480199999999968,73.79212083333348,630.32395,630.32395,630.32395,0.0,0.0,7964.628238941148,0.0
2025-09-28,0,5,0:50-1:00,580.8466666666666,0.0,0.3859,0.3607058035714286,21.9849999999999,69.20502916666679,1436.1649999999997,1436.1649999999997,1436.1649999999997,833.3333333333333,0.0,8714.628238941148,0.0
2025-09-28,0,6,1:00-1:10,555.2016333333333,0.0,0.3982,0.3746517857142858,31.91046666666665,64.57267500000006,1420.4454333333333,1420.4454333333333,1420.4454333333333,833.3333333333333,0.0,9464.628238941148,0.0
2025-09-28,0,7,1:10-1:20,557.6459666666666,0.0,0.4487,0.4277459821428571,25.461566666666613,38.96251666666652,583.1075333333332,583.1075333333332,583.1075333333332,0.0,0.0,9464.628238941148,0.0
2025-09-28,0,8,1:20-1:30,583.555,0.0,0.4758,0.45375803571428575,16.271666666666704,64.43108333333306,599.8266666666666,599.8266666666666,599.8266666666666,0.0,0.0,9464.628238941148,0.0
2025-09-28,0,9,1:30-1:40,600.2704,0.0,0.4639,0.4412991071428572,21.297149999999988,80.39377678571411,621.56755,621.56755,621.56755,0.0,0.0,9464.628238941148,0.0
2025-09-28,0,10,1:40-1:50,595.1714666666667,0.0,0.465,0.4429022321428572,21.178666666666686,63.74330952380919,616.3501333333334,616.3501333333334,616.3501333333334,0.0,0.0,9464.628238941148,0.0
2025-09-28,0,11,1:50-2:00,580.6166666666666,0.0,0.4768,0.45549151785714276,14.146666666666704,58.85730416666658,594.7633333333333,594.7633333333333,594.7633333333333,0.0,0.0,9464.628238941148,0.0
2025-09-28,0,12,2:00-2:10,582.0647666666666,0.0,0.4493,0.4282888392857143,23.45675000000017,45.602489285714114,605.5215166666668,605.5215166666668,605.5215166666668,0.0,0.0,9464.628238941148,0.0
2025-09-28,0,13,2:10-2:20,598.2595666666666,0.0,0.4221,0.4012053571428572,24.751549999999952,37.36962916666664,623.0111166666666,623.0111166666666,623.0111166666666,0.0,0.0,9464.628238941148,0.0
2025-09-28,0,14,2:20-2:30,605.5883333333334,0.0,0.4292,0.40982544642857144,12.226666666666688,48.9263583333333,617.815,617.815,617.815,0.0,0.0,9464.628238941148,0.0
2025-09-28,0,15,2:30-2:40,581.7901666666667,0.0,0.4607,0.44546205357142865,17.55453333333344,45.53292499999992,599.3447000000001,599.3447000000001,599.3447000000001,0.0,0.0,9464.628238941148,0.0
2025-09-28,0,16,2:40-2:50,570.2716166666667,0.0,0.4504,0.4377732142857144,22.700733333333346,59.69530416666666,592.97235,592.97235,592.97235,0.0,0.0,9464.628238941148,0.0
2025-09-28,0,17,2:50-3:00,594.8583333333333,0.0,0.4181,0.4049883928571429,25.313333333333276,56.84364583333348,620.1716666666666,620.1716666666666,620.1716666666666,0.0,0.0,9464.628238941148,0.0
2025-09-28,0,18,3:00-3:10,633.8484833333333,0.0,0.4478,0.43262946428571425,30.31393333333324,60.42594047619055,664.1624166666666,664.1624166666666,664.1624166666666,0.0,0.0,9464.628238941148,0.0
2025-09-28,0,19,3:10-3:20,631.33525,0.0,0.4822,0.46217812500000005,21.378066666666655,76.86185000000002,652.7133166666666,652.7133166666666,652.7133166666666,0.0,0.0,9464.628238941148,0.0
2025-09-28,0,20,3:20-3:30,596.8433333333332,0.0,0.4809,0.45867455357142844,15.50666666666666,61.570514285714296,612.3499999999999,612.3499999999999,612.3499999999999,0.0,0.0,9464.628238941148,0.0
2025-09-28,0,21,3:30-3:40,593.3955666666666,0.0,0.4588,0.44412410714285705,20.80838333333338,71.45502976190458,614.20395,614.20395,614.20395,0.0,0.0,9464.628238941148,0.0
2025-09-28,0,22,3:40-3:50,604.3326166666666,0.0,0.4437,0.43154910714285716,18.882066666666674,57.08447142857146,623.2146833333333,623.2146833333333,623.2146833333333,0.0,0.0,9464.628238941148,0.0
2025-09-28,0,23,3:50-4:00,607.4216666666666,0.0,0.4407,0.42368080357142857,21.100000000000023,34.779136309523736,628.5216666666666,628.5216666666666,628.5216666666666,0.0,0.0,9464.628238941148,0.0
2025-09-28,0,24,4:00-4:10,601.31815,0.00028333333333333325,0.4379,0.4210834821428571,19.524783333333346,36.091638095237954,620.84265,620.84265,620.84265,0.0,0.0,9464.628238941148,0.0
2025-09-28,0,25,4:10-4:20,606.5261499999999,0.0,0.4537,0.44220982142857146,30.423740476190574,39.20485892857134,636.9498904761905,636.9498904761905,636.9498904761905,0.0,0.0,9464.628238941148,0.0
2025-09-28,0,26,4:20-4:30,624.2516666666667,0.0,0.4603,0.45226830357142855,20.533333333333303,70.66620833333329,644.785,644.785,644.785,0.0,0.0,9464.628238941148,0.0
2025-09-28,0,27,4:30-4:40,632.6716166666666,0.003942857142857142,0.4123,0.39954107142857154,28.97088571428577,88.83195535714265,1312.0516273669782,1312.0516273669782,1312.0516273669782,650.4130678431687,0.0,10050.0,0.0
2025-09-28,0,28,4:40-4:50,617.37775,0.0,0.4047,0.38950937500000016,24.538983333333363,104.37338809523781,1475.2500666666665,1475.2500666666665,1475.2500666666665,833.3333333333333,0.0,10800.0,0.0
2025-09-28,0,29,4:50-5:00,592.3966666666666,0.0,0.4478,0.4348441964285715,13.730000000000018,99.31249107142852,606.1266666666667,606.1266666666667,606.1266666666667,0.0,0.0,10800.0,0.0
2025-09-28,0,30,5:00-5:10,590.0818166666666,0.05491904761904762,0.455,0.44234419642857153,26.22828571428579,122.51188095238086,616.2551833333333,616.2551833333333,616.2551833333333,0.0,0.0,10800.0,0.0
2025-09-28,0,31,5:10-5:20,610.0270333333333,0.0,0.4346,0.42689330357142863,22.311197619047675,149.1630619047619,632.338230952381,632.338230952381,632.338230952381,0.0,0.0,10800.0,0.0
2025-09-28,0,32,5:20-5:30,624.6166666666666,0.0,0.4108,0.41150580357142863,31.437083333333362,247.80817916666712,656.0537499999999,656.0537499999999,656.0537499999999,-0.0,0.0,10800.0,0.0
2025-09-28,0,33,5:30-5:40,617.1053166666666,0.7648928571428573,0.4309,0.43460669642857125,24.95306190476191,442.4019589285716,641.2934857142856,641.2934857142856,641.2934857142856,0.0,0.0,10800.0,0.0
2025-09-28,0,34,5:40-5:50,682.60935,0.0,0.6556,0.6617611607142857,32.588680952380855,520.6281773809525,715.1980309523808,715.1980309523808,715.1980309523808,0.0,-0.0,10800.0,0.0
2025-09-28,0,35,5:50-6:00,795.6183333333333,0.0,0.9505,0.9613263392857144,41.587619047619114,544.096443452381,3.872619047619196,3.872619047619196,3.872619047619196,0.0,833.3333333333333,9874.074074074075,0.0
2025-09-28,0,36,6:00-6:10,825.0815333333333,22.69984761904762,0.9861,1.0003767857142856,40.108469047618996,590.925317857143,9.156821428571334,9.156821428571334,9.156821428571334,0.0,833.3333333333333,8948.14814814815,0.0
2025-09-28,0,37,6:10-6:20,811.2143333333333,61.40775,0.9358,0.9470455357142855,42.09227380952382,639.6093208333335,0.0,0.0,0.0,0.0,791.8988571428572,8068.26052910053,0.0
2025-09-28,0,38,6:20-6:30,798.52,108.25982142857143,0.9233,0.929449107142857,36.051250000000095,676.0627809523812,0.0,0.0,0.0,0.0,726.3114285714287,7261.247830687832,0.0
2025-09-28,0,39,6:30-6:40,791.7910833333333,158.1532761904762,0.9085,0.9171544642857145,47.27542142857135,655.7605339285717,0.0,0.0,0.0,0.0,680.9132285714285,6504.677576719578,0.0
2025-09-28,0,40,6:40-6:50,796.7159833333333,208.17776190476187,0.9074,0.9171638392857142,49.86968809523796,765.3187827380953,0.0,0.0,0.0,0.0,638.4079095238094,5795.335455026456,0.0
2025-09-28,0,41,6:50-7:00,798.8066666666666,260.6080357142857,0.8905,0.8987441964285713,52.93553571428572,820.8705684523807,0.0,0.0,0.0,0.0,591.1341666666667,5138.519714285715,0.0
2025-09-28,0,42,7:00-7:10,778.8162333333332,319.322169047619,0.8082,0.8193174107142854,51.51989285714279,802.1491833333337,132.53368452380852,132.53368452380852,132.53368452380852,0.0,378.48027261904855,4717.986078042328,0.0
2025-09-28,0,43,7:10-7:20,778.7998333333333,376.44468571428575,0.769,0.7781245535714287,52.007376190476066,796.303192261905,454.36252380952357,454.36252380952357,454.36252380952357,0.0,0.0,4717.986078042328,0.0
2025-09-28,0,44,7:20-7:30,787.4499999999999,432.04553571428573,0.7319,0.7323669642857145,62.56488095238109,812.3632250000002,417.96934523809523,417.96934523809523,417.96934523809523,0.0,0.0,4717.986078042328,0.0
2025-09-28,0,45,7:30-7:40,770.3021999999999,492.5652619047619,0.6037,0.5973736607142859,60.743007142856925,803.5698767857147,1171.813278571428,1171.813278571428,1171.813278571428,833.3333333333333,0.0,5467.986078042328,0.0
2025-09-28,0,46,7:40-7:50,866.5637166666667,547.067169047619,0.8052,0.7967281250000001,53.31222142857132,777.5591101190477,372.80876904761897,372.80876904761897,372.80876904761897,0.0,0.0,5467.986078042328,0.0
2025-09-28,0,47,7:50-8:00,1046.4833333333331,600.1794642857142,1.2037,1.196146875,53.31595238095247,750.2653809523811,0.0,0.0,0.0,0.0,499.6198214285714,4912.852943121693,0.0
2025-09-28,0,48,8:00-8:10,1119.9831333333332,667.2761523809525,1.2065,1.1991303571428573,40.18017380952389,726.338505952381,0.0,0.0,0.0,0.0,492.88715476190464,4365.200548941799,0.0
2025-09-28,0,49,8:10-8:20,1107.7827666666667,727.721238095238,1.1058,1.096503125,65.67844285714284,691.0645684523809,0.0,0.0,0.0,0.0,445.7399714285714,3869.9339140211637,0.0
2025-09-28,0,50,8:20-8:30,1075.84,777.2366071428571,1.0835,1.0725977678571428,66.49863095238084,726.5930071428567,0.0,0.0,0.0,0.0,365.10202380952364,3464.2649986772485,0.0
2025-09-28,0,51,8:30-8:40,1064.8505333333333,831.9894761904761,1.0276,1.018741071428572,78.64476666666661,704.6138720238093,0.0,0.0,0.0,0.0,311.5058238095237,3118.1474166666667,0.0
2025-09-28,0,52,8:40-8:50,1055.4688166666665,887.8193357142856,1.0008,0.9925205357142858,64.8767595238096,640.5982267857139,0.0,0.0,0.0,0.0,232.52624047619054,2859.7849272486774,0.0
2025-09-28,0,53,8:50-9:00,1054.2566666666667,940.0473214285714,1.0048,0.9952388392857142,110.09089285714305,615.976634523809,0.0,0.0,0.0,0.0,224.30023809523823,2610.56244047619,0.0
2025-09-28,0,54,9:00-9:10,1087.43325,988.5802500000001,0.9729,0.9644209821428574,91.39029761904749,604.222482142857,0.0,0.0,0.0,0.0,190.24329761904744,2399.1809986772487,0.0
2025-09-28,0,55,9:10-9:20,1099.8624333333332,1032.4833904761904,0.9922,0.982627232142857,86.3660023809523,552.1845303571424,0.0,0.0,0.0,0.0,153.74504523809514,2228.353170634921,0.0
2025-09-28,0,56,9:20-9:30,1089.6833333333334,1074.9848214285714,1.0161,1.0073732142857144,100.4824404761905,573.6272249999994,0.0,0.0,0.0,0.0,115.18095238095248,2100.3743346560846,0.0
2025-09-28,0,57,9:30-9:40,1105.8942666666667,1119.8978642857144,0.9092,0.9073808035714288,103.69031428571436,581.895127380951,0.0,0.0,0.0,0.0,89.6867166666666,2000.7224272486774,0.0
2025-09-28,0,58,9:40-9:50,1106.9773833333334,1156.1042619047619,0.864,0.8385191964285715,98.72694523809514,603.0737517857131,0.0,0.0,0.0,0.0,49.600066666666635,1945.6112420634922,0.0
2025-09-28,0,59,9:50-10:00,1080.2233333333334,1178.5642857142855,0.9205,0.8533223214285712,95.90148809523816,617.5942505952368,0.0,0.0,0.0,2.439464285713939,0.0,1947.8067599206347,0.0
2025-09-28,0,60,10:00-10:10,1058.8018499999998,1195.7414285714285,0.9245,0.8509741071428572,88.16244523809505,673.0260839285711,0.0,0.0,0.0,48.77713333333372,0.0,1991.7061799206351,0.0
2025-09-28,0,61,10:10-10:20,1050.1878499999998,1229.2575857142856,0.8935,0.8284455357142856,85.69655000000034,695.799970833333,0.0,0.0,0.0,93.37318571428546,0.0,2075.742047063492,0.0
2025-09-28,0,62,10:20-10:30,1050.1916666666666,1271.7419642857142,0.864,0.7984808035714283,83.85886904761901,694.5147357142855,0.0,0.0,0.0,137.69142857142856,0.0,2199.664332777778,0.0
2025-09-28,0,63,10:30-10:40,1054.0998833333333,1292.8472761904764,0.8286,0.7548035714285716,99.32178095238123,702.421169047618,0.0,0.0,0.0,139.4256119047618,0.0,2325.1473834920635,0.0
2025-09-28,0,64,10:40-10:50,1072.4322499999998,1299.1186214285713,0.7119,0.6565781250000002,109.7551761904765,685.7997666666658,0.0,0.0,0.0,116.93119523809492,0.0,2430.385459206349,0.0
2025-09-28,0,65,10:50-11:00,1089.12,1309.0133928571427,0.5586,0.5367098214285716,94.32755952380938,677.7224648809524,0.0,0.0,0.0,125.56583333333333,0.0,2543.394709206349,0.0
2025-09-28,0,66,11:00-11:10,1075.3865999999998,1334.914788095238,0.5028,0.48154464285714305,70.97718809523826,664.0127351190473,644.7823333333333,644.7823333333333,644.7823333333333,833.3333333333333,0.0,3293.394709206349,0.0
2025-09-28,0,67,11:10-11:20,1071.2458666666666,1356.2236166666664,0.4935,0.4654348214285714,97.1908833333332,646.914881547619,645.5464666666667,645.5464666666667,645.5464666666667,833.3333333333333,0.0,4043.394709206349,0.0
2025-09-28,0,68,11:20-11:30,1084.8566666666666,1359.0124999999998,0.4922,0.4667433035714286,101.29113095238085,644.2922583333333,660.4686309523809,660.4686309523809,660.4686309523809,833.3333333333333,0.0,4793.394709206349,0.0
2025-09-28,0,69,11:30-11:40,1081.1962833333332,1348.3750785714287,0.5092,0.48651339285714285,95.2195857142857,761.0301761904763,661.3741238095233,661.3741238095233,661.3741238095233,833.3333333333333,0.0,5543.394709206349,0.0
2025-09-28,0,70,11:40-11:50,1050.7914999999998,1344.9676619047618,0.5101,0.48669553571428587,111.53916666666663,840.9850178571435,334.7839477072323,334.7839477072323,334.7839477072323,517.4209429453276,0.0,6009.073557857144,0.0
2025-09-28,0,71,11:50-12:00,1007.6433333333332,1356.1321428571428,0.482,0.4570263392857142,95.44845238095252,869.0083738095238,580.2929761904763,580.2929761904763,580.2929761904763,833.3333333333333,0.0,6759.073557857144,0.0
2025-09-28,0,72,12:00-12:10,979.6333999999999,1369.8106357142856,0.4468,0.42405401785714286,102.08970476190495,864.7383142857143,545.2458023809525,545.2458023809525,545.2458023809525,833.3333333333333,0.0,7509.073557857144,0.0
2025-09-28,0,73,12:10-12:20,982.5774666666666,1365.6049428571428,0.433,0.4109022321428572,95.21683809523824,888.6024988095246,545.5226952380954,545.5226952380954,545.5226952380954,833.3333333333333,0.0,8259.073557857144,0.0
2025-09-28,0,74,12:20-12:30,996.9783333333332,1346.1401785714286,0.4219,0.398659375,99.05250000000001,929.1060107142866,583.2239880952379,583.2239880952379,583.2239880952379,833.3333333333333,0.0,9009.073557857144,0.0
2025-09-28,0,75,12:30-12:40,994.1105833333332,1334.7550238095237,0.4025,0.3809281250000001,113.78910952380966,914.4254005952391,606.4780023809524,606.4780023809524,606.4780023809524,833.3333333333333,0.0,9759.073557857144,0.0
2025-09-28,0,76,12:40-12:50,1032.2415333333333,1337.2341714285712,0.5719,0.5484910714285715,77.44865952380951,890.5377148809537,0.0,0.0,0.0,227.5439785714284,0.0,9963.863138571429,0.0
2025-09-28,0,77,12:50-13:00,1088.1483333333333,1338.2366071428573,0.8345,0.8065607142857143,73.7593452380952,875.4258958333327,0.0,0.0,0.0,176.32892857142883,0.0,10122.559174285714,0.0
2025-09-28,0,78,13:00-13:10,1072.5276166666665,1314.7244428571428,0.8735,0.845838392857143,69.09348571428575,871.6788124999993,0.0,0.0,0.0,173.1033404761904,0.0,10278.352180714286,0.0
2025-09-28,0,79,13:10-13:20,1043.6377166666666,1278.7414904761904,0.8573,0.8292946428571428,71.92822619047593,763.379217857143,0.0,0.0,0.0,163.17554761904785,0.0,10425.21017357143,0.0
2025-09-28,0,80,13:20-13:30,1041.3166666666666,1251.636607142857,0.8941,0.8681191964285714,59.8795833333333,710.1305815476186,0.0,0.0,0.0,150.440357142857,0.0,10560.606495,0.0
2025-09-28,0,81,13:30-13:40,1048.2024333333334,1243.1053928571428,0.917,0.8997870535714286,81.09023333333357,685.2703875000004,0.0,0.0,0.0,113.81272619047581,0.0,10663.037948571427,0.0
2025-09-28,0,82,13:40-13:50,1045.0181666666667,1216.8132857142857,0.9048,0.8681879464285714,82.85777380952379,681.3704339285721,0.0,0.0,0.0,88.9373452380953,0.0,10743.081559285713,0.0
2025-09-28,0,83,13:50-14:00,1037.4066666666665,1170.3598214285712,0.8809,0.808169642857143,89.86053571428545,606.3755107142861,0.0,0.0,0.0,43.09261904761934,0.0,10781.86491642857,0.0
2025-09-28,0,84,14:00-14:10,1045.43445,1134.7544261904764,0.8831,0.8071584821428573,69.1698833333334,635.0153636904762,0.0,0.0,0.0,20.15009285714291,0.0,10800.0,0.0
2025-09-28,0,85,14:10-14:20,1048.9855333333333,1093.8289,0.8829,0.8148669642857148,74.18846904761904,619.7945690476196,0.0,0.0,0.0,0.0,29.345102380952312,10767.39433068783,0.0
2025-09-28,0,86,14:20-14:30,1045.7266666666665,1041.0723214285715,0.8997,0.829520535714286,77.70190476190464,617.123258333334,0.0,0.0,0.0,0.0,82.35624999999959,10675.887386243387,0.0
2025-09-28,0,87,14:30-14:40,1054.536833333333,988.9322547619047,0.9543,0.8769549107142859,84.35801666666657,604.2994017857146,0.0,0.0,0.0,0.0,149.962595238095,10509.262280423281,0.0
2025-09-28,0,88,14:40-14:50,1066.4849333333332,938.1506952380952,0.8331,0.7748553571428571,69.72756190476196,557.4379029761908,0.0,0.0,0.0,0.0,198.06179999999983,10289.193613756615,0.0
2025-09-28,0,89,14:50-15:00,1059.5549999999998,892.3267857142857,0.632,0.6100638392857141,79.80940476190474,453.2256220238098,814.6002704291573,814.6002704291573,814.6002704291573,567.5626513815384,0.0,10800.0,0.0
2025-09-28,0,90,15:00-15:10,1021.9724666666666,856.0563619047617,0.6725,0.6618026785714287,51.981314285714234,330.7790892857147,217.8974190476191,217.8974190476191,217.8974190476191,0.0,0.0,10800.0,0.0
2025-09-28,0,91,15:10-15:20,1003.794,814.4340761904762,0.7164,0.7032848214285715,57.20933809523814,258.5974946428573,246.56926190476202,246.56926190476202,246.56926190476202,0.0,0.0,10800.0,0.0
2025-09-28,0,92,15:20-15:30,1015.3516666666666,761.5151785714286,0.6901,0.674347767857143,81.55678571428564,220.09765892857155,335.39327380952363,335.39327380952363,335.39327380952363,0.0,0.0,10800.0,0.0
2025-09-28,0,93,15:30-15:40,1023.55915,703.8343642857142,0.7577,0.7411178571428572,51.51393333333317,207.21689226190443,371.23871904761904,371.23871904761904,371.23871904761904,0.0,0.0,10800.0,0.0
2025-09-28,0,94,15:40-15:50,1041.7060499999998,642.4572952380952,0.8092,0.7970276785714286,51.32146428571423,178.80694226190428,450.5702190476188,450.5702190476188,450.5702190476188,0.0,-0.0,10800.0,0.0
2025-09-28,0,95,15:50-16:00,1073.98,581.9660714285715,0.8131,0.8051861607142855,65.1836309523809,174.90189107142834,557.1975595238096,557.1975595238096,557.1975595238096,0.0,-0.0,10800.0,0.0
2025-09-28,0,96,16:00-16:10,1097.0928666666666,528.2722761904762,0.8604,0.8482013392857141,65.06448095238113,202.93917202380948,633.8850714285717,633.8850714285717,633.8850714285717,0.0,-0.0,10800.0,0.0
2025-09-28,0,97,16:10-16:20,1066.9753666666666,472.9915047619047,0.9335,0.9239357142857144,69.08969047619041,177.35886250000027,663.0735523809522,663.0735523809522,663.0735523809522,0.0,-0.0,10800.0,0.0
2025-09-28,0,98,16:20-16:30,1023.54,416.21071428571423,0.9915,0.9892339285714288,65.35190476190468,141.54178809523842,672.6811904761905,672.6811904761905,672.6811904761905,0.0,-0.0,10800.0,0.0
2025-09-28,0,99,16:30-16:40,1053.97165,365.726219047619,1.0118,1.003567410714286,49.966326190476195,162.81957678571422,738.2117571428571,738.2117571428571,738.2117571428571,0.0,-0.0,10800.0,0.0
2025-09-28,0,100,16:40-16:50,1082.7613833333332,312.3278642857143,1.0203,1.0069200892857142,42.2538571428571,131.06744940476185,812.6873761904759,812.6873761904759,812.6873761904759,0.0,-0.0,10800.0,0.0
2025-09-28,0,101,16:50-17:00,1083.5,255.1375,1.0293,1.019951785714286,55.90863095238092,115.40529107142854,884.2711309523809,884.2711309523809,884.2711309523809,0.0,0.0,10800.0,0.0
2025-09-28,0,102,17:00-17:10,1099.9967,203.09543333333332,1.037,1.0344379464285713,53.64441428571428,99.89522142857115,950.5456809523808,950.5456809523808,950.5456809523808,0.0,0.0,10800.0,0.0
2025-09-28,0,103,17:10-17:20,1096.6908333333333,153.70538333333332,1.0845,1.0820540178571432,40.56485476190471,92.91040833333365,983.5503047619046,983.5503047619046,983.5503047619046,0.0,0.0,10800.0,0.0
2025-09-28,0,104,17:20-17:30,1079.9516666666666,105.01875000000001,1.1253,1.1168933035714288,39.421428571428464,94.92795892857171,1014.3543452380952,1014.3543452380952,1014.3543452380952,0.0,-0.0,10800.0,0.0
2025-09-28,0,105,17:30-17:40,1074.9023333333332,59.330742857142845,1.0831,1.0721035714285712,35.826669047619134,61.99422738095251,1051.3982595238094,1051.3982595238094,1051.3982595238094,0.0,0.0,10800.0,0.0
2025-09-28,0,106,17:40-17:50,942.2424166666666,21.801742857142855,1.1454,1.1377017857142857,31.174085714285695,51.33452321428604,951.6147595238095,951.6147595238095,951.6147595238095,0.0,0.0,10800.0,0.0
2025-09-28,0,107,17:50-18:00,765.6783333333333,0.0,1.3068,1.302285714285714,31.328333333333205,72.30900714285741,0.0,0.0,0.0,0.0,797.0066666666664,9914.437037037038,0.0
2025-09-28,0,108,18:00-18:10,784.3183999999999,0.0,1.3615,1.3522973214285712,18.97882380952376,77.12924107142862,0.0,0.0,0.0,0.0,803.2972238095236,9021.884566137567,0.0
2025-09-28,0,109,18:10-18:20,810.1360500000001,0.7322619047619048,1.3414,1.330647767857143,29.47711190476184,50.633560119047644,5.547566666666739,5.547566666666739,5.547566666666739,0.0,833.3333333333333,8095.958640211641,0.0
2025-09-28,0,110,18:20-18:30,783.5466666666666,0.0,1.3285,1.320001339285714,51.5183333333332,51.69540476190491,1.7316666666665697,1.7316666666665697,1.7316666666665697,0.0,833.3333333333333,7170.032714285715,0.0
2025-09-28,0,111,18:30-18:40,826.6918833333334,0.0,1.3634,1.3473169642857141,21.88115238095247,76.67768392857158,15.239702380952622,15.239702380952622,15.239702380952622,0.0,833.3333333333333,6244.106788359789,0.0
2025-09-28,0,112,18:40-18:50,841.8593999999999,0.05257380952380952,1.3742,1.3315857142857144,22.795019047618894,84.78955714285749,31.268511904761795,31.268511904761795,31.268511904761795,0.0,833.3333333333333,5318.180862433863,0.0
2025-09-28,0,113,18:50-19:00,805.3316666666666,0.0,1.3402,1.2706343750000002,18.808333333333394,65.24603452380947,0.0,0.0,0.0,0.0,824.14,4402.469751322752,0.0
2025-09-28,0,114,19:00-19:10,799.0709166666667,0.0,1.3118,1.2450348214285716,28.012311904761873,64.98786726190477,827.0832285714285,827.0832285714285,827.0832285714285,0.0,0.0,4402.469751322752,0.0
2025-09-28,0,115,19:10-19:20,802.8685999999999,0.0037738095238095235,1.3045,1.2430281250000002,31.901666666666642,65.6563553571427,834.7664928571427,834.7664928571427,834.7664928571427,0.0,0.0,4402.469751322752,0.0
2025-09-28,0,116,19:20-19:30,801.6316666666667,0.0,1.3182,1.250989285714286,36.66666666666674,45.46458333333325,545.6823726190471,545.6823726190471,545.6823726190471,0.0,292.6159607142863,4077.340906084656,0.0
2025-09-28,0,117,19:30-19:40,806.4136,0.0,1.3395,1.2680727678571428,31.658783333333417,45.56117619047609,4.739050000000134,4.739050000000134,4.739050000000134,0.0,833.3333333333333,3151.41498015873,0.0
2025-09-28,0,118,19:40-19:50,805.1472,0.0002476190476190476,1.3287,1.2578825892857144,18.55728809523805,49.12268750000001,0.0,0.0,0.0,0.0,823.7042404761904,2236.1880462962963,0.0
2025-09-28,0,119,19:50-20:00,795.7716666666666,0.0,1.2995,1.231854017857143,30.225000000000023,46.76464761904762,825.9966666666667,825.9966666666667,825.9966666666667,0.0,0.0,2236.1880462962963,0.0
2025-09-28,0,120,20:00-20:10,789.1606166666667,0.0,1.3013,1.235154464285714,23.94684285714277,53.251329166666665,813.1074595238094,813.1074595238094,813.1074595238094,0.0,0.0,2236.1880462962963,0.0
2025-09-28,0,121,20:10-20:20,784.1071499999999,0.0,1.2918,1.2251397321428568,26.782516666666652,54.26802083333348,810.8896666666666,810.8896666666666,810.8896666666666,0.0,0.0,2236.1880462962963,0.0
2025-09-28,0,122,20:20-20:30,793.0249999999999,0.0,1.2938,1.2233535714285715,17.79166666666663,68.42786249999995,810.8166666666665,810.8166666666665,810.8166666666665,0.0,0.0,2236.1880462962963,0.0
2025-09-28,0,123,20:30-20:40,827.0119333333333,0.0,1.3523,1.2778906249999995,23.335833333333312,37.69262500000005,17.014433333333386,17.014433333333386,17.014433333333386,0.0,833.3333333333333,1310.2621203703702,0.0
2025-09-28,0,124,20:40-20:50,828.3051833333334,0.0,1.2587,1.2065745535714283,22.0542999999999,46.5138750000001,850.3594833333333,850.3594833333333,850.3594833333333,0.0,0.0,1310.2621203703702,0.0
2025-09-28,0,125,20:50-21:00,805.3683333333333,0.0,1.0498,1.0323093750000003,26.578333333333376,58.509274999999946,831.9466666666667,831.9466666666667,831.9466666666667,0.0,0.0,1310.2621203703702,0.0
2025-09-28,0,126,21:00-21:10,818.0624666666665,0.0,0.9822,0.9678723214285707,28.68419999999992,99.23590833333319,846.7466666666664,846.7466666666664,846.7466666666664,0.0,0.0,1310.2621203703702,0.0
2025-09-28,0,127,21:10-21:20,802.6469,0.0,0.9608,0.9383776785714282,42.64738333333344,87.84758333333318,845.2942833333334,845.2942833333334,845.2942833333334,0.0,0.0,1310.2621203703702,0.0
2025-09-28,0,128,21:20-21:30,784.4533333333334,0.0,0.9753,0.9510571428571428,26.73166666666657,75.56307916666665,811.185,811.185,811.185,0.0,0.0,1310.2621203703702,0.0
2025-09-28,0,129,21:30-21:40,838.3152833333334,0.0,1.0713,1.0493870535714287,32.79065000000003,72.39947916666667,857.785966666667,857.785966666667,857.785966666667,0.0,13.319966666666323,1295.4621574074076,0.0
2025-09-28,0,130,21:40-21:50,766.75715,0.0,0.8433,0.8240125000000001,38.45079999999996,85.91594166666678,809.7193543209876,809.7193543209876,809.7193543209876,4.511404320987569,0.0,1299.5224212962964,0.0
2025-09-28,0,131,21:50-22:00,604.3516666666667,0.0,0.4338,0.41529241071428574,29.394999999999982,89.57017916666672,633.7466666666667,633.7466666666667,633.7466666666667,0.0,0.0,1299.5224212962964,0.0
2025-09-28,0,132,22:00-22:10,593.0055833333333,0.0,0.4176,0.3975361607142857,17.427616666666665,65.25607500000001,833.1860652263372,833.1860652263372,833.1860652263372,222.7528652263373,0.0,1500.0,0.0
2025-09-28,0,133,22:10-22:20,605.1032833333334,0.0,0.467,0.44209062500000007,25.63261666666665,41.63759583333322,630.7359,630.7359,630.7359,0.0,0.0,1500.0,0.0
2025-09-28,0,134,22:20-22:30,575.6383333333333,0.0,0.3954,0.36547098214285717,31.596666666666692,44.497283333333286,1440.5683333333332,1440.5683333333332,1440.5683333333332,833.3333333333333,0.0,2250.0,0.0
2025-09-28,0,135,22:30-22:40,578.7334666666666,0.0,0.36,0.3303973214285714,36.675716666666744,58.333304166666736,1448.7425166666667,1448.7425166666667,1448.7425166666667,833.3333333333333,0.0,3000.0,0.0
2025-09-28,0,136,22:40-22:50,610.8176833333333,0.0,0.3951,0.3696120535714286,29.204516666666677,36.62607500000007,1473.3555333333334,1473.3555333333334,1473.3555333333334,833.3333333333333,0.0,3750.0,0.0
2025-09-28,0,137,22:50-23:00,624.3833333333333,0.0,0.4388,0.41785580357142865,34.38499999999999,68.76069166666655,658.7683333333333,658.7683333333333,658.7683333333333,0.0,0.0,3750.0,0.0
2025-09-28,0,138,23:00-23:10,580.0266333333333,0.0,0.4146,0.395657142857143,25.04350000000011,92.21503333333332,1438.4034666666666,1438.4034666666666,1438.4034666666666,833.3333333333333,0.0,4500.0,0.0
2025-09-28,0,139,23:10-23:20,557.9206333333333,0.0,0.4234,0.4026464285714287,18.814049999999952,79.51993333333346,576.7346833333332,576.7346833333332,576.7346833333332,0.0,0.0,4500.0,0.0
2025-09-28,0,140,23:20-23:30,578.9116666666666,0.0,0.4592,0.43619553571428576,32.738333333333344,52.980608333333365,611.65,611.65,611.65,0.0,0.0,4500.0,0.0
2025-09-28,0,141,23:30-23:40,586.2528333333332,0.0,0.4174,0.3962218749999999,18.10699999999997,37.80125833333334,1437.6931666666665,1437.6931666666665,1437.6931666666665,833.3333333333333,0.0,5250.0,0.0
2025-09-28,0,142,23:40-23:50,572.3282666666667,0.0,0.4017,0.37931517857142855,25.804399999999987,31.6169041666667,1431.466,1431.466,1431.466,833.3333333333333,0.0,6000.0,0.0
2025-09-28,0,143,23:50-24:00,579.6199999999999,0.0,0.4344,0.4096892857142857,21.319999999999993,36.20333333333335,600.9399999999998,600.9399999999998,600.9399999999998,0.0,0.0,6000.0,0.0
2025-09-29,0,0,0:00-0:10,641.6732999999999,0.0,0.4305,0.41155892857142856,24.172483333333275,56.84824583333348,665.8457833333332,665.8457833333332,665.8457833333332,0.0,0.0,7105.953098544973,0.0
2025-09-29,0,1,0:10-0:20,618.8670666666667,0.0,0.4164,0.39758124999999994,16.52918333333332,67.08314583333356,1406.559473838919,1406.559473838919,1406.559473838919,771.1632238389191,0.0,7800.0,0.0
2025-09-29,0,2,0:20-0:30,553.305,0.0,0.4371,0.41438482142857147,20.671666666666738,62.08433333333315,573.9766666666667,573.9766666666667,573.9766666666667,0.0,0.0,7800.0,0.0
2025-09-29,0,3,0:30-0:40,620.9765833333333,0.0,0.4981,0.48017901785714284,21.91526666666664,62.24335416666682,642.89185,642.89185,642.89185,0.0,0.0,7800.0,0.0
2025-09-29,0,4,0:40-0:50,641.9723666666666,0.0,0.4949,0.47748883928571423,24.480199999999968,78.14629583333357,666.4525666666666,666.4525666666666,666.4525666666666,0.0,0.0,7800.0,0.0
2025-09-29,0,5,0:50-1:00,577.9449999999999,0.0,0.4291,0.4061611607142857,21.9849999999999,70.34854583333345,599.9299999999998,599.9299999999998,599.9299999999998,0.0,0.0,7800.0,0.0
2025-09-29,0,6,1:00-1:10,573.83065,0.0,0.4078,0.38521964285714283,27.336400000000026,69.14674166666668,1434.5003833333333,1434.5003833333333,1434.5003833333333,833.3333333333333,0.0,8550.0,0.0
2025-09-29,0,7,1:10-1:20,579.4708166666667,0.0,0.426,0.4049299107142856,25.461566666666613,37.307233333333414,604.9323833333333,604.9323833333333,604.9323833333333,0.0,0.0,8550.0,0.0
2025-09-29,0,8,1:20-1:30,580.4549999999999,0.0,0.4481,0.42619553571428553,16.271666666666704,67.33089166666659,596.7266666666667,596.7266666666667,596.7266666666667,0.0,0.0,8550.0,0.0
2025-09-29,0,9,1:30-1:40,620.4196833333333,0.0,0.4453,0.4222366071428572,21.297149999999988,82.49899761904751,641.7168333333333,641.7168333333333,641.7168333333333,0.0,0.0,8550.0,0.0
2025-09-29,0,10,1:40-1:50,630.7617333333333,0.0,0.4228,0.399934375,18.15883333333329,62.85052619047599,648.9205666666666,648.9205666666666,648.9205666666666,0.0,0.0,8550.0,0.0
2025-09-29,0,11,1:50-2:00,602.6099999999999,0.0,0.4079,0.38682366071428564,15.934999999999945,54.18218750000008,1451.878333333333,1451.878333333333,1451.878333333333,833.3333333333333,0.0,9300.0,0.0
2025-09-29,0,12,2:00-2:10,594.3918666666666,0.0,0.4311,0.4119924107142857,25.5542333333334,42.96987261904749,619.9461,619.9461,619.9461,0.0,0.0,9300.0,0.0
2025-09-29,0,13,2:10-2:20,581.1231833333333,0.0,0.4797,0.46005178571428573,25.540849999999978,36.580329166666615,606.6640333333332,606.6640333333332,606.6640333333332,0.0,0.0,9300.0,0.0
2025-09-29,0,14,2:20-2:30,570.3699999999999,0.0,0.511,0.4906200892857144,12.226666666666688,48.9263583333333,582.5966666666666,582.5966666666666,582.5966666666666,0.0,0.0,9300.0,0.0
2025-09-29,0,15,2:30-2:40,601.0641333333333,0.0,0.4868,0.47058169642857134,17.55453333333344,45.53292499999992,618.6186666666667,618.6186666666667,618.6186666666667,0.0,0.0,9300.0,0.0
2025-09-29,0,16,2:40-2:50,622.3032,0.0,0.4584,0.44632142857142865,22.700733333333346,59.851137499999965,645.0039333333333,645.0039333333333,645.0039333333333,0.0,0.0,9300.0,0.0
2025-09-29,0,17,2:50-3:00,610.5483333333333,0.0,0.4505,0.43825803571428573,25.313333333333276,57.466979166666704,635.8616666666666,635.8616666666666,635.8616666666666,0.0,0.0,9300.0,0.0
2025-09-29,0,18,3:00-3:10,592.9976999999999,0.0,0.444,0.42714196428571444,30.31393333333324,60.68010714285718,623.3116333333331,623.3116333333331,623.3116333333331,0.0,0.0,9300.0,0.0
2025-09-29,0,19,3:10-3:20,596.8273166666667,0.0,0.4384,0.41636205357142847,21.378066666666655,77.58351666666657,618.2053833333333,618.2053833333333,618.2053833333333,0.0,0.0,9300.0,0.0
2025-09-29,0,20,3:20-3:30,619.2616666666667,0.0,0.4507,0.42843883928571447,14.88333333333344,62.292180952380846,634.1450000000001,634.1450000000001,634.1450000000001,0.0,0.0,9300.0,0.0
2025-09-29,0,21,3:30-3:40,629.9474333333333,0.0,0.4887,0.4736491071428571,20.80838333333338,71.8483630952379,650.7558166666666,650.7558166666666,650.7558166666666,0.0,0.0,9300.0,0.0
2025-09-29,0,22,3:40-3:50,608.0377333333333,0.0,0.4785,0.46640446428571425,18.882066666666674,57.47780476190478,626.9198,626.9198,626.9198,0.0,0.0,9300.0,0.0
2025-09-29,0,23,3:50-4:00,586.5666666666666,0.0,0.4211,0.405496875,20.706666666666706,35.17246964285705,607.2733333333333,607.2733333333333,607.2733333333333,0.0,0.0,9300.0,0.0
2025-09-29,0,24,4:00-4:10,617.1203666666667,0.00022619047619047618,0.3975,0.3810852678571428,19.524783333333346,36.091638095237954,1469.9782571428573,1469.9782571428573,1469.9782571428573,833.3333333333333,0.0,10050.0,0.0
2025-09-29,0,25,4:10-4:20,624.6689166666666,0.0,0.4238,0.4116526785714285,30.423740476190574,39.20485892857134,655.0926571428572,655.0926571428572,655.0926571428572,0.0,0.0,10050.0,0.0
2025-09-29,0,26,4:20-4:30,590.72,0.0,0.4533,0.4445450892857142,20.533333333333303,70.66620833333329,611.2533333333333,611.2533333333333,611.2533333333333,0.0,0.0,10050.0,0.0
2025-09-29,0,27,4:30-4:40,573.2368833333333,0.003338095238095238,0.4258,0.4121428571428572,28.97088571428577,84.87878392857144,602.2044309523809,602.2044309523809,602.2044309523809,0.0,0.0,10050.0,0.0
2025-09-29,0,28,4:40-4:50,580.4909,0.0,0.4079,0.3928325892857144,24.538983333333363,101.6583880952379,1438.3632166666666,1438.3632166666666,1438.3632166666666,833.3333333333333,0.0,10800.0,0.0
2025-09-29,0,29,4:50-5:00,596.0283333333333,0.0,0.4227,0.4111084821428572,16.444999999999936,94.88343095238093,612.4733333333332,612.4733333333332,612.4733333333332,-0.0,0.0,10800.0,0.0
2025-09-29,0,30,5:00-5:10,602.3857499999999,0.046488095238095245,0.4325,0.4202834821428572,26.22828571428579,120.79782083333319,628.5675476190476,628.5675476190476,628.5675476190476,-0.0,0.0,10800.0,0.0
2025-09-29,0,31,5:10-5:20,621.12735,0.0,0.458,0.4509736607142857,22.311197619047675,147.4490017857142,643.4385476190477,643.4385476190477,643.4385476190477,0.0,0.0,10800.0,0.0
2025-09-29,0,32,5:20-5:30,632.7266666666667,0.0,0.4656,0.46780580357142865,31.437083333333362,223.67391726190522,664.16375,664.16375,664.16375,0.0,0.0,10800.0,0.0
2025-09-29,0,33,5:30-5:40,605.9622499999999,0.6474857142857142,0.43,0.4328513392857144,24.95306190476191,418.26769702380966,630.2678261904762,630.2678261904762,630.2678261904762,-0.0,0.0,10800.0,0.0
2025-09-29,0,34,5:40-5:50,659.2664666666667,0.0,0.616,0.6206897321428573,26.829340476190453,496.4939154761905,686.0958071428572,686.0958071428572,686.0958071428572,-0.0,0.0,10800.0,0.0
2025-09-29,0,35,5:50-6:00,779.4649999999999,0.0,0.9322,0.9429977678571427,41.587619047619114,514.2028410714287,0.0,0.0,0.0,0.0,821.052619047619,9887.719312169313,0.0
2025-09-29,0,36,6:00-6:10,823.6731499999999,19.853459523809526,0.991,1.0043642857142854,40.108469047618996,559.4210922619052,10.594826190476056,10.594826190476056,10.594826190476056,0.0,833.3333333333333,8961.793386243387,0.0
2025-09-29,0,37,6:10-6:20,808.1713833333333,56.91349523809524,0.9327,0.9437044642857142,42.09227380952382,608.1050952380957,0.0,0.0,0.0,0.0,793.3501619047619,8080.293206349207,0.0
2025-09-29,0,38,6:20-6:30,783.7466666666666,104.22321428571428,0.901,0.9092151785714284,41.05398809523808,644.5585553571433,0.0,0.0,0.0,0.0,720.5774404761903,7279.651605820107,0.0
2025-09-29,0,39,6:30-6:40,784.26275,153.9911833333333,0.8985,0.9088508928571428,47.27542142857135,629.2590464285718,0.0,0.0,0.0,0.0,677.546988095238,6526.8216190476205,0.0
2025-09-29,0,40,6:40-6:50,803.9353166666666,203.26660476190472,0.8973,0.9074799107142855,49.86968809523796,738.2622744047621,0.0,0.0,0.0,0.0,650.5383999999999,5804.001174603176,0.0
2025-09-29,0,41,6:50-7:00,814.675,254.75267857142856,0.8721,0.8810370535714285,52.93553571428572,793.8140601190476,478.42664164285645,478.42664164285645,478.42664164285645,0.0,134.4312155000007,5654.633157380953,0.0
2025-09-29,0,42,7:00-7:10,797.1061166666666,312.15310714285715,0.8203,0.8343924107142858,52.02557380952362,775.0926750000006,536.9785833333331,536.9785833333331,536.9785833333331,0.0,0.0,5654.633157380953,0.0
2025-09-29,0,43,7:10-7:20,811.6467166666666,366.09270476190477,0.7932,0.8057227678571429,59.905659523809504,768.1417416666671,505.45967142857137,505.45967142857137,505.45967142857137,0.0,0.0,5654.633157380953,0.0
2025-09-29,0,44,7:20-7:30,826.2483333333332,417.67946428571423,0.7595,0.7628151785714287,62.56488095238109,792.1000577380958,471.13375000000013,471.13375000000013,471.13375000000013,0.0,0.0,5654.633157380953,0.0
2025-09-29,0,45,7:30-7:40,776.4682166666666,476.90469761904757,0.6868,0.6857236607142857,60.743007142856925,783.3067095238102,1193.6398595238093,1193.6398595238093,1193.6398595238093,833.3333333333333,0.0,6404.633157380953,0.0
2025-09-29,0,46,7:40-7:50,901.3682333333333,534.6679761904761,0.894,0.8894977678571424,53.31222142857132,757.2959428571434,0.0,0.0,0.0,0.0,420.01247857142846,5937.952625634921,0.0
2025-09-29,0,47,7:50-8:00,1127.4983333333332,590.1580357142856,1.2266,1.2189486607142859,55.59529761904764,730.0022136904765,0.0,0.0,0.0,0.0,592.9355952380953,5279.135297592593,0.0
2025-09-29,0,48,8:00-8:10,1127.3165999999999,651.0300761904762,1.181,1.1746303571428574,40.18017380952389,708.3546839285718,0.0,0.0,0.0,0.0,516.4666976190476,4705.283411349206,0.0
2025-09-29,0,49,8:10-8:20,1103.9789999999998,706.5996452380953,1.0899,1.0832263392857142,65.67844285714284,673.0807464285715,0.0,0.0,0.0,0.0,463.0577976190473,4190.774747328042,0.0
2025-09-29,0,50,8:20-8:30,1137.455,756.2321428571428,1.1106,1.102253125,66.49863095238084,703.7228761904763,0.0,0.0,0.0,0.0,447.721488095238,3693.3064272222227,0.0
2025-09-29,0,51,8:30-8:40,1100.0513666666666,809.8903428571427,1.0726,1.0671392857142858,80.91542380952387,681.743741071429,0.0,0.0,0.0,0.0,371.0764476190477,3280.9992632010585,0.0
2025-09-29,0,52,8:40-8:50,1069.5281833333333,861.2406238095236,1.0526,1.0487276785714286,76.81365714285721,624.885061904762,0.0,0.0,0.0,0.0,285.1012166666669,2964.2201335714285,0.0
2025-09-29,0,53,8:50-9:00,1076.2666666666667,909.5901785714284,1.0705,1.065870982142857,110.09089285714305,607.3140583333335,0.0,0.0,0.0,0.0,276.76738095238125,2656.700821402116,0.0
2025-09-29,0,54,9:00-9:10,1070.2588333333333,961.0094071428572,1.0514,1.047785267857143,91.39029761904749,595.5599059523813,0.0,0.0,0.0,0.0,200.63972380952362,2433.76779494709,0.0
2025-09-29,0,55,9:10-9:20,1083.3197499999999,1009.4444166666665,1.0259,1.0188165178571431,86.3660023809523,543.521954166667,0.0,0.0,0.0,0.0,160.2413357142857,2255.721866375661,0.0
2025-09-29,0,56,9:20-9:30,1100.0466666666666,1053.2607142857144,0.9999,0.9915535714285715,100.4824404761905,564.9646488095239,0.0,0.0,0.0,0.0,147.26839285714277,2092.0903187566137,0.0
2025-09-29,0,57,9:30-9:40,1069.5376666666666,1096.3273023809525,0.9478,0.9490058035714286,103.69031428571436,573.2325511904755,0.0,0.0,0.0,0.0,76.90067857142844,2006.6451203439156,0.0
2025-09-29,0,58,9:40-9:50,1069.2579,1134.3939976190477,0.9295,0.9080120535714287,99.02414523809519,594.4111755952376,0.0,0.0,0.0,0.0,33.888047619047484,1968.9917341005294,0.0
2025-09-29,0,59,9:50-10:00,1100.415,1163.4464285714284,0.9504,0.8854901785714289,97.75178571428546,609.2288744047614,0.0,0.0,0.0,0.0,34.72035714285698,1930.413559497355,0.0
2025-09-29,0,60,10:00-10:10,1085.4909499999999,1185.3815999999997,0.9469,0.8762866071428572,88.16244523809505,644.0981625000006,0.0,0.0,0.0,11.728204761904863,0.0,1940.9689437830693,0.0
2025-09-29,0,61,10:10-10:20,1066.1569666666664,1215.4822476190475,0.8869,0.8245276785714284,87.70036904761916,666.8720494047624,0.0,0.0,0.0,61.6249119047618,0.0,1996.431364497355,0.0
2025-09-29,0,62,10:20-10:30,1062.0883333333331,1252.6705357142855,0.8361,0.7720683035714287,85.28898809523784,667.5906333333337,0.0,0.0,0.0,105.29321428571461,0.0,2091.195257354498,0.0
2025-09-29,0,63,10:30-10:40,1052.5244333333333,1279.4277547619047,0.8689,0.7978482142857146,102.40292142857169,699.3400285714276,0.0,0.0,0.0,124.50039999999967,0.0,2203.245617354498,0.0
2025-09-29,0,64,10:40-10:50,1064.4135333333334,1291.8212666666666,0.7554,0.702860267857143,109.7551761904765,685.7997666666658,0.0,0.0,0.0,117.65255714285672,0.0,2309.132918783069,0.0
2025-09-29,0,65,10:50-11:00,1079.9633333333331,1303.7464285714284,0.5334,0.5124973214285713,94.32755952380938,669.0738660714293,0.0,0.0,0.0,129.45553571428582,0.0,2425.642900925926,0.0
2025-09-29,0,66,11:00-11:10,1052.1441333333332,1333.4744976190475,0.4838,0.46310178571428556,70.97718809523826,664.0127351190473,479.52061643151023,479.52061643151023,479.52061643151023,689.8737926219862,0.0,3046.5293142857136,0.0
2025-09-29,0,67,11:10-11:20,1042.8584999999998,1360.5325976190475,0.4848,0.4571437499999999,97.1908833333332,639.4439339285716,612.8501190476188,612.8501190476188,612.8501190476188,833.3333333333333,0.0,3796.5293142857136,0.0
2025-09-29,0,68,11:20-11:30,1070.935,1368.5517857142859,0.4676,0.4416075892857144,101.29113095238085,636.8213107142858,637.0076785714282,637.0076785714282,637.0076785714282,833.3333333333333,0.0,4546.529314285714,0.0
2025-09-29,0,69,11:30-11:40,1084.795,1360.19675,0.4869,0.46243124999999985,95.2195857142857,731.1463857142862,653.1511690476189,653.1511690476189,653.1511690476189,833.3333333333333,0.0,5296.529314285714,0.0
2025-09-29,0,70,11:40-11:50,1038.5750166666667,1357.4699666666666,0.4668,0.44213125,111.53916666666663,811.1012273809533,625.9775500000001,625.9775500000001,625.9775500000001,833.3333333333333,0.0,6046.529314285714,0.0
2025-09-29,0,71,11:50-12:00,970.4966666666666,1364.0348214285716,0.4029,0.3784584821428572,95.44845238095252,839.1245833333339,535.2436309523807,535.2436309523807,535.2436309523807,833.3333333333333,0.0,6796.529314285714,0.0
2025-09-29,0,72,12:00-12:10,969.9340666666667,1363.6597452380952,0.381,0.35940580357142865,102.08970476190495,834.8545238095244,541.6973595238098,541.6973595238098,541.6973595238098,833.3333333333333,0.0,7546.529314285714,0.0
2025-09-29,0,73,12:10-12:20,1003.9021833333333,1352.8345190476189,0.4188,0.3985879464285715,95.21683809523824,858.7187083333345,579.617835714286,579.617835714286,579.617835714286,833.3333333333333,0.0,8296.529314285714,0.0
2025-09-29,0,74,12:20-12:30,1020.1700000000001,1336.4901785714287,0.4493,0.4291129464285714,99.05250000000001,899.2222202380965,616.0656547619046,616.0656547619046,616.0656547619046,833.3333333333333,0.0,9046.529314285714,0.0
2025-09-29,0,75,12:30-12:40,996.5348666666666,1322.9641952380953,0.4158,0.39785312499999986,113.78910952380966,884.5416101190491,620.6931142857143,620.6931142857143,620.6931142857143,833.3333333333333,0.0,9796.529314285714,0.0
2025-09-29,0,76,12:40-12:50,980.6129833333332,1314.0800666666667,0.5585,0.5399339285714283,78.80468095238092,860.6539244047638,0.0,0.0,0.0,254.66240238095247,0.0,10025.72547642857,0.0
2025-09-29,0,77,12:50-13:00,1007.2950000000001,1307.5232142857144,0.8211,0.7986714285714287,83.7097023809522,846.8981267857142,0.0,0.0,0.0,216.51851190476214,0.0,10220.592137142856,0.0
2025-09-29,0,78,13:00-13:10,1065.3578,1296.8124523809524,0.8882,0.8636116071428569,76.2450023809526,853.1014005952376,0.0,0.0,0.0,155.20964999999978,0.0,10360.280822142855,0.0
2025-09-29,0,79,13:10-13:20,1082.6539166666666,1269.7208547619048,0.8871,0.8606142857142854,71.92822619047593,751.9533226190483,0.0,0.0,0.0,115.1387119047622,0.0,10463.905662857142,0.0
2025-09-29,0,80,13:20-13:30,1048.2983333333332,1237.6892857142857,0.9011,0.8771566964285711,65.61577380952366,698.7046863095238,0.0,0.0,0.0,123.7751785714288,0.0,10575.303323571428,0.0
2025-09-29,0,81,13:30-13:40,1020.1402833333333,1223.718469047619,0.88,0.8647763392857144,86.77993809523798,679.5806827380959,0.0,0.0,0.0,116.79824761904774,0.0,10680.421746428572,0.0
2025-09-29,0,82,13:40-13:50,1024.6644166666665,1198.3763238095237,0.8743,0.8389379464285712,82.85777380952379,681.3704339285721,0.0,0.0,0.0,90.8541333333335,0.0,10762.190466428572,0.0
2025-09-29,0,83,13:50-14:00,1042.1916666666666,1156.080357142857,0.8959,0.824285714285714,89.86053571428545,606.3755107142861,0.0,0.0,0.0,24.028154761904943,0.0,10783.815805714286,0.0
2025-09-29,0,84,14:00-14:10,1032.4492166666666,1119.601538095238,0.9,0.8267924107142859,69.1698833333334,635.0153636904762,0.0,0.0,0.0,17.982438095237967,0.0,10800.0,0.0
2025-09-29,0,85,14:10-14:20,1021.6292166666667,1076.9398404761903,0.8783,0.8140366071428573,74.18846904761904,619.7945690476196,0.0,0.0,0.0,0.0,18.87784523809546,10779.024616402115,0.0
2025-09-29,0,86,14:20-14:30,1027.8666666666666,1024.024107142857,0.9087,0.8420723214285714,77.70190476190464,617.123258333334,0.0,0.0,0.0,0.0,81.54446428571418,10688.419656084656,0.0
2025-09-29,0,87,14:30-14:40,1040.6988,971.623411904762,1.0371,0.9634084821428571,84.35801666666657,604.2994017857146,0.0,0.0,0.0,0.0,153.4334047619045,10517.938095238096,0.0
2025-09-29,0,88,14:40-14:50,1037.2903999999999,921.850761904762,0.8975,0.8437339285714284,69.72756190476196,557.4379029761908,0.0,0.0,0.0,0.0,185.16719999999975,10312.196761904763,0.0
2025-09-29,0,89,14:50-15:00,1030.1483333333333,876.8821428571428,0.6077,0.5912227678571428,79.80940476190474,453.2256220238098,775.0791931216922,775.0791931216922,775.0791931216922,542.003597883597,0.0,10800.0,0.0
2025-09-29,0,90,15:00-15:10,1052.6880833333332,837.7021642857142,0.6665,0.661133035714286,51.981314285714234,330.7790892857147,266.9672333333333,266.9672333333333,266.9672333333333,0.0,0.0,10800.0,0.0
2025-09-29,0,91,15:10-15:20,1070.7002,791.5185666666667,0.7634,0.7531151785714282,57.20933809523814,258.5974946428573,336.39097142857133,336.39097142857133,336.39097142857133,0.0,-0.0,10800.0,0.0
2025-09-29,0,92,15:20-15:30,1064.02,736.7464285714286,0.7666,0.7510066964285714,81.55678571428564,220.09765892857155,408.8303571428569,408.8303571428569,408.8303571428569,0.0,0.0,10800.0,0.0
2025-09-29,0,93,15:30-15:40,1045.1912333333332,683.8488952380953,0.8503,0.8347375000000002,51.51393333333317,207.21689226190443,412.85627142857106,412.85627142857106,412.85627142857106,0.0,-0.0,10800.0,0.0
2025-09-29,0,94,15:40-15:50,1031.5545833333333,632.7550380952381,0.8751,0.8644026785714288,51.32146428571423,178.80694226190428,450.12100952380945,450.12100952380945,450.12100952380945,0.0,-0.0,10800.0,0.0
2025-09-29,0,95,15:50-16:00,1028.6633333333332,580.2767857142857,0.8357,0.8283808035714285,65.1836309523809,174.90189107142834,513.5701785714283,513.5701785714283,513.5701785714283,0.0,0.0,10800.0,0.0
2025-09-29,0,96,16:00-16:10,1036.6661666666666,524.3646928571428,0.8852,0.8741566964285715,65.06448095238113,202.93917202380948,577.3659547619051,577.3659547619051,577.3659547619051,0.0,-0.0,10800.0,0.0
2025-09-29,0,97,16:10-16:20,1081.4665166666666,468.68949999999995,0.9454,0.9368892857142856,69.08969047619041,177.35886250000027,681.8667071428572,681.8667071428572,681.8667071428572,0.0,-0.0,10800.0,0.0
2025-09-29,0,98,16:20-16:30,1122.8666666666666,415.54196428571424,0.9612,0.9587607142857142,65.35190476190468,141.54178809523842,772.676607142857,772.676607142857,772.676607142857,0.0,-0.0,10800.0,0.0
2025-09-29,0,99,16:30-16:40,1086.9715833333332,363.64128809523805,0.9614,0.9526138392857145,49.966326190476195,162.81957678571422,773.2966214285714,773.2966214285714,773.2966214285714,0.0,0.0,10800.0,0.0
2025-09-29,0,100,16:40-16:50,1052.5232666666666,308.93732380952383,0.9757,0.9622647321428571,42.2538571428571,131.06744940476185,785.8398,785.8398,785.8398,0.0,-0.0,10800.0,0.0
2025-09-29,0,101,16:50-17:00,1062.4033333333332,252.6910714285714,1.0205,1.0119285714285715,55.90863095238092,115.20235357142846,865.6208928571427,865.6208928571427,865.6208928571427,0.0,0.0,10800.0,0.0
2025-09-29,0,102,17:00-17:10,1083.4336833333332,200.2743714285714,1.0906,1.0892558035714286,53.64441428571428,99.76238869047596,936.803726190476,936.803726190476,936.803726190476,0.0,0.0,10800.0,0.0
2025-09-29,0,103,17:10-17:20,1080.0940333333333,149.7393738095238,1.147,1.1447183035714288,40.56485476190471,86.95722738095249,970.9195142857143,970.9195142857143,970.9195142857143,0.0,0.0,10800.0,0.0
2025-09-29,0,104,17:20-17:30,1076.7716666666665,100.13660714285712,1.1576,1.148271875,39.421428571428464,101.80104404761879,1016.0564880952378,1016.0564880952378,1016.0564880952378,0.0,0.0,10800.0,0.0
2025-09-29,0,105,17:30-17:40,1103.4772166666667,54.34803333333333,1.1352,1.1247535714285717,36.09725238095257,59.111561904761956,1085.2264357142858,1085.2264357142858,1085.2264357142858,0.0,0.0,10800.0,0.0
2025-09-29,0,106,17:40-17:50,986.40785,18.94475238095238,1.205,1.1984142857142859,36.85668333333342,45.65192559523831,1004.319780952381,1004.319780952381,1004.319780952381,0.0,-0.0,10800.0,0.0
2025-09-29,0,107,17:50-18:00,781.7199999999999,0.0,1.3214,1.3168714285714291,31.328333333333205,72.30900714285741,0.0,0.0,0.0,0.0,813.0483333333332,9896.612962962963,0.0
2025-09-29,0,108,18:00-18:10,742.58935,0.0,1.3135,1.30403125,18.97882380952376,77.12924107142862,0.0,0.0,0.0,0.0,761.5681738095237,9050.426103174603,0.0
2025-09-29,0,109,18:10-18:20,786.4819666666667,0.6177404761904762,1.2974,1.2860620535714289,29.47711190476184,52.06738928571434,0.0,0.0,0.0,0.0,815.3413380952381,8144.491283068783,0.0
2025-09-29,0,110,18:20-18:30,800.4200000000001,0.0,1.3109,1.3013656249999994,51.5183333333332,53.264414880952614,18.605000000000018,18.605000000000018,18.605000000000018,0.0,833.3333333333333,7218.565357142857,0.0
2025-09-29,0,111,18:30-18:40,758.6149333333333,0.0,1.2819,1.2654276785714287,21.587473809523885,63.470916071428604,780.2024071428572,780.2024071428572,780.2024071428572,0.0,0.0,7218.565357142857,0.0
2025-09-29,0,112,18:40-18:50,752.8186333333333,0.04435,1.3035,1.2614535714285717,22.795019047618894,66.3193827380953,775.5693023809522,775.5693023809522,775.5693023809522,0.0,0.0,7218.565357142857,0.0
2025-09-29,0,113,18:50-19:00,791.9316666666666,0.0,1.376,1.306995089285714,18.808333333333394,59.107922023809635,0.0,0.0,0.0,0.0,810.74,6317.7431349206345,0.0
2025-09-29,0,114,19:00-19:10,794.6767499999999,0.0,1.3934,1.3258044642857143,26.556733333333227,61.03552321428589,0.0,0.0,0.0,0.0,821.2334833333331,5405.261486772487,0.0
2025-09-29,0,115,19:10-19:20,766.3983,0.0031833333333333336,1.3689,1.3065459821428573,27.413014285714212,68.52612202380945,0.0,0.0,0.0,0.0,793.8081309523808,4523.2524523809525,0.0
2025-09-29,0,116,19:20-19:30,755.2199999999999,0.0,1.339,1.2719535714285712,37.569999999999936,43.71475833333335,343.587830357142,343.587830357142,343.587830357142,0.0,449.2021696428578,4024.138930555555,0.0
2025-09-29,0,117,19:30-19:40,802.0458166666667,0.0,1.3228,1.2509674107142856,30.820128571428768,46.91708333333327,832.8659452380955,832.8659452380955,832.8659452380955,0.0,0.0,4024.138930555555,0.0
2025-09-29,0,118,19:40-19:50,841.9829500000001,0.00018809523809523807,1.3043,1.2331308035714286,13.58312380952384,51.30727499999992,855.5658857142859,855.5658857142859,855.5658857142859,0.0,0.0,4024.138930555555,0.0
2025-09-29,0,119,19:50-20:00,844.2399999999999,0.0,1.3131,1.2461004464285712,28.12333333333345,38.58879999999982,872.3633333333333,872.3633333333333,872.3633333333333,0.0,0.0,4024.138930555555,0.0
2025-09-29,0,120,20:00-20:10,832.3388833333333,0.0,1.3812,1.31550625,23.82991666666669,53.36825535714274,22.835466666666775,22.835466666666775,22.835466666666775,0.0,833.3333333333333,3098.2130046296293,0.0
2025-09-29,0,121,20:10-20:20,805.2043666666666,0.0,1.3451,1.2783540178571424,26.782516666666652,55.808920833333474,0.0,0.0,0.0,0.0,831.9868833333333,2173.783134259259,0.0
2025-09-29,0,122,20:20-20:30,782.8433333333334,0.0,1.2739,1.2033928571428572,17.79166666666663,69.96876249999994,800.635,800.635,800.635,0.0,0.0,2173.783134259259,0.0
2025-09-29,0,123,20:30-20:40,792.5991999999999,0.0,1.3672,1.2931227678571429,23.335833333333312,40.298029761905184,0.0,0.0,0.0,0.0,815.9350333333332,1267.1886527777779,0.0
2025-09-29,0,124,20:40-20:50,783.8133333333333,0.0,1.2456,1.193040625,19.999766666666574,48.56840833333342,803.8130999999998,803.8130999999998,803.8130999999998,0.0,0.0,1267.1886527777779,0.0
2025-09-29,0,125,20:50-21:00,782.685,0.0,0.9628,0.9438504464285711,26.578333333333376,60.469787500000024,858.1231378600821,858.1231378600821,858.1231378600821,48.859804526748825,0.0,1311.1624768518518,0.0
2025-09-29,0,126,21:00-21:10,856.1385499999999,0.0,0.9753,0.9606062499999999,28.68419999999992,100.04622916666654,884.8227499999998,884.8227499999998,884.8227499999998,0.0,0.0,1311.1624768518518,0.0
2025-09-29,0,127,21:10-21:20,856.88005,0.0,1.0396,1.0173508928571426,42.64738333333344,88.65790416666653,871.8738208333334,871.8738208333334,871.8738208333334,0.0,27.65361250000001,1280.4362407407407,0.0
2025-09-29,0,128,21:20-21:30,800.0749999999999,0.0,1.0235,0.9984232142857143,26.73166666666657,70.45833333333336,826.8066666666665,826.8066666666665,826.8066666666665,0.0,0.0,1280.4362407407407,0.0
2025-09-29,0,129,21:30-21:40,834.3891666666666,0.0,1.0077,0.984229910714286,29.54936666666663,72.39261666666668,863.0117208333332,863.0117208333332,863.0117208333332,0.0,0.9268124999999372,1279.406449074074,0.0
2025-09-29,0,130,21:40-21:50,784.7706499999999,0.0,0.774,0.7537857142857141,38.45079999999996,71.46580416666677,842.8288008230452,842.8288008230452,842.8288008230452,19.607350823045333,0.0,1297.053064814815,0.0
2025-09-29,0,131,21:50-22:00,633.6866666666666,0.0,0.4479,0.42956205357142874,29.394999999999982,87.34775833333339,663.0816666666666,663.0816666666666,663.0816666666666,0.0,0.0,1297.053064814815,0.0
2025-09-29,0,132,22:00-22:10,558.4983,0.0,0.4196,0.39961473214285714,16.540616666666665,50.12348749999998,1408.37225,1408.37225,1408.37225,833.3333333333333,0.0,2047.053064814815,0.0
2025-09-29,0,133,22:10-22:20,552.9888166666666,0.0,0.464,0.4400084821428572,25.63261666666665,36.22788333333321,578.6214333333332,578.6214333333332,578.6214333333332,0.0,0.0,2047.053064814815,0.0
2025-09-29,0,134,22:20-22:30,566.5683333333333,0.0,0.4413,0.4134995535714286,33.95833333333337,44.75607499999995,826.0232613168723,826.0232613168723,826.0232613168723,225.49659465020568,0.0,2250.0,0.0
2025-09-29,0,135,22:30-22:40,571.9286166666666,0.0,0.4399,0.4113705357142857,26.84140000000002,49.63728750000004,1432.1033499999999,1432.1033499999999,1432.1033499999999,833.3333333333333,0.0,3000.0,0.0
2025-09-29,0,136,22:40-22:50,613.9806833333333,0.0,0.4833,0.458920982142857,28.557000000000016,30.749741666666736,642.5376833333333,642.5376833333333,642.5376833333333,0.0,0.0,3000.0,0.0
2025-09-29,0,137,22:50-23:00,659.2683333333333,0.0,0.5002,0.48167544642857124,34.38499999999999,61.34920833333322,693.6533333333333,693.6533333333333,693.6533333333333,0.0,0.0,3000.0,0.0
2025-09-29,0,138,23:00-23:10,626.7773333333333,0.0,0.4096,0.3924321428571428,25.23085000000009,93.96785833333337,1485.3415166666666,1485.3415166666666,1485.3415166666666,833.3333333333333,0.0,3750.0,0.0
2025-09-29,0,139,23:10-23:20,623.93035,0.0,0.3852,0.3655678571428571,25.05863333333332,82.89498750000021,1482.3223166666667,1482.3223166666667,1482.3223166666667,833.3333333333333,0.0,4500.0,0.0
2025-09-29,0,140,23:20-23:30,650.8,0.0,0.4461,0.42420982142857133,32.738333333333344,50.301158333333404,683.5383333333333,683.5383333333333,683.5383333333333,0.0,0.0,4500.0,0.0
2025-09-29,0,141,23:30-23:40,601.4075499999999,0.0,0.4414,0.42070758928571445,19.235716666666576,44.054875000000024,620.6432666666665,620.6432666666665,620.6432666666665,0.0,0.0,4500.0,0.0
2025-09-29,0,142,23:40-23:50,563.1345833333332,0.0,0.4164,0.39468660714285714,26.942216666666695,44.17424583333337,1423.4101333333333,1423.4101333333333,1423.4101333333333,833.3333333333333,0.0,5250.0,0.0
2025-09-29,0,143,23:50-24:00,570.8566666666666,0.0,0.4085,0.3855607142857143,22.97166666666658,34.55166666666676,1427.1616666666664,1427.1616666666664,1427.1616666666664,833.3333333333333,0.0,6000.0,0.0
2025-09-30,0,0,0:00-0:10,570.1843333333334,0.0,0.4059,0.3889821428571428,24.172483333333275,56.84824583333348,1427.69015,1427.69015,1427.69015,833.3333333333333,0.0,7592.681770410052,0.0
2025-09-30,0,1,0:10-0:20,560.3181833333333,0.0,0.4324,0.41403125000000013,16.52918333333332,66.32204583333373,576.8473666666666,576.8473666666666,576.8473666666666,0.0,0.0,7592.681770410052,0.0
2025-09-30,0,2,0:20-0:30,564.7666666666667,0.0,0.4539,0.4296062500000001,19.021666666666647,63.13155833333326,583.7883333333333,583.7883333333333,583.7883333333333,0.0,0.0,7592.681770410052,0.0
2025-09-30,0,3,0:30-0:40,598.5089166666667,0.0,0.4117,0.3921629464285714,21.91526666666664,59.8322541666669,620.4241833333333,620.4241833333333,620.4241833333333,0.0,0.0,7592.681770410052,0.0
2025-09-30,0,4,0:40-0:50,606.5106499999999,0.0,0.4114,0.3925584821428572,26.891299999999887,75.73519583333365,633.4019499999998,633.4019499999998,633.4019499999998,0.0,0.0,7592.681770410052,0.0
2025-09-30,0,5,0:50-1:00,589.77,0.0,0.4549,0.4308968749999999,21.9849999999999,70.34854583333345,611.7549999999999,611.7549999999999,611.7549999999999,0.0,0.0,7592.681770410052,0.0
2025-09-30,0,6,1:00-1:10,597.35335,0.0,0.4413,0.41970892857142855,27.336400000000026,69.14674166666668,624.68975,624.68975,624.68975,0.0,0.0,7592.681770410052,0.0
2025-09-30,0,7,1:10-1:20,579.9716666666666,0.0,0.4365,0.41693348214285725,25.461566666666613,34.739949999999965,605.4332333333332,605.4332333333332,605.4332333333332,0.0,0.0,7592.681770410052,0.0
2025-09-30,0,8,1:20-1:30,552.68,0.0,0.4529,0.4312383928571429,16.271666666666704,67.33089166666659,568.9516666666666,568.9516666666666,568.9516666666666,0.0,0.0,7592.681770410052,0.0
2025-09-30,0,9,1:30-1:40,584.0533499999999,0.0,0.4318,0.4089848214285716,21.297149999999988,82.96554999999992,605.3504999999999,605.3504999999999,605.3504999999999,0.0,0.0,7592.681770410052,0.0
2025-09-30,0,10,1:40-1:50,601.8616166666666,0.0,0.418,0.39596116071428566,18.15883333333329,63.61648749999986,620.0204499999999,620.0204499999999,620.0204499999999,0.0,0.0,7592.681770410052,0.0
2025-09-30,0,11,1:50-2:00,590.6066666666666,0.0,0.4413,0.42107366071428576,15.934999999999945,52.24859999999998,606.5416666666665,606.5416666666665,606.5416666666665,0.0,0.0,7592.681770410052,0.0
2025-09-30,0,12,2:00-2:10,604.56305,0.0,0.4794,0.4604763392857144,25.5542333333334,41.535337499999855,630.1172833333334,630.1172833333334,630.1172833333334,0.0,0.0,7592.681770410052,0.0
2025-09-30,0,13,2:10-2:20,607.79955,0.0,0.4675,0.44820178571428576,28.07563333333337,34.013045833333166,635.8751833333333,635.8751833333333,635.8751833333333,0.0,0.0,7592.681770410052,0.0
2025-09-30,0,14,2:20-2:30,594.9866666666667,0.0,0.4225,0.40305401785714295,12.270000000000095,47.79351666666656,607.2566666666668,607.2566666666668,607.2566666666668,0.0,0.0,7592.681770410052,0.0
2025-09-30,0,15,2:30-2:40,598.5124,0.0,0.4268,0.41074598214285724,17.55453333333344,45.53292499999992,616.0669333333334,616.0669333333334,616.0669333333334,0.0,0.0,7592.681770410052,0.0
2025-09-30,0,16,2:40-2:50,587.2797666666667,0.0,0.4588,0.4468928571428571,22.700733333333346,59.08053988095239,609.9805,609.9805,609.9805,0.0,0.0,7592.681770410052,0.0
2025-09-30,0,17,2:50-3:00,567.005,0.0,0.4777,0.46673303571428587,25.313333333333276,54.38458869047639,592.3183333333333,592.3183333333333,592.3183333333333,0.0,0.0,7592.681770410052,0.0
2025-09-30,0,18,3:00-3:10,578.4799333333333,0.0,0.4584,0.44303303571428565,34.67196666666655,56.65348333333348,613.1518999999998,613.1518999999998,613.1518999999998,0.0,0.0,7592.681770410052,0.0
2025-09-30,0,19,3:10-3:20,591.0519666666667,0.0,0.4106,0.3895691964285716,23.870307142857087,78.470105357143,845.2758622427991,845.2758622427991,845.2758622427991,230.35358843327532,0.0,7800.0,0.0
2025-09-30,0,20,3:20-3:30,586.8499999999999,0.0,0.3812,0.3586816964285715,14.675000000000068,53.575413095238105,1434.8583333333331,1434.8583333333331,1434.8583333333331,833.3333333333333,0.0,8550.0,0.0
2025-09-30,0,21,3:30-3:40,582.1735833333332,0.0,0.4192,0.4016794642857141,17.248833333333323,65.3260482142858,599.4224166666665,599.4224166666665,599.4224166666665,0.0,0.0,8550.0,0.0
2025-09-30,0,22,3:40-3:50,602.7533333333333,0.0,0.4681,0.4530294642857143,9.99868333333336,56.86638214285716,612.7520166666667,612.7520166666667,612.7520166666667,0.0,0.0,8550.0,0.0
2025-09-30,0,23,3:50-4:00,623.1283333333333,0.0,0.4666,0.4496075892857143,22.063333333333276,25.18916666666675,645.1916666666666,645.1916666666666,645.1916666666666,0.0,0.0,8550.0,0.0
2025-09-30,0,24,4:00-4:10,595.5229999999999,0.0001761904761904762,0.4048,0.3883549107142858,19.524783333333346,33.86902321428576,1448.3809404761903,1448.3809404761903,1448.3809404761903,833.3333333333333,0.0,9300.0,0.0
2025-09-30,0,25,4:10-4:20,591.4709333333333,0.0,0.3873,0.3750687499999999,27.090509523809487,34.42059821428586,1451.894776190476,1451.894776190476,1451.894776190476,833.3333333333333,0.0,10050.0,0.0
2025-09-30,0,26,4:20-4:30,616.0716666666666,0.0,0.4222,0.41252008928571426,20.018333333333317,70.80420833333338,636.0899999999999,636.0899999999999,636.0899999999999,0.0,0.0,10050.0,0.0
2025-09-30,0,27,4:30-4:40,604.9007666666666,0.002802380952380953,0.4225,0.4080339285714287,29.347885714285667,80.78839345238109,634.2458499999999,634.2458499999999,634.2458499999999,0.0,0.0,10050.0,0.0
2025-09-30,0,28,4:40-4:50,600.4158166666666,0.0,0.4173,0.40266830357142863,28.242933333333326,97.95443809523793,628.6587499999999,628.6587499999999,628.6587499999999,0.0,0.0,10050.0,0.0
2025-09-30,0,29,4:50-5:00,618.1233333333332,0.0,0.4256,0.4155120535714286,16.444999999999936,94.84566904761897,634.5683333333332,634.5683333333332,634.5683333333332,0.0,0.0,10050.0,0.0
2025-09-30,0,30,5:00-5:10,625.22745,0.039035714285714285,0.433,0.4214745535714285,26.22828571428579,120.76005892857123,651.4167000000001,651.4167000000001,651.4167000000001,0.0,0.0,10050.0,0.0
2025-09-30,0,31,5:10-5:20,614.9081333333334,0.0,0.4518,0.4436790178571427,22.311197619047675,147.41123988095222,637.219330952381,637.219330952381,637.219330952381,0.0,0.0,10050.0,0.0
2025-09-30,0,32,5:20-5:30,592.9466666666666,0.0,0.4325,0.4326468749999998,31.437083333333362,223.63615535714325,624.38375,624.38375,624.38375,0.0,0.0,10050.0,0.0
2025-09-30,0,33,5:30-5:40,584.8440666666667,0.5436928571428572,0.3613,0.36317098214285715,24.95306190476191,418.2299351190477,1442.5867690476189,1442.5867690476189,1442.5867690476189,833.3333333333333,0.0,10800.0,0.0
2025-09-30,0,34,5:40-5:50,666.9134333333333,0.0,0.6152,0.6202540178571427,26.829340476190453,495.5797928571427,693.7427738095237,693.7427738095237,693.7427738095237,-0.0,0.0,10800.0,0.0
2025-09-30,0,35,5:50-6:00,790.6233333333332,0.0,1.0325,1.0440245535714285,41.587619047619114,513.2887184523809,0.0,0.0,0.0,0.0,832.2109523809523,9875.321164021165,0.0
2025-09-30,0,36,6:00-6:10,818.5692999999999,17.272376190476187,1.0391,1.0529035714285713,40.14623095238096,558.5069696428575,8.109821428571422,8.109821428571422,8.109821428571422,0.0,833.3333333333333,8949.39523809524,0.0
2025-09-30,0,37,6:10-6:20,805.3289166666666,52.428683333333325,0.9449,0.9568062499999999,42.09227380952382,607.2287345238099,0.0,0.0,0.0,0.0,794.9925071428571,8066.070230158732,0.0
2025-09-30,0,38,6:20-6:30,798.6999999999999,99.08303571428573,0.9432,0.9533580357142857,41.05398809523808,643.6821946428574,0.0,0.0,0.0,0.0,740.6709523809523,7243.102505291007,0.0
2025-09-30,0,39,6:30-6:40,792.8847499999999,147.41138809523812,0.9146,0.927063392857143,47.27542142857135,628.3826857142859,0.0,0.0,0.0,0.0,692.7487833333332,6473.381634920637,0.0
2025-09-30,0,40,6:40-6:50,792.5254333333334,196.36853095238092,0.8673,0.8794459821428567,49.86968809523796,738.4711089285715,0.0,0.0,0.0,0.0,646.0265904761904,5755.574312169314,0.0
2025-09-30,0,41,6:50-7:00,798.175,249.00892857142856,0.8271,0.8373834821428572,52.93553571428572,794.022894642857,602.1016071428571,602.1016071428571,602.1016071428571,0.0,0.0,5755.574312169314,0.0
2025-09-30,0,42,7:00-7:10,802.7136666666667,307.16720714285714,0.8061,0.8200049107142856,52.02557380952362,775.30150952381,547.5720333333331,547.5720333333331,547.5720333333331,0.0,0.0,5755.574312169314,0.0
2025-09-30,0,43,7:10-7:20,797.7029833333332,361.0239642857143,0.8269,0.8398441964285712,59.905659523809504,767.4742154761907,496.5846785714284,496.5846785714284,496.5846785714284,0.0,0.0,5755.574312169314,0.0
2025-09-30,0,44,7:20-7:30,776.7516666666667,411.44107142857143,0.8096,0.8154919642857144,62.56488095238109,791.4325315476193,427.87547619047626,427.87547619047626,427.87547619047626,0.0,0.0,5755.574312169314,0.0
2025-09-30,0,45,7:30-7:40,767.8136999999999,468.79769999999996,0.6878,0.6891861607142857,60.743007142856925,782.6391833333337,704.5948136096388,704.5948136096388,704.5948136096388,344.83580646678195,0.0,6065.926537989418,0.0
2025-09-30,0,46,7:40-7:50,914.9736166666667,527.4063166666665,0.8469,0.8440031249999994,53.31222142857132,756.6284166666669,440.8795214285715,440.8795214285715,440.8795214285715,0.0,0.0,6065.926537989418,0.0
2025-09-30,0,47,7:50-8:00,1116.8433333333332,584.7848214285714,1.1849,1.1784468750000003,55.59529761904764,729.3346875000001,0.0,0.0,0.0,0.0,587.6538095238095,5412.977860740741,0.0
2025-09-30,0,48,8:00-8:10,1110.83115,643.1546214285713,1.1921,1.1868785714285714,40.18017380952389,707.6871577380953,0.0,0.0,0.0,0.0,507.8567023809526,4848.692635873015,0.0
2025-09-30,0,49,8:10-8:20,1078.2838,694.6834952380951,1.1184,1.1147102678571428,65.67844285714284,672.4132202380952,0.0,0.0,0.0,0.0,449.27874761904775,4349.494027407407,0.0
2025-09-30,0,50,8:20-8:30,1105.995,743.0357142857142,1.1227,1.1192066964285712,66.49863095238084,698.164508928571,0.0,0.0,0.0,0.0,429.4579166666665,3872.3185644444443,0.0
2025-09-30,0,51,8:30-8:40,1100.0135833333334,799.8009285714286,1.0962,1.0937910714285712,80.91542380952387,680.4478440476191,0.0,0.0,0.0,0.0,381.12807857142866,3448.842921587301,0.0
2025-09-30,0,52,8:40-8:50,1077.07055,852.631588095238,1.0174,1.0149223214285712,76.81365714285721,622.0863005952378,0.0,0.0,0.0,0.0,301.2526190476191,3114.117789312169,0.0
2025-09-30,0,53,8:50-9:00,1071.2616666666665,899.5383928571429,0.9516,0.9483031249999995,110.09089285714305,599.6244559523807,0.0,0.0,0.0,0.0,281.81416666666667,2800.990937460317,0.0
2025-09-30,0,54,9:00-9:10,1091.9557166666666,950.6583023809524,0.9817,0.978940625,91.39029761904749,581.9971666666668,0.0,0.0,0.0,0.0,232.68771190476173,2542.449035343915,0.0
2025-09-30,0,55,9:10-9:20,1101.9716166666667,998.9588595238093,1.0171,1.0113290178571428,86.3660023809523,518.2129410714285,0.0,0.0,0.0,0.0,189.37875952380966,2332.028191428571,0.0
2025-09-30,0,56,9:20-9:30,1097.4033333333332,1040.1008928571428,1.0072,1.0012982142857143,100.4824404761905,551.0724517857141,0.0,0.0,0.0,0.0,157.78488095238095,2156.7116570370367,0.0
2025-09-30,0,57,9:30-9:40,1104.6482166666665,1077.4414952380953,0.9839,0.9872558035714288,104.85879523809551,548.7420357142851,0.0,0.0,0.0,0.0,132.06551666666678,2009.9721940740737,0.0
2025-09-30,0,58,9:40-9:50,1094.5292666666664,1116.051,0.9725,0.9519013392857145,99.02414523809519,582.016917261904,0.0,0.0,0.0,0.0,77.50241190476163,1923.858403068783,0.0
2025-09-30,0,59,9:50-10:00,1075.9933333333333,1152.1642857142856,0.9784,0.913961607142857,97.75178571428546,596.8346160714278,0.0,0.0,0.0,0.0,21.580833333333203,1899.8796993650794,0.0
2025-09-30,0,60,10:00-10:10,1087.8485333333333,1178.3623333333335,0.9839,0.9155223214285717,88.16244523809505,609.0224398809527,0.0,0.0,0.0,2.3513547619052133,0.0,1901.995918650794,0.0
2025-09-30,0,61,10:10-10:20,1081.4083166666665,1208.5743261904763,0.9513,0.8920758928571427,85.69655000000034,631.7963267857145,0.0,0.0,0.0,41.46945952380952,0.0,1939.3184322222226,0.0
2025-09-30,0,62,10:20-10:30,1056.0183333333332,1244.50625,0.9073,0.8459200892857142,85.28898809523784,630.511091666667,0.0,0.0,0.0,103.19892857142895,0.0,2032.1974679365087,0.0
2025-09-30,0,63,10:30-10:40,1062.8238666666666,1271.9789333333333,0.8981,0.8300071428571425,102.40292142857169,667.3225404761897,0.0,0.0,0.0,106.75214523809495,0.0,2128.274398650794,0.0
2025-09-30,0,64,10:40-10:50,1078.9491166666667,1284.6765738095237,0.7781,0.728670982142857,109.7551761904765,653.7822785714279,0.0,0.0,0.0,95.97228095238052,0.0,2214.6494515079366,0.0
2025-09-30,0,65,10:50-11:00,1078.4266666666667,1295.7196428571428,0.5639,0.5454151785714284,94.32755952380938,631.9943244047626,0.0,0.0,0.0,122.96541666666667,0.0,2325.3183265079365,0.0
2025-09-30,0,66,11:00-11:10,1059.5224333333333,1325.6919214285713,0.4409,0.421719642857143,79.50212857142878,631.3588541666666,646.6659738095241,646.6659738095241,646.6659738095241,833.3333333333333,0.0,3075.3183265079365,0.0
2025-09-30,0,67,11:10-11:20,1051.7829166666666,1356.4041666666667,0.4252,0.39941517857142855,97.1908833333332,614.2640351190479,625.9029666666663,625.9029666666663,625.9029666666663,833.3333333333333,0.0,3825.3183265079365,0.0
2025-09-30,0,68,11:20-11:30,1071.92,1370.682142857143,0.4696,0.4461540178571428,101.29113095238085,611.6414119047622,635.8623214285712,635.8623214285712,635.8623214285712,833.3333333333333,0.0,4575.318326507937,0.0
2025-09-30,0,69,11:30-11:40,1100.6726166666667,1367.3688023809523,0.5048,0.4815348214285714,95.2195857142857,700.9044333333338,120.95018483244974,120.95018483244974,120.95018483244974,292.4267848324497,0.0,4838.502432857142,0.0
2025-09-30,0,70,11:40-11:50,1061.9253666666666,1365.026338095238,0.4546,0.4301008928571428,111.53916666666663,780.8592750000009,641.7715285714285,641.7715285714285,641.7715285714285,833.3333333333333,0.0,5588.502432857142,0.0
2025-09-30,0,71,11:50-12:00,982.2816666666665,1369.8053571428575,0.3613,0.3380763392857143,95.44845238095252,808.8826309523814,541.2580952380949,541.2580952380949,541.2580952380949,833.3333333333333,0.0,6338.502432857142,0.0
2025-09-30,0,72,12:00-12:10,969.2598833333333,1370.7381166666667,0.3481,0.33007901785714283,125.58225238095235,804.6125714285719,557.4373523809522,557.4373523809522,557.4373523809522,833.3333333333333,0.0,7088.502432857142,0.0
2025-09-30,0,73,12:10-12:20,988.3075333333333,1357.9077761904762,0.3859,0.3691986607142857,95.21683809523824,851.9693035714295,558.9499285714287,558.9499285714287,558.9499285714287,833.3333333333333,0.0,7838.502432857142,0.0
2025-09-30,0,74,12:20-12:30,993.0716666666667,1336.3598214285714,0.387,0.3689808035714286,99.05250000000001,892.4728154761915,589.0976785714286,589.0976785714286,589.0976785714286,833.3333333333333,0.0,8588.502432857142,0.0
2025-09-30,0,75,12:30-12:40,980.4257666666667,1321.0185095238096,0.3271,0.3132566964285714,113.78910952380966,877.7922053571442,606.5297,606.5297,606.5297,833.3333333333333,0.0,9338.502432857142,0.0
2025-09-30,0,76,12:40-12:50,1015.2651999999999,1308.5561214285715,0.4936,0.48026964285714274,78.80468095238092,853.9045196428588,618.8470928571426,618.8470928571426,618.8470928571426,833.3333333333333,0.0,10088.502432857142,0.0
2025-09-30,0,77,12:50-13:00,1068.0883333333331,1297.1660714285715,0.8213,0.8024214285714288,90.45910714285719,840.1487220238092,0.0,0.0,0.0,138.61863095238118,0.0,10213.259200714285,0.0
2025-09-30,0,78,13:00-13:10,1042.2472166666666,1287.0287119047618,0.9285,0.9053330357142858,76.2450023809526,853.1014005952376,0.0,0.0,0.0,168.53649285714255,0.0,10364.942044285714,0.0
2025-09-30,0,79,13:10-13:20,1013.4041833333333,1262.4751476190477,0.8854,0.8604321428571426,71.92822619047593,751.9533226190483,0.0,0.0,0.0,177.14273809523843,0.0,10524.370508571428,0.0
2025-09-30,0,80,13:20-13:30,1019.2716666666666,1230.586607142857,0.8377,0.8165781250000003,65.61577380952366,698.7046863095238,0.0,0.0,0.0,145.69916666666677,0.0,10655.499758571428,0.0
2025-09-30,0,81,13:30-13:40,1026.9902333333332,1214.0343619047617,0.8574,0.844103125,86.77993809523798,679.5806827380959,0.0,0.0,0.0,100.26419047619038,0.0,10745.73753,0.0
2025-09-30,0,82,13:40-13:50,1048.6416333333332,1191.7910404761906,0.8948,0.8600058035714285,82.85777380952379,681.3704339285721,0.0,0.0,0.0,60.29163333333372,0.0,10800.0,0.0
2025-09-30,0,83,13:50-14:00,1068.2549999999999,1155.8464285714285,0.9188,0.8477642857142852,89.86053571428545,606.3755107142861,2.269107142856683,2.269107142856683,2.269107142856683,0.0,-0.0,10800.0,0.0
2025-09-30,0,84,14:00-14:10,1049.77675,1118.0035523809524,0.9422,0.8710781249999997,69.1698833333334,635.0153636904762,0.943080952381024,0.943080952381024,0.943080952381024,0.0,-0.0,10800.0,0.0
2025-09-30,0,85,14:10-14:20,1035.4709833333332,1072.8212666666666,0.9638,0.9028580357142859,74.18846904761904,619.7945690476196,36.8381857142856,36.8381857142856,36.8381857142856,0.0,-0.0,10800.0,0.0
2025-09-30,0,86,14:20-14:30,1039.4333333333334,1020.45625,1.0143,0.9507258928571426,77.70190476190464,617.123258333334,0.0,0.0,0.0,0.0,96.67898809523808,10692.578902116402,0.0
2025-09-30,0,87,14:30-14:40,1036.1879,969.5470095238097,1.099,1.0269120535714287,84.35801666666657,604.2994017857146,0.0,0.0,0.0,0.0,150.99890714285675,10524.802338624339,0.0
2025-09-30,0,88,14:40-14:50,1034.3812666666665,921.9831833333334,0.9913,0.9390232142857141,69.72756190476196,557.4379029761908,0.0,0.0,0.0,0.0,182.12564523809522,10322.44051058201,0.0
2025-09-30,0,89,14:50-15:00,1043.78,878.4169642857142,0.7708,0.7566799107142858,79.80940476190474,453.2256220238098,245.17244047619045,245.17244047619045,245.17244047619045,0.0,0.0,10322.44051058201,0.0
2025-09-30,0,90,15:00-15:10,1062.8975166666667,837.5790785714285,0.7575,0.7537723214285713,51.981314285714234,330.7790892857147,277.29975238095244,277.29975238095244,277.29975238095244,0.0,0.0,10322.44051058201,0.0
2025-09-30,0,91,15:10-15:20,1076.8336166666666,788.9096547619048,0.7846,0.7756812499999998,57.20933809523814,258.5974946428573,345.13329999999985,345.13329999999985,345.13329999999985,0.0,0.0,10322.44051058201,0.0
2025-09-30,0,92,15:20-15:30,1063.7416666666666,734.1151785714285,0.7548,0.7405674107142856,81.55678571428564,220.09765892857155,411.1832738095238,411.1832738095238,411.1832738095238,0.0,0.0,10322.44051058201,0.0
2025-09-30,0,93,15:30-15:40,1020.0329333333334,685.0266738095238,0.7536,0.7376607142857143,51.51393333333317,207.21689226190443,917.1418477660209,917.1418477660209,917.1418477660209,530.6216549088781,0.0,10800.0,0.0
2025-09-30,0,94,15:40-15:50,1025.60495,635.8224119047619,0.8148,0.804209821428571,51.32146428571423,178.80694226190428,441.10400238095224,441.10400238095224,441.10400238095224,0.0,0.0,10800.0,0.0
2025-09-30,0,95,15:50-16:00,1084.195,581.3321428571428,0.8978,0.8927308035714286,65.1836309523809,174.90189107142834,568.0464880952379,568.0464880952379,568.0464880952379,0.0,0.0,10800.0,0.0
2025-09-30,0,96,16:00-16:10,1117.4951999999998,522.9670119047619,0.9325,0.9227209821428574,65.06448095238113,202.93917202380948,659.592669047619,659.592669047619,659.592669047619,0.0,-0.0,10800.0,0.0
2025-09-30,0,97,16:10-16:20,1108.5640166666667,467.28712857142864,0.9637,0.9547857142857143,69.08969047619041,177.35886250000027,710.3665785714284,710.3665785714284,710.3665785714284,0.0,-0.0,10800.0,0.0
2025-09-30,0,98,16:20-16:30,1085.4916666666666,415.79374999999993,0.9927,0.990282142857143,65.35190476190468,141.54178809523842,735.0498214285714,735.0498214285714,735.0498214285714,0.0,-0.0,10800.0,0.0
2025-09-30,0,99,16:30-16:40,1086.1258833333331,363.9241238095238,0.9735,0.967288839285714,49.966326190476195,162.81957678571422,772.1680857142856,772.1680857142856,772.1680857142856,0.0,0.0,10800.0,0.0
2025-09-30,0,100,16:40-16:50,1075.4214333333332,308.2513857142857,0.9613,0.9506415178571428,42.2538571428571,131.06744940476185,809.4239047619045,809.4239047619045,809.4239047619045,0.0,0.0,10800.0,0.0
2025-09-30,0,101,16:50-17:00,1058.2849999999999,251.09910714285712,1.0104,1.0021285714285715,55.90863095238092,115.20235357142846,863.0945238095237,863.0945238095237,863.0945238095237,0.0,0.0,10800.0,0.0
2025-09-30,0,102,17:00-17:10,1073.5455166666666,198.18648095238098,1.1132,1.1108808035714286,53.64441428571428,99.76238869047596,929.0034499999998,929.0034499999998,929.0034499999998,0.0,0.0,10800.0,0.0
2025-09-30,0,103,17:10-17:20,1066.3225166666666,147.34598095238096,1.1301,1.1265254464285719,40.56485476190471,86.95722738095249,959.5413904761905,959.5413904761905,959.5413904761905,0.0,-0.0,10800.0,0.0
2025-09-30,0,104,17:20-17:30,1061.415,97.1142857142857,1.0787,1.0687004464285714,39.421428571428464,101.80104404761879,1003.7221428571427,1003.7221428571427,1003.7221428571427,0.0,0.0,10800.0,0.0
2025-09-30,0,105,17:30-17:40,1111.2723333333333,50.38536666666667,1.1143,1.1050749999999998,36.09725238095257,59.111561904761956,1096.9842190476193,1096.9842190476193,1096.9842190476193,0.0,0.0,10800.0,0.0
2025-09-30,0,106,17:40-17:50,981.0726333333333,16.29880952380952,1.1899,1.1843678571428573,36.85668333333342,45.65192559523831,1001.6305071428573,1001.6305071428573,1001.6305071428573,0.0,0.0,10800.0,0.0
2025-09-30,0,107,17:50-18:00,752.645,0.0,1.26,1.2549482142857147,31.328333333333205,72.30900714285741,447.3559613095227,447.3559613095227,447.3559613095227,0.0,336.61737202381045,10425.980697751322,0.0
2025-09-30,0,108,18:00-18:10,764.3298499999999,0.0,1.3273,1.3181526785714281,18.97882380952376,77.12924107142862,0.0,0.0,0.0,0.0,783.3086738095236,9555.637726851852,0.0
2025-09-30,0,109,18:10-18:20,830.9645,0.5071833333333333,1.3739,1.3632995535714285,29.47711190476184,51.52212083333336,26.60109523809524,26.60109523809524,26.60109523809524,0.0,833.3333333333333,8629.711800925927,0.0
2025-09-30,0,110,18:20-18:30,834.4166666666666,0.0,1.3863,1.3769727678571428,51.5183333333332,58.47070238095242,52.601666666666574,52.601666666666574,52.601666666666574,0.0,833.3333333333333,7703.7858750000005,0.0
2025-09-30,0,111,18:30-18:40,836.15965,0.0,1.3617,1.3462758928571428,21.587473809523885,54.150597023809354,24.413790476190684,24.413790476190684,24.413790476190684,0.0,833.3333333333333,6777.859949074074,0.0
2025-09-30,0,112,18:40-18:50,810.4176333333332,0.036414285714285705,1.2989,1.2575410714285715,22.795019047618894,59.08168809523818,0.0,0.0,0.0,0.0,833.1762380952379,5852.108573412699,0.0
2025-09-30,0,113,18:50-19:00,777.4266666666667,0.0,1.242,1.1717647321428573,18.808333333333394,55.74143273809531,796.2350000000001,796.2350000000001,796.2350000000001,0.0,0.0,5852.108573412699,0.0
2025-09-30,0,114,19:00-19:10,799.0988833333333,0.0,1.2579,1.1883562499999998,26.556733333333227,51.71520416666664,825.6556166666666,825.6556166666666,825.6556166666666,0.0,0.0,5852.108573412699,0.0
2025-09-30,0,115,19:10-19:20,825.5996666666666,0.002611904761904762,1.3209,1.2581906249999995,31.901666666666642,59.2058029761902,24.165388095238086,24.165388095238086,24.165388095238086,0.0,833.3333333333333,4926.182647486773,0.0
2025-09-30,0,116,19:20-19:30,817.8166666666666,0.0,1.3658,1.2995785714285717,42.401666666666756,38.88309166666653,26.885000000000105,26.885000000000105,26.885000000000105,0.0,833.3333333333333,4000.256721560847,0.0
2025-09-30,0,117,19:30-19:40,786.83635,0.0,1.3425,1.2687495535714286,30.820128571428768,46.91708333333327,0.0,0.0,0.0,0.0,817.6564785714288,3091.749523148148,0.0
2025-09-30,0,118,19:40-19:50,784.2191666666665,0.00013333333333333334,1.3213,1.2480218749999996,13.58312380952384,51.30727499999992,797.802157142857,797.802157142857,797.802157142857,0.0,0.0,3091.749523148148,0.0
2025-09-30,0,119,19:50-20:00,811.9116666666666,0.0,1.3115,1.2448325892857142,28.12333333333345,37.2042166666665,840.0350000000001,840.0350000000001,840.0350000000001,0.0,0.0,3091.749523148148,0.0
2025-09-30,0,120,20:00-20:10,827.1781166666666,0.0,1.2687,1.2024276785714285,23.82991666666669,47.829922023809445,851.0080333333333,851.0080333333333,851.0080333333333,0.0,0.0,3091.749523148148,0.0
2025-09-30,0,121,20:10-20:20,843.5677000000001,0.0,1.2951,1.2286558035714283,26.782516666666652,48.32443750000024,870.3502166666667,870.3502166666667,870.3502166666667,0.0,0.0,3091.749523148148,0.0
2025-09-30,0,122,20:20-20:30,839.7083333333333,0.0,1.3829,1.3150125000000001,23.329999999999927,62.48427916666671,29.704999999999927,29.704999999999927,29.704999999999927,0.0,833.3333333333333,2165.823597222222,0.0
2025-09-30,0,123,20:30-20:40,784.8952833333333,0.0,1.3866,1.3129370535714286,23.876166666666563,37.1522916666668,0.0,0.0,0.0,0.0,808.7714499999998,1267.1886527777779,0.0
2025-09-30,0,124,20:40-20:50,801.6618,0.0,1.2125,1.1583227678571428,22.0542999999999,46.5138750000001,823.7160999999999,823.7160999999999,823.7160999999999,0.0,0.0,1267.1886527777779,0.0
2025-09-30,0,125,20:50-21:00,869.2166666666667,0.0,0.9884,0.9681968750000002,26.578333333333376,60.469787500000024,944.6548045267489,944.6548045267489,944.6548045267489,48.859804526748825,0.0,1311.1624768518518,0.0
2025-09-30,0,126,21:00-21:10,842.5243833333334,0.0,0.9549,0.9392883928571428,28.68419999999992,100.04622916666654,871.2085833333333,871.2085833333333,871.2085833333333,0.0,0.0,1311.1624768518518,0.0
2025-09-30,0,127,21:10-21:20,804.5951833333334,0.0,0.9828,0.9599598214285717,42.64738333333344,88.65790416666653,847.2425666666668,847.2425666666668,847.2425666666668,0.0,0.0,1311.1624768518518,0.0
2025-09-30,0,128,21:20-21:30,813.3816666666667,0.0,1.0059,0.9807142857142859,26.73166666666657,70.45833333333336,840.1133333333332,840.1133333333332,840.1133333333332,0.0,0.0,1311.1624768518518,0.0
2025-09-30,0,129,21:30-21:40,829.8691333333333,0.0,1.0449,1.0215763392857142,29.54936666666663,72.39261666666668,844.3315958333332,844.3315958333332,844.3315958333332,0.0,15.086904166666681,1294.39925,0.0
2025-09-30,0,130,21:40-21:50,768.1864999999999,0.0,0.8538,0.8332928571428572,38.45079999999996,73.51580416666673,806.6372999999999,806.6372999999999,806.6372999999999,0.0,0.0,1294.39925,0.0
2025-09-30,0,131,21:50-22:00,639.2433333333333,0.0,0.5154,0.49643705357142853,29.394999999999982,84.95932499999995,668.6383333333333,668.6383333333333,668.6383333333333,0.0,0.0,1294.39925,0.0
2025-09-30,0,132,22:00-22:10,553.4415666666666,0.0,0.3997,0.3800986607142857,16.540616666666665,51.66098749999995,1403.3155166666666,1403.3155166666666,1403.3155166666666,833.3333333333333,0.0,2044.39925,0.0
2025-09-30,0,133,22:10-22:20,582.6785666666666,0.0,0.4421,0.41875312499999995,25.63261666666665,27.496816666666604,608.3111833333332,608.3111833333332,608.3111833333332,0.0,0.0,2044.39925,0.0
2025-09-30,0,134,22:20-22:30,647.2066666666666,0.0,0.4839,0.45623169642857125,31.908333333333417,44.775983333333244,679.115,679.115,679.115,0.0,0.0,2044.39925,0.0
2025-09-30,0,135,22:30-22:40,596.69985,0.0,0.4396,0.4117473214285715,34.961766666666676,41.56375833333338,860.1068944444445,860.1068944444445,860.1068944444445,228.44527777777785,0.0,2250.0,0.0
2025-09-30,0,136,22:40-22:50,555.3522833333333,0.0,0.4292,0.4048120535714285,28.557000000000016,28.450229166666702,1417.2426166666664,1417.2426166666664,1417.2426166666664,833.3333333333333,0.0,3000.0,0.0
2025-09-30,0,137,22:50-23:00,569.3499999999999,0.0,0.4608,0.44092008928571413,34.38499999999999,59.89263333333335,603.7349999999999,603.7349999999999,603.7349999999999,0.0,0.0,3000.0,0.0
2025-09-30,0,138,23:00-23:10,564.6558666666666,0.0,0.4279,0.41047678571428564,25.04350000000011,89.17279166666663,1423.0327,1423.0327,1423.0327,833.3333333333333,0.0,3750.0,0.0
2025-09-30,0,139,23:10-23:20,576.5015666666666,0.0,0.4124,0.3938374999999999,25.05863333333332,77.91257083333349,1434.8935333333332,1434.8935333333332,1434.8935333333332,833.3333333333333,0.0,4500.0,0.0
2025-09-30,0,140,23:20-23:30,610.3249999999999,0.0,0.4355,0.41521874999999986,32.738333333333344,45.31874166666668,643.0633333333333,643.0633333333333,643.0633333333333,0.0,0.0,4500.0,0.0
2025-09-30,0,141,23:30-23:40,617.0672999999999,0.0,0.4312,0.41287723214285715,19.235716666666576,49.442300000000046,636.3030166666665,636.3030166666665,636.3030166666665,0.0,0.0,4500.0,0.0
2025-09-30,0,142,23:40-23:50,568.2980833333334,0.0,0.4204,0.4007973214285715,31.924633333333418,50.42282916666662,1433.5560500000001,1433.5560500000001,1433.5560500000001,833.3333333333333,0.0,5250.0,0.0
2025-09-30,0,143,23:50-24:00,524.6016666666667,0.0,0.4259,0.40348928571428566,22.97166666666658,41.95708333333346,1380.9066666666665,1380.9066666666665,1380.9066666666665,833.3333333333333,0.0,6000.0,0.0
